checkpoint,baseline_role,count,direction,mean_delta,median_delta,metric,p05_delta,p95_delta,source_id
25k,original,88,higher,-1.0337853756817905,-1.0997003316879272,sigmos_overall,-1.850979506969452,-0.1866987347602846,all
25k,original,11,higher,-0.9603969834067605,-0.9791572093963623,sigmos_overall,-1.4251806735992432,-0.44676876068115234,common_voice_available_uk
25k,original,11,higher,-1.4066671458157627,-1.4672799110412598,sigmos_overall,-1.898918628692627,-0.6874372959136963,fleurs_uk
25k,original,11,higher,-0.9623043753884055,-1.1278798580169678,sigmos_overall,-1.4453880786895752,-0.2832890748977661,opentts_lada
25k,original,11,higher,-1.2466404871507124,-1.2999846935272217,sigmos_overall,-1.907975673675537,-0.6414388418197632,opentts_mykyta
25k,original,11,higher,-1.5801066051829944,-1.634963035583496,sigmos_overall,-1.9750159978866577,-0.9987534284591675,opentts_tetiana
25k,original,11,higher,-0.600108103318648,-0.7079086303710938,sigmos_overall,-1.1713507175445557,0.3497281074523926,tg_voices_uk
25k,original,11,higher,-0.7326272834431041,-0.7997121810913086,sigmos_overall,-1.0950686931610107,-0.18948590755462646,ua_ser
25k,original,11,higher,-0.7814320217479359,-0.940079927444458,sigmos_overall,-1.323045253753662,-0.1175757646560669,ukr_dialects
25k,original,8,,-1.0337853756817905,,sigmos_overall,,,source_macro
25k,original,88,higher,-1.0259889282963492,-1.1274985074996948,sigmos_speech,-1.9311815738677978,-0.08332930803299064,all
25k,original,11,higher,-0.8654535033486106,-1.0019936561584473,sigmos_speech,-1.33773672580719,-0.21161794662475586,common_voice_available_uk
25k,original,11,higher,-1.4429576180197976,-1.6119914054870605,sigmos_speech,-1.9364277124404907,-0.6900994777679443,fleurs_uk
25k,original,11,higher,-0.9349829283627596,-0.8361306190490723,sigmos_speech,-1.4843999147415161,-0.248465895652771,opentts_lada
25k,original,11,higher,-1.3005152182145552,-1.2830266952514648,sigmos_speech,-1.8770678043365479,-0.8131649494171143,opentts_mykyta
25k,original,11,higher,-1.6281593496149236,-1.508430004119873,sigmos_speech,-2.1337867975234985,-1.1132969856262207,opentts_tetiana
25k,original,11,higher,-0.722296498038552,-0.8821995258331299,sigmos_speech,-1.4690221548080444,0.546198844909668,tg_voices_uk
25k,original,11,higher,-0.6629252433776855,-0.5791163444519043,sigmos_speech,-1.3529973030090332,0.0030804872512817383,ua_ser
25k,original,11,higher,-0.6506210673939098,-0.48897600173950195,sigmos_speech,-1.664183497428894,0.4506784677505493,ukr_dialects
25k,original,8,,-1.0259889282963492,,sigmos_speech,,,source_macro
25k,original,88,higher,-0.06867936795408075,-0.13899052143096924,sigmos_noise,-1.0416274189949035,1.199904429912566,all
25k,original,11,higher,-0.22219787944446912,0.0028018951416015625,sigmos_noise,-1.2172068357467651,0.2223888635635376,common_voice_available_uk
25k,original,11,higher,0.0435920845378529,-0.07583832740783691,sigmos_noise,-0.5271264314651489,0.9197165966033936,fleurs_uk
25k,original,11,higher,-0.42195901003750885,-0.5151910781860352,sigmos_noise,-1.1632037162780762,0.40454936027526855,opentts_lada
25k,original,11,higher,-0.15854998068376022,-0.008202552795410156,sigmos_noise,-0.7880527973175049,0.3479466438293457,opentts_mykyta
25k,original,11,higher,-0.6791791915893555,-0.7018642425537109,sigmos_noise,-1.088166356086731,-0.26352107524871826,opentts_tetiana
25k,original,11,higher,0.06840716708790172,0.08863353729248047,sigmos_noise,-1.019810438156128,1.0890511274337769,tg_voices_uk
25k,original,11,higher,0.37132802876559173,0.2123548984527588,sigmos_noise,-0.6095343828201294,1.4736356735229492,ua_ser
25k,original,11,higher,0.4491238377311013,0.7272515296936035,sigmos_noise,-0.7002100944519043,1.727487564086914,ukr_dialects
25k,original,8,,-0.06867936795408074,,sigmos_noise,,,source_macro
25k,original,88,higher,-0.9041169502518394,-0.9190965890884399,sigmos_coloration,-1.7968108296394347,0.22350155115127557,all
25k,original,11,higher,-0.814985145222057,-0.9446897506713867,sigmos_coloration,-1.6205085515975952,0.22227013111114502,common_voice_available_uk
25k,original,11,higher,-1.2618623646822842,-1.4262721538543701,sigmos_coloration,-1.9654655456542969,-0.31779587268829346,fleurs_uk
25k,original,11,higher,-0.7572127689014782,-0.9776690006256104,sigmos_coloration,-1.3866106271743774,0.2026740312576294,opentts_lada
25k,original,11,higher,-1.0740132548592307,-1.0208113193511963,sigmos_coloration,-1.6827363967895508,-0.4981945753097534,opentts_mykyta
25k,original,11,higher,-1.445208657871593,-1.630077838897705,sigmos_coloration,-1.9140418767929077,-0.6833760738372803,opentts_tetiana
25k,original,11,higher,-0.7375947995619341,-0.8907029628753662,sigmos_coloration,-1.4042613506317139,0.2112412452697754,tg_voices_uk
25k,original,11,higher,-0.6571512005545876,-0.5208172798156738,sigmos_coloration,-1.3313961029052734,-0.13610625267028809,ua_ser
25k,original,11,higher,-0.48490741036155005,-0.4643704891204834,sigmos_coloration,-1.5397387742996216,0.49265456199645996,ukr_dialects
25k,original,8,,-0.9041169502518394,,sigmos_coloration,,,source_macro
25k,original,88,higher,-0.5074369717728008,-0.4788309335708618,sigmos_discontinuity,-1.4748527765274049,0.40453540086746215,all
25k,original,11,higher,-0.6359363685954701,-0.4869060516357422,sigmos_discontinuity,-1.5620604753494263,0.24099993705749512,common_voice_available_uk
25k,original,11,higher,-0.9522516293959185,-1.118443250656128,sigmos_discontinuity,-1.6517390012741089,-0.08549845218658447,fleurs_uk
25k,original,11,higher,-0.3398187377236106,-0.29114413261413574,sigmos_discontinuity,-1.2069754600524902,0.35857081413269043,opentts_lada
25k,original,11,higher,-0.4142163883556019,-0.49277162551879883,sigmos_discontinuity,-1.1201409101486206,0.2825336456298828,opentts_mykyta
25k,original,11,higher,-0.6758667989210649,-0.7462918758392334,sigmos_discontinuity,-1.0732815265655518,-0.10300326347351074,opentts_tetiana
25k,original,11,higher,-0.43614552237770776,-0.23967194557189941,sigmos_discontinuity,-1.3949042558670044,0.47425031661987305,tg_voices_uk
25k,original,11,higher,0.11654962192882191,0.25269007682800293,sigmos_discontinuity,-0.6710753440856934,0.6814298629760742,ua_ser
25k,original,11,higher,-0.7218099507418546,-0.6500308513641357,sigmos_discontinuity,-1.864365577697754,0.07457005977630615,ukr_dialects
25k,original,8,,-0.5074369717728008,,sigmos_discontinuity,,,source_macro
25k,original,88,higher,-1.979053329337727,-2.2685604095458984,audiobox_pq,-3.7084710597991943,0.012529683113096948,all
25k,original,11,higher,-1.4850246472792192,-1.5615134239196777,audiobox_pq,-2.635540246963501,-0.3134734630584717,common_voice_available_uk
25k,original,11,higher,-1.699855696071278,-1.2412981986999512,audiobox_pq,-2.9843705892562866,-0.39516758918762207,fleurs_uk
25k,original,11,higher,-1.3703461993824353,-1.238327980041504,audiobox_pq,-2.4155020713806152,-0.4732987880706787,opentts_lada
25k,original,11,higher,-3.365273367274891,-3.420438766479492,audiobox_pq,-4.271006464958191,-2.429137945175171,opentts_mykyta
25k,original,11,higher,-2.869254328987815,-2.8618650436401367,audiobox_pq,-3.684769868850708,-2.127589464187622,opentts_tetiana
25k,original,11,higher,-2.0217701305042612,-2.5618438720703125,audiobox_pq,-2.945222496986389,-0.5564916133880615,tg_voices_uk
25k,original,11,higher,-1.7765851454301314,-2.305384874343872,audiobox_pq,-3.2571356296539307,0.28396081924438477,ua_ser
25k,original,11,higher,-1.244317119771784,-0.9959955215454102,audiobox_pq,-3.488781213760376,1.292934536933899,ukr_dialects
25k,original,8,,-1.9790533293377268,,audiobox_pq,,,source_macro
25k,original,88,lower,0.18093134528558452,0.1583866207575012,cer,-0.04062499999999997,0.46393557422969156,all
25k,original,11,lower,0.14016158514205915,0.11764705882352942,cer,-0.008603441376550627,0.2870588235294118,common_voice_available_uk
25k,original,11,lower,0.09998891365523867,0.08108108108108107,cer,0.029135041113219483,0.1979959533673764,fleurs_uk
25k,original,11,lower,0.4161221871848308,0.39285714285714285,cer,0.2153846153846154,0.6666666666666666,opentts_lada
25k,original,11,lower,0.18736188154934072,0.1276595744680851,cer,0.0,0.48713235294117646,opentts_mykyta
25k,original,11,lower,0.2212829333520477,0.2,cer,0.08632971506105834,0.3721804511278195,opentts_tetiana
25k,original,11,lower,0.204235441221664,0.19444444444444445,cer,0.07703081232492998,0.34815106215578284,tg_voices_uk
25k,original,11,lower,0.13486296398975828,0.10714285714285714,cer,-0.03846153846153846,0.3548644338118022,ua_ser
25k,original,11,lower,0.04343485618973698,0.061797752808988776,cer,-0.28867924528301886,0.3398268398268398,ukr_dialects
25k,original,8,,0.18093134528558455,,cer,,,source_macro
25k,original,88,lower,0.442731468620506,0.3693181818181819,wer,0.0,1.1299999999999983,all
25k,original,11,lower,0.29685491276400366,0.3333333333333333,wer,-0.125,0.6527777777777778,common_voice_available_uk
25k,original,11,lower,0.26592691622103387,0.25,wer,0.1125,0.43529411764705883,fleurs_uk
25k,original,11,lower,1.04366391184573,1.0,wer,0.5151515151515151,1.6666666666666665,opentts_lada
25k,original,11,lower,0.29805194805194807,0.25,wer,0.0,0.875,opentts_mykyta
25k,original,11,lower,0.6235471599107962,0.5,wer,0.20779220779220778,1.4166666666666667,opentts_tetiana
25k,original,11,lower,0.4753377935196117,0.5,wer,0.19642857142857145,0.8333333333333333,tg_voices_uk
25k,original,11,lower,0.3141858141858142,0.28571428571428575,wer,-0.14285714285714285,0.6666666666666667,ua_ser
25k,original,11,lower,0.22428329246511067,0.25,wer,-0.27564102564102566,0.75,ukr_dialects
25k,original,8,,0.44273146862050605,,wer,,,source_macro
25k,original,88,lower,0.4264390186601334,0.37468671679197996,parakeet_cer,0.0238636363636364,1.0,all
25k,original,11,lower,0.4402809549919884,0.38333333333333336,parakeet_cer,0.10862745098039217,0.9199999999999999,common_voice_available_uk
25k,original,11,lower,0.3695104994929105,0.24999999999999997,parakeet_cer,0.12195812110922467,0.8384615384615385,fleurs_uk
25k,original,11,lower,0.4775721927110565,0.3953488372093023,parakeet_cer,0.20416666666666666,0.942156862745098,opentts_lada
25k,original,11,lower,0.7573606719439624,0.8461538461538461,parakeet_cer,0.23011363636363635,1.4834558823529411,opentts_mykyta
25k,original,11,lower,0.4429162973995793,0.4528301886792453,parakeet_cer,0.08247800586510264,0.85,opentts_tetiana
25k,original,11,lower,0.4171830359490182,0.3684210526315789,parakeet_cer,0.1651315789473684,0.7718253968253967,tg_voices_uk
25k,original,11,lower,0.3146579603278168,0.30000000000000004,parakeet_cer,-0.039999999999999925,0.7049441786283891,ua_ser
25k,original,11,lower,0.19203053646473459,0.19999999999999998,parakeet_cer,-0.22767295597484277,0.5465367965367965,ukr_dialects
25k,original,8,,0.4264390186601333,,parakeet_cer,,,source_macro
25k,original,88,lower,0.7323600582424112,0.788888888888889,parakeet_wer,0.038888888888888945,1.3041666666666658,all
25k,original,11,lower,0.7205234159779614,0.7777777777777778,parakeet_wer,0.29166666666666663,1.125,common_voice_available_uk
25k,original,11,lower,0.6875490196078432,0.6666666666666666,parakeet_wer,0.2708333333333333,1.0294117647058822,fleurs_uk
25k,original,11,lower,0.9606060606060606,1.0,parakeet_wer,0.2916666666666667,1.3666666666666667,opentts_lada
25k,original,11,lower,0.8901515151515151,0.875,parakeet_wer,0.5,1.3214285714285716,opentts_mykyta
25k,original,11,lower,0.7368621277712186,0.8181818181818182,parakeet_wer,0.18253968253968253,1.0,opentts_tetiana
25k,original,11,lower,0.8499081726354455,0.8333333333333334,parakeet_wer,0.47727272727272724,1.3555555555555556,tg_voices_uk
25k,original,11,lower,0.6095293595293595,0.7142857142857143,parakeet_wer,-0.05555555555555558,1.0,ua_ser
25k,original,11,lower,0.4037507946598856,0.2619047619047619,parakeet_wer,-0.12179487179487178,1.225,ukr_dialects
25k,original,8,,0.7323600582424111,,parakeet_wer,,,source_macro
25k,original,88,higher,-0.783949358007786,-0.7742774337530136,ecapa_similarity,-0.9516465049237013,-0.6508781284093859,all
25k,original,11,higher,-0.7551606541330164,-0.7596575915813446,ecapa_similarity,-0.8507668823003769,-0.6717943698167801,common_voice_available_uk
25k,original,11,higher,-0.7302153381434354,-0.7393067479133606,ecapa_similarity,-0.7821064218878746,-0.6697945445775986,fleurs_uk
25k,original,11,higher,-0.8159637969325889,-0.8098644316196442,ecapa_similarity,-0.9251171257346869,-0.6790983080863953,opentts_lada
25k,original,11,higher,-0.9090835938060825,-0.8888464644551277,ecapa_similarity,-1.0365825174376369,-0.8358045965433121,opentts_mykyta
25k,original,11,higher,-0.7046560983766209,-0.7101510465145111,ecapa_similarity,-0.7793435826897621,-0.6084542125463486,opentts_tetiana
25k,original,11,higher,-0.7982683257961815,-0.7988014817237854,ecapa_similarity,-0.9822623776271939,-0.5980080217123032,tg_voices_uk
25k,original,11,higher,-0.7735714302821592,-0.7663123905658722,ecapa_similarity,-0.8662175312638283,-0.6743035465478897,ua_ser
25k,original,11,higher,-0.7846756265922026,-0.7676550894975662,ecapa_similarity,-0.8603321686387062,-0.7401212602853775,ukr_dialects
25k,original,8,,-0.7839493580077859,,ecapa_similarity,,,source_macro
25k,original,88,lower,0.0,0.0,clipping_fraction,0.0,0.0,all
25k,original,11,lower,0.0,0.0,clipping_fraction,0.0,0.0,common_voice_available_uk
25k,original,11,lower,0.0,0.0,clipping_fraction,0.0,0.0,fleurs_uk
25k,original,11,lower,0.0,0.0,clipping_fraction,0.0,0.0,opentts_lada
25k,original,11,lower,0.0,0.0,clipping_fraction,0.0,0.0,opentts_mykyta
25k,original,11,lower,0.0,0.0,clipping_fraction,0.0,0.0,opentts_tetiana
25k,original,11,lower,0.0,0.0,clipping_fraction,0.0,0.0,tg_voices_uk
25k,original,11,lower,0.0,0.0,clipping_fraction,0.0,0.0,ua_ser
25k,original,11,lower,0.0,0.0,clipping_fraction,0.0,0.0,ukr_dialects
25k,original,8,,0.0,,clipping_fraction,,,source_macro
25k,original,88,near_one,-0.2595356923392529,-0.289450069485805,duration_ratio,-0.4822970297029702,0.13256797640256981,all
25k,original,11,near_one,-0.29812695632062286,-0.2963440860215054,duration_ratio,-0.38459259259259265,-0.2096661143172771,common_voice_available_uk
25k,original,11,near_one,-0.20980566979897491,-0.21547458389563656,duration_ratio,-0.31649864765183183,-0.10638297872340419,fleurs_uk
25k,original,11,near_one,-0.43246831765977023,-0.4393162393162393,duration_ratio,-0.527927927927928,-0.3251616326644603,opentts_lada
25k,original,11,near_one,-0.3476414046111016,-0.34383838383838383,duration_ratio,-0.47565323565323564,-0.16666666666666669,opentts_mykyta
25k,original,11,near_one,-0.39480235554073634,-0.42461170848267626,duration_ratio,-0.4955532516979582,-0.2724601307189543,opentts_tetiana
25k,original,11,near_one,-0.2239652555775727,-0.2078531796841655,duration_ratio,-0.47759659361959833,-0.035031393582422354,tg_voices_uk
25k,original,11,near_one,0.09385867338538846,0.12980084355185606,duration_ratio,-0.0869224253620991,0.2548538412248399,ua_ser
25k,original,11,near_one,-0.26333425259063326,-0.2119341563786008,duration_ratio,-0.5542004696233247,-0.03154459298311679,ukr_dialects
25k,original,8,,-0.25953569233925294,,duration_ratio,,,source_macro
25k,original,88,lower,0.4431818181818182,0.5,hf_burst_count,-5.599999999999998,5.6499999999999915,all
25k,original,11,lower,2.5454545454545454,2.0,hf_burst_count,0.0,5.5,common_voice_available_uk
25k,original,11,lower,-4.0,-3.0,hf_burst_count,-13.5,10.5,fleurs_uk
25k,original,11,lower,0.09090909090909091,0.0,hf_burst_count,-1.0,1.0,opentts_lada
25k,original,11,lower,-0.18181818181818182,0.0,hf_burst_count,-1.0,0.5,opentts_mykyta
25k,original,11,lower,0.0,0.0,hf_burst_count,-1.0,1.0,opentts_tetiana
25k,original,11,lower,1.4545454545454546,1.0,hf_burst_count,-1.0,4.5,tg_voices_uk
25k,original,11,lower,1.0,1.0,hf_burst_count,-1.0,2.5,ua_ser
25k,original,11,lower,2.6363636363636362,3.0,hf_burst_count,1.0,5.5,ukr_dialects
25k,original,8,,0.4431818181818182,,hf_burst_count,,,source_macro
50k,original,88,higher,-0.6641718257557262,-0.6492030620574951,sigmos_overall,-1.4132168292999268,0.1970091700553888,all
50k,original,11,higher,-0.5519117225300182,-0.46808600425720215,sigmos_overall,-1.041679859161377,-0.15927743911743164,common_voice_available_uk
50k,original,11,higher,-0.9582780707966198,-0.9200842380523682,sigmos_overall,-1.6235084533691406,-0.2618863582611084,fleurs_uk
50k,original,11,higher,-0.9268762198361483,-1.0546691417694092,sigmos_overall,-1.2339115142822266,-0.3733539581298828,opentts_lada
50k,original,11,higher,-0.7993351979689165,-0.7326295375823975,sigmos_overall,-1.7847152948379517,-0.03629505634307861,opentts_mykyta
50k,original,11,higher,-1.16482535275546,-1.0756566524505615,sigmos_overall,-1.6316815614700317,-0.8026993274688721,opentts_tetiana
50k,original,11,higher,-0.5059442520141602,-0.5302784442901611,sigmos_overall,-1.2516621351242065,0.36998021602630615,tg_voices_uk
50k,original,11,higher,-0.1326382593675093,-0.22635412216186523,sigmos_overall,-0.7363458871841431,0.4955151081085205,ua_ser
50k,original,11,higher,-0.27356553077697754,-0.29081273078918457,sigmos_overall,-0.7706937789916992,0.36825084686279297,ukr_dialects
50k,original,8,,-0.6641718257557263,,sigmos_overall,,,source_macro
50k,original,88,higher,-0.663642252033407,-0.667117714881897,sigmos_speech,-1.5479164838790893,0.3370490550994862,all
50k,original,11,higher,-0.48300862312316895,-0.35449862480163574,sigmos_speech,-1.0577375888824463,-0.017705440521240234,common_voice_available_uk
50k,original,11,higher,-1.0195092504674739,-1.0680994987487793,sigmos_speech,-1.730945110321045,-0.23672771453857422,fleurs_uk
50k,original,11,higher,-0.9160011898387562,-0.9433951377868652,sigmos_speech,-1.4145845174789429,-0.4148799180984497,opentts_lada
50k,original,11,higher,-0.8331154476512562,-0.6735985279083252,sigmos_speech,-1.798792839050293,-0.19086849689483643,opentts_mykyta
50k,original,11,higher,-1.2563576264814897,-1.265106201171875,sigmos_speech,-1.582679271697998,-0.918513298034668,opentts_tetiana
50k,original,11,higher,-0.597291187806563,-0.6606369018554688,sigmos_speech,-1.4864012002944946,0.5515923500061035,tg_voices_uk
50k,original,11,higher,-0.039629546078768646,-0.00863504409790039,sigmos_speech,-0.6067862510681152,0.4530818462371826,ua_ser
50k,original,11,higher,-0.16422514481977982,-0.20265817642211914,sigmos_speech,-0.793179988861084,0.5564789772033691,ukr_dialects
50k,original,8,,-0.6636422520334071,,sigmos_speech,,,source_macro
50k,original,88,higher,0.05490906672044234,-0.06061244010925293,sigmos_noise,-0.8671524047851562,1.2813409686088562,all
50k,original,11,higher,-0.10639543966813521,-0.12734079360961914,sigmos_noise,-0.5235692262649536,0.41340625286102295,common_voice_available_uk
50k,original,11,higher,-0.020354379307140003,-0.10836911201477051,sigmos_noise,-0.339275598526001,0.48924410343170166,fleurs_uk
50k,original,11,higher,-0.509724270213734,-0.7126398086547852,sigmos_noise,-1.3060401678085327,0.28692710399627686,opentts_lada
50k,original,11,higher,-0.10274624824523926,-0.04128909111022949,sigmos_noise,-0.5673941373825073,0.22257041931152344,opentts_mykyta
50k,original,11,higher,-0.4083207303827459,-0.48602843284606934,sigmos_noise,-0.7826584577560425,-0.011894464492797852,opentts_tetiana
50k,original,11,higher,0.1687708551233465,0.13028335571289062,sigmos_noise,-0.554458737373352,0.845229983329773,tg_voices_uk
50k,original,11,higher,0.6424756050109863,1.0538196563720703,sigmos_noise,-0.8351092338562012,1.406187891960144,ua_ser
50k,original,11,higher,0.7755671414462003,0.6749577522277832,sigmos_noise,-0.543077826499939,2.261220693588257,ukr_dialects
50k,original,8,,0.05490906672044232,,sigmos_noise,,,source_macro
50k,original,88,higher,-0.9174065535718744,-0.9830547571182251,sigmos_coloration,-1.6628517866134644,-0.11849964857101451,all
50k,original,11,higher,-0.6741626479408958,-0.7635254859924316,sigmos_coloration,-1.2615487575531006,0.03693068027496338,common_voice_available_uk
50k,original,11,higher,-1.1169945326718418,-1.3510494232177734,sigmos_coloration,-1.644803762435913,-0.34545183181762695,fleurs_uk
50k,original,11,higher,-0.9698191339319403,-1.0264456272125244,sigmos_coloration,-1.352074146270752,-0.4305853843688965,opentts_lada
50k,original,11,higher,-1.0327745134180242,-0.8846015930175781,sigmos_coloration,-1.7298613786697388,-0.24037742614746094,opentts_mykyta
50k,original,11,higher,-1.2295446829362349,-1.153491497039795,sigmos_coloration,-1.8096888065338135,-0.676335334777832,opentts_tetiana
50k,original,11,higher,-0.8582738746296276,-0.9579126834869385,sigmos_coloration,-1.466478705406189,-0.15436816215515137,tg_voices_uk
50k,original,11,higher,-0.6534065550023859,-0.6661972999572754,sigmos_coloration,-1.4143301248550415,0.3368114233016968,ua_ser
50k,original,11,higher,-0.8042764880440452,-0.6694917678833008,sigmos_coloration,-1.412133812904358,-0.3255317211151123,ukr_dialects
50k,original,8,,-0.9174065535718745,,sigmos_coloration,,,source_macro
50k,original,88,higher,-0.21722263097763062,-0.24319148063659668,sigmos_discontinuity,-1.0919772386550903,0.7654122114181513,all
50k,original,11,higher,-0.1857171275398948,-0.16738295555114746,sigmos_discontinuity,-0.9156494140625,0.4759467840194702,common_voice_available_uk
50k,original,11,higher,-0.35833575508811255,-0.5236637592315674,sigmos_discontinuity,-0.9050775766372681,0.31982898712158203,fleurs_uk
50k,original,11,higher,-0.5194176760586825,-0.4824521541595459,sigmos_discontinuity,-1.1346925497055054,0.2197655439376831,opentts_lada
50k,original,11,higher,-0.05407040769403631,-0.15781068801879883,sigmos_discontinuity,-0.614679217338562,0.7479496002197266,opentts_mykyta
50k,original,11,higher,-0.5117126594890248,-0.33748435974121094,sigmos_discontinuity,-1.278734564781189,-0.17969274520874023,opentts_tetiana
50k,original,11,higher,-0.19266273758628152,-0.32534003257751465,sigmos_discontinuity,-1.0328038930892944,1.2669373750686646,tg_voices_uk
50k,original,11,higher,0.3196169679815119,0.2740821838378906,sigmos_discontinuity,-0.2234560251235962,0.8565499782562256,ua_ser
50k,original,11,higher,-0.23548165234652432,-0.24176359176635742,sigmos_discontinuity,-0.9919943809509277,0.4240623712539673,ukr_dialects
50k,original,8,,-0.21722263097763062,,sigmos_discontinuity,,,source_macro
50k,original,88,higher,-0.5217357792637565,-0.8204965591430664,audiobox_pq,-1.876637578010559,1.6026573896408072,all
50k,original,11,higher,0.013052593577991833,-0.13252782821655273,audiobox_pq,-0.8279023170471191,1.1434736251831055,common_voice_available_uk
50k,original,11,higher,-0.7890449437228116,-0.8733301162719727,audiobox_pq,-1.2579848766326904,-0.1120607852935791,fleurs_uk
50k,original,11,higher,-0.3111606511202725,-0.24471330642700195,audiobox_pq,-1.2423293590545654,0.370952844619751,opentts_lada
50k,original,11,higher,-1.3631468252702192,-1.1673665046691895,audiobox_pq,-2.4351823329925537,-0.8322410583496094,opentts_mykyta
50k,original,11,higher,-1.5120959715409712,-1.5764966011047363,audiobox_pq,-2.165473699569702,-0.7736203670501709,opentts_tetiana
50k,original,11,higher,-0.4122896194458008,-0.26160240173339844,audiobox_pq,-1.218956708908081,0.4867241382598877,tg_voices_uk
50k,original,11,higher,-0.22893966328014026,-0.5535745620727539,audiobox_pq,-1.5237243175506592,1.698824405670166,ua_ser
50k,original,11,higher,0.42973884669217194,0.6737732887268066,audiobox_pq,-1.09405517578125,2.4950097799301147,ukr_dialects
50k,original,8,,-0.5217357792637565,,audiobox_pq,,,source_macro
50k,original,88,lower,0.08253593505626379,0.05390199637023593,cer,-0.11875000000000001,0.3795900178253116,all
50k,original,11,lower,0.021893516948022003,0.044117647058823525,cer,-0.1017156862745098,0.1252672843905916,common_voice_available_uk
50k,original,11,lower,0.05014749818483813,0.05555555555555555,cer,-0.037345201238390094,0.12017733045770428,fleurs_uk
50k,original,11,lower,0.21588081394381886,0.20930232558139536,cer,0.029615384615384616,0.3892857142857143,opentts_lada
50k,original,11,lower,0.19893088330974598,0.06557377049180328,cer,0.0,0.641025641025641,opentts_mykyta
50k,original,11,lower,0.126666966104659,0.1111111111111111,cer,-0.007462686567164179,0.3355263157894737,opentts_tetiana
50k,original,11,lower,0.07324621496787925,0.0392156862745098,cer,-0.02,0.19526143790849676,tg_voices_uk
50k,original,11,lower,0.01976287468512349,0.0,cer,-0.103125,0.233652312599681,ua_ser
50k,original,11,lower,-0.046241287693976375,-0.04166666666666666,cer,-0.3449292452830189,0.2636363636363636,ukr_dialects
50k,original,8,,0.08253593505626378,,cer,,,source_macro
50k,original,88,lower,0.2607925419055098,0.22714285714285715,wer,-0.2,0.9416666666666652,all
50k,original,11,lower,0.09281450872359963,0.1111111111111111,wer,-0.35,0.48484848484848486,common_voice_available_uk
50k,original,11,lower,0.16471776589423645,0.19999999999999998,wer,-0.025,0.28594771241830064,fleurs_uk
50k,original,11,lower,0.6304866850321396,0.6666666666666666,wer,0.10101010101010104,1.0,opentts_lada
50k,original,11,lower,0.4101731601731602,0.33333333333333337,wer,0.0,0.875,opentts_mykyta
50k,original,11,lower,0.3647251738160829,0.2727272727272727,wer,-0.045454545454545456,1.0555555555555556,opentts_tetiana
50k,original,11,lower,0.2844942935852027,0.25,wer,-0.05,0.6666666666666667,tg_voices_uk
50k,original,11,lower,0.019702519702519707,0.0,wer,-0.21428571428571427,0.33333333333333337,ua_ser
50k,original,11,lower,0.11922622831713742,0.08333333333333334,wer,-0.3351648351648352,0.75,ukr_dialects
50k,original,8,,0.2607925419055098,,wer,,,source_macro
50k,original,88,lower,0.11882235724024999,0.06991869918699187,parakeet_cer,-0.11333333333333333,0.452847222222222,all
50k,original,11,lower,0.1595403407264545,0.0784313725490196,parakeet_cer,0.0,0.6176470588235294,common_voice_available_uk
50k,original,11,lower,0.2027365827756865,0.06206896551724138,parakeet_cer,-0.021782099936748893,0.6965749730312838,fleurs_uk
50k,original,11,lower,0.219628261206998,0.23809523809523808,parakeet_cer,0.07333333333333333,0.3511627906976744,opentts_lada
50k,original,11,lower,0.27765732840084545,0.3125,parakeet_cer,0.04094132817537073,0.5264423076923077,opentts_mykyta
50k,original,11,lower,0.13994055803319627,0.07547169811320756,parakeet_cer,-0.007462686567164179,0.4437134502923976,opentts_tetiana
50k,original,11,lower,0.06831774721792089,0.05714285714285714,parakeet_cer,0.0,0.20304437564499483,tg_voices_uk
50k,original,11,lower,-0.01023082114589293,-0.052631578947368585,parakeet_cer,-0.1119047619047619,0.16083916083916083,ua_ser
50k,original,11,lower,-0.10701113929320873,0.0,parakeet_cer,-0.6008254716981132,0.1392857142857143,ukr_dialects
50k,original,8,,0.11882235724024999,,parakeet_cer,,,source_macro
50k,original,88,lower,0.3031492222869228,0.2727272727272727,parakeet_wer,-0.32166666666666666,1.0,all
50k,original,11,lower,0.34671717171717176,0.3333333333333333,parakeet_wer,0.0,0.8181818181818181,common_voice_available_uk
50k,original,11,lower,0.30349376114082,0.25,parakeet_wer,-0.07941176470588236,0.8333333333333334,fleurs_uk
50k,original,11,lower,0.565702479338843,0.5,parakeet_wer,0.2361111111111111,1.1,opentts_lada
50k,original,11,lower,0.5761904761904763,0.6,parakeet_wer,0.19642857142857142,1.0,opentts_mykyta
50k,original,11,lower,0.33254624163715074,0.2727272727272727,parakeet_wer,-0.045454545454545456,1.0,opentts_tetiana
50k,original,11,lower,0.283808867899777,0.25,parakeet_wer,-0.0625,0.7444444444444445,tg_voices_uk
50k,original,11,lower,0.03846153846153847,0.16666666666666666,parakeet_wer,-0.4166666666666667,0.42857142857142855,ua_ser
50k,original,11,lower,-0.021726758090394465,0.023809523809523808,parakeet_wer,-0.65,0.4642857142857143,ukr_dialects
50k,original,8,,0.3031492222869228,,parakeet_wer,,,source_macro
50k,original,88,higher,-0.7370219567621296,-0.7349441796541214,ecapa_similarity,-0.8932774018496275,-0.5711935058236124,all
50k,original,11,higher,-0.7317112914540551,-0.7270912230014801,ecapa_similarity,-0.8365243002772331,-0.6196084171533585,common_voice_available_uk
50k,original,11,higher,-0.7232840968803926,-0.7185670435428619,ecapa_similarity,-0.8092290833592415,-0.6489917486906052,fleurs_uk
50k,original,11,higher,-0.794730466875163,-0.778523325920105,ecapa_similarity,-0.9042867571115494,-0.7141014337539673,opentts_lada
50k,original,11,higher,-0.7937094067985361,-0.788519561290741,ecapa_similarity,-0.9156123474240303,-0.7116928994655609,opentts_mykyta
50k,original,11,higher,-0.616056041284041,-0.6106579005718231,ecapa_similarity,-0.7594449073076248,-0.49429062008857727,opentts_tetiana
50k,original,11,higher,-0.7489992800084028,-0.7278186678886414,ecapa_similarity,-0.8873960003256798,-0.649069607257843,tg_voices_uk
50k,original,11,higher,-0.7473905696110292,-0.7359955012798309,ecapa_similarity,-0.8969425708055496,-0.6189991980791092,ua_ser
50k,original,11,higher,-0.7402945011854172,-0.7454286813735962,ecapa_similarity,-0.8325592651963234,-0.6367090791463852,ukr_dialects
50k,original,8,,-0.7370219567621297,,ecapa_similarity,,,source_macro
50k,original,88,lower,0.0,0.0,clipping_fraction,0.0,0.0,all
50k,original,11,lower,0.0,0.0,clipping_fraction,0.0,0.0,common_voice_available_uk
50k,original,11,lower,0.0,0.0,clipping_fraction,0.0,0.0,fleurs_uk
50k,original,11,lower,0.0,0.0,clipping_fraction,0.0,0.0,opentts_lada
50k,original,11,lower,0.0,0.0,clipping_fraction,0.0,0.0,opentts_mykyta
50k,original,11,lower,0.0,0.0,clipping_fraction,0.0,0.0,opentts_tetiana
50k,original,11,lower,0.0,0.0,clipping_fraction,0.0,0.0,tg_voices_uk
50k,original,11,lower,0.0,0.0,clipping_fraction,0.0,0.0,ua_ser
50k,original,11,lower,0.0,0.0,clipping_fraction,0.0,0.0,ukr_dialects
50k,original,8,,0.0,,clipping_fraction,,,source_macro
50k,original,88,near_one,-0.26058595805163054,-0.2724216073781291,duration_ratio,-0.5097095825984714,0.08438160985706401,all
50k,original,11,near_one,-0.3194163610040471,-0.32387096774193547,duration_ratio,-0.41185185185185186,-0.2287155122113862,common_voice_available_uk
50k,original,11,near_one,-0.22747330006573604,-0.2094814814814815,duration_ratio,-0.3376827036035298,-0.11536643026004717,fleurs_uk
50k,original,11,near_one,-0.37369229365459017,-0.4435411020776875,duration_ratio,-0.4973306639973307,-0.15273280752732804,opentts_lada
50k,original,11,near_one,-0.35846874038793236,-0.37616161616161603,duration_ratio,-0.5005616605616605,-0.17489711934156388,opentts_mykyta
50k,original,11,near_one,-0.36827411049253506,-0.3605512489233419,duration_ratio,-0.5111427666983223,-0.22203074208943313,opentts_tetiana
50k,original,11,near_one,-0.2101705143069667,-0.15517747139923732,duration_ratio,-0.45509878231240636,-0.054468765109200734,tg_voices_uk
50k,original,11,near_one,0.04072395967697174,0.07971014492753614,duration_ratio,-0.1182585497374769,0.20222728822656832,ua_ser
50k,original,11,near_one,-0.2679163041782081,-0.2510288065843621,duration_ratio,-0.5749191180306098,0.0026046570011925563,ukr_dialects
50k,original,8,,-0.2605859580516305,,duration_ratio,,,source_macro
50k,original,88,lower,-0.48863636363636365,0.0,hf_burst_count,-8.899999999999997,3.0,all
50k,original,11,lower,1.7272727272727273,2.0,hf_burst_count,-0.5,4.5,common_voice_available_uk
50k,original,11,lower,-6.0,-5.0,hf_burst_count,-13.5,6.0,fleurs_uk
50k,original,11,lower,-0.09090909090909091,0.0,hf_burst_count,-1.0,1.0,opentts_lada
50k,original,11,lower,-0.45454545454545453,0.0,hf_burst_count,-1.5,0.5,opentts_mykyta
50k,original,11,lower,-0.8181818181818182,-1.0,hf_burst_count,-2.0,0.0,opentts_tetiana
50k,original,11,lower,0.5454545454545454,0.0,hf_burst_count,-1.0,3.0,tg_voices_uk
50k,original,11,lower,0.18181818181818182,0.0,hf_burst_count,-1.5,2.0,ua_ser
50k,original,11,lower,1.0,1.0,hf_burst_count,0.0,3.0,ukr_dialects
50k,original,8,,-0.48863636363636365,,hf_burst_count,,,source_macro
50k,previous,88,higher,0.3696135499260642,0.42609500885009766,sigmos_overall,-0.3666315555572509,0.9618193745613093,all
50k,previous,11,higher,0.40848526087674225,0.4559001922607422,sigmos_overall,-0.14772498607635498,0.753456711769104,common_voice_available_uk
50k,previous,11,higher,0.4483890750191428,0.4521629810333252,sigmos_overall,0.11470305919647217,0.7281911373138428,fleurs_uk
50k,previous,11,higher,0.035428155552257194,0.09576678276062012,sigmos_overall,-0.5763511657714844,0.41709113121032715,opentts_lada
50k,previous,11,higher,0.44730528918179596,0.5542933940887451,sigmos_overall,-0.049400925636291504,0.8218586444854736,opentts_mykyta
50k,previous,11,higher,0.4152812524275346,0.40186333656311035,sigmos_overall,-0.13337981700897217,0.9783101081848145,opentts_tetiana
50k,previous,11,higher,0.09416385130448775,0.01166081428527832,sigmos_overall,-0.3432883024215698,0.5573015213012695,tg_voices_uk
50k,previous,11,higher,0.5999890240755948,0.623002290725708,sigmos_overall,0.13887786865234375,1.1798913478851318,ua_ser
50k,previous,11,higher,0.5078664909709584,0.6492671966552734,sigmos_overall,-0.3512014150619507,1.0589213371276855,ukr_dialects
50k,previous,8,,0.3696135499260642,,sigmos_overall,,,source_macro
50k,previous,88,higher,0.3623466762629422,0.36333608627319336,sigmos_speech,-0.4290732860565185,1.0210451126098632,all
50k,previous,11,higher,0.38244488022544165,0.4697692394256592,sigmos_speech,-0.41559934616088867,0.8924317359924316,common_voice_available_uk
50k,previous,11,higher,0.4234483675523238,0.45424485206604004,sigmos_speech,-0.016885757446289062,0.7714124917984009,fleurs_uk
50k,previous,11,higher,0.018981738524003464,0.11287879943847656,sigmos_speech,-0.7264188528060913,0.623589277267456,opentts_lada
50k,previous,11,higher,0.467399770563299,0.591660737991333,sigmos_speech,-0.050615906715393066,0.9804748296737671,opentts_mykyta
50k,previous,11,higher,0.37180172313343396,0.43634843826293945,sigmos_speech,-0.2687666416168213,1.0115100145339966,opentts_tetiana
50k,previous,11,higher,0.12500531023198908,0.14963197708129883,sigmos_speech,-0.3323456048965454,0.5725029706954956,tg_voices_uk
50k,previous,11,higher,0.6232956972989169,0.530731201171875,sigmos_speech,-0.14394569396972656,1.4750404357910156,ua_ser
50k,previous,11,higher,0.48639592257412995,0.47476887702941895,sigmos_speech,-0.8176898956298828,1.3737462759017944,ukr_dialects
50k,previous,8,,0.36234667626294226,,sigmos_speech,,,source_macro
50k,previous,88,higher,0.12358843467452309,0.07720863819122314,sigmos_noise,-0.5434358835220336,1.0631958961486816,all
50k,previous,11,higher,0.1158024397763339,-0.06077146530151367,sigmos_noise,-0.2252664566040039,0.8685359954833984,common_voice_available_uk
50k,previous,11,higher,-0.0639464638449929,-0.11084318161010742,sigmos_noise,-0.5362298488616943,0.38502657413482666,fleurs_uk
50k,previous,11,higher,-0.08776526017622514,-0.09449577331542969,sigmos_noise,-1.3502659797668457,1.1937220096588135,opentts_lada
50k,previous,11,higher,0.05580373243852095,-0.061951637268066406,sigmos_noise,-0.43247663974761963,0.7639644145965576,opentts_mykyta
50k,previous,11,higher,0.27085846120660956,0.3362095355987549,sigmos_noise,-0.23589861392974854,0.5500251054763794,opentts_tetiana
50k,previous,11,higher,0.10036368803544478,0.009728431701660156,sigmos_noise,-0.3639627695083618,0.7386393547058105,tg_voices_uk
50k,previous,11,higher,0.2711475762453946,0.3068668842315674,sigmos_noise,-0.4495950937271118,1.186155915260315,ua_ser
50k,previous,11,higher,0.326443303715099,0.259676456451416,sigmos_noise,-0.2848045825958252,1.0439072847366333,ukr_dialects
50k,previous,8,,0.1235884346745231,,sigmos_noise,,,source_macro
50k,previous,88,higher,-0.013289603320035067,-0.06350350379943848,sigmos_coloration,-0.7526766061782837,0.6795718550682065,all
50k,previous,11,higher,0.14082249728116122,0.14998984336853027,sigmos_coloration,-0.41291344165802,0.6807671785354614,common_voice_available_uk
50k,previous,11,higher,0.14486783201044257,0.13984203338623047,sigmos_coloration,-0.21391594409942627,0.5377275943756104,fleurs_uk
50k,previous,11,higher,-0.2126063650304621,-0.2215113639831543,sigmos_coloration,-0.7708415985107422,0.5734144449234009,opentts_lada
50k,previous,11,higher,0.0412387414412065,0.010023355484008789,sigmos_coloration,-0.3364917039871216,0.4570506811141968,opentts_mykyta
50k,previous,11,higher,0.21566397493535822,0.055426836013793945,sigmos_coloration,-0.21470022201538086,0.8333266973495483,opentts_tetiana
50k,previous,11,higher,-0.12067907506769354,-0.231398344039917,sigmos_coloration,-0.7358484268188477,0.5144696235656738,tg_voices_uk
50k,previous,11,higher,0.0037446455522017045,-0.10899782180786133,sigmos_coloration,-0.6473433971405029,0.7535874843597412,ua_ser
50k,previous,11,higher,-0.3193690776824951,-0.27317285537719727,sigmos_coloration,-1.150364637374878,0.1462942361831665,ukr_dialects
50k,previous,8,,-0.013289603320035072,,sigmos_coloration,,,source_macro
50k,previous,88,higher,0.29021434079517017,0.3509637117385864,sigmos_discontinuity,-0.6805313706398011,1.0846004962921143,all
50k,previous,11,higher,0.45021924105557526,0.4672126770019531,sigmos_discontinuity,-0.11661279201507568,1.1369327306747437,common_voice_available_uk
50k,previous,11,higher,0.5939158743078058,0.5255098342895508,sigmos_discontinuity,0.03023970127105713,1.0912094116210938,fleurs_uk
50k,previous,11,higher,-0.1795989383350719,-0.1634824275970459,sigmos_discontinuity,-1.224715232849121,0.7103736400604248,opentts_lada
50k,previous,11,higher,0.3601459806615656,0.35161471366882324,sigmos_discontinuity,-0.0898822546005249,0.7011853456497192,opentts_mykyta
50k,previous,11,higher,0.16415413943204013,0.371415376663208,sigmos_discontinuity,-0.8332127332687378,0.8935887813568115,opentts_tetiana
50k,previous,11,higher,0.24348278479142624,0.2831838130950928,sigmos_discontinuity,-0.24375247955322266,0.7926870584487915,tg_voices_uk
50k,previous,11,higher,0.20306734605268997,0.20880794525146484,sigmos_discontinuity,-0.3673638105392456,0.8932710886001587,ua_ser
50k,previous,11,higher,0.48632829839533026,0.42313504219055176,sigmos_discontinuity,-0.4601179361343384,1.1758782863616943,ukr_dialects
50k,previous,8,,0.29021434079517017,,sigmos_discontinuity,,,source_macro
50k,previous,88,higher,1.4573175500739703,1.4697210788726807,audiobox_pq,0.4356252908706666,2.57766318321228,all
50k,previous,11,higher,1.498077240857211,1.46417236328125,audiobox_pq,0.55497145652771,2.5061832666397095,common_voice_available_uk
50k,previous,11,higher,0.9108107523484663,1.0085725784301758,audiobox_pq,-0.18108201026916504,1.7828683853149414,fleurs_uk
50k,previous,11,higher,1.0591855482621626,0.9911355972290039,audiobox_pq,0.49945616722106934,2.043205499649048,opentts_lada
50k,previous,11,higher,2.002126542004672,1.9624028205871582,audiobox_pq,0.9833695888519287,2.6847394704818726,opentts_mykyta
50k,previous,11,higher,1.357158357446844,1.2609281539916992,audiobox_pq,0.6487677097320557,2.479580879211426,opentts_tetiana
50k,previous,11,higher,1.6094805110584607,1.6414685249328613,audiobox_pq,1.0432157516479492,2.2791072130203247,tg_voices_uk
50k,previous,11,higher,1.5476454821499912,1.7284247875213623,audiobox_pq,0.7263646125793457,2.301955223083496,ua_ser
50k,previous,11,higher,1.674055966463956,1.7295207977294922,audiobox_pq,0.7644226551055908,2.394726037979126,ukr_dialects
50k,previous,8,,1.4573175500739706,,audiobox_pq,,,source_macro
50k,previous,88,lower,-0.09839541022932075,-0.07151979565772669,cer,-0.3509576612903226,0.10023923444976064,all
50k,previous,11,lower,-0.11826806819403717,-0.10869565217391305,cer,-0.265,0.0,common_voice_available_uk
50k,previous,11,lower,-0.04984141547040051,-0.03225806451612903,cer,-0.19892837764514382,0.029684360619612417,fleurs_uk
50k,previous,11,lower,-0.2002413732410119,-0.2075471698113208,cer,-0.44999999999999996,0.09285714285714286,opentts_lada
50k,previous,11,lower,0.011569001760405274,0.0,cer,-0.3338815789473684,0.3256410256410256,opentts_mykyta
50k,previous,11,lower,-0.09461596724738873,-0.07407407407407407,cer,-0.2837301587301587,0.041267942583732065,opentts_tetiana
50k,previous,11,lower,-0.13098922625378479,-0.16,cer,-0.30599078341013825,0.0,tg_voices_uk
50k,previous,11,lower,-0.11510008930463474,-0.10714285714285714,cer,-0.2930871212121212,0.02564102564102564,ua_ser
50k,previous,11,lower,-0.08967614388371337,-0.06000000000000001,cer,-0.3214285714285714,0.033333333333333326,ukr_dialects
50k,previous,8,,-0.09839541022932075,,cer,,,source_macro
50k,previous,88,lower,-0.18193892671499626,-0.16666666666666669,wer,-0.7208333333333333,0.25,all
50k,previous,11,lower,-0.20404040404040405,-0.2,wer,-0.625,0.10795454545454547,common_voice_available_uk
50k,previous,11,lower,-0.10120915032679739,-0.05882352941176472,wer,-0.3602941176470588,0.09583333333333331,fleurs_uk
50k,previous,11,lower,-0.4131772268135904,-0.33333333333333337,wer,-0.8999999999999999,0.0,opentts_lada
50k,previous,11,lower,0.11212121212121212,0.14285714285714285,wer,-0.37142857142857144,0.5,opentts_mykyta
50k,previous,11,lower,-0.2588219860947134,-0.2222222222222222,wer,-0.75,0.126984126984127,opentts_tetiana
50k,previous,11,lower,-0.19084349993440905,0.0,wer,-0.8,0.11805555555555558,tg_voices_uk
50k,previous,11,lower,-0.29448329448329447,-0.3333333333333333,wer,-0.5714285714285714,0.07142857142857142,ua_ser
50k,previous,11,lower,-0.10505706414797325,-0.16666666666666669,wer,-0.4107142857142857,0.25,ukr_dialects
50k,previous,8,,-0.18193892671499623,,wer,,,source_macro
50k,previous,88,lower,-0.30761666141988336,-0.28205128205128205,parakeet_cer,-0.953919372900336,0.09681818181818173,all
50k,previous,11,lower,-0.2807406142655338,-0.27450980392156865,parakeet_cer,-0.9199999999999999,0.30434782608695654,common_voice_available_uk
50k,previous,11,lower,-0.16677391671722402,-0.14482758620689656,parakeet_cer,-0.5287800687285223,0.32178780722470046,fleurs_uk
50k,previous,11,lower,-0.25794393150405853,-0.14285714285714285,parakeet_cer,-0.7007918552036199,0.09166666666666666,opentts_lada
50k,previous,11,lower,-0.47970334354311706,-0.3333333333333333,parakeet_cer,-1.088235294117647,0.10795454545454547,opentts_mykyta
50k,previous,11,lower,-0.3029757393663831,-0.3214285714285714,parakeet_cer,-0.7448979591836735,0.014952153110047849,opentts_tetiana
50k,previous,11,lower,-0.3488652887310973,-0.29032258064516125,parakeet_cer,-0.7015873015873015,-0.11885964912280703,tg_voices_uk
50k,previous,11,lower,-0.32488878147370975,-0.3333333333333333,parakeet_cer,-0.6858054226475279,-0.013571428571428651,ua_ser
50k,previous,11,lower,-0.29904167575794327,-0.3157894736842105,parakeet_cer,-0.7425595238095238,0.09761904761904763,ukr_dialects
50k,previous,8,,-0.30761666141988336,,parakeet_cer,,,source_macro
50k,previous,88,lower,-0.4292108359554884,-0.4083333333333333,parakeet_wer,-1.0,0.20277777777777728,all
50k,previous,11,lower,-0.3738062442607897,-0.2727272727272727,parakeet_wer,-1.0625,0.1111111111111111,common_voice_available_uk
50k,previous,11,lower,-0.38405525846702326,-0.41666666666666663,parakeet_wer,-0.7323529411764707,0.20138888888888887,fleurs_uk
50k,previous,11,lower,-0.39490358126721764,-0.5,parakeet_wer,-0.8636363636363636,0.125,opentts_lada
50k,previous,11,lower,-0.31396103896103894,-0.33333333333333337,parakeet_wer,-1.0,0.16666666666666669,opentts_mykyta
50k,previous,11,lower,-0.40431588613406794,-0.5,parakeet_wer,-1.0454545454545454,0.16666666666666663,opentts_tetiana
50k,previous,11,lower,-0.5660993047356684,-0.5,parakeet_wer,-1.0,-0.17361111111111116,tg_voices_uk
50k,previous,11,lower,-0.5710678210678211,-0.6666666666666667,parakeet_wer,-1.0833333333333335,-0.126984126984127,ua_ser
50k,previous,11,lower,-0.4254775527502801,-0.30000000000000004,parakeet_wer,-0.9,0.011904761904761918,ukr_dialects
50k,previous,8,,-0.42921083595548837,,parakeet_wer,,,source_macro
50k,previous,88,higher,0.046927401245656336,0.04152420908212662,ecapa_similarity,-0.060335750877857204,0.18193514272570607,all
50k,previous,11,higher,0.02344936267896132,0.006290912628173828,ecapa_similarity,-0.04901950806379318,0.12027152627706528,common_voice_available_uk
50k,previous,11,higher,0.006931241263042797,0.008634626865386963,ecapa_similarity,-0.0758810043334961,0.09151662886142731,fleurs_uk
50k,previous,11,higher,0.021233330057425934,0.02959446609020233,ecapa_similarity,-0.06432018801569939,0.0948849692940712,opentts_lada
50k,previous,11,higher,0.11537418700754642,0.09619404375553131,ecapa_similarity,-0.008733727037906647,0.25696059595793486,opentts_mykyta
50k,previous,11,higher,0.08860005709257993,0.10118138790130615,ecapa_similarity,0.00019954144954681396,0.181387759745121,opentts_tetiana
50k,previous,11,higher,0.04926904578777877,0.0574895441532135,ecapa_similarity,-0.05612938106060028,0.12777102924883366,tg_voices_uk
50k,previous,11,higher,0.026180860671130093,-0.004190340638160706,ecapa_similarity,-0.06787262856960297,0.1473366543650627,ua_ser
50k,previous,11,higher,0.044381125406785446,0.005957886576652527,ecapa_similarity,-0.03035731613636017,0.17835430800914764,ukr_dialects
50k,previous,8,,0.046927401245656336,,ecapa_similarity,,,source_macro
50k,previous,88,lower,0.0,0.0,clipping_fraction,0.0,0.0,all
50k,previous,11,lower,0.0,0.0,clipping_fraction,0.0,0.0,common_voice_available_uk
50k,previous,11,lower,0.0,0.0,clipping_fraction,0.0,0.0,fleurs_uk
50k,previous,11,lower,0.0,0.0,clipping_fraction,0.0,0.0,opentts_lada
50k,previous,11,lower,0.0,0.0,clipping_fraction,0.0,0.0,opentts_mykyta
50k,previous,11,lower,0.0,0.0,clipping_fraction,0.0,0.0,opentts_tetiana
50k,previous,11,lower,0.0,0.0,clipping_fraction,0.0,0.0,tg_voices_uk
50k,previous,11,lower,0.0,0.0,clipping_fraction,0.0,0.0,ua_ser
50k,previous,11,lower,0.0,0.0,clipping_fraction,0.0,0.0,ukr_dialects
50k,previous,8,,0.0,,clipping_fraction,,,source_macro
50k,previous,88,near_one,-0.0010502657123775418,-0.014869735351663138,duration_ratio,-0.07325333333333338,0.1699309007152379,all
50k,previous,11,near_one,-0.021289404683424176,-0.027526881720430052,duration_ratio,-0.057037037037037,0.03026347230082377,common_voice_available_uk
50k,previous,11,near_one,-0.017667630266761124,-0.01606425702811254,duration_ratio,-0.042317276814386684,0.008347929288578804,fleurs_uk
50k,previous,11,near_one,0.05877602400518007,0.019219219219219208,duration_ratio,-0.030804967390333282,0.20367710720651894,opentts_lada
50k,previous,11,near_one,-0.010827335776830739,-0.003950617283950741,duration_ratio,-0.030976430976430935,0.009362139917695411,opentts_mykyta
50k,previous,11,near_one,0.026528245048201293,-0.0034188034188034067,duration_ratio,-0.05680329218106994,0.23267249204617874,opentts_tetiana
50k,previous,11,near_one,0.013794741270605971,0.005368902311144619,duration_ratio,-0.03502620039173565,0.08739613370522858,tg_voices_uk
50k,previous,11,near_one,-0.05313471370841672,-0.05313107299862252,duration_ratio,-0.09340649910800991,-0.006253020045134783,ua_ser
50k,previous,11,near_one,-0.004582051587574899,0.0,duration_ratio,-0.06445946841651748,0.08987525545352826,ukr_dialects
50k,previous,8,,-0.0010502657123775414,,duration_ratio,,,source_macro
50k,previous,88,lower,-0.9318181818181818,-1.0,hf_burst_count,-3.0,0.0,all
50k,previous,11,lower,-0.8181818181818182,0.0,hf_burst_count,-3.0,0.0,common_voice_available_uk
50k,previous,11,lower,-2.0,-2.0,hf_burst_count,-5.5,0.0,fleurs_uk
50k,previous,11,lower,-0.18181818181818182,0.0,hf_burst_count,-1.0,0.0,opentts_lada
50k,previous,11,lower,-0.2727272727272727,0.0,hf_burst_count,-1.5,0.5,opentts_mykyta
50k,previous,11,lower,-0.8181818181818182,-1.0,hf_burst_count,-2.0,0.0,opentts_tetiana
50k,previous,11,lower,-0.9090909090909091,-1.0,hf_burst_count,-2.5,0.0,tg_voices_uk
50k,previous,11,lower,-0.8181818181818182,-1.0,hf_burst_count,-1.5,0.0,ua_ser
50k,previous,11,lower,-1.6363636363636365,-1.0,hf_burst_count,-4.5,0.0,ukr_dialects
50k,previous,8,,-0.9318181818181819,,hf_burst_count,,,source_macro
75k,original,88,higher,-0.5361430238593708,-0.4832955598831177,sigmos_overall,-1.375646436214447,0.38385759592056234,all
75k,original,11,higher,-0.36622769182378595,-0.354961633682251,sigmos_overall,-0.8898911476135254,0.1541987657546997,common_voice_available_uk
75k,original,11,higher,-0.9012539386749268,-0.9657454490661621,sigmos_overall,-1.4517086744308472,-0.24027681350708008,fleurs_uk
75k,original,11,higher,-0.7965086156671698,-0.8447887897491455,sigmos_overall,-1.3183499574661255,-0.2684823274612427,opentts_lada
75k,original,11,higher,-0.43136904456398706,-0.6080262660980225,sigmos_overall,-1.2069649696350098,0.4089179039001465,opentts_mykyta
75k,original,11,higher,-1.1492394534024326,-1.111090898513794,sigmos_overall,-1.8495217561721802,-0.658788800239563,opentts_tetiana
75k,original,11,higher,-0.23569787632335315,-0.3220219612121582,sigmos_overall,-1.0181151628494263,0.7156990766525269,tg_voices_uk
75k,original,11,higher,-0.2179299918088046,-0.2104341983795166,sigmos_overall,-0.9159810543060303,0.34359419345855713,ua_ser
75k,original,11,higher,-0.19091757861050693,-0.26994872093200684,sigmos_overall,-0.6401673555374146,0.32704389095306396,ukr_dialects
75k,original,8,,-0.5361430238593707,,sigmos_overall,,,source_macro
75k,original,88,higher,-0.5697415525263007,-0.5379408597946167,sigmos_speech,-1.4426028728485107,0.3566331982612607,all
75k,original,11,higher,-0.3442207466472279,-0.4434070587158203,sigmos_speech,-1.0807554721832275,0.3512542247772217,common_voice_available_uk
75k,original,11,higher,-0.8743117505853827,-1.0343945026397705,sigmos_speech,-1.5524053573608398,-0.05436849594116211,fleurs_uk
75k,original,11,higher,-0.868041688745672,-0.972210168838501,sigmos_speech,-1.3632068634033203,-0.1666039228439331,opentts_lada
75k,original,11,higher,-0.4977263537320224,-0.6689035892486572,sigmos_speech,-1.1415787935256958,0.35514330863952637,opentts_mykyta
75k,original,11,higher,-1.322310360995206,-1.3689229488372803,sigmos_speech,-1.9826878309249878,-0.8200051784515381,opentts_tetiana
75k,original,11,higher,-0.3420868353410201,-0.4565873146057129,sigmos_speech,-1.4281336069107056,0.9463446140289307,tg_voices_uk
75k,original,11,higher,-0.1703045584938743,-0.1710376739501953,sigmos_speech,-0.9500018358230591,0.43388473987579346,ua_ser
75k,original,11,higher,-0.13893012566999954,-0.13367676734924316,sigmos_speech,-0.6091525554656982,0.2914268970489502,ukr_dialects
75k,original,8,,-0.5697415525263005,,sigmos_speech,,,source_macro
75k,original,88,higher,0.10116457397287543,0.0074481964111328125,sigmos_noise,-0.8768749237060547,1.4184955835342405,all
75k,original,11,higher,0.002291375940496271,0.14029407501220703,sigmos_noise,-0.7115192413330078,0.549964427947998,common_voice_available_uk
75k,original,11,higher,0.2077230756933039,0.12466788291931152,sigmos_noise,-0.16052067279815674,0.7375324964523315,fleurs_uk
75k,original,11,higher,-0.15112883394414728,-0.24773526191711426,sigmos_noise,-1.0360692739486694,0.6917866468429565,opentts_lada
75k,original,11,higher,-0.3165701085870916,-0.24403142929077148,sigmos_noise,-0.7495968341827393,0.11271011829376221,opentts_mykyta
75k,original,11,higher,-0.4607940803874623,-0.477980375289917,sigmos_noise,-0.9961515665054321,-0.050711870193481445,opentts_tetiana
75k,original,11,higher,0.19567886265841397,0.1649177074432373,sigmos_noise,-0.6437556743621826,1.0488839149475098,tg_voices_uk
75k,original,11,higher,0.6521705497394908,0.6977839469909668,sigmos_noise,-0.6281733512878418,1.7339262962341309,ua_ser
75k,original,11,higher,0.6799457506699995,0.5850272178649902,sigmos_noise,-0.6059324741363525,2.1161468029022217,ukr_dialects
75k,original,8,,0.1011645739728754,,sigmos_noise,,,source_macro
75k,original,88,higher,-0.661412772807208,-0.6315079927444458,sigmos_coloration,-1.4811772584915162,0.21918985843658362,all
75k,original,11,higher,-0.5578429048711603,-0.5026180744171143,sigmos_coloration,-1.2458361387252808,0.26026690006256104,common_voice_available_uk
75k,original,11,higher,-0.9591499892148104,-1.0636963844299316,sigmos_coloration,-1.2567200660705566,-0.532935380935669,fleurs_uk
75k,original,11,higher,-0.7594620964743874,-0.6200170516967773,sigmos_coloration,-1.5447924137115479,-0.09215545654296875,opentts_lada
75k,original,11,higher,-0.7065632776780562,-0.8113174438476562,sigmos_coloration,-1.4935336112976074,0.365067720413208,opentts_mykyta
75k,original,11,higher,-0.9748710719021884,-0.9048604965209961,sigmos_coloration,-1.6151577234268188,-0.5748375654220581,opentts_tetiana
75k,original,11,higher,-0.46668785268610175,-0.46823883056640625,sigmos_coloration,-0.9259369373321533,0.08101904392242432,tg_voices_uk
75k,original,11,higher,-0.5349330035122958,-0.3791389465332031,sigmos_coloration,-1.705561637878418,0.1857057809829712,ua_ser
75k,original,11,higher,-0.33179198611866345,-0.20117950439453125,sigmos_coloration,-1.0276225805282593,0.21045935153961182,ukr_dialects
75k,original,8,,-0.6614127728072079,,sigmos_coloration,,,source_macro
75k,original,88,higher,-0.276057782498273,-0.2873572111129761,sigmos_discontinuity,-1.2547446727752685,0.6734947800636288,all
75k,original,11,higher,-0.2713462872938676,-0.1653757095336914,sigmos_discontinuity,-1.237699031829834,0.6718416213989258,common_voice_available_uk
75k,original,11,higher,-0.4323302832516757,-0.5054869651794434,sigmos_discontinuity,-0.91749107837677,0.15553009510040283,fleurs_uk
75k,original,11,higher,-0.3650689558549361,-0.4487776756286621,sigmos_discontinuity,-1.131616234779358,0.48806774616241455,opentts_lada
75k,original,11,higher,-0.19735724275762384,-0.223968505859375,sigmos_discontinuity,-0.9093755483627319,0.36807942390441895,opentts_mykyta
75k,original,11,higher,-0.7165243842385032,-0.6607904434204102,sigmos_discontinuity,-1.3257464170455933,-0.2429955005645752,opentts_tetiana
75k,original,11,higher,-0.25019600174643775,-0.27442240715026855,sigmos_discontinuity,-1.1984585523605347,0.7893832921981812,tg_voices_uk
75k,original,11,higher,0.33564365993846546,0.36994171142578125,sigmos_discontinuity,-0.23726236820220947,0.8503968715667725,ua_ser
75k,original,11,higher,-0.3112827647816051,-0.2903785705566406,sigmos_discontinuity,-1.17177414894104,0.5188288688659668,ukr_dialects
75k,original,8,,-0.27605778249827295,,sigmos_discontinuity,,,source_macro
75k,original,88,higher,0.29636997797272424,-0.07633519172668457,audiobox_pq,-0.7364205360412598,2.2384566545486435,all
75k,original,11,higher,0.9322884299538352,0.7963767051696777,audiobox_pq,-0.37329792976379395,2.2210347652435303,common_voice_available_uk
75k,original,11,higher,0.12846175107088956,0.2011547088623047,audiobox_pq,-0.42281556129455566,0.6844367980957031,fleurs_uk
75k,original,11,higher,-0.05853483893654563,-0.10582256317138672,audiobox_pq,-0.42754077911376953,0.47712278366088867,opentts_lada
75k,original,11,higher,-0.43871112303300336,-0.39546871185302734,audiobox_pq,-0.7859001159667969,-0.18447661399841309,opentts_mykyta
75k,original,11,higher,-0.5655550523237749,-0.581512451171875,audiobox_pq,-1.1016249656677246,-0.2861645221710205,opentts_tetiana
75k,original,11,higher,0.6393160386518999,0.5980916023254395,audiobox_pq,-0.3624424934387207,2.0108649730682373,tg_voices_uk
75k,original,11,higher,0.7470369338989258,0.3167448043823242,audiobox_pq,-0.6197261810302734,2.535546064376831,ua_ser
75k,original,11,higher,0.9866576844995673,1.2903742790222168,audiobox_pq,-0.6212296485900879,2.9637633562088013,ukr_dialects
75k,original,8,,0.29636997797272424,,audiobox_pq,,,source_macro
75k,original,88,lower,0.020018093140026342,0.0,cer,-0.15926315789473683,0.24333333333333276,all
75k,original,11,lower,0.01534395356017091,0.0,cer,-0.06004901960784314,0.08411764705882352,common_voice_available_uk
75k,original,11,lower,0.02528778070758584,0.01801801801801802,cer,-0.05417956656346749,0.10795755968169762,fleurs_uk
75k,original,11,lower,0.1243325754251599,0.06666666666666667,cer,0.0,0.4107142857142857,opentts_lada
75k,original,11,lower,0.09780693678194143,0.07142857142857142,cer,0.0,0.2803921568627451,opentts_mykyta
75k,original,11,lower,0.06074083603694605,0.022727272727272728,cer,-0.007462686567164179,0.2578947368421053,opentts_tetiana
75k,original,11,lower,0.017819582018123913,0.0,cer,-0.05921568627450981,0.12007168458781362,tg_voices_uk
75k,original,11,lower,-0.053964953175479495,-0.027777777777777776,cer,-0.14250000000000002,0.0,ua_ser
75k,original,11,lower,-0.12722196623423787,-0.07142857142857142,cer,-0.36674528301886794,0.0803030303030303,ukr_dialects
75k,original,8,,0.02001809314002633,,cer,,,source_macro
75k,original,88,lower,0.13480339698922586,0.023809523809523822,wer,-0.24326923076923077,0.7208333333333327,all
75k,original,11,lower,0.06460055096418733,0.0,wer,-0.25,0.48484848484848486,common_voice_available_uk
75k,original,11,lower,0.18543077837195482,0.125,wer,0.0,0.49444444444444446,fleurs_uk
75k,original,11,lower,0.37979797979797975,0.3333333333333333,wer,-0.05555555555555555,0.875,opentts_lada
75k,original,11,lower,0.2811688311688312,0.25,wer,0.0,0.75,opentts_mykyta
75k,original,11,lower,0.2549521185884822,0.1111111111111111,wer,-0.045454545454545456,0.9166666666666666,opentts_tetiana
75k,original,11,lower,0.06749967204512658,0.0,wer,-0.07142857142857142,0.29166666666666663,tg_voices_uk
75k,original,11,lower,-0.08036408036408035,-0.1111111111111111,wer,-0.16666666666666666,0.0,ua_ser
75k,original,11,lower,-0.07465867465867464,0.0,wer,-0.5357142857142857,0.325,ukr_dialects
75k,original,8,,0.13480339698922586,,wer,,,source_macro
75k,original,88,lower,0.04829096050871015,0.023931623931623933,parakeet_cer,-0.18223684210526314,0.404571428571428,all
75k,original,11,lower,0.11850872144360887,0.03333333333333333,parakeet_cer,0.0,0.5239130434782608,common_voice_available_uk
75k,original,11,lower,0.10039327256768821,0.034482758620689655,parakeet_cer,-0.02008222643896268,0.4299486402290141,fleurs_uk
75k,original,11,lower,0.11253308706797079,0.057692307692307696,parakeet_cer,0.0,0.31845238095238093,opentts_lada
75k,original,11,lower,0.1614591865119588,0.17647058823529413,parakeet_cer,0.0,0.38636363636363635,opentts_mykyta
75k,original,11,lower,0.07904119904190933,0.027777777777777776,parakeet_cer,-0.007462686567164179,0.36184210526315785,opentts_tetiana
75k,original,11,lower,0.009522304669856756,0.0,parakeet_cer,-0.07470288624787776,0.08088235294117646,tg_voices_uk
75k,original,11,lower,-0.04073938554799799,-0.05128205128205129,parakeet_cer,-0.24718045112781958,0.19388888888888894,ua_ser
75k,original,11,lower,-0.15439070168531355,-0.047619047619047616,parakeet_cer,-0.6226415094339623,0.043333333333333335,ukr_dialects
75k,original,8,,0.04829096050871015,,parakeet_cer,,,source_macro
75k,original,88,lower,0.18019228691688588,0.14285714285714285,parakeet_wer,-0.34875,0.9611111111111101,all
75k,original,11,lower,0.2588613406795225,0.2222222222222222,parakeet_wer,0.0,0.6944444444444444,common_voice_available_uk
75k,original,11,lower,0.16760843731431965,0.16666666666666669,parakeet_wer,-0.05441176470588236,0.5,fleurs_uk
75k,original,11,lower,0.3730945821854913,0.2222222222222222,parakeet_wer,0.0,1.0,opentts_lada
75k,original,11,lower,0.5123376623376624,0.6,parakeet_wer,0.0,1.0,opentts_mykyta
75k,original,11,lower,0.24990161353797716,0.1111111111111111,parakeet_wer,-0.045454545454545456,1.0,opentts_tetiana
75k,original,11,lower,0.11057654466745377,0.125,parakeet_wer,-0.1875,0.33333333333333337,tg_voices_uk
75k,original,11,lower,-0.06709956709956709,0.0,parakeet_wer,-0.4722222222222222,0.30952380952380953,ua_ser
75k,original,11,lower,-0.16374231828777283,-0.07692307692307693,parakeet_wer,-0.8333333333333333,0.33333333333333337,ukr_dialects
75k,original,8,,0.18019228691688585,,parakeet_wer,,,source_macro
75k,original,88,higher,-0.6862212992696599,-0.6831654012203217,ecapa_similarity,-0.8501428067684174,-0.520580290257931,all
75k,original,11,higher,-0.7304998527873646,-0.7316877543926239,ecapa_similarity,-0.8238595575094223,-0.6410745680332184,common_voice_available_uk
75k,original,11,higher,-0.626173731955615,-0.6067692935466766,ecapa_similarity,-0.7247750163078308,-0.5377152115106583,fleurs_uk
75k,original,11,higher,-0.7416933165355162,-0.7686223685741425,ecapa_similarity,-0.8679988980293274,-0.5945131480693817,opentts_lada
75k,original,11,higher,-0.7124023898081346,-0.7348477244377136,ecapa_similarity,-0.786779448390007,-0.6331764310598373,opentts_mykyta
75k,original,11,higher,-0.5519005195661024,-0.5413579046726227,ecapa_similarity,-0.6336548179388046,-0.4799078702926636,opentts_tetiana
75k,original,11,higher,-0.7257885912602599,-0.7099961042404175,ecapa_similarity,-0.8778219781816006,-0.6021510064601898,tg_voices_uk
75k,original,11,higher,-0.7050402882424268,-0.7310845255851746,ecapa_similarity,-0.8627655282616615,-0.5366835445165634,ua_ser
75k,original,11,higher,-0.6962717040018602,-0.6898751258850098,ecapa_similarity,-0.8025485947728157,-0.5869903862476349,ukr_dialects
75k,original,8,,-0.6862212992696599,,ecapa_similarity,,,source_macro
75k,original,88,lower,0.0,0.0,clipping_fraction,0.0,0.0,all
75k,original,11,lower,0.0,0.0,clipping_fraction,0.0,0.0,common_voice_available_uk
75k,original,11,lower,0.0,0.0,clipping_fraction,0.0,0.0,fleurs_uk
75k,original,11,lower,0.0,0.0,clipping_fraction,0.0,0.0,opentts_lada
75k,original,11,lower,0.0,0.0,clipping_fraction,0.0,0.0,opentts_mykyta
75k,original,11,lower,0.0,0.0,clipping_fraction,0.0,0.0,opentts_tetiana
75k,original,11,lower,0.0,0.0,clipping_fraction,0.0,0.0,tg_voices_uk
75k,original,11,lower,0.0,0.0,clipping_fraction,0.0,0.0,ua_ser
75k,original,11,lower,0.0,0.0,clipping_fraction,0.0,0.0,ukr_dialects
75k,original,8,,0.0,,clipping_fraction,,,source_macro
75k,original,88,near_one,-0.24609224729637755,-0.27348148148148144,duration_ratio,-0.48620702754036094,0.12194312170804722,all
75k,original,11,near_one,-0.3186541599082567,-0.31166666666666676,duration_ratio,-0.40888888888888886,-0.21910477619404845,common_voice_available_uk
75k,original,11,near_one,-0.2041897060918041,-0.18814814814814818,duration_ratio,-0.32147638171734566,-0.1011820330969267,fleurs_uk
75k,original,11,near_one,-0.3076859668057066,-0.43342366757000905,duration_ratio,-0.4921954921954922,0.08282828282828286,opentts_lada
75k,original,11,near_one,-0.3569722140934262,-0.38909090909090904,duration_ratio,-0.4736996336996337,-0.19251028806584364,opentts_mykyta
75k,original,11,near_one,-0.3621257985308716,-0.3502458210422813,duration_ratio,-0.49705603038936375,-0.1868723768989774,opentts_tetiana
75k,original,11,near_one,-0.220237184492256,-0.17186532381604258,duration_ratio,-0.4837572096812045,-0.041799089221358,tg_voices_uk
75k,original,11,near_one,0.05921086043379797,0.10144927536231885,duration_ratio,-0.12048886375422835,0.23823006565317217,ua_ser
75k,original,11,near_one,-0.25808380888249666,-0.26326889279437615,duration_ratio,-0.5508245470158681,0.023281867821502544,ukr_dialects
75k,original,8,,-0.24609224729637746,,duration_ratio,,,source_macro
75k,original,88,lower,-0.22727272727272727,0.0,hf_burst_count,-9.249999999999996,4.0,all
75k,original,11,lower,2.4545454545454546,2.0,hf_burst_count,-0.5,5.5,common_voice_available_uk
75k,original,11,lower,-6.181818181818182,-6.0,hf_burst_count,-13.5,5.5,fleurs_uk
75k,original,11,lower,-0.18181818181818182,0.0,hf_burst_count,-1.5,1.0,opentts_lada
75k,original,11,lower,-0.2727272727272727,0.0,hf_burst_count,-1.0,0.0,opentts_mykyta
75k,original,11,lower,-0.2727272727272727,0.0,hf_burst_count,-1.5,1.0,opentts_tetiana
75k,original,11,lower,0.8181818181818182,1.0,hf_burst_count,-1.0,2.5,tg_voices_uk
75k,original,11,lower,0.36363636363636365,0.0,hf_burst_count,-1.5,2.5,ua_ser
75k,original,11,lower,1.4545454545454546,1.0,hf_burst_count,0.0,3.5,ukr_dialects
75k,original,8,,-0.22727272727272724,,hf_burst_count,,,source_macro
75k,previous,88,higher,0.12802880189635538,0.09565186500549316,sigmos_overall,-0.40057851076126094,0.6645646572113035,all
75k,previous,11,higher,0.18568403070623224,0.13242459297180176,sigmos_overall,-0.08204972743988037,0.5668220520019531,common_voice_available_uk
75k,previous,11,higher,0.057024132121693,0.09618091583251953,sigmos_overall,-0.20064067840576172,0.29972827434539795,fleurs_uk
75k,previous,11,higher,0.1303676041689786,0.02955460548400879,sigmos_overall,-0.13887238502502441,0.6554409265518188,opentts_lada
75k,previous,11,higher,0.36796615340492944,0.30211472511291504,sigmos_overall,-0.019604206085205078,0.9755038022994995,opentts_mykyta
75k,previous,11,higher,0.015585899353027344,0.0564272403717041,sigmos_overall,-0.6324343681335449,0.6184960603713989,opentts_tetiana
75k,previous,11,higher,0.270246375690807,0.2482438087463379,sigmos_overall,-0.2120664119720459,0.6607306003570557,tg_voices_uk
75k,previous,11,higher,-0.08529173244129527,-0.03771090507507324,sigmos_overall,-0.4252668619155884,0.16184747219085693,ua_ser
75k,previous,11,higher,0.08264795216647061,0.09329342842102051,sigmos_overall,-0.47167742252349854,0.42997169494628906,ukr_dialects
75k,previous,8,,0.12802880189635538,,sigmos_overall,,,source_macro
75k,previous,88,higher,0.09390069950710643,0.08444881439208984,sigmos_speech,-0.5092930197715759,0.6733609914779659,all
75k,previous,11,higher,0.13878787647594104,0.07140207290649414,sigmos_speech,-0.2127077579498291,0.5584239959716797,common_voice_available_uk
75k,previous,11,higher,0.14519749988209119,0.1285712718963623,sigmos_speech,-0.16063785552978516,0.41003990173339844,fleurs_uk
75k,previous,11,higher,0.04795950109308416,-0.05093741416931152,sigmos_speech,-0.3359609842300415,0.7227741479873657,opentts_lada
75k,previous,11,higher,0.3353890939192338,0.26183462142944336,sigmos_speech,-0.16820287704467773,1.035175085067749,opentts_mykyta
75k,previous,11,higher,-0.06595273451371626,-0.010448455810546875,sigmos_speech,-0.6547073125839233,0.4739675521850586,opentts_tetiana
75k,previous,11,higher,0.2552043524655429,0.37807655334472656,sigmos_speech,-0.4068411588668823,0.6281005144119263,tg_voices_uk
75k,previous,11,higher,-0.13067501241510565,-0.07075142860412598,sigmos_speech,-0.5712188482284546,0.20412695407867432,ua_ser
75k,previous,11,higher,0.025295019149780273,-0.052889347076416016,sigmos_speech,-0.5833324193954468,0.6472376585006714,ukr_dialects
75k,previous,8,,0.09390069950710644,,sigmos_speech,,,source_macro
75k,previous,88,higher,0.04625550725243308,0.054920196533203125,sigmos_noise,-0.7039233565330505,0.8198262572288512,all
75k,previous,11,higher,0.10868681560863148,0.04330635070800781,sigmos_noise,-0.4514002799987793,0.6642781496047974,common_voice_available_uk
75k,previous,11,higher,0.22807745500044388,0.20391249656677246,sigmos_noise,-0.19298970699310303,0.670241117477417,fleurs_uk
75k,previous,11,higher,0.35859543626958673,0.35526609420776367,sigmos_noise,-0.6844997406005859,1.2471628189086914,opentts_lada
75k,previous,11,higher,-0.21382386034185236,-0.20708608627319336,sigmos_noise,-0.7538402080535889,0.3177911043167114,opentts_mykyta
75k,previous,11,higher,-0.052473350004716354,-0.05254173278808594,sigmos_noise,-0.4035598039627075,0.2773956060409546,opentts_tetiana
75k,previous,11,higher,0.02690800753506747,0.21815133094787598,sigmos_noise,-0.6154888868331909,0.4449784755706787,tg_voices_uk
75k,previous,11,higher,0.009694944728504528,-0.02512216567993164,sigmos_noise,-0.5427945852279663,0.5966557264328003,ua_ser
75k,previous,11,higher,-0.09562139077620073,0.1556687355041504,sigmos_noise,-1.054025650024414,0.5772686004638672,ukr_dialects
75k,previous,8,,0.04625550725243308,,sigmos_noise,,,source_macro
75k,previous,88,higher,0.25599378076466645,0.293804407119751,sigmos_coloration,-0.39559297561645507,0.7357910990715024,all
75k,previous,11,higher,0.11631974306973544,0.11174297332763672,sigmos_coloration,-0.4330573081970215,0.6400721073150635,common_voice_available_uk
75k,previous,11,higher,0.15784454345703125,0.26138758659362793,sigmos_coloration,-0.42696595191955566,0.581377387046814,fleurs_uk
75k,previous,11,higher,0.21035703745755283,0.17991995811462402,sigmos_coloration,-0.37419676780700684,0.6918849945068359,opentts_lada
75k,previous,11,higher,0.326211235739968,0.25151491165161133,sigmos_coloration,-0.13769841194152832,0.9509631395339966,opentts_mykyta
75k,previous,11,higher,0.2546736110340465,0.2770071029663086,sigmos_coloration,-0.054422736167907715,0.515579342842102,opentts_tetiana
75k,previous,11,higher,0.3915860219435258,0.4896738529205322,sigmos_coloration,-0.3442249298095703,0.9842650890350342,tg_voices_uk
75k,previous,11,higher,0.1184735514900901,0.1127321720123291,sigmos_coloration,-0.35637152194976807,0.4993687868118286,ua_ser
75k,previous,11,higher,0.4724845019253818,0.5916800498962402,sigmos_coloration,-0.03882944583892822,0.8340901136398315,ukr_dialects
75k,previous,8,,0.2559937807646665,,sigmos_coloration,,,source_macro
75k,previous,88,higher,-0.058835151520642365,-0.04538404941558838,sigmos_discontinuity,-0.6883175492286682,0.5431578278541562,all
75k,previous,11,higher,-0.08562915975397284,0.018088817596435547,sigmos_discontinuity,-0.6202126741409302,0.32169437408447266,common_voice_available_uk
75k,previous,11,higher,-0.07399452816356313,0.01940155029296875,sigmos_discontinuity,-0.49934089183807373,0.32026100158691406,fleurs_uk
75k,previous,11,higher,0.15434872020374646,0.24191761016845703,sigmos_discontinuity,-0.5817180871963501,0.7689172029495239,opentts_lada
75k,previous,11,higher,-0.14328683506358753,-0.16645550727844238,sigmos_discontinuity,-0.8244485855102539,0.5682651996612549,opentts_mykyta
75k,previous,11,higher,-0.20481172474947842,-0.37894201278686523,sigmos_discontinuity,-0.6177600622177124,0.4781782627105713,opentts_tetiana
75k,previous,11,higher,-0.05753326416015625,0.050917625427246094,sigmos_discontinuity,-0.4999048709869385,0.3840280771255493,tg_voices_uk
75k,previous,11,higher,0.016026691956953568,-0.039886474609375,sigmos_discontinuity,-0.23798048496246338,0.42741191387176514,ua_ser
75k,previous,11,higher,-0.0758011124350808,-0.2291121482849121,sigmos_discontinuity,-0.4486725330352783,0.5860565900802612,ukr_dialects
75k,previous,8,,-0.05883515152064236,,sigmos_discontinuity,,,source_macro
75k,previous,88,higher,0.8181057572364807,0.7916169166564941,audiobox_pq,0.014706587791442901,1.526535725593566,all
75k,previous,11,higher,0.9192358363758434,0.7284178733825684,audiobox_pq,0.3299589157104492,1.7443873882293701,common_voice_available_uk
75k,previous,11,higher,0.9175066947937012,0.9020352363586426,audiobox_pq,0.4649965763092041,1.3575129508972168,fleurs_uk
75k,previous,11,higher,0.2526258121837269,0.31012916564941406,audiobox_pq,-0.3465540409088135,0.9464001655578613,opentts_lada
75k,previous,11,higher,0.9244357022372159,0.7412571907043457,audiobox_pq,0.38965678215026855,1.7227027416229248,opentts_mykyta
75k,previous,11,higher,0.9465409192171964,1.0909485816955566,audiobox_pq,-0.12012243270874023,1.7000746726989746,opentts_tetiana
75k,previous,11,higher,1.0516056580977007,0.974571704864502,audiobox_pq,0.4724009037017822,1.7407846450805664,tg_voices_uk
75k,previous,11,higher,0.975976597179066,0.9461555480957031,audiobox_pq,0.46190500259399414,1.5135242938995361,ua_ser
75k,previous,11,higher,0.5569188378073953,0.5687365531921387,audiobox_pq,0.05942201614379883,1.127246618270874,ukr_dialects
75k,previous,8,,0.8181057572364807,,audiobox_pq,,,source_macro
75k,previous,88,lower,-0.06251784191623745,-0.04333541927409261,cer,-0.2375,0.06976190476190472,all
75k,previous,11,lower,-0.006549563387851093,0.0,cer,-0.08727621483375961,0.061274509803921566,common_voice_available_uk
75k,previous,11,lower,-0.024859717477252297,-0.02222222222222222,cer,-0.07001661856030789,0.018196856906534338,fleurs_uk
75k,previous,11,lower,-0.091548238518659,-0.1320754716981132,cer,-0.2,0.10416666666666666,opentts_lada
75k,previous,11,lower,-0.10112394652780456,-0.0425531914893617,cer,-0.4307692307692308,0.09821428571428571,opentts_mykyta
75k,previous,11,lower,-0.06592613006771292,-0.06451612903225806,cer,-0.16666666666666669,0.024999999999999994,opentts_tetiana
75k,previous,11,lower,-0.05542663294975533,-0.08333333333333334,cer,-0.1637972262075562,0.08205998868138087,tg_voices_uk
75k,previous,11,lower,-0.07372782786060297,-0.047619047619047616,cer,-0.25996810207336524,0.015625,ua_ser
75k,previous,11,lower,-0.08098067854026145,-0.06,cer,-0.2738095238095238,0.04276729559748427,ukr_dialects
75k,previous,8,,-0.06251784191623745,,cer,,,source_macro
75k,previous,88,lower,-0.12598914491628396,-0.09090909090909093,wer,-0.5844444444444444,0.25,all
75k,previous,11,lower,-0.0282139577594123,0.0,wer,-0.22916666666666669,0.17500000000000002,common_voice_available_uk
75k,previous,11,lower,0.020713012477718368,0.0,wer,-0.16249999999999998,0.26,fleurs_uk
75k,previous,11,lower,-0.2506887052341598,-0.22222222222222227,wer,-0.6666666666666667,0.08333333333333331,opentts_lada
75k,previous,11,lower,-0.129004329004329,0.0,wer,-0.5833333333333333,0.2666666666666666,opentts_mykyta
75k,previous,11,lower,-0.10977305522760067,-0.1,wer,-0.4722222222222222,0.21212121212121213,opentts_tetiana
75k,previous,11,lower,-0.2169946215400761,-0.25,wer,-0.5902777777777778,0.225,tg_voices_uk
75k,previous,11,lower,-0.10006660006660008,-0.07692307692307693,wer,-0.41666666666666663,0.14285714285714285,ua_ser
75k,previous,11,lower,-0.19388490297581207,-0.18181818181818182,wer,-0.5,0.10073260073260075,ukr_dialects
75k,previous,8,,-0.12598914491628393,,wer,,,source_macro
75k,previous,88,lower,-0.07053139673153984,-0.04040816326530612,parakeet_cer,-0.30940170940170936,0.07604166666666648,all
75k,previous,11,lower,-0.04103161928284565,0.0,parakeet_cer,-0.17902813299232737,0.10166666666666667,common_voice_available_uk
75k,previous,11,lower,-0.10234331020799829,-0.02631578947368421,parakeet_cer,-0.646628910463862,0.2801511188607963,fleurs_uk
75k,previous,11,lower,-0.10709517413902722,-0.08333333333333334,parakeet_cer,-0.29264705882352937,0.08928571428571427,opentts_lada
75k,previous,11,lower,-0.11619814188888665,-0.09090909090909094,parakeet_cer,-0.3173076923076923,0.03125,opentts_mykyta
75k,previous,11,lower,-0.060899358991286914,0.0,parakeet_cer,-0.2738095238095238,0.013888888888888888,opentts_tetiana
75k,previous,11,lower,-0.05879544254806413,-0.02,parakeet_cer,-0.19014447884416924,0.0,tg_voices_uk
75k,previous,11,lower,-0.030508564402105056,0.0,parakeet_cer,-0.23414304993252358,0.19562500000000005,ua_ser
75k,previous,11,lower,-0.04737956239210483,-0.02631578947368421,parakeet_cer,-0.165,0.009433962264150943,ukr_dialects
75k,previous,8,,-0.07053139673153984,,parakeet_cer,,,source_macro
75k,previous,88,lower,-0.12295693537003699,0.0,parakeet_wer,-0.59,0.25,all
75k,previous,11,lower,-0.08785583103764924,0.0,parakeet_wer,-0.4147727272727273,0.20833333333333334,common_voice_available_uk
75k,previous,11,lower,-0.13588532382650034,-0.04166666666666666,parakeet_wer,-0.625,0.22499999999999998,fleurs_uk
75k,previous,11,lower,-0.1926078971533517,-0.09090909090909088,parakeet_wer,-0.8333333333333333,0.4166666666666667,opentts_lada
75k,previous,11,lower,-0.06385281385281384,0.0,parakeet_wer,-0.38095238095238093,0.25,opentts_mykyta
75k,previous,11,lower,-0.08264462809917356,0.0,parakeet_wer,-0.4722222222222222,0.13888888888888887,opentts_tetiana
75k,previous,11,lower,-0.1732323232323232,-0.125,parakeet_wer,-0.5777777777777777,0.0,tg_voices_uk
75k,previous,11,lower,-0.10556110556110555,0.0,parakeet_wer,-0.4523809523809524,0.13888888888888887,ua_ser
75k,previous,11,lower,-0.14201556019737838,-0.16666666666666666,parakeet_wer,-0.538961038961039,0.1602564102564103,ukr_dialects
75k,previous,8,,-0.12295693537003698,,parakeet_wer,,,source_macro
75k,previous,88,higher,0.050800657492469654,0.04087434709072113,ecapa_similarity,-0.06178087964653968,0.16615759059786794,all
75k,previous,11,higher,0.0012114386666904795,-0.001629948616027832,ecapa_similarity,-0.06440989673137665,0.08424309641122818,common_voice_available_uk
75k,previous,11,higher,0.09711036492477763,0.0950777530670166,ecapa_similarity,0.0021256953477859497,0.19377492368221283,fleurs_uk
75k,previous,11,higher,0.053037150339646774,0.012511014938354492,ecapa_similarity,-0.01740454137325287,0.1389714777469635,opentts_lada
75k,previous,11,higher,0.08130701699040153,0.07313087582588196,ecapa_similarity,-0.04960176348686218,0.18517854809761047,opentts_mykyta
75k,previous,11,higher,0.06415552171793851,0.05333280563354492,ecapa_similarity,-0.008824631571769714,0.16108949482440948,opentts_tetiana
75k,previous,11,higher,0.023210688748142937,0.027577832341194153,ecapa_similarity,-0.037266116589307785,0.0725783035159111,tg_voices_uk
75k,previous,11,higher,0.04235028136860241,0.04962119460105896,ecapa_similarity,-0.07090732455253601,0.15360800921916962,ua_ser
75k,previous,11,higher,0.04402279718355699,0.02583250403404236,ecapa_similarity,-0.05517864227294922,0.17691274732351303,ukr_dialects
75k,previous,8,,0.05080065749246966,,ecapa_similarity,,,source_macro
75k,previous,88,lower,0.0,0.0,clipping_fraction,0.0,0.0,all
75k,previous,11,lower,0.0,0.0,clipping_fraction,0.0,0.0,common_voice_available_uk
75k,previous,11,lower,0.0,0.0,clipping_fraction,0.0,0.0,fleurs_uk
75k,previous,11,lower,0.0,0.0,clipping_fraction,0.0,0.0,opentts_lada
75k,previous,11,lower,0.0,0.0,clipping_fraction,0.0,0.0,opentts_mykyta
75k,previous,11,lower,0.0,0.0,clipping_fraction,0.0,0.0,opentts_tetiana
75k,previous,11,lower,0.0,0.0,clipping_fraction,0.0,0.0,tg_voices_uk
75k,previous,11,lower,0.0,0.0,clipping_fraction,0.0,0.0,ua_ser
75k,previous,11,lower,0.0,0.0,clipping_fraction,0.0,0.0,ukr_dialects
75k,previous,8,,0.0,,clipping_fraction,,,source_macro
75k,previous,88,near_one,0.014493710755252964,0.009996988858777478,duration_ratio,-0.033869629742738515,0.055908873306862686,all
75k,previous,11,near_one,0.0007622010957903228,-0.0019323671497584183,duration_ratio,-0.012763532763532703,0.020555555555555494,common_voice_available_uk
75k,previous,11,near_one,0.023283593973931913,0.02269503546099294,duration_ratio,3.417927027254963e-05,0.041020801384137495,fleurs_uk
75k,previous,11,near_one,0.06600632684888355,0.018276220145378996,duration_ratio,-0.016368016368016325,0.2939512774806893,opentts_lada
75k,previous,11,near_one,0.0014965262945060842,0.0054700854700854284,duration_ratio,-0.028553339664450783,0.03400352733686071,opentts_mykyta
75k,previous,11,near_one,0.006148311961663443,0.007729468599033784,duration_ratio,-0.07686282557761703,0.06955471222241921,opentts_tetiana
75k,previous,11,near_one,-0.010066670185289313,-0.008247156985921822,duration_ratio,-0.056328120408141,0.023811793275310522,tg_voices_uk
75k,previous,11,near_one,0.01848690075682622,0.017066666666666785,duration_ratio,-0.00784550921554783,0.053003748416537155,ua_ser
75k,previous,11,near_one,0.009832495295711478,0.00943952802359882,duration_ratio,-0.036438716396537174,0.036107244647709896,ukr_dialects
75k,previous,8,,0.014493710755252963,,duration_ratio,,,source_macro
75k,previous,88,lower,0.26136363636363635,0.0,hf_burst_count,-1.0,1.0,all
75k,previous,11,lower,0.7272727272727273,0.0,hf_burst_count,0.0,2.5,common_voice_available_uk
75k,previous,11,lower,-0.18181818181818182,0.0,hf_burst_count,-2.0,1.0,fleurs_uk
75k,previous,11,lower,-0.09090909090909091,0.0,hf_burst_count,-1.0,0.5,opentts_lada
75k,previous,11,lower,0.18181818181818182,0.0,hf_burst_count,-0.5,1.0,opentts_mykyta
75k,previous,11,lower,0.5454545454545454,1.0,hf_burst_count,0.0,1.0,opentts_tetiana
75k,previous,11,lower,0.2727272727272727,0.0,hf_burst_count,-0.5,1.0,tg_voices_uk
75k,previous,11,lower,0.18181818181818182,0.0,hf_burst_count,-0.5,1.0,ua_ser
75k,previous,11,lower,0.45454545454545453,0.0,hf_burst_count,0.0,1.0,ukr_dialects
75k,previous,8,,0.26136363636363635,,hf_burst_count,,,source_macro
100k,original,88,higher,-0.4767663207921115,-0.5134627819061279,sigmos_overall,-1.3752317786216737,0.4341219425201407,all
100k,original,11,higher,-0.5321632948788729,-0.3948225975036621,sigmos_overall,-0.9868881702423096,-0.03325235843658447,common_voice_available_uk
100k,original,11,higher,-0.8553989367051558,-0.8892107009887695,sigmos_overall,-1.447360634803772,-0.08220303058624268,fleurs_uk
100k,original,11,higher,-0.41131851889870386,-0.435516357421875,sigmos_overall,-1.14940345287323,0.09999227523803711,opentts_lada
100k,original,11,higher,-0.6624828251925382,-0.6192941665649414,sigmos_overall,-1.4164118766784668,-0.15193605422973633,opentts_mykyta
100k,original,11,higher,-0.9867895299738104,-0.7821574211120605,sigmos_overall,-1.5456775426864624,-0.565711259841919,opentts_tetiana
100k,original,11,higher,-0.16561094197359952,-0.3199317455291748,sigmos_overall,-0.873206377029419,0.8898016214370728,tg_voices_uk
100k,original,11,higher,-0.06506445191123268,0.05330824851989746,sigmos_overall,-0.5531042814254761,0.32489311695098877,ua_ser
100k,original,11,higher,-0.13530206680297852,-0.22370076179504395,sigmos_overall,-0.7057417631149292,0.6397489309310913,ukr_dialects
100k,original,8,,-0.4767663207921115,,sigmos_overall,,,source_macro
100k,original,88,higher,-0.4794818731871518,-0.5466320514678955,sigmos_speech,-1.4794998049736023,0.48183410167694074,all
100k,original,11,higher,-0.48163700103759766,-0.37122178077697754,sigmos_speech,-1.13927161693573,0.20380771160125732,common_voice_available_uk
100k,original,11,higher,-0.9022400812669233,-0.8259506225585938,sigmos_speech,-1.5510025024414062,-0.08538258075714111,fleurs_uk
100k,original,11,higher,-0.4140287962826816,-0.3151566982269287,sigmos_speech,-1.1315401792526245,0.014214277267456055,opentts_lada
100k,original,11,higher,-0.76757474379106,-0.8185665607452393,sigmos_speech,-1.3798991441726685,-0.19335782527923584,opentts_mykyta
100k,original,11,higher,-1.061495217410001,-0.7653603553771973,sigmos_speech,-1.9453997611999512,-0.6067706346511841,opentts_tetiana
100k,original,11,higher,-0.27650948004289105,-0.31418609619140625,sigmos_speech,-1.1744660139083862,0.9451689720153809,tg_voices_uk
100k,original,11,higher,0.09665870666503906,0.26637768745422363,sigmos_speech,-0.6406244039535522,0.5455996990203857,ua_ser
100k,original,11,higher,-0.029028372331099075,0.09384512901306152,sigmos_speech,-0.643256664276123,0.5470700263977051,ukr_dialects
100k,original,8,,-0.47948187318715185,,sigmos_speech,,,source_macro
100k,original,88,higher,0.021169006824493408,-0.06988656520843506,sigmos_noise,-0.840882396697998,1.4527879595756525,all
100k,original,11,higher,-0.27742216803810815,-0.24123930931091309,sigmos_noise,-0.9458314180374146,0.27849888801574707,common_voice_available_uk
100k,original,11,higher,0.11624043638055975,0.013300657272338867,sigmos_noise,-0.3825032711029053,0.699748158454895,fleurs_uk
100k,original,11,higher,-0.21828666600314053,-0.13822102546691895,sigmos_noise,-0.9836040735244751,0.3540593385696411,opentts_lada
100k,original,11,higher,-0.4105354872616855,-0.4631795883178711,sigmos_noise,-0.7269340753555298,0.08639144897460938,opentts_mykyta
100k,original,11,higher,-0.49123636159029876,-0.5247659683227539,sigmos_noise,-0.8077402114868164,-0.006087779998779297,opentts_tetiana
100k,original,11,higher,0.25020608035000885,0.2911977767944336,sigmos_noise,-0.8386068344116211,1.164534330368042,tg_voices_uk
100k,original,11,higher,0.7420959689400413,1.0396299362182617,sigmos_noise,-0.34688663482666016,1.4441269636154175,ua_ser
100k,original,11,higher,0.45829025181857025,0.03771328926086426,sigmos_noise,-0.6349245309829712,1.7952748537063599,ukr_dialects
100k,original,8,,0.021169006824493394,,sigmos_noise,,,source_macro
100k,original,88,higher,-0.6904291700233113,-0.761313796043396,sigmos_coloration,-1.4735743403434753,0.13855060338973935,all
100k,original,11,higher,-0.6379542350769043,-0.7180354595184326,sigmos_coloration,-1.776551365852356,0.4747260808944702,common_voice_available_uk
100k,original,11,higher,-0.9039821624755859,-0.8399438858032227,sigmos_coloration,-1.463109016418457,-0.36261558532714844,fleurs_uk
100k,original,11,higher,-0.7086245580153032,-0.6548669338226318,sigmos_coloration,-1.3451082706451416,0.01612067222595215,opentts_lada
100k,original,11,higher,-0.8304883566769686,-0.862069845199585,sigmos_coloration,-1.5253729820251465,-0.06344640254974365,opentts_mykyta
100k,original,11,higher,-0.9039839181033048,-0.8910965919494629,sigmos_coloration,-1.4197405576705933,-0.3464086055755615,opentts_tetiana
100k,original,11,higher,-0.5769904310053046,-0.7401247024536133,sigmos_coloration,-1.047247290611267,-0.06494331359863281,tg_voices_uk
100k,original,11,higher,-0.5848240418867632,-0.7601163387298584,sigmos_coloration,-1.0008854866027832,0.1946697235107422,ua_ser
100k,original,11,higher,-0.37658565694635565,-0.3103220462799072,sigmos_coloration,-1.07510507106781,0.2892957925796509,ukr_dialects
100k,original,8,,-0.6904291700233114,,sigmos_coloration,,,source_macro
100k,original,88,higher,-0.15664762529459866,-0.15651941299438477,sigmos_discontinuity,-0.9808606147766114,0.7600467324256893,all
100k,original,11,higher,-0.316784143447876,-0.3294076919555664,sigmos_discontinuity,-0.9323174953460693,0.22652947902679443,common_voice_available_uk
100k,original,11,higher,-0.33029638637195935,-0.38138699531555176,sigmos_discontinuity,-0.744753360748291,-0.01803719997406006,fleurs_uk
100k,original,11,higher,-0.03377758372913708,-0.09392380714416504,sigmos_discontinuity,-0.8618690967559814,0.8210214376449585,opentts_lada
100k,original,11,higher,-0.27073623917319556,-0.18221521377563477,sigmos_discontinuity,-0.8287047147750854,0.3767843246459961,opentts_mykyta
100k,original,11,higher,-0.3164963288740678,-0.23781251907348633,sigmos_discontinuity,-0.9861750602722168,0.16437196731567383,opentts_tetiana
100k,original,11,higher,-0.22789851101962003,-0.4244544506072998,sigmos_discontinuity,-1.353432059288025,1.0812954902648926,tg_voices_uk
100k,original,11,higher,0.42674138329245825,0.5039966106414795,sigmos_discontinuity,-0.0317990779876709,1.0472207069396973,ua_ser
100k,original,11,higher,-0.18393319303339178,-0.21552395820617676,sigmos_discontinuity,-0.6841319799423218,0.4584585428237915,ukr_dialects
100k,original,8,,-0.15664762529459866,,sigmos_discontinuity,,,source_macro
100k,original,88,higher,0.39584723114967346,0.16594481468200684,audiobox_pq,-0.7425013780593872,2.3819943428039547,all
100k,original,11,higher,1.240721269087358,1.1838717460632324,audiobox_pq,0.28235316276550293,2.543684720993042,common_voice_available_uk
100k,original,11,higher,0.31550810553810815,0.25597190856933594,audiobox_pq,-0.09554433822631836,0.7243990898132324,fleurs_uk
100k,original,11,higher,-0.10775371031327681,-0.08512067794799805,audiobox_pq,-0.541015625,0.4384195804595947,opentts_lada
100k,original,11,higher,-0.6709207187999379,-0.6171741485595703,audiobox_pq,-1.0993552207946777,-0.39673948287963867,opentts_mykyta
100k,original,11,higher,-0.3232273621992631,-0.29535770416259766,audiobox_pq,-0.5060203075408936,-0.19866061210632324,opentts_tetiana
100k,original,11,higher,0.8120013150301847,0.5866250991821289,audiobox_pq,-0.2519533634185791,2.3112683296203613,tg_voices_uk
100k,original,11,higher,0.8377304510636763,0.2887897491455078,audiobox_pq,-0.4693617820739746,2.6590471267700195,ua_ser
100k,original,11,higher,1.0627184997905383,1.3663735389709473,audiobox_pq,-0.5980560779571533,3.0262104272842407,ukr_dialects
100k,original,8,,0.39584723114967346,,audiobox_pq,,,source_macro
100k,original,88,lower,0.0007932103710617156,0.0,cer,-0.19562499999999997,0.18456659619450316,all
100k,original,11,lower,-0.005963456204745876,0.0,cer,-0.1017156862745098,0.065,common_voice_available_uk
100k,original,11,lower,-0.00024721119847388983,0.0,cer,-0.08448106246925725,0.06926766279284265,fleurs_uk
100k,original,11,lower,0.09105282752935233,0.07142857142857142,cer,0.0,0.225,opentts_lada
100k,original,11,lower,0.05514241474190012,0.058823529411764705,cer,0.0,0.1653771760154739,opentts_mykyta
100k,original,11,lower,0.06026923857286739,0.027777777777777776,cer,-0.007462686567164179,0.23026315789473684,opentts_tetiana
100k,original,11,lower,0.0009237682702909616,0.0,cer,-0.11145510835913312,0.10264227642276422,tg_voices_uk
100k,original,11,lower,-0.0470760087865351,-0.02564102564102564,cer,-0.17375000000000002,0.017857142857142856,ua_ser
100k,original,11,lower,-0.1477558899561622,-0.18421052631578946,cer,-0.3399595687331537,0.05,ukr_dialects
100k,original,8,,0.0007932103710617151,,cer,,,source_macro
100k,original,88,lower,0.10326866946185126,0.0,wer,-0.24326923076923077,0.5464285714285708,all
100k,original,11,lower,0.0022268135904499457,0.0,wer,-0.4,0.3939393939393939,common_voice_available_uk
100k,original,11,lower,0.1143939393939394,0.05555555555555555,wer,-0.025,0.3388888888888889,fleurs_uk
100k,original,11,lower,0.31868686868686863,0.2,wer,0.0,0.875,opentts_lada
100k,original,11,lower,0.26331168831168833,0.3333333333333333,wer,-0.125,0.5357142857142857,opentts_mykyta
100k,original,11,lower,0.29030565394201757,0.16666666666666666,wer,-0.045454545454545456,1.0833333333333333,opentts_tetiana
100k,original,11,lower,0.05141020595566049,0.09090909090909088,wer,-0.16964285714285715,0.2111111111111111,tg_voices_uk
100k,original,11,lower,-0.057276057276057286,-0.1111111111111111,wer,-0.16666666666666666,0.12698412698412698,ua_ser
100k,original,11,lower,-0.1569097569097569,-0.08333333333333333,wer,-0.6190476190476191,0.125,ukr_dialects
100k,original,8,,0.10326866946185127,,wer,,,source_macro
100k,original,88,lower,0.016391958431722874,0.02452153110047847,parakeet_cer,-0.1757368421052631,0.29545454545454514,all
100k,original,11,lower,0.021805667254914667,0.0,parakeet_cer,-0.024509803921568627,0.08514492753623187,common_voice_available_uk
100k,original,11,lower,0.020398953212486262,0.02631578947368421,parakeet_cer,-0.029135041113219483,0.07555389594224546,fleurs_uk
100k,original,11,lower,0.12012449651029523,0.10714285714285714,parakeet_cer,0.035897435897435895,0.2945736434108527,opentts_lada
100k,original,11,lower,0.14155435066816516,0.05263157894736842,parakeet_cer,0.0,0.35416666666666663,opentts_mykyta
100k,original,11,lower,0.058991632649212374,0.027777777777777776,parakeet_cer,-0.007462686567164179,0.23421052631578948,opentts_tetiana
100k,original,11,lower,0.028964450216408037,0.0,parakeet_cer,-0.02832415420928403,0.12044817927170867,tg_voices_uk
100k,original,11,lower,-0.06197955619606337,-0.09090909090909091,parakeet_cer,-0.15142857142857138,0.09188034188034187,ua_ser
100k,original,11,lower,-0.19872432686163535,-0.09523809523809523,parakeet_cer,-0.7333333333333334,0.03333333333333333,ukr_dialects
100k,original,8,,0.016391958431722878,,parakeet_cer,,,source_macro
100k,original,88,lower,0.1421012335851908,0.11437908496732027,parakeet_wer,-0.33333333333333337,0.8833333333333304,all
100k,original,11,lower,0.1328971533516988,0.0,parakeet_wer,-0.11249999999999999,0.45454545454545453,common_voice_available_uk
100k,original,11,lower,0.07105466428995841,0.1,parakeet_wer,-0.07941176470588236,0.22916666666666666,fleurs_uk
100k,original,11,lower,0.4633149678604224,0.3333333333333333,parakeet_wer,0.12878787878787878,1.3333333333333335,opentts_lada
100k,original,11,lower,0.3177489177489177,0.2857142857142857,parakeet_wer,-0.16666666666666666,1.0,opentts_mykyta
100k,original,11,lower,0.2690935327298964,0.14285714285714285,parakeet_wer,-0.045454545454545456,0.9166666666666666,opentts_tetiana
100k,original,11,lower,0.19986225895316806,0.25,parakeet_wer,-0.1875,0.45,tg_voices_uk
100k,original,11,lower,-0.10922410922410922,-0.15384615384615385,parakeet_wer,-0.4166666666666667,0.22619047619047622,ua_ser
100k,original,11,lower,-0.2079375170284261,-0.14285714285714285,parakeet_wer,-0.8333333333333333,0.27380952380952384,ukr_dialects
100k,original,8,,0.14210123358519083,,parakeet_wer,,,source_macro
100k,original,88,higher,-0.665279302068732,-0.6732791513204575,ecapa_similarity,-0.8282408438622951,-0.4871053814888001,all
100k,original,11,higher,-0.7187154211781241,-0.736751526594162,ecapa_similarity,-0.8368620201945305,-0.6195864677429199,common_voice_available_uk
100k,original,11,higher,-0.5847193978049539,-0.5513688027858734,ecapa_similarity,-0.7086672186851501,-0.5176570266485214,fleurs_uk
100k,original,11,higher,-0.7506551390344446,-0.7542640119791031,ecapa_similarity,-0.8303022980690002,-0.6358791589736938,opentts_lada
100k,original,11,higher,-0.7354139685630798,-0.7336174845695496,ecapa_similarity,-0.7882295995950699,-0.6804681718349457,opentts_mykyta
100k,original,11,higher,-0.5557195950638164,-0.5348750054836273,ecapa_similarity,-0.6854621767997742,-0.4498288929462433,opentts_tetiana
100k,original,11,higher,-0.6852687610821291,-0.6585453152656555,ecapa_similarity,-0.8277989625930786,-0.5864235609769821,tg_voices_uk
100k,original,11,higher,-0.6437554521994158,-0.6387569308280945,ecapa_similarity,-0.7954160869121552,-0.4880620539188385,ua_ser
100k,original,11,higher,-0.6479866816238924,-0.6721278727054596,ecapa_similarity,-0.7370268478989601,-0.5225798785686493,ukr_dialects
100k,original,8,,-0.665279302068732,,ecapa_similarity,,,source_macro
100k,original,88,lower,0.0,0.0,clipping_fraction,0.0,0.0,all
100k,original,11,lower,0.0,0.0,clipping_fraction,0.0,0.0,common_voice_available_uk
100k,original,11,lower,0.0,0.0,clipping_fraction,0.0,0.0,fleurs_uk
100k,original,11,lower,0.0,0.0,clipping_fraction,0.0,0.0,opentts_lada
100k,original,11,lower,0.0,0.0,clipping_fraction,0.0,0.0,opentts_mykyta
100k,original,11,lower,0.0,0.0,clipping_fraction,0.0,0.0,opentts_tetiana
100k,original,11,lower,0.0,0.0,clipping_fraction,0.0,0.0,tg_voices_uk
100k,original,11,lower,0.0,0.0,clipping_fraction,0.0,0.0,ua_ser
100k,original,11,lower,0.0,0.0,clipping_fraction,0.0,0.0,ukr_dialects
100k,original,8,,0.0,,clipping_fraction,,,source_macro
100k,original,88,near_one,-0.2706607449213596,-0.2815772102973572,duration_ratio,-0.5017435897435898,0.05777004583227555,all
100k,original,11,near_one,-0.3227216091359823,-0.32333333333333336,duration_ratio,-0.41600000000000004,-0.223671970624235,common_voice_available_uk
100k,original,11,near_one,-0.220973208695922,-0.19999999999999996,duration_ratio,-0.3415075267054613,-0.13144208037825056,fleurs_uk
100k,original,11,near_one,-0.37817022101493447,-0.4579945799457994,duration_ratio,-0.515683082349749,-0.09499023851965027,opentts_lada
100k,original,11,near_one,-0.3642633778492364,-0.37616161616161603,duration_ratio,-0.4941666666666667,-0.19390946502057615,opentts_mykyta
100k,original,11,near_one,-0.3753408369312014,-0.38957718780727635,duration_ratio,-0.5077307212138673,-0.1580221237019961,opentts_tetiana
100k,original,11,near_one,-0.22420395624855682,-0.1781232684723445,duration_ratio,-0.48737788647982777,-0.02285857857347723,tg_voices_uk
100k,original,11,near_one,0.01623040571880213,0.025362318840579823,duration_ratio,-0.1836980275294452,0.2044486425533092,ua_ser
100k,original,11,near_one,-0.2958431552138455,-0.2777777777777778,duration_ratio,-0.5465110250095795,-0.1075579714978101,ukr_dialects
100k,original,8,,-0.2706607449213596,,duration_ratio,,,source_macro
100k,original,88,lower,-0.2727272727272727,0.0,hf_burst_count,-5.0,3.0,all
100k,original,11,lower,1.9090909090909092,2.0,hf_burst_count,-0.5,4.5,common_voice_available_uk
100k,original,11,lower,-4.636363636363637,-5.0,hf_burst_count,-13.0,7.0,fleurs_uk
100k,original,11,lower,-0.36363636363636365,0.0,hf_burst_count,-1.5,0.5,opentts_lada
100k,original,11,lower,-0.2727272727272727,0.0,hf_burst_count,-1.0,0.0,opentts_mykyta
100k,original,11,lower,-0.5454545454545454,0.0,hf_burst_count,-2.0,0.5,opentts_tetiana
100k,original,11,lower,0.18181818181818182,0.0,hf_burst_count,-1.0,1.5,tg_voices_uk
100k,original,11,lower,0.2727272727272727,0.0,hf_burst_count,-1.5,2.5,ua_ser
100k,original,11,lower,1.2727272727272727,1.0,hf_burst_count,0.0,3.0,ukr_dialects
100k,original,8,,-0.2727272727272727,,hf_burst_count,,,source_macro
100k,previous,88,higher,0.059376703067259354,0.05593311786651611,sigmos_overall,-0.4635946869850159,0.6900293350219725,all
100k,previous,11,higher,-0.165935603055087,-0.09332442283630371,sigmos_overall,-0.5998574495315552,0.21936309337615967,common_voice_available_uk
100k,previous,11,higher,0.04585500196977095,5.841255187988281e-05,sigmos_overall,-0.40821385383605957,0.6636437177658081,fleurs_uk
100k,previous,11,higher,0.3851900967684659,0.4092724323272705,sigmos_overall,-0.25639891624450684,0.7332251071929932,opentts_lada
100k,previous,11,higher,-0.23111378062855115,-0.32715630531311035,sigmos_overall,-0.8066905736923218,0.35623979568481445,opentts_mykyta
100k,previous,11,higher,0.16244992342862216,0.15346813201904297,sigmos_overall,-0.40313637256622314,0.7615150213241577,opentts_tetiana
100k,previous,11,higher,0.07008693434975365,0.15731024742126465,sigmos_overall,-0.40373027324676514,0.42923450469970703,tg_voices_uk
100k,previous,11,higher,0.1528655398975719,0.07822346687316895,sigmos_overall,-0.25178301334381104,0.6269207000732422,ua_ser
100k,previous,11,higher,0.05561551180752841,0.09752964973449707,sigmos_overall,-0.2576864957809448,0.3346925973892212,ukr_dialects
100k,previous,8,,0.05937670306725935,,sigmos_overall,,,source_macro
100k,previous,88,higher,0.09025967933914879,0.04672837257385254,sigmos_speech,-0.5981837749481201,0.8606642961502076,all
100k,previous,11,higher,-0.13741625439036975,-0.04476165771484375,sigmos_speech,-0.7506698369979858,0.33083629608154297,common_voice_available_uk
100k,previous,11,higher,-0.02792833068154075,-0.10448789596557617,sigmos_speech,-0.520012378692627,0.6761050224304199,fleurs_uk
100k,previous,11,higher,0.4540128924629905,0.5581629276275635,sigmos_speech,-0.2897152900695801,0.9103958606719971,opentts_lada
100k,previous,11,higher,-0.26984839005903766,-0.36139869689941406,sigmos_speech,-0.8767538070678711,0.528064489364624,opentts_mykyta
100k,previous,11,higher,0.2608151435852051,0.29201197624206543,sigmos_speech,-0.49998795986175537,0.8223757743835449,opentts_tetiana
100k,previous,11,higher,0.065577355298129,0.045244455337524414,sigmos_speech,-0.508582353591919,0.5100423097610474,tg_voices_uk
100k,previous,11,higher,0.26696326515891333,0.4167470932006836,sigmos_speech,-0.3979148864746094,0.8015844821929932,ua_ser
100k,previous,11,higher,0.10990175333890048,-0.04169750213623047,sigmos_speech,-0.26686596870422363,0.7727015018463135,ukr_dialects
100k,previous,8,,0.09025967933914879,,sigmos_speech,,,source_macro
100k,previous,88,higher,-0.07999556714838202,-0.0249481201171875,sigmos_noise,-0.6486942172050476,0.5559704065322874,all
100k,previous,11,higher,-0.27971354397860443,-0.3317708969116211,sigmos_noise,-0.7623933553695679,0.16004276275634766,common_voice_available_uk
100k,previous,11,higher,-0.09148263931274414,0.00699615478515625,sigmos_noise,-0.5569007396697998,0.2903921604156494,fleurs_uk
100k,previous,11,higher,-0.06715783205899326,-0.013122081756591797,sigmos_noise,-0.657891035079956,0.5728415250778198,opentts_lada
100k,previous,11,higher,-0.09396537867459384,-0.13143587112426758,sigmos_noise,-0.6230770349502563,0.30490219593048096,opentts_mykyta
100k,previous,11,higher,-0.03044228120283647,-0.08467721939086914,sigmos_noise,-0.3625004291534424,0.2292020320892334,opentts_tetiana
100k,previous,11,higher,0.0545272176915949,0.11014652252197266,sigmos_noise,-0.4285144805908203,0.5249608755111694,tg_voices_uk
100k,previous,11,higher,0.08992541920055043,-0.08550739288330078,sigmos_noise,-0.47761285305023193,0.7366517782211304,ua_ser
100k,previous,11,higher,-0.22165549885142932,-0.02472829818725586,sigmos_noise,-1.0549137592315674,0.3762394189834595,ukr_dialects
100k,previous,8,,-0.07999556714838202,,sigmos_noise,,,source_macro
100k,previous,88,higher,-0.029016397216103294,-0.08622419834136963,sigmos_coloration,-0.6740099668502807,0.573070192337036,all
100k,previous,11,higher,-0.08011133020574396,-0.12772655487060547,sigmos_coloration,-0.6110368967056274,0.5638630390167236,common_voice_available_uk
100k,previous,11,higher,0.05516782673922452,-0.01051473617553711,sigmos_coloration,-0.36811792850494385,0.42265236377716064,fleurs_uk
100k,previous,11,higher,0.05083753845908425,-0.06384539604187012,sigmos_coloration,-0.7350342273712158,0.813725471496582,opentts_lada
100k,previous,11,higher,-0.12392507899891246,-0.06256389617919922,sigmos_coloration,-0.8256770372390747,0.4141504764556885,opentts_mykyta
100k,previous,11,higher,0.0708871537988836,0.20854401588439941,sigmos_coloration,-0.4427589178085327,0.4685004949569702,opentts_tetiana
100k,previous,11,higher,-0.11030257831920277,-0.1266026496887207,sigmos_coloration,-0.5154370069503784,0.46281182765960693,tg_voices_uk
100k,previous,11,higher,-0.04989103837446733,-0.050653696060180664,sigmos_coloration,-0.706313967704773,0.718573808670044,ua_ser
100k,previous,11,higher,-0.04479367082769221,-0.1303253173828125,sigmos_coloration,-0.37136030197143555,0.4040091037750244,ukr_dialects
100k,previous,8,,-0.029016397216103294,,sigmos_coloration,,,source_macro
100k,previous,88,higher,0.11941015720367432,0.14080369472503662,sigmos_discontinuity,-0.5658285617828369,0.7190155148506161,all
100k,previous,11,higher,-0.045437856154008346,-0.22450494766235352,sigmos_discontinuity,-0.8270218372344971,0.8339064121246338,common_voice_available_uk
100k,previous,11,higher,0.10203389687971635,0.1240999698638916,sigmos_discontinuity,-0.3765242099761963,0.4140068292617798,fleurs_uk
100k,previous,11,higher,0.331291372125799,0.3325004577636719,sigmos_discontinuity,-0.555718183517456,1.510772943496704,opentts_lada
100k,previous,11,higher,-0.07337899641557173,-0.21451759338378906,sigmos_discontinuity,-0.5761334896087646,0.6653385162353516,opentts_mykyta
100k,previous,11,higher,0.40002805536443536,0.5783343315124512,sigmos_discontinuity,-0.2866922616958618,0.6787710189819336,opentts_tetiana
100k,previous,11,higher,0.022297490726817738,0.005794048309326172,sigmos_discontinuity,-0.5012921094894409,0.48219454288482666,tg_voices_uk
100k,previous,11,higher,0.09109772335399281,0.15372180938720703,sigmos_discontinuity,-0.3363090753555298,0.554160475730896,ua_ser
100k,previous,11,higher,0.12734957174821335,0.2777421474456787,sigmos_discontinuity,-0.5134638547897339,0.7626999616622925,ukr_dialects
100k,previous,8,,0.11941015720367432,,sigmos_discontinuity,,,source_macro
100k,previous,88,higher,0.09947725317694923,0.09525299072265625,audiobox_pq,-0.23739573955535886,0.42903952598571776,all
100k,previous,11,higher,0.3084328391335227,0.23924684524536133,audiobox_pq,0.10192036628723145,0.6556510925292969,common_voice_available_uk
100k,previous,11,higher,0.18704635446721857,0.19025659561157227,audiobox_pq,-0.19331622123718262,0.5856273174285889,fleurs_uk
100k,previous,11,higher,-0.04921887137673118,0.020701885223388672,audiobox_pq,-0.3835785388946533,0.1568458080291748,opentts_lada
100k,previous,11,higher,-0.23220959576693448,-0.19962072372436523,audiobox_pq,-0.5658562183380127,-0.02791309356689453,opentts_mykyta
100k,previous,11,higher,0.24232769012451172,0.14765357971191406,audiobox_pq,-0.050858259201049805,0.6729226112365723,opentts_tetiana
100k,previous,11,higher,0.1726852763782848,0.15023374557495117,audiobox_pq,-0.08535385131835938,0.4922797679901123,tg_voices_uk
100k,previous,11,higher,0.09069351716475053,0.09860658645629883,audiobox_pq,-0.11954355239868164,0.2398667335510254,ua_ser
100k,previous,11,higher,0.07606081529097124,0.07312679290771484,audiobox_pq,-0.09068560600280762,0.2802925109863281,ukr_dialects
100k,previous,8,,0.09947725317694925,,audiobox_pq,,,source_macro
100k,previous,88,lower,-0.019224882768964623,0.0,cer,-0.14666666666666664,0.08096590909090885,all
100k,previous,11,lower,-0.02130740976491679,0.0,cer,-0.0857843137254902,0.008333333333333331,common_voice_available_uk
100k,previous,11,lower,-0.025534991906059724,-0.01801801801801802,cer,-0.07304476143630104,0.0048543689320388345,fleurs_uk
100k,previous,11,lower,-0.03327974789580757,0.0,cer,-0.25,0.1063953488372093,opentts_lada
100k,previous,11,lower,-0.04266452204004129,0.0,cer,-0.21764705882352942,0.109284332688588,opentts_mykyta
100k,previous,11,lower,-0.0004715974640786673,0.0,cer,-0.06652046783625731,0.04540816326530612,opentts_tetiana
100k,previous,11,lower,-0.016895813747832954,0.0,cer,-0.11714770797962648,0.07526132404181185,tg_voices_uk
100k,previous,11,lower,0.006888944388944388,0.0,cer,-0.03125,0.06913919413919414,ua_ser
100k,previous,11,lower,-0.020533923721924363,0.0,cer,-0.09791666666666665,0.03125,ukr_dialects
100k,previous,8,,-0.019224882768964623,,cer,,,source_macro
100k,previous,88,lower,-0.03153472752737458,0.0,wer,-0.25,0.24027777777777756,all
100k,previous,11,lower,-0.06237373737373737,0.0,wer,-0.25,0.1534090909090909,common_voice_available_uk
100k,previous,11,lower,-0.07103683897801544,-0.05,wer,-0.21764705882352942,0.04166666666666667,fleurs_uk
100k,previous,11,lower,-0.06111111111111111,0.0,wer,-0.5833333333333333,0.2916666666666667,opentts_lada
100k,previous,11,lower,-0.017857142857142853,0.0,wer,-0.25,0.2767857142857143,opentts_mykyta
100k,previous,11,lower,0.03535353535353535,0.0,wer,-0.1111111111111111,0.25,opentts_tetiana
100k,previous,11,lower,-0.016089466089466088,0.0,wer,-0.20833333333333331,0.1625,tg_voices_uk
100k,previous,11,lower,0.023088023088023088,0.0,wer,-0.07142857142857142,0.1984126984126984,ua_ser
100k,previous,11,lower,-0.08225108225108226,0.0,wer,-0.35000000000000003,0.1,ukr_dialects
100k,previous,8,,-0.03153472752737459,,wer,,,source_macro
100k,previous,88,lower,-0.03189900207698728,0.0,parakeet_cer,-0.2706932773109243,0.08846511627906965,all
100k,previous,11,lower,-0.0967030541886942,-0.016393442622950824,parakeet_cer,-0.46043478260869564,0.024999999999999998,common_voice_available_uk
100k,previous,11,lower,-0.07999431935520196,-0.010752688172043012,parakeet_cer,-0.40658415424770566,0.02170490328385065,fleurs_uk
100k,previous,11,lower,0.007591409442324447,0.0,parakeet_cer,-0.20238095238095238,0.17984496124031008,opentts_lada
100k,previous,11,lower,-0.019904835843793635,0.0,parakeet_cer,-0.15073529411764708,0.07179487179487179,opentts_mykyta
100k,previous,11,lower,-0.020049566392696946,0.0,parakeet_cer,-0.12763157894736843,0.02872260015117158,opentts_tetiana
100k,previous,11,lower,0.01944214554655128,0.0196078431372549,parakeet_cer,-0.06838833094213295,0.10368663594470046,tg_voices_uk
100k,previous,11,lower,-0.021240170648065392,0.0,parakeet_cer,-0.27666666666666667,0.1565452091767881,ua_ser
100k,previous,11,lower,-0.044333625176321806,0.0,parakeet_cer,-0.2571428571428571,0.044141252006420544,ukr_dialects
100k,previous,8,,-0.03189900207698727,,parakeet_cer,,,source_macro
100k,previous,88,lower,-0.038091053331695046,0.0,parakeet_wer,-0.6083333333333332,0.3333333333333333,all
100k,previous,11,lower,-0.1259641873278237,0.0,parakeet_wer,-0.5208333333333333,0.13636363636363635,common_voice_available_uk
100k,previous,11,lower,-0.09655377302436126,-0.05,parakeet_wer,-0.3958333333333333,0.05,fleurs_uk
100k,previous,11,lower,0.09022038567493114,0.0,parakeet_wer,-0.5833333333333333,0.8333333333333334,opentts_lada
100k,previous,11,lower,-0.1945887445887446,0.0,parakeet_wer,-0.7083333333333334,0.07142857142857142,opentts_mykyta
100k,previous,11,lower,0.0191919191919192,0.0,parakeet_wer,-0.08333333333333331,0.1388888888888889,opentts_tetiana
100k,previous,11,lower,0.08928571428571429,0.0,parakeet_wer,-0.19642857142857142,0.45,tg_voices_uk
100k,previous,11,lower,-0.04212454212454213,0.0,parakeet_wer,-0.39285714285714285,0.2380952380952381,ua_ser
100k,previous,11,lower,-0.04419519874065328,0.0,parakeet_wer,-0.31666666666666665,0.11904761904761904,ukr_dialects
100k,previous,8,,-0.038091053331695046,,parakeet_wer,,,source_macro
100k,previous,88,higher,0.020941997200927952,0.020673438906669617,ecapa_similarity,-0.06852630525827408,0.09420820921659465,all
100k,previous,11,higher,0.011784431609240446,0.011465877294540405,ecapa_similarity,-0.02793797105550766,0.06121533364057541,common_voice_available_uk
100k,previous,11,higher,0.041454334150661125,0.04515394568443298,ecapa_similarity,0.004272148013114929,0.07632327079772949,fleurs_uk
100k,previous,11,higher,-0.008961822498928417,0.019379258155822754,ecapa_similarity,-0.09564285725355148,0.052590757608413696,opentts_lada
100k,previous,11,higher,-0.023011578754945236,-0.02337789535522461,ecapa_similarity,-0.09226924180984497,0.03333885967731476,opentts_mykyta
100k,previous,11,higher,-0.003819075497713956,0.006482899188995361,ecapa_similarity,-0.08296668529510498,0.04525497555732727,opentts_tetiana
100k,previous,11,higher,0.04051983017813076,0.05138663947582245,ecapa_similarity,-0.012665212154388428,0.08834107965230942,tg_voices_uk
100k,previous,11,higher,0.061284836043011055,0.05594256520271301,ecapa_similarity,0.002235718071460724,0.14263685792684555,ua_ser
100k,previous,11,higher,0.048285022377967834,0.03949938714504242,ecapa_similarity,-0.001480698585510254,0.09822514653205872,ukr_dialects
100k,previous,8,,0.020941997200927952,,ecapa_similarity,,,source_macro
100k,previous,88,lower,0.0,0.0,clipping_fraction,0.0,0.0,all
100k,previous,11,lower,0.0,0.0,clipping_fraction,0.0,0.0,common_voice_available_uk
100k,previous,11,lower,0.0,0.0,clipping_fraction,0.0,0.0,fleurs_uk
100k,previous,11,lower,0.0,0.0,clipping_fraction,0.0,0.0,opentts_lada
100k,previous,11,lower,0.0,0.0,clipping_fraction,0.0,0.0,opentts_mykyta
100k,previous,11,lower,0.0,0.0,clipping_fraction,0.0,0.0,opentts_tetiana
100k,previous,11,lower,0.0,0.0,clipping_fraction,0.0,0.0,tg_voices_uk
100k,previous,11,lower,0.0,0.0,clipping_fraction,0.0,0.0,ua_ser
100k,previous,11,lower,0.0,0.0,clipping_fraction,0.0,0.0,ukr_dialects
100k,previous,8,,0.0,,clipping_fraction,,,source_macro
100k,previous,88,near_one,-0.0245684976249821,-0.0183127070770866,duration_ratio,-0.10369944657300975,0.03845203694243137,all
100k,previous,11,near_one,-0.004067449227725617,-0.002370370370370467,duration_ratio,-0.04326328702205284,0.035111710901184645,common_voice_available_uk
100k,previous,11,near_one,-0.016783502604117873,-0.018436213991769645,duration_ratio,-0.03346359820523942,-0.0011715048669135864,fleurs_uk
100k,previous,11,near_one,-0.07048425420922787,-0.04566768603465843,duration_ratio,-0.18688647729743624,0.008689062894670307,opentts_lada
100k,previous,11,near_one,-0.007291163755810207,-0.00987654320987652,duration_ratio,-0.03976190476190475,0.017803102247546665,opentts_mykyta
100k,previous,11,near_one,-0.01321503840032971,-0.017047184170471907,duration_ratio,-0.042229821418878544,0.03084683439356245,opentts_tetiana
100k,previous,11,near_one,-0.003966771756300825,-0.008053353466716984,duration_ratio,-0.04701309414249277,0.06681275244496482,tg_voices_uk
100k,previous,11,near_one,-0.042980454714995835,-0.04266666666666674,duration_ratio,-0.09321589205397296,0.02252410783416625,ua_ser
100k,previous,11,near_one,-0.03775934633134886,-0.026750261233019823,duration_ratio,-0.1852946714366409,0.05490247644093796,ukr_dialects
100k,previous,8,,-0.0245684976249821,,duration_ratio,,,source_macro
100k,previous,88,lower,-0.045454545454545456,0.0,hf_burst_count,-1.0,1.6499999999999915,all
100k,previous,11,lower,-0.5454545454545454,0.0,hf_burst_count,-2.0,0.0,common_voice_available_uk
100k,previous,11,lower,1.5454545454545454,1.0,hf_burst_count,-1.0,5.5,fleurs_uk
100k,previous,11,lower,-0.18181818181818182,0.0,hf_burst_count,-1.0,0.5,opentts_lada
100k,previous,11,lower,0.0,0.0,hf_burst_count,-1.0,1.0,opentts_mykyta
100k,previous,11,lower,-0.2727272727272727,0.0,hf_burst_count,-1.0,0.5,opentts_tetiana
100k,previous,11,lower,-0.6363636363636364,-1.0,hf_burst_count,-1.0,0.0,tg_voices_uk
100k,previous,11,lower,-0.09090909090909091,0.0,hf_burst_count,-1.0,1.0,ua_ser
100k,previous,11,lower,-0.18181818181818182,0.0,hf_burst_count,-1.0,0.5,ukr_dialects
100k,previous,8,,-0.04545454545454544,,hf_burst_count,,,source_macro
