checkpoint,audiobox_pq,clipping_fraction,clipping_samples,content_score_status,duration_seconds,ecapa_similarity,end_seconds,flags,hf_available,hf_burst_count,hf_bursts,hf_max_excess_db,hf_max_ratio,label,peak_absolute,segment,short_segment,sigmos_coloration,sigmos_discontinuity,sigmos_loudness,sigmos_noise,sigmos_overall,sigmos_reverb,sigmos_speech,source_id,speaker_reference,start_seconds,utterance_id
original,7.433915615081787,0.0,0,not_scored_no_time_aligned_reference,3.0,0.911184549331665,3.0,"[""sigmos_overall_below_threshold"", ""sigmos_speech_below_threshold""]",True,0,[],37.680294036865234,0.3306359648704529,original,0.5548299551010132,0,False,4.050571918487549,3.953627586364746,3.4399890899658203,4.686226844787598,2.8023934364318848,4.490558624267578,2.982017993927002,common_voice_available_uk,whole_original_recording,0.0,common_voice_available_uk_c02c7293451907b932c31154
original,7.130390644073486,0.0,0,not_scored_no_time_aligned_reference,3.0,0.889784574508667,4.5,[],True,0,[],41.27934265136719,0.3306359648704529,original,0.5548299551010132,1,False,3.7627129554748535,3.4445643424987793,3.7359426021575928,4.19075345993042,3.152737617492676,4.172701835632324,3.380326747894287,common_voice_available_uk,whole_original_recording,1.5,common_voice_available_uk_c02c7293451907b932c31154
original,5.801907062530518,0.0,0,not_scored_no_time_aligned_reference,3.0,0.7946807146072388,3.0,"[""sigmos_overall_below_threshold""]",True,0,[],31.289764404296875,0.3151324391365051,original,0.7940301299095154,0,False,3.3123106956481934,4.627093315124512,3.854151964187622,4.072793960571289,2.9043118953704834,3.7239315509796143,3.2253544330596924,common_voice_available_uk,whole_original_recording,0.0,common_voice_available_uk_a8a1cc063c9dd80b0b56c7f8
original,6.160733222961426,0.0,0,not_scored_no_time_aligned_reference,3.0,0.870631217956543,4.5,[],True,0,[],37.295204162597656,0.09799226373434067,original,0.6276962757110596,1,False,3.3541183471679688,4.9249467849731445,3.7601964473724365,3.8654205799102783,3.3262171745300293,2.99257493019104,4.001172065734863,common_voice_available_uk,whole_original_recording,1.5,common_voice_available_uk_a8a1cc063c9dd80b0b56c7f8
original,5.715104579925537,0.0,0,not_scored_no_time_aligned_reference,3.0,0.874297559261322,6.0,"[""sigmos_overall_below_threshold""]",True,0,[],37.295204162597656,0.17902828752994537,original,0.6276962757110596,2,False,3.260270833969116,4.642716407775879,3.768235206604004,4.280906677246094,2.9992167949676514,3.2082793712615967,3.1805248260498047,common_voice_available_uk,whole_original_recording,3.0,common_voice_available_uk_a8a1cc063c9dd80b0b56c7f8
original,5.606010437011719,0.0,0,not_scored_no_time_aligned_reference,3.0,0.8889421820640564,6.4,"[""sigmos_overall_below_threshold""]",True,0,[],35.908939361572266,0.31589412689208984,original,0.6276962757110596,3,False,3.5014405250549316,4.693102836608887,3.6833486557006836,4.176461219787598,2.9297518730163574,3.077012538909912,3.2205631732940674,common_voice_available_uk,whole_original_recording,3.4,common_voice_available_uk_a8a1cc063c9dd80b0b56c7f8
original,5.602526664733887,0.0,0,not_scored_no_time_aligned_reference,3.0,0.844232976436615,3.0,[],True,0,[],29.3004150390625,0.8479630351066589,original,0.4455145001411438,0,False,3.4960780143737793,3.3381009101867676,3.8073763847351074,3.9861550331115723,3.027440309524536,3.476588487625122,3.3475253582000732,common_voice_available_uk,whole_original_recording,0.0,common_voice_available_uk_ab529abf3847a142fef6f153
original,5.719709873199463,0.0,0,not_scored_no_time_aligned_reference,3.0,0.9152411818504333,4.5,[],True,0,[],29.973159790039062,0.2517227828502655,original,0.4429800510406494,1,False,3.324662685394287,4.1656389236450195,3.842811346054077,3.8470442295074463,3.104949474334717,3.624555826187134,3.4461114406585693,common_voice_available_uk,whole_original_recording,1.5,common_voice_available_uk_ab529abf3847a142fef6f153
original,5.7568769454956055,0.0,0,not_scored_no_time_aligned_reference,3.0,0.9100465178489685,6.0,"[""local_high_frequency_burst"", ""sigmos_overall_below_threshold""]",True,1,"[{""start_seconds"": 1.97, ""end_seconds"": 2.03}]",34.30046844482422,0.8721097111701965,original,0.42699989676475525,2,False,3.872769594192505,3.9460978507995605,4.201702117919922,3.668206214904785,2.988585948944092,3.6892731189727783,3.560284376144409,common_voice_available_uk,whole_original_recording,3.0,common_voice_available_uk_ab529abf3847a142fef6f153
original,5.5605292320251465,0.0,0,not_scored_no_time_aligned_reference,3.0,0.9060384035110474,6.2,"[""local_high_frequency_burst"", ""sigmos_overall_below_threshold""]",True,1,"[{""start_seconds"": 1.77, ""end_seconds"": 1.83}]",34.30046844482422,0.8721097111701965,original,0.42699989676475525,3,False,3.6213035583496094,3.5096073150634766,3.9465720653533936,3.500962734222412,2.772390365600586,3.523350238800049,3.2242090702056885,common_voice_available_uk,whole_original_recording,3.2,common_voice_available_uk_ab529abf3847a142fef6f153
original,6.9764323234558105,0.0,0,not_scored_no_time_aligned_reference,3.0,0.8997766971588135,3.0,[],True,0,[],38.07621765136719,0.3428969085216522,original,0.35585200786590576,0,False,3.7619338035583496,4.653336524963379,4.141504764556885,4.702339172363281,3.6825571060180664,4.7372355461120605,4.234411239624023,common_voice_available_uk,whole_original_recording,0.0,common_voice_available_uk_5c4ff259010d8b52a316058f
original,7.250594139099121,0.0,0,not_scored_no_time_aligned_reference,3.0,0.8986397981643677,4.5,[],True,0,[],36.26955032348633,0.2296449989080429,original,0.41833260655403137,1,False,3.4361696243286133,3.5627853870391846,3.8328378200531006,3.9361836910247803,3.046539306640625,4.239260673522949,3.3889784812927246,common_voice_available_uk,whole_original_recording,1.5,common_voice_available_uk_5c4ff259010d8b52a316058f
original,7.415349960327148,0.0,0,not_scored_no_time_aligned_reference,3.0,0.8959199786186218,6.0,[],True,0,[],36.26955032348633,0.4427739381790161,original,0.41833260655403137,2,False,4.147682189941406,3.907567262649536,3.814202070236206,4.1010422706604,3.61877703666687,4.668261528015137,4.023938179016113,common_voice_available_uk,whole_original_recording,3.0,common_voice_available_uk_5c4ff259010d8b52a316058f
original,7.204810619354248,0.0,0,not_scored_no_time_aligned_reference,3.0,0.8369895219802856,7.5,[],True,0,[],32.01654815673828,0.4427739381790161,original,0.25638923048973083,3,False,3.7967567443847656,3.9706897735595703,3.7474536895751953,3.7788758277893066,3.2943646907806396,4.565059661865234,3.6664798259735107,common_voice_available_uk,whole_original_recording,4.5,common_voice_available_uk_5c4ff259010d8b52a316058f
original,6.454747676849365,0.0,0,not_scored_no_time_aligned_reference,3.0,0.7760202288627625,8.14,[],True,0,[],30.262489318847656,0.7405477166175842,original,0.18326660990715027,4,False,3.4745562076568604,3.6379554271698,4.132087707519531,3.964597702026367,3.131584882736206,4.421402931213379,3.3452677726745605,common_voice_available_uk,whole_original_recording,5.14,common_voice_available_uk_5c4ff259010d8b52a316058f
original,6.250242233276367,0.0,0,not_scored_no_time_aligned_reference,3.0,0.9225775599479675,3.0,"[""sigmos_overall_below_threshold"", ""sigmos_speech_below_threshold"", ""sigmos_coloration_below_threshold""]",True,0,[],34.012001037597656,0.4151226878166199,original,0.7680823802947998,0,False,2.9676830768585205,4.461192607879639,3.3857264518737793,3.314028263092041,2.551907539367676,3.6565897464752197,2.8148016929626465,common_voice_available_uk,whole_original_recording,0.0,common_voice_available_uk_f743bedc97953f615983a239
original,6.761340618133545,0.0,0,not_scored_no_time_aligned_reference,3.0,0.9330925345420837,4.5,"[""sigmos_overall_below_threshold"", ""sigmos_speech_below_threshold""]",True,0,[],34.34274673461914,0.4151226878166199,original,0.7680823802947998,1,False,3.298494815826416,3.8880655765533447,3.7071237564086914,3.6279709339141846,2.6008007526397705,3.692277669906616,2.876399278640747,common_voice_available_uk,whole_original_recording,1.5,common_voice_available_uk_f743bedc97953f615983a239
original,6.83205509185791,0.0,0,not_scored_no_time_aligned_reference,3.0,0.9294288158416748,6.0,"[""sigmos_overall_below_threshold"", ""sigmos_coloration_below_threshold""]",True,0,[],34.57374572753906,0.23557257652282715,original,0.7129714488983154,2,False,2.918692111968994,3.717952251434326,4.118594646453857,3.560413360595703,2.9174892902374268,3.533355712890625,3.0924792289733887,common_voice_available_uk,whole_original_recording,3.0,common_voice_available_uk_f743bedc97953f615983a239
original,6.22094202041626,0.0,0,not_scored_no_time_aligned_reference,3.0,0.8569446802139282,6.88,"[""sigmos_overall_below_threshold""]",True,0,[],34.57374572753906,0.14198701083660126,original,0.7129714488983154,3,False,3.0877492427825928,3.6194145679473877,3.8678574562072754,3.7704601287841797,2.5611937046051025,3.7180161476135254,3.0803093910217285,common_voice_available_uk,whole_original_recording,3.88,common_voice_available_uk_f743bedc97953f615983a239
original,3.8202621936798096,0.0,0,not_scored_no_time_aligned_reference,3.0,0.8224824070930481,3.0,"[""sigmos_overall_below_threshold"", ""sigmos_speech_below_threshold"", ""sigmos_coloration_below_threshold"", ""audiobox_pq_below_threshold""]",True,0,[],26.181903839111328,0.3151324391365051,original,0.42808520793914795,0,False,2.683797597885132,4.112763404846191,3.5016281604766846,3.2804815769195557,2.589442014694214,4.223530292510986,2.8218841552734375,common_voice_available_uk,whole_original_recording,0.0,common_voice_available_uk_8385beef90995b59e1a74f50
original,4.293866157531738,0.0,0,not_scored_no_time_aligned_reference,3.0,0.898314893245697,4.5,"[""sigmos_overall_below_threshold"", ""sigmos_speech_below_threshold"", ""sigmos_coloration_below_threshold"", ""audiobox_pq_below_threshold""]",True,0,[],34.26385498046875,0.34750089049339294,original,0.42808520793914795,1,False,2.687227249145508,3.5881969928741455,3.1557693481445312,3.30972957611084,2.2245399951934814,3.445066213607788,2.9073143005371094,common_voice_available_uk,whole_original_recording,1.5,common_voice_available_uk_8385beef90995b59e1a74f50
original,4.175602436065674,0.0,0,not_scored_no_time_aligned_reference,3.0,0.8069689869880676,5.52,"[""sigmos_overall_below_threshold"", ""sigmos_speech_below_threshold"", ""sigmos_coloration_below_threshold"", ""audiobox_pq_below_threshold""]",True,0,[],34.26385498046875,0.34750089049339294,original,0.30032652616500854,2,False,2.925900936126709,3.216121196746826,3.321835517883301,3.265392541885376,2.605587959289551,3.963336944580078,2.7523059844970703,common_voice_available_uk,whole_original_recording,2.52,common_voice_available_uk_8385beef90995b59e1a74f50
original,6.250085353851318,0.0,0,not_scored_no_time_aligned_reference,3.0,0.9089240431785583,3.0,"[""sigmos_overall_below_threshold""]",True,0,[],28.13849639892578,0.34309637546539307,original,0.08390556275844574,0,False,3.231804847717285,3.741058349609375,3.033457040786743,3.6809334754943848,2.663989543914795,4.532293796539307,3.0807101726531982,common_voice_available_uk,whole_original_recording,0.0,common_voice_available_uk_5df6da1d671744faf0228008
original,6.209683895111084,0.0,0,not_scored_no_time_aligned_reference,3.0,0.9239891171455383,4.5,"[""local_high_frequency_burst""]",True,1,"[{""start_seconds"": 2.72, ""end_seconds"": 2.7699999999999996}]",43.67578125,0.7218434810638428,original,0.08390556275844574,1,False,3.6753950119018555,3.6923367977142334,3.5403892993927,4.09489631652832,3.1561386585235596,4.466160774230957,3.7575979232788086,common_voice_available_uk,whole_original_recording,1.5,common_voice_available_uk_5df6da1d671744faf0228008
original,6.052224159240723,0.0,0,not_scored_no_time_aligned_reference,3.0,0.9079195857048035,5.98,"[""local_high_frequency_burst"", ""sigmos_overall_below_threshold""]",True,1,"[{""start_seconds"": 1.24, ""end_seconds"": 1.29}]",43.19438171386719,0.7218434810638428,original,0.07362756878137589,2,False,3.045734405517578,3.5212695598602295,3.516954183578491,4.264090538024902,2.852962017059326,4.122087478637695,3.1576955318450928,common_voice_available_uk,whole_original_recording,2.98,common_voice_available_uk_5df6da1d671744faf0228008
original,5.35936975479126,0.0,0,not_scored_no_time_aligned_reference,3.0,0.7973385453224182,3.0,"[""local_high_frequency_burst""]",True,1,"[{""start_seconds"": 1.6, ""end_seconds"": 1.66}]",31.668167114257812,0.6569027304649353,original,0.7929642796516418,0,False,3.519843816757202,3.744504451751709,3.756619691848755,4.120530605316162,3.0885374546051025,3.57464599609375,3.3726086616516113,common_voice_available_uk,whole_original_recording,0.0,common_voice_available_uk_dc9184e104ead558fbc5c7b7
original,5.523026466369629,0.0,0,not_scored_no_time_aligned_reference,3.0,0.9333329200744629,4.5,"[""local_high_frequency_burst""]",True,1,"[{""start_seconds"": 0.1, ""end_seconds"": 0.12}]",41.437522888183594,0.6569027304649353,original,0.7929642796516418,1,False,3.6185238361358643,4.015800476074219,3.4333231449127197,4.38494873046875,3.306657314300537,3.943230628967285,3.6035854816436768,common_voice_available_uk,whole_original_recording,1.5,common_voice_available_uk_dc9184e104ead558fbc5c7b7
original,4.675382137298584,0.0,0,not_scored_no_time_aligned_reference,3.0,0.8732017278671265,5.7,"[""audiobox_pq_below_threshold""]",True,0,[],41.437522888183594,0.23329725861549377,original,0.6436148285865784,2,False,3.622425079345703,4.569991111755371,3.7406554222106934,4.119087219238281,3.034195899963379,2.7793264389038086,3.3143160343170166,common_voice_available_uk,whole_original_recording,2.7,common_voice_available_uk_dc9184e104ead558fbc5c7b7
original,6.445595741271973,0.0,0,not_scored_no_time_aligned_reference,3.0,0.9394953846931458,3.0,[],True,0,[],41.10486602783203,0.33651843667030334,original,0.6343352198600769,0,False,3.47920823097229,3.5229721069335938,3.6617813110351562,4.372228622436523,3.2419514656066895,4.1414995193481445,3.6393442153930664,common_voice_available_uk,whole_original_recording,0.0,common_voice_available_uk_25496b7e922861903ae70344
original,6.477644443511963,0.0,0,not_scored_no_time_aligned_reference,3.0,0.9650564789772034,3.6,[],True,0,[],41.10486602783203,0.3365373909473419,original,0.6343352198600769,1,False,3.5887362957000732,4.303709983825684,3.970905065536499,4.339105606079102,3.4000301361083984,4.317934036254883,3.721391439437866,common_voice_available_uk,whole_original_recording,0.6,common_voice_available_uk_25496b7e922861903ae70344
original,4.684966564178467,0.0,0,not_scored_no_time_aligned_reference,3.0,0.8433540463447571,3.0,"[""sigmos_overall_below_threshold"", ""sigmos_speech_below_threshold"", ""audiobox_pq_below_threshold""]",True,0,[],12.566879272460938,0.33651843667030334,original,0.7829609513282776,0,False,3.142038345336914,4.297128200531006,3.508951187133789,3.8755931854248047,2.313762664794922,2.9667019844055176,2.605186700820923,common_voice_available_uk,whole_original_recording,0.0,common_voice_available_uk_1093ca3ef2555953dd84f3f8
original,4.68164587020874,0.0,0,not_scored_no_time_aligned_reference,3.0,0.8176628947257996,4.5,"[""sigmos_overall_below_threshold"", ""sigmos_speech_below_threshold"", ""audiobox_pq_below_threshold""]",True,0,[],21.9866943359375,0.05213082581758499,original,0.8223757147789001,1,False,3.115818738937378,4.805042266845703,3.9645936489105225,4.205105781555176,2.61993670463562,2.764216661453247,2.8685717582702637,common_voice_available_uk,whole_original_recording,1.5,common_voice_available_uk_1093ca3ef2555953dd84f3f8
original,5.211241245269775,0.0,0,not_scored_no_time_aligned_reference,3.0,0.9161852598190308,5.58,"[""sigmos_overall_below_threshold"", ""sigmos_coloration_below_threshold""]",True,0,[],21.9866943359375,0.05873023718595505,original,0.8223757147789001,2,False,2.829444169998169,4.870723724365234,3.8852834701538086,4.810164451599121,2.7352845668792725,3.0155527591705322,3.3367090225219727,common_voice_available_uk,whole_original_recording,2.58,common_voice_available_uk_1093ca3ef2555953dd84f3f8
original,5.100099086761475,0.0,0,not_scored_no_time_aligned_reference,3.0,0.9354102611541748,3.0,[],True,0,[],29.229045867919922,0.3151324391365051,original,0.7388139963150024,0,False,3.8045239448547363,4.820932388305664,3.4454874992370605,4.389261245727539,3.261687755584717,4.080113410949707,3.6104137897491455,common_voice_available_uk,whole_original_recording,0.0,common_voice_available_uk_fdbb9a5975ea1f367f937a09
original,5.8053202629089355,0.0,0,not_scored_no_time_aligned_reference,3.0,0.952556848526001,4.5,[],True,0,[],29.58160400390625,0.07539837807416916,original,0.7118968367576599,1,False,3.725196361541748,4.242110729217529,3.6980836391448975,4.467803001403809,3.5223217010498047,3.8814215660095215,3.8905019760131836,common_voice_available_uk,whole_original_recording,1.5,common_voice_available_uk_fdbb9a5975ea1f367f937a09
original,5.6201677322387695,0.0,0,not_scored_no_time_aligned_reference,3.0,0.9314461946487427,4.68,[],True,0,[],29.58160400390625,0.07539837807416916,original,0.7118968367576599,2,False,3.7242586612701416,4.2924604415893555,3.8909010887145996,4.42957067489624,3.557518243789673,4.313075542449951,3.7608885765075684,common_voice_available_uk,whole_original_recording,1.68,common_voice_available_uk_fdbb9a5975ea1f367f937a09
original,7.336546421051025,0.0,0,not_scored_no_time_aligned_reference,3.0,0.8887953758239746,3.0,"[""local_high_frequency_burst"", ""sigmos_overall_below_threshold""]",True,2,"[{""start_seconds"": 2.39, ""end_seconds"": 2.4499999999999997}, {""start_seconds"": 2.49, ""end_seconds"": 2.51}]",32.57270812988281,0.8483737111091614,original,0.3492077589035034,0,False,4.311284065246582,3.944157123565674,3.7317423820495605,3.4903602600097656,2.842332601547241,3.282292366027832,3.321929693222046,fleurs_uk,whole_original_recording,0.0,fleurs_uk_350d3947d45f086529521fa8
original,7.021061420440674,0.0,0,not_scored_no_time_aligned_reference,3.0,0.8752694725990295,4.5,"[""local_high_frequency_burst"", ""sigmos_overall_below_threshold"", ""sigmos_speech_below_threshold""]",True,3,"[{""start_seconds"": 0.89, ""end_seconds"": 0.95}, {""start_seconds"": 0.99, ""end_seconds"": 1.01}, {""start_seconds"": 2.0100000000000002, ""end_seconds"": 2.0999999999999996}]",32.57270812988281,0.8483737111091614,original,0.30616194009780884,1,False,3.728867769241333,3.980621576309204,3.80964732170105,3.378286838531494,2.7750396728515625,4.11659049987793,2.999213457107544,fleurs_uk,whole_original_recording,1.5,fleurs_uk_350d3947d45f086529521fa8
original,7.382384777069092,0.0,0,not_scored_no_time_aligned_reference,3.0,0.8915234208106995,6.0,"[""local_high_frequency_burst""]",True,4,"[{""start_seconds"": 0.51, ""end_seconds"": 0.6}, {""start_seconds"": 1.47, ""end_seconds"": 1.5}, {""start_seconds"": 1.7, ""end_seconds"": 1.77}, {""start_seconds"": 2.1100000000000003, ""end_seconds"": 2.2899999999999996}]",28.89965057373047,0.9683151245117188,original,0.2592434287071228,2,False,3.8086392879486084,4.083980083465576,3.4436607360839844,3.855574607849121,3.04854416847229,3.227174758911133,3.445868968963623,fleurs_uk,whole_original_recording,3.0,fleurs_uk_350d3947d45f086529521fa8
original,6.918875217437744,0.0,0,not_scored_no_time_aligned_reference,3.0,0.8914310336112976,7.5,"[""local_high_frequency_burst""]",True,3,"[{""start_seconds"": 0.19999999999999998, ""end_seconds"": 0.27}, {""start_seconds"": 0.61, ""end_seconds"": 0.79}, {""start_seconds"": 2.68, ""end_seconds"": 2.6999999999999997}]",30.341415405273438,0.9683151245117188,original,0.24955260753631592,3,False,4.382527828216553,4.064152240753174,4.156822204589844,4.069588661193848,3.6627721786499023,4.014283180236816,4.013023376464844,fleurs_uk,whole_original_recording,4.5,fleurs_uk_350d3947d45f086529521fa8
original,6.447641372680664,0.0,0,not_scored_no_time_aligned_reference,3.0,0.775421142578125,9.0,"[""local_high_frequency_burst""]",True,1,"[{""start_seconds"": 1.18, ""end_seconds"": 1.2}]",30.300567626953125,0.6451512575149536,original,0.2497553825378418,4,False,3.3125972747802734,3.588024377822876,3.5078606605529785,3.258999824523926,3.001471996307373,3.6736044883728027,3.232290506362915,fleurs_uk,whole_original_recording,6.0,fleurs_uk_350d3947d45f086529521fa8
original,6.665627956390381,0.0,0,not_scored_no_time_aligned_reference,3.0,0.8808143734931946,3.0,"[""local_high_frequency_burst""]",True,2,"[{""start_seconds"": 1.0, ""end_seconds"": 1.03}, {""start_seconds"": 1.4, ""end_seconds"": 1.42}]",38.969451904296875,0.8776023387908936,original,0.1939290165901184,0,False,3.476560354232788,3.9573073387145996,3.7624666690826416,4.071201324462891,3.1300466060638428,4.709506034851074,3.601949453353882,fleurs_uk,whole_original_recording,0.0,fleurs_uk_bc037eb72dd327b4cd78664e
original,6.243708610534668,0.0,0,not_scored_no_time_aligned_reference,3.0,0.8295234441757202,4.5,"[""local_high_frequency_burst""]",True,2,"[{""start_seconds"": 2.18, ""end_seconds"": 2.2899999999999996}, {""start_seconds"": 2.7100000000000004, ""end_seconds"": 2.73}]",34.81660079956055,0.9016628265380859,original,0.2882208228111267,1,False,3.0609374046325684,3.9312002658843994,4.090980529785156,3.322861909866333,3.0931124687194824,4.110157012939453,3.676987648010254,fleurs_uk,whole_original_recording,1.5,fleurs_uk_bc037eb72dd327b4cd78664e
original,6.27298641204834,0.0,0,not_scored_no_time_aligned_reference,3.0,0.9206074476242065,6.0,"[""local_high_frequency_burst"", ""sigmos_overall_below_threshold"", ""sigmos_discontinuity_below_threshold""]",True,3,"[{""start_seconds"": 0.6799999999999999, ""end_seconds"": 0.79}, {""start_seconds"": 1.21, ""end_seconds"": 1.23}, {""start_seconds"": 2.4600000000000004, ""end_seconds"": 2.4899999999999998}]",35.388214111328125,0.9016628265380859,original,0.2882208228111267,2,False,3.6065127849578857,2.879993438720703,3.340423822402954,3.048962116241455,2.825101375579834,4.172798156738281,3.2374205589294434,fleurs_uk,whole_original_recording,3.0,fleurs_uk_bc037eb72dd327b4cd78664e
original,6.624980926513672,0.0,0,not_scored_no_time_aligned_reference,3.0,0.888949990272522,7.5,"[""local_high_frequency_burst""]",True,1,"[{""start_seconds"": 0.96, ""end_seconds"": 0.99}]",35.388214111328125,0.5620772838592529,original,0.18938767910003662,3,False,3.544553279876709,3.789154052734375,3.9333388805389404,3.6864185333251953,3.2511043548583984,4.4322004318237305,3.7166099548339844,fleurs_uk,whole_original_recording,4.5,fleurs_uk_bc037eb72dd327b4cd78664e
original,6.428595542907715,0.0,0,not_scored_no_time_aligned_reference,3.0,0.8867576718330383,9.0,"[""local_high_frequency_burst""]",True,3,"[{""start_seconds"": 1.88, ""end_seconds"": 1.99}, {""start_seconds"": 2.4200000000000004, ""end_seconds"": 2.4899999999999998}, {""start_seconds"": 2.6500000000000004, ""end_seconds"": 2.7199999999999998}]",35.46089553833008,0.919834554195404,original,0.2948150634765625,4,False,4.034726142883301,3.7862205505371094,4.179183006286621,4.17130184173584,3.0201971530914307,4.713744163513184,3.43247652053833,fleurs_uk,whole_original_recording,6.0,fleurs_uk_bc037eb72dd327b4cd78664e
original,6.509741306304932,0.0,0,not_scored_no_time_aligned_reference,3.0,0.8411428332328796,10.5,"[""local_high_frequency_burst"", ""sigmos_overall_below_threshold"", ""sigmos_speech_below_threshold"", ""sigmos_noise_below_threshold"", ""sigmos_coloration_below_threshold"", ""sigmos_discontinuity_below_threshold""]",True,4,"[{""start_seconds"": 0.38, ""end_seconds"": 0.49}, {""start_seconds"": 0.92, ""end_seconds"": 0.99}, {""start_seconds"": 1.15, ""end_seconds"": 1.22}, {""start_seconds"": 2.04, ""end_seconds"": 2.07}]",38.92616271972656,0.919834554195404,original,0.2948150634765625,5,False,2.4179439544677734,2.9288573265075684,3.456498146057129,2.9067492485046387,2.6066646575927734,3.3315269947052,2.8414273262023926,fleurs_uk,whole_original_recording,7.5,fleurs_uk_bc037eb72dd327b4cd78664e
original,6.943006992340088,0.0,0,not_scored_no_time_aligned_reference,3.0,0.775997519493103,11.28,"[""local_high_frequency_burst"", ""sigmos_overall_below_threshold"", ""sigmos_coloration_below_threshold""]",True,3,"[{""start_seconds"": 0.13999999999999999, ""end_seconds"": 0.21000000000000002}, {""start_seconds"": 0.37, ""end_seconds"": 0.44}, {""start_seconds"": 1.26, ""end_seconds"": 1.29}]",38.92616271972656,0.919834554195404,original,0.2948150634765625,6,False,2.8489091396331787,3.607832431793213,3.433222532272339,3.0367069244384766,2.8591675758361816,3.39241361618042,3.381723642349243,fleurs_uk,whole_original_recording,8.28,fleurs_uk_bc037eb72dd327b4cd78664e
original,6.136516094207764,0.0,0,not_scored_no_time_aligned_reference,3.0,0.8310587406158447,3.0,"[""local_high_frequency_burst""]",True,3,"[{""start_seconds"": 0.88, ""end_seconds"": 0.92}, {""start_seconds"": 1.71, ""end_seconds"": 1.77}, {""start_seconds"": 2.1, ""end_seconds"": 2.21}]",32.94802474975586,0.9850767254829407,original,0.06625574827194214,0,False,3.6164278984069824,4.579075336456299,3.5457186698913574,3.9361114501953125,3.782414197921753,4.818333625793457,4.301492214202881,fleurs_uk,whole_original_recording,0.0,fleurs_uk_7904a0562b1ddbc92534b1fe
original,6.673192501068115,0.0,0,not_scored_no_time_aligned_reference,3.0,0.8687393069267273,4.5,"[""local_high_frequency_burst""]",True,3,"[{""start_seconds"": 0.25, ""end_seconds"": 0.27}, {""start_seconds"": 0.6, ""end_seconds"": 0.71}, {""start_seconds"": 1.49, ""end_seconds"": 1.51}]",28.524208068847656,0.9850767254829407,original,0.04234033823013306,1,False,3.8179268836975098,4.829256057739258,2.9223928451538086,4.300144672393799,3.540776014328003,4.61870002746582,4.324793338775635,fleurs_uk,whole_original_recording,1.5,fleurs_uk_7904a0562b1ddbc92534b1fe
original,7.284758567810059,0.0,0,not_scored_no_time_aligned_reference,3.0,0.8585823774337769,6.0,"[""local_high_frequency_burst""]",True,3,"[{""start_seconds"": 1.72, ""end_seconds"": 1.81}, {""start_seconds"": 2.1, ""end_seconds"": 2.1199999999999997}, {""start_seconds"": 2.5700000000000003, ""end_seconds"": 2.61}]",29.93621826171875,0.9910758137702942,original,0.03534078598022461,2,False,3.74902606010437,4.348496437072754,3.34443998336792,4.185016632080078,3.829819917678833,4.857371807098389,4.296135902404785,fleurs_uk,whole_original_recording,3.0,fleurs_uk_7904a0562b1ddbc92534b1fe
original,7.016460418701172,0.0,0,not_scored_no_time_aligned_reference,3.0,0.8646596670150757,7.5,"[""local_high_frequency_burst""]",True,3,"[{""start_seconds"": 0.22, ""end_seconds"": 0.31}, {""start_seconds"": 0.6, ""end_seconds"": 0.62}, {""start_seconds"": 1.07, ""end_seconds"": 1.11}]",35.7956428527832,0.9910758137702942,original,0.03534078598022461,3,False,3.8689017295837402,3.8502423763275146,3.0488052368164062,3.561121702194214,3.246734619140625,4.580392360687256,3.4805121421813965,fleurs_uk,whole_original_recording,4.5,fleurs_uk_7904a0562b1ddbc92534b1fe
original,7.529232978820801,0.0,0,not_scored_no_time_aligned_reference,3.0,0.7394356727600098,9.0,"[""local_high_frequency_burst"", ""sigmos_overall_below_threshold""]",True,2,"[{""start_seconds"": 2.7, ""end_seconds"": 2.75}, {""start_seconds"": 2.87, ""end_seconds"": 2.8899999999999997}]",35.7956428527832,0.9560645818710327,original,0.043581366539001465,4,False,3.116140842437744,3.470975637435913,3.8621654510498047,4.020238876342773,2.5995917320251465,3.1822855472564697,3.057356119155884,fleurs_uk,whole_original_recording,6.0,fleurs_uk_7904a0562b1ddbc92534b1fe
original,6.946197032928467,0.0,0,not_scored_no_time_aligned_reference,3.0,0.8449075222015381,10.5,"[""local_high_frequency_burst""]",True,4,"[{""start_seconds"": 1.2, ""end_seconds"": 1.25}, {""start_seconds"": 1.3699999999999999, ""end_seconds"": 1.39}, {""start_seconds"": 1.57, ""end_seconds"": 1.62}, {""start_seconds"": 1.95, ""end_seconds"": 1.98}]",31.116867065429688,0.9574176073074341,original,0.05711233615875244,5,False,3.7881956100463867,4.303959846496582,4.107449531555176,4.742727279663086,3.4402215480804443,4.508055686950684,3.8369545936584473,fleurs_uk,whole_original_recording,7.5,fleurs_uk_7904a0562b1ddbc92534b1fe
original,7.339874744415283,0.0,0,not_scored_no_time_aligned_reference,3.0,0.865790843963623,12.0,"[""local_high_frequency_burst""]",True,3,"[{""start_seconds"": 0.07, ""end_seconds"": 0.12}, {""start_seconds"": 0.45, ""end_seconds"": 0.48}, {""start_seconds"": 2.24, ""end_seconds"": 2.3299999999999996}]",36.07588577270508,0.9854229688644409,original,0.05711233615875244,6,False,3.5670294761657715,3.7008466720581055,3.299579620361328,3.825584888458252,3.6857945919036865,4.80279541015625,4.021027565002441,fleurs_uk,whole_original_recording,9.0,fleurs_uk_7904a0562b1ddbc92534b1fe
original,7.210299015045166,0.0,0,not_scored_no_time_aligned_reference,3.0,0.8796082139015198,13.5,"[""local_high_frequency_burst""]",True,2,"[{""start_seconds"": 0.74, ""end_seconds"": 0.83}, {""start_seconds"": 2.16, ""end_seconds"": 2.2699999999999996}]",35.087982177734375,0.9854229688644409,original,0.10653954744338989,7,False,3.316828966140747,3.780693531036377,2.812976121902466,3.938093423843384,3.04815936088562,4.660421371459961,3.603886127471924,fleurs_uk,whole_original_recording,10.5,fleurs_uk_7904a0562b1ddbc92534b1fe
original,7.125181674957275,0.0,0,not_scored_no_time_aligned_reference,3.0,0.8765401244163513,14.82,"[""local_high_frequency_burst""]",True,1,"[{""start_seconds"": 0.84, ""end_seconds"": 0.95}]",35.087982177734375,0.9786930680274963,original,0.10653954744338989,8,False,3.4345226287841797,3.8813230991363525,3.030498743057251,4.223254680633545,3.7391934394836426,4.8476386070251465,3.926680088043213,fleurs_uk,whole_original_recording,11.82,fleurs_uk_7904a0562b1ddbc92534b1fe
original,6.983295917510986,0.0,0,not_scored_no_time_aligned_reference,3.0,0.6033676266670227,3.0,"[""local_high_frequency_burst"", ""sigmos_overall_below_threshold"", ""sigmos_speech_below_threshold"", ""ecapa_similarity_below_threshold""]",True,3,"[{""start_seconds"": 1.83, ""end_seconds"": 1.9}, {""start_seconds"": 2.3200000000000003, ""end_seconds"": 2.3899999999999997}, {""start_seconds"": 2.4400000000000004, ""end_seconds"": 2.5}]",38.736446380615234,0.8517778515815735,original,0.26400744915008545,0,False,3.6100292205810547,3.4800782203674316,2.9408414363861084,3.4489340782165527,2.456768751144409,2.8572213649749756,2.8345415592193604,fleurs_uk,whole_original_recording,0.0,fleurs_uk_ac4c585497c3180ca5d0edae
original,6.333970069885254,0.0,0,not_scored_no_time_aligned_reference,3.0,0.7830451726913452,4.5,"[""local_high_frequency_burst"", ""sigmos_overall_below_threshold"", ""sigmos_speech_below_threshold"", ""sigmos_noise_below_threshold""]",True,4,"[{""start_seconds"": 0.33, ""end_seconds"": 0.4}, {""start_seconds"": 0.82, ""end_seconds"": 0.89}, {""start_seconds"": 0.94, ""end_seconds"": 1.0}, {""start_seconds"": 2.7300000000000004, ""end_seconds"": 2.76}]",38.736446380615234,0.8517778515815735,original,0.3127264380455017,1,False,3.386824131011963,3.5003445148468018,3.6213414669036865,2.249809503555298,2.4050421714782715,3.590222120285034,2.9907190799713135,fleurs_uk,whole_original_recording,1.5,fleurs_uk_ac4c585497c3180ca5d0edae
original,6.168034076690674,0.0,0,not_scored_no_time_aligned_reference,3.0,0.7630770206451416,6.0,"[""local_high_frequency_burst"", ""sigmos_overall_below_threshold"", ""sigmos_noise_below_threshold""]",True,1,"[{""start_seconds"": 1.23, ""end_seconds"": 1.26}]",24.05929183959961,0.5966997146606445,original,0.3127264380455017,2,False,4.251106262207031,3.7665457725524902,3.672572612762451,2.198342800140381,2.535454750061035,3.666069269180298,3.6779444217681885,fleurs_uk,whole_original_recording,3.0,fleurs_uk_ac4c585497c3180ca5d0edae
original,6.291487216949463,0.0,0,not_scored_no_time_aligned_reference,3.0,0.7906872630119324,7.5,"[""sigmos_overall_below_threshold"", ""sigmos_noise_below_threshold""]",True,0,[],22.631114959716797,0.8431033492088318,original,0.28812313079833984,3,False,3.9508614540100098,4.09678316116333,3.6050033569335938,2.8594565391540527,2.5906782150268555,3.3149051666259766,3.104017496109009,fleurs_uk,whole_original_recording,4.5,fleurs_uk_ac4c585497c3180ca5d0edae
original,6.18587064743042,0.0,0,not_scored_no_time_aligned_reference,3.0,0.842371940612793,9.0,"[""local_high_frequency_burst""]",True,1,"[{""start_seconds"": 1.47, ""end_seconds"": 1.56}]",33.397682189941406,0.9432915449142456,original,0.28152996301651,4,False,3.473346710205078,4.426537036895752,3.868617534637451,3.503082036972046,3.028409242630005,3.029160499572754,3.166624069213867,fleurs_uk,whole_original_recording,6.0,fleurs_uk_ac4c585497c3180ca5d0edae
original,5.820852756500244,0.0,0,not_scored_no_time_aligned_reference,3.0,0.7784928679466248,10.5,"[""local_high_frequency_burst"", ""sigmos_overall_below_threshold"", ""sigmos_speech_below_threshold""]",True,1,"[{""start_seconds"": 1.79, ""end_seconds"": 1.87}]",37.17515563964844,0.9432915449142456,original,0.4732401371002197,5,False,3.10312819480896,3.1776063442230225,4.0796003341674805,3.977835178375244,2.5067830085754395,2.9071168899536133,2.706885576248169,fleurs_uk,whole_original_recording,7.5,fleurs_uk_ac4c585497c3180ca5d0edae
original,6.406134128570557,0.0,0,not_scored_no_time_aligned_reference,3.0,0.8114254474639893,12.0,"[""local_high_frequency_burst"", ""sigmos_overall_below_threshold"", ""sigmos_speech_below_threshold""]",True,2,"[{""start_seconds"": 0.29, ""end_seconds"": 0.37}, {""start_seconds"": 1.69, ""end_seconds"": 1.76}]",40.887184143066406,0.8490772843360901,original,0.4732401371002197,6,False,3.536550283432007,3.3912129402160645,3.997694730758667,3.16361665725708,2.6458218097686768,3.559518814086914,2.9594669342041016,fleurs_uk,whole_original_recording,9.0,fleurs_uk_ac4c585497c3180ca5d0edae
original,6.522458553314209,0.0,0,not_scored_no_time_aligned_reference,3.0,0.7712752819061279,13.5,"[""local_high_frequency_burst""]",True,3,"[{""start_seconds"": 0.19, ""end_seconds"": 0.26}, {""start_seconds"": 1.77, ""end_seconds"": 1.8800000000000001}, {""start_seconds"": 2.72, ""end_seconds"": 2.76}]",33.36162567138672,0.9076852798461914,original,0.4663795828819275,7,False,3.434169054031372,4.1944379806518555,4.4453887939453125,3.7988667488098145,3.0665321350097656,2.9846062660217285,3.448133707046509,fleurs_uk,whole_original_recording,10.5,fleurs_uk_ac4c585497c3180ca5d0edae
original,6.6820173263549805,0.0,0,not_scored_no_time_aligned_reference,3.0,0.8516682982444763,15.0,"[""local_high_frequency_burst"", ""sigmos_overall_below_threshold""]",True,2,"[{""start_seconds"": 0.27, ""end_seconds"": 0.38}, {""start_seconds"": 1.22, ""end_seconds"": 1.26}]",34.949256896972656,0.9076852798461914,original,0.5464357137680054,8,False,4.050477027893066,3.9189326763153076,3.99792218208313,4.119711875915527,2.9875869750976562,2.785172462463379,3.359023094177246,fleurs_uk,whole_original_recording,12.0,fleurs_uk_ac4c585497c3180ca5d0edae
original,7.027287006378174,0.0,0,not_scored_no_time_aligned_reference,3.0,0.8329925537109375,16.5,"[""sigmos_overall_below_threshold"", ""sigmos_speech_below_threshold""]",True,0,[],24.003509521484375,0.07145212590694427,original,0.5464357137680054,9,False,3.8131117820739746,4.040106773376465,4.128411293029785,3.029897451400757,2.5869452953338623,3.2333500385284424,2.8605570793151855,fleurs_uk,whole_original_recording,13.5,fleurs_uk_ac4c585497c3180ca5d0edae
original,6.77902364730835,0.0,0,not_scored_no_time_aligned_reference,3.0,0.8284076452255249,18.0,"[""sigmos_overall_below_threshold"", ""sigmos_speech_below_threshold""]",True,0,[],25.596080780029297,0.07145212590694427,original,0.4152982831001282,10,False,3.37140154838562,3.7843592166900635,3.61090087890625,3.0071566104888916,2.3958261013031006,2.810581922531128,2.8608345985412598,fleurs_uk,whole_original_recording,15.0,fleurs_uk_ac4c585497c3180ca5d0edae
original,6.901430606842041,0.0,0,not_scored_no_time_aligned_reference,3.0,0.8156948685646057,19.5,"[""local_high_frequency_burst"", ""sigmos_overall_below_threshold"", ""sigmos_speech_below_threshold""]",True,2,"[{""start_seconds"": 1.98, ""end_seconds"": 2.0}, {""start_seconds"": 2.02, ""end_seconds"": 2.1599999999999997}]",37.862701416015625,0.5874565839767456,original,0.343209445476532,11,False,3.174560308456421,3.7643539905548096,3.883671283721924,3.5621821880340576,2.690021514892578,2.7386624813079834,2.9338088035583496,fleurs_uk,whole_original_recording,16.5,fleurs_uk_ac4c585497c3180ca5d0edae
original,7.945152759552002,0.0,0,not_scored_no_time_aligned_reference,3.0,0.39185622334480286,20.7,"[""local_high_frequency_burst"", ""sigmos_overall_below_threshold"", ""sigmos_speech_below_threshold"", ""ecapa_similarity_below_threshold""]",True,2,"[{""start_seconds"": 0.78, ""end_seconds"": 0.8}, {""start_seconds"": 0.82, ""end_seconds"": 0.96}]",37.862701416015625,0.5874565839767456,original,0.3234201669692993,12,False,3.696225166320801,3.186751365661621,4.459576606750488,4.014148712158203,2.07277512550354,2.3470726013183594,2.1755852699279785,fleurs_uk,whole_original_recording,17.7,fleurs_uk_ac4c585497c3180ca5d0edae
original,7.044630527496338,0.0,0,not_scored_no_time_aligned_reference,3.0,0.8038718104362488,3.0,"[""local_high_frequency_burst""]",True,2,"[{""start_seconds"": 0.62, ""end_seconds"": 0.67}, {""start_seconds"": 1.07, ""end_seconds"": 1.15}]",35.43145751953125,0.9515751600265503,original,0.04911679029464722,0,False,3.57961106300354,4.046838283538818,3.805203676223755,4.002384185791016,3.2834174633026123,4.722899436950684,3.7286205291748047,fleurs_uk,whole_original_recording,0.0,fleurs_uk_225ede107a48491a57745bb8
original,6.9631829261779785,0.0,0,not_scored_no_time_aligned_reference,3.0,0.8094590306282043,4.5,[],True,0,[],36.376068115234375,0.9438003897666931,original,0.04648458957672119,1,False,3.62853741645813,3.9584240913391113,2.9539589881896973,4.1462812423706055,3.291999340057373,4.121890068054199,3.732659339904785,fleurs_uk,whole_original_recording,1.5,fleurs_uk_225ede107a48491a57745bb8
original,6.762709140777588,0.0,0,not_scored_no_time_aligned_reference,3.0,0.8244658708572388,6.0,"[""local_high_frequency_burst""]",True,1,"[{""start_seconds"": 2.7, ""end_seconds"": 2.7199999999999998}]",39.92790985107422,0.8007050156593323,original,0.04648458957672119,2,False,3.276365041732788,4.749042510986328,2.879072427749634,4.183045387268066,3.5034067630767822,4.574102878570557,3.8603549003601074,fleurs_uk,whole_original_recording,3.0,fleurs_uk_225ede107a48491a57745bb8
original,6.123111724853516,0.0,0,not_scored_no_time_aligned_reference,3.0,0.8676546812057495,7.5,"[""local_high_frequency_burst""]",True,4,"[{""start_seconds"": 1.2, ""end_seconds"": 1.22}, {""start_seconds"": 1.48, ""end_seconds"": 1.51}, {""start_seconds"": 1.86, ""end_seconds"": 1.94}, {""start_seconds"": 2.16, ""end_seconds"": 2.23}]",29.146133422851562,0.9825835824012756,original,0.11774903535842896,3,False,3.472170352935791,4.512925148010254,2.433072328567505,4.040073394775391,3.3575448989868164,4.753072261810303,3.7633118629455566,fleurs_uk,whole_original_recording,4.5,fleurs_uk_225ede107a48491a57745bb8
original,5.560300350189209,0.0,0,not_scored_no_time_aligned_reference,3.0,0.8746626973152161,9.0,"[""local_high_frequency_burst""]",True,4,"[{""start_seconds"": 0.36, ""end_seconds"": 0.44}, {""start_seconds"": 0.66, ""end_seconds"": 0.73}, {""start_seconds"": 2.3000000000000003, ""end_seconds"": 2.3499999999999996}, {""start_seconds"": 2.62, ""end_seconds"": 2.65}]",31.57416534423828,0.9825835824012756,original,0.11774903535842896,4,False,3.2750790119171143,3.995152711868286,3.0557775497436523,4.042272567749023,3.556943893432617,4.6326446533203125,3.8698883056640625,fleurs_uk,whole_original_recording,6.0,fleurs_uk_225ede107a48491a57745bb8
original,6.1586012840271,0.0,0,not_scored_no_time_aligned_reference,3.0,0.8835038542747498,10.5,"[""local_high_frequency_burst""]",True,2,"[{""start_seconds"": 0.8, ""end_seconds"": 0.85}, {""start_seconds"": 1.1199999999999999, ""end_seconds"": 1.15}]",33.118446350097656,0.9427713751792908,original,0.040775954723358154,5,False,3.3467295169830322,4.113297462463379,3.086616039276123,4.126728057861328,3.2635014057159424,4.375059604644775,3.779271364212036,fleurs_uk,whole_original_recording,7.5,fleurs_uk_225ede107a48491a57745bb8
original,6.9572248458862305,0.0,0,not_scored_no_time_aligned_reference,3.0,0.8187329769134521,12.0,"[""local_high_frequency_burst""]",True,1,"[{""start_seconds"": 2.54, ""end_seconds"": 2.5599999999999996}]",29.4359130859375,0.8343614339828491,original,0.040775954723358154,6,False,3.5563180446624756,3.686370849609375,3.731220006942749,4.164326190948486,3.4778358936309814,4.684830665588379,3.894792318344116,fleurs_uk,whole_original_recording,9.0,fleurs_uk_225ede107a48491a57745bb8
original,6.620841026306152,0.0,0,not_scored_no_time_aligned_reference,3.0,0.805846631526947,13.5,"[""local_high_frequency_burst"", ""sigmos_overall_below_threshold""]",True,1,"[{""start_seconds"": 1.04, ""end_seconds"": 1.06}]",29.406993865966797,0.8343614339828491,original,0.03470718860626221,7,False,3.4206392765045166,3.435183525085449,3.168499231338501,4.311972141265869,2.6478922367095947,4.135153293609619,3.2971460819244385,fleurs_uk,whole_original_recording,10.5,fleurs_uk_225ede107a48491a57745bb8
original,5.647051811218262,0.0,0,not_scored_no_time_aligned_reference,3.0,0.8641233444213867,15.0,"[""local_high_frequency_burst""]",True,2,"[{""start_seconds"": 1.9, ""end_seconds"": 1.96}, {""start_seconds"": 2.4000000000000004, ""end_seconds"": 2.48}]",29.406993865966797,0.9697725176811218,original,0.045360267162323,8,False,3.749601364135742,4.108929634094238,3.3294031620025635,3.858034372329712,3.365732192993164,4.73948335647583,3.9819350242614746,fleurs_uk,whole_original_recording,12.0,fleurs_uk_225ede107a48491a57745bb8
original,6.047298431396484,0.0,0,not_scored_no_time_aligned_reference,3.0,0.80909264087677,16.5,"[""local_high_frequency_burst"", ""sigmos_overall_below_threshold""]",True,2,"[{""start_seconds"": 0.39999999999999997, ""end_seconds"": 0.46}, {""start_seconds"": 0.9, ""end_seconds"": 0.98}]",29.542945861816406,0.9697725176811218,original,0.045360267162323,9,False,3.6187188625335693,3.7928550243377686,3.561577796936035,3.5304133892059326,2.9285404682159424,4.484431266784668,3.556164264678955,fleurs_uk,whole_original_recording,13.5,fleurs_uk_225ede107a48491a57745bb8
original,5.548679351806641,0.0,0,not_scored_no_time_aligned_reference,3.0,0.7764266133308411,3.0,"[""sigmos_overall_below_threshold"", ""sigmos_speech_below_threshold"", ""sigmos_noise_below_threshold"", ""sigmos_coloration_below_threshold""]",True,0,[],30.305517196655273,0.2462049275636673,original,0.7851014137268066,0,False,2.9618892669677734,3.086510181427002,2.3675882816314697,2.4388461112976074,2.5561683177948,3.378382921218872,2.8853256702423096,fleurs_uk,whole_original_recording,0.0,fleurs_uk_86eeeca26010ecd282f2be86
original,6.2503509521484375,0.0,0,not_scored_no_time_aligned_reference,3.0,0.8740041255950928,4.5,"[""sigmos_overall_below_threshold"", ""sigmos_speech_below_threshold""]",True,0,[],25.065975189208984,0.2462049275636673,original,0.7724223136901855,1,False,3.142261028289795,3.2135064601898193,2.9266765117645264,3.0598902702331543,2.512667655944824,3.3420639038085938,2.652517080307007,fleurs_uk,whole_original_recording,1.5,fleurs_uk_86eeeca26010ecd282f2be86
original,6.365889549255371,0.0,0,not_scored_no_time_aligned_reference,3.0,0.8406979441642761,6.0,[],True,0,[],39.491756439208984,0.21356859803199768,original,0.7790948748588562,2,False,3.874591588973999,3.749863624572754,3.0225346088409424,3.323655843734741,3.0003132820129395,3.3710689544677734,3.2941935062408447,fleurs_uk,whole_original_recording,3.0,fleurs_uk_86eeeca26010ecd282f2be86
original,6.527055263519287,0.0,0,not_scored_no_time_aligned_reference,3.0,0.8768704533576965,7.5,[],True,0,[],26.602619171142578,0.21356859803199768,original,0.7931323647499084,3,False,4.659035682678223,3.2111151218414307,3.1792244911193848,3.7797353267669678,3.866591453552246,3.0766685009002686,4.001588821411133,fleurs_uk,whole_original_recording,4.5,fleurs_uk_86eeeca26010ecd282f2be86
original,6.695413112640381,0.0,0,not_scored_no_time_aligned_reference,3.0,0.8975967168807983,9.0,"[""sigmos_overall_below_threshold""]",True,0,[],31.314117431640625,0.21117277443408966,original,0.7931323647499084,4,False,3.785175323486328,3.5737571716308594,2.5624337196350098,3.6973493099212646,2.7878692150115967,3.2512738704681396,3.3004698753356934,fleurs_uk,whole_original_recording,6.0,fleurs_uk_86eeeca26010ecd282f2be86
original,6.309257507324219,0.0,0,not_scored_no_time_aligned_reference,3.0,0.8419359922409058,10.5,"[""sigmos_overall_below_threshold"", ""sigmos_speech_below_threshold""]",True,0,[],27.24761962890625,0.31678563356399536,original,0.777411937713623,5,False,3.801126480102539,3.526076555252075,2.9161911010742188,3.0926640033721924,2.499363422393799,3.414327621459961,2.881340742111206,fleurs_uk,whole_original_recording,7.5,fleurs_uk_86eeeca26010ecd282f2be86
original,5.534919261932373,0.0,0,not_scored_no_time_aligned_reference,3.0,0.7957537174224854,11.76,"[""sigmos_overall_below_threshold"", ""sigmos_speech_below_threshold"", ""sigmos_noise_below_threshold""]",True,0,[],29.63296890258789,0.38596269488334656,original,0.7622923851013184,6,False,3.400845527648926,3.1451141834259033,2.8928020000457764,2.9703800678253174,2.415778160095215,3.3379712104797363,2.8993077278137207,fleurs_uk,whole_original_recording,8.76,fleurs_uk_86eeeca26010ecd282f2be86
original,6.358994483947754,0.0,0,not_scored_no_time_aligned_reference,3.0,0.8726717829704285,3.0,[],True,0,[],33.06511306762695,0.68780517578125,original,0.0720396637916565,0,False,3.1664159297943115,4.427154541015625,4.073388576507568,4.088968276977539,3.6587541103363037,4.7967848777771,4.163332462310791,fleurs_uk,whole_original_recording,0.0,fleurs_uk_425f732c83e777999a23f231
original,6.5184831619262695,0.0,0,not_scored_no_time_aligned_reference,3.0,0.8944016695022583,4.5,[],True,0,[],34.44035339355469,0.68780517578125,original,0.06298559904098511,1,False,3.557643175125122,3.900275230407715,3.0773072242736816,4.210363388061523,3.2451424598693848,4.828048229217529,3.978790044784546,fleurs_uk,whole_original_recording,1.5,fleurs_uk_425f732c83e777999a23f231
original,6.47105073928833,0.0,0,not_scored_no_time_aligned_reference,3.0,0.9141729474067688,6.0,"[""sigmos_overall_below_threshold"", ""sigmos_coloration_below_threshold""]",True,0,[],34.19465637207031,0.48669537901878357,original,0.06298559904098511,2,False,2.9442524909973145,3.5300281047821045,3.7140145301818848,4.299134254455566,2.6747915744781494,4.469112396240234,3.3872742652893066,fleurs_uk,whole_original_recording,3.0,fleurs_uk_425f732c83e777999a23f231
original,6.682769775390625,0.0,0,not_scored_no_time_aligned_reference,3.0,0.9241319894790649,7.5,[],True,0,[],31.376380920410156,0.49214646220207214,original,0.05244630575180054,3,False,3.7210211753845215,3.570683240890503,3.7405049800872803,4.015497207641602,3.0235846042633057,4.248195648193359,3.5861268043518066,fleurs_uk,whole_original_recording,4.5,fleurs_uk_425f732c83e777999a23f231
original,6.1285247802734375,0.0,0,not_scored_no_time_aligned_reference,3.0,0.8615089654922485,9.0,"[""sigmos_overall_below_threshold""]",True,0,[],31.376380920410156,0.6001799702644348,original,0.050153493881225586,4,False,3.7671449184417725,3.698071241378784,3.5623528957366943,4.092576026916504,2.815101385116577,4.720248222351074,3.3244807720184326,fleurs_uk,whole_original_recording,6.0,fleurs_uk_425f732c83e777999a23f231
original,6.084226131439209,0.0,0,not_scored_no_time_aligned_reference,3.0,0.8844667673110962,10.5,"[""sigmos_overall_below_threshold""]",True,0,[],33.814361572265625,0.7583216428756714,original,0.03680700063705444,5,False,3.2777669429779053,3.3413796424865723,3.774446725845337,4.260498046875,2.9128410816192627,4.414516448974609,3.3792052268981934,fleurs_uk,whole_original_recording,7.5,fleurs_uk_425f732c83e777999a23f231
original,5.659624099731445,0.0,0,not_scored_no_time_aligned_reference,3.0,0.8503280282020569,11.28,"[""sigmos_overall_below_threshold"", ""sigmos_discontinuity_below_threshold""]",True,0,[],33.814361572265625,0.7583216428756714,original,0.03680700063705444,6,False,3.4912147521972656,2.963979721069336,3.910935878753662,3.960458755493164,2.80475115776062,4.2014288902282715,3.1662352085113525,fleurs_uk,whole_original_recording,8.28,fleurs_uk_425f732c83e777999a23f231
original,6.125775337219238,0.0,0,not_scored_no_time_aligned_reference,3.0,0.8514783978462219,3.0,"[""local_high_frequency_burst""]",True,3,"[{""start_seconds"": 2.0300000000000002, ""end_seconds"": 2.15}, {""start_seconds"": 2.8000000000000003, ""end_seconds"": 2.8699999999999997}, {""start_seconds"": 2.9400000000000004, ""end_seconds"": 2.98}]",43.4961051940918,0.9909600615501404,original,0.10244899988174438,0,False,3.849118709564209,4.167427062988281,3.2724661827087402,4.6028313636779785,3.2550885677337646,4.6594929695129395,3.797321319580078,fleurs_uk,whole_original_recording,0.0,fleurs_uk_ce9eb2666cb7cc32803ed074
original,5.896223545074463,0.0,0,not_scored_no_time_aligned_reference,3.0,0.8982105851173401,4.5,"[""local_high_frequency_burst""]",True,6,"[{""start_seconds"": 0.53, ""end_seconds"": 0.65}, {""start_seconds"": 1.3, ""end_seconds"": 1.37}, {""start_seconds"": 1.44, ""end_seconds"": 1.48}, {""start_seconds"": 1.95, ""end_seconds"": 2.07}, {""start_seconds"": 2.2600000000000002, ""end_seconds"": 2.36}, {""start_seconds"": 2.6, ""end_seconds"": 2.67}]",32.45171356201172,0.9909600615501404,original,0.13634949922561646,1,False,4.0297346115112305,4.097311973571777,3.4668314456939697,4.003291130065918,3.760631799697876,4.589375019073486,4.235263824462891,fleurs_uk,whole_original_recording,1.5,fleurs_uk_ce9eb2666cb7cc32803ed074
original,6.3341898918151855,0.0,0,not_scored_no_time_aligned_reference,3.0,0.8812119960784912,6.0,"[""local_high_frequency_burst""]",True,5,"[{""start_seconds"": 0.45, ""end_seconds"": 0.5700000000000001}, {""start_seconds"": 0.76, ""end_seconds"": 0.86}, {""start_seconds"": 1.1, ""end_seconds"": 1.17}, {""start_seconds"": 1.9999999999999998, ""end_seconds"": 2.09}, {""start_seconds"": 2.7, ""end_seconds"": 2.7399999999999998}]",33.55945587158203,0.9774978160858154,original,0.2547045350074768,2,False,3.8569326400756836,3.6708788871765137,3.511277675628662,3.2158589363098145,3.438610076904297,4.415311813354492,3.7551827430725098,fleurs_uk,whole_original_recording,3.0,fleurs_uk_ce9eb2666cb7cc32803ed074
original,6.570931434631348,0.0,0,not_scored_no_time_aligned_reference,3.0,0.8810607194900513,7.5,"[""local_high_frequency_burst""]",True,4,"[{""start_seconds"": 0.5, ""end_seconds"": 0.59}, {""start_seconds"": 1.2, ""end_seconds"": 1.24}, {""start_seconds"": 1.51, ""end_seconds"": 1.53}, {""start_seconds"": 2.5900000000000003, ""end_seconds"": 2.6599999999999997}]",45.22085189819336,0.9774978160858154,original,0.2547045350074768,3,False,3.4869439601898193,4.209982872009277,3.6454379558563232,4.218361854553223,3.3327038288116455,4.90785026550293,3.875992774963379,fleurs_uk,whole_original_recording,4.5,fleurs_uk_ce9eb2666cb7cc32803ed074
original,6.706879615783691,0.0,0,not_scored_no_time_aligned_reference,3.0,0.8763027191162109,9.0,"[""local_high_frequency_burst""]",True,4,"[{""start_seconds"": 1.09, ""end_seconds"": 1.16}, {""start_seconds"": 1.65, ""end_seconds"": 1.69}, {""start_seconds"": 2.3400000000000003, ""end_seconds"": 2.42}, {""start_seconds"": 2.66, ""end_seconds"": 2.71}]",41.50495529174805,0.9395212531089783,original,0.09643900394439697,4,False,4.043384552001953,3.7741496562957764,3.5082032680511475,4.215803146362305,3.20211124420166,4.606297492980957,3.6369564533233643,fleurs_uk,whole_original_recording,6.0,fleurs_uk_ce9eb2666cb7cc32803ed074
original,7.047764301300049,0.0,0,not_scored_no_time_aligned_reference,3.0,0.7613524794578552,10.38,"[""local_high_frequency_burst""]",True,4,"[{""start_seconds"": 0.27, ""end_seconds"": 0.31}, {""start_seconds"": 0.96, ""end_seconds"": 1.04}, {""start_seconds"": 1.28, ""end_seconds"": 1.33}, {""start_seconds"": 1.7, ""end_seconds"": 1.74}]",53.56034851074219,0.9899765849113464,original,0.09643900394439697,5,False,3.888071298599243,3.264028787612915,3.3066656589508057,3.7725625038146973,3.0398871898651123,4.161097049713135,3.2736709117889404,fleurs_uk,whole_original_recording,7.38,fleurs_uk_ce9eb2666cb7cc32803ed074
original,6.3532867431640625,0.0,0,not_scored_no_time_aligned_reference,3.0,0.8323984146118164,3.0,"[""local_high_frequency_burst""]",True,3,"[{""start_seconds"": 0.86, ""end_seconds"": 0.92}, {""start_seconds"": 1.38, ""end_seconds"": 1.49}, {""start_seconds"": 2.2800000000000002, ""end_seconds"": 2.32}]",32.55476379394531,0.940011739730835,original,0.056947529315948486,0,False,3.289355754852295,3.8451309204101562,2.9922409057617188,3.564455509185791,3.199457883834839,4.388039588928223,3.5888614654541016,fleurs_uk,whole_original_recording,0.0,fleurs_uk_f4828dcb8786670103766b29
original,6.199901103973389,0.0,0,not_scored_no_time_aligned_reference,3.0,0.8746909499168396,4.5,"[""local_high_frequency_burst"", ""sigmos_overall_below_threshold""]",True,2,"[{""start_seconds"": 0.78, ""end_seconds"": 0.8200000000000001}, {""start_seconds"": 2.2600000000000002, ""end_seconds"": 2.3}]",30.797447204589844,0.940011739730835,original,0.04780513048171997,1,False,3.5257601737976074,4.169319152832031,2.7160863876342773,4.190572738647461,2.975959062576294,4.638632774353027,3.586257219314575,fleurs_uk,whole_original_recording,1.5,fleurs_uk_f4828dcb8786670103766b29
original,6.148745536804199,0.0,0,not_scored_no_time_aligned_reference,3.0,0.8954453468322754,6.0,"[""local_high_frequency_burst""]",True,2,"[{""start_seconds"": 0.76, ""end_seconds"": 0.8}, {""start_seconds"": 2.1700000000000004, ""end_seconds"": 2.2699999999999996}]",29.409778594970703,0.7994633913040161,original,0.059280991554260254,2,False,4.056260108947754,4.5136942863464355,2.6497888565063477,4.141659736633301,3.7130026817321777,4.964790344238281,4.332411766052246,fleurs_uk,whole_original_recording,3.0,fleurs_uk_f4828dcb8786670103766b29
original,6.43215274810791,0.0,0,not_scored_no_time_aligned_reference,3.0,0.9031004309654236,7.5,"[""local_high_frequency_burst""]",True,2,"[{""start_seconds"": 0.67, ""end_seconds"": 0.77}, {""start_seconds"": 2.8800000000000003, ""end_seconds"": 2.9299999999999997}]",31.865909576416016,0.7994633913040161,original,0.059280991554260254,3,False,3.6185824871063232,4.252050399780273,3.3282837867736816,4.071822166442871,3.442737102508545,4.64077091217041,4.065761566162109,fleurs_uk,whole_original_recording,4.5,fleurs_uk_f4828dcb8786670103766b29
original,6.188200950622559,0.0,0,not_scored_no_time_aligned_reference,3.0,0.8451846241950989,9.0,"[""local_high_frequency_burst""]",True,1,"[{""start_seconds"": 1.38, ""end_seconds"": 1.43}]",28.394962310791016,0.7635541558265686,original,0.0693473219871521,4,False,4.341587066650391,4.058323383331299,3.485489845275879,4.1908063888549805,3.401054620742798,4.703531265258789,4.088816165924072,fleurs_uk,whole_original_recording,6.0,fleurs_uk_f4828dcb8786670103766b29
original,6.116995811462402,0.0,0,not_scored_no_time_aligned_reference,3.0,0.7966886162757874,9.96,"[""local_high_frequency_burst""]",True,1,"[{""start_seconds"": 0.42, ""end_seconds"": 0.47000000000000003}]",29.291156768798828,0.7635541558265686,original,0.0693473219871521,5,False,4.084708213806152,3.741640090942383,3.5808346271514893,4.2994160652160645,3.3894705772399902,4.235513687133789,3.7007060050964355,fleurs_uk,whole_original_recording,6.96,fleurs_uk_f4828dcb8786670103766b29
original,6.988718032836914,0.0,0,not_scored_no_time_aligned_reference,3.0,0.8913520574569702,3.0,"[""local_high_frequency_burst""]",True,2,"[{""start_seconds"": 1.88, ""end_seconds"": 1.94}, {""start_seconds"": 2.14, ""end_seconds"": 2.2199999999999998}]",32.831268310546875,0.9782328009605408,original,0.07936674356460571,0,False,3.5133838653564453,4.216832160949707,3.692739963531494,3.8431642055511475,3.017719268798828,4.233373641967773,3.6241683959960938,fleurs_uk,whole_original_recording,0.0,fleurs_uk_780f47de1ad7de01b058a990
original,7.197908878326416,0.0,0,not_scored_no_time_aligned_reference,3.0,0.9101806282997131,4.5,"[""local_high_frequency_burst""]",True,4,"[{""start_seconds"": 0.38, ""end_seconds"": 0.44}, {""start_seconds"": 0.64, ""end_seconds"": 0.72}, {""start_seconds"": 2.35, ""end_seconds"": 2.3699999999999997}, {""start_seconds"": 2.62, ""end_seconds"": 2.71}]",41.2119026184082,0.9782328009605408,original,0.055319368839263916,1,False,3.8687896728515625,3.8622567653656006,2.9000463485717773,4.128043174743652,3.903104066848755,4.505062103271484,4.351613998413086,fleurs_uk,whole_original_recording,1.5,fleurs_uk_780f47de1ad7de01b058a990
original,6.683234691619873,0.0,0,not_scored_no_time_aligned_reference,3.0,0.8997553586959839,6.0,"[""local_high_frequency_burst""]",True,3,"[{""start_seconds"": 0.85, ""end_seconds"": 0.87}, {""start_seconds"": 1.1199999999999999, ""end_seconds"": 1.21}, {""start_seconds"": 2.2300000000000004, ""end_seconds"": 2.3099999999999996}]",40.58584976196289,0.954367995262146,original,0.055319368839263916,2,False,3.5960888862609863,3.9459822177886963,3.676330327987671,3.497938394546509,3.0905160903930664,4.472382545471191,3.5068631172180176,fleurs_uk,whole_original_recording,3.0,fleurs_uk_780f47de1ad7de01b058a990
original,6.413544654846191,0.0,0,not_scored_no_time_aligned_reference,3.0,0.8806807398796082,7.5,"[""local_high_frequency_burst""]",True,5,"[{""start_seconds"": 0.73, ""end_seconds"": 0.81}, {""start_seconds"": 2.04, ""end_seconds"": 2.13}, {""start_seconds"": 2.47, ""end_seconds"": 2.51}, {""start_seconds"": 2.58, ""end_seconds"": 2.5999999999999996}, {""start_seconds"": 2.79, ""end_seconds"": 2.82}]",35.00865936279297,0.9749020934104919,original,0.0486752986907959,3,False,3.2235164642333984,4.071237564086914,3.0445945262908936,3.8020975589752197,3.3662710189819336,4.11763858795166,3.7049295902252197,fleurs_uk,whole_original_recording,4.5,fleurs_uk_780f47de1ad7de01b058a990
original,6.763951301574707,0.0,0,not_scored_no_time_aligned_reference,3.0,0.8838363885879517,9.0,"[""local_high_frequency_burst""]",True,6,"[{""start_seconds"": 0.54, ""end_seconds"": 0.63}, {""start_seconds"": 0.97, ""end_seconds"": 1.01}, {""start_seconds"": 1.08, ""end_seconds"": 1.1}, {""start_seconds"": 1.29, ""end_seconds"": 1.32}, {""start_seconds"": 1.5, ""end_seconds"": 1.59}, {""start_seconds"": 2.75, ""end_seconds"": 2.8099999999999996}]",36.182090759277344,0.9749020934104919,original,0.05104184150695801,4,False,4.016501426696777,4.4779863357543945,3.131150722503662,3.7344934940338135,4.1113810539245605,4.687404632568359,4.560089588165283,fleurs_uk,whole_original_recording,6.0,fleurs_uk_780f47de1ad7de01b058a990
original,6.300681114196777,0.0,0,not_scored_no_time_aligned_reference,3.0,0.9080843925476074,10.5,"[""local_high_frequency_burst""]",True,2,"[{""start_seconds"": 1.25, ""end_seconds"": 1.31}, {""start_seconds"": 1.54, ""end_seconds"": 1.62}]",33.032073974609375,0.9486114382743835,original,0.21340566873550415,5,False,3.7309341430664062,3.7980573177337646,3.3146252632141113,3.573880672454834,3.171273946762085,3.902308702468872,3.8304197788238525,fleurs_uk,whole_original_recording,7.5,fleurs_uk_780f47de1ad7de01b058a990
original,6.088872909545898,0.0,0,not_scored_no_time_aligned_reference,3.0,0.8569756746292114,11.28,"[""local_high_frequency_burst""]",True,2,"[{""start_seconds"": 0.47, ""end_seconds"": 0.53}, {""start_seconds"": 0.76, ""end_seconds"": 0.84}]",33.032073974609375,0.9486114382743835,original,0.21340566873550415,6,False,3.6883504390716553,3.7813401222229004,3.414165496826172,3.791571855545044,3.3862600326538086,3.80930233001709,3.871354103088379,fleurs_uk,whole_original_recording,8.28,fleurs_uk_780f47de1ad7de01b058a990
original,6.856229782104492,0.0,0,not_scored_no_time_aligned_reference,3.0,0.840279757976532,3.0,"[""local_high_frequency_burst""]",True,1,"[{""start_seconds"": 2.06, ""end_seconds"": 2.1799999999999997}]",34.146446228027344,0.9701932668685913,original,0.054697275161743164,0,False,3.278470754623413,4.026116847991943,3.515401601791382,3.265501022338867,3.148254871368408,4.01760196685791,3.684141159057617,fleurs_uk,whole_original_recording,0.0,fleurs_uk_67c2c97145359eb3d6b5d976
original,6.474455833435059,0.0,0,not_scored_no_time_aligned_reference,3.0,0.84433913230896,4.5,"[""local_high_frequency_burst""]",True,4,"[{""start_seconds"": 0.5599999999999999, ""end_seconds"": 0.68}, {""start_seconds"": 1.52, ""end_seconds"": 1.56}, {""start_seconds"": 1.67, ""end_seconds"": 1.69}, {""start_seconds"": 2.1100000000000003, ""end_seconds"": 2.17}]",35.40644836425781,0.9835106134414673,original,0.058792054653167725,1,False,3.5826847553253174,4.429605484008789,2.977259397506714,3.7519125938415527,3.603916883468628,4.941712379455566,4.077380657196045,fleurs_uk,whole_original_recording,1.5,fleurs_uk_67c2c97145359eb3d6b5d976
original,6.586869716644287,0.0,0,not_scored_no_time_aligned_reference,3.0,0.8690403699874878,6.0,"[""local_high_frequency_burst""]",True,5,"[{""start_seconds"": 0.04, ""end_seconds"": 0.060000000000000005}, {""start_seconds"": 0.61, ""end_seconds"": 0.67}, {""start_seconds"": 1.6, ""end_seconds"": 1.68}, {""start_seconds"": 1.77, ""end_seconds"": 1.79}, {""start_seconds"": 2.5700000000000003, ""end_seconds"": 2.65}]",42.31606674194336,0.993105947971344,original,0.061326682567596436,2,False,3.5057339668273926,3.6607308387756348,3.0677807331085205,3.6379895210266113,3.34304141998291,4.324974060058594,3.804772138595581,fleurs_uk,whole_original_recording,3.0,fleurs_uk_67c2c97145359eb3d6b5d976
original,6.342282772064209,0.0,0,not_scored_no_time_aligned_reference,3.0,0.8964877724647522,7.5,"[""local_high_frequency_burst""]",True,3,"[{""start_seconds"": 0.1, ""end_seconds"": 0.18000000000000002}, {""start_seconds"": 0.27, ""end_seconds"": 0.29000000000000004}, {""start_seconds"": 1.07, ""end_seconds"": 1.15}]",48.94071578979492,0.993105947971344,original,0.30886805057525635,3,False,3.291820764541626,3.475830316543579,3.2008910179138184,4.1657514572143555,3.5198826789855957,4.626506328582764,3.9959070682525635,fleurs_uk,whole_original_recording,4.5,fleurs_uk_67c2c97145359eb3d6b5d976
original,6.198803901672363,0.0,0,not_scored_no_time_aligned_reference,3.0,0.89229816198349,9.0,"[""local_high_frequency_burst""]",True,1,"[{""start_seconds"": 2.27, ""end_seconds"": 2.3099999999999996}]",47.739105224609375,0.8714972734451294,original,0.30886805057525635,4,False,3.690293073654175,3.8434417247772217,3.5563650131225586,4.513960838317871,3.508984327316284,4.2947282791137695,3.8186545372009277,fleurs_uk,whole_original_recording,6.0,fleurs_uk_67c2c97145359eb3d6b5d976
original,6.4900617599487305,0.0,0,not_scored_no_time_aligned_reference,3.0,0.8864405155181885,10.5,"[""local_high_frequency_burst""]",True,1,"[{""start_seconds"": 0.77, ""end_seconds"": 0.81}]",32.05440902709961,0.7146943807601929,original,0.11479532718658447,5,False,4.014686107635498,4.261765003204346,3.677173376083374,3.9676527976989746,3.470100164413452,4.503504753112793,3.8135476112365723,fleurs_uk,whole_original_recording,7.5,fleurs_uk_67c2c97145359eb3d6b5d976
original,6.5209197998046875,0.0,0,not_scored_no_time_aligned_reference,3.0,0.8318979144096375,12.0,[],True,0,[],41.57929611206055,0.5974972248077393,original,0.11479532718658447,6,False,4.206516265869141,3.9384803771972656,3.7139101028442383,4.022359371185303,3.774683713912964,4.465366363525391,4.2642974853515625,fleurs_uk,whole_original_recording,9.0,fleurs_uk_67c2c97145359eb3d6b5d976
original,6.695580959320068,0.0,0,not_scored_no_time_aligned_reference,3.0,0.8670350313186646,13.5,"[""local_high_frequency_burst""]",True,1,"[{""start_seconds"": 2.37, ""end_seconds"": 2.46}]",33.232025146484375,0.8273078799247742,original,0.06350284814834595,7,False,4.210794925689697,3.853240966796875,3.5644047260284424,4.297372817993164,3.586437702178955,4.5602335929870605,4.067309379577637,fleurs_uk,whole_original_recording,10.5,fleurs_uk_67c2c97145359eb3d6b5d976
original,6.245569229125977,0.0,0,not_scored_no_time_aligned_reference,3.0,0.8670118451118469,15.0,"[""local_high_frequency_burst""]",True,3,"[{""start_seconds"": 0.87, ""end_seconds"": 0.96}, {""start_seconds"": 1.6, ""end_seconds"": 1.72}, {""start_seconds"": 2.0100000000000002, ""end_seconds"": 2.09}]",35.60401916503906,0.87315434217453,original,0.09361010789871216,8,False,3.326500654220581,3.8393099308013916,3.12201189994812,3.9024369716644287,3.3294312953948975,4.022304534912109,3.9067976474761963,fleurs_uk,whole_original_recording,12.0,fleurs_uk_67c2c97145359eb3d6b5d976
original,6.127296447753906,0.0,0,not_scored_no_time_aligned_reference,3.0,0.769666850566864,16.2,"[""local_high_frequency_burst""]",True,2,"[{""start_seconds"": 0.39999999999999997, ""end_seconds"": 0.52}, {""start_seconds"": 0.8099999999999999, ""end_seconds"": 0.89}]",36.05830383300781,0.87315434217453,original,0.09361010789871216,9,False,3.7486214637756348,3.07733154296875,3.6164679527282715,4.0693817138671875,3.52895188331604,3.894787073135376,3.949183702468872,fleurs_uk,whole_original_recording,13.2,fleurs_uk_67c2c97145359eb3d6b5d976
original,7.493881702423096,0.0,0,not_scored_no_time_aligned_reference,3.0,0.7443851232528687,3.0,"[""local_high_frequency_burst""]",True,1,"[{""start_seconds"": 1.8699999999999999, ""end_seconds"": 1.97}]",56.50043487548828,0.9989989399909973,original,0.8241732120513916,0,False,3.0521576404571533,3.5159900188446045,2.6318182945251465,3.495072841644287,3.1379966735839844,3.8039588928222656,3.2577455043792725,opentts_lada,whole_original_recording,0.0,opentts_lada_895ec772c58479ef40c211f8
original,7.106568336486816,0.0,0,not_scored_no_time_aligned_reference,3.0,0.8346895575523376,4.5,"[""local_high_frequency_burst"", ""sigmos_coloration_below_threshold""]",True,4,"[{""start_seconds"": 0.37, ""end_seconds"": 0.47000000000000003}, {""start_seconds"": 1.95, ""end_seconds"": 2.0199999999999996}, {""start_seconds"": 2.43, ""end_seconds"": 2.55}, {""start_seconds"": 2.74, ""end_seconds"": 2.8}]",56.50043487548828,0.9989989399909973,original,0.8241732120513916,1,False,2.886007308959961,4.412261009216309,3.0590481758117676,3.3696463108062744,3.096482753753662,4.568294525146484,3.676321029663086,opentts_lada,whole_original_recording,1.5,opentts_lada_895ec772c58479ef40c211f8
original,6.967319488525391,0.0,0,not_scored_no_time_aligned_reference,3.0,0.7987149357795715,6.0,"[""local_high_frequency_burst"", ""sigmos_overall_below_threshold"", ""sigmos_noise_below_threshold""]",True,5,"[{""start_seconds"": 0.45, ""end_seconds"": 0.52}, {""start_seconds"": 0.9299999999999999, ""end_seconds"": 1.05}, {""start_seconds"": 1.24, ""end_seconds"": 1.3}, {""start_seconds"": 1.8, ""end_seconds"": 1.9}, {""start_seconds"": 2.1700000000000004, ""end_seconds"": 2.3499999999999996}]",31.078407287597656,0.9952301383018494,original,0.5080544352531433,2,False,3.7678005695343018,3.752474069595337,3.1051292419433594,2.9767186641693115,2.887627601623535,4.344078063964844,3.5604727268218994,opentts_lada,whole_original_recording,3.0,opentts_lada_895ec772c58479ef40c211f8
original,7.174341201782227,0.0,0,not_scored_no_time_aligned_reference,3.0,0.874483585357666,7.38,"[""local_high_frequency_burst"", ""sigmos_overall_below_threshold""]",True,2,"[{""start_seconds"": 0.42, ""end_seconds"": 0.52}, {""start_seconds"": 0.79, ""end_seconds"": 0.97}]",41.037811279296875,0.9952301383018494,original,0.49295011162757874,3,False,3.3409512042999268,3.788121223449707,3.1172380447387695,3.670318603515625,2.9931206703186035,4.102348327636719,3.673408269882202,opentts_lada,whole_original_recording,4.38,opentts_lada_895ec772c58479ef40c211f8
original,7.721613883972168,0.0,0,not_scored_no_time_aligned_reference,3.0,0.8313562870025635,3.0,"[""sigmos_overall_below_threshold"", ""sigmos_coloration_below_threshold""]",True,0,[],30.81397247314453,0.7960805892944336,original,0.42078033089637756,0,False,2.9271814823150635,3.344102621078491,2.7247517108917236,3.8414297103881836,2.771691083908081,4.020218849182129,3.1182024478912354,opentts_lada,whole_original_recording,0.0,opentts_lada_0a51f08f878361f67c7b8d39
original,7.141369819641113,0.0,0,not_scored_no_time_aligned_reference,3.0,0.9207133650779724,4.5,"[""local_high_frequency_burst""]",True,1,"[{""start_seconds"": 2.6, ""end_seconds"": 2.63}]",31.652626037597656,0.7960805892944336,original,0.42078033089637756,1,False,4.0690083503723145,4.719290733337402,3.080803632736206,3.4447855949401855,3.206153392791748,4.247002124786377,4.5734710693359375,opentts_lada,whole_original_recording,1.5,opentts_lada_0a51f08f878361f67c7b8d39
original,7.488316535949707,0.0,0,not_scored_no_time_aligned_reference,3.0,0.9419419765472412,5.46,"[""local_high_frequency_burst""]",True,1,"[{""start_seconds"": 1.64, ""end_seconds"": 1.67}]",31.652626037597656,0.6402736306190491,original,0.36312800645828247,2,False,3.8690826892852783,3.992772102355957,3.131201982498169,3.7507221698760986,3.1347177028656006,4.227834701538086,3.6818549633026123,opentts_lada,whole_original_recording,2.46,opentts_lada_0a51f08f878361f67c7b8d39
original,7.162441730499268,0.0,0,not_scored_no_time_aligned_reference,3.0,0.9476824402809143,3.0,"[""local_high_frequency_burst"", ""sigmos_overall_below_threshold"", ""sigmos_speech_below_threshold""]",True,2,"[{""start_seconds"": 2.27, ""end_seconds"": 2.3}, {""start_seconds"": 2.72, ""end_seconds"": 2.78}]",33.265350341796875,0.7905169725418091,original,0.9273374676704407,0,False,3.2553369998931885,3.6813533306121826,2.8890018463134766,4.248434066772461,2.635920286178589,3.994567394256592,2.9919567108154297,opentts_lada,whole_original_recording,0.0,opentts_lada_03ff7e81e8e7ddc1ff567207
original,7.01206111907959,0.0,0,not_scored_no_time_aligned_reference,3.0,0.9184837937355042,4.5,"[""local_high_frequency_burst"", ""sigmos_overall_below_threshold""]",True,2,"[{""start_seconds"": 0.77, ""end_seconds"": 0.8}, {""start_seconds"": 1.22, ""end_seconds"": 1.28}]",33.265350341796875,0.9086549878120422,original,0.9273374676704407,1,False,3.2528128623962402,3.8922817707061768,3.0303289890289307,3.9407308101654053,2.8020846843719482,4.32466983795166,3.1669623851776123,opentts_lada,whole_original_recording,1.5,opentts_lada_03ff7e81e8e7ddc1ff567207
original,7.123814105987549,0.0,0,not_scored_no_time_aligned_reference,3.0,0.9168959856033325,4.62,"[""local_high_frequency_burst"", ""sigmos_overall_below_threshold""]",True,2,"[{""start_seconds"": 0.65, ""end_seconds"": 0.68}, {""start_seconds"": 1.1, ""end_seconds"": 1.16}]",33.265350341796875,0.9086549878120422,original,0.9273374676704407,2,False,3.5563385486602783,4.189342498779297,2.6146316528320312,3.8328888416290283,2.7920284271240234,4.326948165893555,3.0874810218811035,opentts_lada,whole_original_recording,1.62,opentts_lada_03ff7e81e8e7ddc1ff567207
original,7.579192161560059,0.0,0,not_scored_no_time_aligned_reference,3.0,0.8890442252159119,3.0,"[""local_high_frequency_burst"", ""sigmos_overall_below_threshold""]",True,2,"[{""start_seconds"": 1.56, ""end_seconds"": 1.58}, {""start_seconds"": 1.73, ""end_seconds"": 1.79}]",56.460323333740234,0.868951141834259,original,0.3689877986907959,0,False,3.0144078731536865,4.138465404510498,3.4739959239959717,4.474370002746582,2.7912240028381348,4.155333518981934,3.35404109954834,opentts_lada,whole_original_recording,0.0,opentts_lada_4f6898f32fa7c0bffacc0eb8
original,7.24411678314209,0.0,0,not_scored_no_time_aligned_reference,3.0,0.9259013533592224,4.5,"[""local_high_frequency_burst""]",True,2,"[{""start_seconds"": 0.060000000000000005, ""end_seconds"": 0.08}, {""start_seconds"": 0.22999999999999998, ""end_seconds"": 0.29000000000000004}]",56.54726791381836,0.868951141834259,original,0.3689877986907959,1,False,3.5368833541870117,3.7891716957092285,3.0142629146575928,3.24220609664917,3.0802741050720215,4.200455188751221,3.561577796936035,opentts_lada,whole_original_recording,1.5,opentts_lada_4f6898f32fa7c0bffacc0eb8
original,7.624477386474609,0.0,0,not_scored_no_time_aligned_reference,3.0,0.9297819137573242,5.1,[],True,0,[],24.877857208251953,0.868951141834259,original,0.3689877986907959,2,False,3.3608036041259766,3.4224374294281006,3.450010299682617,3.761202573776245,3.54651141166687,4.015616416931152,3.5960333347320557,opentts_lada,whole_original_recording,2.1,opentts_lada_4f6898f32fa7c0bffacc0eb8
original,7.106563568115234,0.0,0,not_scored_no_time_aligned_reference,3.0,0.9589887261390686,3.0,"[""local_high_frequency_burst"", ""sigmos_overall_below_threshold""]",True,1,"[{""start_seconds"": 2.5700000000000003, ""end_seconds"": 2.67}]",54.155513763427734,0.9917193651199341,original,0.7889090180397034,0,False,4.053968906402588,4.108477592468262,2.7749969959259033,4.3170061111450195,2.6339032649993896,4.43801212310791,3.1378824710845947,opentts_lada,whole_original_recording,0.0,opentts_lada_3f12d88f92635c6568c06e01
original,7.184117317199707,0.0,0,not_scored_no_time_aligned_reference,3.0,0.9505725502967834,4.32,"[""local_high_frequency_burst"", ""sigmos_overall_below_threshold""]",True,1,"[{""start_seconds"": 1.25, ""end_seconds"": 1.35}]",55.894386291503906,0.9917193651199341,original,0.7889090180397034,1,False,3.6434056758880615,3.8465535640716553,3.072207450866699,3.7640841007232666,2.9086697101593018,3.8167724609375,3.1946091651916504,opentts_lada,whole_original_recording,1.32,opentts_lada_3f12d88f92635c6568c06e01
original,7.300065040588379,0.0,0,not_scored_no_time_aligned_reference,3.0,0.9137732982635498,3.0,"[""local_high_frequency_burst"", ""sigmos_overall_below_threshold"", ""sigmos_speech_below_threshold""]",True,1,"[{""start_seconds"": 2.08, ""end_seconds"": 2.15}]",37.291236877441406,0.9619956612586975,original,0.3739442229270935,0,False,3.9607632160186768,3.787679433822632,2.9433481693267822,4.161860466003418,2.7830862998962402,4.091652870178223,2.974126100540161,opentts_lada,whole_original_recording,0.0,opentts_lada_98366f80048a9cc5c7db5a69
original,7.437619686126709,0.0,0,not_scored_no_time_aligned_reference,3.0,0.9292204976081848,4.5,"[""local_high_frequency_burst""]",True,1,"[{""start_seconds"": 0.58, ""end_seconds"": 0.65}]",25.75104331970215,0.9619956612586975,original,0.3739442229270935,1,False,3.7304041385650635,4.336360931396484,2.77899169921875,4.304847717285156,3.2370963096618652,4.887249946594238,3.6013388633728027,opentts_lada,whole_original_recording,1.5,opentts_lada_98366f80048a9cc5c7db5a69
original,7.41898250579834,0.0,0,not_scored_no_time_aligned_reference,3.0,0.9385927319526672,5.04,"[""local_high_frequency_burst"", ""sigmos_overall_below_threshold""]",True,1,"[{""start_seconds"": 0.04, ""end_seconds"": 0.11}]",23.553569793701172,0.9619956612586975,original,0.3739442229270935,2,False,3.651697874069214,3.3870065212249756,3.4288172721862793,4.1861419677734375,2.848583459854126,4.415490627288818,3.2247493267059326,opentts_lada,whole_original_recording,2.04,opentts_lada_98366f80048a9cc5c7db5a69
original,6.454294204711914,0.0,0,not_scored_no_time_aligned_reference,3.0,0.881693422794342,3.0,"[""local_high_frequency_burst""]",True,3,"[{""start_seconds"": 1.97, ""end_seconds"": 2.01}, {""start_seconds"": 2.2600000000000002, ""end_seconds"": 2.32}, {""start_seconds"": 2.8800000000000003, ""end_seconds"": 2.92}]",26.290203094482422,0.9950749278068542,original,0.4296991527080536,0,False,3.737539052963257,3.842601776123047,3.5656044483184814,4.058177471160889,3.191981792449951,4.525266647338867,3.6155107021331787,opentts_lada,whole_original_recording,0.0,opentts_lada_62b7ba749f09ce58e99f5fa5
original,6.985723495483398,0.0,0,not_scored_no_time_aligned_reference,3.0,0.8936411738395691,4.38,"[""local_high_frequency_burst"", ""sigmos_overall_below_threshold""]",True,4,"[{""start_seconds"": 0.59, ""end_seconds"": 0.63}, {""start_seconds"": 0.88, ""end_seconds"": 0.9400000000000001}, {""start_seconds"": 1.49, ""end_seconds"": 1.55}, {""start_seconds"": 1.65, ""end_seconds"": 1.79}]",26.940662384033203,0.9950749278068542,original,0.4296991527080536,1,False,3.6537904739379883,3.8400862216949463,3.113548755645752,4.046708106994629,2.9387784004211426,4.308897495269775,3.1371264457702637,opentts_lada,whole_original_recording,1.38,opentts_lada_62b7ba749f09ce58e99f5fa5
original,7.701274394989014,0.0,0,not_scored_no_time_aligned_reference,3.0,0.848527729511261,3.0,"[""local_high_frequency_burst"", ""sigmos_overall_below_threshold"", ""sigmos_coloration_below_threshold""]",True,1,"[{""start_seconds"": 1.97, ""end_seconds"": 2.0599999999999996}]",36.84661102294922,0.9786736369132996,original,0.597679853439331,0,False,2.881033420562744,3.852108955383301,2.9367315769195557,3.6360044479370117,2.579219341278076,4.379000186920166,3.1038331985473633,opentts_lada,whole_original_recording,0.0,opentts_lada_0662ad46c52346128cb62973
original,7.235633373260498,0.0,0,not_scored_no_time_aligned_reference,3.0,0.9092728495597839,4.5,"[""local_high_frequency_burst"", ""sigmos_overall_below_threshold"", ""sigmos_noise_below_threshold""]",True,4,"[{""start_seconds"": 0.47, ""end_seconds"": 0.56}, {""start_seconds"": 1.47, ""end_seconds"": 1.52}, {""start_seconds"": 2.1500000000000004, ""end_seconds"": 2.17}, {""start_seconds"": 2.6100000000000003, ""end_seconds"": 2.6599999999999997}]",28.603511810302734,0.9786736369132996,original,0.597679853439331,1,False,3.4653854370117188,4.644147872924805,2.690030097961426,2.765272855758667,2.664980411529541,4.30571174621582,3.056285858154297,opentts_lada,whole_original_recording,1.5,opentts_lada_0662ad46c52346128cb62973
original,7.357181549072266,0.0,0,not_scored_no_time_aligned_reference,3.0,0.8428950309753418,6.0,"[""local_high_frequency_burst""]",True,3,"[{""start_seconds"": 0.65, ""end_seconds"": 0.67}, {""start_seconds"": 1.11, ""end_seconds"": 1.16}, {""start_seconds"": 1.82, ""end_seconds"": 1.91}]",29.404199600219727,0.9935562014579773,original,0.4699954092502594,2,False,3.8794350624084473,3.991806745529175,3.1372389793395996,3.9753987789154053,3.2346436977386475,4.528256416320801,3.4825398921966553,opentts_lada,whole_original_recording,3.0,opentts_lada_0662ad46c52346128cb62973
original,7.327541351318359,0.0,0,not_scored_no_time_aligned_reference,3.0,0.9469918012619019,6.42,"[""local_high_frequency_burst""]",True,3,"[{""start_seconds"": 0.22999999999999998, ""end_seconds"": 0.25}, {""start_seconds"": 0.69, ""end_seconds"": 0.74}, {""start_seconds"": 1.4, ""end_seconds"": 1.49}]",29.404199600219727,0.9935562014579773,original,0.35566768050193787,3,False,3.80153489112854,3.679347038269043,2.8172080516815186,4.33750581741333,3.052718162536621,4.797422409057617,3.2957615852355957,opentts_lada,whole_original_recording,3.42,opentts_lada_0662ad46c52346128cb62973
original,7.43809175491333,0.0,0,not_scored_no_time_aligned_reference,3.0,0.9327883124351501,3.0,"[""local_high_frequency_burst"", ""sigmos_overall_below_threshold""]",True,1,"[{""start_seconds"": 2.7100000000000004, ""end_seconds"": 2.7699999999999996}]",35.34470748901367,0.9218115210533142,original,0.5161368250846863,0,False,3.184521436691284,4.461033821105957,2.9432919025421143,3.825946092605591,2.808584213256836,4.566819190979004,3.311288595199585,opentts_lada,whole_original_recording,0.0,opentts_lada_d678cf4acf3877e75ae20b50
original,7.4436516761779785,0.0,0,not_scored_no_time_aligned_reference,3.0,0.9468408823013306,4.44,"[""local_high_frequency_burst"", ""sigmos_overall_below_threshold""]",True,1,"[{""start_seconds"": 1.27, ""end_seconds"": 1.33}]",28.253522872924805,0.9218115210533142,original,0.5161368250846863,1,False,3.9680559635162354,3.9367995262145996,2.702211380004883,3.9094269275665283,2.847290515899658,4.688380718231201,3.374082088470459,opentts_lada,whole_original_recording,1.44,opentts_lada_d678cf4acf3877e75ae20b50
original,7.484516620635986,0.0,0,not_scored_no_time_aligned_reference,3.0,0.9226954579353333,3.0,"[""local_high_frequency_burst""]",True,3,"[{""start_seconds"": 2.22, ""end_seconds"": 2.2699999999999996}, {""start_seconds"": 2.29, ""end_seconds"": 2.3099999999999996}, {""start_seconds"": 2.7, ""end_seconds"": 2.7199999999999998}]",39.37889099121094,0.9126532077789307,original,0.4614211320877075,0,False,3.493342638015747,4.0158281326293945,3.4963152408599854,4.027133941650391,3.135530710220337,3.8888535499572754,3.423248529434204,opentts_lada,whole_original_recording,0.0,opentts_lada_084278046b1dac222cef1a1b
original,7.265869617462158,0.0,0,not_scored_no_time_aligned_reference,3.0,0.9478785991668701,4.5,"[""local_high_frequency_burst""]",True,4,"[{""start_seconds"": 0.72, ""end_seconds"": 0.77}, {""start_seconds"": 0.79, ""end_seconds"": 0.81}, {""start_seconds"": 1.2, ""end_seconds"": 1.22}, {""start_seconds"": 1.7, ""end_seconds"": 1.78}]",39.37889099121094,0.9952465295791626,original,0.4614211320877075,1,False,3.500507354736328,4.4525146484375,2.934492349624634,4.275805473327637,3.164321184158325,4.775567054748535,3.9529964923858643,opentts_lada,whole_original_recording,1.5,opentts_lada_084278046b1dac222cef1a1b
original,7.6197638511657715,0.0,0,not_scored_no_time_aligned_reference,3.0,0.9440163373947144,5.04,"[""local_high_frequency_burst""]",True,4,"[{""start_seconds"": 0.18, ""end_seconds"": 0.23}, {""start_seconds"": 0.25, ""end_seconds"": 0.27}, {""start_seconds"": 0.66, ""end_seconds"": 0.68}, {""start_seconds"": 1.16, ""end_seconds"": 1.24}]",34.800621032714844,0.9952465295791626,original,0.4614211320877075,2,False,3.29422926902771,3.7302863597869873,2.720623016357422,3.4786722660064697,3.208613872528076,3.8816750049591064,3.748394250869751,opentts_lada,whole_original_recording,2.04,opentts_lada_084278046b1dac222cef1a1b
original,7.709352016448975,0.0,0,not_scored_no_time_aligned_reference,3.0,0.7623059153556824,3.0,"[""local_high_frequency_burst""]",True,1,"[{""start_seconds"": 2.0300000000000002, ""end_seconds"": 2.05}]",32.02295684814453,0.6480489373207092,original,0.7008008360862732,0,False,3.317438840866089,3.9779858589172363,2.8138179779052734,4.206821441650391,3.041186809539795,3.6618118286132812,3.573387622833252,opentts_lada,whole_original_recording,0.0,opentts_lada_711415c65ab804a2a0a9672a
original,7.206203460693359,0.0,0,not_scored_no_time_aligned_reference,3.0,0.8047610521316528,4.5,"[""local_high_frequency_burst"", ""sigmos_overall_below_threshold"", ""sigmos_speech_below_threshold"", ""sigmos_noise_below_threshold""]",True,2,"[{""start_seconds"": 0.53, ""end_seconds"": 0.55}, {""start_seconds"": 1.66, ""end_seconds"": 1.76}]",29.801084518432617,0.9705219864845276,original,0.7008008360862732,1,False,3.330552101135254,4.1180219650268555,2.711758613586426,2.8648223876953125,2.513777256011963,3.933931589126587,2.88822603225708,opentts_lada,whole_original_recording,1.5,opentts_lada_711415c65ab804a2a0a9672a
original,7.068499565124512,0.0,0,not_scored_no_time_aligned_reference,3.0,0.9227233529090881,6.0,"[""local_high_frequency_burst"", ""sigmos_overall_below_threshold"", ""sigmos_speech_below_threshold""]",True,4,"[{""start_seconds"": 0.16, ""end_seconds"": 0.26}, {""start_seconds"": 1.71, ""end_seconds"": 1.85}, {""start_seconds"": 1.98, ""end_seconds"": 2.0399999999999996}, {""start_seconds"": 2.18, ""end_seconds"": 2.28}]",38.502384185791016,0.9974990487098694,original,0.4623446464538574,2,False,3.100452423095703,4.328679084777832,3.2526044845581055,3.2822837829589844,2.511077642440796,4.3470988273620605,2.7262449264526367,opentts_lada,whole_original_recording,3.0,opentts_lada_711415c65ab804a2a0a9672a
original,7.29296350479126,0.0,0,not_scored_no_time_aligned_reference,3.0,0.8932883143424988,6.54,"[""local_high_frequency_burst""]",True,3,"[{""start_seconds"": 1.17, ""end_seconds"": 1.31}, {""start_seconds"": 1.44, ""end_seconds"": 1.5}, {""start_seconds"": 1.64, ""end_seconds"": 1.74}]",38.502384185791016,0.9974990487098694,original,0.39617273211479187,3,False,3.5937275886535645,3.724006175994873,3.24059796333313,3.790337562561035,3.062161445617676,3.8837475776672363,3.506838798522949,opentts_lada,whole_original_recording,3.54,opentts_lada_711415c65ab804a2a0a9672a
original,7.664520263671875,0.0,0,not_scored_no_time_aligned_reference,3.0,0.8916351795196533,3.0,"[""local_high_frequency_burst""]",True,1,"[{""start_seconds"": 2.8600000000000003, ""end_seconds"": 2.98}]",43.154869079589844,0.9886099696159363,original,0.7347555756568909,0,False,3.930206775665283,3.6771059036254883,3.506072521209717,4.307806491851807,3.400012254714966,3.4778249263763428,3.9227683544158936,opentts_mykyta,whole_original_recording,0.0,opentts_mykyta_3cfe71029778dc75286e6568
original,7.695476531982422,0.0,0,not_scored_no_time_aligned_reference,3.0,0.9389381408691406,4.2,"[""local_high_frequency_burst""]",True,2,"[{""start_seconds"": 1.66, ""end_seconds"": 1.77}, {""start_seconds"": 1.82, ""end_seconds"": 1.86}]",43.58062744140625,0.9886099696159363,original,0.7347555756568909,1,False,3.81925892829895,4.10939884185791,3.6673178672790527,3.74680233001709,3.1063873767852783,4.225566864013672,3.941659927368164,opentts_mykyta,whole_original_recording,1.2,opentts_mykyta_3cfe71029778dc75286e6568
original,7.743534564971924,0.0,0,not_scored_no_time_aligned_reference,3.0,0.968503475189209,3.0,"[""local_high_frequency_burst""]",True,1,"[{""start_seconds"": 2.5500000000000003, ""end_seconds"": 2.69}]",34.797691345214844,0.7871648669242859,original,0.15473324060440063,0,False,3.769484519958496,4.650712013244629,3.637416124343872,4.120966911315918,3.3697261810302734,4.428047180175781,3.7237603664398193,opentts_mykyta,whole_original_recording,0.0,opentts_mykyta_f7e6c7e1532a595b707f9d2b
original,7.576074123382568,0.0,0,not_scored_no_time_aligned_reference,3.0,0.9681463837623596,3.9,"[""local_high_frequency_burst""]",True,1,"[{""start_seconds"": 1.65, ""end_seconds"": 1.79}]",34.797691345214844,0.891128659248352,original,0.15473324060440063,1,False,3.345177412033081,4.015110969543457,3.6259546279907227,4.351279258728027,3.363032102584839,4.646385669708252,3.7616546154022217,opentts_mykyta,whole_original_recording,0.9,opentts_mykyta_f7e6c7e1532a595b707f9d2b
original,7.652806758880615,0.0,0,not_scored_no_time_aligned_reference,3.0,0.8821241855621338,3.0,"[""local_high_frequency_burst""]",True,2,"[{""start_seconds"": 2.25, ""end_seconds"": 2.3}, {""start_seconds"": 2.54, ""end_seconds"": 2.6199999999999997}]",26.153396606445312,0.8853738307952881,original,0.1459951400756836,0,False,4.1572675704956055,4.071532249450684,4.216177940368652,4.290799617767334,3.936034679412842,4.646788597106934,4.510883808135986,opentts_mykyta,whole_original_recording,0.0,opentts_mykyta_18fac11688c53adf4ff7227a
original,7.602049350738525,0.0,0,not_scored_no_time_aligned_reference,3.0,0.929339587688446,4.5,"[""local_high_frequency_burst""]",True,2,"[{""start_seconds"": 0.75, ""end_seconds"": 0.8}, {""start_seconds"": 1.04, ""end_seconds"": 1.12}]",26.00246810913086,0.8853738307952881,original,0.1347697526216507,1,False,4.172842025756836,3.863284111022949,4.342904090881348,4.196948051452637,3.9420273303985596,4.613287448883057,4.3215436935424805,opentts_mykyta,whole_original_recording,1.5,opentts_mykyta_18fac11688c53adf4ff7227a
original,7.669500350952148,0.0,0,not_scored_no_time_aligned_reference,3.0,0.9019842147827148,6.0,"[""local_high_frequency_burst""]",True,2,"[{""start_seconds"": 1.59, ""end_seconds"": 1.67}, {""start_seconds"": 1.94, ""end_seconds"": 2.0199999999999996}]",26.710506439208984,0.9359369277954102,original,0.1347697526216507,2,False,4.322608947753906,4.403212070465088,4.07163667678833,4.396641731262207,3.6908042430877686,4.227639198303223,4.303624153137207,opentts_mykyta,whole_original_recording,3.0,opentts_mykyta_18fac11688c53adf4ff7227a
original,7.719559192657471,0.0,0,not_scored_no_time_aligned_reference,3.0,0.8864894509315491,7.2,"[""local_high_frequency_burst""]",True,3,"[{""start_seconds"": 0.39, ""end_seconds"": 0.47000000000000003}, {""start_seconds"": 0.74, ""end_seconds"": 0.8200000000000001}, {""start_seconds"": 1.72, ""end_seconds"": 1.83}]",31.178062438964844,0.9359369277954102,original,0.11640270799398422,3,False,3.584834575653076,4.189864158630371,4.196814060211182,3.6296894550323486,3.4081194400787354,3.793705940246582,4.098738670349121,opentts_mykyta,whole_original_recording,4.2,opentts_mykyta_18fac11688c53adf4ff7227a
original,7.854525566101074,0.0,0,not_scored_no_time_aligned_reference,3.0,0.9982255101203918,3.0,"[""local_high_frequency_burst""]",True,1,"[{""start_seconds"": 1.71, ""end_seconds"": 1.91}]",47.94873809814453,0.925410807132721,original,0.676076352596283,0,False,3.4938952922821045,4.023525238037109,3.160853147506714,4.280329704284668,3.1458685398101807,4.041531562805176,3.6082863807678223,opentts_mykyta,whole_original_recording,0.0,opentts_mykyta_cac2b4f75c8cdeb7fb0eb9c2
original,7.744695663452148,0.0,0,not_scored_no_time_aligned_reference,3.0,0.9975669384002686,3.12,"[""local_high_frequency_burst""]",True,1,"[{""start_seconds"": 1.59, ""end_seconds"": 1.79}]",47.94873809814453,0.9831931591033936,original,0.676076352596283,1,False,3.4239821434020996,4.399439334869385,3.3862669467926025,4.1516828536987305,3.366889476776123,4.060424327850342,3.812067985534668,opentts_mykyta,whole_original_recording,0.12,opentts_mykyta_cac2b4f75c8cdeb7fb0eb9c2
original,7.685512542724609,0.0,0,not_scored_no_time_aligned_reference,3.0,0.9526243209838867,3.0,[],True,0,[],29.234020233154297,0.7691490054130554,original,0.1352705955505371,0,False,4.396397590637207,3.6340227127075195,3.9290642738342285,4.020267486572266,3.202793836593628,4.4981489181518555,3.6577115058898926,opentts_mykyta,whole_original_recording,0.0,opentts_mykyta_e1b43c1007a9fdaca1fe7af8
original,7.816770553588867,0.0,0,not_scored_no_time_aligned_reference,3.0,0.960409939289093,3.84,[],True,0,[],29.770278930664062,0.788442075252533,original,0.1352705955505371,1,False,4.510134696960449,3.6913321018218994,3.4689600467681885,4.095952987670898,3.1432056427001953,4.792872428894043,3.7527387142181396,opentts_mykyta,whole_original_recording,0.84,opentts_mykyta_e1b43c1007a9fdaca1fe7af8
original,7.93691349029541,0.0,0,not_scored_no_time_aligned_reference,3.0,0.9950819611549377,3.0,"[""local_high_frequency_burst""]",True,2,"[{""start_seconds"": 2.1700000000000004, ""end_seconds"": 2.21}, {""start_seconds"": 2.2600000000000002, ""end_seconds"": 2.3099999999999996}]",34.51691818237305,0.9789827466011047,original,0.13503088057041168,0,False,3.3000285625457764,3.8485779762268066,3.666229009628296,4.124422073364258,3.2195920944213867,4.615018844604492,3.5674521923065186,opentts_mykyta,whole_original_recording,0.0,opentts_mykyta_6c752b188ec3ba596f61f823
original,7.940440654754639,0.0,0,not_scored_no_time_aligned_reference,3.0,0.9951612949371338,3.3,"[""local_high_frequency_burst""]",True,2,"[{""start_seconds"": 1.8699999999999999, ""end_seconds"": 1.91}, {""start_seconds"": 1.96, ""end_seconds"": 2.01}]",35.08631134033203,0.9789827466011047,original,0.13503088057041168,1,False,3.6629271507263184,3.9555275440216064,4.017510890960693,4.2674336433410645,3.3404130935668945,4.764835357666016,3.6146280765533447,opentts_mykyta,whole_original_recording,0.3,opentts_mykyta_6c752b188ec3ba596f61f823
original,7.660439491271973,0.0,0,not_scored_no_time_aligned_reference,3.0,0.9967577457427979,3.0,"[""local_high_frequency_burst""]",True,2,"[{""start_seconds"": 0.83, ""end_seconds"": 0.92}, {""start_seconds"": 1.1199999999999999, ""end_seconds"": 1.14}]",25.179134368896484,0.7889931201934814,original,0.17172953486442566,0,False,4.413384437561035,4.398932456970215,4.301337242126465,4.780837059020996,4.038120269775391,4.513637542724609,4.408980369567871,opentts_mykyta,whole_original_recording,0.0,opentts_mykyta_41ce75384704cf49b41d0d0c
original,7.615795612335205,0.0,0,not_scored_no_time_aligned_reference,3.0,0.9928255081176758,3.24,"[""local_high_frequency_burst""]",True,2,"[{""start_seconds"": 0.59, ""end_seconds"": 0.68}, {""start_seconds"": 0.88, ""end_seconds"": 0.9}]",32.48875427246094,0.8607879281044006,original,0.17172953486442566,1,False,3.7573301792144775,4.064897060394287,3.972661256790161,4.132576942443848,3.9307808876037598,4.673560619354248,4.235684394836426,opentts_mykyta,whole_original_recording,0.24,opentts_mykyta_41ce75384704cf49b41d0d0c
original,7.824038505554199,0.0,0,not_scored_no_time_aligned_reference,3.0,0.7536041736602783,3.0,"[""local_high_frequency_burst""]",True,4,"[{""start_seconds"": 1.38, ""end_seconds"": 1.51}, {""start_seconds"": 1.66, ""end_seconds"": 1.79}, {""start_seconds"": 2.49, ""end_seconds"": 2.5399999999999996}, {""start_seconds"": 2.93, ""end_seconds"": 2.9499999999999997}]",32.19020462036133,0.9784295558929443,original,0.35762032866477966,0,False,3.676180124282837,4.001914024353027,3.3167929649353027,4.029012203216553,3.0591418743133545,4.078602313995361,3.701852321624756,opentts_mykyta,whole_original_recording,0.0,opentts_mykyta_e7f36626bee9886eb7ee3b87
original,7.736226558685303,0.0,0,not_scored_no_time_aligned_reference,3.0,0.8787910342216492,4.5,"[""local_high_frequency_burst""]",True,3,"[{""start_seconds"": 0.19, ""end_seconds"": 0.23}, {""start_seconds"": 0.25, ""end_seconds"": 0.29000000000000004}, {""start_seconds"": 0.99, ""end_seconds"": 1.04}]",23.618446350097656,0.9784295558929443,original,0.37670013308525085,1,False,4.115484237670898,4.405355453491211,3.5419843196868896,4.212216854095459,3.3981809616088867,4.337952613830566,4.098844528198242,opentts_mykyta,whole_original_recording,1.5,opentts_mykyta_e7f36626bee9886eb7ee3b87
original,7.927175998687744,0.0,0,not_scored_no_time_aligned_reference,3.0,0.8261303901672363,6.0,[],True,0,[],34.931785583496094,0.6431819200515747,original,0.37670013308525085,2,False,3.2732789516448975,4.473737716674805,3.8688712120056152,4.702393054962158,3.370584487915039,3.980786085128784,3.810220956802368,opentts_mykyta,whole_original_recording,3.0,opentts_mykyta_e7f36626bee9886eb7ee3b87
original,7.844380855560303,0.0,0,not_scored_no_time_aligned_reference,3.0,0.7646613121032715,6.3,[],True,0,[],38.72298049926758,0.9613504409790039,original,0.36071285605430603,3,False,3.217031717300415,4.425530910491943,4.381285667419434,4.787742614746094,3.423332452774048,4.144978046417236,3.8146796226501465,opentts_mykyta,whole_original_recording,3.3,opentts_mykyta_e7f36626bee9886eb7ee3b87
original,7.991864204406738,0.0,0,not_scored_no_time_aligned_reference,3.0,0.9987644553184509,3.0,"[""local_high_frequency_burst""]",True,2,"[{""start_seconds"": 1.6, ""end_seconds"": 1.67}, {""start_seconds"": 2.1900000000000004, ""end_seconds"": 2.25}]",46.34260559082031,0.9129740595817566,original,0.5872410535812378,0,False,3.98148512840271,4.271973609924316,3.5991880893707275,3.945134162902832,3.370213031768799,3.989823818206787,3.7502059936523438,opentts_mykyta,whole_original_recording,0.0,opentts_mykyta_c2f414fc0fe7a2a70b94b0fc
original,7.941921234130859,0.0,0,not_scored_no_time_aligned_reference,3.0,0.9987751841545105,3.12,"[""local_high_frequency_burst""]",True,2,"[{""start_seconds"": 1.48, ""end_seconds"": 1.55}, {""start_seconds"": 2.0700000000000003, ""end_seconds"": 2.13}]",38.9050407409668,0.9347231984138489,original,0.5872410535812378,1,False,3.626862049102783,4.3734612464904785,3.710355043411255,4.0256805419921875,3.3635261058807373,3.9891200065612793,3.864063024520874,opentts_mykyta,whole_original_recording,0.12,opentts_mykyta_c2f414fc0fe7a2a70b94b0fc
original,7.936097621917725,0.0,0,not_scored_no_time_aligned_reference,3.0,0.9198706150054932,3.0,"[""local_high_frequency_burst""]",True,2,"[{""start_seconds"": 1.54, ""end_seconds"": 1.62}, {""start_seconds"": 2.2, ""end_seconds"": 2.2699999999999996}]",42.56550216674805,0.9796181917190552,original,0.4739096462726593,0,False,3.5904858112335205,4.290904998779297,3.7473816871643066,4.240816116333008,3.4559781551361084,4.30338191986084,3.9815850257873535,opentts_mykyta,whole_original_recording,0.0,opentts_mykyta_4c8852d972aac68c073f1810
original,7.840506076812744,0.0,0,not_scored_no_time_aligned_reference,3.0,0.922024667263031,4.5,"[""local_high_frequency_burst""]",True,4,"[{""start_seconds"": 0.04, ""end_seconds"": 0.11}, {""start_seconds"": 0.7, ""end_seconds"": 0.77}, {""start_seconds"": 1.92, ""end_seconds"": 1.96}, {""start_seconds"": 2.27, ""end_seconds"": 2.3699999999999997}]",24.983646392822266,0.9796181917190552,original,0.3060027062892914,1,False,4.500646591186523,4.267043113708496,3.876801013946533,4.236355304718018,3.974709987640381,4.763108253479004,4.417899131774902,opentts_mykyta,whole_original_recording,1.5,opentts_mykyta_4c8852d972aac68c073f1810
original,7.9456586837768555,0.0,0,not_scored_no_time_aligned_reference,3.0,0.9121289849281311,5.4,"[""local_high_frequency_burst""]",True,2,"[{""start_seconds"": 1.02, ""end_seconds"": 1.06}, {""start_seconds"": 1.3699999999999999, ""end_seconds"": 1.47}]",27.16729736328125,0.882853627204895,original,0.3060027062892914,2,False,4.0562286376953125,3.960818290710449,3.893829107284546,4.064647674560547,3.4141087532043457,4.677136421203613,4.023821830749512,opentts_mykyta,whole_original_recording,2.4,opentts_mykyta_4c8852d972aac68c073f1810
original,7.644318580627441,0.0,0,not_scored_no_time_aligned_reference,3.0,0.9953277111053467,3.0,"[""sigmos_overall_below_threshold""]",True,0,[],31.200885772705078,0.8507518768310547,original,0.12447141855955124,0,False,3.323880434036255,4.144871711730957,3.1901190280914307,4.002642631530762,2.4558353424072266,3.6658072471618652,3.002466917037964,opentts_mykyta,whole_original_recording,0.0,opentts_mykyta_09c96b64ccb1a8b04800b653
original,7.561652183532715,0.0,0,not_scored_no_time_aligned_reference,3.0,0.996425211429596,3.24,"[""sigmos_overall_below_threshold""]",True,0,[],33.44801330566406,0.8662264943122864,original,0.12447141855955124,1,False,3.474958896636963,4.721706390380859,3.4865574836730957,3.8587560653686523,2.929805278778076,4.329689025878906,3.6524314880371094,opentts_mykyta,whole_original_recording,0.24,opentts_mykyta_09c96b64ccb1a8b04800b653
original,7.384435176849365,0.0,0,not_scored_no_time_aligned_reference,3.0,0.7824750542640686,3.0,[],True,0,[],39.46022033691406,0.6430359482765198,original,0.25221043825149536,0,False,3.4440746307373047,3.8795220851898193,3.590414524078369,4.08812141418457,3.3056299686431885,4.134354591369629,3.799955129623413,opentts_tetiana,whole_original_recording,0.0,opentts_tetiana_88d98a6a4cea4fe77639349f
original,7.560432434082031,0.0,0,not_scored_no_time_aligned_reference,3.0,0.762818455696106,4.5,"[""local_high_frequency_burst""]",True,2,"[{""start_seconds"": 1.61, ""end_seconds"": 1.67}, {""start_seconds"": 1.8699999999999999, ""end_seconds"": 1.99}]",31.111364364624023,0.9963671565055847,original,0.25221043825149536,1,False,3.4063403606414795,3.85861873626709,4.180670738220215,3.6540260314941406,3.178297758102417,4.739785194396973,3.6705570220947266,opentts_tetiana,whole_original_recording,1.5,opentts_tetiana_88d98a6a4cea4fe77639349f
original,7.667381286621094,0.0,0,not_scored_no_time_aligned_reference,3.0,0.7671768069267273,6.0,"[""local_high_frequency_burst"", ""sigmos_overall_below_threshold""]",True,2,"[{""start_seconds"": 0.11, ""end_seconds"": 0.17}, {""start_seconds"": 0.37, ""end_seconds"": 0.49}]",30.8546199798584,0.9963671565055847,original,0.2231723666191101,2,False,4.041938781738281,3.853581428527832,3.3859689235687256,4.403304100036621,2.972898006439209,4.3108811378479,3.45025372505188,opentts_tetiana,whole_original_recording,3.0,opentts_tetiana_88d98a6a4cea4fe77639349f
original,7.645120143890381,0.0,0,not_scored_no_time_aligned_reference,3.0,0.8432075381278992,7.5,"[""local_high_frequency_burst""]",True,1,"[{""start_seconds"": 1.57, ""end_seconds"": 1.67}]",40.3338737487793,0.9951859712600708,original,0.2231723666191101,3,False,4.0739946365356445,4.10312557220459,4.397846698760986,4.284597396850586,3.6350977420806885,4.324851036071777,4.251198768615723,opentts_tetiana,whole_original_recording,4.5,opentts_tetiana_88d98a6a4cea4fe77639349f
original,7.382456302642822,0.0,0,not_scored_no_time_aligned_reference,3.0,0.8437830209732056,3.0,"[""local_high_frequency_burst""]",True,2,"[{""start_seconds"": 2.14, ""end_seconds"": 2.1799999999999997}, {""start_seconds"": 2.2600000000000002, ""end_seconds"": 2.3499999999999996}]",45.30613327026367,0.9826328754425049,original,0.14313307404518127,0,False,3.581702709197998,4.296131610870361,3.698853015899658,4.651628494262695,3.2369606494903564,4.756669998168945,3.4487297534942627,opentts_tetiana,whole_original_recording,0.0,opentts_tetiana_7a3d5f861fd8ad8683c1c939
original,7.235942363739014,0.0,0,not_scored_no_time_aligned_reference,3.0,0.8291395306587219,4.5,"[""local_high_frequency_burst""]",True,3,"[{""start_seconds"": 0.64, ""end_seconds"": 0.68}, {""start_seconds"": 0.76, ""end_seconds"": 0.85}, {""start_seconds"": 1.46, ""end_seconds"": 1.58}]",30.158336639404297,0.995304524898529,original,0.14313307404518127,1,False,3.618035316467285,4.116555213928223,3.903510570526123,4.120272159576416,3.471627712249756,4.414952278137207,3.8237526416778564,opentts_tetiana,whole_original_recording,1.5,opentts_tetiana_7a3d5f861fd8ad8683c1c939
original,7.376781940460205,0.0,0,not_scored_no_time_aligned_reference,3.0,0.8709498643875122,6.0,"[""local_high_frequency_burst""]",True,3,"[{""start_seconds"": 2.2100000000000004, ""end_seconds"": 2.26}, {""start_seconds"": 2.2800000000000002, ""end_seconds"": 2.3}, {""start_seconds"": 2.6700000000000004, ""end_seconds"": 2.71}]",26.7491455078125,0.995304524898529,original,0.1207205206155777,2,False,3.898101329803467,4.163257598876953,4.122270584106445,4.5759358406066895,3.940380334854126,4.74790096282959,4.251618385314941,opentts_tetiana,whole_original_recording,3.0,opentts_tetiana_7a3d5f861fd8ad8683c1c939
original,7.852648735046387,0.0,0,not_scored_no_time_aligned_reference,3.0,0.7970627546310425,7.5,"[""local_high_frequency_burst""]",True,3,"[{""start_seconds"": 0.71, ""end_seconds"": 0.76}, {""start_seconds"": 0.78, ""end_seconds"": 0.8}, {""start_seconds"": 1.17, ""end_seconds"": 1.21}]",24.778926849365234,0.9888205528259277,original,0.1207205206155777,3,False,3.1627330780029297,4.112814903259277,3.394435167312622,4.207864761352539,3.1992459297180176,4.659624099731445,3.9284744262695312,opentts_tetiana,whole_original_recording,4.5,opentts_tetiana_7a3d5f861fd8ad8683c1c939
original,7.860633373260498,0.0,0,not_scored_no_time_aligned_reference,3.0,0.7537149786949158,7.74,"[""local_high_frequency_burst""]",True,3,"[{""start_seconds"": 0.47, ""end_seconds"": 0.52}, {""start_seconds"": 0.54, ""end_seconds"": 0.56}, {""start_seconds"": 0.9299999999999999, ""end_seconds"": 0.97}]",24.778926849365234,0.9888205528259277,original,0.1207205206155777,4,False,3.377549886703491,4.104320526123047,3.443880558013916,4.0491485595703125,3.1458539962768555,4.646203994750977,3.5821735858917236,opentts_tetiana,whole_original_recording,4.74,opentts_tetiana_7a3d5f861fd8ad8683c1c939
original,7.495392799377441,0.0,0,not_scored_no_time_aligned_reference,3.0,0.935311496257782,3.0,"[""local_high_frequency_burst""]",True,5,"[{""start_seconds"": 0.83, ""end_seconds"": 0.85}, {""start_seconds"": 1.42, ""end_seconds"": 1.53}, {""start_seconds"": 2.27, ""end_seconds"": 2.3499999999999996}, {""start_seconds"": 2.5900000000000003, ""end_seconds"": 2.71}, {""start_seconds"": 2.8200000000000003, ""end_seconds"": 2.9299999999999997}]",33.304786682128906,0.995978057384491,original,0.26388683915138245,0,False,4.255077838897705,4.330785751342773,3.6329195499420166,4.170549392700195,3.484804153442383,4.1316962242126465,4.037280082702637,opentts_tetiana,whole_original_recording,0.0,opentts_tetiana_eafdc1b4bd0bf7b30f79865c
original,7.237645626068115,0.0,0,not_scored_no_time_aligned_reference,3.0,0.9686715006828308,4.08,"[""local_high_frequency_burst""]",True,4,"[{""start_seconds"": 0.33999999999999997, ""end_seconds"": 0.44}, {""start_seconds"": 1.19, ""end_seconds"": 1.27}, {""start_seconds"": 1.51, ""end_seconds"": 1.6300000000000001}, {""start_seconds"": 1.74, ""end_seconds"": 1.85}]",27.05209732055664,0.995978057384491,original,0.26388683915138245,1,False,3.816446304321289,4.363853454589844,3.451817512512207,3.8226237297058105,3.7189829349517822,4.656057357788086,4.432217121124268,opentts_tetiana,whole_original_recording,1.08,opentts_tetiana_eafdc1b4bd0bf7b30f79865c
original,7.729484558105469,0.0,0,not_scored_no_time_aligned_reference,3.0,0.7790432572364807,3.0,"[""local_high_frequency_burst""]",True,2,"[{""start_seconds"": 1.38, ""end_seconds"": 1.42}, {""start_seconds"": 1.72, ""end_seconds"": 1.78}]",24.314884185791016,0.9652416706085205,original,0.2762574553489685,0,False,3.4623849391937256,3.838709592819214,3.5062270164489746,4.345177173614502,3.264464855194092,4.6318206787109375,3.643678665161133,opentts_tetiana,whole_original_recording,0.0,opentts_tetiana_7a6a7481c484173c5e147f52
original,7.733102321624756,0.0,0,not_scored_no_time_aligned_reference,3.0,0.8942651748657227,4.5,"[""local_high_frequency_burst""]",True,2,"[{""start_seconds"": 0.22, ""end_seconds"": 0.27}, {""start_seconds"": 1.66, ""end_seconds"": 1.75}]",32.74319839477539,0.9729425311088562,original,0.2915463149547577,1,False,3.4668705463409424,3.9667515754699707,3.6774888038635254,4.306324005126953,3.2161865234375,4.330443382263184,3.504913806915283,opentts_tetiana,whole_original_recording,1.5,opentts_tetiana_7a6a7481c484173c5e147f52
original,7.404989719390869,0.0,0,not_scored_no_time_aligned_reference,3.0,0.877419114112854,6.0,"[""local_high_frequency_burst""]",True,1,"[{""start_seconds"": 0.16, ""end_seconds"": 0.25}]",32.74319839477539,0.9729425311088562,original,0.2915463149547577,2,False,3.4670238494873047,3.8976821899414062,3.23703932762146,3.8935914039611816,3.231642007827759,4.830121040344238,3.7993197441101074,opentts_tetiana,whole_original_recording,3.0,opentts_tetiana_7a6a7481c484173c5e147f52
original,7.438679218292236,0.0,0,not_scored_no_time_aligned_reference,3.0,0.7042808532714844,6.78,[],True,0,[],31.241870880126953,0.9279998540878296,original,0.16233579814434052,3,False,4.038471221923828,3.750709295272827,3.946869134902954,3.8840508460998535,3.411759614944458,4.447129726409912,3.7911598682403564,opentts_tetiana,whole_original_recording,3.78,opentts_tetiana_7a6a7481c484173c5e147f52
original,7.845030307769775,0.0,0,not_scored_no_time_aligned_reference,3.0,0.9463943839073181,3.0,"[""local_high_frequency_burst""]",True,1,"[{""start_seconds"": 2.5300000000000002, ""end_seconds"": 2.5799999999999996}]",35.4260368347168,0.9859659075737,original,0.24417810142040253,0,False,3.5494582653045654,4.2469329833984375,3.537175178527832,4.6949872970581055,3.4498462677001953,4.5177154541015625,3.837675094604492,opentts_tetiana,whole_original_recording,0.0,opentts_tetiana_9bdcd2e0876228264c2a5bfb
original,7.781157970428467,0.0,0,not_scored_no_time_aligned_reference,3.0,0.9399985671043396,4.38,"[""local_high_frequency_burst""]",True,1,"[{""start_seconds"": 1.15, ""end_seconds"": 1.2}]",34.151092529296875,0.9859659075737,original,0.24417810142040253,1,False,3.167560577392578,4.112366676330566,3.935771942138672,4.487482070922852,3.4752016067504883,4.264104843139648,3.800647735595703,opentts_tetiana,whole_original_recording,1.38,opentts_tetiana_9bdcd2e0876228264c2a5bfb
original,7.835859298706055,0.0,0,not_scored_no_time_aligned_reference,3.0,0.7339098453521729,3.0,"[""local_high_frequency_burst""]",True,1,"[{""start_seconds"": 1.82, ""end_seconds"": 1.86}]",28.992172241210938,0.7758994102478027,original,0.18648631870746613,0,False,3.6416070461273193,4.508776664733887,4.280894756317139,4.2901740074157715,3.7487149238586426,4.786762714385986,4.1912841796875,opentts_tetiana,whole_original_recording,0.0,opentts_tetiana_951e7f522ed9bfd1a4a521d3
original,7.648810863494873,0.0,0,not_scored_no_time_aligned_reference,3.0,0.7303357720375061,4.5,"[""local_high_frequency_burst""]",True,1,"[{""start_seconds"": 0.32, ""end_seconds"": 0.36}]",24.803340911865234,0.7758994102478027,original,0.1791895478963852,1,False,3.3236782550811768,4.125166893005371,4.086977005004883,4.4250946044921875,3.384979248046875,4.302355766296387,3.745867967605591,opentts_tetiana,whole_original_recording,1.5,opentts_tetiana_951e7f522ed9bfd1a4a521d3
original,7.750718116760254,0.0,0,not_scored_no_time_aligned_reference,3.0,0.8655281662940979,5.58,[],True,0,[],22.88042449951172,0.4230438470840454,original,0.16499580442905426,2,False,3.6195924282073975,3.922163248062134,3.524669647216797,4.511735916137695,3.090927839279175,4.674972057342529,3.6300854682922363,opentts_tetiana,whole_original_recording,2.58,opentts_tetiana_951e7f522ed9bfd1a4a521d3
original,7.852351188659668,0.0,0,not_scored_no_time_aligned_reference,3.0,0.8209542036056519,3.0,"[""local_high_frequency_burst""]",True,2,"[{""start_seconds"": 1.1, ""end_seconds"": 1.16}, {""start_seconds"": 2.7100000000000004, ""end_seconds"": 2.78}]",52.480838775634766,0.9976426362991333,original,0.22615131735801697,0,False,3.4833576679229736,3.825011730194092,3.6240732669830322,4.268401145935059,3.0400431156158447,4.3264265060424805,3.5357184410095215,opentts_tetiana,whole_original_recording,0.0,opentts_tetiana_13b0b750996ccf20d718f422
original,7.622511863708496,0.0,0,not_scored_no_time_aligned_reference,3.0,0.849848747253418,4.5,"[""local_high_frequency_burst""]",True,4,"[{""start_seconds"": 1.21, ""end_seconds"": 1.28}, {""start_seconds"": 1.83, ""end_seconds"": 1.91}, {""start_seconds"": 2.0900000000000003, ""end_seconds"": 2.1199999999999997}, {""start_seconds"": 2.6900000000000004, ""end_seconds"": 2.82}]",47.24882125854492,0.9974462985992432,original,0.22615131735801697,1,False,3.7001726627349854,4.403722763061523,3.6547348499298096,4.7646660804748535,3.755136728286743,4.840700149536133,4.220053672790527,opentts_tetiana,whole_original_recording,1.5,opentts_tetiana_13b0b750996ccf20d718f422
original,7.860670566558838,0.0,0,not_scored_no_time_aligned_reference,3.0,0.7203493714332581,6.0,"[""local_high_frequency_burst""]",True,3,"[{""start_seconds"": 0.33, ""end_seconds"": 0.41000000000000003}, {""start_seconds"": 0.59, ""end_seconds"": 0.62}, {""start_seconds"": 1.19, ""end_seconds"": 1.32}]",45.010414123535156,0.9974462985992432,original,0.15232987701892853,2,False,4.004213333129883,4.535049915313721,3.3410239219665527,4.44003438949585,3.6549689769744873,4.826353073120117,4.09382963180542,opentts_tetiana,whole_original_recording,3.0,opentts_tetiana_13b0b750996ccf20d718f422
original,7.77408504486084,0.0,0,not_scored_no_time_aligned_reference,3.0,0.6590470671653748,6.24,"[""local_high_frequency_burst"", ""sigmos_coloration_below_threshold""]",True,3,"[{""start_seconds"": 0.09000000000000001, ""end_seconds"": 0.17}, {""start_seconds"": 0.35, ""end_seconds"": 0.38}, {""start_seconds"": 0.95, ""end_seconds"": 1.08}]",45.010414123535156,0.9974462985992432,original,0.15232987701892853,3,False,2.90006685256958,4.234734535217285,3.7500717639923096,3.6313445568084717,3.2673237323760986,4.8167619705200195,3.8896756172180176,opentts_tetiana,whole_original_recording,3.24,opentts_tetiana_13b0b750996ccf20d718f422
original,7.511114120483398,0.0,0,not_scored_no_time_aligned_reference,3.0,0.8707934617996216,3.0,[],True,0,[],15.453990936279297,0.33747535943984985,original,0.2485387623310089,0,False,3.6531403064727783,3.923537254333496,3.846794843673706,4.154224395751953,3.418429374694824,4.342622756958008,3.7772140502929688,opentts_tetiana,whole_original_recording,0.0,opentts_tetiana_940d13e97ac3739264027997
original,7.431785583496094,0.0,0,not_scored_no_time_aligned_reference,3.0,0.8945353031158447,4.5,[],True,0,[],19.93175506591797,0.375122994184494,original,0.1836618036031723,1,False,3.9104907512664795,4.196652412414551,4.032342910766602,4.28195858001709,3.733895778656006,4.395218849182129,4.037649154663086,opentts_tetiana,whole_original_recording,1.5,opentts_tetiana_940d13e97ac3739264027997
original,7.542505741119385,0.0,0,not_scored_no_time_aligned_reference,3.0,0.8634806871414185,5.34,[],True,0,[],19.93175506591797,0.38255053758621216,original,0.1836618036031723,2,False,3.7523233890533447,3.7778594493865967,3.6616406440734863,4.161863327026367,3.229172706604004,3.902740001678467,3.6449666023254395,opentts_tetiana,whole_original_recording,2.34,opentts_tetiana_940d13e97ac3739264027997
original,7.558249473571777,0.0,0,not_scored_no_time_aligned_reference,3.0,0.8830636739730835,3.0,"[""local_high_frequency_burst""]",True,1,"[{""start_seconds"": 2.0100000000000002, ""end_seconds"": 2.0599999999999996}]",27.867263793945312,0.9270229935646057,original,0.23820991814136505,0,False,3.2645955085754395,4.057322978973389,3.740321397781372,4.062826156616211,3.082062005996704,4.627250671386719,3.4054360389709473,opentts_tetiana,whole_original_recording,0.0,opentts_tetiana_671bd81fff59349210ecd0c9
original,7.34535026550293,0.0,0,not_scored_no_time_aligned_reference,3.0,0.8872174620628357,4.5,"[""local_high_frequency_burst""]",True,1,"[{""start_seconds"": 0.51, ""end_seconds"": 0.56}]",27.867263793945312,0.9270229935646057,original,0.15616506338119507,1,False,3.6310126781463623,3.4333744049072266,3.452944040298462,3.9878251552581787,3.2438528537750244,4.05972957611084,3.729872226715088,opentts_tetiana,whole_original_recording,1.5,opentts_tetiana_671bd81fff59349210ecd0c9
original,7.642480373382568,0.0,0,not_scored_no_time_aligned_reference,3.0,0.7594220638275146,6.0,"[""sigmos_overall_below_threshold""]",True,0,[],17.8685302734375,0.49950629472732544,original,0.13258369266986847,2,False,3.6204922199249268,3.9750092029571533,3.0602521896362305,4.2169108390808105,2.968493700027466,4.415313720703125,3.6685984134674072,opentts_tetiana,whole_original_recording,3.0,opentts_tetiana_671bd81fff59349210ecd0c9
original,7.692105293273926,0.0,0,not_scored_no_time_aligned_reference,3.0,0.5078141689300537,6.48,"[""sigmos_overall_below_threshold"", ""ecapa_similarity_below_threshold""]",True,0,[],17.130889892578125,0.49950629472732544,original,0.07075770199298859,3,False,3.810451030731201,3.473911762237549,2.690201759338379,4.288009166717529,2.6758103370666504,4.3419599533081055,3.4154739379882812,opentts_tetiana,whole_original_recording,3.48,opentts_tetiana_671bd81fff59349210ecd0c9
original,7.309665203094482,0.0,0,not_scored_no_time_aligned_reference,3.0,0.8056632876396179,3.0,"[""sigmos_coloration_below_threshold""]",True,0,[],26.019790649414062,0.6735386252403259,original,0.11435014009475708,0,False,2.906872034072876,4.266997337341309,3.685990810394287,3.676867961883545,3.2284696102142334,4.770264148712158,4.041970252990723,opentts_tetiana,whole_original_recording,0.0,opentts_tetiana_0a4f4eeb4c084d7aa9a1f264
original,7.267973899841309,0.0,0,not_scored_no_time_aligned_reference,3.0,0.9254082441329956,4.5,"[""local_high_frequency_burst""]",True,1,"[{""start_seconds"": 2.06, ""end_seconds"": 2.11}]",26.869308471679688,0.98871248960495,original,0.135629341006279,1,False,3.836768865585327,4.512725830078125,4.019719123840332,3.725633382797241,3.3711860179901123,4.877422332763672,4.360517978668213,opentts_tetiana,whole_original_recording,1.5,opentts_tetiana_0a4f4eeb4c084d7aa9a1f264
original,7.80833625793457,0.0,0,not_scored_no_time_aligned_reference,3.0,0.8276405930519104,5.52,"[""local_high_frequency_burst""]",True,1,"[{""start_seconds"": 1.04, ""end_seconds"": 1.09}]",26.869308471679688,0.98871248960495,original,0.135629341006279,2,False,3.4327778816223145,4.432916641235352,3.547684907913208,3.969935894012451,3.5192699432373047,4.883316993713379,4.348053932189941,opentts_tetiana,whole_original_recording,2.52,opentts_tetiana_0a4f4eeb4c084d7aa9a1f264
original,7.430164337158203,0.0,0,not_scored_no_time_aligned_reference,3.0,0.8822062611579895,3.0,"[""local_high_frequency_burst"", ""sigmos_overall_below_threshold"", ""sigmos_speech_below_threshold""]",True,1,"[{""start_seconds"": 2.81, ""end_seconds"": 2.86}]",28.68097686767578,0.715053379535675,original,0.25282326340675354,0,False,3.0734963417053223,3.392902374267578,3.1550843715667725,3.8656179904937744,2.556624412536621,3.6846487522125244,2.5952820777893066,opentts_tetiana,whole_original_recording,0.0,opentts_tetiana_2a9b64026a8f8317f3b1e138
original,7.344536304473877,0.0,0,not_scored_no_time_aligned_reference,3.0,0.8677343130111694,4.5,"[""local_high_frequency_burst""]",True,2,"[{""start_seconds"": 1.31, ""end_seconds"": 1.36}, {""start_seconds"": 2.0500000000000003, ""end_seconds"": 2.1599999999999997}]",37.523284912109375,0.9864296317100525,original,0.25282326340675354,1,False,3.9029879570007324,4.421084403991699,3.785677909851074,4.2148942947387695,3.5802934169769287,4.766063690185547,4.139173984527588,opentts_tetiana,whole_original_recording,1.5,opentts_tetiana_2a9b64026a8f8317f3b1e138
original,7.415332317352295,0.0,0,not_scored_no_time_aligned_reference,3.0,0.9330567717552185,5.639,"[""local_high_frequency_burst""]",True,2,"[{""start_seconds"": 0.16999999999999998, ""end_seconds"": 0.22}, {""start_seconds"": 0.92, ""end_seconds"": 1.02}]",35.49507141113281,0.9873499274253845,original,0.24013231694698334,2,False,3.9956891536712646,4.201767921447754,4.446699142456055,3.9005939960479736,3.553898572921753,4.123319149017334,4.077408313751221,opentts_tetiana,whole_original_recording,2.639,opentts_tetiana_2a9b64026a8f8317f3b1e138
original,6.755387306213379,0.0,0,not_scored_no_time_aligned_reference,3.0,0.904154896736145,3.0,"[""local_high_frequency_burst"", ""sigmos_overall_below_threshold""]",True,2,"[{""start_seconds"": 2.08, ""end_seconds"": 2.0999999999999996}, {""start_seconds"": 2.8800000000000003, ""end_seconds"": 2.96}]",29.347625732421875,0.8734437227249146,original,0.40279948711395264,0,False,3.301807403564453,3.9175589084625244,3.235969066619873,3.19606351852417,2.550482749938965,3.5331954956054688,3.168398141860962,tg_voices_uk,whole_original_recording,0.0,tg_voices_uk_d5269cb157cc6c1a0a14a13e
original,6.669015407562256,0.0,0,not_scored_no_time_aligned_reference,3.0,0.9441553950309753,4.5,"[""local_high_frequency_burst"", ""sigmos_overall_below_threshold""]",True,3,"[{""start_seconds"": 0.58, ""end_seconds"": 0.6}, {""start_seconds"": 1.38, ""end_seconds"": 1.46}, {""start_seconds"": 2.64, ""end_seconds"": 2.6599999999999997}]",24.52593231201172,0.8734437227249146,original,0.3379637897014618,1,False,3.412611961364746,4.017204761505127,4.049596786499023,4.259037017822266,2.8804099559783936,3.7704548835754395,3.268970012664795,tg_voices_uk,whole_original_recording,1.5,tg_voices_uk_d5269cb157cc6c1a0a14a13e
original,6.864345550537109,0.0,0,not_scored_no_time_aligned_reference,3.0,0.8944423198699951,5.1735,"[""local_high_frequency_burst""]",True,2,"[{""start_seconds"": 0.71, ""end_seconds"": 0.78}, {""start_seconds"": 1.97, ""end_seconds"": 1.99}]",27.8048095703125,0.8071028590202332,original,0.264948308467865,2,False,3.8205111026763916,3.995091676712036,3.7807302474975586,4.228773593902588,3.1181986331939697,4.043330192565918,3.629666805267334,tg_voices_uk,whole_original_recording,2.1735,tg_voices_uk_d5269cb157cc6c1a0a14a13e
original,6.029666900634766,0.0,0,not_scored_no_time_aligned_reference,3.0,0.9170826077461243,3.0,"[""local_high_frequency_burst""]",True,1,"[{""start_seconds"": 2.41, ""end_seconds"": 2.4499999999999997}]",24.087154388427734,0.8571405410766602,original,0.5932130217552185,0,False,3.4801583290100098,4.114466667175293,3.8059916496276855,3.859579086303711,3.069645404815674,3.801124095916748,3.793945550918579,tg_voices_uk,whole_original_recording,0.0,tg_voices_uk_a0e8900641824571beaf0652
original,5.898319721221924,0.0,0,not_scored_no_time_aligned_reference,3.0,0.9008304476737976,4.5,"[""local_high_frequency_burst""]",True,1,"[{""start_seconds"": 0.91, ""end_seconds"": 0.95}]",24.087154388427734,0.8571405410766602,original,0.4243471920490265,1,False,3.3868987560272217,3.704446315765381,3.732452392578125,3.7354087829589844,3.074936628341675,4.600827217102051,3.886659622192383,tg_voices_uk,whole_original_recording,1.5,tg_voices_uk_a0e8900641824571beaf0652
original,6.363405704498291,0.0,0,not_scored_no_time_aligned_reference,3.0,0.9120693802833557,6.0,"[""sigmos_overall_below_threshold""]",True,0,[],17.805702209472656,0.09864532202482224,original,0.7494558691978455,2,False,3.919478178024292,3.975468397140503,3.3441081047058105,3.9242289066314697,2.85735821723938,4.367959499359131,3.3310749530792236,tg_voices_uk,whole_original_recording,3.0,tg_voices_uk_a0e8900641824571beaf0652
original,6.171672821044922,0.0,0,not_scored_no_time_aligned_reference,3.0,0.8812569379806519,6.7535,"[""sigmos_overall_below_threshold""]",True,0,[],24.91834259033203,0.12149962037801743,original,0.7494558691978455,3,False,3.6330902576446533,3.4233851432800293,4.044305801391602,4.124825477600098,2.6626133918762207,3.7875869274139404,3.049182891845703,tg_voices_uk,whole_original_recording,3.7535,tg_voices_uk_a0e8900641824571beaf0652
original,6.016690254211426,0.0,0,not_scored_no_time_aligned_reference,3.0,0.8836523294448853,3.0,"[""sigmos_overall_below_threshold"", ""sigmos_speech_below_threshold""]",True,0,[],25.871414184570312,0.17462469637393951,original,0.4135013818740845,0,False,3.2568132877349854,3.9449751377105713,3.067953586578369,3.2627506256103516,2.705932378768921,4.299416542053223,2.8892199993133545,tg_voices_uk,whole_original_recording,0.0,tg_voices_uk_8cef74ffc5890af5678085c6
original,6.181643009185791,0.0,0,not_scored_no_time_aligned_reference,3.0,0.8093529939651489,4.5,[],True,0,[],16.562206268310547,0.17462469637393951,original,0.3723195195198059,1,False,3.4640085697174072,4.657413482666016,4.284507751464844,4.532120704650879,3.4602506160736084,4.842690467834473,3.726633071899414,tg_voices_uk,whole_original_recording,1.5,tg_voices_uk_8cef74ffc5890af5678085c6
original,6.443978786468506,0.0,0,not_scored_no_time_aligned_reference,3.0,0.81937575340271,6.0,"[""local_high_frequency_burst""]",True,1,"[{""start_seconds"": 1.91, ""end_seconds"": 1.98}]",30.355831146240234,0.7943487763404846,original,0.3747659921646118,2,False,4.083415985107422,4.275283336639404,4.417462348937988,4.391626358032227,3.6667490005493164,4.619416236877441,3.946290969848633,tg_voices_uk,whole_original_recording,3.0,tg_voices_uk_8cef74ffc5890af5678085c6
original,6.1018595695495605,0.0,0,not_scored_no_time_aligned_reference,3.0,0.8602269887924194,7.5,"[""local_high_frequency_burst"", ""sigmos_overall_below_threshold""]",True,2,"[{""start_seconds"": 0.41, ""end_seconds"": 0.48}, {""start_seconds"": 2.6700000000000004, ""end_seconds"": 2.7199999999999998}]",30.355831146240234,0.9033725261688232,original,0.3747659921646118,3,False,3.759763479232788,3.943542718887329,4.04459285736084,3.397364616394043,2.667280912399292,4.606605529785156,3.0771002769470215,tg_voices_uk,whole_original_recording,4.5,tg_voices_uk_8cef74ffc5890af5678085c6
original,6.513442516326904,0.0,0,not_scored_no_time_aligned_reference,3.0,0.8627005219459534,8.3135,"[""local_high_frequency_burst"", ""sigmos_overall_below_threshold""]",True,1,"[{""start_seconds"": 1.85, ""end_seconds"": 1.91}]",25.956707000732422,0.883551299571991,original,0.35450735688209534,4,False,3.5701658725738525,3.499279022216797,4.251276969909668,3.8058178424835205,2.949120044708252,4.184508323669434,3.4173495769500732,tg_voices_uk,whole_original_recording,5.3135,tg_voices_uk_8cef74ffc5890af5678085c6
original,4.845543384552002,0.0,0,not_scored_no_time_aligned_reference,3.0,0.8104901313781738,3.0,"[""local_high_frequency_burst"", ""sigmos_overall_below_threshold"", ""audiobox_pq_below_threshold""]",True,1,"[{""start_seconds"": 1.15, ""end_seconds"": 1.17}]",25.284255981445312,0.6958668231964111,original,0.43161046504974365,0,False,3.4298019409179688,3.732693910598755,3.556518316268921,3.9549977779388428,2.8142995834350586,4.448847770690918,3.278674364089966,tg_voices_uk,whole_original_recording,0.0,tg_voices_uk_658efbc1e369460c1629ae86
original,5.162184715270996,0.0,0,not_scored_no_time_aligned_reference,3.0,0.8736358880996704,4.5,"[""sigmos_overall_below_threshold""]",True,0,[],25.284255981445312,0.3517996072769165,original,0.40949636697769165,1,False,3.566131353378296,3.933521270751953,3.776219367980957,3.1020286083221436,2.692124128341675,4.563529014587402,3.118134021759033,tg_voices_uk,whole_original_recording,1.5,tg_voices_uk_658efbc1e369460c1629ae86
original,4.6505045890808105,0.0,0,not_scored_no_time_aligned_reference,3.0,0.8597628474235535,6.0,"[""sigmos_overall_below_threshold"", ""audiobox_pq_below_threshold""]",True,0,[],20.66887664794922,0.26947343349456787,original,0.33106279373168945,2,False,3.626563549041748,3.413120746612549,3.537111282348633,3.8265609741210938,2.7705299854278564,3.993873119354248,3.173954725265503,tg_voices_uk,whole_original_recording,3.0,tg_voices_uk_658efbc1e369460c1629ae86
original,4.9056782722473145,0.0,0,not_scored_no_time_aligned_reference,3.0,0.8526580333709717,6.5135,"[""audiobox_pq_below_threshold""]",True,0,[],21.375320434570312,0.10111021995544434,original,0.33106279373168945,3,False,3.0586721897125244,4.290838718414307,4.331923484802246,3.5471372604370117,3.1113462448120117,4.0524797439575195,3.4984703063964844,tg_voices_uk,whole_original_recording,3.5135,tg_voices_uk_658efbc1e369460c1629ae86
original,6.031491279602051,0.0,0,not_scored_no_time_aligned_reference,2.7335,1.0,2.7335,"[""local_high_frequency_burst"", ""sigmos_overall_below_threshold"", ""sigmos_speech_below_threshold""]",True,3,"[{""start_seconds"": 0.27999999999999997, ""end_seconds"": 0.4}, {""start_seconds"": 0.73, ""end_seconds"": 0.77}, {""start_seconds"": 0.84, ""end_seconds"": 0.86}]",28.119731903076172,0.9148014783859253,original,0.42234092950820923,0,True,3.5969960689544678,3.341014862060547,3.4974846839904785,3.3431921005249023,2.604987382888794,4.0529022216796875,2.9841811656951904,tg_voices_uk,whole_original_recording,0.0,tg_voices_uk_f9e95512fa5b017dfd46cf6e
original,6.138364791870117,0.0,0,not_scored_no_time_aligned_reference,3.0,0.8806760907173157,3.0,[],True,0,[],22.898731231689453,0.11995968967676163,original,0.42103126645088196,0,False,3.033169984817505,4.280088424682617,4.418387413024902,4.213231086730957,3.0673482418060303,3.36918044090271,3.668112277984619,tg_voices_uk,whole_original_recording,0.0,tg_voices_uk_7bcf5b98ce622bfff20ea714
original,6.335482597351074,0.0,0,not_scored_no_time_aligned_reference,3.0,0.8835582137107849,4.5,"[""sigmos_overall_below_threshold"", ""sigmos_coloration_below_threshold""]",True,0,[],15.256359100341797,0.2768876850605011,original,0.2454860955476761,1,False,2.8407175540924072,4.493264198303223,3.63216233253479,3.50923228263855,2.9589920043945312,3.6591720581054688,3.2737600803375244,tg_voices_uk,whole_original_recording,1.5,tg_voices_uk_7bcf5b98ce622bfff20ea714
original,6.935710430145264,0.0,0,not_scored_no_time_aligned_reference,3.0,0.8537554144859314,6.0,"[""sigmos_overall_below_threshold""]",True,0,[],28.452816009521484,0.2768876850605011,original,0.2923699617385864,2,False,3.318848133087158,4.575694561004639,4.551258087158203,3.723206043243408,2.793696403503418,3.7982146739959717,3.015667200088501,tg_voices_uk,whole_original_recording,3.0,tg_voices_uk_7bcf5b98ce622bfff20ea714
original,6.747094631195068,0.0,0,not_scored_no_time_aligned_reference,3.0,0.8263018131256104,6.5535,"[""sigmos_overall_below_threshold"", ""sigmos_speech_below_threshold""]",True,0,[],20.387615203857422,0.04293788969516754,original,0.2923699617385864,3,False,3.4004359245300293,3.8825526237487793,3.7724554538726807,4.044114589691162,2.40413761138916,3.4110777378082275,2.7631449699401855,tg_voices_uk,whole_original_recording,3.5535,tg_voices_uk_7bcf5b98ce622bfff20ea714
original,7.0420331954956055,0.0,0,not_scored_no_time_aligned_reference,3.0,0.9416537880897522,3.0,"[""local_high_frequency_burst""]",True,1,"[{""start_seconds"": 0.82, ""end_seconds"": 0.84}]",22.462329864501953,0.7323668599128723,original,0.05910661444067955,0,False,3.1040642261505127,4.814296722412109,3.551485776901245,4.526223182678223,3.3877906799316406,4.5935869216918945,4.134335517883301,tg_voices_uk,whole_original_recording,0.0,tg_voices_uk_d2784c8c0d91a188adcadd00
original,6.760722637176514,0.0,0,not_scored_no_time_aligned_reference,3.0,0.9559119939804077,3.9735,[],True,0,[],17.940479278564453,0.8073970675468445,original,0.05100783333182335,1,False,3.5333480834960938,4.256693363189697,3.249817371368408,4.414656639099121,3.005211114883423,4.512977600097656,3.897138833999634,tg_voices_uk,whole_original_recording,0.9735,tg_voices_uk_d2784c8c0d91a188adcadd00
original,5.495957851409912,0.0,0,not_scored_no_time_aligned_reference,3.0,0.8798235654830933,3.0,"[""sigmos_overall_below_threshold"", ""sigmos_noise_below_threshold""]",True,0,[],19.72254180908203,0.16088265180587769,original,0.4435049593448639,0,False,3.4093778133392334,3.751580238342285,2.8644473552703857,2.808417558670044,2.5665323734283447,3.6724445819854736,3.0713510513305664,tg_voices_uk,whole_original_recording,0.0,tg_voices_uk_defbb978b1122cbf24a17588
original,4.705016613006592,0.0,0,not_scored_no_time_aligned_reference,3.0,0.9194546937942505,4.5,"[""sigmos_overall_below_threshold"", ""sigmos_speech_below_threshold"", ""sigmos_noise_below_threshold"", ""sigmos_coloration_below_threshold"", ""audiobox_pq_below_threshold""]",True,0,[],17.393779754638672,0.09785345941781998,original,0.4435049593448639,1,False,2.6820359230041504,3.0530340671539307,3.0678210258483887,2.173105001449585,1.891913890838623,3.5876142978668213,2.3669142723083496,tg_voices_uk,whole_original_recording,1.5,tg_voices_uk_defbb978b1122cbf24a17588
original,5.601212501525879,0.0,0,not_scored_no_time_aligned_reference,3.0,0.8758674263954163,5.1135,"[""local_high_frequency_burst"", ""sigmos_overall_below_threshold"", ""sigmos_speech_below_threshold"", ""sigmos_noise_below_threshold"", ""sigmos_coloration_below_threshold"", ""sigmos_discontinuity_below_threshold""]",True,1,"[{""start_seconds"": 2.4400000000000004, ""end_seconds"": 2.46}]",23.569847106933594,0.516052782535553,original,0.4435049593448639,2,False,2.7683801651000977,2.954221725463867,2.9653372764587402,2.207071542739868,1.911766767501831,3.4572198390960693,2.400113582611084,tg_voices_uk,whole_original_recording,2.1135,tg_voices_uk_defbb978b1122cbf24a17588
original,4.357870578765869,0.0,0,not_scored_no_time_aligned_reference,3.0,0.8406204581260681,3.0,"[""local_high_frequency_burst"", ""sigmos_overall_below_threshold"", ""sigmos_speech_below_threshold"", ""sigmos_coloration_below_threshold"", ""sigmos_discontinuity_below_threshold"", ""audiobox_pq_below_threshold""]",True,1,"[{""start_seconds"": 2.2, ""end_seconds"": 2.23}]",54.1856689453125,0.5802902579307556,original,0.658836841583252,0,False,2.690040111541748,2.9980087280273438,3.4785170555114746,4.132386207580566,1.9041213989257812,3.2044925689697266,2.1468136310577393,tg_voices_uk,whole_original_recording,0.0,tg_voices_uk_94c71638eb2c0cc6c0f109a7
original,5.464684009552002,0.0,0,not_scored_no_time_aligned_reference,3.0,0.8532415628433228,4.5,"[""local_high_frequency_burst"", ""sigmos_overall_below_threshold"", ""sigmos_speech_below_threshold"", ""sigmos_coloration_below_threshold""]",True,1,"[{""start_seconds"": 0.7, ""end_seconds"": 0.73}]",54.1856689453125,0.5802902579307556,original,0.7563582062721252,1,False,2.1749556064605713,3.078213691711426,3.118657112121582,3.3507497310638428,2.0198590755462646,2.4740374088287354,2.347431182861328,tg_voices_uk,whole_original_recording,1.5,tg_voices_uk_94c71638eb2c0cc6c0f109a7
original,4.912832260131836,0.0,0,not_scored_no_time_aligned_reference,3.0,0.8920521140098572,6.0,"[""sigmos_overall_below_threshold"", ""sigmos_speech_below_threshold"", ""sigmos_coloration_below_threshold"", ""sigmos_discontinuity_below_threshold"", ""audiobox_pq_below_threshold""]",True,0,[],51.3509407043457,0.4159093499183655,original,0.7563582062721252,2,False,2.5020856857299805,2.1427745819091797,3.479283332824707,4.530394554138184,1.2879679203033447,3.574760675430298,1.3352649211883545,tg_voices_uk,whole_original_recording,3.0,tg_voices_uk_94c71638eb2c0cc6c0f109a7
original,4.885405540466309,0.0,0,not_scored_no_time_aligned_reference,3.0,0.8834022879600525,6.06,"[""sigmos_overall_below_threshold"", ""sigmos_speech_below_threshold"", ""sigmos_coloration_below_threshold"", ""audiobox_pq_below_threshold""]",True,0,[],51.3509407043457,0.4159093499183655,original,0.7563582062721252,3,False,2.5363001823425293,3.163813352584839,3.296253204345703,3.682842254638672,2.0109686851501465,2.840853691101074,2.311450481414795,tg_voices_uk,whole_original_recording,3.06,tg_voices_uk_94c71638eb2c0cc6c0f109a7
original,6.0693559646606445,0.0,0,not_scored_no_time_aligned_reference,3.0,0.9979122281074524,3.0,"[""sigmos_coloration_below_threshold""]",True,0,[],41.57868957519531,0.4726389944553375,original,0.158223494887352,0,False,2.907003164291382,3.8554494380950928,3.6098616123199463,3.983701467514038,3.2330307960510254,4.351943016052246,3.7962892055511475,tg_voices_uk,whole_original_recording,0.0,tg_voices_uk_e4166b3ab320c8897abdec5b
original,6.11468505859375,0.0,0,not_scored_no_time_aligned_reference,3.0,0.974357008934021,3.0535,"[""sigmos_coloration_below_threshold""]",True,0,[],42.516475677490234,0.43112221360206604,original,0.158223494887352,1,False,2.771185874938965,3.8508081436157227,3.3441321849823,4.459259986877441,3.0130796432495117,4.154788017272949,3.647616386413574,tg_voices_uk,whole_original_recording,0.0535,tg_voices_uk_e4166b3ab320c8897abdec5b
original,7.284763336181641,0.0,0,not_scored_no_time_aligned_reference,2.8735,1.0,2.8735,"[""local_high_frequency_burst""]",True,3,"[{""start_seconds"": 0.08, ""end_seconds"": 0.14}, {""start_seconds"": 1.18, ""end_seconds"": 1.21}, {""start_seconds"": 1.94, ""end_seconds"": 2.0}]",38.302860260009766,0.9586895108222961,original,0.8383415341377258,0,True,3.8984718322753906,4.412383079528809,3.7981534004211426,3.5181527137756348,3.377411127090454,4.485952854156494,4.064914226531982,tg_voices_uk,whole_original_recording,0.0,tg_voices_uk_592b1d26a9dd49fa2fa20b10
original,4.316765785217285,0.0,0,not_scored_no_time_aligned_reference,2.5036875,0.9999999403953552,2.5036875,"[""local_high_frequency_burst"", ""sigmos_overall_below_threshold"", ""sigmos_speech_below_threshold"", ""sigmos_noise_below_threshold"", ""sigmos_coloration_below_threshold"", ""sigmos_discontinuity_below_threshold"", ""audiobox_pq_below_threshold""]",True,4,"[{""start_seconds"": 1.07, ""end_seconds"": 1.11}, {""start_seconds"": 1.15, ""end_seconds"": 1.18}, {""start_seconds"": 1.7, ""end_seconds"": 1.72}, {""start_seconds"": 1.8, ""end_seconds"": 1.83}]",25.710777282714844,0.6893135905265808,original,0.4586181640625,0,True,2.471996307373047,2.9034576416015625,3.0371809005737305,2.462371826171875,2.4874489307403564,2.780827522277832,2.6317789554595947,ua_ser,whole_original_recording,0.0,ua_ser_d6c68dfbf248fbf4692d40ce
original,5.610324859619141,0.0,0,not_scored_no_time_aligned_reference,2.5,1.0,2.5,"[""local_high_frequency_burst"", ""sigmos_overall_below_threshold""]",True,4,"[{""start_seconds"": 0.19999999999999998, ""end_seconds"": 0.25}, {""start_seconds"": 0.65, ""end_seconds"": 0.7}, {""start_seconds"": 1.23, ""end_seconds"": 1.28}, {""start_seconds"": 1.54, ""end_seconds"": 1.61}]",30.887413024902344,0.9296990633010864,original,0.3365478515625,0,True,3.421433448791504,3.527888774871826,3.066371440887451,4.313142776489258,2.763469934463501,3.115884780883789,3.1164443492889404,ua_ser,whole_original_recording,0.0,ua_ser_4db02e303300ab157338f3d7
original,7.464816093444824,0.0,0,not_scored_no_time_aligned_reference,2.944,1.0,2.944,"[""local_high_frequency_burst""]",True,4,"[{""start_seconds"": 0.48, ""end_seconds"": 0.53}, {""start_seconds"": 0.92, ""end_seconds"": 0.96}, {""start_seconds"": 1.24, ""end_seconds"": 1.26}, {""start_seconds"": 2.3200000000000003, ""end_seconds"": 2.3699999999999997}]",27.6970272064209,0.8788009285926819,original,0.283966064453125,0,True,3.3150908946990967,4.071150779724121,3.703921318054199,3.767087936401367,3.085291624069214,4.107276916503906,3.34946346282959,ua_ser,whole_original_recording,0.0,ua_ser_95873e561061831fe2ce3310
original,7.143925666809082,0.0,0,not_scored_no_time_aligned_reference,3.0,0.9989363551139832,3.0,"[""sigmos_overall_below_threshold"", ""sigmos_speech_below_threshold""]",True,0,[],37.3983154296875,0.2888205051422119,original,0.43511962890625,0,False,3.6020054817199707,3.1780858039855957,3.933622360229492,3.737780809402466,2.5771448612213135,4.5181884765625,2.963395357131958,ua_ser,whole_original_recording,0.0,ua_ser_be9977a80fcda0f71ba3276e
original,7.184986591339111,0.0,0,not_scored_no_time_aligned_reference,3.0,0.9847279787063599,3.054,"[""sigmos_overall_below_threshold""]",True,0,[],32.77116775512695,0.2947177588939667,original,0.43511962890625,1,False,3.3922529220581055,3.6976637840270996,3.8183202743530273,4.258646011352539,2.7134006023406982,4.448872089385986,3.3297009468078613,ua_ser,whole_original_recording,0.054,ua_ser_be9977a80fcda0f71ba3276e
original,7.217606544494629,0.0,0,not_scored_no_time_aligned_reference,3.0,0.9789783954620361,3.0,"[""local_high_frequency_burst"", ""sigmos_overall_below_threshold""]",True,2,"[{""start_seconds"": 0.03, ""end_seconds"": 0.11}, {""start_seconds"": 0.57, ""end_seconds"": 0.59}]",37.69458770751953,0.7364993691444397,original,0.420379638671875,0,False,3.7950563430786133,3.38565731048584,3.2985315322875977,3.5020248889923096,2.8258860111236572,4.149648666381836,3.090710401535034,ua_ser,whole_original_recording,0.0,ua_ser_c5c3ca730d3535260dae5823
original,7.284738540649414,0.0,0,not_scored_no_time_aligned_reference,3.0,0.9743781089782715,3.382,"[""local_high_frequency_burst""]",True,1,"[{""start_seconds"": 0.19, ""end_seconds"": 0.21000000000000002}]",30.548015594482422,0.6130853891372681,original,0.44085693359375,1,False,3.446777105331421,3.5076582431793213,3.337277412414551,4.005309581756592,3.215667486190796,4.32468843460083,3.5879647731781006,ua_ser,whole_original_recording,0.382,ua_ser_c5c3ca730d3535260dae5823
original,6.7884650230407715,0.0,0,not_scored_no_time_aligned_reference,2.2375625,1.0,2.2375625,"[""local_high_frequency_burst"", ""sigmos_overall_below_threshold"", ""sigmos_speech_below_threshold""]",True,1,"[{""start_seconds"": 1.03, ""end_seconds"": 1.05}]",34.62986755371094,0.4509549140930176,original,0.44415283203125,0,True,3.029757499694824,3.0026679039001465,3.6298365592956543,3.156139850616455,2.521559715270996,3.4902732372283936,2.6455416679382324,ua_ser,whole_original_recording,0.0,ua_ser_c01c2b06a83071c907a0b6f4
original,4.873522758483887,0.0,0,not_scored_no_time_aligned_reference,2.9,0.9999999403953552,2.9,"[""local_high_frequency_burst"", ""sigmos_overall_below_threshold"", ""audiobox_pq_below_threshold""]",True,1,"[{""start_seconds"": 1.26, ""end_seconds"": 1.33}]",25.34722137451172,0.8333743810653687,original,0.504180908203125,0,True,3.614636182785034,3.7308435440063477,3.7429749965667725,3.2603163719177246,2.7951602935791016,2.5613369941711426,3.0759949684143066,ua_ser,whole_original_recording,0.0,ua_ser_ca8ff0246855dce7bf315b3e
original,6.267938137054443,0.0,0,not_scored_no_time_aligned_reference,2.208375,1.0,2.208375,"[""sigmos_overall_below_threshold"", ""sigmos_speech_below_threshold"", ""sigmos_noise_below_threshold"", ""sigmos_coloration_below_threshold""]",True,0,[],25.418533325195312,0.48388421535491943,original,0.418304443359375,0,True,2.640483856201172,3.354922294616699,4.2025146484375,2.4253928661346436,1.5809824466705322,4.038982391357422,1.964120626449585,ua_ser,whole_original_recording,0.0,ua_ser_be37bb89df5984c587d20c82
original,5.039711952209473,0.0,0,not_scored_no_time_aligned_reference,3.0,0.9685708284378052,3.0,"[""local_high_frequency_burst"", ""sigmos_overall_below_threshold"", ""sigmos_noise_below_threshold""]",True,2,"[{""start_seconds"": 1.01, ""end_seconds"": 1.05}, {""start_seconds"": 1.5, ""end_seconds"": 1.56}]",25.16718101501465,0.8065741062164307,original,0.409759521484375,0,False,3.6389505863189697,3.593656539916992,2.9210729598999023,2.5274996757507324,2.597151279449463,3.5186727046966553,3.094541072845459,ua_ser,whole_original_recording,0.0,ua_ser_2078f4fcf073d7a5d6bd7c09
original,5.298272132873535,0.0,0,not_scored_no_time_aligned_reference,3.0,0.9444702863693237,3.55175,"[""local_high_frequency_burst"", ""sigmos_overall_below_threshold"", ""sigmos_speech_below_threshold"", ""sigmos_noise_below_threshold""]",True,5,"[{""start_seconds"": 0.45999999999999996, ""end_seconds"": 0.5}, {""start_seconds"": 0.95, ""end_seconds"": 1.01}, {""start_seconds"": 2.7800000000000002, ""end_seconds"": 2.82}, {""start_seconds"": 2.85, ""end_seconds"": 2.8899999999999997}, {""start_seconds"": 2.91, ""end_seconds"": 2.9299999999999997}]",31.492733001708984,0.8016075491905212,original,0.409759521484375,1,False,3.4934017658233643,3.6169166564941406,3.0491738319396973,2.70084285736084,2.577446222305298,3.648266553878784,2.959057569503784,ua_ser,whole_original_recording,0.55175,ua_ser_2078f4fcf073d7a5d6bd7c09
original,6.552307605743408,0.0,0,not_scored_no_time_aligned_reference,2.615625,1.0,2.615625,"[""sigmos_overall_below_threshold"", ""sigmos_speech_below_threshold"", ""sigmos_coloration_below_threshold""]",True,0,[],42.29104232788086,0.5162314772605896,original,0.2613525390625,0,True,2.6063170433044434,3.2282919883728027,4.0447258949279785,3.6079907417297363,2.6773502826690674,3.8011438846588135,2.9934797286987305,ua_ser,whole_original_recording,0.0,ua_ser_36bd6142702dc47dc2a92a52
original,6.820074558258057,0.0,0,not_scored_no_time_aligned_reference,2.53125,0.9999998807907104,2.53125,"[""local_high_frequency_burst"", ""sigmos_overall_below_threshold"", ""sigmos_speech_below_threshold"", ""sigmos_noise_below_threshold""]",True,4,"[{""start_seconds"": 0.5599999999999999, ""end_seconds"": 0.61}, {""start_seconds"": 1.0, ""end_seconds"": 1.12}, {""start_seconds"": 1.36, ""end_seconds"": 1.43}, {""start_seconds"": 1.47, ""end_seconds"": 1.54}]",39.03912353515625,0.9701716303825378,original,0.2830810546875,0,True,3.268362522125244,3.268576145172119,3.7166104316711426,2.7420032024383545,2.203476905822754,3.756195068359375,2.9250032901763916,ua_ser,whole_original_recording,0.0,ua_ser_cb7a724e58c70d6742da4d92
original,4.772954940795898,0.0,0,not_scored_no_time_aligned_reference,3.0,0.9599388837814331,3.0,"[""sigmos_overall_below_threshold"", ""sigmos_noise_below_threshold"", ""audiobox_pq_below_threshold""]",True,0,[],18.28955841064453,0.6468973755836487,original,0.1580810546875,0,False,3.0127289295196533,3.4763073921203613,3.544301986694336,2.40701961517334,2.587355852127075,3.2643651962280273,3.1811482906341553,ukr_dialects,whole_original_recording,0.0,ukr_dialects_14f40dc5678bd3ac85b3e330
original,4.382252216339111,0.0,0,not_scored_no_time_aligned_reference,3.0,0.9665089845657349,3.72,"[""sigmos_overall_below_threshold"", ""sigmos_noise_below_threshold"", ""audiobox_pq_below_threshold""]",True,0,[],19.242286682128906,0.6468973755836487,original,0.1580810546875,1,False,3.0992634296417236,3.3517260551452637,3.5632150173187256,2.0920400619506836,2.082629680633545,3.5600061416625977,3.0223312377929688,ukr_dialects,whole_original_recording,0.72,ukr_dialects_14f40dc5678bd3ac85b3e330
original,4.69199275970459,0.0,0,not_scored_no_time_aligned_reference,2.26,1.0,2.26,"[""sigmos_overall_below_threshold"", ""sigmos_speech_below_threshold"", ""audiobox_pq_below_threshold""]",True,0,[],16.14472198486328,0.26038792729377747,original,0.156890869140625,0,True,3.0937347412109375,3.7712197303771973,3.537384033203125,3.0475683212280273,2.5271100997924805,3.9014108180999756,2.778975009918213,ukr_dialects,whole_original_recording,0.0,ukr_dialects_c9a613ab99857675ac59ec10
original,6.925410270690918,0.0,0,not_scored_no_time_aligned_reference,3.0,0.7001249194145203,3.0,"[""local_high_frequency_burst"", ""sigmos_overall_below_threshold"", ""sigmos_speech_below_threshold"", ""sigmos_noise_below_threshold""]",True,1,"[{""start_seconds"": 2.52, ""end_seconds"": 2.6399999999999997}]",16.437278747558594,0.64594966173172,original,0.4998779296875,0,False,3.1035995483398438,4.167683124542236,2.6258368492126465,1.4182019233703613,1.6066293716430664,2.8511064052581787,2.477376937866211,ukr_dialects,whole_original_recording,0.0,ukr_dialects_42c43b458a4ba7f7e394401b
original,6.041723728179932,0.0,0,not_scored_no_time_aligned_reference,3.0,0.8348273038864136,4.5,"[""local_high_frequency_burst"", ""sigmos_overall_below_threshold"", ""sigmos_speech_below_threshold"", ""sigmos_noise_below_threshold""]",True,1,"[{""start_seconds"": 1.02, ""end_seconds"": 1.14}]",18.035247802734375,0.64594966173172,original,0.51617431640625,1,False,3.1501152515411377,4.312124252319336,2.59078049659729,1.996706247329712,1.4447352886199951,2.53721284866333,2.2655391693115234,ukr_dialects,whole_original_recording,1.5,ukr_dialects_42c43b458a4ba7f7e394401b
original,6.665345668792725,0.0,0,not_scored_no_time_aligned_reference,3.0,0.6543287634849548,6.0,"[""sigmos_overall_below_threshold"", ""sigmos_speech_below_threshold"", ""sigmos_noise_below_threshold"", ""sigmos_coloration_below_threshold""]",True,0,[],18.035247802734375,0.19258898496627808,original,0.520599365234375,2,False,2.588016986846924,3.0063745975494385,2.4345741271972656,1.3716590404510498,1.409705638885498,2.660489559173584,2.1809189319610596,ukr_dialects,whole_original_recording,3.0,ukr_dialects_42c43b458a4ba7f7e394401b
original,5.499050140380859,0.0,0,not_scored_no_time_aligned_reference,3.0,0.6439982056617737,7.5,"[""sigmos_overall_below_threshold"", ""sigmos_speech_below_threshold"", ""sigmos_noise_below_threshold"", ""sigmos_coloration_below_threshold"", ""ecapa_similarity_below_threshold""]",True,0,[],14.187618255615234,0.0847504511475563,original,0.520599365234375,3,False,2.8823368549346924,3.756157875061035,2.5952236652374268,1.5204343795776367,1.343895673751831,3.049940824508667,2.5544698238372803,ukr_dialects,whole_original_recording,4.5,ukr_dialects_42c43b458a4ba7f7e394401b
original,6.588650703430176,0.0,0,not_scored_no_time_aligned_reference,3.0,0.6537392139434814,9.0,"[""sigmos_overall_below_threshold"", ""sigmos_speech_below_threshold"", ""sigmos_noise_below_threshold"", ""sigmos_coloration_below_threshold""]",True,0,[],21.063949584960938,0.0847504511475563,original,0.518951416015625,4,False,2.5528342723846436,3.4898550510406494,2.3405959606170654,1.3363373279571533,1.3422136306762695,2.727566719055176,2.322542667388916,ukr_dialects,whole_original_recording,6.0,ukr_dialects_42c43b458a4ba7f7e394401b
original,5.740293025970459,0.0,0,not_scored_no_time_aligned_reference,3.0,0.7384117245674133,10.5,"[""local_high_frequency_burst"", ""sigmos_overall_below_threshold"", ""sigmos_speech_below_threshold"", ""sigmos_noise_below_threshold""]",True,1,"[{""start_seconds"": 2.45, ""end_seconds"": 2.51}]",19.37255859375,0.4784664213657379,original,0.518951416015625,5,False,3.0044944286346436,4.3678297996521,2.091238498687744,2.616962432861328,1.73976731300354,2.423819065093994,2.378462076187134,ukr_dialects,whole_original_recording,7.5,ukr_dialects_42c43b458a4ba7f7e394401b
original,5.459828853607178,0.0,0,not_scored_no_time_aligned_reference,3.0,0.7524373531341553,12.0,"[""local_high_frequency_burst"", ""sigmos_overall_below_threshold"", ""sigmos_speech_below_threshold"", ""sigmos_noise_below_threshold""]",True,1,"[{""start_seconds"": 0.95, ""end_seconds"": 1.01}]",21.418975830078125,0.4784664213657379,original,0.525115966796875,6,False,3.212503671646118,4.028800964355469,2.4645631313323975,2.1089253425598145,1.997274398803711,2.9290943145751953,2.7279505729675293,ukr_dialects,whole_original_recording,9.0,ukr_dialects_42c43b458a4ba7f7e394401b
original,5.522499084472656,0.0,0,not_scored_no_time_aligned_reference,3.0,0.5203503370285034,13.5,"[""sigmos_overall_below_threshold"", ""sigmos_speech_below_threshold"", ""sigmos_noise_below_threshold"", ""sigmos_coloration_below_threshold"", ""ecapa_similarity_below_threshold""]",True,0,[],11.848823547363281,0.04984436556696892,original,0.525115966796875,7,False,2.7474820613861084,4.245945930480957,2.4693586826324463,1.5133535861968994,1.5847997665405273,3.2156319618225098,2.3805854320526123,ukr_dialects,whole_original_recording,10.5,ukr_dialects_42c43b458a4ba7f7e394401b
original,5.3709716796875,0.0,0,not_scored_no_time_aligned_reference,3.0,0.5293682217597961,13.52,"[""sigmos_overall_below_threshold"", ""sigmos_speech_below_threshold"", ""sigmos_noise_below_threshold"", ""sigmos_coloration_below_threshold"", ""ecapa_similarity_below_threshold""]",True,0,[],11.848823547363281,0.04984436556696892,original,0.525115966796875,8,False,2.792095422744751,4.139247894287109,2.45033860206604,1.4568109512329102,1.5247607231140137,2.950955629348755,2.480297803878784,ukr_dialects,whole_original_recording,10.52,ukr_dialects_42c43b458a4ba7f7e394401b
original,3.8466904163360596,0.0,0,not_scored_no_time_aligned_reference,2.25,1.0,2.25,"[""sigmos_overall_below_threshold"", ""sigmos_speech_below_threshold"", ""sigmos_coloration_below_threshold"", ""audiobox_pq_below_threshold""]",True,0,[],9.479934692382812,0.04880311340093613,original,0.02947998046875,0,True,2.6770286560058594,3.8166754245758057,2.8741304874420166,3.0475234985351562,2.9226198196411133,4.306981086730957,2.8859500885009766,ukr_dialects,whole_original_recording,0.0,ukr_dialects_0eefe6109d11f03c6f8626b6
original,4.75296688079834,0.0,0,not_scored_no_time_aligned_reference,3.0,0.9327222108840942,3.0,"[""sigmos_overall_below_threshold"", ""audiobox_pq_below_threshold""]",True,0,[],3.7571640014648438,0.02477128617465496,original,0.2139892578125,0,False,3.092758893966675,3.8787682056427,3.7541630268096924,4.165066719055176,2.826563835144043,3.482733964920044,3.1889126300811768,ukr_dialects,whole_original_recording,0.0,ukr_dialects_d2ba80d943e6a61f32205558
original,4.395946025848389,0.0,0,not_scored_no_time_aligned_reference,3.0,0.9298998117446899,4.5,"[""sigmos_overall_below_threshold"", ""audiobox_pq_below_threshold""]",True,0,[],3.7571640014648438,0.0020326124504208565,original,0.2139892578125,1,False,3.068366050720215,4.439228057861328,2.8613204956054688,3.6621365547180176,2.5993876457214355,3.5835859775543213,3.0810322761535645,ukr_dialects,whole_original_recording,1.5,ukr_dialects_d2ba80d943e6a61f32205558
original,4.31992769241333,0.0,0,not_scored_no_time_aligned_reference,3.0,0.9303279519081116,5.029,"[""sigmos_overall_below_threshold"", ""sigmos_speech_below_threshold"", ""sigmos_coloration_below_threshold"", ""audiobox_pq_below_threshold""]",True,0,[],3.973358154296875,0.0029173013754189014,original,0.2139892578125,2,False,2.834584951400757,4.204113960266113,3.0178170204162598,3.147001266479492,2.5118188858032227,3.4455716609954834,2.862257957458496,ukr_dialects,whole_original_recording,2.029,ukr_dialects_d2ba80d943e6a61f32205558
original,5.662109375,0.0,0,not_scored_no_time_aligned_reference,3.0,0.7630391716957092,3.0,"[""local_high_frequency_burst"", ""sigmos_overall_below_threshold"", ""sigmos_speech_below_threshold"", ""sigmos_noise_below_threshold""]",True,1,"[{""start_seconds"": 1.82, ""end_seconds"": 1.8800000000000001}]",23.783798217773438,0.7315882444381714,original,0.5181884765625,0,False,3.0290896892547607,3.7637174129486084,2.874619245529175,2.6568150520324707,2.5835843086242676,3.9291396141052246,2.7858030796051025,ukr_dialects,whole_original_recording,0.0,ukr_dialects_442b03ee21902c3d4d221437
original,5.580479621887207,0.0,0,not_scored_no_time_aligned_reference,3.0,0.7021289467811584,4.5,"[""local_high_frequency_burst"", ""sigmos_overall_below_threshold"", ""sigmos_speech_below_threshold"", ""sigmos_noise_below_threshold"", ""sigmos_coloration_below_threshold""]",True,1,"[{""start_seconds"": 0.32, ""end_seconds"": 0.38}]",24.110328674316406,0.7315882444381714,original,0.554443359375,1,False,2.456120252609253,3.57033371925354,3.1488406658172607,2.4606821537017822,2.094219446182251,4.03586483001709,2.4789059162139893,ukr_dialects,whole_original_recording,1.5,ukr_dialects_442b03ee21902c3d4d221437
original,5.32981538772583,0.0,0,not_scored_no_time_aligned_reference,3.0,0.8819878101348877,6.0,"[""sigmos_overall_below_threshold"", ""sigmos_speech_below_threshold"", ""sigmos_noise_below_threshold"", ""sigmos_coloration_below_threshold""]",True,0,[],18.40589141845703,0.41700074076652527,original,0.554443359375,2,False,2.7017292976379395,3.211059093475342,3.6164255142211914,2.03845477104187,1.9807701110839844,3.5811145305633545,2.5458390712738037,ukr_dialects,whole_original_recording,3.0,ukr_dialects_442b03ee21902c3d4d221437
original,5.447787761688232,0.0,0,not_scored_no_time_aligned_reference,3.0,0.8279308080673218,7.5,"[""local_high_frequency_burst"", ""sigmos_overall_below_threshold"", ""sigmos_speech_below_threshold"", ""sigmos_noise_below_threshold"", ""sigmos_coloration_below_threshold""]",True,2,"[{""start_seconds"": 1.8, ""end_seconds"": 1.82}, {""start_seconds"": 1.88, ""end_seconds"": 1.91}]",35.43034362792969,0.5566372275352478,original,0.498687744140625,3,False,2.9370310306549072,3.4421253204345703,2.98703932762146,2.1969850063323975,2.053730010986328,3.878756523132324,2.263173818588257,ukr_dialects,whole_original_recording,4.5,ukr_dialects_442b03ee21902c3d4d221437
original,5.128483295440674,0.0,0,not_scored_no_time_aligned_reference,3.0,0.6024233102798462,9.0,"[""local_high_frequency_burst"", ""sigmos_overall_below_threshold"", ""sigmos_speech_below_threshold"", ""sigmos_noise_below_threshold"", ""ecapa_similarity_below_threshold""]",True,2,"[{""start_seconds"": 0.3, ""end_seconds"": 0.32}, {""start_seconds"": 0.38, ""end_seconds"": 0.41000000000000003}]",35.24772644042969,0.5566372275352478,original,0.6015625,4,False,3.1751697063446045,3.0949959754943848,3.435243844985962,2.0127620697021484,2.3514177799224854,4.136538505554199,2.7181529998779297,ukr_dialects,whole_original_recording,6.0,ukr_dialects_442b03ee21902c3d4d221437
original,5.081772327423096,0.0,0,not_scored_no_time_aligned_reference,3.0,0.7135339975357056,10.5,"[""local_high_frequency_burst"", ""sigmos_overall_below_threshold"", ""sigmos_speech_below_threshold"", ""sigmos_noise_below_threshold""]",True,1,"[{""start_seconds"": 1.56, ""end_seconds"": 1.61}]",33.777122497558594,0.6587855815887451,original,0.6015625,5,False,3.255948543548584,3.606708526611328,3.343773603439331,2.144465923309326,2.469421625137329,4.277475357055664,2.7937123775482178,ukr_dialects,whole_original_recording,7.5,ukr_dialects_442b03ee21902c3d4d221437
original,5.065876483917236,0.0,0,not_scored_no_time_aligned_reference,3.0,0.7681077122688293,12.0,"[""local_high_frequency_burst"", ""sigmos_overall_below_threshold"", ""sigmos_speech_below_threshold"", ""sigmos_noise_below_threshold""]",True,2,"[{""start_seconds"": 0.060000000000000005, ""end_seconds"": 0.11}, {""start_seconds"": 1.88, ""end_seconds"": 1.94}]",32.76936721801758,0.7857947945594788,original,0.617919921875,6,False,3.581641912460327,3.4104228019714355,2.622760534286499,2.1214027404785156,2.2260448932647705,3.7069010734558105,2.5654830932617188,ukr_dialects,whole_original_recording,9.0,ukr_dialects_442b03ee21902c3d4d221437
original,5.525641918182373,0.0,0,not_scored_no_time_aligned_reference,3.0,0.8203664422035217,13.5,"[""local_high_frequency_burst"", ""sigmos_overall_below_threshold"", ""sigmos_speech_below_threshold"", ""sigmos_noise_below_threshold"", ""sigmos_coloration_below_threshold""]",True,2,"[{""start_seconds"": 0.38, ""end_seconds"": 0.44}, {""start_seconds"": 1.93, ""end_seconds"": 1.95}]",29.709501266479492,0.7857947945594788,original,0.617919921875,7,False,2.7641546726226807,3.0139026641845703,3.0967793464660645,2.006754159927368,1.7562499046325684,3.4662880897521973,2.2762415409088135,ukr_dialects,whole_original_recording,10.5,ukr_dialects_442b03ee21902c3d4d221437
original,5.7467851638793945,0.0,0,not_scored_no_time_aligned_reference,3.0,0.7909175753593445,15.0,"[""local_high_frequency_burst"", ""sigmos_overall_below_threshold"", ""sigmos_speech_below_threshold"", ""sigmos_noise_below_threshold"", ""sigmos_discontinuity_below_threshold""]",True,1,"[{""start_seconds"": 0.43, ""end_seconds"": 0.45}]",26.921676635742188,0.4745509922504425,original,0.528717041015625,8,False,3.071922779083252,2.9547038078308105,3.2532358169555664,2.305891275405884,2.235599994659424,3.526925802230835,2.646860122680664,ukr_dialects,whole_original_recording,12.0,ukr_dialects_442b03ee21902c3d4d221437
original,5.7845869064331055,0.0,0,not_scored_no_time_aligned_reference,3.0,0.8278841376304626,16.42,"[""local_high_frequency_burst"", ""sigmos_overall_below_threshold"", ""sigmos_speech_below_threshold"", ""sigmos_noise_below_threshold""]",True,1,"[{""start_seconds"": 1.9999999999999998, ""end_seconds"": 2.03}]",20.230113983154297,0.5830780267715454,original,0.661468505859375,9,False,3.1098978519439697,3.6887571811676025,3.197996139526367,2.11369252204895,2.144718647003174,3.8113131523132324,2.382490873336792,ukr_dialects,whole_original_recording,13.42,ukr_dialects_442b03ee21902c3d4d221437
original,7.522809028625488,0.0,0,not_scored_no_time_aligned_reference,3.0,0.99995356798172,3.0,[],True,0,[],26.89142608642578,0.38598519563674927,original,0.6951904296875,0,False,3.950059175491333,4.181029319763184,2.7877230644226074,4.2227702140808105,3.049431324005127,4.32398796081543,3.338512897491455,ukr_dialects,whole_original_recording,0.0,ukr_dialects_e4a3ec15f8d201178b55b96b
original,7.445488452911377,0.0,0,not_scored_no_time_aligned_reference,3.0,0.9964599013328552,3.008,[],True,0,[],26.824840545654297,0.38521191477775574,original,0.6951904296875,1,False,3.8316283226013184,4.6681671142578125,3.2491519451141357,4.112813949584961,3.0650293827056885,4.262177467346191,3.461688280105591,ukr_dialects,whole_original_recording,0.008,ukr_dialects_e4a3ec15f8d201178b55b96b
original,7.3128838539123535,0.0,0,not_scored_no_time_aligned_reference,3.0,0.8940070271492004,3.0,"[""local_high_frequency_burst""]",True,1,"[{""start_seconds"": 0.96, ""end_seconds"": 1.04}]",33.74367141723633,0.8186570405960083,original,0.86309814453125,0,False,4.190954208374023,3.6341307163238525,3.134197235107422,3.5157835483551025,3.0850956439971924,4.408692359924316,3.160804271697998,ukr_dialects,whole_original_recording,0.0,ukr_dialects_26bd5284900929a4d9a86064
original,7.203133583068848,0.0,0,not_scored_no_time_aligned_reference,3.0,0.9193370342254639,4.5,"[""sigmos_overall_below_threshold""]",True,0,[],33.69474792480469,0.19171679019927979,original,0.86309814453125,1,False,3.1789276599884033,4.281900405883789,3.3544042110443115,3.771942615509033,2.6989598274230957,3.7762439250946045,3.0154457092285156,ukr_dialects,whole_original_recording,1.5,ukr_dialects_26bd5284900929a4d9a86064
original,7.343706130981445,0.0,0,not_scored_no_time_aligned_reference,3.0,0.8614046573638916,5.8,[],True,0,[],33.69474792480469,0.19171679019927979,original,0.677490234375,2,False,3.628214120864868,3.6203410625457764,3.640608310699463,4.062637805938721,3.242482900619507,4.248952865600586,3.4742743968963623,ukr_dialects,whole_original_recording,2.8,ukr_dialects_26bd5284900929a4d9a86064
original,6.654907703399658,0.0,0,not_scored_no_time_aligned_reference,3.0,0.9911345839500427,3.0,"[""local_high_frequency_burst"", ""sigmos_overall_below_threshold"", ""sigmos_speech_below_threshold""]",True,1,"[{""start_seconds"": 1.51, ""end_seconds"": 1.61}]",26.955013275146484,0.8132749795913696,original,0.3983154296875,0,False,3.4788501262664795,4.542538642883301,3.1607601642608643,3.3393266201019287,2.37965726852417,2.602132558822632,2.6188926696777344,ukr_dialects,whole_original_recording,0.0,ukr_dialects_5c9b20aa91ead2216a51af30
original,6.360215187072754,0.0,0,not_scored_no_time_aligned_reference,3.0,0.9757969975471497,3.19,"[""local_high_frequency_burst"", ""sigmos_overall_below_threshold"", ""sigmos_speech_below_threshold""]",True,1,"[{""start_seconds"": 1.32, ""end_seconds"": 1.42}]",26.955013275146484,0.8132749795913696,original,0.370849609375,1,False,3.137908935546875,4.10201358795166,3.0507800579071045,3.547084331512451,2.0366482734680176,2.6317617893218994,2.2385752201080322,ukr_dialects,whole_original_recording,0.19,ukr_dialects_5c9b20aa91ead2216a51af30
original,7.123607635498047,0.0,0,not_scored_no_time_aligned_reference,3.0,0.9174203276634216,3.0,"[""sigmos_overall_below_threshold""]",True,0,[],27.802330017089844,0.162527933716774,original,0.727996826171875,0,False,3.815507173538208,4.007468223571777,2.739429473876953,4.339399337768555,2.934988498687744,3.7675397396087646,3.320580005645752,ukr_dialects,whole_original_recording,0.0,ukr_dialects_6403b08094c17ab1c874b596
original,7.541831970214844,0.0,0,not_scored_no_time_aligned_reference,3.0,0.9549132585525513,4.5,[],True,0,[],33.10154342651367,0.19640281796455383,original,0.727996826171875,1,False,3.9517276287078857,3.88613224029541,3.295450448989868,4.194221496582031,3.020413398742676,4.340938568115234,3.5730035305023193,ukr_dialects,whole_original_recording,1.5,ukr_dialects_6403b08094c17ab1c874b596
original,7.620253086090088,0.0,0,not_scored_no_time_aligned_reference,3.0,0.9289028644561768,5.184,"[""sigmos_overall_below_threshold""]",True,0,[],46.611366271972656,0.4307626187801361,original,0.727996826171875,2,False,3.5311262607574463,3.8741085529327393,2.7193470001220703,4.082261562347412,2.7997429370880127,3.8969926834106445,3.3028292655944824,ukr_dialects,whole_original_recording,2.184,ukr_dialects_6403b08094c17ab1c874b596
original,5.268144130706787,0.0,0,not_scored_no_time_aligned_reference,3.0,0.8529499173164368,3.0,"[""sigmos_overall_below_threshold"", ""sigmos_noise_below_threshold""]",True,0,[],19.28235626220703,0.48855605721473694,original,0.09674072265625,0,False,3.36596941947937,3.244711399078369,2.972646713256836,2.866394519805908,2.7755417823791504,3.9516565799713135,3.190070152282715,ukr_dialects,whole_original_recording,0.0,ukr_dialects_93b487a5c9809179531e12cb
original,4.5967278480529785,0.0,0,not_scored_no_time_aligned_reference,3.0,0.8370947241783142,4.5,"[""sigmos_overall_below_threshold"", ""sigmos_speech_below_threshold"", ""sigmos_noise_below_threshold"", ""audiobox_pq_below_threshold""]",True,0,[],19.27216339111328,0.5338587760925293,original,0.09674072265625,1,False,3.093790054321289,3.1907997131347656,2.980125904083252,1.7582883834838867,2.260563373565674,3.2671616077423096,2.946714401245117,ukr_dialects,whole_original_recording,1.5,ukr_dialects_93b487a5c9809179531e12cb
original,4.8181867599487305,0.0,0,not_scored_no_time_aligned_reference,3.0,0.6202943325042725,5.69,"[""local_high_frequency_burst"", ""sigmos_overall_below_threshold"", ""sigmos_noise_below_threshold"", ""audiobox_pq_below_threshold"", ""ecapa_similarity_below_threshold""]",True,1,"[{""start_seconds"": 2.29, ""end_seconds"": 2.3099999999999996}]",20.275833129882812,0.553750216960907,original,0.194549560546875,2,False,3.3276960849761963,3.9302475452423096,3.193800687789917,2.154090166091919,2.427541732788086,3.58392333984375,3.3681554794311523,ukr_dialects,whole_original_recording,2.69,ukr_dialects_93b487a5c9809179531e12cb
25k,4.458136558532715,0.0,0,not_scored_no_time_aligned_reference,2.6986666666666665,0.31160515546798706,2.6986666666666665,"[""local_high_frequency_burst"", ""sigmos_overall_below_threshold"", ""sigmos_speech_below_threshold"", ""sigmos_coloration_below_threshold"", ""audiobox_pq_below_threshold"", ""ecapa_similarity_below_threshold""]",True,2,"[{""start_seconds"": 1.07, ""end_seconds"": 1.18}, {""start_seconds"": 1.74, ""end_seconds"": 1.83}]",33.68844223022461,0.9196233153343201,25k,0.358795166015625,0,True,2.4052648544311523,3.210639238357544,3.16916561126709,4.330183982849121,2.323930263519287,3.585744857788086,2.64271879196167,common_voice_available_uk,whole_original_recording,0.0,common_voice_available_uk_c02c7293451907b932c31154
25k,4.035907745361328,0.0,0,not_scored_no_time_aligned_reference,3.0,0.22067157924175262,3.0,"[""local_high_frequency_burst"", ""sigmos_overall_below_threshold"", ""sigmos_speech_below_threshold"", ""sigmos_coloration_below_threshold"", ""audiobox_pq_below_threshold"", ""ecapa_similarity_below_threshold""]",True,1,"[{""start_seconds"": 2.08, ""end_seconds"": 2.13}]",28.333816528320312,0.8356437087059021,25k,0.437103271484375,0,False,2.6861703395843506,3.1970770359039307,4.162237167358398,4.261392593383789,2.132845163345337,3.268061399459839,2.617839813232422,common_voice_available_uk,whole_original_recording,0.0,common_voice_available_uk_a8a1cc063c9dd80b0b56c7f8
25k,3.9959678649902344,0.0,0,not_scored_no_time_aligned_reference,3.0,0.2208777666091919,4.5,"[""local_high_frequency_burst"", ""sigmos_overall_below_threshold"", ""sigmos_speech_below_threshold"", ""audiobox_pq_below_threshold"", ""ecapa_similarity_below_threshold""]",True,5,"[{""start_seconds"": 0.58, ""end_seconds"": 0.63}, {""start_seconds"": 1.41, ""end_seconds"": 1.5}, {""start_seconds"": 1.96, ""end_seconds"": 2.05}, {""start_seconds"": 2.47, ""end_seconds"": 2.57}, {""start_seconds"": 2.6700000000000004, ""end_seconds"": 2.7399999999999998}]",40.933837890625,0.8356437087059021,25k,0.380645751953125,1,False,3.1206459999084473,4.050273418426514,3.385582685470581,4.213344573974609,2.157397508621216,3.154073476791382,2.4712560176849365,common_voice_available_uk,whole_original_recording,1.5,common_voice_available_uk_a8a1cc063c9dd80b0b56c7f8
25k,4.0205206871032715,0.0,0,not_scored_no_time_aligned_reference,3.0,0.24542313814163208,4.682666666666667,"[""local_high_frequency_burst"", ""sigmos_overall_below_threshold"", ""sigmos_coloration_below_threshold"", ""audiobox_pq_below_threshold"", ""ecapa_similarity_below_threshold""]",True,5,"[{""start_seconds"": 0.39999999999999997, ""end_seconds"": 0.45}, {""start_seconds"": 1.23, ""end_seconds"": 1.32}, {""start_seconds"": 1.78, ""end_seconds"": 1.87}, {""start_seconds"": 2.29, ""end_seconds"": 2.3899999999999997}, {""start_seconds"": 2.49, ""end_seconds"": 2.5599999999999996}]",36.64628601074219,0.8441861271858215,25k,0.380645751953125,2,False,2.630897283554077,3.8810901641845703,3.966219663619995,4.182343482971191,2.451491117477417,3.245347499847412,3.2433691024780273,common_voice_available_uk,whole_original_recording,1.6826666666666668,common_voice_available_uk_a8a1cc063c9dd80b0b56c7f8
25k,4.925740718841553,0.0,0,not_scored_no_time_aligned_reference,3.0,0.19787058234214783,3.0,"[""local_high_frequency_burst"", ""sigmos_overall_below_threshold"", ""sigmos_speech_below_threshold"", ""sigmos_coloration_below_threshold"", ""audiobox_pq_below_threshold"", ""ecapa_similarity_below_threshold""]",True,1,"[{""start_seconds"": 2.6900000000000004, ""end_seconds"": 2.76}]",39.49821090698242,0.7743105292320251,25k,0.44549560546875,0,False,2.2267158031463623,3.6741886138916016,4.230056285858154,4.267178535461426,1.955146312713623,3.5511982440948486,2.288686990737915,common_voice_available_uk,whole_original_recording,0.0,common_voice_available_uk_ab529abf3847a142fef6f153
25k,4.540977478027344,0.0,0,not_scored_no_time_aligned_reference,3.0,0.2135191112756729,4.362666666666667,"[""local_high_frequency_burst"", ""sigmos_overall_below_threshold"", ""sigmos_speech_below_threshold"", ""sigmos_coloration_below_threshold"", ""sigmos_discontinuity_below_threshold"", ""audiobox_pq_below_threshold"", ""ecapa_similarity_below_threshold""]",True,2,"[{""start_seconds"": 1.32, ""end_seconds"": 1.4}, {""start_seconds"": 2.5100000000000002, ""end_seconds"": 2.5799999999999996}]",38.49763107299805,0.8230928182601929,25k,0.367950439453125,1,False,2.072597026824951,2.8023266792297363,3.14737868309021,3.583291530609131,2.0709753036499023,3.2129390239715576,2.5215606689453125,common_voice_available_uk,whole_original_recording,1.3626666666666667,common_voice_available_uk_ab529abf3847a142fef6f153
25k,4.344221115112305,0.0,0,not_scored_no_time_aligned_reference,3.0,0.21330638229846954,3.0,"[""local_high_frequency_burst"", ""sigmos_overall_below_threshold"", ""sigmos_speech_below_threshold"", ""sigmos_coloration_below_threshold"", ""audiobox_pq_below_threshold"", ""ecapa_similarity_below_threshold""]",True,2,"[{""start_seconds"": 0.58, ""end_seconds"": 0.68}, {""start_seconds"": 2.1900000000000004, ""end_seconds"": 2.3}]",28.43659210205078,0.8160381317138672,25k,0.35723876953125,0,False,2.933462381362915,3.9414994716644287,4.116147994995117,4.198062896728516,2.4154164791107178,3.1081995964050293,2.8002734184265137,common_voice_available_uk,whole_original_recording,0.0,common_voice_available_uk_5c4ff259010d8b52a316058f
25k,4.0458526611328125,0.0,0,not_scored_no_time_aligned_reference,3.0,0.24049495160579681,4.5,"[""local_high_frequency_burst"", ""sigmos_overall_below_threshold"", ""sigmos_speech_below_threshold"", ""audiobox_pq_below_threshold"", ""ecapa_similarity_below_threshold""]",True,2,"[{""start_seconds"": 0.69, ""end_seconds"": 0.8}, {""start_seconds"": 1.66, ""end_seconds"": 1.73}]",32.341888427734375,0.8170216083526611,25k,0.35723876953125,1,False,3.2394859790802,4.464175224304199,3.623737335205078,4.044186592102051,2.15402889251709,2.8321735858917236,2.6663928031921387,common_voice_available_uk,whole_original_recording,1.5,common_voice_available_uk_5c4ff259010d8b52a316058f
25k,4.488356590270996,0.0,0,not_scored_no_time_aligned_reference,3.0,0.22398456931114197,6.0,"[""local_high_frequency_burst"", ""sigmos_overall_below_threshold"", ""sigmos_speech_below_threshold"", ""sigmos_coloration_below_threshold"", ""audiobox_pq_below_threshold"", ""ecapa_similarity_below_threshold""]",True,3,"[{""start_seconds"": 0.16, ""end_seconds"": 0.23}, {""start_seconds"": 1.53, ""end_seconds"": 1.64}, {""start_seconds"": 1.96, ""end_seconds"": 2.03}]",30.618453979492188,0.863547146320343,25k,0.3504638671875,2,False,2.958007335662842,4.4429521560668945,3.9425737857818604,3.679651975631714,2.351423740386963,3.796084403991699,2.962028741836548,common_voice_available_uk,whole_original_recording,3.0,common_voice_available_uk_5c4ff259010d8b52a316058f
25k,3.9420864582061768,0.0,0,not_scored_no_time_aligned_reference,3.0,0.17959189414978027,6.165333333333334,"[""local_high_frequency_burst"", ""sigmos_overall_below_threshold"", ""sigmos_coloration_below_threshold"", ""audiobox_pq_below_threshold"", ""ecapa_similarity_below_threshold""]",True,2,"[{""start_seconds"": 1.3699999999999999, ""end_seconds"": 1.48}, {""start_seconds"": 1.79, ""end_seconds"": 1.87}]",27.978256225585938,0.8567174673080444,25k,0.291717529296875,3,False,2.7943356037139893,4.294493198394775,3.242666721343994,3.127627372741699,2.5066747665405273,3.5463502407073975,3.0277888774871826,common_voice_available_uk,whole_original_recording,3.1653333333333333,common_voice_available_uk_5c4ff259010d8b52a316058f
25k,4.258698463439941,0.0,0,not_scored_no_time_aligned_reference,3.0,0.24218297004699707,3.0,"[""local_high_frequency_burst"", ""sigmos_overall_below_threshold"", ""sigmos_speech_below_threshold"", ""sigmos_coloration_below_threshold"", ""sigmos_discontinuity_below_threshold"", ""audiobox_pq_below_threshold"", ""ecapa_similarity_below_threshold""]",True,4,"[{""start_seconds"": 0.27999999999999997, ""end_seconds"": 0.38}, {""start_seconds"": 0.53, ""end_seconds"": 0.6}, {""start_seconds"": 1.19, ""end_seconds"": 1.26}, {""start_seconds"": 2.64, ""end_seconds"": 2.7199999999999998}]",36.47846984863281,0.8099549412727356,25k,0.496337890625,0,False,2.485398054122925,2.9212188720703125,2.365374803543091,3.70731258392334,1.9179115295410156,3.292306900024414,2.679716110229492,common_voice_available_uk,whole_original_recording,0.0,common_voice_available_uk_f743bedc97953f615983a239
25k,4.64609432220459,0.0,0,not_scored_no_time_aligned_reference,3.0,0.22753654420375824,4.5,"[""local_high_frequency_burst"", ""sigmos_overall_below_threshold"", ""sigmos_speech_below_threshold"", ""sigmos_coloration_below_threshold"", ""audiobox_pq_below_threshold"", ""ecapa_similarity_below_threshold""]",True,2,"[{""start_seconds"": 1.14, ""end_seconds"": 1.22}, {""start_seconds"": 1.58, ""end_seconds"": 1.6300000000000001}]",36.435184478759766,0.8099549412727356,25k,0.47869873046875,1,False,2.8631763458251953,4.17610502243042,2.56404972076416,4.056766510009766,1.9718186855316162,3.930978536605835,2.3364272117614746,common_voice_available_uk,whole_original_recording,1.5,common_voice_available_uk_f743bedc97953f615983a239
25k,4.73837947845459,0.0,0,not_scored_no_time_aligned_reference,3.0,0.24046018719673157,5.664,"[""local_high_frequency_burst"", ""sigmos_overall_below_threshold"", ""sigmos_speech_below_threshold"", ""sigmos_coloration_below_threshold"", ""audiobox_pq_below_threshold"", ""ecapa_similarity_below_threshold""]",True,2,"[{""start_seconds"": 0.42, ""end_seconds"": 0.46}, {""start_seconds"": 2.1700000000000004, ""end_seconds"": 2.2199999999999998}]",36.952762603759766,0.7733824849128723,25k,0.3917236328125,2,False,2.4157702922821045,3.9266488552093506,2.9515254497528076,4.397216320037842,1.9182343482971191,3.6668758392333984,2.9484105110168457,common_voice_available_uk,whole_original_recording,2.664,common_voice_available_uk_f743bedc97953f615983a239
25k,3.7900240421295166,0.0,0,not_scored_no_time_aligned_reference,3.0,0.1495090126991272,3.0,"[""local_high_frequency_burst"", ""sigmos_overall_below_threshold"", ""sigmos_speech_below_threshold"", ""audiobox_pq_below_threshold"", ""ecapa_similarity_below_threshold""]",True,2,"[{""start_seconds"": 0.65, ""end_seconds"": 0.77}, {""start_seconds"": 2.3800000000000003, ""end_seconds"": 2.46}]",36.347293853759766,0.8163450956344604,25k,0.416351318359375,0,False,3.073538064956665,3.8563358783721924,3.290236711502075,3.140911817550659,1.9284110069274902,3.1895554065704346,2.361633062362671,common_voice_available_uk,whole_original_recording,0.0,common_voice_available_uk_8385beef90995b59e1a74f50
25k,4.097136497497559,0.0,0,not_scored_no_time_aligned_reference,3.0,0.17194367945194244,4.1706666666666665,"[""local_high_frequency_burst"", ""sigmos_overall_below_threshold"", ""sigmos_speech_below_threshold"", ""sigmos_coloration_below_threshold"", ""audiobox_pq_below_threshold"", ""ecapa_similarity_below_threshold""]",True,3,"[{""start_seconds"": 1.21, ""end_seconds"": 1.29}, {""start_seconds"": 1.95, ""end_seconds"": 2.03}, {""start_seconds"": 2.47, ""end_seconds"": 2.55}]",36.605247497558594,0.8867290616035461,25k,0.416351318359375,1,False,2.3224070072174072,3.8377974033355713,3.5464348793029785,3.5707449913024902,2.3354787826538086,3.7091360092163086,2.8240911960601807,common_voice_available_uk,whole_original_recording,1.1706666666666667,common_voice_available_uk_8385beef90995b59e1a74f50
25k,4.252006530761719,0.0,0,not_scored_no_time_aligned_reference,3.0,0.3276306092739105,3.0,"[""sigmos_overall_below_threshold"", ""sigmos_speech_below_threshold"", ""sigmos_coloration_below_threshold"", ""audiobox_pq_below_threshold"", ""ecapa_similarity_below_threshold""]",True,0,[],24.683494567871094,0.8238836526870728,25k,0.13629150390625,0,False,2.4788684844970703,3.0307061672210693,3.6284525394439697,4.075441837310791,1.5722630023956299,3.7256217002868652,1.8102095127105713,common_voice_available_uk,whole_original_recording,0.0,common_voice_available_uk_5df6da1d671744faf0228008
25k,4.044684410095215,0.0,0,not_scored_no_time_aligned_reference,3.0,0.3244795501232147,3.904,"[""local_high_frequency_burst"", ""sigmos_overall_below_threshold"", ""sigmos_speech_below_threshold"", ""sigmos_coloration_below_threshold"", ""audiobox_pq_below_threshold"", ""ecapa_similarity_below_threshold""]",True,1,"[{""start_seconds"": 2.27, ""end_seconds"": 2.3}]",32.09613037109375,0.8629301190376282,25k,0.1190185546875,1,False,2.091775417327881,4.087761878967285,3.756014108657837,4.210840225219727,1.978421926498413,3.7716622352600098,2.584136486053467,common_voice_available_uk,whole_original_recording,0.904,common_voice_available_uk_5df6da1d671744faf0228008
25k,4.478989601135254,0.0,0,not_scored_no_time_aligned_reference,3.0,0.24881699681282043,3.0,"[""local_high_frequency_burst"", ""sigmos_overall_below_threshold"", ""sigmos_coloration_below_threshold"", ""audiobox_pq_below_threshold"", ""ecapa_similarity_below_threshold""]",True,1,"[{""start_seconds"": 2.4800000000000004, ""end_seconds"": 2.5599999999999996}]",34.842933654785156,0.810482382774353,25k,0.28863525390625,0,False,2.9763143062591553,3.8413782119750977,3.130254030227661,3.434645652770996,2.8072383403778076,3.7168900966644287,3.157266616821289,common_voice_available_uk,whole_original_recording,0.0,common_voice_available_uk_dc9184e104ead558fbc5c7b7
25k,4.717842102050781,0.0,0,not_scored_no_time_aligned_reference,3.0,0.22956526279449463,3.936,"[""local_high_frequency_burst"", ""sigmos_overall_below_threshold"", ""sigmos_speech_below_threshold"", ""sigmos_coloration_below_threshold"", ""audiobox_pq_below_threshold"", ""ecapa_similarity_below_threshold""]",True,2,"[{""start_seconds"": 1.55, ""end_seconds"": 1.6300000000000001}, {""start_seconds"": 2.52, ""end_seconds"": 2.69}]",34.982967376708984,0.821496307849884,25k,0.25750732421875,1,False,2.9670588970184326,3.727264404296875,3.408997058868408,3.5607495307922363,2.534816026687622,4.178818702697754,2.80983304977417,common_voice_available_uk,whole_original_recording,0.936,common_voice_available_uk_dc9184e104ead558fbc5c7b7
25k,5.238123893737793,0.0,0,not_scored_no_time_aligned_reference,2.272,0.2146599292755127,2.272,"[""sigmos_overall_below_threshold"", ""sigmos_speech_below_threshold"", ""sigmos_coloration_below_threshold"", ""ecapa_similarity_below_threshold""]",True,0,[],33.77249526977539,0.30986422300338745,25k,0.415008544921875,0,True,2.044708013534546,3.647264003753662,3.3050265312194824,3.8572323322296143,1.695085048675537,2.5036590099334717,2.20871639251709,common_voice_available_uk,whole_original_recording,0.0,common_voice_available_uk_25496b7e922861903ae70344
25k,5.12381649017334,0.0,0,not_scored_no_time_aligned_reference,3.0,0.3012584447860718,3.0,"[""local_high_frequency_burst"", ""sigmos_overall_below_threshold"", ""sigmos_speech_below_threshold"", ""sigmos_noise_below_threshold"", ""sigmos_coloration_below_threshold"", ""ecapa_similarity_below_threshold""]",True,1,"[{""start_seconds"": 2.6700000000000004, ""end_seconds"": 2.76}]",24.353763580322266,0.8824049234390259,25k,0.28143310546875,0,False,2.6024491786956787,3.211310625076294,3.541414737701416,2.611820697784424,1.6832687854766846,3.213820695877075,2.2561097145080566,common_voice_available_uk,whole_original_recording,0.0,common_voice_available_uk_1093ca3ef2555953dd84f3f8
25k,4.00752067565918,0.0,0,not_scored_no_time_aligned_reference,3.0,0.31848156452178955,4.085333333333334,"[""local_high_frequency_burst"", ""sigmos_overall_below_threshold"", ""sigmos_speech_below_threshold"", ""sigmos_coloration_below_threshold"", ""sigmos_discontinuity_below_threshold"", ""audiobox_pq_below_threshold"", ""ecapa_similarity_below_threshold""]",True,1,"[{""start_seconds"": 1.58, ""end_seconds"": 1.68}]",28.66064453125,0.8725786805152893,25k,0.28143310546875,1,False,2.8433547019958496,2.80198335647583,3.5717313289642334,3.3157527446746826,1.4936740398406982,3.428711175918579,1.8637259006500244,common_voice_available_uk,whole_original_recording,1.0853333333333333,common_voice_available_uk_1093ca3ef2555953dd84f3f8
25k,3.869570255279541,0.0,0,not_scored_no_time_aligned_reference,3.0,0.13901065289974213,3.0,"[""local_high_frequency_burst"", ""sigmos_overall_below_threshold"", ""sigmos_speech_below_threshold"", ""audiobox_pq_below_threshold"", ""ecapa_similarity_below_threshold""]",True,3,"[{""start_seconds"": 0.63, ""end_seconds"": 0.71}, {""start_seconds"": 1.92, ""end_seconds"": 2.01}, {""start_seconds"": 2.5700000000000003, ""end_seconds"": 2.71}]",35.31147384643555,0.8026084303855896,25k,0.596405029296875,0,False,3.732269763946533,3.266683340072632,3.821321964263916,3.876462697982788,2.308925151824951,2.916041135787964,2.7323660850524902,common_voice_available_uk,whole_original_recording,0.0,common_voice_available_uk_fdbb9a5975ea1f367f937a09
25k,4.247928619384766,0.0,0,not_scored_no_time_aligned_reference,3.0,0.14145658910274506,3.008,"[""local_high_frequency_burst"", ""sigmos_overall_below_threshold"", ""sigmos_speech_below_threshold"", ""audiobox_pq_below_threshold"", ""ecapa_similarity_below_threshold""]",True,3,"[{""start_seconds"": 0.62, ""end_seconds"": 0.7}, {""start_seconds"": 1.91, ""end_seconds"": 2.0}, {""start_seconds"": 2.56, ""end_seconds"": 2.6999999999999997}]",36.13446044921875,0.8043001294136047,25k,0.596405029296875,1,False,3.6372060775756836,3.53810715675354,4.1927690505981445,3.8953428268432617,2.1971113681793213,2.928391933441162,2.883295774459839,common_voice_available_uk,whole_original_recording,0.008,common_voice_available_uk_fdbb9a5975ea1f367f937a09
25k,4.701500415802002,0.0,0,not_scored_no_time_aligned_reference,3.0,0.2779713273048401,3.0,"[""local_high_frequency_burst"", ""sigmos_overall_below_threshold"", ""sigmos_coloration_below_threshold"", ""audiobox_pq_below_threshold"", ""ecapa_similarity_below_threshold""]",True,2,"[{""start_seconds"": 2.18, ""end_seconds"": 2.2399999999999998}, {""start_seconds"": 2.5700000000000003, ""end_seconds"": 2.6399999999999997}]",33.30656433105469,0.7948365807533264,25k,0.310089111328125,0,False,2.0948667526245117,3.6334311962127686,3.1572868824005127,4.265697479248047,2.4882278442382812,3.5434179306030273,3.050631523132324,fleurs_uk,whole_original_recording,0.0,fleurs_uk_350d3947d45f086529521fa8
25k,4.777805328369141,0.0,0,not_scored_no_time_aligned_reference,3.0,0.26463305950164795,4.5,"[""local_high_frequency_burst"", ""sigmos_overall_below_threshold"", ""sigmos_speech_below_threshold"", ""sigmos_coloration_below_threshold"", ""audiobox_pq_below_threshold"", ""ecapa_similarity_below_threshold""]",True,3,"[{""start_seconds"": 0.6799999999999999, ""end_seconds"": 0.74}, {""start_seconds"": 1.07, ""end_seconds"": 1.14}, {""start_seconds"": 2.6100000000000003, ""end_seconds"": 2.6799999999999997}]",33.30656433105469,0.7948365807533264,25k,0.310089111328125,1,False,1.8940622806549072,3.2738053798675537,2.370941162109375,3.2987890243530273,1.7136132717132568,3.1979498863220215,2.5963175296783447,fleurs_uk,whole_original_recording,1.5,fleurs_uk_350d3947d45f086529521fa8
25k,4.380881309509277,0.0,0,not_scored_no_time_aligned_reference,3.0,0.2532193660736084,6.0,"[""local_high_frequency_burst"", ""sigmos_overall_below_threshold"", ""sigmos_speech_below_threshold"", ""sigmos_coloration_below_threshold"", ""audiobox_pq_below_threshold"", ""ecapa_similarity_below_threshold""]",True,2,"[{""start_seconds"": 1.11, ""end_seconds"": 1.18}, {""start_seconds"": 1.84, ""end_seconds"": 1.99}]",31.64275360107422,0.8221807479858398,25k,0.28741455078125,2,False,2.5873239040374756,3.1401219367980957,2.6954221725463867,3.9146788120269775,2.0134098529815674,3.3197848796844482,2.352154016494751,fleurs_uk,whole_original_recording,3.0,fleurs_uk_350d3947d45f086529521fa8
25k,4.754712104797363,0.0,0,not_scored_no_time_aligned_reference,3.0,0.2018599659204483,7.5,"[""local_high_frequency_burst"", ""sigmos_overall_below_threshold"", ""sigmos_speech_below_threshold"", ""sigmos_coloration_below_threshold"", ""audiobox_pq_below_threshold"", ""ecapa_similarity_below_threshold""]",True,2,"[{""start_seconds"": 0.33999999999999997, ""end_seconds"": 0.49}, {""start_seconds"": 2.0300000000000002, ""end_seconds"": 2.11}]",38.149147033691406,0.8324258923530579,25k,0.262603759765625,3,False,2.338555335998535,4.224921703338623,2.8807213306427,3.9497363567352295,1.8991978168487549,2.970144748687744,2.338036060333252,fleurs_uk,whole_original_recording,4.5,fleurs_uk_350d3947d45f086529521fa8
25k,4.419325351715088,0.0,0,not_scored_no_time_aligned_reference,3.0,0.19539274275302887,7.626666666666667,"[""local_high_frequency_burst"", ""sigmos_overall_below_threshold"", ""sigmos_speech_below_threshold"", ""sigmos_coloration_below_threshold"", ""audiobox_pq_below_threshold"", ""ecapa_similarity_below_threshold""]",True,2,"[{""start_seconds"": 0.21, ""end_seconds"": 0.36}, {""start_seconds"": 1.9, ""end_seconds"": 1.98}]",37.044212341308594,0.8290265202522278,25k,0.262603759765625,4,False,1.988912582397461,4.153112411499023,3.2309045791625977,3.573314905166626,1.9434711933135986,3.6972618103027344,2.3697686195373535,fleurs_uk,whole_original_recording,4.626666666666667,fleurs_uk_350d3947d45f086529521fa8
25k,3.810809373855591,0.0,0,not_scored_no_time_aligned_reference,3.0,0.21163727343082428,3.0,"[""local_high_frequency_burst"", ""sigmos_overall_below_threshold"", ""sigmos_speech_below_threshold"", ""sigmos_coloration_below_threshold"", ""audiobox_pq_below_threshold"", ""ecapa_similarity_below_threshold""]",True,1,"[{""start_seconds"": 2.4200000000000004, ""end_seconds"": 2.4499999999999997}]",33.018035888671875,0.8938831090927124,25k,0.178253173828125,0,False,2.517885684967041,4.16806173324585,3.578517436981201,3.970998764038086,2.2037694454193115,3.1251680850982666,2.472702980041504,fleurs_uk,whole_original_recording,0.0,fleurs_uk_bc037eb72dd327b4cd78664e
25k,4.250505447387695,0.0,0,not_scored_no_time_aligned_reference,3.0,0.26789790391921997,4.5,"[""local_high_frequency_burst"", ""sigmos_overall_below_threshold"", ""sigmos_speech_below_threshold"", ""sigmos_coloration_below_threshold"", ""sigmos_discontinuity_below_threshold"", ""audiobox_pq_below_threshold"", ""ecapa_similarity_below_threshold""]",True,4,"[{""start_seconds"": 0.92, ""end_seconds"": 0.95}, {""start_seconds"": 1.48, ""end_seconds"": 1.54}, {""start_seconds"": 1.88, ""end_seconds"": 1.96}, {""start_seconds"": 2.43, ""end_seconds"": 2.53}]",31.163196563720703,0.8938831090927124,25k,0.178253173828125,1,False,2.2676661014556885,2.603961229324341,3.6936967372894287,3.5029571056365967,1.5917794704437256,3.334834098815918,1.9298601150512695,fleurs_uk,whole_original_recording,1.5,fleurs_uk_bc037eb72dd327b4cd78664e
25k,4.74018669128418,0.0,0,not_scored_no_time_aligned_reference,3.0,0.23635706305503845,6.0,"[""local_high_frequency_burst"", ""sigmos_overall_below_threshold"", ""sigmos_speech_below_threshold"", ""sigmos_coloration_below_threshold"", ""audiobox_pq_below_threshold"", ""ecapa_similarity_below_threshold""]",True,2,"[{""start_seconds"": 0.38, ""end_seconds"": 0.46}, {""start_seconds"": 0.9299999999999999, ""end_seconds"": 1.03}]",29.773983001708984,0.8615006804466248,25k,0.16949462890625,2,False,2.5277414321899414,3.640713691711426,3.238741159439087,3.435246467590332,2.0344290733337402,3.601792335510254,2.661634683609009,fleurs_uk,whole_original_recording,3.0,fleurs_uk_bc037eb72dd327b4cd78664e
25k,4.135436534881592,0.0,0,not_scored_no_time_aligned_reference,3.0,0.23638759553432465,7.5,"[""local_high_frequency_burst"", ""sigmos_overall_below_threshold"", ""sigmos_speech_below_threshold"", ""sigmos_coloration_below_threshold"", ""sigmos_discontinuity_below_threshold"", ""audiobox_pq_below_threshold"", ""ecapa_similarity_below_threshold""]",True,1,"[{""start_seconds"": 2.9200000000000004, ""end_seconds"": 2.9499999999999997}]",24.357070922851562,0.646737277507782,25k,0.165802001953125,3,False,2.9727261066436768,2.234020471572876,3.5937418937683105,3.6396403312683105,1.4158155918121338,2.9030401706695557,1.7200913429260254,fleurs_uk,whole_original_recording,4.5,fleurs_uk_bc037eb72dd327b4cd78664e
25k,3.5373551845550537,0.0,0,not_scored_no_time_aligned_reference,3.0,0.2494610697031021,8.757333333333333,"[""local_high_frequency_burst"", ""sigmos_overall_below_threshold"", ""sigmos_speech_below_threshold"", ""sigmos_coloration_below_threshold"", ""sigmos_discontinuity_below_threshold"", ""audiobox_pq_below_threshold"", ""ecapa_similarity_below_threshold""]",True,3,"[{""start_seconds"": 1.67, ""end_seconds"": 1.69}, {""start_seconds"": 2.2, ""end_seconds"": 2.28}, {""start_seconds"": 2.3600000000000003, ""end_seconds"": 2.4299999999999997}]",33.395050048828125,0.8970613479614258,25k,0.165802001953125,4,False,2.9268808364868164,2.9903831481933594,3.3633010387420654,3.722276449203491,1.619478702545166,3.096877098083496,1.9040610790252686,fleurs_uk,whole_original_recording,5.757333333333333,fleurs_uk_bc037eb72dd327b4cd78664e
25k,4.696207046508789,0.0,0,not_scored_no_time_aligned_reference,3.0,0.2817881107330322,3.0,"[""sigmos_overall_below_threshold"", ""sigmos_speech_below_threshold"", ""sigmos_coloration_below_threshold"", ""audiobox_pq_below_threshold"", ""ecapa_similarity_below_threshold""]",True,0,[],27.714141845703125,0.8757513761520386,25k,0.0528564453125,0,False,2.224187135696411,3.227776050567627,2.9341886043548584,3.8817737102508545,1.8930118083953857,3.903750419616699,2.2691519260406494,fleurs_uk,whole_original_recording,0.0,fleurs_uk_7904a0562b1ddbc92534b1fe
25k,5.628118515014648,0.0,0,not_scored_no_time_aligned_reference,3.0,0.32995229959487915,4.5,"[""sigmos_overall_below_threshold"", ""sigmos_speech_below_threshold"", ""sigmos_coloration_below_threshold"", ""ecapa_similarity_below_threshold""]",True,0,[],22.736770629882812,0.8757513761520386,25k,0.04974365234375,1,False,2.4380171298980713,3.339996814727783,3.030848264694214,3.129319667816162,1.6581923961639404,3.923417568206787,2.1779019832611084,fleurs_uk,whole_original_recording,1.5,fleurs_uk_7904a0562b1ddbc92534b1fe
25k,5.712402820587158,0.0,0,not_scored_no_time_aligned_reference,3.0,0.3234916925430298,6.0,"[""sigmos_overall_below_threshold"", ""sigmos_speech_below_threshold"", ""sigmos_coloration_below_threshold"", ""sigmos_discontinuity_below_threshold"", ""ecapa_similarity_below_threshold""]",True,0,[],29.15398406982422,0.8665775656700134,25k,0.052337646484375,2,False,2.6484627723693848,2.947826862335205,2.508793354034424,3.2890872955322266,1.6891205310821533,3.7690927982330322,1.9454100131988525,fleurs_uk,whole_original_recording,3.0,fleurs_uk_7904a0562b1ddbc92534b1fe
25k,5.593768119812012,0.0,0,not_scored_no_time_aligned_reference,3.0,0.2866673767566681,7.5,"[""sigmos_overall_below_threshold"", ""sigmos_speech_below_threshold"", ""sigmos_coloration_below_threshold"", ""ecapa_similarity_below_threshold""]",True,0,[],29.46819305419922,0.8998134136199951,25k,0.053863525390625,3,False,2.4986321926116943,3.3614022731781006,2.929577350616455,3.321040391921997,1.9835050106048584,3.492828130722046,2.7606873512268066,fleurs_uk,whole_original_recording,4.5,fleurs_uk_7904a0562b1ddbc92534b1fe
25k,5.146933078765869,0.0,0,not_scored_no_time_aligned_reference,3.0,0.26327797770500183,9.0,"[""sigmos_overall_below_threshold"", ""sigmos_speech_below_threshold"", ""sigmos_coloration_below_threshold"", ""sigmos_discontinuity_below_threshold"", ""ecapa_similarity_below_threshold""]",True,0,[],23.89239501953125,0.8998134136199951,25k,0.053863525390625,4,False,1.9149293899536133,2.235368013381958,1.8894517421722412,3.3432958126068115,1.1365916728973389,3.7347400188446045,1.345635175704956,fleurs_uk,whole_original_recording,6.0,fleurs_uk_7904a0562b1ddbc92534b1fe
25k,4.516883850097656,0.0,0,not_scored_no_time_aligned_reference,3.0,0.2781740427017212,10.5,"[""sigmos_overall_below_threshold"", ""sigmos_speech_below_threshold"", ""sigmos_coloration_below_threshold"", ""audiobox_pq_below_threshold"", ""ecapa_similarity_below_threshold""]",True,0,[],27.449756622314453,0.8824100494384766,25k,0.047698974609375,5,False,2.968801736831665,3.006986141204834,2.45076847076416,3.1898984909057617,1.5118465423583984,3.032846450805664,1.8972477912902832,fleurs_uk,whole_original_recording,7.5,fleurs_uk_7904a0562b1ddbc92534b1fe
25k,4.7690863609313965,0.0,0,not_scored_no_time_aligned_reference,3.0,0.2151644080877304,11.626666666666667,"[""sigmos_overall_below_threshold"", ""sigmos_speech_below_threshold"", ""sigmos_coloration_below_threshold"", ""audiobox_pq_below_threshold"", ""ecapa_similarity_below_threshold""]",True,0,[],27.89398193359375,0.8740585446357727,25k,0.0494384765625,6,False,2.6762821674346924,3.112973928451538,2.892064332962036,3.5599262714385986,1.711303949356079,3.342053174972534,2.119507312774658,fleurs_uk,whole_original_recording,8.626666666666667,fleurs_uk_7904a0562b1ddbc92534b1fe
25k,4.028016090393066,0.0,0,not_scored_no_time_aligned_reference,3.0,0.1842055320739746,3.0,"[""local_high_frequency_burst"", ""sigmos_overall_below_threshold"", ""sigmos_speech_below_threshold"", ""sigmos_coloration_below_threshold"", ""sigmos_discontinuity_below_threshold"", ""audiobox_pq_below_threshold"", ""ecapa_similarity_below_threshold""]",True,2,"[{""start_seconds"": 0.77, ""end_seconds"": 0.86}, {""start_seconds"": 0.9299999999999999, ""end_seconds"": 1.0}]",24.624706268310547,0.9024218916893005,25k,0.2137451171875,0,False,2.130463123321533,2.4444656372070312,3.320645570755005,3.1635446548461914,1.7157225608825684,2.6814327239990234,2.1001791954040527,fleurs_uk,whole_original_recording,0.0,fleurs_uk_ac4c585497c3180ca5d0edae
25k,4.646883964538574,0.0,0,not_scored_no_time_aligned_reference,3.0,0.2303713709115982,4.5,"[""local_high_frequency_burst"", ""sigmos_overall_below_threshold"", ""sigmos_speech_below_threshold"", ""sigmos_coloration_below_threshold"", ""sigmos_discontinuity_below_threshold"", ""audiobox_pq_below_threshold"", ""ecapa_similarity_below_threshold""]",True,2,"[{""start_seconds"": 1.4, ""end_seconds"": 1.43}, {""start_seconds"": 2.9000000000000004, ""end_seconds"": 2.98}]",19.660385131835938,0.8700270056724548,25k,0.2137451171875,1,False,2.0318524837493896,1.748683214187622,3.5274124145507812,3.2901556491851807,1.2197027206420898,2.2060329914093018,1.371072769165039,fleurs_uk,whole_original_recording,1.5,fleurs_uk_ac4c585497c3180ca5d0edae
25k,4.746438980102539,0.0,0,not_scored_no_time_aligned_reference,3.0,0.21838034689426422,6.0,"[""local_high_frequency_burst"", ""sigmos_overall_below_threshold"", ""sigmos_speech_below_threshold"", ""sigmos_coloration_below_threshold"", ""sigmos_discontinuity_below_threshold"", ""audiobox_pq_below_threshold"", ""ecapa_similarity_below_threshold""]",True,1,"[{""start_seconds"": 1.4, ""end_seconds"": 1.49}]",23.477027893066406,0.8700270056724548,25k,0.24041748046875,2,False,2.644746780395508,2.04937744140625,3.4781458377838135,3.689995527267456,1.6861083507537842,3.312185287475586,1.8948523998260498,fleurs_uk,whole_original_recording,3.0,fleurs_uk_ac4c585497c3180ca5d0edae
25k,4.715023040771484,0.0,0,not_scored_no_time_aligned_reference,3.0,0.2067195326089859,7.5,"[""local_high_frequency_burst"", ""sigmos_overall_below_threshold"", ""sigmos_speech_below_threshold"", ""sigmos_coloration_below_threshold"", ""audiobox_pq_below_threshold"", ""ecapa_similarity_below_threshold""]",True,1,"[{""start_seconds"": 1.73, ""end_seconds"": 1.83}]",25.766494750976562,0.9148092865943909,25k,0.24041748046875,3,False,1.7151775360107422,3.365293502807617,3.816502809524536,4.040348052978516,1.4290616512298584,3.138814687728882,1.6068618297576904,fleurs_uk,whole_original_recording,4.5,fleurs_uk_ac4c585497c3180ca5d0edae
25k,4.2400054931640625,0.0,0,not_scored_no_time_aligned_reference,3.0,0.24232341349124908,9.0,"[""local_high_frequency_burst"", ""sigmos_overall_below_threshold"", ""sigmos_speech_below_threshold"", ""sigmos_coloration_below_threshold"", ""audiobox_pq_below_threshold"", ""ecapa_similarity_below_threshold""]",True,1,"[{""start_seconds"": 0.22999999999999998, ""end_seconds"": 0.33}]",26.549270629882812,0.9148092865943909,25k,0.230316162109375,4,False,2.04656982421875,3.4045581817626953,3.3280177116394043,3.3622448444366455,1.3522696495056152,2.4061179161071777,1.5585384368896484,fleurs_uk,whole_original_recording,6.0,fleurs_uk_ac4c585497c3180ca5d0edae
25k,4.393075942993164,0.0,0,not_scored_no_time_aligned_reference,3.0,0.20385392010211945,10.5,"[""local_high_frequency_burst"", ""sigmos_overall_below_threshold"", ""sigmos_speech_below_threshold"", ""sigmos_coloration_below_threshold"", ""sigmos_discontinuity_below_threshold"", ""audiobox_pq_below_threshold"", ""ecapa_similarity_below_threshold""]",True,1,"[{""start_seconds"": 2.68, ""end_seconds"": 2.8}]",27.18360137939453,0.8596503138542175,25k,0.231414794921875,5,False,1.828636884689331,2.0984246730804443,3.2796125411987305,3.7086734771728516,1.0659432411193848,2.9460530281066895,1.0803968906402588,fleurs_uk,whole_original_recording,7.5,fleurs_uk_ac4c585497c3180ca5d0edae
25k,4.056295871734619,0.0,0,not_scored_no_time_aligned_reference,3.0,0.19201794266700745,12.0,"[""local_high_frequency_burst"", ""sigmos_overall_below_threshold"", ""sigmos_speech_below_threshold"", ""sigmos_coloration_below_threshold"", ""audiobox_pq_below_threshold"", ""ecapa_similarity_below_threshold""]",True,2,"[{""start_seconds"": 1.18, ""end_seconds"": 1.3}, {""start_seconds"": 1.61, ""end_seconds"": 1.7}]",27.675552368164062,0.8596503138542175,25k,0.242950439453125,6,False,2.0550296306610107,3.3967204093933105,2.9774980545043945,3.6610894203186035,1.3267614841461182,3.146667957305908,1.723283290863037,fleurs_uk,whole_original_recording,9.0,fleurs_uk_ac4c585497c3180ca5d0edae
25k,5.031402587890625,0.0,0,not_scored_no_time_aligned_reference,3.0,0.1953677535057068,13.5,"[""local_high_frequency_burst"", ""sigmos_overall_below_threshold"", ""sigmos_speech_below_threshold"", ""sigmos_coloration_below_threshold"", ""ecapa_similarity_below_threshold""]",True,2,"[{""start_seconds"": 0.11, ""end_seconds"": 0.2}, {""start_seconds"": 2.06, ""end_seconds"": 2.09}]",34.45878219604492,0.8383381366729736,25k,0.242950439453125,7,False,2.1614980697631836,3.357245922088623,3.9406116008758545,3.8809854984283447,1.4153714179992676,2.902009963989258,1.8129372596740723,fleurs_uk,whole_original_recording,10.5,fleurs_uk_ac4c585497c3180ca5d0edae
25k,4.494961261749268,0.0,0,not_scored_no_time_aligned_reference,3.0,0.2100328803062439,14.848,"[""local_high_frequency_burst"", ""sigmos_overall_below_threshold"", ""sigmos_speech_below_threshold"", ""sigmos_coloration_below_threshold"", ""audiobox_pq_below_threshold"", ""ecapa_similarity_below_threshold""]",True,1,"[{""start_seconds"": 0.72, ""end_seconds"": 0.74}]",27.543235778808594,0.5675244927406311,25k,0.240447998046875,8,False,2.267371416091919,3.408374071121216,3.3759493827819824,3.454805850982666,1.287262201309204,3.254535675048828,1.4744727611541748,fleurs_uk,whole_original_recording,11.848,fleurs_uk_ac4c585497c3180ca5d0edae
25k,5.561474323272705,0.0,0,not_scored_no_time_aligned_reference,3.0,0.29514971375465393,3.0,"[""sigmos_overall_below_threshold"", ""sigmos_speech_below_threshold"", ""sigmos_coloration_below_threshold"", ""sigmos_discontinuity_below_threshold"", ""ecapa_similarity_below_threshold""]",True,0,[],35.861793518066406,0.8751539587974548,25k,0.060211181640625,0,False,2.4760043621063232,2.771378517150879,3.4084503650665283,3.917212724685669,1.9621140956878662,3.7152066230773926,2.390707492828369,fleurs_uk,whole_original_recording,0.0,fleurs_uk_225ede107a48491a57745bb8
25k,5.56611442565918,0.0,0,not_scored_no_time_aligned_reference,3.0,0.2863990366458893,4.5,"[""sigmos_overall_below_threshold"", ""sigmos_speech_below_threshold"", ""sigmos_coloration_below_threshold"", ""ecapa_similarity_below_threshold""]",True,0,[],35.772850036621094,0.6537556052207947,25k,0.060211181640625,1,False,2.395242214202881,3.5888309478759766,2.571025848388672,3.789463758468628,1.5803916454315186,3.3818564414978027,2.457949161529541,fleurs_uk,whole_original_recording,1.5,fleurs_uk_225ede107a48491a57745bb8
25k,5.0030012130737305,0.0,0,not_scored_no_time_aligned_reference,3.0,0.24171309173107147,6.0,"[""sigmos_overall_below_threshold"", ""sigmos_speech_below_threshold"", ""sigmos_coloration_below_threshold"", ""ecapa_similarity_below_threshold""]",True,0,[],37.264827728271484,0.8819313049316406,25k,0.06951904296875,2,False,2.5619351863861084,3.13948392868042,2.9363961219787598,3.026322364807129,1.7647500038146973,3.6315691471099854,2.7544362545013428,fleurs_uk,whole_original_recording,3.0,fleurs_uk_225ede107a48491a57745bb8
25k,5.333760738372803,0.0,0,not_scored_no_time_aligned_reference,3.0,0.29503554105758667,7.5,"[""sigmos_overall_below_threshold"", ""sigmos_speech_below_threshold"", ""sigmos_coloration_below_threshold"", ""sigmos_discontinuity_below_threshold"", ""ecapa_similarity_below_threshold""]",True,0,[],25.772132873535156,0.8819313049316406,25k,0.06951904296875,3,False,2.043738842010498,2.7668986320495605,2.5465312004089355,3.351341485977173,1.5835645198822021,3.6749775409698486,2.3207921981811523,fleurs_uk,whole_original_recording,4.5,fleurs_uk_225ede107a48491a57745bb8
25k,5.660277366638184,0.0,0,not_scored_no_time_aligned_reference,3.0,0.265863835811615,9.0,"[""sigmos_overall_below_threshold"", ""sigmos_speech_below_threshold"", ""sigmos_coloration_below_threshold"", ""ecapa_similarity_below_threshold""]",True,0,[],27.281227111816406,0.5212386846542358,25k,0.054443359375,4,False,2.6534273624420166,3.06268310546875,3.135465145111084,3.341538906097412,1.8594167232513428,3.7842183113098145,2.1313421726226807,fleurs_uk,whole_original_recording,6.0,fleurs_uk_225ede107a48491a57745bb8
25k,4.894383907318115,0.0,0,not_scored_no_time_aligned_reference,3.0,0.2777075171470642,10.5,"[""sigmos_overall_below_threshold"", ""sigmos_speech_below_threshold"", ""sigmos_coloration_below_threshold"", ""audiobox_pq_below_threshold"", ""ecapa_similarity_below_threshold""]",True,0,[],25.430625915527344,0.5212388038635254,25k,0.054443359375,5,False,2.2735753059387207,3.417607307434082,3.325547933578491,3.884881019592285,1.978562831878662,3.865892171859741,2.1899795532226562,fleurs_uk,whole_original_recording,7.5,fleurs_uk_225ede107a48491a57745bb8
25k,4.423253059387207,0.0,0,not_scored_no_time_aligned_reference,3.0,0.3001745939254761,12.0,"[""sigmos_overall_below_threshold"", ""sigmos_speech_below_threshold"", ""sigmos_coloration_below_threshold"", ""audiobox_pq_below_threshold"", ""ecapa_similarity_below_threshold""]",True,0,[],25.381065368652344,0.8982607126235962,25k,0.051055908203125,6,False,2.2782959938049316,3.5163090229034424,3.905776023864746,3.780561923980713,2.0235679149627686,3.257859945297241,2.6838228702545166,fleurs_uk,whole_original_recording,9.0,fleurs_uk_225ede107a48491a57745bb8
25k,4.380350589752197,0.0,0,not_scored_no_time_aligned_reference,3.0,0.28504854440689087,12.288,"[""sigmos_overall_below_threshold"", ""sigmos_speech_below_threshold"", ""sigmos_coloration_below_threshold"", ""sigmos_discontinuity_below_threshold"", ""audiobox_pq_below_threshold"", ""ecapa_similarity_below_threshold""]",True,0,[],25.297561645507812,0.8802889585494995,25k,0.051055908203125,7,False,2.7128548622131348,2.6062612533569336,2.833080530166626,3.9705400466918945,1.3063194751739502,3.2223682403564453,1.688535451889038,fleurs_uk,whole_original_recording,9.288,fleurs_uk_225ede107a48491a57745bb8
25k,4.210849285125732,0.0,0,not_scored_no_time_aligned_reference,3.0,0.16235469281673431,3.0,"[""local_high_frequency_burst"", ""sigmos_overall_below_threshold"", ""sigmos_speech_below_threshold"", ""sigmos_coloration_below_threshold"", ""audiobox_pq_below_threshold"", ""ecapa_similarity_below_threshold""]",True,5,"[{""start_seconds"": 0.27, ""end_seconds"": 0.39}, {""start_seconds"": 0.52, ""end_seconds"": 0.62}, {""start_seconds"": 1.24, ""end_seconds"": 1.34}, {""start_seconds"": 1.55, ""end_seconds"": 1.62}, {""start_seconds"": 1.81, ""end_seconds"": 1.8800000000000001}]",36.1910400390625,0.8228369355201721,25k,0.635467529296875,0,False,2.999323844909668,3.8344497680664062,3.2420437335968018,3.964409589767456,2.461355447769165,4.1349921226501465,2.6195709705352783,fleurs_uk,whole_original_recording,0.0,fleurs_uk_86eeeca26010ecd282f2be86
25k,4.282440185546875,0.0,0,not_scored_no_time_aligned_reference,3.0,0.26125478744506836,4.5,"[""local_high_frequency_burst"", ""sigmos_overall_below_threshold"", ""sigmos_coloration_below_threshold"", ""audiobox_pq_below_threshold"", ""ecapa_similarity_below_threshold""]",True,5,"[{""start_seconds"": 0.049999999999999996, ""end_seconds"": 0.12}, {""start_seconds"": 0.31, ""end_seconds"": 0.38}, {""start_seconds"": 1.75, ""end_seconds"": 1.81}, {""start_seconds"": 2.52, ""end_seconds"": 2.5999999999999996}, {""start_seconds"": 2.7600000000000002, ""end_seconds"": 2.8099999999999996}]",31.030479431152344,0.78769850730896,25k,0.585723876953125,1,False,2.959259510040283,3.3279662132263184,3.103733539581299,3.6527326107025146,2.709277868270874,3.1883139610290527,3.101452589035034,fleurs_uk,whole_original_recording,1.5,fleurs_uk_86eeeca26010ecd282f2be86
25k,3.5355002880096436,0.0,0,not_scored_no_time_aligned_reference,3.0,0.2892356216907501,6.0,"[""local_high_frequency_burst"", ""sigmos_overall_below_threshold"", ""sigmos_speech_below_threshold"", ""audiobox_pq_below_threshold"", ""ecapa_similarity_below_threshold""]",True,5,"[{""start_seconds"": 0.25, ""end_seconds"": 0.31}, {""start_seconds"": 1.02, ""end_seconds"": 1.1}, {""start_seconds"": 1.26, ""end_seconds"": 1.31}, {""start_seconds"": 1.64, ""end_seconds"": 1.72}, {""start_seconds"": 2.33, ""end_seconds"": 2.4699999999999998}]",33.874908447265625,0.78769850730896,25k,0.6614990234375,2,False,3.360215187072754,3.400519371032715,3.146195888519287,3.8674097061157227,2.576169729232788,2.9605727195739746,2.818535566329956,fleurs_uk,whole_original_recording,3.0,fleurs_uk_86eeeca26010ecd282f2be86
25k,3.5940332412719727,0.0,0,not_scored_no_time_aligned_reference,3.0,0.20536969602108002,7.5,"[""local_high_frequency_burst"", ""sigmos_overall_below_threshold"", ""sigmos_speech_below_threshold"", ""audiobox_pq_below_threshold"", ""ecapa_similarity_below_threshold""]",True,2,"[{""start_seconds"": 0.13999999999999999, ""end_seconds"": 0.22}, {""start_seconds"": 0.83, ""end_seconds"": 0.97}]",36.200157165527344,0.7571104764938354,25k,0.6614990234375,3,False,3.2970070838928223,3.7072837352752686,3.1396517753601074,3.889528274536133,2.429767608642578,3.0272867679595947,2.655916929244995,fleurs_uk,whole_original_recording,4.5,fleurs_uk_86eeeca26010ecd282f2be86
25k,3.8532180786132812,0.0,0,not_scored_no_time_aligned_reference,3.0,0.1807814985513687,8.053333333333333,"[""local_high_frequency_burst"", ""sigmos_overall_below_threshold"", ""sigmos_speech_below_threshold"", ""sigmos_coloration_below_threshold"", ""audiobox_pq_below_threshold"", ""ecapa_similarity_below_threshold""]",True,3,"[{""start_seconds"": 0.27999999999999997, ""end_seconds"": 0.41000000000000003}, {""start_seconds"": 2.35, ""end_seconds"": 2.44}, {""start_seconds"": 2.6700000000000004, ""end_seconds"": 2.7199999999999998}]",32.52701950073242,0.7655368447303772,25k,0.58917236328125,4,False,2.406862735748291,3.9472336769104004,2.6286988258361816,3.5843377113342285,2.102881908416748,3.3851864337921143,2.5505082607269287,fleurs_uk,whole_original_recording,5.053333333333334,fleurs_uk_86eeeca26010ecd282f2be86
25k,4.707395076751709,0.0,0,not_scored_no_time_aligned_reference,3.0,0.32502174377441406,3.0,"[""local_high_frequency_burst"", ""sigmos_overall_below_threshold"", ""sigmos_speech_below_threshold"", ""sigmos_coloration_below_threshold"", ""sigmos_discontinuity_below_threshold"", ""audiobox_pq_below_threshold"", ""ecapa_similarity_below_threshold""]",True,2,"[{""start_seconds"": 0.47, ""end_seconds"": 0.49}, {""start_seconds"": 2.6700000000000004, ""end_seconds"": 2.73}]",32.413944244384766,0.902741014957428,25k,0.065765380859375,0,False,2.671250104904175,2.428340435028076,3.0991997718811035,3.4475631713867188,1.5295352935791016,3.156907320022583,1.9584128856658936,fleurs_uk,whole_original_recording,0.0,fleurs_uk_425f732c83e777999a23f231
25k,4.710862159729004,0.0,0,not_scored_no_time_aligned_reference,3.0,0.27186793088912964,4.5,"[""local_high_frequency_burst"", ""sigmos_overall_below_threshold"", ""sigmos_speech_below_threshold"", ""sigmos_coloration_below_threshold"", ""audiobox_pq_below_threshold"", ""ecapa_similarity_below_threshold""]",True,1,"[{""start_seconds"": 1.17, ""end_seconds"": 1.23}]",30.968116760253906,0.902741014957428,25k,0.085662841796875,1,False,2.759561061859131,3.061643600463867,2.8894245624542236,3.757209300994873,1.9947900772094727,3.5311317443847656,2.7118499279022217,fleurs_uk,whole_original_recording,1.5,fleurs_uk_425f732c83e777999a23f231
25k,5.1844801902771,0.0,0,not_scored_no_time_aligned_reference,3.0,0.24782109260559082,6.0,"[""sigmos_overall_below_threshold"", ""sigmos_speech_below_threshold"", ""sigmos_coloration_below_threshold"", ""sigmos_discontinuity_below_threshold"", ""ecapa_similarity_below_threshold""]",True,0,[],30.777931213378906,0.8523047566413879,25k,0.085662841796875,2,False,2.8496651649475098,2.8918869495391846,3.554823160171509,3.5005476474761963,1.8846216201782227,3.3711764812469482,2.2455122470855713,fleurs_uk,whole_original_recording,3.0,fleurs_uk_425f732c83e777999a23f231
25k,5.113679885864258,0.0,0,not_scored_no_time_aligned_reference,3.0,0.21621862053871155,7.5,"[""local_high_frequency_burst"", ""sigmos_overall_below_threshold"", ""sigmos_speech_below_threshold"", ""sigmos_coloration_below_threshold"", ""ecapa_similarity_below_threshold""]",True,3,"[{""start_seconds"": 1.52, ""end_seconds"": 1.62}, {""start_seconds"": 2.0900000000000003, ""end_seconds"": 2.17}, {""start_seconds"": 2.89, ""end_seconds"": 2.9299999999999997}]",31.233802795410156,0.9161345958709717,25k,0.0819091796875,3,False,1.9869937896728516,3.652924060821533,3.5075602531433105,4.221261024475098,1.9162845611572266,3.0006115436553955,2.5833373069763184,fleurs_uk,whole_original_recording,4.5,fleurs_uk_425f732c83e777999a23f231
25k,4.356114864349365,0.0,0,not_scored_no_time_aligned_reference,3.0,0.20178301632404327,9.0,"[""local_high_frequency_burst"", ""sigmos_overall_below_threshold"", ""sigmos_speech_below_threshold"", ""sigmos_coloration_below_threshold"", ""audiobox_pq_below_threshold"", ""ecapa_similarity_below_threshold""]",True,6,"[{""start_seconds"": 0.03, ""end_seconds"": 0.12}, {""start_seconds"": 0.59, ""end_seconds"": 0.67}, {""start_seconds"": 1.39, ""end_seconds"": 1.43}, {""start_seconds"": 1.95, ""end_seconds"": 2.03}, {""start_seconds"": 2.41, ""end_seconds"": 2.51}, {""start_seconds"": 2.64, ""end_seconds"": 2.7399999999999998}]",31.233802795410156,0.9161345958709717,25k,0.066253662109375,4,False,1.8247747421264648,3.9962921142578125,2.7963430881500244,4.226620674133301,1.664201259613037,3.0056490898132324,2.7300384044647217,fleurs_uk,whole_original_recording,6.0,fleurs_uk_425f732c83e777999a23f231
25k,4.76152229309082,0.0,0,not_scored_no_time_aligned_reference,3.0,0.17149506509304047,9.984,"[""local_high_frequency_burst"", ""sigmos_overall_below_threshold"", ""sigmos_speech_below_threshold"", ""sigmos_coloration_below_threshold"", ""audiobox_pq_below_threshold"", ""ecapa_similarity_below_threshold""]",True,5,"[{""start_seconds"": 0.39999999999999997, ""end_seconds"": 0.44}, {""start_seconds"": 0.97, ""end_seconds"": 1.04}, {""start_seconds"": 1.43, ""end_seconds"": 1.52}, {""start_seconds"": 1.66, ""end_seconds"": 1.75}, {""start_seconds"": 2.12, ""end_seconds"": 2.15}]",31.991947174072266,0.9173312783241272,25k,0.091644287109375,5,False,2.4069361686706543,3.644557237625122,2.9903080463409424,3.624063730239868,2.0366156101226807,3.5575110912323,2.402574300765991,fleurs_uk,whole_original_recording,6.984,fleurs_uk_425f732c83e777999a23f231
25k,4.522409439086914,0.0,0,not_scored_no_time_aligned_reference,3.0,0.27640461921691895,3.0,"[""sigmos_overall_below_threshold"", ""sigmos_speech_below_threshold"", ""sigmos_coloration_below_threshold"", ""audiobox_pq_below_threshold"", ""ecapa_similarity_below_threshold""]",True,0,[],45.90908432006836,0.8938754796981812,25k,0.1175537109375,0,False,2.241835594177246,3.201428174972534,3.111863613128662,3.591775417327881,1.9351153373718262,3.6027722358703613,2.535147190093994,fleurs_uk,whole_original_recording,0.0,fleurs_uk_ce9eb2666cb7cc32803ed074
25k,4.580319881439209,0.0,0,not_scored_no_time_aligned_reference,3.0,0.27680444717407227,4.5,"[""sigmos_overall_below_threshold"", ""sigmos_speech_below_threshold"", ""sigmos_coloration_below_threshold"", ""audiobox_pq_below_threshold"", ""ecapa_similarity_below_threshold""]",True,0,[],26.243309020996094,0.8938754796981812,25k,0.08721923828125,1,False,1.8589541912078857,3.163792371749878,3.331188440322876,3.8987982273101807,1.644606113433838,3.138232469558716,2.1197309494018555,fleurs_uk,whole_original_recording,1.5,fleurs_uk_ce9eb2666cb7cc32803ed074
25k,5.577209949493408,0.0,0,not_scored_no_time_aligned_reference,3.0,0.2877426743507385,6.0,"[""sigmos_overall_below_threshold"", ""sigmos_speech_below_threshold"", ""sigmos_coloration_below_threshold"", ""sigmos_discontinuity_below_threshold"", ""ecapa_similarity_below_threshold""]",True,0,[],26.443668365478516,0.8358635306358337,25k,0.06109619140625,2,False,2.1316001415252686,2.849123477935791,2.786032199859619,3.7805471420288086,1.698972225189209,3.4223968982696533,2.1016886234283447,fleurs_uk,whole_original_recording,3.0,fleurs_uk_ce9eb2666cb7cc32803ed074
25k,5.475275993347168,0.0,0,not_scored_no_time_aligned_reference,3.0,0.23174165189266205,7.5,"[""sigmos_overall_below_threshold"", ""sigmos_speech_below_threshold"", ""sigmos_coloration_below_threshold"", ""sigmos_discontinuity_below_threshold"", ""ecapa_similarity_below_threshold""]",True,0,[],32.705322265625,0.8358635306358337,25k,0.0655517578125,3,False,2.1644742488861084,1.8128080368041992,3.559194326400757,4.301942825317383,1.5389962196350098,3.3583052158355713,1.9633398056030273,fleurs_uk,whole_original_recording,4.5,fleurs_uk_ce9eb2666cb7cc32803ed074
25k,5.069250583648682,0.0,0,not_scored_no_time_aligned_reference,3.0,0.21465574204921722,8.725333333333333,"[""sigmos_overall_below_threshold"", ""sigmos_speech_below_threshold"", ""sigmos_coloration_below_threshold"", ""ecapa_similarity_below_threshold""]",True,0,[],29.863628387451172,0.8812658786773682,25k,0.0655517578125,4,False,2.374140739440918,3.631967782974243,3.59096622467041,3.986039161682129,1.993394374847412,3.1778244972229004,2.3954343795776367,fleurs_uk,whole_original_recording,5.725333333333333,fleurs_uk_ce9eb2666cb7cc32803ed074
25k,5.43730354309082,0.0,0,not_scored_no_time_aligned_reference,3.0,0.2833887040615082,3.0,"[""local_high_frequency_burst"", ""sigmos_overall_below_threshold"", ""sigmos_speech_below_threshold"", ""sigmos_coloration_below_threshold"", ""ecapa_similarity_below_threshold""]",True,2,"[{""start_seconds"": 0.31, ""end_seconds"": 0.33}, {""start_seconds"": 0.69, ""end_seconds"": 0.71}]",29.208999633789062,0.911544680595398,25k,0.076995849609375,0,False,2.119293689727783,3.417576789855957,2.4731950759887695,3.188755989074707,1.8217990398406982,3.763030529022217,2.216972827911377,fleurs_uk,whole_original_recording,0.0,fleurs_uk_f4828dcb8786670103766b29
25k,7.022039413452148,0.0,0,not_scored_no_time_aligned_reference,3.0,0.20685048401355743,4.5,"[""local_high_frequency_burst"", ""sigmos_overall_below_threshold"", ""sigmos_speech_below_threshold"", ""sigmos_coloration_below_threshold"", ""ecapa_similarity_below_threshold""]",True,1,"[{""start_seconds"": 2.1700000000000004, ""end_seconds"": 2.1999999999999997}]",28.07534408569336,0.5798711180686951,25k,0.067047119140625,1,False,2.422044277191162,3.372821092605591,2.2828643321990967,3.5705156326293945,1.5793819427490234,3.235309600830078,1.8386592864990234,fleurs_uk,whole_original_recording,1.5,fleurs_uk_f4828dcb8786670103766b29
25k,6.123737812042236,0.0,0,not_scored_no_time_aligned_reference,3.0,0.25777170062065125,6.0,"[""local_high_frequency_burst"", ""sigmos_overall_below_threshold"", ""sigmos_speech_below_threshold"", ""sigmos_coloration_below_threshold"", ""ecapa_similarity_below_threshold""]",True,1,"[{""start_seconds"": 0.67, ""end_seconds"": 0.7}]",27.19943618774414,0.5798711180686951,25k,0.09173583984375,2,False,2.7662341594696045,3.393012762069702,2.368143081665039,4.135148048400879,1.739654302597046,3.75388240814209,2.4172539710998535,fleurs_uk,whole_original_recording,3.0,fleurs_uk_f4828dcb8786670103766b29
25k,5.7973127365112305,0.0,0,not_scored_no_time_aligned_reference,3.0,0.30802473425865173,6.794666666666667,"[""sigmos_overall_below_threshold"", ""sigmos_speech_below_threshold"", ""sigmos_coloration_below_threshold"", ""ecapa_similarity_below_threshold""]",True,0,[],28.66051483154297,0.5904313325881958,25k,0.09173583984375,3,False,2.902804136276245,3.3854966163635254,3.160919427871704,4.012069225311279,2.000358819961548,3.568793296813965,2.4121928215026855,fleurs_uk,whole_original_recording,3.7946666666666666,fleurs_uk_f4828dcb8786670103766b29
25k,4.671577453613281,0.0,0,not_scored_no_time_aligned_reference,3.0,0.31516316533088684,3.0,"[""sigmos_overall_below_threshold"", ""sigmos_speech_below_threshold"", ""sigmos_coloration_below_threshold"", ""audiobox_pq_below_threshold"", ""ecapa_similarity_below_threshold""]",True,0,[],26.638519287109375,0.8716816902160645,25k,0.066314697265625,0,False,2.4762203693389893,3.2431907653808594,2.6444783210754395,3.7241320610046387,1.5661609172821045,3.6471107006073,1.9370322227478027,fleurs_uk,whole_original_recording,0.0,fleurs_uk_780f47de1ad7de01b058a990
25k,4.7805891036987305,0.0,0,not_scored_no_time_aligned_reference,3.0,0.3320237696170807,4.5,"[""sigmos_overall_below_threshold"", ""sigmos_speech_below_threshold"", ""sigmos_coloration_below_threshold"", ""audiobox_pq_below_threshold"", ""ecapa_similarity_below_threshold""]",True,0,[],31.37234878540039,0.9154663681983948,25k,0.066314697265625,1,False,1.0759117603302002,3.0679619312286377,2.3207859992980957,4.003497123718262,1.0690443515777588,3.905670404434204,1.0880825519561768,fleurs_uk,whole_original_recording,1.5,fleurs_uk_780f47de1ad7de01b058a990
25k,4.745316982269287,0.0,0,not_scored_no_time_aligned_reference,3.0,0.30513209104537964,6.0,"[""sigmos_overall_below_threshold"", ""sigmos_speech_below_threshold"", ""sigmos_coloration_below_threshold"", ""audiobox_pq_below_threshold"", ""ecapa_similarity_below_threshold""]",True,0,[],31.37234878540039,0.9154663681983948,25k,0.0545654296875,2,False,2.2990996837615967,3.3024673461914062,2.447810173034668,3.9831833839416504,1.6505072116851807,4.2359514236450195,1.965669870376587,fleurs_uk,whole_original_recording,3.0,fleurs_uk_780f47de1ad7de01b058a990
25k,5.869580268859863,0.0,0,not_scored_no_time_aligned_reference,3.0,0.3095191419124603,7.5,"[""local_high_frequency_burst"", ""sigmos_overall_below_threshold"", ""sigmos_speech_below_threshold"", ""sigmos_coloration_below_threshold"", ""ecapa_similarity_below_threshold""]",True,3,"[{""start_seconds"": 1.68, ""end_seconds"": 1.7}, {""start_seconds"": 2.14, ""end_seconds"": 2.1999999999999997}, {""start_seconds"": 2.6500000000000004, ""end_seconds"": 2.6799999999999997}]",31.92070770263672,0.9094248414039612,25k,0.062255859375,3,False,2.567753553390503,3.1836037635803223,3.103097915649414,3.4217567443847656,2.072624683380127,3.3583333492279053,2.866307258605957,fleurs_uk,whole_original_recording,4.5,fleurs_uk_780f47de1ad7de01b058a990
25k,5.883437156677246,0.0,0,not_scored_no_time_aligned_reference,3.0,0.31893986463546753,9.0,"[""local_high_frequency_burst"", ""sigmos_overall_below_threshold"", ""sigmos_speech_below_threshold"", ""sigmos_coloration_below_threshold"", ""ecapa_similarity_below_threshold""]",True,5,"[{""start_seconds"": 0.18, ""end_seconds"": 0.2}, {""start_seconds"": 0.64, ""end_seconds"": 0.7}, {""start_seconds"": 1.15, ""end_seconds"": 1.18}, {""start_seconds"": 2.5100000000000002, ""end_seconds"": 2.5599999999999996}, {""start_seconds"": 2.79, ""end_seconds"": 2.8099999999999996}]",34.35912322998047,0.9226470589637756,25k,0.062255859375,4,False,2.4129104614257812,3.4146580696105957,2.8646585941314697,3.890645980834961,1.899348497390747,2.982095241546631,2.8851847648620605,fleurs_uk,whole_original_recording,6.0,fleurs_uk_780f47de1ad7de01b058a990
25k,5.352102279663086,0.0,0,not_scored_no_time_aligned_reference,3.0,0.290329247713089,10.176,"[""local_high_frequency_burst"", ""sigmos_overall_below_threshold"", ""sigmos_speech_below_threshold"", ""sigmos_coloration_below_threshold"", ""sigmos_discontinuity_below_threshold"", ""ecapa_similarity_below_threshold""]",True,3,"[{""start_seconds"": 1.33, ""end_seconds"": 1.35}, {""start_seconds"": 1.3699999999999999, ""end_seconds"": 1.39}, {""start_seconds"": 1.61, ""end_seconds"": 1.64}]",31.713970184326172,0.9146206974983215,25k,0.058563232421875,5,False,2.153108835220337,2.413787841796875,2.885831117630005,3.773383617401123,1.200667381286621,3.4086711406707764,1.3552665710449219,fleurs_uk,whole_original_recording,7.176,fleurs_uk_780f47de1ad7de01b058a990
25k,4.849483966827393,0.0,0,not_scored_no_time_aligned_reference,3.0,0.1967884749174118,3.0,"[""sigmos_overall_below_threshold"", ""sigmos_coloration_below_threshold"", ""audiobox_pq_below_threshold"", ""ecapa_similarity_below_threshold""]",True,0,[],51.941070556640625,0.8581765294075012,25k,0.056854248046875,0,False,2.6385695934295654,3.0895698070526123,3.1158504486083984,3.608433246612549,2.369537115097046,3.437941074371338,3.186352014541626,fleurs_uk,whole_original_recording,0.0,fleurs_uk_67c2c97145359eb3d6b5d976
25k,5.289005279541016,0.0,0,not_scored_no_time_aligned_reference,3.0,0.22153866291046143,4.5,"[""local_high_frequency_burst"", ""sigmos_overall_below_threshold"", ""sigmos_speech_below_threshold"", ""sigmos_coloration_below_threshold"", ""ecapa_similarity_below_threshold""]",True,1,"[{""start_seconds"": 1.9, ""end_seconds"": 1.93}]",31.224205017089844,0.8973515629768372,25k,0.056854248046875,1,False,2.5656580924987793,3.6019747257232666,3.2198755741119385,3.981016159057617,2.3369154930114746,3.45304274559021,2.8179914951324463,fleurs_uk,whole_original_recording,1.5,fleurs_uk_67c2c97145359eb3d6b5d976
25k,5.1543097496032715,0.0,0,not_scored_no_time_aligned_reference,3.0,0.15349093079566956,6.0,"[""local_high_frequency_burst"", ""sigmos_overall_below_threshold"", ""sigmos_speech_below_threshold"", ""sigmos_coloration_below_threshold"", ""ecapa_similarity_below_threshold""]",True,1,"[{""start_seconds"": 0.39999999999999997, ""end_seconds"": 0.43}]",27.586849212646484,0.8973515629768372,25k,0.0560302734375,2,False,2.3774051666259766,3.6000657081604004,2.791067123413086,3.877018451690674,2.092716932296753,4.074767112731934,2.342092990875244,fleurs_uk,whole_original_recording,3.0,fleurs_uk_67c2c97145359eb3d6b5d976
25k,5.0877156257629395,0.0,0,not_scored_no_time_aligned_reference,3.0,0.1976432055234909,7.5,"[""sigmos_overall_below_threshold"", ""sigmos_speech_below_threshold"", ""sigmos_coloration_below_threshold"", ""ecapa_similarity_below_threshold""]",True,0,[],30.68395233154297,0.8960121273994446,25k,0.0560302734375,3,False,1.9197566509246826,3.316303253173828,3.1434326171875,3.5723466873168945,1.950913667678833,3.6290793418884277,2.318101167678833,fleurs_uk,whole_original_recording,4.5,fleurs_uk_67c2c97145359eb3d6b5d976
25k,5.145379543304443,0.0,0,not_scored_no_time_aligned_reference,3.0,0.22026842832565308,9.0,"[""sigmos_overall_below_threshold"", ""sigmos_speech_below_threshold"", ""sigmos_coloration_below_threshold"", ""ecapa_similarity_below_threshold""]",True,0,[],24.70716094970703,0.4641493260860443,25k,0.050994873046875,4,False,2.303215265274048,3.059140205383301,3.0451302528381348,3.3284149169921875,1.5694563388824463,3.471019744873047,1.735867977142334,fleurs_uk,whole_original_recording,6.0,fleurs_uk_67c2c97145359eb3d6b5d976
25k,5.5635881423950195,0.0,0,not_scored_no_time_aligned_reference,3.0,0.24149580299854279,10.5,"[""sigmos_overall_below_threshold"", ""sigmos_speech_below_threshold"", ""sigmos_coloration_below_threshold"", ""sigmos_discontinuity_below_threshold"", ""ecapa_similarity_below_threshold""]",True,0,[],22.396263122558594,0.47403720021247864,25k,0.057525634765625,5,False,2.502197027206421,1.755490779876709,2.9991214275360107,3.378960132598877,1.3223698139190674,3.0176026821136475,1.444932222366333,fleurs_uk,whole_original_recording,7.5,fleurs_uk_67c2c97145359eb3d6b5d976
25k,5.1316938400268555,0.0,0,not_scored_no_time_aligned_reference,3.0,0.2324260026216507,12.0,"[""sigmos_overall_below_threshold"", ""sigmos_speech_below_threshold"", ""sigmos_coloration_below_threshold"", ""sigmos_discontinuity_below_threshold"", ""ecapa_similarity_below_threshold""]",True,0,[],32.32640075683594,0.6112912893295288,25k,0.059112548828125,6,False,2.5696756839752197,2.8208420276641846,2.390625476837158,3.1330950260162354,1.2269020080566406,3.799377679824829,1.5679328441619873,fleurs_uk,whole_original_recording,9.0,fleurs_uk_67c2c97145359eb3d6b5d976
25k,4.248068809509277,0.0,0,not_scored_no_time_aligned_reference,3.0,0.22354353964328766,13.397333333333334,"[""sigmos_overall_below_threshold"", ""sigmos_speech_below_threshold"", ""sigmos_coloration_below_threshold"", ""audiobox_pq_below_threshold"", ""ecapa_similarity_below_threshold""]",True,0,[],29.08365249633789,0.6059862971305847,25k,0.059112548828125,7,False,1.959334135055542,4.122456073760986,2.748708963394165,3.9436230659484863,1.4068636894226074,3.996915817260742,1.6069166660308838,fleurs_uk,whole_original_recording,10.397333333333334,fleurs_uk_67c2c97145359eb3d6b5d976
25k,5.538724422454834,0.0,0,not_scored_no_time_aligned_reference,3.0,0.0829995796084404,3.0,"[""local_high_frequency_burst"", ""sigmos_overall_below_threshold"", ""sigmos_speech_below_threshold"", ""sigmos_coloration_below_threshold"", ""ecapa_similarity_below_threshold""]",True,4,"[{""start_seconds"": 0.15, ""end_seconds"": 0.21000000000000002}, {""start_seconds"": 1.76, ""end_seconds"": 1.84}, {""start_seconds"": 2.31, ""end_seconds"": 2.4499999999999997}, {""start_seconds"": 2.6300000000000003, ""end_seconds"": 2.71}]",33.113433837890625,0.9301443696022034,25k,0.467926025390625,0,False,2.739114284515381,4.3348708152771,3.816030740737915,4.219627380371094,1.898402452468872,2.6751155853271484,2.5317656993865967,opentts_lada,whole_original_recording,0.0,opentts_lada_895ec772c58479ef40c211f8
25k,6.0273308753967285,0.0,0,not_scored_no_time_aligned_reference,3.0,0.12130147218704224,4.330666666666667,"[""local_high_frequency_burst"", ""sigmos_overall_below_threshold"", ""sigmos_speech_below_threshold"", ""ecapa_similarity_below_threshold""]",True,5,"[{""start_seconds"": 0.43, ""end_seconds"": 0.51}, {""start_seconds"": 0.98, ""end_seconds"": 1.12}, {""start_seconds"": 1.3, ""end_seconds"": 1.3800000000000001}, {""start_seconds"": 1.76, ""end_seconds"": 1.89}, {""start_seconds"": 2.18, ""end_seconds"": 2.3}]",24.35226821899414,0.9305894374847412,25k,0.467926025390625,1,False,3.9210875034332275,3.8386716842651367,3.022977590560913,3.701010227203369,2.1847057342529297,2.7221779823303223,2.823112964630127,opentts_lada,whole_original_recording,1.3306666666666667,opentts_lada_895ec772c58479ef40c211f8
25k,4.964141845703125,0.0,0,not_scored_no_time_aligned_reference,3.0,0.21716050803661346,3.0,"[""sigmos_overall_below_threshold"", ""sigmos_speech_below_threshold"", ""audiobox_pq_below_threshold"", ""ecapa_similarity_below_threshold""]",True,0,[],23.10527801513672,0.3994884192943573,25k,0.3717041015625,0,False,3.751668691635132,3.869797945022583,4.059879302978516,3.269094944000244,2.25578236579895,2.7569804191589355,2.6786649227142334,opentts_lada,whole_original_recording,0.0,opentts_lada_0a51f08f878361f67c7b8d39
25k,5.0886549949646,0.0,0,not_scored_no_time_aligned_reference,3.0,0.21573396027088165,3.0613333333333332,"[""sigmos_overall_below_threshold"", ""sigmos_speech_below_threshold"", ""sigmos_noise_below_threshold"", ""ecapa_similarity_below_threshold""]",True,0,[],24.38538360595703,0.39797040820121765,25k,0.3717041015625,1,False,3.9786629676818848,3.766432523727417,3.2630271911621094,2.787238597869873,1.9839913845062256,2.417037010192871,2.668654680252075,opentts_lada,whole_original_recording,0.06133333333333333,opentts_lada_0a51f08f878361f67c7b8d39
25k,5.041094779968262,0.0,0,not_scored_no_time_aligned_reference,2.7306666666666666,0.31539517641067505,2.7306666666666666,"[""local_high_frequency_burst"", ""sigmos_overall_below_threshold"", ""sigmos_coloration_below_threshold"", ""ecapa_similarity_below_threshold""]",True,2,"[{""start_seconds"": 0.67, ""end_seconds"": 0.75}, {""start_seconds"": 1.17, ""end_seconds"": 1.28}]",27.929458618164062,0.8307183384895325,25k,0.331024169921875,0,True,2.958249092102051,3.5833473205566406,3.8993327617645264,3.8067941665649414,2.5939841270446777,3.1126723289489746,3.18033504486084,opentts_lada,whole_original_recording,0.0,opentts_lada_03ff7e81e8e7ddc1ff567207
25k,6.3744401931762695,0.0,0,not_scored_no_time_aligned_reference,2.9546666666666668,0.2575879991054535,2.9546666666666668,"[""local_high_frequency_burst"", ""sigmos_overall_below_threshold"", ""sigmos_speech_below_threshold"", ""sigmos_coloration_below_threshold"", ""ecapa_similarity_below_threshold""]",True,1,"[{""start_seconds"": 0.16, ""end_seconds"": 0.26}]",48.55633544921875,0.8553140759468079,25k,0.305450439453125,0,True,2.3615565299987793,3.498711109161377,2.7534780502319336,3.7137293815612793,2.2385993003845215,3.4542055130004883,2.532773971557617,opentts_lada,whole_original_recording,0.0,opentts_lada_4f6898f32fa7c0bffacc0eb8
25k,5.585452079772949,0.0,0,not_scored_no_time_aligned_reference,1.92,0.3264082074165344,1.92,"[""local_high_frequency_burst"", ""sigmos_overall_below_threshold"", ""sigmos_speech_below_threshold"", ""sigmos_coloration_below_threshold"", ""ecapa_similarity_below_threshold""]",True,1,"[{""start_seconds"": 1.15, ""end_seconds"": 1.25}]",25.467269897460938,0.8414512872695923,25k,0.346527099609375,0,True,2.394561767578125,4.42690372467041,3.0742011070251465,3.4950485229492188,2.309159994125366,3.579915761947632,2.6580910682678223,opentts_lada,whole_original_recording,0.0,opentts_lada_3f12d88f92635c6568c06e01
25k,6.239084243774414,0.0,0,not_scored_no_time_aligned_reference,2.816,0.06049900874495506,2.816,"[""local_high_frequency_burst"", ""sigmos_overall_below_threshold"", ""sigmos_speech_below_threshold"", ""ecapa_similarity_below_threshold""]",True,2,"[{""start_seconds"": 0.86, ""end_seconds"": 0.98}, {""start_seconds"": 1.9999999999999998, ""end_seconds"": 2.0599999999999996}]",34.67909622192383,0.8412043452262878,25k,0.32818603515625,0,True,3.3949456214904785,3.3734633922576904,2.985383987426758,3.501760959625244,1.9364149570465088,3.4269907474517822,2.539778232574463,opentts_lada,whole_original_recording,0.0,opentts_lada_98366f80048a9cc5c7db5a69
25k,6.29000186920166,0.0,0,not_scored_no_time_aligned_reference,3.0,0.17431698739528656,3.0,"[""local_high_frequency_burst"", ""sigmos_overall_below_threshold"", ""sigmos_speech_below_threshold"", ""ecapa_similarity_below_threshold""]",True,4,"[{""start_seconds"": 0.6, ""end_seconds"": 0.68}, {""start_seconds"": 0.84, ""end_seconds"": 0.93}, {""start_seconds"": 1.43, ""end_seconds"": 1.5}, {""start_seconds"": 2.24, ""end_seconds"": 2.4699999999999998}]",35.67932891845703,0.9090105295181274,25k,0.33447265625,0,False,3.3776700496673584,3.2095940113067627,3.432509183883667,3.47359561920166,2.040388822555542,3.4489328861236572,2.1429975032806396,opentts_lada,whole_original_recording,0.0,opentts_lada_62b7ba749f09ce58e99f5fa5
25k,6.341639995574951,0.0,0,not_scored_no_time_aligned_reference,3.0,0.19079533219337463,3.082666666666667,"[""local_high_frequency_burst"", ""sigmos_overall_below_threshold"", ""sigmos_speech_below_threshold"", ""sigmos_discontinuity_below_threshold"", ""ecapa_similarity_below_threshold""]",True,4,"[{""start_seconds"": 0.51, ""end_seconds"": 0.61}, {""start_seconds"": 0.76, ""end_seconds"": 0.84}, {""start_seconds"": 1.34, ""end_seconds"": 1.42}, {""start_seconds"": 2.16, ""end_seconds"": 2.38}]",35.48344802856445,0.904385507106781,25k,0.33447265625,1,False,3.077016592025757,2.3670597076416016,3.1586174964904785,3.8981175422668457,1.6033363342285156,3.251255512237549,1.9813122749328613,opentts_lada,whole_original_recording,0.08266666666666667,opentts_lada_62b7ba749f09ce58e99f5fa5
25k,6.881925106048584,0.0,0,not_scored_no_time_aligned_reference,3.0,0.17152129113674164,3.0,"[""local_high_frequency_burst"", ""sigmos_overall_below_threshold"", ""sigmos_speech_below_threshold"", ""sigmos_coloration_below_threshold"", ""ecapa_similarity_below_threshold""]",True,4,"[{""start_seconds"": 0.24, ""end_seconds"": 0.35000000000000003}, {""start_seconds"": 1.07, ""end_seconds"": 1.16}, {""start_seconds"": 1.33, ""end_seconds"": 1.41}, {""start_seconds"": 2.1700000000000004, ""end_seconds"": 2.26}]",23.340885162353516,0.9234845042228699,25k,0.312408447265625,0,False,2.6857292652130127,3.751687526702881,3.8676085472106934,3.1387951374053955,1.7684860229492188,3.0517942905426025,2.5801641941070557,opentts_lada,whole_original_recording,0.0,opentts_lada_0662ad46c52346128cb62973
25k,6.440977573394775,0.0,0,not_scored_no_time_aligned_reference,3.0,0.21574753522872925,3.488,"[""local_high_frequency_burst"", ""sigmos_overall_below_threshold"", ""sigmos_speech_below_threshold"", ""sigmos_coloration_below_threshold"", ""ecapa_similarity_below_threshold""]",True,4,"[{""start_seconds"": 0.58, ""end_seconds"": 0.67}, {""start_seconds"": 0.84, ""end_seconds"": 0.92}, {""start_seconds"": 1.68, ""end_seconds"": 1.77}, {""start_seconds"": 2.6700000000000004, ""end_seconds"": 2.75}]",35.21569061279297,0.9216103553771973,25k,0.312408447265625,1,False,2.802887439727783,4.027205467224121,3.446096181869507,3.75410795211792,2.003983974456787,3.1017329692840576,2.478358745574951,opentts_lada,whole_original_recording,0.488,opentts_lada_0662ad46c52346128cb62973
25k,6.197993278503418,0.0,0,not_scored_no_time_aligned_reference,2.2186666666666666,0.09219540655612946,2.2186666666666666,"[""local_high_frequency_burst"", ""sigmos_overall_below_threshold"", ""sigmos_speech_below_threshold"", ""sigmos_noise_below_threshold"", ""sigmos_discontinuity_below_threshold"", ""ecapa_similarity_below_threshold""]",True,2,"[{""start_seconds"": 0.77, ""end_seconds"": 0.8200000000000001}, {""start_seconds"": 1.55, ""end_seconds"": 1.65}]",28.546634674072266,0.8295844793319702,25k,0.308868408203125,0,True,3.0420892238616943,2.9549052715301514,3.170588254928589,2.8927431106567383,2.1505491733551025,3.5818254947662354,2.740436553955078,opentts_lada,whole_original_recording,0.0,opentts_lada_d678cf4acf3877e75ae20b50
25k,7.112621307373047,0.0,0,not_scored_no_time_aligned_reference,2.6666666666666665,0.19013556838035583,2.6666666666666665,"[""local_high_frequency_burst"", ""sigmos_overall_below_threshold"", ""sigmos_speech_below_threshold"", ""sigmos_coloration_below_threshold"", ""ecapa_similarity_below_threshold""]",True,4,"[{""start_seconds"": 0.5, ""end_seconds"": 0.59}, {""start_seconds"": 0.62, ""end_seconds"": 0.64}, {""start_seconds"": 1.1199999999999999, ""end_seconds"": 1.2}, {""start_seconds"": 1.88, ""end_seconds"": 1.98}]",33.43621063232422,0.8913048505783081,25k,0.358367919921875,0,True,2.9848806858062744,3.987614154815674,3.173098564147949,4.249460220336914,2.1117634773254395,3.510336399078369,2.2962257862091064,opentts_lada,whole_original_recording,0.0,opentts_lada_084278046b1dac222cef1a1b
25k,5.043976783752441,0.0,0,not_scored_no_time_aligned_reference,3.0,0.06701440364122391,3.0,"[""local_high_frequency_burst"", ""sigmos_overall_below_threshold"", ""sigmos_speech_below_threshold"", ""sigmos_noise_below_threshold"", ""sigmos_coloration_below_threshold"", ""ecapa_similarity_below_threshold""]",True,3,"[{""start_seconds"": 0.33, ""end_seconds"": 0.41000000000000003}, {""start_seconds"": 1.81, ""end_seconds"": 1.92}, {""start_seconds"": 2.4000000000000004, ""end_seconds"": 2.48}]",25.128597259521484,0.8503987789154053,25k,0.393646240234375,0,False,2.4924538135528564,3.5222275257110596,3.1280434131622314,2.982416868209839,1.5967841148376465,3.514751672744751,2.4199278354644775,opentts_lada,whole_original_recording,0.0,opentts_lada_711415c65ab804a2a0a9672a
25k,6.2458415031433105,0.0,0,not_scored_no_time_aligned_reference,3.0,0.11444377899169922,4.224,"[""local_high_frequency_burst"", ""sigmos_overall_below_threshold"", ""sigmos_speech_below_threshold"", ""sigmos_coloration_below_threshold"", ""ecapa_similarity_below_threshold""]",True,5,"[{""start_seconds"": 0.59, ""end_seconds"": 0.7}, {""start_seconds"": 1.17, ""end_seconds"": 1.26}, {""start_seconds"": 2.0900000000000003, ""end_seconds"": 2.23}, {""start_seconds"": 2.29, ""end_seconds"": 2.3699999999999997}, {""start_seconds"": 2.5, ""end_seconds"": 2.63}]",26.60733413696289,0.9029195308685303,25k,0.3416748046875,1,False,2.5843918323516846,3.536391496658325,3.771249771118164,3.6965203285217285,1.8455934524536133,2.917473793029785,2.0209972858428955,opentts_lada,whole_original_recording,1.224,opentts_lada_711415c65ab804a2a0a9672a
25k,4.863931655883789,0.0,0,not_scored_no_time_aligned_reference,2.176,-0.06108816713094711,2.176,"[""local_high_frequency_burst"", ""sigmos_overall_below_threshold"", ""sigmos_speech_below_threshold"", ""sigmos_coloration_below_threshold"", ""audiobox_pq_below_threshold"", ""ecapa_similarity_below_threshold""]",True,1,"[{""start_seconds"": 1.63, ""end_seconds"": 1.7}]",24.56854248046875,0.8698157072067261,25k,0.22943115234375,0,True,2.638185501098633,4.087005138397217,3.352079391479492,4.012360572814941,1.7182197570800781,2.3716273307800293,2.063452959060669,opentts_mykyta,whole_original_recording,0.0,opentts_mykyta_3cfe71029778dc75286e6568
25k,5.6833295822143555,0.0,0,not_scored_no_time_aligned_reference,2.0693333333333332,0.1542193442583084,2.0693333333333332,"[""local_high_frequency_burst"", ""sigmos_overall_below_threshold"", ""sigmos_speech_below_threshold"", ""sigmos_coloration_below_threshold"", ""ecapa_similarity_below_threshold""]",True,1,"[{""start_seconds"": 1.44, ""end_seconds"": 1.56}]",32.1489143371582,0.837887704372406,25k,0.2222900390625,0,True,2.900907039642334,3.1768906116485596,3.503854751586914,3.8563296794891357,2.0150606632232666,3.4427883625030518,2.38572096824646,opentts_mykyta,whole_original_recording,0.0,opentts_mykyta_f7e6c7e1532a595b707f9d2b
25k,3.7784204483032227,0.0,0,not_scored_no_time_aligned_reference,3.0,0.1651628464460373,3.0,"[""local_high_frequency_burst"", ""sigmos_overall_below_threshold"", ""sigmos_speech_below_threshold"", ""sigmos_coloration_below_threshold"", ""audiobox_pq_below_threshold"", ""ecapa_similarity_below_threshold""]",True,2,"[{""start_seconds"": 1.52, ""end_seconds"": 1.56}, {""start_seconds"": 1.85, ""end_seconds"": 1.94}]",31.951248168945312,0.8670525550842285,25k,0.1910400390625,0,False,2.4872732162475586,3.5654871463775635,3.4380505084991455,3.9222936630249023,1.979635238647461,3.5522301197052,2.4129180908203125,opentts_mykyta,whole_original_recording,0.0,opentts_mykyta_18fac11688c53adf4ff7227a
25k,4.561783790588379,0.0,0,not_scored_no_time_aligned_reference,3.0,0.17171399295330048,4.5,"[""local_high_frequency_burst"", ""sigmos_overall_below_threshold"", ""sigmos_speech_below_threshold"", ""sigmos_coloration_below_threshold"", ""audiobox_pq_below_threshold"", ""ecapa_similarity_below_threshold""]",True,4,"[{""start_seconds"": 0.35, ""end_seconds"": 0.44}, {""start_seconds"": 2.22, ""end_seconds"": 2.34}, {""start_seconds"": 2.47, ""end_seconds"": 2.5399999999999996}, {""start_seconds"": 2.68, ""end_seconds"": 2.76}]",31.79955291748047,0.9097044467926025,25k,0.21282958984375,1,False,2.3726208209991455,3.51485013961792,2.9705681800842285,3.6326828002929688,2.015409231185913,3.490227460861206,2.4249629974365234,opentts_mykyta,whole_original_recording,1.5,opentts_mykyta_18fac11688c53adf4ff7227a
25k,4.865946292877197,0.0,0,not_scored_no_time_aligned_reference,3.0,0.16060255467891693,6.0,"[""local_high_frequency_burst"", ""sigmos_overall_below_threshold"", ""sigmos_speech_below_threshold"", ""sigmos_coloration_below_threshold"", ""audiobox_pq_below_threshold"", ""ecapa_similarity_below_threshold""]",True,4,"[{""start_seconds"": 0.72, ""end_seconds"": 0.84}, {""start_seconds"": 0.97, ""end_seconds"": 1.04}, {""start_seconds"": 1.18, ""end_seconds"": 1.26}, {""start_seconds"": 2.2600000000000002, ""end_seconds"": 2.3699999999999997}]",36.584083557128906,0.9097044467926025,25k,0.21282958984375,2,False,2.954211950302124,3.648118734359741,3.6971542835235596,3.394686460494995,2.3034369945526123,3.368061065673828,2.8622825145721436,opentts_mykyta,whole_original_recording,3.0,opentts_mykyta_18fac11688c53adf4ff7227a
25k,4.89276123046875,0.0,0,not_scored_no_time_aligned_reference,3.0,0.15635545551776886,6.026666666666666,"[""local_high_frequency_burst"", ""sigmos_overall_below_threshold"", ""sigmos_speech_below_threshold"", ""sigmos_coloration_below_threshold"", ""audiobox_pq_below_threshold"", ""ecapa_similarity_below_threshold""]",True,4,"[{""start_seconds"": 0.69, ""end_seconds"": 0.8200000000000001}, {""start_seconds"": 0.94, ""end_seconds"": 1.01}, {""start_seconds"": 1.15, ""end_seconds"": 1.23}, {""start_seconds"": 2.2300000000000004, ""end_seconds"": 2.34}]",36.77812957763672,0.9086472392082214,25k,0.21282958984375,3,False,2.483381748199463,3.8243677616119385,3.512880325317383,3.6645243167877197,2.226073980331421,3.536189556121826,2.4985885620117188,opentts_mykyta,whole_original_recording,3.026666666666667,opentts_mykyta_18fac11688c53adf4ff7227a
25k,4.354763031005859,0.0,0,not_scored_no_time_aligned_reference,1.8026666666666666,0.04649687558412552,1.8026666666666666,"[""local_high_frequency_burst"", ""sigmos_overall_below_threshold"", ""sigmos_speech_below_threshold"", ""sigmos_coloration_below_threshold"", ""audiobox_pq_below_threshold"", ""ecapa_similarity_below_threshold""]",True,1,"[{""start_seconds"": 0.9, ""end_seconds"": 1.11}]",37.974647521972656,0.8612527251243591,25k,0.244598388671875,0,True,2.8878302574157715,3.4814505577087402,4.33087158203125,4.569829940795898,1.9590566158294678,3.715709924697876,2.197333335876465,opentts_mykyta,whole_original_recording,0.0,opentts_mykyta_cac2b4f75c8cdeb7fb0eb9c2
25k,4.737835884094238,0.0,0,not_scored_no_time_aligned_reference,2.048,0.05180138349533081,2.048,"[""sigmos_overall_below_threshold"", ""sigmos_speech_below_threshold"", ""sigmos_coloration_below_threshold"", ""audiobox_pq_below_threshold"", ""ecapa_similarity_below_threshold""]",True,0,[],35.85525131225586,0.5155576467514038,25k,0.187103271484375,0,True,2.9251248836517334,3.6054980754852295,3.96150803565979,4.243546485900879,2.184124231338501,3.0954463481903076,2.7251384258270264,opentts_mykyta,whole_original_recording,0.0,opentts_mykyta_e1b43c1007a9fdaca1fe7af8
25k,4.532524108886719,0.0,0,not_scored_no_time_aligned_reference,2.1653333333333333,0.15728086233139038,2.1653333333333333,"[""local_high_frequency_burst"", ""sigmos_overall_below_threshold"", ""sigmos_speech_below_threshold"", ""audiobox_pq_below_threshold"", ""ecapa_similarity_below_threshold""]",True,1,"[{""start_seconds"": 1.64, ""end_seconds"": 1.72}]",32.98031234741211,0.9022067785263062,25k,0.2374267578125,0,True,3.0423014163970947,3.7198760509490967,3.3369853496551514,4.298419952392578,2.4730124473571777,3.3838677406311035,2.8086516857147217,opentts_mykyta,whole_original_recording,0.0,opentts_mykyta_6c752b188ec3ba596f61f823
25k,4.335263729095459,0.0,0,not_scored_no_time_aligned_reference,2.688,0.11115353554487228,2.688,"[""local_high_frequency_burst"", ""sigmos_overall_below_threshold"", ""sigmos_speech_below_threshold"", ""sigmos_coloration_below_threshold"", ""audiobox_pq_below_threshold"", ""ecapa_similarity_below_threshold""]",True,1,"[{""start_seconds"": 0.19999999999999998, ""end_seconds"": 0.33}]",43.93716049194336,0.837712287902832,25k,0.25103759765625,0,True,2.6614975929260254,3.594956159591675,3.8679678440093994,4.361662864685059,2.0901942253112793,3.3770358562469482,2.3993780612945557,opentts_mykyta,whole_original_recording,0.0,opentts_mykyta_41ce75384704cf49b41d0d0c
25k,4.48573112487793,0.0,0,not_scored_no_time_aligned_reference,3.0,-0.06191209331154823,3.0,"[""local_high_frequency_burst"", ""sigmos_overall_below_threshold"", ""sigmos_speech_below_threshold"", ""audiobox_pq_below_threshold"", ""ecapa_similarity_below_threshold""]",True,3,"[{""start_seconds"": 0.47, ""end_seconds"": 0.59}, {""start_seconds"": 0.72, ""end_seconds"": 0.8200000000000001}, {""start_seconds"": 1.5, ""end_seconds"": 1.57}]",26.380504608154297,0.8686303496360779,25k,0.2265625,0,False,3.0330705642700195,3.1726176738739014,3.9077391624450684,3.5392138957977295,2.216769218444824,3.2564704418182373,2.6616265773773193,opentts_mykyta,whole_original_recording,0.0,opentts_mykyta_e7f36626bee9886eb7ee3b87
25k,4.350916862487793,0.0,0,not_scored_no_time_aligned_reference,3.0,0.0475589819252491,4.5,"[""sigmos_overall_below_threshold"", ""sigmos_speech_below_threshold"", ""sigmos_coloration_below_threshold"", ""audiobox_pq_below_threshold"", ""ecapa_similarity_below_threshold""]",True,0,[],15.915374755859375,0.8545070290565491,25k,0.2265625,1,False,2.667367935180664,3.1574511528015137,3.3312458992004395,3.249307870864868,2.317145824432373,3.2748594284057617,2.6004669666290283,opentts_mykyta,whole_original_recording,1.5,opentts_mykyta_e7f36626bee9886eb7ee3b87
25k,4.181471824645996,0.0,0,not_scored_no_time_aligned_reference,3.0,0.008155766874551773,4.618666666666667,"[""sigmos_overall_below_threshold"", ""sigmos_speech_below_threshold"", ""sigmos_noise_below_threshold"", ""sigmos_coloration_below_threshold"", ""audiobox_pq_below_threshold"", ""ecapa_similarity_below_threshold""]",True,0,[],33.173336029052734,0.456524133682251,25k,0.2265625,2,False,1.8741235733032227,3.1928977966308594,3.3223750591278076,2.963340997695923,1.6301069259643555,3.583104133605957,1.9547944068908691,opentts_mykyta,whole_original_recording,1.6186666666666667,opentts_mykyta_e7f36626bee9886eb7ee3b87
25k,3.70560884475708,0.0,0,not_scored_no_time_aligned_reference,2.1653333333333333,0.11606289446353912,2.1653333333333333,"[""local_high_frequency_burst"", ""sigmos_overall_below_threshold"", ""sigmos_speech_below_threshold"", ""sigmos_coloration_below_threshold"", ""audiobox_pq_below_threshold"", ""ecapa_similarity_below_threshold""]",True,2,"[{""start_seconds"": 1.01, ""end_seconds"": 1.09}, {""start_seconds"": 1.66, ""end_seconds"": 1.77}]",30.737804412841797,0.8299678564071655,25k,0.195098876953125,0,True,2.4765946865081787,4.259579658508301,3.1389360427856445,4.097876071929932,2.3455734252929688,3.092003345489502,2.804075241088867,opentts_mykyta,whole_original_recording,0.0,opentts_mykyta_c2f414fc0fe7a2a70b94b0fc
25k,4.906088352203369,0.0,0,not_scored_no_time_aligned_reference,3.0,0.17291754484176636,3.0,"[""local_high_frequency_burst"", ""sigmos_overall_below_threshold"", ""sigmos_speech_below_threshold"", ""sigmos_coloration_below_threshold"", ""audiobox_pq_below_threshold"", ""ecapa_similarity_below_threshold""]",True,4,"[{""start_seconds"": 0.52, ""end_seconds"": 0.61}, {""start_seconds"": 1.31, ""end_seconds"": 1.41}, {""start_seconds"": 2.3800000000000003, ""end_seconds"": 2.48}, {""start_seconds"": 2.75, ""end_seconds"": 2.8699999999999997}]",32.71707534790039,0.8902264833450317,25k,0.22796630859375,0,False,2.8477580547332764,4.0826334953308105,3.2370786666870117,3.5606982707977295,2.315674304962158,3.648144006729126,2.574326515197754,opentts_mykyta,whole_original_recording,0.0,opentts_mykyta_4c8852d972aac68c073f1810
25k,4.919707775115967,0.0,0,not_scored_no_time_aligned_reference,3.0,0.15925215184688568,3.7973333333333334,"[""local_high_frequency_burst"", ""sigmos_overall_below_threshold"", ""sigmos_speech_below_threshold"", ""sigmos_coloration_below_threshold"", ""audiobox_pq_below_threshold"", ""ecapa_similarity_below_threshold""]",True,3,"[{""start_seconds"": 0.52, ""end_seconds"": 0.6}, {""start_seconds"": 1.58, ""end_seconds"": 1.68}, {""start_seconds"": 1.95, ""end_seconds"": 2.07}]",33.22743606567383,0.8481524586677551,25k,0.22796630859375,1,False,2.818134307861328,4.022522926330566,3.325528860092163,3.8500514030456543,2.2388923168182373,3.547935724258423,2.8334267139434814,opentts_mykyta,whole_original_recording,0.7973333333333333,opentts_mykyta_4c8852d972aac68c073f1810
25k,4.811460971832275,0.0,0,not_scored_no_time_aligned_reference,1.824,0.10789202898740768,1.824,"[""sigmos_overall_below_threshold"", ""sigmos_speech_below_threshold"", ""sigmos_coloration_below_threshold"", ""audiobox_pq_below_threshold"", ""ecapa_similarity_below_threshold""]",True,0,[],20.17831039428711,0.12927180528640747,25k,0.239105224609375,0,True,2.8772082328796387,3.9584450721740723,3.3291900157928467,4.596930503845215,2.062488079071045,3.252098321914673,2.1989333629608154,opentts_mykyta,whole_original_recording,0.0,opentts_mykyta_09c96b64ccb1a8b04800b653
25k,4.516511917114258,0.0,0,not_scored_no_time_aligned_reference,3.0,0.18426521122455597,3.0,"[""local_high_frequency_burst"", ""sigmos_overall_below_threshold"", ""sigmos_speech_below_threshold"", ""sigmos_coloration_below_threshold"", ""audiobox_pq_below_threshold"", ""ecapa_similarity_below_threshold""]",True,1,"[{""start_seconds"": 2.5, ""end_seconds"": 2.5999999999999996}]",28.970428466796875,0.8747650980949402,25k,0.173370361328125,0,False,2.2973644733428955,3.302778959274292,3.8215885162353516,3.5301105976104736,1.6796259880065918,3.7992136478424072,2.2478201389312744,opentts_tetiana,whole_original_recording,0.0,opentts_tetiana_88d98a6a4cea4fe77639349f
25k,5.041855335235596,0.0,0,not_scored_no_time_aligned_reference,3.0,0.2019769549369812,4.5,"[""local_high_frequency_burst"", ""sigmos_overall_below_threshold"", ""sigmos_speech_below_threshold"", ""sigmos_coloration_below_threshold"", ""ecapa_similarity_below_threshold""]",True,1,"[{""start_seconds"": 1.0, ""end_seconds"": 1.1}]",28.970428466796875,0.8747650980949402,25k,0.186065673828125,1,False,2.3341033458709717,3.402553081512451,2.7203848361968994,3.9427528381347656,1.7454757690429688,3.2025229930877686,2.237950563430786,opentts_tetiana,whole_original_recording,1.5,opentts_tetiana_88d98a6a4cea4fe77639349f
25k,5.213576316833496,0.0,0,not_scored_no_time_aligned_reference,3.0,0.23561659455299377,5.834666666666666,"[""local_high_frequency_burst"", ""sigmos_overall_below_threshold"", ""sigmos_speech_below_threshold"", ""sigmos_coloration_below_threshold"", ""ecapa_similarity_below_threshold""]",True,1,"[{""start_seconds"": 2.4400000000000004, ""end_seconds"": 2.5599999999999996}]",27.200092315673828,0.8955870866775513,25k,0.186065673828125,2,False,2.494729518890381,3.309502363204956,2.981555461883545,3.78310489654541,1.4972398281097412,3.3675599098205566,1.734853982925415,opentts_tetiana,whole_original_recording,2.8346666666666667,opentts_tetiana_88d98a6a4cea4fe77639349f
25k,4.5806565284729,0.0,0,not_scored_no_time_aligned_reference,3.0,0.33964961767196655,3.0,"[""local_high_frequency_burst"", ""sigmos_overall_below_threshold"", ""sigmos_speech_below_threshold"", ""audiobox_pq_below_threshold"", ""ecapa_similarity_below_threshold""]",True,3,"[{""start_seconds"": 0.9299999999999999, ""end_seconds"": 1.0}, {""start_seconds"": 1.07, ""end_seconds"": 1.14}, {""start_seconds"": 1.78, ""end_seconds"": 1.8800000000000001}]",29.411243438720703,0.8983991742134094,25k,0.19134521484375,0,False,3.1352198123931885,3.0762269496917725,3.543947696685791,4.199585914611816,2.232144355773926,3.9276185035705566,2.4489619731903076,opentts_tetiana,whole_original_recording,0.0,opentts_tetiana_7a3d5f861fd8ad8683c1c939
25k,4.731578826904297,0.0,0,not_scored_no_time_aligned_reference,3.0,0.3258001208305359,4.5,"[""local_high_frequency_burst"", ""sigmos_overall_below_threshold"", ""sigmos_speech_below_threshold"", ""sigmos_coloration_below_threshold"", ""audiobox_pq_below_threshold"", ""ecapa_similarity_below_threshold""]",True,3,"[{""start_seconds"": 0.27999999999999997, ""end_seconds"": 0.38}, {""start_seconds"": 2.16, ""end_seconds"": 2.28}, {""start_seconds"": 2.66, ""end_seconds"": 2.7199999999999998}]",29.381160736083984,0.8859285712242126,25k,0.19134521484375,1,False,2.31594181060791,3.274796962738037,3.4934656620025635,3.494696855545044,1.6542861461639404,3.407881498336792,1.9711527824401855,opentts_tetiana,whole_original_recording,1.5,opentts_tetiana_7a3d5f861fd8ad8683c1c939
25k,4.7419233322143555,0.0,0,not_scored_no_time_aligned_reference,3.0,0.3243086636066437,4.96,"[""local_high_frequency_burst"", ""sigmos_overall_below_threshold"", ""sigmos_speech_below_threshold"", ""audiobox_pq_below_threshold"", ""ecapa_similarity_below_threshold""]",True,2,"[{""start_seconds"": 1.7, ""end_seconds"": 1.82}, {""start_seconds"": 2.2, ""end_seconds"": 2.26}]",27.950237274169922,0.8859285712242126,25k,0.1732177734375,2,False,3.069866418838501,3.758024215698242,3.8220527172088623,4.406670570373535,2.4992754459381104,3.1070821285247803,2.8240890502929688,opentts_tetiana,whole_original_recording,1.96,opentts_tetiana_7a3d5f861fd8ad8683c1c939
25k,5.421189308166504,0.0,0,not_scored_no_time_aligned_reference,2.7626666666666666,0.2881607115268707,2.7626666666666666,"[""local_high_frequency_burst"", ""sigmos_overall_below_threshold"", ""sigmos_speech_below_threshold"", ""sigmos_coloration_below_threshold"", ""ecapa_similarity_below_threshold""]",True,4,"[{""start_seconds"": 0.94, ""end_seconds"": 1.02}, {""start_seconds"": 1.78, ""end_seconds"": 1.85}, {""start_seconds"": 1.99, ""end_seconds"": 2.05}, {""start_seconds"": 2.14, ""end_seconds"": 2.23}]",33.920204162597656,0.9168036580085754,25k,0.161163330078125,0,True,2.373985767364502,4.398027420043945,3.4431211948394775,4.156243801116943,1.8841989040374756,3.2281010150909424,2.342556953430176,opentts_tetiana,whole_original_recording,0.0,opentts_tetiana_eafdc1b4bd0bf7b30f79865c
25k,5.278700351715088,0.0,0,not_scored_no_time_aligned_reference,3.0,0.25313323736190796,3.0,"[""local_high_frequency_burst"", ""sigmos_overall_below_threshold"", ""sigmos_speech_below_threshold"", ""sigmos_coloration_below_threshold"", ""sigmos_discontinuity_below_threshold"", ""ecapa_similarity_below_threshold""]",True,4,"[{""start_seconds"": 0.36, ""end_seconds"": 0.43}, {""start_seconds"": 0.76, ""end_seconds"": 0.85}, {""start_seconds"": 0.95, ""end_seconds"": 1.02}, {""start_seconds"": 1.92, ""end_seconds"": 2.0399999999999996}]",31.84326934814453,0.864987850189209,25k,0.17608642578125,0,False,2.7095654010772705,2.9718494415283203,2.856337547302246,3.2891080379486084,1.9354140758514404,3.300723075866699,2.4799604415893555,opentts_tetiana,whole_original_recording,0.0,opentts_tetiana_7a6a7481c484173c5e147f52
25k,4.774179935455322,0.0,0,not_scored_no_time_aligned_reference,3.0,0.16074837744235992,4.469333333333333,"[""local_high_frequency_burst"", ""sigmos_overall_below_threshold"", ""sigmos_speech_below_threshold"", ""audiobox_pq_below_threshold"", ""ecapa_similarity_below_threshold""]",True,1,"[{""start_seconds"": 0.45999999999999996, ""end_seconds"": 0.5700000000000001}]",32.896446228027344,0.8600795269012451,25k,0.177398681640625,1,False,3.175720691680908,3.01922345161438,3.032078504562378,3.105842113494873,1.4741497039794922,2.7360477447509766,1.8605496883392334,opentts_tetiana,whole_original_recording,1.4693333333333334,opentts_tetiana_7a6a7481c484173c5e147f52
25k,4.035920143127441,0.0,0,not_scored_no_time_aligned_reference,2.506666666666667,0.3569290339946747,2.506666666666667,"[""sigmos_overall_below_threshold"", ""sigmos_speech_below_threshold"", ""sigmos_coloration_below_threshold"", ""audiobox_pq_below_threshold"", ""ecapa_similarity_below_threshold""]",True,0,[],21.881359100341797,0.46758511662483215,25k,0.19012451171875,0,True,2.2438461780548096,3.6351373195648193,4.265586853027344,3.962115526199341,2.0130972862243652,2.9873743057250977,2.276982069015503,opentts_tetiana,whole_original_recording,0.0,opentts_tetiana_9bdcd2e0876228264c2a5bfb
25k,3.9743919372558594,0.0,0,not_scored_no_time_aligned_reference,3.0,0.22837397456169128,3.0,"[""local_high_frequency_burst"", ""sigmos_overall_below_threshold"", ""sigmos_speech_below_threshold"", ""sigmos_coloration_below_threshold"", ""audiobox_pq_below_threshold"", ""ecapa_similarity_below_threshold""]",True,2,"[{""start_seconds"": 0.16, ""end_seconds"": 0.19}, {""start_seconds"": 0.92, ""end_seconds"": 0.97}]",29.028553009033203,0.8121578693389893,25k,0.180572509765625,0,False,2.505725383758545,3.423346996307373,3.4367568492889404,3.8095879554748535,2.08638858795166,3.0948715209960938,2.634681224822998,opentts_tetiana,whole_original_recording,0.0,opentts_tetiana_951e7f522ed9bfd1a4a521d3
25k,4.219779014587402,0.0,0,not_scored_no_time_aligned_reference,3.0,0.21779093146324158,3.2106666666666666,"[""local_high_frequency_burst"", ""sigmos_overall_below_threshold"", ""sigmos_speech_below_threshold"", ""sigmos_coloration_below_threshold"", ""sigmos_discontinuity_below_threshold"", ""audiobox_pq_below_threshold"", ""ecapa_similarity_below_threshold""]",True,1,"[{""start_seconds"": 0.71, ""end_seconds"": 0.76}]",24.770217895507812,0.8046334981918335,25k,0.180572509765625,1,False,2.3329527378082275,2.7116096019744873,3.38710880279541,3.5017542839050293,1.9034357070922852,3.337085247039795,2.2852866649627686,opentts_tetiana,whole_original_recording,0.21066666666666667,opentts_tetiana_951e7f522ed9bfd1a4a521d3
25k,5.000872611999512,0.0,0,not_scored_no_time_aligned_reference,3.0,0.3067897856235504,3.0,"[""local_high_frequency_burst"", ""sigmos_overall_below_threshold"", ""sigmos_speech_below_threshold"", ""ecapa_similarity_below_threshold""]",True,5,"[{""start_seconds"": 0.15, ""end_seconds"": 0.22}, {""start_seconds"": 1.43, ""end_seconds"": 1.51}, {""start_seconds"": 2.0300000000000002, ""end_seconds"": 2.0999999999999996}, {""start_seconds"": 2.27, ""end_seconds"": 2.3299999999999996}, {""start_seconds"": 2.8400000000000003, ""end_seconds"": 2.8899999999999997}]",34.78920364379883,0.9078636765480042,25k,0.206024169921875,0,False,3.003272771835327,3.8653221130371094,3.4560115337371826,3.5787723064422607,2.254615545272827,3.1130311489105225,2.811027765274048,opentts_tetiana,whole_original_recording,0.0,opentts_tetiana_13b0b750996ccf20d718f422
25k,5.036718368530273,0.0,0,not_scored_no_time_aligned_reference,3.0,0.3182205557823181,3.0613333333333332,"[""local_high_frequency_burst"", ""sigmos_overall_below_threshold"", ""sigmos_coloration_below_threshold"", ""ecapa_similarity_below_threshold""]",True,5,"[{""start_seconds"": 0.09000000000000001, ""end_seconds"": 0.16}, {""start_seconds"": 1.36, ""end_seconds"": 1.44}, {""start_seconds"": 1.97, ""end_seconds"": 2.0399999999999996}, {""start_seconds"": 2.2100000000000004, ""end_seconds"": 2.2699999999999996}, {""start_seconds"": 2.77, ""end_seconds"": 2.8299999999999996}]",34.405860900878906,0.905900776386261,25k,0.206024169921875,1,False,2.900787353515625,3.492109537124634,3.123250961303711,3.7589163780212402,2.406672477722168,3.1393580436706543,3.056302309036255,opentts_tetiana,whole_original_recording,0.06133333333333333,opentts_tetiana_13b0b750996ccf20d718f422
25k,4.214427947998047,0.0,0,not_scored_no_time_aligned_reference,2.8586666666666667,0.2382064163684845,2.8586666666666667,"[""sigmos_overall_below_threshold"", ""sigmos_speech_below_threshold"", ""sigmos_coloration_below_threshold"", ""audiobox_pq_below_threshold"", ""ecapa_similarity_below_threshold""]",True,0,[],25.629871368408203,0.34000325202941895,25k,0.18133544921875,0,True,2.9708855152130127,3.154951810836792,3.909351348876953,3.72707462310791,2.3931825160980225,3.276430368423462,2.6872613430023193,opentts_tetiana,whole_original_recording,0.0,opentts_tetiana_940d13e97ac3739264027997
25k,4.8102569580078125,0.0,0,not_scored_no_time_aligned_reference,3.0,0.27399149537086487,3.0,"[""local_high_frequency_burst"", ""sigmos_overall_below_threshold"", ""sigmos_speech_below_threshold"", ""sigmos_coloration_below_threshold"", ""audiobox_pq_below_threshold"", ""ecapa_similarity_below_threshold""]",True,2,"[{""start_seconds"": 1.03, ""end_seconds"": 1.07}, {""start_seconds"": 1.3699999999999999, ""end_seconds"": 1.48}]",28.22803497314453,0.8957080245018005,25k,0.182281494140625,0,False,2.1225454807281494,4.329987525939941,3.2479939460754395,3.8016579151153564,1.998157262802124,3.134662389755249,2.270958662033081,opentts_tetiana,whole_original_recording,0.0,opentts_tetiana_671bd81fff59349210ecd0c9
25k,5.320966720581055,0.0,0,not_scored_no_time_aligned_reference,3.0,0.27814701199531555,3.509333333333333,"[""local_high_frequency_burst"", ""sigmos_overall_below_threshold"", ""sigmos_speech_below_threshold"", ""sigmos_coloration_below_threshold"", ""sigmos_discontinuity_below_threshold"", ""ecapa_similarity_below_threshold""]",True,2,"[{""start_seconds"": 0.52, ""end_seconds"": 0.56}, {""start_seconds"": 0.86, ""end_seconds"": 0.97}]",28.752338409423828,0.8965811133384705,25k,0.182281494140625,1,False,2.203338623046875,2.710353136062622,3.4170186519622803,3.6699743270874023,1.3143668174743652,3.2415482997894287,1.5413033962249756,opentts_tetiana,whole_original_recording,0.5093333333333333,opentts_tetiana_671bd81fff59349210ecd0c9
25k,5.424818992614746,0.0,0,not_scored_no_time_aligned_reference,3.0,0.3019629418849945,3.0,"[""local_high_frequency_burst"", ""sigmos_overall_below_threshold"", ""sigmos_speech_below_threshold"", ""sigmos_coloration_below_threshold"", ""ecapa_similarity_below_threshold""]",True,2,"[{""start_seconds"": 1.08, ""end_seconds"": 1.15}, {""start_seconds"": 2.62, ""end_seconds"": 2.71}]",31.623249053955078,0.8745920062065125,25k,0.1630859375,0,False,2.139763593673706,3.702910900115967,2.0665817260742188,3.7820627689361572,1.6302502155303955,3.7452285289764404,1.7892873287200928,opentts_tetiana,whole_original_recording,0.0,opentts_tetiana_0a4f4eeb4c084d7aa9a1f264
25k,5.518354892730713,0.0,0,not_scored_no_time_aligned_reference,3.0,0.33016401529312134,3.6906666666666665,"[""local_high_frequency_burst"", ""sigmos_overall_below_threshold"", ""sigmos_speech_below_threshold"", ""sigmos_coloration_below_threshold"", ""ecapa_similarity_below_threshold""]",True,2,"[{""start_seconds"": 0.39, ""end_seconds"": 0.46}, {""start_seconds"": 1.93, ""end_seconds"": 2.0199999999999996}]",26.910396575927734,0.8690809011459351,25k,0.1575927734375,1,False,2.2689645290374756,3.6554627418518066,2.7691490650177,3.656874895095825,1.450406551361084,3.32277250289917,1.7076139450073242,opentts_tetiana,whole_original_recording,0.6906666666666667,opentts_tetiana_0a4f4eeb4c084d7aa9a1f264
25k,4.617321491241455,0.0,0,not_scored_no_time_aligned_reference,2.9226666666666667,0.4261624217033386,2.9226666666666667,"[""local_high_frequency_burst"", ""sigmos_overall_below_threshold"", ""sigmos_coloration_below_threshold"", ""audiobox_pq_below_threshold"", ""ecapa_similarity_below_threshold""]",True,2,"[{""start_seconds"": 1.29, ""end_seconds"": 1.36}, {""start_seconds"": 2.2300000000000004, ""end_seconds"": 2.25}]",38.29287338256836,0.8053323030471802,25k,0.21612548828125,0,True,2.731980800628662,3.5898098945617676,4.0731425285339355,3.7631540298461914,2.7371251583099365,3.8676271438598633,3.2375853061676025,opentts_tetiana,whole_original_recording,0.0,opentts_tetiana_2a9b64026a8f8317f3b1e138
25k,4.684294700622559,0.0,0,not_scored_no_time_aligned_reference,3.0,0.18791237473487854,3.0,"[""local_high_frequency_burst"", ""sigmos_overall_below_threshold"", ""sigmos_speech_below_threshold"", ""sigmos_coloration_below_threshold"", ""audiobox_pq_below_threshold"", ""ecapa_similarity_below_threshold""]",True,2,"[{""start_seconds"": 1.71, ""end_seconds"": 1.77}, {""start_seconds"": 2.31, ""end_seconds"": 2.4}]",29.85220718383789,0.8434590101242065,25k,0.23974609375,0,False,2.664529323577881,3.606767416000366,3.340810775756836,3.4131553173065186,2.236085891723633,4.112222671508789,2.598085641860962,tg_voices_uk,whole_original_recording,0.0,tg_voices_uk_d5269cb157cc6c1a0a14a13e
25k,3.9502854347229004,0.0,0,not_scored_no_time_aligned_reference,3.0,0.17317728698253632,4.5,"[""local_high_frequency_burst"", ""sigmos_overall_below_threshold"", ""sigmos_speech_below_threshold"", ""sigmos_coloration_below_threshold"", ""audiobox_pq_below_threshold"", ""ecapa_similarity_below_threshold""]",True,3,"[{""start_seconds"": 0.21, ""end_seconds"": 0.27}, {""start_seconds"": 0.8099999999999999, ""end_seconds"": 0.9}, {""start_seconds"": 1.9, ""end_seconds"": 2.0199999999999996}]",27.835079193115234,0.8434590101242065,25k,0.23419189453125,1,False,2.2470154762268066,3.384244203567505,3.1133835315704346,3.1551666259765625,2.0585103034973145,3.234128952026367,2.564589738845825,tg_voices_uk,whole_original_recording,1.5,tg_voices_uk_d5269cb157cc6c1a0a14a13e
25k,3.8152213096618652,0.0,0,not_scored_no_time_aligned_reference,3.0,0.19277134537696838,4.522666666666667,"[""local_high_frequency_burst"", ""sigmos_overall_below_threshold"", ""sigmos_speech_below_threshold"", ""sigmos_coloration_below_threshold"", ""audiobox_pq_below_threshold"", ""ecapa_similarity_below_threshold""]",True,3,"[{""start_seconds"": 0.18, ""end_seconds"": 0.25}, {""start_seconds"": 0.78, ""end_seconds"": 0.87}, {""start_seconds"": 1.8699999999999999, ""end_seconds"": 2.0}]",28.269725799560547,0.8466628789901733,25k,0.23419189453125,2,False,2.3612899780273438,3.780118703842163,2.9656307697296143,3.849398374557495,1.6085681915283203,3.217766284942627,2.5259387493133545,tg_voices_uk,whole_original_recording,1.5226666666666666,tg_voices_uk_d5269cb157cc6c1a0a14a13e
25k,3.9777634143829346,0.0,0,not_scored_no_time_aligned_reference,3.0,0.13590450584888458,3.0,"[""local_high_frequency_burst"", ""sigmos_overall_below_threshold"", ""sigmos_coloration_below_threshold"", ""audiobox_pq_below_threshold"", ""ecapa_similarity_below_threshold""]",True,3,"[{""start_seconds"": 0.6, ""end_seconds"": 0.68}, {""start_seconds"": 1.52, ""end_seconds"": 1.59}, {""start_seconds"": 1.99, ""end_seconds"": 2.0799999999999996}]",25.298118591308594,0.8643216490745544,25k,0.52069091796875,0,False,2.576418399810791,4.529997825622559,3.314317464828491,3.7758357524871826,2.5965774059295654,2.8351686000823975,3.0334532260894775,tg_voices_uk,whole_original_recording,0.0,tg_voices_uk_a0e8900641824571beaf0652
25k,4.361356735229492,0.0,0,not_scored_no_time_aligned_reference,3.0,0.19283190369606018,4.5,"[""local_high_frequency_burst"", ""sigmos_overall_below_threshold"", ""sigmos_speech_below_threshold"", ""sigmos_coloration_below_threshold"", ""audiobox_pq_below_threshold"", ""ecapa_similarity_below_threshold""]",True,2,"[{""start_seconds"": 0.49, ""end_seconds"": 0.58}, {""start_seconds"": 2.37, ""end_seconds"": 2.4499999999999997}]",31.416641235351562,0.8643216490745544,25k,0.50323486328125,1,False,2.5267269611358643,3.5456185340881348,2.6807045936584473,3.516469955444336,1.8791263103485107,3.0413784980773926,2.2932333946228027,tg_voices_uk,whole_original_recording,1.5,tg_voices_uk_a0e8900641824571beaf0652
25k,4.313597202301025,0.0,0,not_scored_no_time_aligned_reference,3.0,0.19437915086746216,5.045333333333334,"[""local_high_frequency_burst"", ""sigmos_overall_below_threshold"", ""sigmos_speech_below_threshold"", ""sigmos_noise_below_threshold"", ""sigmos_coloration_below_threshold"", ""sigmos_discontinuity_below_threshold"", ""audiobox_pq_below_threshold"", ""ecapa_similarity_below_threshold""]",True,1,"[{""start_seconds"": 1.82, ""end_seconds"": 1.91}]",31.977306365966797,0.8821403980255127,25k,0.50323486328125,2,False,2.3957314491271973,2.813908815383911,2.9632058143615723,2.8631138801574707,1.8281958103179932,3.1739776134490967,2.0774271488189697,tg_voices_uk,whole_original_recording,2.0453333333333332,tg_voices_uk_a0e8900641824571beaf0652
25k,3.6033267974853516,0.0,0,not_scored_no_time_aligned_reference,3.0,0.31141138076782227,3.0,"[""local_high_frequency_burst"", ""sigmos_overall_below_threshold"", ""sigmos_speech_below_threshold"", ""sigmos_coloration_below_threshold"", ""audiobox_pq_below_threshold"", ""ecapa_similarity_below_threshold""]",True,2,"[{""start_seconds"": 0.15, ""end_seconds"": 0.22}, {""start_seconds"": 0.92, ""end_seconds"": 0.9400000000000001}]",46.21940231323242,0.8581976890563965,25k,0.493194580078125,0,False,2.6464202404022217,3.5771520137786865,3.3458824157714844,3.8943755626678467,2.331613540649414,3.838434934616089,2.754420757293701,tg_voices_uk,whole_original_recording,0.0,tg_voices_uk_8cef74ffc5890af5678085c6
25k,3.6675710678100586,0.0,0,not_scored_no_time_aligned_reference,3.0,0.26617804169654846,4.5,"[""local_high_frequency_burst"", ""sigmos_overall_below_threshold"", ""sigmos_speech_below_threshold"", ""sigmos_coloration_below_threshold"", ""audiobox_pq_below_threshold"", ""ecapa_similarity_below_threshold""]",True,2,"[{""start_seconds"": 1.8, ""end_seconds"": 1.87}, {""start_seconds"": 2.5900000000000003, ""end_seconds"": 2.67}]",34.194637298583984,0.8777090311050415,25k,0.34283447265625,1,False,2.396533250808716,3.4130518436431885,3.246091365814209,3.6517839431762695,2.291660785675049,3.0332047939300537,2.641202449798584,tg_voices_uk,whole_original_recording,1.5,tg_voices_uk_8cef74ffc5890af5678085c6
25k,4.15296745300293,0.0,0,not_scored_no_time_aligned_reference,3.0,0.19785869121551514,5.461333333333333,"[""local_high_frequency_burst"", ""sigmos_overall_below_threshold"", ""sigmos_speech_below_threshold"", ""sigmos_coloration_below_threshold"", ""audiobox_pq_below_threshold"", ""ecapa_similarity_below_threshold""]",True,3,"[{""start_seconds"": 0.84, ""end_seconds"": 0.91}, {""start_seconds"": 1.63, ""end_seconds"": 1.71}, {""start_seconds"": 2.22, ""end_seconds"": 2.2899999999999996}]",33.927642822265625,0.874804675579071,25k,0.34283447265625,2,False,2.3162004947662354,3.2748405933380127,3.4297420978546143,3.4235758781433105,2.048476457595825,3.38199782371521,2.6948728561401367,tg_voices_uk,whole_original_recording,2.461333333333333,tg_voices_uk_8cef74ffc5890af5678085c6
25k,3.71213698387146,0.0,0,not_scored_no_time_aligned_reference,3.0,0.26352906227111816,3.0,"[""local_high_frequency_burst"", ""sigmos_overall_below_threshold"", ""sigmos_speech_below_threshold"", ""sigmos_coloration_below_threshold"", ""audiobox_pq_below_threshold"", ""ecapa_similarity_below_threshold""]",True,7,"[{""start_seconds"": 0.45, ""end_seconds"": 0.5700000000000001}, {""start_seconds"": 0.6799999999999999, ""end_seconds"": 0.76}, {""start_seconds"": 1.0, ""end_seconds"": 1.07}, {""start_seconds"": 1.1199999999999999, ""end_seconds"": 1.15}, {""start_seconds"": 1.66, ""end_seconds"": 1.74}, {""start_seconds"": 2.0900000000000003, ""end_seconds"": 2.1799999999999997}, {""start_seconds"": 2.37, ""end_seconds"": 2.44}]",30.112098693847656,0.883115828037262,25k,0.28271484375,0,False,2.95638108253479,3.4835917949676514,3.1689743995666504,3.6075313091278076,2.530500888824463,3.410658836364746,2.860917329788208,tg_voices_uk,whole_original_recording,0.0,tg_voices_uk_658efbc1e369460c1629ae86
25k,3.51546311378479,0.0,0,not_scored_no_time_aligned_reference,3.0,0.25875383615493774,3.4346666666666668,"[""local_high_frequency_burst"", ""sigmos_overall_below_threshold"", ""sigmos_speech_below_threshold"", ""sigmos_coloration_below_threshold"", ""audiobox_pq_below_threshold"", ""ecapa_similarity_below_threshold""]",True,5,"[{""start_seconds"": 0.5599999999999999, ""end_seconds"": 0.64}, {""start_seconds"": 0.6799999999999999, ""end_seconds"": 0.71}, {""start_seconds"": 1.23, ""end_seconds"": 1.31}, {""start_seconds"": 1.66, ""end_seconds"": 1.74}, {""start_seconds"": 1.94, ""end_seconds"": 2.0}]",31.894287109375,0.8862065076828003,25k,0.28271484375,1,False,1.9542865753173828,4.105711460113525,3.313197374343872,3.3933517932891846,2.2196810245513916,3.789935827255249,2.6375842094421387,tg_voices_uk,whole_original_recording,0.43466666666666665,tg_voices_uk_658efbc1e369460c1629ae86
25k,4.302087783813477,0.0,0,not_scored_no_time_aligned_reference,2.1653333333333333,0.16265268623828888,2.1653333333333333,"[""local_high_frequency_burst"", ""sigmos_overall_below_threshold"", ""sigmos_speech_below_threshold"", ""sigmos_coloration_below_threshold"", ""audiobox_pq_below_threshold"", ""ecapa_similarity_below_threshold""]",True,2,"[{""start_seconds"": 0.35, ""end_seconds"": 0.47000000000000003}, {""start_seconds"": 0.72, ""end_seconds"": 0.81}]",26.941848754882812,0.8824945092201233,25k,0.23919677734375,0,True,2.7085602283477783,3.439436674118042,3.4636929035186768,4.277059555053711,2.0871825218200684,3.5808417797088623,2.4942755699157715,tg_voices_uk,whole_original_recording,0.0,tg_voices_uk_f9e95512fa5b017dfd46cf6e
25k,4.322912216186523,0.0,0,not_scored_no_time_aligned_reference,3.0,0.1048208624124527,3.0,"[""local_high_frequency_burst"", ""sigmos_overall_below_threshold"", ""sigmos_speech_below_threshold"", ""audiobox_pq_below_threshold"", ""ecapa_similarity_below_threshold""]",True,1,"[{""start_seconds"": 1.6, ""end_seconds"": 1.69}]",27.226062774658203,0.7661293745040894,25k,0.45098876953125,0,False,3.31368350982666,3.14866042137146,3.3869879245758057,3.37921142578125,2.0504486560821533,3.0899479389190674,2.3108832836151123,tg_voices_uk,whole_original_recording,0.0,tg_voices_uk_7bcf5b98ce622bfff20ea714
25k,3.8209075927734375,0.0,0,not_scored_no_time_aligned_reference,3.0,0.0759073793888092,4.5,"[""local_high_frequency_burst"", ""sigmos_overall_below_threshold"", ""sigmos_speech_below_threshold"", ""audiobox_pq_below_threshold"", ""ecapa_similarity_below_threshold""]",True,1,"[{""start_seconds"": 0.1, ""end_seconds"": 0.19}]",25.54029083251953,0.7661293745040894,25k,0.45098876953125,1,False,3.8194708824157715,3.6119484901428223,3.7110989093780518,3.914320707321167,2.3230831623077393,3.6664295196533203,2.69303560256958,tg_voices_uk,whole_original_recording,1.5,tg_voices_uk_7bcf5b98ce622bfff20ea714
25k,4.816100597381592,0.0,0,not_scored_no_time_aligned_reference,3.0,0.11626185476779938,5.621333333333333,"[""sigmos_overall_below_threshold"", ""sigmos_speech_below_threshold"", ""sigmos_coloration_below_threshold"", ""audiobox_pq_below_threshold"", ""ecapa_similarity_below_threshold""]",True,0,[],23.87210464477539,0.11897050589323044,25k,0.399200439453125,2,False,2.3040828704833984,3.7727999687194824,3.4006733894348145,3.7550272941589355,1.7146999835968018,3.330535888671875,2.206873655319214,tg_voices_uk,whole_original_recording,2.6213333333333333,tg_voices_uk_7bcf5b98ce622bfff20ea714
25k,4.272921085357666,0.0,0,not_scored_no_time_aligned_reference,3.0,0.03302696347236633,3.0,"[""sigmos_overall_below_threshold"", ""sigmos_speech_below_threshold"", ""sigmos_coloration_below_threshold"", ""audiobox_pq_below_threshold"", ""ecapa_similarity_below_threshold""]",True,0,[],31.433475494384766,0.2891704738140106,25k,0.4112548828125,0,False,2.7661876678466797,3.20544695854187,3.448068857192993,3.8016257286071777,2.042022228240967,3.389662265777588,2.3266513347625732,tg_voices_uk,whole_original_recording,0.0,tg_voices_uk_d2784c8c0d91a188adcadd00
25k,4.056397438049316,0.0,0,not_scored_no_time_aligned_reference,3.0,0.009320002980530262,3.498666666666667,"[""sigmos_overall_below_threshold"", ""sigmos_speech_below_threshold"", ""sigmos_coloration_below_threshold"", ""audiobox_pq_below_threshold"", ""ecapa_similarity_below_threshold""]",True,0,[],31.396957397460938,0.296275794506073,25k,0.4112548828125,1,False,2.6100847721099854,3.5992071628570557,3.1712899208068848,3.329780340194702,2.2144973278045654,3.543445110321045,2.5445706844329834,tg_voices_uk,whole_original_recording,0.49866666666666665,tg_voices_uk_d2784c8c0d91a188adcadd00
25k,3.6073203086853027,0.0,0,not_scored_no_time_aligned_reference,3.0,0.0019147350685670972,3.0,"[""local_high_frequency_burst"", ""sigmos_overall_below_threshold"", ""sigmos_speech_below_threshold"", ""sigmos_coloration_below_threshold"", ""audiobox_pq_below_threshold"", ""ecapa_similarity_below_threshold""]",True,1,"[{""start_seconds"": 2.2300000000000004, ""end_seconds"": 2.3099999999999996}]",43.711669921875,0.69455486536026,25k,0.238433837890625,0,False,2.7084150314331055,3.580796241760254,3.258335590362549,4.16316032409668,1.875314474105835,3.2911365032196045,2.0587105751037598,tg_voices_uk,whole_original_recording,0.0,tg_voices_uk_defbb978b1122cbf24a17588
25k,3.7368295192718506,0.0,0,not_scored_no_time_aligned_reference,3.0,-0.0029643827583640814,3.8506666666666667,"[""local_high_frequency_burst"", ""sigmos_overall_below_threshold"", ""sigmos_speech_below_threshold"", ""sigmos_coloration_below_threshold"", ""audiobox_pq_below_threshold"", ""ecapa_similarity_below_threshold""]",True,2,"[{""start_seconds"": 1.38, ""end_seconds"": 1.46}, {""start_seconds"": 2.6500000000000004, ""end_seconds"": 2.75}]",35.52888107299805,0.8017330169677734,25k,0.238433837890625,1,False,2.4714417457580566,3.607985734939575,2.834233283996582,3.869234323501587,1.627741813659668,2.597007989883423,2.1220815181732178,tg_voices_uk,whole_original_recording,0.8506666666666667,tg_voices_uk_defbb978b1122cbf24a17588
25k,4.734642505645752,0.0,0,not_scored_no_time_aligned_reference,3.0,0.38742366433143616,3.0,"[""local_high_frequency_burst"", ""sigmos_overall_below_threshold"", ""sigmos_coloration_below_threshold"", ""audiobox_pq_below_threshold"", ""ecapa_similarity_below_threshold""]",True,3,"[{""start_seconds"": 0.96, ""end_seconds"": 1.1}, {""start_seconds"": 1.71, ""end_seconds"": 1.77}, {""start_seconds"": 2.64, ""end_seconds"": 2.73}]",40.299537658691406,0.829340934753418,25k,0.429901123046875,0,False,2.458810329437256,4.011734485626221,3.6568920612335205,4.309261322021484,2.409360885620117,3.011173963546753,3.2430365085601807,tg_voices_uk,whole_original_recording,0.0,tg_voices_uk_94c71638eb2c0cc6c0f109a7
25k,5.07213830947876,0.0,0,not_scored_no_time_aligned_reference,3.0,0.37407246232032776,3.136,"[""local_high_frequency_burst"", ""sigmos_overall_below_threshold"", ""sigmos_coloration_below_threshold"", ""ecapa_similarity_below_threshold""]",True,3,"[{""start_seconds"": 0.82, ""end_seconds"": 0.97}, {""start_seconds"": 1.58, ""end_seconds"": 1.6300000000000001}, {""start_seconds"": 2.5100000000000002, ""end_seconds"": 2.5999999999999996}]",40.340362548828125,0.8211371302604675,25k,0.429901123046875,1,False,2.4986960887908936,4.016298294067383,3.3054776191711426,3.86133074760437,2.35212779045105,2.5930352210998535,3.1376900672912598,tg_voices_uk,whole_original_recording,0.136,tg_voices_uk_94c71638eb2c0cc6c0f109a7
25k,5.211384296417236,0.0,0,not_scored_no_time_aligned_reference,2.912,0.4086497724056244,2.912,"[""local_high_frequency_burst"", ""sigmos_overall_below_threshold"", ""sigmos_speech_below_threshold"", ""sigmos_coloration_below_threshold"", ""sigmos_discontinuity_below_threshold"", ""ecapa_similarity_below_threshold""]",True,3,"[{""start_seconds"": 0.29, ""end_seconds"": 0.36}, {""start_seconds"": 0.51, ""end_seconds"": 0.62}, {""start_seconds"": 1.35, ""end_seconds"": 1.4}]",32.14548110961914,0.8362056612968445,25k,0.1591796875,0,True,1.7453904151916504,2.601393461227417,3.6358139514923096,3.3348846435546875,1.8773345947265625,3.0926034450531006,2.191559076309204,tg_voices_uk,whole_original_recording,0.0,tg_voices_uk_e4166b3ab320c8897abdec5b
25k,4.432797431945801,0.0,0,not_scored_no_time_aligned_reference,2.8053333333333335,0.1468641310930252,2.8053333333333335,"[""local_high_frequency_burst"", ""sigmos_overall_below_threshold"", ""sigmos_speech_below_threshold"", ""sigmos_coloration_below_threshold"", ""audiobox_pq_below_threshold"", ""ecapa_similarity_below_threshold""]",True,2,"[{""start_seconds"": 0.33, ""end_seconds"": 0.4}, {""start_seconds"": 2.06, ""end_seconds"": 2.1399999999999997}]",32.70451354980469,0.8731607794761658,25k,0.416656494140625,0,True,2.9752256870269775,3.2562780380249023,3.3532896041870117,3.9474356174468994,2.327038288116455,3.424525260925293,2.6153953075408936,tg_voices_uk,whole_original_recording,0.0,tg_voices_uk_592b1d26a9dd49fa2fa20b10
25k,3.9105019569396973,0.0,0,not_scored_no_time_aligned_reference,3.0,0.19082601368427277,3.0,"[""local_high_frequency_burst"", ""sigmos_overall_below_threshold"", ""sigmos_speech_below_threshold"", ""sigmos_coloration_below_threshold"", ""audiobox_pq_below_threshold"", ""ecapa_similarity_below_threshold""]",True,6,"[{""start_seconds"": 0.33, ""end_seconds"": 0.41000000000000003}, {""start_seconds"": 1.32, ""end_seconds"": 1.39}, {""start_seconds"": 1.65, ""end_seconds"": 1.72}, {""start_seconds"": 1.76, ""end_seconds"": 1.84}, {""start_seconds"": 2.37, ""end_seconds"": 2.44}, {""start_seconds"": 2.6300000000000003, ""end_seconds"": 2.71}]",33.18996047973633,0.9149794578552246,25k,0.35614013671875,0,False,2.3030600547790527,3.536597490310669,2.905599594116211,3.878727436065674,2.2374513149261475,3.469818353652954,2.818018674850464,ua_ser,whole_original_recording,0.0,ua_ser_d6c68dfbf248fbf4692d40ce
25k,4.252269744873047,0.0,0,not_scored_no_time_aligned_reference,3.0,0.19975392520427704,3.0933333333333333,"[""local_high_frequency_burst"", ""sigmos_overall_below_threshold"", ""sigmos_speech_below_threshold"", ""sigmos_coloration_below_threshold"", ""audiobox_pq_below_threshold"", ""ecapa_similarity_below_threshold""]",True,6,"[{""start_seconds"": 0.24, ""end_seconds"": 0.32}, {""start_seconds"": 1.23, ""end_seconds"": 1.3}, {""start_seconds"": 1.56, ""end_seconds"": 1.6300000000000001}, {""start_seconds"": 1.67, ""end_seconds"": 1.74}, {""start_seconds"": 2.2800000000000002, ""end_seconds"": 2.34}, {""start_seconds"": 2.5300000000000002, ""end_seconds"": 2.6199999999999997}]",38.472801208496094,0.9107699990272522,25k,0.35614013671875,1,False,2.338393211364746,4.077310562133789,2.781121253967285,4.186897277832031,1.9752607345581055,2.821798086166382,2.5152175426483154,ua_ser,whole_original_recording,0.09333333333333334,ua_ser_d6c68dfbf248fbf4692d40ce
25k,4.626826286315918,0.0,0,not_scored_no_time_aligned_reference,2.56,0.3204513192176819,2.56,"[""local_high_frequency_burst"", ""sigmos_overall_below_threshold"", ""sigmos_speech_below_threshold"", ""sigmos_coloration_below_threshold"", ""audiobox_pq_below_threshold"", ""ecapa_similarity_below_threshold""]",True,5,"[{""start_seconds"": 0.25, ""end_seconds"": 0.33}, {""start_seconds"": 0.63, ""end_seconds"": 0.6900000000000001}, {""start_seconds"": 0.76, ""end_seconds"": 0.87}, {""start_seconds"": 1.35, ""end_seconds"": 1.42}, {""start_seconds"": 1.67, ""end_seconds"": 1.77}]",34.0019645690918,0.8876954317092896,25k,0.193328857421875,0,True,2.90061616897583,3.4078752994537354,2.9837679862976074,3.3297595977783203,2.114053964614868,3.292469024658203,2.743565082550049,ua_ser,whole_original_recording,0.0,ua_ser_4db02e303300ab157338f3d7
25k,4.660840034484863,0.0,0,not_scored_no_time_aligned_reference,3.0,0.21350741386413574,3.0,"[""local_high_frequency_burst"", ""sigmos_overall_below_threshold"", ""sigmos_speech_below_threshold"", ""sigmos_coloration_below_threshold"", ""audiobox_pq_below_threshold"", ""ecapa_similarity_below_threshold""]",True,5,"[{""start_seconds"": 0.61, ""end_seconds"": 0.65}, {""start_seconds"": 1.17, ""end_seconds"": 1.22}, {""start_seconds"": 1.33, ""end_seconds"": 1.36}, {""start_seconds"": 1.51, ""end_seconds"": 1.57}, {""start_seconds"": 2.4800000000000004, ""end_seconds"": 2.5399999999999996}]",43.946502685546875,0.9093478918075562,25k,0.22076416015625,0,False,2.713704824447632,3.590911388397217,4.058652877807617,4.030709266662598,1.9896867275238037,3.2223286628723145,2.2620482444763184,ua_ser,whole_original_recording,0.0,ua_ser_95873e561061831fe2ce3310
25k,4.93580436706543,0.0,0,not_scored_no_time_aligned_reference,3.0,0.21858824789524078,3.3386666666666667,"[""local_high_frequency_burst"", ""sigmos_overall_below_threshold"", ""sigmos_speech_below_threshold"", ""sigmos_coloration_below_threshold"", ""audiobox_pq_below_threshold"", ""ecapa_similarity_below_threshold""]",True,6,"[{""start_seconds"": 0.27, ""end_seconds"": 0.32}, {""start_seconds"": 0.83, ""end_seconds"": 0.88}, {""start_seconds"": 1.0, ""end_seconds"": 1.03}, {""start_seconds"": 1.17, ""end_seconds"": 1.23}, {""start_seconds"": 1.27, ""end_seconds"": 1.29}, {""start_seconds"": 2.14, ""end_seconds"": 2.1999999999999997}]",25.636226654052734,0.9117645025253296,25k,0.19677734375,1,False,2.445800542831421,3.3627657890319824,3.673630952835083,3.6064889430999756,1.5964179039001465,3.240319013595581,1.942441463470459,ua_ser,whole_original_recording,0.33866666666666667,ua_ser_95873e561061831fe2ce3310
25k,4.11854362487793,0.0,0,not_scored_no_time_aligned_reference,3.0,0.15876524150371552,3.0,"[""sigmos_overall_below_threshold"", ""sigmos_speech_below_threshold"", ""sigmos_coloration_below_threshold"", ""audiobox_pq_below_threshold"", ""ecapa_similarity_below_threshold""]",True,0,[],47.083099365234375,0.3114334046840668,25k,0.304168701171875,0,False,2.3047304153442383,3.2870750427246094,3.6583242416381836,3.6469712257385254,1.6591134071350098,3.4511799812316895,2.086146116256714,ua_ser,whole_original_recording,0.0,ua_ser_be9977a80fcda0f71ba3276e
25k,3.9782304763793945,0.0,0,not_scored_no_time_aligned_reference,3.0,0.17221418023109436,3.168,"[""sigmos_overall_below_threshold"", ""sigmos_speech_below_threshold"", ""sigmos_coloration_below_threshold"", ""sigmos_discontinuity_below_threshold"", ""audiobox_pq_below_threshold"", ""ecapa_similarity_below_threshold""]",True,0,[],21.775772094726562,0.3014317452907562,25k,0.304168701171875,1,False,2.0328595638275146,2.910135269165039,3.3160133361816406,4.102633476257324,1.410846471786499,2.65644907951355,1.6493523120880127,ua_ser,whole_original_recording,0.168,ua_ser_be9977a80fcda0f71ba3276e
25k,3.823301315307617,0.0,0,not_scored_no_time_aligned_reference,3.0,0.22294270992279053,3.0,"[""local_high_frequency_burst"", ""sigmos_overall_below_threshold"", ""sigmos_speech_below_threshold"", ""sigmos_coloration_below_threshold"", ""audiobox_pq_below_threshold"", ""ecapa_similarity_below_threshold""]",True,2,"[{""start_seconds"": 0.54, ""end_seconds"": 0.59}, {""start_seconds"": 0.67, ""end_seconds"": 0.73}]",28.07915496826172,0.7746320962905884,25k,0.40899658203125,0,False,2.7836549282073975,3.515021562576294,3.242037773132324,3.811108350753784,2.1194396018981934,3.464937925338745,2.485055446624756,ua_ser,whole_original_recording,0.0,ua_ser_c5c3ca730d3535260dae5823
25k,3.8822684288024902,0.0,0,not_scored_no_time_aligned_reference,3.0,0.2524488866329193,4.309333333333333,"[""sigmos_overall_below_threshold"", ""sigmos_speech_below_threshold"", ""sigmos_coloration_below_threshold"", ""audiobox_pq_below_threshold"", ""ecapa_similarity_below_threshold""]",True,0,[],31.350494384765625,0.33293044567108154,25k,0.40899658203125,1,False,2.196155548095703,3.166557550430298,3.525059938430786,3.8021774291992188,2.064241886138916,3.9212796688079834,2.463822364807129,ua_ser,whole_original_recording,1.3093333333333332,ua_ser_c5c3ca730d3535260dae5823
25k,4.437673091888428,0.0,0,not_scored_no_time_aligned_reference,2.528,0.09914989769458771,2.528,"[""local_high_frequency_burst"", ""sigmos_overall_below_threshold"", ""sigmos_speech_below_threshold"", ""sigmos_coloration_below_threshold"", ""audiobox_pq_below_threshold"", ""ecapa_similarity_below_threshold""]",True,3,"[{""start_seconds"": 0.6799999999999999, ""end_seconds"": 0.77}, {""start_seconds"": 1.04, ""end_seconds"": 1.11}, {""start_seconds"": 2.16, ""end_seconds"": 2.23}]",37.35905075073242,0.7909906506538391,25k,0.493072509765625,0,True,2.526494264602661,3.7173423767089844,3.5092103481292725,4.128087043762207,2.0484800338745117,3.852921485900879,2.1715517044067383,ua_ser,whole_original_recording,0.0,ua_ser_c01c2b06a83071c907a0b6f4
25k,5.042284965515137,0.0,0,not_scored_no_time_aligned_reference,2.8586666666666667,0.16841498017311096,2.8586666666666667,"[""local_high_frequency_burst"", ""sigmos_overall_below_threshold"", ""sigmos_speech_below_threshold"", ""sigmos_coloration_below_threshold"", ""ecapa_similarity_below_threshold""]",True,4,"[{""start_seconds"": 0.42, ""end_seconds"": 0.49}, {""start_seconds"": 1.48, ""end_seconds"": 1.6}, {""start_seconds"": 1.95, ""end_seconds"": 2.0599999999999996}, {""start_seconds"": 2.3600000000000003, ""end_seconds"": 2.38}]",31.55040740966797,0.901469349861145,25k,0.2447509765625,0,True,2.7363393306732178,3.3215765953063965,2.473888635635376,3.2067465782165527,1.706054449081421,2.679232120513916,2.4968786239624023,ua_ser,whole_original_recording,0.0,ua_ser_ca8ff0246855dce7bf315b3e
25k,3.9625532627105713,0.0,0,not_scored_no_time_aligned_reference,2.6026666666666665,0.27522721886634827,2.6026666666666665,"[""local_high_frequency_burst"", ""sigmos_overall_below_threshold"", ""sigmos_speech_below_threshold"", ""sigmos_noise_below_threshold"", ""sigmos_coloration_below_threshold"", ""audiobox_pq_below_threshold"", ""ecapa_similarity_below_threshold""]",True,2,"[{""start_seconds"": 1.4, ""end_seconds"": 1.46}, {""start_seconds"": 1.94, ""end_seconds"": 2.0199999999999996}]",30.115436553955078,0.9038945436477661,25k,0.2235107421875,0,True,2.2444310188293457,3.9340295791625977,3.166821241378784,2.5103087425231934,1.3822059631347656,3.3659205436706543,1.684847116470337,ua_ser,whole_original_recording,0.0,ua_ser_be37bb89df5984c587d20c82
25k,5.0458173751831055,0.0,0,not_scored_no_time_aligned_reference,3.0,0.2865249812602997,3.0,"[""local_high_frequency_burst"", ""sigmos_overall_below_threshold"", ""sigmos_speech_below_threshold"", ""sigmos_coloration_below_threshold"", ""ecapa_similarity_below_threshold""]",True,2,"[{""start_seconds"": 0.96, ""end_seconds"": 0.98}, {""start_seconds"": 1.48, ""end_seconds"": 1.57}]",34.24405288696289,0.8425833582878113,25k,0.19964599609375,0,False,2.037973642349243,3.4143266677856445,3.409979820251465,4.088498115539551,1.4230387210845947,3.3219919204711914,1.4408507347106934,ua_ser,whole_original_recording,0.0,ua_ser_2078f4fcf073d7a5d6bd7c09
25k,6.007791519165039,0.0,0,not_scored_no_time_aligned_reference,3.0,0.2779698371887207,3.328,"[""local_high_frequency_burst"", ""sigmos_overall_below_threshold"", ""sigmos_speech_below_threshold"", ""sigmos_coloration_below_threshold"", ""ecapa_similarity_below_threshold""]",True,3,"[{""start_seconds"": 0.64, ""end_seconds"": 0.66}, {""start_seconds"": 1.15, ""end_seconds"": 1.24}, {""start_seconds"": 2.7600000000000002, ""end_seconds"": 2.86}]",34.46955108642578,0.8422854542732239,25k,0.19964599609375,1,False,2.7370781898498535,3.79402756690979,4.168410301208496,3.767789363861084,1.9385385513305664,3.3012492656707764,2.074037790298462,ua_ser,whole_original_recording,0.328,ua_ser_2078f4fcf073d7a5d6bd7c09
25k,4.442816734313965,0.0,0,not_scored_no_time_aligned_reference,3.0,0.3488648533821106,3.0,"[""local_high_frequency_burst"", ""sigmos_overall_below_threshold"", ""sigmos_speech_below_threshold"", ""sigmos_coloration_below_threshold"", ""audiobox_pq_below_threshold"", ""ecapa_similarity_below_threshold""]",True,2,"[{""start_seconds"": 0.25, ""end_seconds"": 0.34}, {""start_seconds"": 2.5, ""end_seconds"": 2.5599999999999996}]",40.356910705566406,0.8733279705047607,25k,0.19451904296875,0,False,2.4251129627227783,3.4096133708953857,2.8531265258789062,3.170684814453125,1.6854703426361084,3.467273235321045,2.341689348220825,ua_ser,whole_original_recording,0.0,ua_ser_36bd6142702dc47dc2a92a52
25k,4.467101097106934,0.0,0,not_scored_no_time_aligned_reference,3.0,0.3324158787727356,3.1573333333333333,"[""local_high_frequency_burst"", ""sigmos_overall_below_threshold"", ""sigmos_speech_below_threshold"", ""sigmos_coloration_below_threshold"", ""audiobox_pq_below_threshold"", ""ecapa_similarity_below_threshold""]",True,2,"[{""start_seconds"": 0.1, ""end_seconds"": 0.18000000000000002}, {""start_seconds"": 2.3400000000000003, ""end_seconds"": 2.4}]",39.59592056274414,0.8673655986785889,25k,0.19451904296875,1,False,2.470498561859131,3.3247454166412354,3.095264196395874,3.4509027004241943,1.537801742553711,3.3635199069976807,2.0229055881500244,ua_ser,whole_original_recording,0.15733333333333333,ua_ser_36bd6142702dc47dc2a92a52
25k,3.85149884223938,0.0,0,not_scored_no_time_aligned_reference,2.2506666666666666,0.1734449565410614,2.2506666666666666,"[""local_high_frequency_burst"", ""sigmos_overall_below_threshold"", ""sigmos_speech_below_threshold"", ""sigmos_coloration_below_threshold"", ""sigmos_discontinuity_below_threshold"", ""audiobox_pq_below_threshold"", ""ecapa_similarity_below_threshold""]",True,3,"[{""start_seconds"": 0.78, ""end_seconds"": 0.91}, {""start_seconds"": 1.2, ""end_seconds"": 1.28}, {""start_seconds"": 1.39, ""end_seconds"": 1.42}]",30.342388153076172,0.9213244915008545,25k,0.297271728515625,0,True,2.6067402362823486,2.9428927898406982,3.4656882286071777,3.590510606765747,1.4037647247314453,2.693066358566284,1.657273292541504,ua_ser,whole_original_recording,0.0,ua_ser_cb7a724e58c70d6742da4d92
25k,4.892099380493164,0.0,0,not_scored_no_time_aligned_reference,2.485333333333333,0.13460931181907654,2.485333333333333,"[""local_high_frequency_burst"", ""sigmos_overall_below_threshold"", ""sigmos_speech_below_threshold"", ""sigmos_coloration_below_threshold"", ""audiobox_pq_below_threshold"", ""ecapa_similarity_below_threshold""]",True,4,"[{""start_seconds"": 0.16, ""end_seconds"": 0.23}, {""start_seconds"": 0.63, ""end_seconds"": 0.71}, {""start_seconds"": 1.45, ""end_seconds"": 1.56}, {""start_seconds"": 1.74, ""end_seconds"": 1.78}]",32.47843933105469,0.8552448749542236,25k,0.167327880859375,0,True,2.60180401802063,3.609757423400879,3.631532669067383,4.058014869689941,2.1622304916381836,3.083498239517212,2.7249958515167236,ukr_dialects,whole_original_recording,0.0,ukr_dialects_14f40dc5678bd3ac85b3e330
25k,4.573102951049805,0.0,0,not_scored_no_time_aligned_reference,2.0693333333333332,0.23234491050243378,2.0693333333333332,"[""local_high_frequency_burst"", ""sigmos_overall_below_threshold"", ""sigmos_speech_below_threshold"", ""sigmos_noise_below_threshold"", ""sigmos_coloration_below_threshold"", ""audiobox_pq_below_threshold"", ""ecapa_similarity_below_threshold""]",True,2,"[{""start_seconds"": 0.76, ""end_seconds"": 0.79}, {""start_seconds"": 1.14, ""end_seconds"": 1.18}]",30.549785614013672,0.8228257894515991,25k,0.1063232421875,0,True,2.785888910293579,3.9113612174987793,3.480957269668579,2.701693534851074,1.5870301723480225,3.8628365993499756,2.289999008178711,ukr_dialects,whole_original_recording,0.0,ukr_dialects_c9a613ab99857675ac59ec10
25k,5.1925578117370605,0.0,0,not_scored_no_time_aligned_reference,3.0,0.21327070891857147,3.0,"[""local_high_frequency_burst"", ""sigmos_overall_below_threshold"", ""sigmos_speech_below_threshold"", ""sigmos_coloration_below_threshold"", ""sigmos_discontinuity_below_threshold"", ""ecapa_similarity_below_threshold""]",True,4,"[{""start_seconds"": 0.38, ""end_seconds"": 0.49}, {""start_seconds"": 0.76, ""end_seconds"": 0.89}, {""start_seconds"": 1.44, ""end_seconds"": 1.48}, {""start_seconds"": 2.56, ""end_seconds"": 2.59}]",29.342315673828125,0.8603429198265076,25k,0.185516357421875,0,False,2.687056541442871,2.4180850982666016,2.619476318359375,3.3556981086730957,1.4416968822479248,3.6303768157958984,1.969822645187378,ukr_dialects,whole_original_recording,0.0,ukr_dialects_42c43b458a4ba7f7e394401b
25k,4.575226306915283,0.0,0,not_scored_no_time_aligned_reference,3.0,0.21224309504032135,4.5,"[""local_high_frequency_burst"", ""sigmos_overall_below_threshold"", ""sigmos_speech_below_threshold"", ""sigmos_coloration_below_threshold"", ""sigmos_discontinuity_below_threshold"", ""audiobox_pq_below_threshold"", ""ecapa_similarity_below_threshold""]",True,1,"[{""start_seconds"": 1.06, ""end_seconds"": 1.09}]",25.03884506225586,0.5390655398368835,25k,0.227447509765625,1,False,2.026818037033081,2.719874382019043,3.2145731449127197,3.213061809539795,2.1426727771759033,3.706376552581787,2.640597343444824,ukr_dialects,whole_original_recording,1.5,ukr_dialects_42c43b458a4ba7f7e394401b
25k,4.357875823974609,0.0,0,not_scored_no_time_aligned_reference,3.0,0.20597529411315918,4.8853333333333335,"[""local_high_frequency_burst"", ""sigmos_overall_below_threshold"", ""sigmos_speech_below_threshold"", ""sigmos_coloration_below_threshold"", ""sigmos_discontinuity_below_threshold"", ""audiobox_pq_below_threshold"", ""ecapa_similarity_below_threshold""]",True,3,"[{""start_seconds"": 0.12000000000000001, ""end_seconds"": 0.14}, {""start_seconds"": 0.67, ""end_seconds"": 0.6900000000000001}, {""start_seconds"": 2.68, ""end_seconds"": 2.7699999999999996}]",36.424659729003906,0.9164682626724243,25k,0.227447509765625,2,False,2.114784002304077,2.947970151901245,3.0196635723114014,3.5185139179229736,1.8342018127441406,3.6723852157592773,2.1486024856567383,ukr_dialects,whole_original_recording,1.8853333333333333,ukr_dialects_42c43b458a4ba7f7e394401b
25k,5.679175853729248,0.0,0,not_scored_no_time_aligned_reference,1.7813333333333334,0.21755942702293396,1.7813333333333334,"[""local_high_frequency_burst"", ""sigmos_overall_below_threshold"", ""sigmos_speech_below_threshold"", ""sigmos_discontinuity_below_threshold"", ""ecapa_similarity_below_threshold""]",True,1,"[{""start_seconds"": 1.02, ""end_seconds"": 1.08}]",26.429584503173828,0.8278293609619141,25k,0.0936279296875,0,True,3.13169527053833,2.7783875465393066,3.223466396331787,3.812819004058838,1.61415696144104,3.3958382606506348,1.8103454113006592,ukr_dialects,whole_original_recording,0.0,ukr_dialects_0eefe6109d11f03c6f8626b6
25k,4.541508197784424,0.0,0,not_scored_no_time_aligned_reference,2.6666666666666665,0.16549967229366302,2.6666666666666665,"[""local_high_frequency_burst"", ""sigmos_overall_below_threshold"", ""audiobox_pq_below_threshold"", ""ecapa_similarity_below_threshold""]",True,3,"[{""start_seconds"": 0.22, ""end_seconds"": 0.27}, {""start_seconds"": 0.6, ""end_seconds"": 0.68}, {""start_seconds"": 1.53, ""end_seconds"": 1.56}]",28.586544036865234,0.7199293375015259,25k,0.211578369140625,0,True,3.6938698291778564,4.015430927276611,3.384901762008667,3.232670783996582,2.3238627910614014,3.2334606647491455,3.696190118789673,ukr_dialects,whole_original_recording,0.0,ukr_dialects_d2ba80d943e6a61f32205558
25k,3.9583821296691895,0.0,0,not_scored_no_time_aligned_reference,3.0,0.1538573056459427,3.0,"[""local_high_frequency_burst"", ""sigmos_overall_below_threshold"", ""sigmos_speech_below_threshold"", ""sigmos_coloration_below_threshold"", ""audiobox_pq_below_threshold"", ""ecapa_similarity_below_threshold""]",True,4,"[{""start_seconds"": 0.25, ""end_seconds"": 0.33}, {""start_seconds"": 0.73, ""end_seconds"": 0.79}, {""start_seconds"": 1.23, ""end_seconds"": 1.3}, {""start_seconds"": 1.72, ""end_seconds"": 1.79}]",35.31281661987305,0.9178644418716431,25k,0.362335205078125,0,False,2.819366455078125,3.869328260421753,3.6728017330169678,3.3745195865631104,2.2816855907440186,3.6740918159484863,2.8529775142669678,ukr_dialects,whole_original_recording,0.0,ukr_dialects_442b03ee21902c3d4d221437
25k,4.504124641418457,0.0,0,not_scored_no_time_aligned_reference,3.0,0.15543778240680695,4.5,"[""local_high_frequency_burst"", ""sigmos_overall_below_threshold"", ""sigmos_speech_below_threshold"", ""audiobox_pq_below_threshold"", ""ecapa_similarity_below_threshold""]",True,3,"[{""start_seconds"": 0.22, ""end_seconds"": 0.29000000000000004}, {""start_seconds"": 1.55, ""end_seconds"": 1.65}, {""start_seconds"": 2.06, ""end_seconds"": 2.15}]",33.207908630371094,0.9178644418716431,25k,0.39459228515625,1,False,3.509772777557373,3.8124985694885254,3.559229612350464,3.338102102279663,1.9525485038757324,2.801872968673706,2.235651731491089,ukr_dialects,whole_original_recording,1.5,ukr_dialects_442b03ee21902c3d4d221437
25k,4.580801963806152,0.0,0,not_scored_no_time_aligned_reference,3.0,0.11025214195251465,6.0,"[""local_high_frequency_burst"", ""sigmos_overall_below_threshold"", ""sigmos_speech_below_threshold"", ""sigmos_coloration_below_threshold"", ""sigmos_discontinuity_below_threshold"", ""audiobox_pq_below_threshold"", ""ecapa_similarity_below_threshold""]",True,3,"[{""start_seconds"": 0.049999999999999996, ""end_seconds"": 0.15000000000000002}, {""start_seconds"": 0.5599999999999999, ""end_seconds"": 0.65}, {""start_seconds"": 2.3200000000000003, ""end_seconds"": 2.3499999999999996}]",31.06678009033203,0.8642622828483582,25k,0.39459228515625,2,False,2.473337173461914,2.929403781890869,3.4948537349700928,3.516425609588623,2.066589593887329,3.261829376220703,2.617596387863159,ukr_dialects,whole_original_recording,3.0,ukr_dialects_442b03ee21902c3d4d221437
25k,4.581117153167725,0.0,0,not_scored_no_time_aligned_reference,3.0,0.09224029630422592,7.5,"[""local_high_frequency_burst"", ""sigmos_overall_below_threshold"", ""sigmos_speech_below_threshold"", ""sigmos_noise_below_threshold"", ""sigmos_coloration_below_threshold"", ""sigmos_discontinuity_below_threshold"", ""audiobox_pq_below_threshold"", ""ecapa_similarity_below_threshold""]",True,2,"[{""start_seconds"": 0.82, ""end_seconds"": 0.85}, {""start_seconds"": 1.67, ""end_seconds"": 1.71}]",24.692672729492188,0.7552887797355652,25k,0.4033203125,3,False,1.958556890487671,2.694902181625366,3.444429636001587,2.9814631938934326,1.475553274154663,3.672518253326416,1.6672894954681396,ukr_dialects,whole_original_recording,4.5,ukr_dialects_442b03ee21902c3d4d221437
25k,4.4205522537231445,0.0,0,not_scored_no_time_aligned_reference,3.0,0.16238953173160553,9.0,"[""local_high_frequency_burst"", ""sigmos_overall_below_threshold"", ""sigmos_speech_below_threshold"", ""sigmos_noise_below_threshold"", ""sigmos_discontinuity_below_threshold"", ""audiobox_pq_below_threshold"", ""ecapa_similarity_below_threshold""]",True,2,"[{""start_seconds"": 0.16999999999999998, ""end_seconds"": 0.21000000000000002}, {""start_seconds"": 2.5500000000000003, ""end_seconds"": 2.65}]",28.896068572998047,0.8815654516220093,25k,0.4033203125,4,False,3.0243067741394043,2.479372501373291,3.0594522953033447,2.5741028785705566,1.5216495990753174,3.082886219024658,1.9548659324645996,ukr_dialects,whole_original_recording,6.0,ukr_dialects_442b03ee21902c3d4d221437
25k,4.146320343017578,0.0,0,not_scored_no_time_aligned_reference,3.0,0.13860735297203064,10.5,"[""local_high_frequency_burst"", ""sigmos_overall_below_threshold"", ""sigmos_speech_below_threshold"", ""sigmos_coloration_below_threshold"", ""audiobox_pq_below_threshold"", ""ecapa_similarity_below_threshold""]",True,2,"[{""start_seconds"": 1.05, ""end_seconds"": 1.15}, {""start_seconds"": 2.6300000000000003, ""end_seconds"": 2.67}]",30.201419830322266,0.8815654516220093,25k,0.399688720703125,5,False,2.58432674407959,3.5737054347991943,3.281416893005371,3.6115808486938477,1.9466629028320312,2.7373361587524414,2.2173526287078857,ukr_dialects,whole_original_recording,7.5,ukr_dialects_442b03ee21902c3d4d221437
25k,4.223071098327637,0.0,0,not_scored_no_time_aligned_reference,3.0,0.12504789233207703,12.0,"[""local_high_frequency_burst"", ""sigmos_overall_below_threshold"", ""sigmos_speech_below_threshold"", ""sigmos_coloration_below_threshold"", ""audiobox_pq_below_threshold"", ""ecapa_similarity_below_threshold""]",True,4,"[{""start_seconds"": 1.13, ""end_seconds"": 1.17}, {""start_seconds"": 1.78, ""end_seconds"": 1.84}, {""start_seconds"": 1.91, ""end_seconds"": 1.99}, {""start_seconds"": 2.35, ""end_seconds"": 2.4299999999999997}]",28.382152557373047,0.8600819706916809,25k,0.399688720703125,6,False,2.622708559036255,4.437124729156494,3.0781188011169434,3.2560203075408936,2.06170916557312,3.7345919609069824,2.6686713695526123,ukr_dialects,whole_original_recording,9.0,ukr_dialects_442b03ee21902c3d4d221437
25k,4.639416217803955,0.0,0,not_scored_no_time_aligned_reference,3.0,0.08274723589420319,13.5,"[""local_high_frequency_burst"", ""sigmos_overall_below_threshold"", ""sigmos_speech_below_threshold"", ""sigmos_coloration_below_threshold"", ""audiobox_pq_below_threshold"", ""ecapa_similarity_below_threshold""]",True,4,"[{""start_seconds"": 0.27999999999999997, ""end_seconds"": 0.33}, {""start_seconds"": 0.41, ""end_seconds"": 0.49}, {""start_seconds"": 0.85, ""end_seconds"": 0.93}, {""start_seconds"": 2.33, ""end_seconds"": 2.4099999999999997}]",28.382152557373047,0.8600819706916809,25k,0.37451171875,7,False,2.967696189880371,3.9997620582580566,4.133708477020264,3.9631001949310303,2.0166256427764893,3.706141471862793,2.4001054763793945,ukr_dialects,whole_original_recording,10.5,ukr_dialects_442b03ee21902c3d4d221437
25k,4.425713062286377,0.0,0,not_scored_no_time_aligned_reference,3.0,0.1189611628651619,13.664,"[""local_high_frequency_burst"", ""sigmos_overall_below_threshold"", ""sigmos_speech_below_threshold"", ""sigmos_coloration_below_threshold"", ""audiobox_pq_below_threshold"", ""ecapa_similarity_below_threshold""]",True,4,"[{""start_seconds"": 0.12000000000000001, ""end_seconds"": 0.17}, {""start_seconds"": 0.24, ""end_seconds"": 0.33}, {""start_seconds"": 0.6799999999999999, ""end_seconds"": 0.77}, {""start_seconds"": 2.1700000000000004, ""end_seconds"": 2.25}]",27.72718048095703,0.8669419884681702,25k,0.360107421875,8,False,2.9511499404907227,3.7710137367248535,4.154898643493652,4.029736518859863,2.0812957286834717,3.4830706119537354,2.6012396812438965,ukr_dialects,whole_original_recording,10.664,ukr_dialects_442b03ee21902c3d4d221437
25k,4.480329513549805,0.0,0,not_scored_no_time_aligned_reference,3.0,0.23753665387630463,3.0,"[""local_high_frequency_burst"", ""sigmos_overall_below_threshold"", ""sigmos_speech_below_threshold"", ""sigmos_coloration_below_threshold"", ""audiobox_pq_below_threshold"", ""ecapa_similarity_below_threshold""]",True,1,"[{""start_seconds"": 2.0100000000000002, ""end_seconds"": 2.09}]",23.850027084350586,0.7883427739143372,25k,0.6171875,0,False,2.7704989910125732,3.2571263313293457,3.015770673751831,3.8430733680725098,2.0883095264434814,3.489504098892212,2.430974245071411,ukr_dialects,whole_original_recording,0.0,ukr_dialects_e4a3ec15f8d201178b55b96b
25k,4.514773368835449,0.0,0,not_scored_no_time_aligned_reference,3.0,0.24964039027690887,3.072,"[""local_high_frequency_burst"", ""sigmos_overall_below_threshold"", ""sigmos_speech_below_threshold"", ""sigmos_coloration_below_threshold"", ""sigmos_discontinuity_below_threshold"", ""audiobox_pq_below_threshold"", ""ecapa_similarity_below_threshold""]",True,1,"[{""start_seconds"": 1.94, ""end_seconds"": 2.01}]",23.649003982543945,0.7882053256034851,25k,0.6171875,1,False,2.5872461795806885,2.9313111305236816,3.1517412662506104,3.573500156402588,2.2136170864105225,3.149745225906372,2.7560484409332275,ukr_dialects,whole_original_recording,0.072,ukr_dialects_e4a3ec15f8d201178b55b96b
25k,3.7196907997131348,0.0,0,not_scored_no_time_aligned_reference,3.0,0.20319941639900208,3.0,"[""local_high_frequency_burst"", ""sigmos_overall_below_threshold"", ""sigmos_speech_below_threshold"", ""sigmos_coloration_below_threshold"", ""audiobox_pq_below_threshold"", ""ecapa_similarity_below_threshold""]",True,2,"[{""start_seconds"": 1.13, ""end_seconds"": 1.22}, {""start_seconds"": 2.1, ""end_seconds"": 2.17}]",27.31549835205078,0.8139222264289856,25k,0.517364501953125,0,False,2.413267135620117,3.236196994781494,3.174351692199707,3.22029709815979,1.6410412788391113,3.2081031799316406,1.8988621234893799,ukr_dialects,whole_original_recording,0.0,ukr_dialects_26bd5284900929a4d9a86064
25k,3.969656467437744,0.0,0,not_scored_no_time_aligned_reference,3.0,0.21835598349571228,3.530666666666667,"[""local_high_frequency_burst"", ""sigmos_overall_below_threshold"", ""sigmos_speech_below_threshold"", ""sigmos_coloration_below_threshold"", ""audiobox_pq_below_threshold"", ""ecapa_similarity_below_threshold""]",True,2,"[{""start_seconds"": 0.6, ""end_seconds"": 0.6900000000000001}, {""start_seconds"": 1.57, ""end_seconds"": 1.64}]",27.43454360961914,0.8123317956924438,25k,0.479400634765625,1,False,2.104264497756958,3.6232523918151855,2.769097328186035,3.307863712310791,1.5860850811004639,3.4093377590179443,1.9967632293701172,ukr_dialects,whole_original_recording,0.5306666666666666,ukr_dialects_26bd5284900929a4d9a86064
25k,4.979745864868164,0.0,0,not_scored_no_time_aligned_reference,2.7093333333333334,0.2604904770851135,2.7093333333333334,"[""local_high_frequency_burst"", ""sigmos_overall_below_threshold"", ""sigmos_speech_below_threshold"", ""sigmos_coloration_below_threshold"", ""sigmos_discontinuity_below_threshold"", ""audiobox_pq_below_threshold"", ""ecapa_similarity_below_threshold""]",True,2,"[{""start_seconds"": 1.06, ""end_seconds"": 1.19}, {""start_seconds"": 1.39, ""end_seconds"": 1.49}]",28.011497497558594,0.8762774467468262,25k,0.170562744140625,0,True,2.9783756732940674,2.6744062900543213,3.2965285778045654,3.9767236709594727,1.933011770248413,3.4630088806152344,2.288231134414673,ukr_dialects,whole_original_recording,0.0,ukr_dialects_5c9b20aa91ead2216a51af30
25k,4.726420879364014,0.0,0,not_scored_no_time_aligned_reference,3.0,0.2453116625547409,3.0,"[""local_high_frequency_burst"", ""sigmos_overall_below_threshold"", ""sigmos_speech_below_threshold"", ""sigmos_coloration_below_threshold"", ""audiobox_pq_below_threshold"", ""ecapa_similarity_below_threshold""]",True,1,"[{""start_seconds"": 0.09000000000000001, ""end_seconds"": 0.14}]",30.717817306518555,0.7003315687179565,25k,0.691864013671875,0,False,2.6414525508880615,3.0997464656829834,2.503309488296509,4.333456039428711,1.195753574371338,3.4584288597106934,1.4932451248168945,ukr_dialects,whole_original_recording,0.0,ukr_dialects_6403b08094c17ab1c874b596
25k,4.140829086303711,0.0,0,not_scored_no_time_aligned_reference,3.0,0.2652006149291992,4.085333333333334,"[""local_high_frequency_burst"", ""sigmos_overall_below_threshold"", ""audiobox_pq_below_threshold"", ""ecapa_similarity_below_threshold""]",True,2,"[{""start_seconds"": 2.22, ""end_seconds"": 2.28}, {""start_seconds"": 2.4400000000000004, ""end_seconds"": 2.55}]",27.857458114624023,0.7266759872436523,25k,0.678985595703125,1,False,3.3309998512268066,3.601038932800293,3.215744733810425,3.6153767108917236,2.657402753829956,3.0030388832092285,3.4467294216156006,ukr_dialects,whole_original_recording,1.0853333333333333,ukr_dialects_6403b08094c17ab1c874b596
25k,5.320173263549805,0.0,0,not_scored_no_time_aligned_reference,3.0,0.27038678526878357,3.0,"[""local_high_frequency_burst"", ""sigmos_overall_below_threshold"", ""sigmos_speech_below_threshold"", ""sigmos_coloration_below_threshold"", ""sigmos_discontinuity_below_threshold"", ""ecapa_similarity_below_threshold""]",True,2,"[{""start_seconds"": 1.6199999999999999, ""end_seconds"": 1.73}, {""start_seconds"": 1.83, ""end_seconds"": 1.9}]",30.187957763671875,0.8824395537376404,25k,0.21246337890625,0,False,2.7977638244628906,2.5477404594421387,2.9546892642974854,3.8017055988311768,1.3744802474975586,3.338648557662964,1.6394538879394531,ukr_dialects,whole_original_recording,0.0,ukr_dialects_93b487a5c9809179531e12cb
25k,5.704065799713135,0.0,0,not_scored_no_time_aligned_reference,3.0,0.23165656626224518,4.192,"[""local_high_frequency_burst"", ""sigmos_overall_below_threshold"", ""sigmos_speech_below_threshold"", ""sigmos_coloration_below_threshold"", ""ecapa_similarity_below_threshold""]",True,5,"[{""start_seconds"": 0.43, ""end_seconds"": 0.54}, {""start_seconds"": 0.64, ""end_seconds"": 0.71}, {""start_seconds"": 1.46, ""end_seconds"": 1.48}, {""start_seconds"": 2.0900000000000003, ""end_seconds"": 2.1999999999999997}, {""start_seconds"": 2.79, ""end_seconds"": 2.8299999999999996}]",31.09189224243164,0.9149835109710693,25k,0.1524658203125,1,False,2.326120138168335,3.339672565460205,3.316498041152954,3.8754525184631348,1.9688429832458496,3.73689603805542,2.3000669479370117,ukr_dialects,whole_original_recording,1.192,ukr_dialects_93b487a5c9809179531e12cb
50k,6.8612380027771,0.0,0,not_scored_no_time_aligned_reference,2.6666666666666665,0.41820836067199707,2.6666666666666665,"[""local_high_frequency_burst"", ""sigmos_overall_below_threshold"", ""ecapa_similarity_below_threshold""]",True,2,"[{""start_seconds"": 1.08, ""end_seconds"": 1.17}, {""start_seconds"": 1.74, ""end_seconds"": 1.8}]",39.72877502441406,0.854079008102417,50k,0.32220458984375,0,True,3.129146099090576,3.687192916870117,3.390582799911499,4.108572959899902,2.9596426486968994,3.9055464267730713,3.2168989181518555,common_voice_available_uk,whole_original_recording,0.0,common_voice_available_uk_c02c7293451907b932c31154
50k,6.489537715911865,0.0,0,not_scored_no_time_aligned_reference,3.0,0.33982354402542114,3.0,"[""local_high_frequency_burst"", ""sigmos_overall_below_threshold"", ""sigmos_speech_below_threshold"", ""sigmos_coloration_below_threshold"", ""ecapa_similarity_below_threshold""]",True,2,"[{""start_seconds"": 1.9, ""end_seconds"": 1.95}, {""start_seconds"": 2.6900000000000004, ""end_seconds"": 2.75}]",27.87488555908203,0.7084372043609619,50k,0.43878173828125,0,False,2.8475475311279297,3.7382960319519043,3.890019655227661,3.9977986812591553,2.4391512870788574,3.663031578063965,2.842038631439209,common_voice_available_uk,whole_original_recording,0.0,common_voice_available_uk_a8a1cc063c9dd80b0b56c7f8
50k,6.777888774871826,0.0,0,not_scored_no_time_aligned_reference,3.0,0.3018827438354492,4.256,"[""local_high_frequency_burst"", ""sigmos_overall_below_threshold"", ""sigmos_coloration_below_threshold"", ""ecapa_similarity_below_threshold""]",True,5,"[{""start_seconds"": 0.64, ""end_seconds"": 0.6900000000000001}, {""start_seconds"": 1.43, ""end_seconds"": 1.49}, {""start_seconds"": 1.94, ""end_seconds"": 2.0}, {""start_seconds"": 2.4200000000000004, ""end_seconds"": 2.48}, {""start_seconds"": 2.6, ""end_seconds"": 2.67}]",34.47913360595703,0.7041279077529907,50k,0.303741455078125,1,False,2.7482547760009766,3.894435167312622,3.9461092948913574,3.905775547027588,2.702792167663574,3.896228790283203,3.169947624206543,common_voice_available_uk,whole_original_recording,1.256,common_voice_available_uk_a8a1cc063c9dd80b0b56c7f8
50k,6.4603190422058105,0.0,0,not_scored_no_time_aligned_reference,3.0,0.24895869195461273,3.0,"[""local_high_frequency_burst"", ""sigmos_overall_below_threshold"", ""sigmos_speech_below_threshold"", ""sigmos_coloration_below_threshold"", ""ecapa_similarity_below_threshold""]",True,1,"[{""start_seconds"": 2.5900000000000003, ""end_seconds"": 2.65}]",45.80426788330078,0.7021309733390808,50k,0.46771240234375,0,False,2.4809699058532715,3.798292875289917,3.90615177154541,3.9340426921844482,2.554718017578125,3.990809202194214,2.852346420288086,common_voice_available_uk,whole_original_recording,0.0,common_voice_available_uk_ab529abf3847a142fef6f153
50k,6.7912163734436035,0.0,0,not_scored_no_time_aligned_reference,3.0,0.24039989709854126,4.192,"[""local_high_frequency_burst"", ""sigmos_overall_below_threshold"", ""sigmos_coloration_below_threshold"", ""ecapa_similarity_below_threshold""]",True,2,"[{""start_seconds"": 1.4, ""end_seconds"": 1.46}, {""start_seconds"": 2.5300000000000002, ""end_seconds"": 2.5999999999999996}]",33.731910705566406,0.7416802048683167,50k,0.35418701171875,1,False,2.46760630607605,3.77007794380188,3.9460275173187256,3.4011948108673096,2.5912418365478516,3.5467021465301514,3.0398635864257812,common_voice_available_uk,whole_original_recording,1.192,common_voice_available_uk_ab529abf3847a142fef6f153
50k,6.286318778991699,0.0,0,not_scored_no_time_aligned_reference,3.0,0.2517382502555847,3.0,"[""local_high_frequency_burst"", ""sigmos_overall_below_threshold"", ""sigmos_coloration_below_threshold"", ""ecapa_similarity_below_threshold""]",True,2,"[{""start_seconds"": 0.54, ""end_seconds"": 0.61}, {""start_seconds"": 2.2300000000000004, ""end_seconds"": 2.34}]",25.921749114990234,0.7461113929748535,50k,0.266754150390625,0,False,2.831955909729004,4.694936752319336,3.367725372314453,4.159334659576416,2.7743804454803467,3.965782403945923,3.0669023990631104,common_voice_available_uk,whole_original_recording,0.0,common_voice_available_uk_5c4ff259010d8b52a316058f
50k,5.423818588256836,0.0,0,not_scored_no_time_aligned_reference,3.0,0.20203278958797455,4.5,"[""local_high_frequency_burst"", ""sigmos_overall_below_threshold"", ""sigmos_speech_below_threshold"", ""sigmos_coloration_below_threshold"", ""ecapa_similarity_below_threshold""]",True,1,"[{""start_seconds"": 0.73, ""end_seconds"": 0.84}]",26.481460571289062,0.7345727682113647,50k,0.302825927734375,1,False,2.5328171253204346,4.643681049346924,3.8641245365142822,4.6686201095581055,2.5435400009155273,3.6462655067443848,2.6953065395355225,common_voice_available_uk,whole_original_recording,1.5,common_voice_available_uk_5c4ff259010d8b52a316058f
50k,6.507791042327881,0.0,0,not_scored_no_time_aligned_reference,3.0,0.19864200055599213,6.0,"[""local_high_frequency_burst"", ""sigmos_overall_below_threshold"", ""sigmos_coloration_below_threshold"", ""ecapa_similarity_below_threshold""]",True,1,"[{""start_seconds"": 1.48, ""end_seconds"": 1.56}]",25.17026138305664,0.7178952097892761,50k,0.302825927734375,2,False,2.8265249729156494,4.438066482543945,3.518279552459717,4.01538610458374,2.5949366092681885,3.5382497310638428,3.022338390350342,common_voice_available_uk,whole_original_recording,3.0,common_voice_available_uk_5c4ff259010d8b52a316058f
50k,6.450611591339111,0.0,0,not_scored_no_time_aligned_reference,3.0,0.20206697285175323,6.058666666666666,"[""local_high_frequency_burst"", ""sigmos_overall_below_threshold"", ""sigmos_coloration_below_threshold"", ""ecapa_similarity_below_threshold""]",True,1,"[{""start_seconds"": 1.42, ""end_seconds"": 1.5}]",27.119441986083984,0.7366431355476379,50k,0.2296142578125,3,False,2.753538131713867,4.057389259338379,3.333972215652466,4.350002288818359,2.8142600059509277,4.059442520141602,3.166614294052124,common_voice_available_uk,whole_original_recording,3.058666666666667,common_voice_available_uk_5c4ff259010d8b52a316058f
50k,6.412281036376953,0.0,0,not_scored_no_time_aligned_reference,3.0,0.1827646642923355,3.0,"[""local_high_frequency_burst"", ""sigmos_overall_below_threshold"", ""sigmos_speech_below_threshold"", ""sigmos_coloration_below_threshold"", ""ecapa_similarity_below_threshold""]",True,2,"[{""start_seconds"": 1.17, ""end_seconds"": 1.21}, {""start_seconds"": 2.5300000000000002, ""end_seconds"": 2.57}]",37.77396774291992,0.6662251353263855,50k,0.5059814453125,0,False,2.6608777046203613,3.8456764221191406,3.3124825954437256,4.292942047119141,2.5281643867492676,4.517876625061035,2.9440014362335205,common_voice_available_uk,whole_original_recording,0.0,common_voice_available_uk_f743bedc97953f615983a239
50k,6.439487457275391,0.0,0,not_scored_no_time_aligned_reference,3.0,0.25575199723243713,4.5,"[""local_high_frequency_burst"", ""sigmos_overall_below_threshold"", ""sigmos_speech_below_threshold"", ""ecapa_similarity_below_threshold""]",True,1,"[{""start_seconds"": 1.03, ""end_seconds"": 1.07}]",32.460350036621094,0.6662251353263855,50k,0.443023681640625,1,False,3.0095269680023193,3.9704108238220215,3.1749935150146484,4.649547576904297,2.2943270206451416,3.772611618041992,2.853705883026123,common_voice_available_uk,whole_original_recording,1.5,common_voice_available_uk_f743bedc97953f615983a239
50k,6.284019470214844,0.0,0,not_scored_no_time_aligned_reference,3.0,0.27090540528297424,5.365333333333333,"[""local_high_frequency_burst"", ""sigmos_overall_below_threshold"", ""ecapa_similarity_below_threshold""]",True,1,"[{""start_seconds"": 0.16, ""end_seconds"": 0.21000000000000002}]",32.113304138183594,0.6701855659484863,50k,0.443023681640625,2,False,3.1320483684539795,4.0254716873168945,3.5115554332733154,4.312036514282227,2.8774921894073486,4.727936744689941,3.0891952514648438,common_voice_available_uk,whole_original_recording,2.3653333333333335,common_voice_available_uk_f743bedc97953f615983a239
50k,5.06651496887207,0.0,0,not_scored_no_time_aligned_reference,3.0,0.1284688264131546,3.0,"[""local_high_frequency_burst"", ""sigmos_overall_below_threshold"", ""sigmos_speech_below_threshold"", ""sigmos_coloration_below_threshold"", ""ecapa_similarity_below_threshold""]",True,2,"[{""start_seconds"": 0.63, ""end_seconds"": 0.72}, {""start_seconds"": 2.2600000000000002, ""end_seconds"": 2.34}]",32.1029052734375,0.8282070755958557,50k,0.40167236328125,0,False,2.589590311050415,4.276253700256348,3.440160036087036,3.9114832878112793,2.2393929958343506,3.338968276977539,2.6256723403930664,common_voice_available_uk,whole_original_recording,0.0,common_voice_available_uk_8385beef90995b59e1a74f50
50k,5.822691440582275,0.0,0,not_scored_no_time_aligned_reference,3.0,0.15971620380878448,3.978666666666667,"[""local_high_frequency_burst"", ""sigmos_overall_below_threshold"", ""sigmos_speech_below_threshold"", ""sigmos_coloration_below_threshold"", ""ecapa_similarity_below_threshold""]",True,3,"[{""start_seconds"": 1.28, ""end_seconds"": 1.36}, {""start_seconds"": 1.9999999999999998, ""end_seconds"": 2.0199999999999996}, {""start_seconds"": 2.4800000000000004, ""end_seconds"": 2.55}]",32.81780242919922,0.8553552031517029,50k,0.33831787109375,1,False,2.6898820400238037,3.5750999450683594,3.378857135772705,3.362196445465088,2.089374303817749,4.207156181335449,2.320899486541748,common_voice_available_uk,whole_original_recording,0.9786666666666667,common_voice_available_uk_8385beef90995b59e1a74f50
50k,5.216665267944336,0.0,0,not_scored_no_time_aligned_reference,3.0,0.22993096709251404,3.0,"[""sigmos_overall_below_threshold"", ""sigmos_speech_below_threshold"", ""sigmos_coloration_below_threshold"", ""ecapa_similarity_below_threshold""]",True,0,[],25.467041015625,0.6538005471229553,50k,0.090606689453125,0,False,2.8188633918762207,3.534442663192749,3.376568078994751,4.099363327026367,2.2194721698760986,3.9327805042266846,2.504570245742798,common_voice_available_uk,whole_original_recording,0.0,common_voice_available_uk_5df6da1d671744faf0228008
50k,5.584362030029297,0.0,0,not_scored_no_time_aligned_reference,3.0,0.24725936353206635,3.6586666666666665,"[""sigmos_overall_below_threshold"", ""sigmos_speech_below_threshold"", ""sigmos_coloration_below_threshold"", ""ecapa_similarity_below_threshold""]",True,0,[],29.193172454833984,0.7461045980453491,50k,0.084716796875,1,False,2.1543376445770264,3.7091968059539795,3.4708046913146973,4.024094581604004,2.284864664077759,4.163557052612305,2.76143217086792,common_voice_available_uk,whole_original_recording,0.6586666666666666,common_voice_available_uk_5df6da1d671744faf0228008
50k,5.21773624420166,0.0,0,not_scored_no_time_aligned_reference,3.0,0.22703400254249573,3.0,"[""local_high_frequency_burst"", ""sigmos_overall_below_threshold"", ""sigmos_coloration_below_threshold"", ""ecapa_similarity_below_threshold""]",True,1,"[{""start_seconds"": 2.77, ""end_seconds"": 2.82}]",32.07863998413086,0.7595366835594177,50k,0.26776123046875,0,False,2.9218761920928955,3.7552409172058105,3.7532615661621094,3.7862443923950195,2.7541446685791016,3.906496047973633,3.1580657958984375,common_voice_available_uk,whole_original_recording,0.0,common_voice_available_uk_dc9184e104ead558fbc5c7b7
50k,4.93935489654541,0.0,0,not_scored_no_time_aligned_reference,3.0,0.21266768872737885,4.1066666666666665,"[""local_high_frequency_burst"", ""sigmos_overall_below_threshold"", ""sigmos_speech_below_threshold"", ""sigmos_coloration_below_threshold"", ""audiobox_pq_below_threshold"", ""ecapa_similarity_below_threshold""]",True,2,"[{""start_seconds"": 1.67, ""end_seconds"": 1.72}, {""start_seconds"": 2.6, ""end_seconds"": 2.6799999999999997}]",29.57715606689453,0.7951959371566772,50k,0.262420654296875,1,False,2.196017026901245,3.891064405441284,3.3847765922546387,3.595430850982666,2.2449095249176025,4.108198165893555,2.4815425872802734,common_voice_available_uk,whole_original_recording,1.1066666666666667,common_voice_available_uk_dc9184e104ead558fbc5c7b7
50k,5.806612968444824,0.0,0,not_scored_no_time_aligned_reference,2.1013333333333333,0.16414135694503784,2.1013333333333333,"[""sigmos_overall_below_threshold"", ""sigmos_speech_below_threshold"", ""sigmos_coloration_below_threshold"", ""ecapa_similarity_below_threshold""]",True,0,[],32.22372817993164,0.20256730914115906,50k,0.30767822265625,0,True,2.1076860427856445,4.197943210601807,4.096983909606934,3.731912612915039,2.1509852409362793,3.5077404975891113,2.361055850982666,common_voice_available_uk,whole_original_recording,0.0,common_voice_available_uk_25496b7e922861903ae70344
50k,6.435147285461426,0.0,0,not_scored_no_time_aligned_reference,3.0,0.30356812477111816,3.0,"[""sigmos_overall_below_threshold"", ""sigmos_speech_below_threshold"", ""sigmos_coloration_below_threshold"", ""ecapa_similarity_below_threshold""]",True,0,[],27.930511474609375,0.32232633233070374,50k,0.3092041015625,0,False,2.7518115043640137,3.5264787673950195,3.5664865970611572,3.520251512527466,2.103569746017456,3.875835657119751,2.4270169734954834,common_voice_available_uk,whole_original_recording,0.0,common_voice_available_uk_1093ca3ef2555953dd84f3f8
50k,5.7935686111450195,0.0,0,not_scored_no_time_aligned_reference,3.0,0.2960827052593231,4.256,"[""sigmos_overall_below_threshold"", ""sigmos_speech_below_threshold"", ""sigmos_coloration_below_threshold"", ""ecapa_similarity_below_threshold""]",True,0,[],24.963397979736328,0.31687626242637634,50k,0.3092041015625,1,False,2.5577425956726074,4.363875865936279,3.4433579444885254,3.5957441329956055,2.0825891494750977,3.6526219844818115,2.348375082015991,common_voice_available_uk,whole_original_recording,1.256,common_voice_available_uk_1093ca3ef2555953dd84f3f8
50k,4.71563720703125,0.0,0,not_scored_no_time_aligned_reference,2.944,0.2729087769985199,2.944,"[""local_high_frequency_burst"", ""sigmos_overall_below_threshold"", ""audiobox_pq_below_threshold"", ""ecapa_similarity_below_threshold""]",True,2,"[{""start_seconds"": 1.94, ""end_seconds"": 1.98}, {""start_seconds"": 2.58, ""end_seconds"": 2.65}]",32.10760498046875,0.6921878457069397,50k,0.6060791015625,0,True,3.154858112335205,4.396283149719238,3.787201166152954,4.2311553955078125,2.6119296550750732,3.514383554458618,3.0644819736480713,common_voice_available_uk,whole_original_recording,0.0,common_voice_available_uk_fdbb9a5975ea1f367f937a09
50k,6.338406085968018,0.0,0,not_scored_no_time_aligned_reference,3.0,0.2597750723361969,3.0,"[""local_high_frequency_burst"", ""sigmos_overall_below_threshold"", ""sigmos_coloration_below_threshold"", ""ecapa_similarity_below_threshold""]",True,1,"[{""start_seconds"": 2.0100000000000002, ""end_seconds"": 2.07}]",28.154991149902344,0.7174548506736755,50k,0.19500732421875,0,False,2.7556848526000977,3.6720974445343018,3.999643564224243,3.7783305644989014,2.6642024517059326,3.5031321048736572,3.239203929901123,fleurs_uk,whole_original_recording,0.0,fleurs_uk_350d3947d45f086529521fa8
50k,6.699535369873047,0.0,0,not_scored_no_time_aligned_reference,3.0,0.2568412125110626,4.5,"[""local_high_frequency_burst"", ""sigmos_overall_below_threshold"", ""sigmos_speech_below_threshold"", ""sigmos_coloration_below_threshold"", ""ecapa_similarity_below_threshold""]",True,2,"[{""start_seconds"": 0.51, ""end_seconds"": 0.5700000000000001}, {""start_seconds"": 2.33, ""end_seconds"": 2.3899999999999997}]",28.154991149902344,0.7174548506736755,50k,0.19500732421875,1,False,2.3170177936553955,3.6857540607452393,3.306349515914917,3.927983045578003,2.1140296459198,3.8989269733428955,2.4231059551239014,fleurs_uk,whole_original_recording,1.5,fleurs_uk_350d3947d45f086529521fa8
50k,6.555194854736328,0.0,0,not_scored_no_time_aligned_reference,3.0,0.2630874514579773,6.0,"[""local_high_frequency_burst"", ""sigmos_overall_below_threshold"", ""sigmos_coloration_below_threshold"", ""ecapa_similarity_below_threshold""]",True,2,"[{""start_seconds"": 0.83, ""end_seconds"": 0.89}, {""start_seconds"": 1.54, ""end_seconds"": 1.64}]",26.660263061523438,0.690970242023468,50k,0.1766357421875,2,False,2.4609410762786865,4.060730934143066,3.5228004455566406,3.8999993801116943,2.5143001079559326,4.027107238769531,3.015233039855957,fleurs_uk,whole_original_recording,3.0,fleurs_uk_350d3947d45f086529521fa8
50k,6.572408199310303,0.0,0,not_scored_no_time_aligned_reference,3.0,0.2993347644805908,7.1146666666666665,"[""local_high_frequency_burst"", ""sigmos_overall_below_threshold"", ""sigmos_speech_below_threshold"", ""sigmos_coloration_below_threshold"", ""ecapa_similarity_below_threshold""]",True,2,"[{""start_seconds"": 0.42, ""end_seconds"": 0.53}, {""start_seconds"": 2.0500000000000003, ""end_seconds"": 2.0799999999999996}]",30.087303161621094,0.6936711072921753,50k,0.203948974609375,3,False,2.4537220001220703,3.7348504066467285,3.696746587753296,4.244156837463379,2.251387357711792,3.653074264526367,2.875030994415283,fleurs_uk,whole_original_recording,4.1146666666666665,fleurs_uk_350d3947d45f086529521fa8
50k,4.8994221687316895,0.0,0,not_scored_no_time_aligned_reference,3.0,0.25401201844215393,3.0,"[""sigmos_overall_below_threshold"", ""sigmos_speech_below_threshold"", ""audiobox_pq_below_threshold"", ""ecapa_similarity_below_threshold""]",True,0,[],30.63928985595703,0.37831851840019226,50k,0.201751708984375,0,False,3.422417402267456,3.723358631134033,3.310429096221924,3.862745523452759,2.5270183086395264,4.2380547523498535,2.8673901557922363,fleurs_uk,whole_original_recording,0.0,fleurs_uk_bc037eb72dd327b4cd78664e
50k,5.262324333190918,0.0,0,not_scored_no_time_aligned_reference,3.0,0.2866734564304352,4.5,"[""local_high_frequency_burst"", ""sigmos_overall_below_threshold"", ""sigmos_speech_below_threshold"", ""sigmos_coloration_below_threshold"", ""ecapa_similarity_below_threshold""]",True,3,"[{""start_seconds"": 1.52, ""end_seconds"": 1.58}, {""start_seconds"": 1.9, ""end_seconds"": 1.98}, {""start_seconds"": 2.41, ""end_seconds"": 2.44}]",29.005722045898438,0.8335016369819641,50k,0.19219970703125,1,False,2.7105488777160645,3.3300395011901855,3.8401126861572266,3.325073719024658,1.9825315475463867,4.007837295532227,2.2593119144439697,fleurs_uk,whole_original_recording,1.5,fleurs_uk_bc037eb72dd327b4cd78664e
50k,5.958161354064941,0.0,0,not_scored_no_time_aligned_reference,3.0,0.240014910697937,6.0,"[""local_high_frequency_burst"", ""sigmos_overall_below_threshold"", ""sigmos_speech_below_threshold"", ""ecapa_similarity_below_threshold""]",True,3,"[{""start_seconds"": 0.03, ""end_seconds"": 0.08}, {""start_seconds"": 0.39999999999999997, ""end_seconds"": 0.48}, {""start_seconds"": 0.91, ""end_seconds"": 0.9400000000000001}]",26.006858825683594,0.8335016369819641,50k,0.19219970703125,2,False,3.188074827194214,3.8184165954589844,3.776244878768921,3.6318156719207764,2.469616651535034,3.8865363597869873,2.8983776569366455,fleurs_uk,whole_original_recording,3.0,fleurs_uk_bc037eb72dd327b4cd78664e
50k,5.511024475097656,0.0,0,not_scored_no_time_aligned_reference,3.0,0.27710893750190735,7.5,"[""sigmos_overall_below_threshold"", ""sigmos_speech_below_threshold"", ""sigmos_coloration_below_threshold"", ""ecapa_similarity_below_threshold""]",True,0,[],26.030113220214844,0.27263614535331726,50k,0.178466796875,3,False,2.820723533630371,4.098458290100098,3.2937567234039307,3.712306022644043,2.5581870079040527,4.013971328735352,2.843783378601074,fleurs_uk,whole_original_recording,4.5,fleurs_uk_bc037eb72dd327b4cd78664e
50k,4.812431335449219,0.0,0,not_scored_no_time_aligned_reference,3.0,0.30701714754104614,8.629333333333333,"[""local_high_frequency_burst"", ""sigmos_overall_below_threshold"", ""sigmos_speech_below_threshold"", ""sigmos_coloration_below_threshold"", ""audiobox_pq_below_threshold"", ""ecapa_similarity_below_threshold""]",True,2,"[{""start_seconds"": 2.2300000000000004, ""end_seconds"": 2.28}, {""start_seconds"": 2.35, ""end_seconds"": 2.4299999999999997}]",29.031673431396484,0.8373289704322815,50k,0.186798095703125,4,False,2.946206569671631,3.434354305267334,3.7096946239471436,3.858773708343506,2.306213140487671,3.8818936347961426,2.5939059257507324,fleurs_uk,whole_original_recording,5.629333333333333,fleurs_uk_bc037eb72dd327b4cd78664e
50k,5.530306816101074,0.0,0,not_scored_no_time_aligned_reference,3.0,0.2209884524345398,3.0,"[""sigmos_overall_below_threshold"", ""sigmos_speech_below_threshold"", ""sigmos_coloration_below_threshold"", ""ecapa_similarity_below_threshold""]",True,0,[],26.694049835205078,0.8560147285461426,50k,0.0682373046875,0,False,2.0195393562316895,3.9114913940429688,2.900481700897217,3.5927491188049316,1.8313407897949219,4.214108943939209,2.222637176513672,fleurs_uk,whole_original_recording,0.0,fleurs_uk_7904a0562b1ddbc92534b1fe
50k,6.75221586227417,0.0,0,not_scored_no_time_aligned_reference,3.0,0.2343023121356964,4.5,"[""sigmos_overall_below_threshold"", ""sigmos_speech_below_threshold"", ""sigmos_coloration_below_threshold"", ""ecapa_similarity_below_threshold""]",True,0,[],19.63501739501953,0.8560147285461426,50k,0.052398681640625,1,False,2.8700122833251953,4.040616035461426,3.3715291023254395,4.34771203994751,2.2525341510772705,3.667708158493042,2.7708792686462402,fleurs_uk,whole_original_recording,1.5,fleurs_uk_7904a0562b1ddbc92534b1fe
50k,6.612373352050781,0.0,0,not_scored_no_time_aligned_reference,3.0,0.24049173295497894,6.0,"[""sigmos_overall_below_threshold"", ""sigmos_speech_below_threshold"", ""sigmos_coloration_below_threshold"", ""ecapa_similarity_below_threshold""]",True,0,[],26.41656494140625,0.8380919694900513,50k,0.052398681640625,2,False,2.5234761238098145,3.390592336654663,3.3129632472991943,3.727118730545044,2.35268497467041,3.695551872253418,2.703094244003296,fleurs_uk,whole_original_recording,3.0,fleurs_uk_7904a0562b1ddbc92534b1fe
50k,5.932336807250977,0.0,0,not_scored_no_time_aligned_reference,3.0,0.24363476037979126,7.5,"[""sigmos_overall_below_threshold"", ""sigmos_speech_below_threshold"", ""sigmos_coloration_below_threshold"", ""ecapa_similarity_below_threshold""]",True,0,[],30.136859893798828,0.8380919694900513,50k,0.049896240234375,3,False,2.4276654720306396,3.687767744064331,3.5651090145111084,3.6796250343322754,1.7358582019805908,3.5604052543640137,2.0797653198242188,fleurs_uk,whole_original_recording,4.5,fleurs_uk_7904a0562b1ddbc92534b1fe
50k,6.047396659851074,0.0,0,not_scored_no_time_aligned_reference,3.0,0.2651846408843994,9.0,"[""sigmos_overall_below_threshold"", ""sigmos_speech_below_threshold"", ""sigmos_coloration_below_threshold"", ""ecapa_similarity_below_threshold""]",True,0,[],20.634540557861328,0.8567125797271729,50k,0.043060302734375,4,False,2.864933729171753,3.3608145713806152,3.0493316650390625,3.983422040939331,2.1134259700775146,3.904803991317749,2.460031747817993,fleurs_uk,whole_original_recording,6.0,fleurs_uk_7904a0562b1ddbc92534b1fe
50k,5.97883415222168,0.0,0,not_scored_no_time_aligned_reference,3.0,0.25710049271583557,10.5,"[""sigmos_overall_below_threshold"", ""sigmos_speech_below_threshold"", ""sigmos_coloration_below_threshold"", ""ecapa_similarity_below_threshold""]",True,0,[],23.175533294677734,0.8573167324066162,50k,0.043060302734375,5,False,2.333989381790161,4.544248104095459,3.4027981758117676,3.113064765930176,2.02689790725708,3.9881513118743896,2.6499834060668945,fleurs_uk,whole_original_recording,7.5,fleurs_uk_7904a0562b1ddbc92534b1fe
50k,5.560231685638428,0.0,0,not_scored_no_time_aligned_reference,3.0,0.25563350319862366,11.776,"[""sigmos_overall_below_threshold"", ""sigmos_speech_below_threshold"", ""sigmos_coloration_below_threshold"", ""ecapa_similarity_below_threshold""]",True,0,[],25.51006317138672,0.8592698574066162,50k,0.0565185546875,6,False,2.8324995040893555,3.9202075004577637,2.843973398208618,3.537078857421875,1.8414101600646973,3.86071515083313,2.4415664672851562,fleurs_uk,whole_original_recording,8.776,fleurs_uk_7904a0562b1ddbc92534b1fe
50k,5.197579383850098,0.0,0,not_scored_no_time_aligned_reference,3.0,0.2233155369758606,3.0,"[""local_high_frequency_burst"", ""sigmos_overall_below_threshold"", ""sigmos_speech_below_threshold"", ""sigmos_coloration_below_threshold"", ""ecapa_similarity_below_threshold""]",True,2,"[{""start_seconds"": 0.8, ""end_seconds"": 0.84}, {""start_seconds"": 0.91, ""end_seconds"": 0.99}]",26.681415557861328,0.8773291707038879,50k,0.229827880859375,0,False,2.5185325145721436,3.2717578411102295,4.0091657638549805,3.528688907623291,1.9673480987548828,3.5552926063537598,2.4262332916259766,fleurs_uk,whole_original_recording,0.0,fleurs_uk_ac4c585497c3180ca5d0edae
50k,5.7409539222717285,0.0,0,not_scored_no_time_aligned_reference,3.0,0.27868151664733887,4.5,"[""local_high_frequency_burst"", ""sigmos_overall_below_threshold"", ""sigmos_speech_below_threshold"", ""sigmos_coloration_below_threshold"", ""ecapa_similarity_below_threshold""]",True,1,"[{""start_seconds"": 2.72, ""end_seconds"": 2.78}]",20.788204193115234,0.7351081967353821,50k,0.25604248046875,1,False,2.412175178527832,3.9162580966949463,3.630545139312744,3.8144054412841797,2.081742763519287,3.236664295196533,2.299013614654541,fleurs_uk,whole_original_recording,1.5,fleurs_uk_ac4c585497c3180ca5d0edae
50k,6.054214000701904,0.0,0,not_scored_no_time_aligned_reference,3.0,0.24928633868694305,6.0,"[""local_high_frequency_burst"", ""sigmos_overall_below_threshold"", ""sigmos_speech_below_threshold"", ""sigmos_coloration_below_threshold"", ""ecapa_similarity_below_threshold""]",True,1,"[{""start_seconds"": 1.22, ""end_seconds"": 1.28}]",28.753437042236328,0.7351081967353821,50k,0.25604248046875,2,False,1.7963526248931885,3.3841073513031006,4.272639751434326,3.3351261615753174,1.9347310066223145,2.9266839027404785,2.3242673873901367,fleurs_uk,whole_original_recording,3.0,fleurs_uk_ac4c585497c3180ca5d0edae
50k,6.404440402984619,0.0,0,not_scored_no_time_aligned_reference,3.0,0.2288336455821991,7.5,"[""local_high_frequency_burst"", ""sigmos_overall_below_threshold"", ""sigmos_speech_below_threshold"", ""sigmos_coloration_below_threshold"", ""sigmos_discontinuity_below_threshold"", ""ecapa_similarity_below_threshold""]",True,1,"[{""start_seconds"": 1.54, ""end_seconds"": 1.61}]",41.48075866699219,0.8731824159622192,50k,0.233978271484375,3,False,1.8108553886413574,2.848424196243286,3.646681785583496,3.6374027729034424,1.7275545597076416,3.4710233211517334,1.8928606510162354,fleurs_uk,whole_original_recording,4.5,fleurs_uk_ac4c585497c3180ca5d0edae
50k,5.866714954376221,0.0,0,not_scored_no_time_aligned_reference,3.0,0.2593076527118683,9.0,"[""local_high_frequency_burst"", ""sigmos_overall_below_threshold"", ""sigmos_speech_below_threshold"", ""sigmos_coloration_below_threshold"", ""ecapa_similarity_below_threshold""]",True,1,"[{""start_seconds"": 0.04, ""end_seconds"": 0.11}]",38.714141845703125,0.8731824159622192,50k,0.176544189453125,4,False,2.6072702407836914,3.063859224319458,3.28230357170105,3.024555206298828,2.2418203353881836,3.2919392585754395,2.71482515335083,fleurs_uk,whole_original_recording,6.0,fleurs_uk_ac4c585497c3180ca5d0edae
50k,5.159950256347656,0.0,0,not_scored_no_time_aligned_reference,3.0,0.23747530579566956,10.5,"[""local_high_frequency_burst"", ""sigmos_overall_below_threshold"", ""sigmos_speech_below_threshold"", ""sigmos_noise_below_threshold"", ""sigmos_coloration_below_threshold"", ""ecapa_similarity_below_threshold""]",True,2,"[{""start_seconds"": 2.5100000000000002, ""end_seconds"": 2.61}, {""start_seconds"": 2.91, ""end_seconds"": 2.9899999999999998}]",27.837032318115234,0.8907842040061951,50k,0.201873779296875,5,False,2.476254463195801,3.675243377685547,3.967649221420288,2.9379405975341797,2.0241096019744873,3.771693468093872,2.377149820327759,fleurs_uk,whole_original_recording,7.5,fleurs_uk_ac4c585497c3180ca5d0edae
50k,5.581576824188232,0.0,0,not_scored_no_time_aligned_reference,3.0,0.05507507175207138,12.0,"[""local_high_frequency_burst"", ""sigmos_overall_below_threshold"", ""sigmos_speech_below_threshold"", ""sigmos_coloration_below_threshold"", ""ecapa_similarity_below_threshold""]",True,2,"[{""start_seconds"": 1.01, ""end_seconds"": 1.11}, {""start_seconds"": 1.41, ""end_seconds"": 1.49}]",35.778236389160156,0.8907842040061951,50k,0.24993896484375,6,False,2.803621292114258,3.1754889488220215,3.846038341522217,3.4303154945373535,2.6550211906433105,3.6417768001556396,2.985018253326416,fleurs_uk,whole_original_recording,9.0,fleurs_uk_ac4c585497c3180ca5d0edae
50k,5.190918922424316,0.0,0,not_scored_no_time_aligned_reference,3.0,0.08582782745361328,13.5,"[""sigmos_overall_below_threshold"", ""sigmos_speech_below_threshold"", ""sigmos_coloration_below_threshold"", ""ecapa_similarity_below_threshold""]",True,0,[],30.03573226928711,0.23665151000022888,50k,0.24993896484375,7,False,2.1689043045043945,3.2437143325805664,4.018762588500977,3.6049020290374756,1.702502727508545,3.6765429973602295,2.069509983062744,fleurs_uk,whole_original_recording,10.5,fleurs_uk_ac4c585497c3180ca5d0edae
50k,6.15676736831665,0.0,0,not_scored_no_time_aligned_reference,3.0,0.15035830438137054,14.570666666666666,"[""sigmos_overall_below_threshold"", ""sigmos_speech_below_threshold"", ""sigmos_coloration_below_threshold"", ""ecapa_similarity_below_threshold""]",True,0,[],40.516639709472656,0.23892448842525482,50k,0.235198974609375,8,False,2.864964485168457,3.1684672832489014,3.6185801029205322,4.149707794189453,2.3239402770996094,3.4605095386505127,2.6771275997161865,fleurs_uk,whole_original_recording,11.570666666666666,fleurs_uk_ac4c585497c3180ca5d0edae
50k,6.378648281097412,0.0,0,not_scored_no_time_aligned_reference,3.0,0.21759861707687378,3.0,"[""sigmos_overall_below_threshold"", ""sigmos_speech_below_threshold"", ""sigmos_coloration_below_threshold"", ""ecapa_similarity_below_threshold""]",True,0,[],28.2567138671875,0.8949443101882935,50k,0.0404052734375,0,False,2.933135509490967,3.377894639968872,3.3338069915771484,3.932971715927124,2.4574639797210693,3.6329030990600586,2.9084320068359375,fleurs_uk,whole_original_recording,0.0,fleurs_uk_225ede107a48491a57745bb8
50k,6.05035924911499,0.0,0,not_scored_no_time_aligned_reference,3.0,0.17830583453178406,4.5,"[""sigmos_overall_below_threshold"", ""sigmos_speech_below_threshold"", ""sigmos_coloration_below_threshold"", ""ecapa_similarity_below_threshold""]",True,0,[],20.231143951416016,0.7380309104919434,50k,0.044219970703125,1,False,2.179280996322632,3.380364179611206,3.1113362312316895,3.3345699310302734,1.8597803115844727,3.950984239578247,2.1613049507141113,fleurs_uk,whole_original_recording,1.5,fleurs_uk_225ede107a48491a57745bb8
50k,6.036098480224609,0.0,0,not_scored_no_time_aligned_reference,3.0,0.20526862144470215,6.0,"[""sigmos_overall_below_threshold"", ""sigmos_speech_below_threshold"", ""sigmos_noise_below_threshold"", ""sigmos_coloration_below_threshold"", ""ecapa_similarity_below_threshold""]",True,0,[],24.702655792236328,0.8139354586601257,50k,0.05126953125,2,False,2.255831003189087,4.273852348327637,3.1246371269226074,2.8820204734802246,2.2216897010803223,3.7707650661468506,2.735328435897827,fleurs_uk,whole_original_recording,3.0,fleurs_uk_225ede107a48491a57745bb8
50k,5.987529754638672,0.0,0,not_scored_no_time_aligned_reference,3.0,0.2926841378211975,7.5,"[""sigmos_overall_below_threshold"", ""sigmos_speech_below_threshold"", ""sigmos_coloration_below_threshold"", ""ecapa_similarity_below_threshold""]",True,0,[],25.566497802734375,0.8139354586601257,50k,0.05126953125,3,False,2.1955902576446533,4.517757415771484,3.5934786796569824,3.7367796897888184,2.1415600776672363,4.0785322189331055,2.661128520965576,fleurs_uk,whole_original_recording,4.5,fleurs_uk_225ede107a48491a57745bb8
50k,6.354609966278076,0.0,0,not_scored_no_time_aligned_reference,3.0,0.30862969160079956,9.0,"[""sigmos_overall_below_threshold"", ""sigmos_speech_below_threshold"", ""sigmos_coloration_below_threshold"", ""ecapa_similarity_below_threshold""]",True,0,[],49.52460479736328,0.7747783064842224,50k,0.048980712890625,4,False,2.4086337089538574,4.245377540588379,3.224672794342041,3.744629383087158,2.2511162757873535,3.7592244148254395,2.5213124752044678,fleurs_uk,whole_original_recording,6.0,fleurs_uk_225ede107a48491a57745bb8
50k,6.060998916625977,0.0,0,not_scored_no_time_aligned_reference,3.0,0.3209851384162903,10.5,"[""sigmos_overall_below_threshold"", ""sigmos_speech_below_threshold"", ""sigmos_coloration_below_threshold"", ""ecapa_similarity_below_threshold""]",True,0,[],26.215957641601562,0.2323494404554367,50k,0.048980712890625,5,False,2.72182035446167,3.795788526535034,3.565695285797119,3.7860071659088135,2.3329994678497314,3.9092516899108887,2.671154737472534,fleurs_uk,whole_original_recording,7.5,fleurs_uk_225ede107a48491a57745bb8
50k,5.9181437492370605,0.0,0,not_scored_no_time_aligned_reference,3.0,0.2963409423828125,12.0,"[""sigmos_overall_below_threshold"", ""sigmos_speech_below_threshold"", ""sigmos_coloration_below_threshold"", ""ecapa_similarity_below_threshold""]",True,0,[],32.472625732421875,0.8342940807342529,50k,0.04095458984375,6,False,2.8185739517211914,3.6286096572875977,2.962923049926758,3.6515679359436035,2.461864709854126,4.2034196853637695,2.7381298542022705,fleurs_uk,whole_original_recording,9.0,fleurs_uk_225ede107a48491a57745bb8
50k,5.889729976654053,0.0,0,not_scored_no_time_aligned_reference,3.0,0.2989485263824463,12.117333333333333,"[""sigmos_overall_below_threshold"", ""sigmos_speech_below_threshold"", ""sigmos_coloration_below_threshold"", ""ecapa_similarity_below_threshold""]",True,0,[],25.249797821044922,0.8736569881439209,50k,0.04095458984375,7,False,2.669290781021118,3.6215028762817383,3.0801849365234375,3.5881190299987793,2.1780152320861816,4.092069625854492,2.4830145835876465,fleurs_uk,whole_original_recording,9.117333333333333,fleurs_uk_225ede107a48491a57745bb8
50k,5.741398811340332,0.0,0,not_scored_no_time_aligned_reference,3.0,0.257267028093338,3.0,"[""local_high_frequency_burst"", ""sigmos_overall_below_threshold"", ""sigmos_speech_below_threshold"", ""sigmos_coloration_below_threshold"", ""ecapa_similarity_below_threshold""]",True,5,"[{""start_seconds"": 0.27, ""end_seconds"": 0.36}, {""start_seconds"": 0.49, ""end_seconds"": 0.58}, {""start_seconds"": 1.19, ""end_seconds"": 1.26}, {""start_seconds"": 1.47, ""end_seconds"": 1.53}, {""start_seconds"": 1.72, ""end_seconds"": 1.77}]",36.581756591796875,0.7766057252883911,50k,0.635009765625,0,False,2.750000238418579,3.5300350189208984,3.1762149333953857,3.916738748550415,2.6870429515838623,3.6177868843078613,2.992166519165039,fleurs_uk,whole_original_recording,0.0,fleurs_uk_86eeeca26010ecd282f2be86
50k,6.605533123016357,0.0,0,not_scored_no_time_aligned_reference,3.0,0.3238309621810913,4.5,"[""local_high_frequency_burst"", ""sigmos_overall_below_threshold"", ""sigmos_speech_below_threshold"", ""sigmos_coloration_below_threshold"", ""ecapa_similarity_below_threshold""]",True,1,"[{""start_seconds"": 0.22, ""end_seconds"": 0.27}]",25.544719696044922,0.6285667419433594,50k,0.635009765625,1,False,2.6244523525238037,3.713069200515747,3.2360286712646484,3.812006950378418,2.4109513759613037,4.310749053955078,2.7115848064422607,fleurs_uk,whole_original_recording,1.5,fleurs_uk_86eeeca26010ecd282f2be86
50k,5.5935516357421875,0.0,0,not_scored_no_time_aligned_reference,3.0,0.2878851592540741,6.0,"[""local_high_frequency_burst"", ""sigmos_overall_below_threshold"", ""ecapa_similarity_below_threshold""]",True,2,"[{""start_seconds"": 1.45, ""end_seconds"": 1.48}, {""start_seconds"": 2.14, ""end_seconds"": 2.21}]",24.727306365966797,0.5402644872665405,50k,0.60955810546875,2,False,3.257993698120117,3.5892722606658936,3.46760892868042,3.8665988445281982,2.6743059158325195,3.8202624320983887,3.1553378105163574,fleurs_uk,whole_original_recording,3.0,fleurs_uk_86eeeca26010ecd282f2be86
50k,5.581070899963379,0.0,0,not_scored_no_time_aligned_reference,3.0,0.22859661281108856,7.5,"[""local_high_frequency_burst"", ""sigmos_overall_below_threshold"", ""sigmos_speech_below_threshold"", ""sigmos_coloration_below_threshold"", ""ecapa_similarity_below_threshold""]",True,3,"[{""start_seconds"": 0.64, ""end_seconds"": 0.71}, {""start_seconds"": 2.6300000000000003, ""end_seconds"": 2.69}, {""start_seconds"": 2.91, ""end_seconds"": 2.96}]",24.727306365966797,0.5955235362052917,50k,0.61517333984375,3,False,2.6597092151641846,3.33819580078125,3.45950984954834,3.9774603843688965,2.461453437805176,3.271540641784668,2.8728973865509033,fleurs_uk,whole_original_recording,4.5,fleurs_uk_86eeeca26010ecd282f2be86
50k,5.905794143676758,0.0,0,not_scored_no_time_aligned_reference,3.0,0.25136470794677734,7.744,"[""local_high_frequency_burst"", ""sigmos_overall_below_threshold"", ""sigmos_speech_below_threshold"", ""sigmos_coloration_below_threshold"", ""ecapa_similarity_below_threshold""]",True,3,"[{""start_seconds"": 0.42, ""end_seconds"": 0.47000000000000003}, {""start_seconds"": 2.4000000000000004, ""end_seconds"": 2.4499999999999997}, {""start_seconds"": 2.6700000000000004, ""end_seconds"": 2.7199999999999998}]",30.522430419921875,0.5651973485946655,50k,0.61517333984375,4,False,2.299765110015869,3.9315590858459473,3.651235342025757,3.9625065326690674,1.9645030498504639,4.171863555908203,2.2746376991271973,fleurs_uk,whole_original_recording,4.744,fleurs_uk_86eeeca26010ecd282f2be86
50k,5.536189556121826,0.0,0,not_scored_no_time_aligned_reference,3.0,0.3855818510055542,3.0,"[""sigmos_overall_below_threshold"", ""sigmos_speech_below_threshold"", ""sigmos_coloration_below_threshold"", ""sigmos_discontinuity_below_threshold"", ""ecapa_similarity_below_threshold""]",True,0,[],30.910011291503906,0.8928653597831726,50k,0.0692138671875,0,False,1.7526328563690186,2.8086349964141846,3.7218286991119385,3.9105377197265625,2.0658533573150635,3.8677101135253906,2.6743547916412354,fleurs_uk,whole_original_recording,0.0,fleurs_uk_425f732c83e777999a23f231
50k,5.765954494476318,0.0,0,not_scored_no_time_aligned_reference,3.0,0.362498015165329,4.5,"[""sigmos_overall_below_threshold"", ""sigmos_speech_below_threshold"", ""sigmos_coloration_below_threshold"", ""ecapa_similarity_below_threshold""]",True,0,[],26.343753814697266,0.8928653597831726,50k,0.066680908203125,1,False,2.6045050621032715,3.763437032699585,2.981367826461792,3.921398639678955,2.0887722969055176,2.8263003826141357,2.4356327056884766,fleurs_uk,whole_original_recording,1.5,fleurs_uk_425f732c83e777999a23f231
50k,5.975738048553467,0.0,0,not_scored_no_time_aligned_reference,3.0,0.40827256441116333,6.0,"[""sigmos_overall_below_threshold"", ""sigmos_speech_below_threshold"", ""sigmos_coloration_below_threshold"", ""sigmos_discontinuity_below_threshold"", ""ecapa_similarity_below_threshold""]",True,0,[],26.497451782226562,0.8115806579589844,50k,0.069244384765625,2,False,2.525285005569458,2.6924095153808594,3.641083002090454,3.835590124130249,1.9179644584655762,3.4003803730010986,2.3966572284698486,fleurs_uk,whole_original_recording,3.0,fleurs_uk_425f732c83e777999a23f231
50k,6.161534786224365,0.0,0,not_scored_no_time_aligned_reference,3.0,0.27600711584091187,7.5,"[""local_high_frequency_burst"", ""sigmos_overall_below_threshold"", ""sigmos_speech_below_threshold"", ""sigmos_coloration_below_threshold"", ""sigmos_discontinuity_below_threshold"", ""ecapa_similarity_below_threshold""]",True,3,"[{""start_seconds"": 1.52, ""end_seconds"": 1.54}, {""start_seconds"": 2.02, ""end_seconds"": 2.0399999999999996}, {""start_seconds"": 2.06, ""end_seconds"": 2.09}]",28.202648162841797,0.8527758121490479,50k,0.069244384765625,3,False,2.5659031867980957,2.7789828777313232,3.4673686027526855,3.699014902114868,1.6162981986999512,4.143521785736084,2.086710214614868,fleurs_uk,whole_original_recording,4.5,fleurs_uk_425f732c83e777999a23f231
50k,5.346299171447754,0.0,0,not_scored_no_time_aligned_reference,3.0,0.26071345806121826,9.0,"[""local_high_frequency_burst"", ""sigmos_overall_below_threshold"", ""sigmos_speech_below_threshold"", ""sigmos_coloration_below_threshold"", ""sigmos_discontinuity_below_threshold"", ""ecapa_similarity_below_threshold""]",True,2,"[{""start_seconds"": 0.52, ""end_seconds"": 0.54}, {""start_seconds"": 0.5599999999999999, ""end_seconds"": 0.59}]",26.624744415283203,0.8535234332084656,50k,0.06439208984375,4,False,1.429999828338623,2.937452554702759,3.827744245529175,3.5750203132629395,1.8713929653167725,3.496082067489624,2.56638240814209,fleurs_uk,whole_original_recording,6.0,fleurs_uk_425f732c83e777999a23f231
50k,5.721776008605957,0.0,0,not_scored_no_time_aligned_reference,3.0,0.29874464869499207,9.706666666666667,"[""sigmos_overall_below_threshold"", ""sigmos_speech_below_threshold"", ""sigmos_coloration_below_threshold"", ""ecapa_similarity_below_threshold""]",True,0,[],25.299835205078125,0.8547790050506592,50k,0.0596923828125,5,False,1.7833240032196045,3.4066760540008545,4.0947184562683105,3.571676731109619,2.109487771987915,4.174365520477295,2.7123653888702393,fleurs_uk,whole_original_recording,6.706666666666667,fleurs_uk_425f732c83e777999a23f231
50k,5.741110801696777,0.0,0,not_scored_no_time_aligned_reference,3.0,0.13908176124095917,3.0,"[""sigmos_overall_below_threshold"", ""sigmos_speech_below_threshold"", ""sigmos_coloration_below_threshold"", ""ecapa_similarity_below_threshold""]",True,0,[],46.294036865234375,0.8891326189041138,50k,0.06787109375,0,False,2.2598114013671875,4.164243221282959,3.753694772720337,3.795781135559082,1.9742307662963867,3.856370210647583,2.213594436645508,fleurs_uk,whole_original_recording,0.0,fleurs_uk_ce9eb2666cb7cc32803ed074
50k,5.966116905212402,0.0,0,not_scored_no_time_aligned_reference,3.0,0.1809902936220169,4.5,"[""sigmos_overall_below_threshold"", ""sigmos_speech_below_threshold"", ""sigmos_coloration_below_threshold"", ""ecapa_similarity_below_threshold""]",True,0,[],23.78818130493164,0.8891326189041138,50k,0.0555419921875,1,False,2.0201356410980225,3.920459747314453,3.392925262451172,4.136526107788086,2.2276549339294434,3.317857503890991,2.725128412246704,fleurs_uk,whole_original_recording,1.5,fleurs_uk_ce9eb2666cb7cc32803ed074
50k,6.285172462463379,0.0,0,not_scored_no_time_aligned_reference,3.0,0.12880702316761017,6.0,"[""sigmos_overall_below_threshold"", ""sigmos_speech_below_threshold"", ""sigmos_coloration_below_threshold"", ""ecapa_similarity_below_threshold""]",True,0,[],26.258583068847656,0.882581889629364,50k,0.05596923828125,2,False,2.6761977672576904,4.097561359405518,3.719635009765625,3.6074936389923096,2.1181201934814453,4.750393867492676,2.729435682296753,fleurs_uk,whole_original_recording,3.0,fleurs_uk_ce9eb2666cb7cc32803ed074
50k,6.600582122802734,0.0,0,not_scored_no_time_aligned_reference,3.0,0.1009724959731102,7.5,"[""sigmos_overall_below_threshold"", ""sigmos_speech_below_threshold"", ""sigmos_coloration_below_threshold"", ""ecapa_similarity_below_threshold""]",True,0,[],30.882648468017578,0.8567425608634949,50k,0.0626220703125,3,False,2.3405494689941406,4.494764804840088,4.310494422912598,4.107882022857666,2.149381637573242,4.292787075042725,2.3836615085601807,fleurs_uk,whole_original_recording,4.5,fleurs_uk_ce9eb2666cb7cc32803ed074
50k,6.372653484344482,0.0,0,not_scored_no_time_aligned_reference,3.0,0.1369795799255371,8.437333333333333,"[""sigmos_overall_below_threshold"", ""sigmos_speech_below_threshold"", ""sigmos_coloration_below_threshold"", ""ecapa_similarity_below_threshold""]",True,0,[],29.586334228515625,0.8600969910621643,50k,0.071258544921875,4,False,2.445695161819458,3.717804431915283,3.0804641246795654,4.010103702545166,2.475224733352661,3.6592609882354736,2.9907777309417725,fleurs_uk,whole_original_recording,5.437333333333333,fleurs_uk_ce9eb2666cb7cc32803ed074
50k,5.138895034790039,0.0,0,not_scored_no_time_aligned_reference,3.0,0.2776390612125397,3.0,"[""local_high_frequency_burst"", ""sigmos_overall_below_threshold"", ""sigmos_coloration_below_threshold"", ""ecapa_similarity_below_threshold""]",True,1,"[{""start_seconds"": 0.3, ""end_seconds"": 0.32}]",28.551715850830078,0.904944121837616,50k,0.052703857421875,0,False,2.906830072402954,3.7172210216522217,3.0127930641174316,3.6279189586639404,2.9139888286590576,3.6107704639434814,3.4231412410736084,fleurs_uk,whole_original_recording,0.0,fleurs_uk_f4828dcb8786670103766b29
50k,6.34352445602417,0.0,0,not_scored_no_time_aligned_reference,3.0,0.24437886476516724,4.5,"[""sigmos_overall_below_threshold"", ""sigmos_speech_below_threshold"", ""sigmos_coloration_below_threshold"", ""ecapa_similarity_below_threshold""]",True,0,[],20.226272583007812,0.40232646465301514,50k,0.047576904296875,1,False,2.542020559310913,4.5720062255859375,3.1317946910858154,4.177198886871338,2.417869806289673,3.770106077194214,2.6754157543182373,fleurs_uk,whole_original_recording,1.5,fleurs_uk_f4828dcb8786670103766b29
50k,5.933771133422852,0.0,0,not_scored_no_time_aligned_reference,3.0,0.2921602129936218,6.0,"[""sigmos_overall_below_threshold"", ""sigmos_speech_below_threshold"", ""sigmos_coloration_below_threshold"", ""ecapa_similarity_below_threshold""]",True,0,[],22.260692596435547,0.40232646465301514,50k,0.0535888671875,2,False,2.3935580253601074,3.982959747314453,2.9238741397857666,3.864410400390625,2.2857141494750977,4.245815753936768,2.6917076110839844,fleurs_uk,whole_original_recording,3.0,fleurs_uk_f4828dcb8786670103766b29
50k,6.002337455749512,0.0,0,not_scored_no_time_aligned_reference,3.0,0.2728167772293091,6.634666666666667,"[""sigmos_overall_below_threshold"", ""sigmos_speech_below_threshold"", ""ecapa_similarity_below_threshold""]",True,0,[],29.659114837646484,0.29209741950035095,50k,0.0535888671875,3,False,3.045069932937622,3.4618747234344482,2.950263261795044,4.0157084465026855,2.3163669109344482,4.159109115600586,2.6291446685791016,fleurs_uk,whole_original_recording,3.6346666666666665,fleurs_uk_f4828dcb8786670103766b29
50k,6.229068279266357,0.0,0,not_scored_no_time_aligned_reference,3.0,0.2498723566532135,3.0,"[""sigmos_overall_below_threshold"", ""sigmos_speech_below_threshold"", ""sigmos_coloration_below_threshold"", ""ecapa_similarity_below_threshold""]",True,0,[],24.642532348632812,0.8744322657585144,50k,0.051239013671875,0,False,2.1390414237976074,3.1876890659332275,3.191136360168457,3.8355915546417236,2.1685755252838135,3.946944236755371,2.768092632293701,fleurs_uk,whole_original_recording,0.0,fleurs_uk_780f47de1ad7de01b058a990
50k,6.246957778930664,0.0,0,not_scored_no_time_aligned_reference,3.0,0.2873912453651428,4.5,"[""sigmos_overall_below_threshold"", ""sigmos_speech_below_threshold"", ""sigmos_coloration_below_threshold"", ""ecapa_similarity_below_threshold""]",True,0,[],30.131973266601562,0.8798230886459351,50k,0.051239013671875,1,False,2.2077701091766357,3.731959819793701,2.8824527263641357,4.065361022949219,2.158865451812744,4.20548677444458,2.4843027591705322,fleurs_uk,whole_original_recording,1.5,fleurs_uk_780f47de1ad7de01b058a990
50k,6.508564472198486,0.0,0,not_scored_no_time_aligned_reference,3.0,0.27524736523628235,6.0,"[""sigmos_overall_below_threshold"", ""sigmos_speech_below_threshold"", ""sigmos_coloration_below_threshold"", ""ecapa_similarity_below_threshold""]",True,0,[],27.532814025878906,0.8798230886459351,50k,0.050201416015625,2,False,1.9775230884552002,3.3748104572296143,3.0450239181518555,3.2903389930725098,2.0650033950805664,3.6366426944732666,2.701732635498047,fleurs_uk,whole_original_recording,3.0,fleurs_uk_780f47de1ad7de01b058a990
50k,6.166552543640137,0.0,0,not_scored_no_time_aligned_reference,3.0,0.2569772005081177,7.5,"[""sigmos_overall_below_threshold"", ""sigmos_speech_below_threshold"", ""sigmos_discontinuity_below_threshold"", ""ecapa_similarity_below_threshold""]",True,0,[],43.41255569458008,0.8818261623382568,50k,0.046051025390625,3,False,3.132624387741089,2.7584776878356934,2.757078170776367,4.0846662521362305,1.898111343383789,3.6599788665771484,2.211308002471924,fleurs_uk,whole_original_recording,4.5,fleurs_uk_780f47de1ad7de01b058a990
50k,5.464041233062744,0.0,0,not_scored_no_time_aligned_reference,3.0,0.2774924337863922,9.0,"[""sigmos_overall_below_threshold"", ""sigmos_speech_below_threshold"", ""sigmos_coloration_below_threshold"", ""ecapa_similarity_below_threshold""]",True,0,[],28.83313751220703,0.8818261623382568,50k,0.04937744140625,4,False,2.0960757732391357,3.569705009460449,3.482616662979126,4.117372512817383,1.883915662765503,2.999469041824341,2.2882657051086426,fleurs_uk,whole_original_recording,6.0,fleurs_uk_780f47de1ad7de01b058a990
50k,6.061969757080078,0.0,0,not_scored_no_time_aligned_reference,3.0,0.27272525429725647,10.250666666666667,"[""sigmos_overall_below_threshold"", ""sigmos_speech_below_threshold"", ""sigmos_coloration_below_threshold"", ""ecapa_similarity_below_threshold""]",True,0,[],26.245372772216797,0.8616943359375,50k,0.04937744140625,5,False,1.7105627059936523,4.267907619476318,3.1256091594696045,3.775113344192505,2.1394784450531006,3.810264825820923,2.473625898361206,fleurs_uk,whole_original_recording,7.250666666666667,fleurs_uk_780f47de1ad7de01b058a990
50k,5.619929313659668,0.0,0,not_scored_no_time_aligned_reference,3.0,0.1527538299560547,3.0,"[""sigmos_overall_below_threshold"", ""sigmos_speech_below_threshold"", ""sigmos_coloration_below_threshold"", ""ecapa_similarity_below_threshold""]",True,0,[],29.766220092773438,0.8545894026756287,50k,0.05377197265625,0,False,2.781761646270752,3.151315212249756,3.1681318283081055,4.008610248565674,2.3097548484802246,3.89454984664917,2.5884928703308105,fleurs_uk,whole_original_recording,0.0,fleurs_uk_67c2c97145359eb3d6b5d976
50k,6.423046588897705,0.0,0,not_scored_no_time_aligned_reference,3.0,0.21359817683696747,4.5,"[""sigmos_overall_below_threshold"", ""sigmos_speech_below_threshold"", ""sigmos_coloration_below_threshold"", ""ecapa_similarity_below_threshold""]",True,0,[],25.46880340576172,0.8545894026756287,50k,0.039276123046875,1,False,2.4565701484680176,3.4269115924835205,2.802475690841675,3.921329975128174,2.002936601638794,3.37715744972229,2.184793472290039,fleurs_uk,whole_original_recording,1.5,fleurs_uk_67c2c97145359eb3d6b5d976
50k,6.122282028198242,0.0,0,not_scored_no_time_aligned_reference,3.0,0.24087420105934143,6.0,"[""sigmos_overall_below_threshold"", ""sigmos_speech_below_threshold"", ""sigmos_coloration_below_threshold"", ""ecapa_similarity_below_threshold""]",True,0,[],23.31714630126953,0.8740004897117615,50k,0.043426513671875,2,False,1.2729601860046387,3.9205586910247803,2.279802083969116,4.045467376708984,1.5343985557556152,4.309680938720703,1.5317730903625488,fleurs_uk,whole_original_recording,3.0,fleurs_uk_67c2c97145359eb3d6b5d976
50k,5.843812942504883,0.0,0,not_scored_no_time_aligned_reference,3.0,0.24917449057102203,7.5,"[""sigmos_overall_below_threshold"", ""sigmos_speech_below_threshold"", ""sigmos_coloration_below_threshold"", ""ecapa_similarity_below_threshold""]",True,0,[],30.41515350341797,0.8740004897117615,50k,0.04754638671875,3,False,2.7336935997009277,4.193643569946289,3.736248731613159,3.8510820865631104,2.2280795574188232,4.049089431762695,2.6715164184570312,fleurs_uk,whole_original_recording,4.5,fleurs_uk_67c2c97145359eb3d6b5d976
50k,6.304263114929199,0.0,0,not_scored_no_time_aligned_reference,3.0,0.2546720802783966,9.0,"[""sigmos_overall_below_threshold"", ""sigmos_speech_below_threshold"", ""sigmos_coloration_below_threshold"", ""ecapa_similarity_below_threshold""]",True,0,[],20.475784301757812,0.2482653707265854,50k,0.04754638671875,4,False,1.5149650573730469,4.248575687408447,3.224409341812134,3.6710000038146973,2.3241586685180664,4.084316253662109,2.641594171524048,fleurs_uk,whole_original_recording,6.0,fleurs_uk_67c2c97145359eb3d6b5d976
50k,6.076368808746338,0.0,0,not_scored_no_time_aligned_reference,3.0,0.20133905112743378,10.5,"[""sigmos_overall_below_threshold"", ""sigmos_speech_below_threshold"", ""sigmos_coloration_below_threshold"", ""sigmos_discontinuity_below_threshold"", ""ecapa_similarity_below_threshold""]",True,0,[],21.763221740722656,0.08557365089654922,50k,0.039337158203125,5,False,2.5974907875061035,2.9493894577026367,3.2513833045959473,3.7057065963745117,2.0496273040771484,3.9741506576538086,2.4069337844848633,fleurs_uk,whole_original_recording,7.5,fleurs_uk_67c2c97145359eb3d6b5d976
50k,5.984918117523193,0.0,0,not_scored_no_time_aligned_reference,3.0,0.21726977825164795,12.0,"[""sigmos_overall_below_threshold"", ""sigmos_speech_below_threshold"", ""sigmos_coloration_below_threshold"", ""ecapa_similarity_below_threshold""]",True,0,[],23.868125915527344,0.4868375062942505,50k,0.045501708984375,6,False,2.295262098312378,4.197549819946289,3.0075173377990723,3.671415090560913,2.217411994934082,3.5249671936035156,2.5243191719055176,fleurs_uk,whole_original_recording,9.0,fleurs_uk_67c2c97145359eb3d6b5d976
50k,5.497920036315918,0.0,0,not_scored_no_time_aligned_reference,3.0,0.28919005393981934,13.002666666666666,"[""sigmos_overall_below_threshold"", ""sigmos_speech_below_threshold"", ""sigmos_coloration_below_threshold"", ""ecapa_similarity_below_threshold""]",True,0,[],23.476898193359375,0.5361118316650391,50k,0.045501708984375,7,False,2.029430866241455,4.837618827819824,2.694356679916382,4.0668206214904785,2.1935579776763916,4.245543003082275,2.5248119831085205,fleurs_uk,whole_original_recording,10.002666666666666,fleurs_uk_67c2c97145359eb3d6b5d976
50k,6.670587539672852,0.0,0,not_scored_no_time_aligned_reference,3.0,0.2048940509557724,3.0,"[""local_high_frequency_burst"", ""sigmos_overall_below_threshold"", ""sigmos_speech_below_threshold"", ""sigmos_noise_below_threshold"", ""sigmos_coloration_below_threshold"", ""ecapa_similarity_below_threshold""]",True,4,"[{""start_seconds"": 0.16999999999999998, ""end_seconds"": 0.23}, {""start_seconds"": 1.73, ""end_seconds"": 1.79}, {""start_seconds"": 2.22, ""end_seconds"": 2.34}, {""start_seconds"": 2.52, ""end_seconds"": 2.5799999999999996}]",28.699657440185547,0.934768557548523,50k,0.294281005859375,0,False,2.8389203548431396,4.1874847412109375,3.8112967014312744,2.50384521484375,1.9943323135375977,2.998044729232788,2.4368672370910645,opentts_lada,whole_original_recording,0.0,opentts_lada_895ec772c58479ef40c211f8
50k,6.755594253540039,0.0,0,not_scored_no_time_aligned_reference,3.0,0.18872112035751343,4.1066666666666665,"[""local_high_frequency_burst"", ""sigmos_overall_below_threshold"", ""sigmos_speech_below_threshold"", ""sigmos_noise_below_threshold"", ""ecapa_similarity_below_threshold""]",True,5,"[{""start_seconds"": 0.62, ""end_seconds"": 0.68}, {""start_seconds"": 1.1199999999999999, ""end_seconds"": 1.24}, {""start_seconds"": 1.42, ""end_seconds"": 1.47}, {""start_seconds"": 1.83, ""end_seconds"": 1.93}, {""start_seconds"": 2.22, ""end_seconds"": 2.32}]",26.988967895507812,0.9393972158432007,50k,0.380706787109375,1,False,3.091201066970825,4.129021644592285,2.770996332168579,2.696683645248413,2.2871158123016357,3.786289930343628,2.752610683441162,opentts_lada,whole_original_recording,1.1066666666666667,opentts_lada_895ec772c58479ef40c211f8
50k,5.714964389801025,0.0,0,not_scored_no_time_aligned_reference,2.8906666666666667,0.24958953261375427,2.8906666666666667,"[""sigmos_overall_below_threshold"", ""sigmos_speech_below_threshold"", ""sigmos_noise_below_threshold"", ""sigmos_coloration_below_threshold"", ""ecapa_similarity_below_threshold""]",True,0,[],24.676441192626953,0.2608455717563629,50k,0.28363037109375,0,True,2.9774539470672607,3.8379080295562744,3.518878936767578,2.732206344604492,2.1500754356384277,3.618091344833374,2.6658267974853516,opentts_lada,whole_original_recording,0.0,opentts_lada_0a51f08f878361f67c7b8d39
50k,6.846779823303223,0.0,0,not_scored_no_time_aligned_reference,3.0,0.22346225380897522,3.0,"[""local_high_frequency_burst"", ""sigmos_overall_below_threshold"", ""sigmos_speech_below_threshold"", ""sigmos_coloration_below_threshold"", ""ecapa_similarity_below_threshold""]",True,1,"[{""start_seconds"": 1.35, ""end_seconds"": 1.45}]",22.236316680908203,0.8490867018699646,50k,0.320465087890625,0,False,2.1859145164489746,3.056248426437378,3.9210422039031982,3.167127847671509,1.986461877822876,3.3873114585876465,2.6279759407043457,opentts_lada,whole_original_recording,0.0,opentts_lada_03ff7e81e8e7ddc1ff567207
50k,7.5677080154418945,0.0,0,not_scored_no_time_aligned_reference,3.0,0.2505769431591034,3.7333333333333334,"[""local_high_frequency_burst"", ""sigmos_overall_below_threshold"", ""sigmos_speech_below_threshold"", ""sigmos_coloration_below_threshold"", ""ecapa_similarity_below_threshold""]",True,1,"[{""start_seconds"": 0.62, ""end_seconds"": 0.72}]",23.180419921875,0.8597556948661804,50k,0.320465087890625,1,False,1.9391241073608398,3.3962960243225098,3.157576322555542,3.5061261653900146,2.565882921218872,3.376641035079956,2.96798038482666,opentts_lada,whole_original_recording,0.7333333333333333,opentts_lada_03ff7e81e8e7ddc1ff567207
50k,7.273000717163086,0.0,0,not_scored_no_time_aligned_reference,3.0,0.2885030508041382,3.0,"[""local_high_frequency_burst"", ""sigmos_overall_below_threshold"", ""sigmos_speech_below_threshold"", ""sigmos_coloration_below_threshold"", ""ecapa_similarity_below_threshold""]",True,1,"[{""start_seconds"": 0.16, ""end_seconds"": 0.31}]",45.13729476928711,0.9254634976387024,50k,0.2276611328125,0,False,2.0969583988189697,3.58046293258667,2.49831485748291,3.700868844985962,2.2351808547973633,3.5395801067352295,2.778045892715454,opentts_lada,whole_original_recording,0.0,opentts_lada_4f6898f32fa7c0bffacc0eb8
50k,7.464056491851807,0.0,0,not_scored_no_time_aligned_reference,3.0,0.2645145058631897,3.925333333333333,"[""sigmos_overall_below_threshold"", ""sigmos_speech_below_threshold"", ""sigmos_coloration_below_threshold"", ""ecapa_similarity_below_threshold""]",True,0,[],23.874366760253906,0.2029104083776474,50k,0.21142578125,1,False,2.0778095722198486,3.283729314804077,2.7422235012054443,3.7457985877990723,1.8355302810668945,3.8896429538726807,2.137258768081665,opentts_lada,whole_original_recording,0.9253333333333333,opentts_lada_4f6898f32fa7c0bffacc0eb8
50k,7.551602840423584,0.0,0,not_scored_no_time_aligned_reference,2.1013333333333333,0.2814920246601105,2.1013333333333333,"[""local_high_frequency_burst"", ""sigmos_overall_below_threshold"", ""sigmos_speech_below_threshold"", ""sigmos_discontinuity_below_threshold"", ""ecapa_similarity_below_threshold""]",True,1,"[{""start_seconds"": 1.05, ""end_seconds"": 1.15}]",37.80427551269531,0.8330199718475342,50k,0.323089599609375,0,True,3.0879759788513184,2.945327043533325,3.424968957901001,3.6384384632110596,1.8068814277648926,3.522484302520752,1.97623872756958,opentts_lada,whole_original_recording,0.0,opentts_lada_3f12d88f92635c6568c06e01
50k,6.9879350662231445,0.0,0,not_scored_no_time_aligned_reference,2.72,0.08430842310190201,2.72,"[""local_high_frequency_burst"", ""sigmos_overall_below_threshold"", ""sigmos_speech_below_threshold"", ""sigmos_coloration_below_threshold"", ""ecapa_similarity_below_threshold""]",True,2,"[{""start_seconds"": 0.87, ""end_seconds"": 0.96}, {""start_seconds"": 1.98, ""end_seconds"": 2.01}]",34.52363204956055,0.8730838894844055,50k,0.29119873046875,0,True,2.872936964035034,3.8781917095184326,3.49991512298584,4.423192024230957,2.3474481105804443,3.8349368572235107,2.690828323364258,opentts_lada,whole_original_recording,0.0,opentts_lada_98366f80048a9cc5c7db5a69
50k,7.474828243255615,0.0,0,not_scored_no_time_aligned_reference,3.0,0.10721667110919952,3.0,"[""local_high_frequency_burst"", ""sigmos_overall_below_threshold"", ""sigmos_speech_below_threshold"", ""ecapa_similarity_below_threshold""]",True,3,"[{""start_seconds"": 1.51, ""end_seconds"": 1.59}, {""start_seconds"": 2.0500000000000003, ""end_seconds"": 2.11}, {""start_seconds"": 2.52, ""end_seconds"": 2.67}]",44.10024642944336,0.8935554027557373,50k,0.29302978515625,0,False,3.3446695804595947,3.362020492553711,4.121541976928711,4.375035285949707,2.282975435256958,2.8744044303894043,2.476202964782715,opentts_lada,whole_original_recording,0.0,opentts_lada_62b7ba749f09ce58e99f5fa5
50k,7.643848896026611,0.0,0,not_scored_no_time_aligned_reference,3.0,0.11991656571626663,3.8826666666666667,"[""local_high_frequency_burst"", ""sigmos_overall_below_threshold"", ""sigmos_speech_below_threshold"", ""sigmos_coloration_below_threshold"", ""sigmos_discontinuity_below_threshold"", ""ecapa_similarity_below_threshold""]",True,3,"[{""start_seconds"": 0.63, ""end_seconds"": 0.71}, {""start_seconds"": 1.16, ""end_seconds"": 1.22}, {""start_seconds"": 1.64, ""end_seconds"": 1.79}]",44.01718521118164,0.903161883354187,50k,0.29302978515625,1,False,2.5528366565704346,2.0829336643218994,3.1498043537139893,3.646527051925659,2.013427495956421,3.3584110736846924,2.4570608139038086,opentts_lada,whole_original_recording,0.8826666666666667,opentts_lada_62b7ba749f09ce58e99f5fa5
50k,7.0717973709106445,0.0,0,not_scored_no_time_aligned_reference,3.0,0.23621848225593567,3.0,"[""local_high_frequency_burst"", ""sigmos_overall_below_threshold"", ""sigmos_speech_below_threshold"", ""sigmos_coloration_below_threshold"", ""ecapa_similarity_below_threshold""]",True,4,"[{""start_seconds"": 0.27, ""end_seconds"": 0.36}, {""start_seconds"": 1.03, ""end_seconds"": 1.11}, {""start_seconds"": 1.29, ""end_seconds"": 1.35}, {""start_seconds"": 2.0700000000000003, ""end_seconds"": 2.1399999999999997}]",24.257904052734375,0.916207492351532,50k,0.272216796875,0,False,2.5433509349823,3.364577531814575,3.153977155685425,3.289750576019287,1.5164554119110107,3.570751428604126,2.102947473526001,opentts_lada,whole_original_recording,0.0,opentts_lada_0662ad46c52346128cb62973
50k,7.062615871429443,0.0,0,not_scored_no_time_aligned_reference,3.0,0.2407662272453308,3.3386666666666667,"[""local_high_frequency_burst"", ""sigmos_overall_below_threshold"", ""sigmos_speech_below_threshold"", ""sigmos_coloration_below_threshold"", ""ecapa_similarity_below_threshold""]",True,4,"[{""start_seconds"": 0.69, ""end_seconds"": 0.77}, {""start_seconds"": 0.95, ""end_seconds"": 1.01}, {""start_seconds"": 1.73, ""end_seconds"": 1.8}, {""start_seconds"": 2.7, ""end_seconds"": 2.78}]",39.3545036315918,0.9122285842895508,50k,0.272216796875,1,False,2.602393388748169,3.508626699447632,3.1324071884155273,3.5447580814361572,1.9047503471374512,3.7254278659820557,2.4974539279937744,opentts_lada,whole_original_recording,0.33866666666666667,opentts_lada_0662ad46c52346128cb62973
50k,6.809078693389893,0.0,0,not_scored_no_time_aligned_reference,2.304,0.15074707567691803,2.304,"[""local_high_frequency_burst"", ""sigmos_overall_below_threshold"", ""sigmos_speech_below_threshold"", ""sigmos_coloration_below_threshold"", ""ecapa_similarity_below_threshold""]",True,2,"[{""start_seconds"": 0.9, ""end_seconds"": 0.96}, {""start_seconds"": 1.64, ""end_seconds"": 1.74}]",32.73383331298828,0.8713085055351257,50k,0.251617431640625,0,True,2.9298293590545654,3.870924234390259,4.2872161865234375,4.358756065368652,2.352696657180786,4.0637125968933105,2.8533153533935547,opentts_lada,whole_original_recording,0.0,opentts_lada_d678cf4acf3877e75ae20b50
50k,7.789238929748535,0.0,0,not_scored_no_time_aligned_reference,3.0,0.20990221202373505,3.0,"[""local_high_frequency_burst"", ""sigmos_overall_below_threshold"", ""sigmos_speech_below_threshold"", ""sigmos_coloration_below_threshold"", ""ecapa_similarity_below_threshold""]",True,4,"[{""start_seconds"": 0.97, ""end_seconds"": 1.05}, {""start_seconds"": 1.08, ""end_seconds"": 1.1}, {""start_seconds"": 1.55, ""end_seconds"": 1.61}, {""start_seconds"": 2.18, ""end_seconds"": 2.2699999999999996}]",42.50934600830078,0.8886051177978516,50k,0.255523681640625,0,False,2.9909818172454834,3.204373598098755,3.4625396728515625,3.0632948875427246,2.129983425140381,3.7880797386169434,2.979341745376587,opentts_lada,whole_original_recording,0.0,opentts_lada_084278046b1dac222cef1a1b
50k,7.4974470138549805,0.0,0,not_scored_no_time_aligned_reference,3.0,0.22537212073802948,3.3066666666666666,"[""local_high_frequency_burst"", ""sigmos_overall_below_threshold"", ""sigmos_speech_below_threshold"", ""sigmos_discontinuity_below_threshold"", ""ecapa_similarity_below_threshold""]",True,4,"[{""start_seconds"": 0.66, ""end_seconds"": 0.74}, {""start_seconds"": 0.77, ""end_seconds"": 0.79}, {""start_seconds"": 1.24, ""end_seconds"": 1.3}, {""start_seconds"": 1.8699999999999999, ""end_seconds"": 1.97}]",39.144344329833984,0.8517807126045227,50k,0.255523681640625,1,False,3.137122392654419,2.728947162628174,3.617194890975952,3.023685932159424,2.065070629119873,4.070602893829346,2.81417179107666,opentts_lada,whole_original_recording,0.30666666666666664,opentts_lada_084278046b1dac222cef1a1b
50k,6.732205867767334,0.0,0,not_scored_no_time_aligned_reference,3.0,0.1555837094783783,3.0,"[""local_high_frequency_burst"", ""sigmos_overall_below_threshold"", ""sigmos_speech_below_threshold"", ""sigmos_noise_below_threshold"", ""ecapa_similarity_below_threshold""]",True,3,"[{""start_seconds"": 0.33999999999999997, ""end_seconds"": 0.41000000000000003}, {""start_seconds"": 1.73, ""end_seconds"": 1.84}, {""start_seconds"": 2.2800000000000002, ""end_seconds"": 2.34}]",25.282814025878906,0.9229375720024109,50k,0.255218505859375,0,False,3.4271609783172607,3.355790138244629,3.793926954269409,2.538619041442871,2.151336193084717,3.625110626220703,2.613466501235962,opentts_lada,whole_original_recording,0.0,opentts_lada_711415c65ab804a2a0a9672a
50k,6.978341579437256,0.0,0,not_scored_no_time_aligned_reference,3.0,0.15383049845695496,4.042666666666666,"[""local_high_frequency_burst"", ""sigmos_overall_below_threshold"", ""sigmos_speech_below_threshold"", ""sigmos_coloration_below_threshold"", ""ecapa_similarity_below_threshold""]",True,5,"[{""start_seconds"": 0.69, ""end_seconds"": 0.79}, {""start_seconds"": 1.24, ""end_seconds"": 1.3}, {""start_seconds"": 2.1100000000000003, ""end_seconds"": 2.21}, {""start_seconds"": 2.2800000000000002, ""end_seconds"": 2.34}, {""start_seconds"": 2.4800000000000004, ""end_seconds"": 2.5999999999999996}]",25.291065216064453,0.9201411008834839,50k,0.255218505859375,1,False,2.7404723167419434,4.093667507171631,3.5379385948181152,3.175783634185791,2.080232620239258,3.809695243835449,2.790119171142578,opentts_lada,whole_original_recording,1.0426666666666666,opentts_lada_711415c65ab804a2a0a9672a
50k,6.327035427093506,0.0,0,not_scored_no_time_aligned_reference,2.058666666666667,0.16879944503307343,2.058666666666667,"[""local_high_frequency_burst"", ""sigmos_overall_below_threshold"", ""sigmos_coloration_below_threshold"", ""ecapa_similarity_below_threshold""]",True,1,"[{""start_seconds"": 1.54, ""end_seconds"": 1.61}]",32.261444091796875,0.7604418396949768,50k,0.190826416015625,0,True,2.7780632972717285,4.6518096923828125,3.9758543968200684,4.235339164733887,2.640209913253784,3.189485549926758,3.011218309402466,opentts_mykyta,whole_original_recording,0.0,opentts_mykyta_3cfe71029778dc75286e6568
50k,6.245424270629883,0.0,0,not_scored_no_time_aligned_reference,1.984,0.2504133880138397,1.984,"[""local_high_frequency_burst"", ""sigmos_overall_below_threshold"", ""sigmos_speech_below_threshold"", ""sigmos_coloration_below_threshold"", ""ecapa_similarity_below_threshold""]",True,1,"[{""start_seconds"": 1.35, ""end_seconds"": 1.46}]",28.821205139160156,0.7331746220588684,50k,0.21575927734375,0,True,2.5975563526153564,3.8704583644866943,3.6148290634155273,4.274954795837402,2.1722209453582764,3.193251848220825,2.5756914615631104,opentts_mykyta,whole_original_recording,0.0,opentts_mykyta_f7e6c7e1532a595b707f9d2b
50k,5.984212875366211,0.0,0,not_scored_no_time_aligned_reference,3.0,0.20060518383979797,3.0,"[""local_high_frequency_burst"", ""sigmos_overall_below_threshold"", ""ecapa_similarity_below_threshold""]",True,1,"[{""start_seconds"": 1.77, ""end_seconds"": 1.85}]",29.834949493408203,0.7280836701393127,50k,0.1651611328125,0,False,3.0808022022247314,4.056676864624023,3.567995548248291,4.360583305358887,2.855799674987793,3.7336509227752686,3.146526575088501,opentts_mykyta,whole_original_recording,0.0,opentts_mykyta_18fac11688c53adf4ff7227a
50k,6.470770359039307,0.0,0,not_scored_no_time_aligned_reference,3.0,0.20443201065063477,4.5,"[""local_high_frequency_burst"", ""sigmos_overall_below_threshold"", ""ecapa_similarity_below_threshold""]",True,3,"[{""start_seconds"": 0.27, ""end_seconds"": 0.35000000000000003}, {""start_seconds"": 2.0900000000000003, ""end_seconds"": 2.19}, {""start_seconds"": 2.5300000000000002, ""end_seconds"": 2.59}]",27.488353729248047,0.8338569402694702,50k,0.1651611328125,1,False,3.0789618492126465,3.608062267303467,3.9525418281555176,3.8230032920837402,2.788945198059082,3.9782347679138184,3.170027256011963,opentts_mykyta,whole_original_recording,1.5,opentts_mykyta_18fac11688c53adf4ff7227a
50k,6.566201686859131,0.0,0,not_scored_no_time_aligned_reference,3.0,0.21259115636348724,5.8133333333333335,"[""local_high_frequency_burst"", ""sigmos_overall_below_threshold"", ""sigmos_speech_below_threshold"", ""sigmos_coloration_below_threshold"", ""ecapa_similarity_below_threshold""]",True,3,"[{""start_seconds"": 0.78, ""end_seconds"": 0.88}, {""start_seconds"": 1.22, ""end_seconds"": 1.28}, {""start_seconds"": 2.2300000000000004, ""end_seconds"": 2.3299999999999996}]",29.164047241210938,0.8508695363998413,50k,0.15936279296875,2,False,2.7411882877349854,3.8579094409942627,3.7040042877197266,3.3845221996307373,2.49503493309021,3.546022415161133,2.935960292816162,opentts_mykyta,whole_original_recording,2.8133333333333335,opentts_mykyta_18fac11688c53adf4ff7227a
50k,6.98042106628418,0.0,0,not_scored_no_time_aligned_reference,1.792,0.21666865050792694,1.792,"[""local_high_frequency_burst"", ""sigmos_overall_below_threshold"", ""ecapa_similarity_below_threshold""]",True,2,"[{""start_seconds"": 0.95, ""end_seconds"": 0.97}, {""start_seconds"": 1.0, ""end_seconds"": 1.1300000000000001}]",42.76718521118164,0.807327389717102,50k,0.269073486328125,0,True,3.0639991760253906,3.8330652713775635,3.949761390686035,4.2869343757629395,2.680783748626709,3.405677318572998,3.210517644882202,opentts_mykyta,whole_original_recording,0.0,opentts_mykyta_cac2b4f75c8cdeb7fb0eb9c2
50k,6.527035713195801,0.0,0,not_scored_no_time_aligned_reference,2.0693333333333332,0.10650953650474548,2.0693333333333332,"[""sigmos_overall_below_threshold"", ""sigmos_speech_below_threshold"", ""sigmos_coloration_below_threshold"", ""ecapa_similarity_below_threshold""]",True,0,[],33.25011444091797,0.28946661949157715,50k,0.15667724609375,0,True,2.935148239135742,3.856797695159912,3.375908374786377,4.1815948486328125,2.677114963531494,3.540769100189209,2.8640120029449463,opentts_mykyta,whole_original_recording,0.0,opentts_mykyta_e1b43c1007a9fdaca1fe7af8
50k,7.124431610107422,0.0,0,not_scored_no_time_aligned_reference,2.058666666666667,0.21148043870925903,2.058666666666667,"[""local_high_frequency_burst"", ""ecapa_similarity_below_threshold""]",True,1,"[{""start_seconds"": 1.48, ""end_seconds"": 1.56}]",28.317604064941406,0.8895315527915955,50k,0.19586181640625,0,True,3.382624626159668,4.34330940246582,3.711394786834717,3.826348066329956,3.1290066242218018,3.7745771408081055,3.5660831928253174,opentts_mykyta,whole_original_recording,0.0,opentts_mykyta_6c752b188ec3ba596f61f823
50k,6.810753345489502,0.0,0,not_scored_no_time_aligned_reference,2.7306666666666666,0.2647290527820587,2.7306666666666666,"[""sigmos_overall_below_threshold"", ""sigmos_speech_below_threshold"", ""sigmos_coloration_below_threshold"", ""ecapa_similarity_below_threshold""]",True,0,[],42.72871398925781,0.1628389209508896,50k,0.277557373046875,0,True,2.5660414695739746,3.8418478965759277,3.664560556411743,3.9687814712524414,1.898390531539917,3.390284538269043,2.242877721786499,opentts_mykyta,whole_original_recording,0.0,opentts_mykyta_41ce75384704cf49b41d0d0c
50k,6.116262912750244,0.0,0,not_scored_no_time_aligned_reference,3.0,0.23359818756580353,3.0,"[""local_high_frequency_burst"", ""sigmos_overall_below_threshold"", ""ecapa_similarity_below_threshold""]",True,3,"[{""start_seconds"": 0.48, ""end_seconds"": 0.56}, {""start_seconds"": 0.71, ""end_seconds"": 0.79}, {""start_seconds"": 1.53, ""end_seconds"": 1.55}]",18.284759521484375,0.8636332154273987,50k,0.1650390625,0,False,3.2327933311462402,3.4852046966552734,3.600069999694824,4.194296360015869,2.8394901752471924,3.0694210529327393,3.1808648109436035,opentts_mykyta,whole_original_recording,0.0,opentts_mykyta_e7f36626bee9886eb7ee3b87
50k,6.503498077392578,0.0,0,not_scored_no_time_aligned_reference,3.0,0.1951107233762741,4.458666666666667,"[""sigmos_overall_below_threshold"", ""sigmos_speech_below_threshold"", ""ecapa_similarity_below_threshold""]",True,0,[],26.552669525146484,0.44871243834495544,50k,0.1650390625,1,False,3.2778806686401367,4.056269645690918,3.4987406730651855,4.270376205444336,2.5795907974243164,3.4352102279663086,2.959749698638916,opentts_mykyta,whole_original_recording,1.4586666666666666,opentts_mykyta_e7f36626bee9886eb7ee3b87
50k,5.11025333404541,0.0,0,not_scored_no_time_aligned_reference,2.176,0.06226558983325958,2.176,"[""local_high_frequency_burst"", ""sigmos_overall_below_threshold"", ""sigmos_speech_below_threshold"", ""sigmos_coloration_below_threshold"", ""ecapa_similarity_below_threshold""]",True,2,"[{""start_seconds"": 1.07, ""end_seconds"": 1.15}, {""start_seconds"": 1.67, ""end_seconds"": 1.76}]",27.11859130859375,0.7342325448989868,50k,0.16094970703125,0,True,2.334092140197754,3.938434600830078,2.8077147006988525,3.914670944213867,2.438575267791748,3.4730045795440674,2.8593437671661377,opentts_mykyta,whole_original_recording,0.0,opentts_mykyta_c2f414fc0fe7a2a70b94b0fc
50k,6.661923885345459,0.0,0,not_scored_no_time_aligned_reference,3.0,0.17757461965084076,3.0,"[""local_high_frequency_burst"", ""sigmos_overall_below_threshold"", ""sigmos_speech_below_threshold"", ""sigmos_coloration_below_threshold"", ""ecapa_similarity_below_threshold""]",True,3,"[{""start_seconds"": 0.51, ""end_seconds"": 0.59}, {""start_seconds"": 1.3, ""end_seconds"": 1.3800000000000001}, {""start_seconds"": 2.7600000000000002, ""end_seconds"": 2.84}]",28.929183959960938,0.8117206692695618,50k,0.226806640625,0,False,2.482041835784912,3.9186418056488037,3.6893279552459717,3.9638400077819824,2.418865919113159,3.83835768699646,2.8259570598602295,opentts_mykyta,whole_original_recording,0.0,opentts_mykyta_4c8852d972aac68c073f1810
50k,6.923274040222168,0.0,0,not_scored_no_time_aligned_reference,3.0,0.18235531449317932,3.776,"[""local_high_frequency_burst"", ""sigmos_overall_below_threshold"", ""sigmos_coloration_below_threshold"", ""ecapa_similarity_below_threshold""]",True,2,"[{""start_seconds"": 0.52, ""end_seconds"": 0.6}, {""start_seconds"": 1.99, ""end_seconds"": 2.07}]",26.979652404785156,0.6889442205429077,50k,0.165863037109375,1,False,2.008180618286133,4.496969699859619,4.025434494018555,4.22797966003418,2.904123544692993,4.1273298263549805,3.4992988109588623,opentts_mykyta,whole_original_recording,0.776,opentts_mykyta_4c8852d972aac68c073f1810
50k,6.773863792419434,0.0,0,not_scored_no_time_aligned_reference,1.8346666666666667,0.3046574890613556,1.8346666666666667,"[""sigmos_overall_below_threshold"", ""sigmos_speech_below_threshold"", ""sigmos_coloration_below_threshold"", ""ecapa_similarity_below_threshold""]",True,0,[],22.451770782470703,0.13386759161949158,50k,0.217742919921875,0,True,2.725428819656372,4.206943511962891,3.6741368770599365,4.439448356628418,2.61678147315979,3.746694326400757,2.7905941009521484,opentts_mykyta,whole_original_recording,0.0,opentts_mykyta_09c96b64ccb1a8b04800b653
50k,5.286537170410156,0.0,0,not_scored_no_time_aligned_reference,3.0,0.24761727452278137,3.0,"[""local_high_frequency_burst"", ""sigmos_overall_below_threshold"", ""sigmos_speech_below_threshold"", ""ecapa_similarity_below_threshold""]",True,1,"[{""start_seconds"": 2.2300000000000004, ""end_seconds"": 2.32}]",25.524696350097656,0.8195545077323914,50k,0.1888427734375,0,False,3.1068263053894043,3.8629419803619385,3.9703385829925537,4.019911766052246,2.482682466506958,4.3236494064331055,2.740973472595215,opentts_tetiana,whole_original_recording,0.0,opentts_tetiana_88d98a6a4cea4fe77639349f
50k,6.181713581085205,0.0,0,not_scored_no_time_aligned_reference,3.0,0.25165855884552,4.5,"[""local_high_frequency_burst"", ""sigmos_overall_below_threshold"", ""sigmos_speech_below_threshold"", ""sigmos_coloration_below_threshold"", ""ecapa_similarity_below_threshold""]",True,1,"[{""start_seconds"": 0.73, ""end_seconds"": 0.8200000000000001}]",24.199241638183594,0.8195545077323914,50k,0.1888427734375,1,False,2.864727258682251,4.025396347045898,3.9013233184814453,3.921933889389038,2.4299099445343018,4.034845352172852,2.634894609451294,opentts_tetiana,whole_original_recording,1.5,opentts_tetiana_88d98a6a4cea4fe77639349f
50k,6.404107570648193,0.0,0,not_scored_no_time_aligned_reference,3.0,0.3200342655181885,5.365333333333333,"[""local_high_frequency_burst"", ""sigmos_overall_below_threshold"", ""sigmos_speech_below_threshold"", ""sigmos_coloration_below_threshold"", ""ecapa_similarity_below_threshold""]",True,1,"[{""start_seconds"": 2.4800000000000004, ""end_seconds"": 2.5799999999999996}]",23.591293334960938,0.8689584136009216,50k,0.1888427734375,2,False,2.6464126110076904,3.810190200805664,3.891828775405884,4.208213806152344,2.2867558002471924,4.271927833557129,2.540719509124756,opentts_tetiana,whole_original_recording,2.3653333333333335,opentts_tetiana_88d98a6a4cea4fe77639349f
50k,5.517792701721191,0.0,0,not_scored_no_time_aligned_reference,3.0,0.4405458867549896,3.0,"[""local_high_frequency_burst"", ""sigmos_overall_below_threshold"", ""sigmos_coloration_below_threshold"", ""ecapa_similarity_below_threshold""]",True,3,"[{""start_seconds"": 0.9299999999999999, ""end_seconds"": 1.0}, {""start_seconds"": 1.08, ""end_seconds"": 1.14}, {""start_seconds"": 1.79, ""end_seconds"": 1.86}]",37.75360107421875,0.8667951822280884,50k,0.172393798828125,0,False,2.6837260723114014,4.335068225860596,4.746674537658691,4.001069068908691,2.78393816947937,4.533756256103516,3.23589825630188,opentts_tetiana,whole_original_recording,0.0,opentts_tetiana_7a3d5f861fd8ad8683c1c939
50k,4.928222179412842,0.0,0,not_scored_no_time_aligned_reference,3.0,0.44184818863868713,4.5,"[""local_high_frequency_burst"", ""sigmos_overall_below_threshold"", ""sigmos_speech_below_threshold"", ""sigmos_coloration_below_threshold"", ""audiobox_pq_below_threshold"", ""ecapa_similarity_below_threshold""]",True,2,"[{""start_seconds"": 0.29, ""end_seconds"": 0.36}, {""start_seconds"": 2.1500000000000004, ""end_seconds"": 2.25}]",25.416217803955078,0.8509930968284607,50k,0.153472900390625,1,False,2.478706121444702,4.03265905380249,3.397496223449707,3.7986676692962646,2.432055950164795,4.1982574462890625,2.8926568031311035,opentts_tetiana,whole_original_recording,1.5,opentts_tetiana_7a3d5f861fd8ad8683c1c939
50k,5.327340602874756,0.0,0,not_scored_no_time_aligned_reference,3.0,0.40285173058509827,4.949333333333334,"[""local_high_frequency_burst"", ""sigmos_overall_below_threshold"", ""sigmos_speech_below_threshold"", ""sigmos_coloration_below_threshold"", ""ecapa_similarity_below_threshold""]",True,1,"[{""start_seconds"": 1.7, ""end_seconds"": 1.8}]",23.800922393798828,0.8537179231643677,50k,0.148590087890625,2,False,2.3501830101013184,3.2849738597869873,3.6826395988464355,3.5326855182647705,2.396550178527832,3.8177437782287598,2.658590078353882,opentts_tetiana,whole_original_recording,1.9493333333333334,opentts_tetiana_7a3d5f861fd8ad8683c1c939
50k,6.1772894859313965,0.0,0,not_scored_no_time_aligned_reference,2.6773333333333333,0.3893420994281769,2.6773333333333333,"[""local_high_frequency_burst"", ""sigmos_overall_below_threshold"", ""sigmos_coloration_below_threshold"", ""ecapa_similarity_below_threshold""]",True,4,"[{""start_seconds"": 0.88, ""end_seconds"": 0.96}, {""start_seconds"": 1.7, ""end_seconds"": 1.75}, {""start_seconds"": 1.91, ""end_seconds"": 1.93}, {""start_seconds"": 2.0700000000000003, ""end_seconds"": 2.13}]",24.50251007080078,0.900833010673523,50k,0.16424560546875,0,True,2.2624993324279785,3.4180874824523926,3.9381778240203857,3.6317954063415527,2.6831564903259277,3.3593757152557373,3.0185163021087646,opentts_tetiana,whole_original_recording,0.0,opentts_tetiana_eafdc1b4bd0bf7b30f79865c
50k,5.66383171081543,0.0,0,not_scored_no_time_aligned_reference,3.0,0.403572678565979,3.0,"[""local_high_frequency_burst"", ""sigmos_overall_below_threshold"", ""sigmos_speech_below_threshold"", ""sigmos_coloration_below_threshold"", ""ecapa_similarity_below_threshold""]",True,3,"[{""start_seconds"": 0.33, ""end_seconds"": 0.36}, {""start_seconds"": 0.74, ""end_seconds"": 0.77}, {""start_seconds"": 1.82, ""end_seconds"": 1.9}]",27.398818969726562,0.8451335430145264,50k,0.166473388671875,0,False,2.727761745452881,3.362302780151367,3.907292604446411,3.8517935276031494,2.3997726440429688,3.5484533309936523,2.6544976234436035,opentts_tetiana,whole_original_recording,0.0,opentts_tetiana_7a6a7481c484173c5e147f52
50k,6.064300060272217,0.0,0,not_scored_no_time_aligned_reference,3.0,0.2726648449897766,4.256,"[""local_high_frequency_burst"", ""sigmos_overall_below_threshold"", ""sigmos_speech_below_threshold"", ""ecapa_similarity_below_threshold""]",True,1,"[{""start_seconds"": 0.5599999999999999, ""end_seconds"": 0.65}]",28.892868041992188,0.8302841186523438,50k,0.166473388671875,1,False,3.132026195526123,3.2883646488189697,4.450984477996826,4.049091815948486,2.387855052947998,4.040798187255859,2.694852590560913,opentts_tetiana,whole_original_recording,1.256,opentts_tetiana_7a6a7481c484173c5e147f52
50k,6.901864528656006,0.0,0,not_scored_no_time_aligned_reference,3.0,0.5364118218421936,3.0,"[""sigmos_overall_below_threshold"", ""sigmos_speech_below_threshold"", ""sigmos_coloration_below_threshold"", ""ecapa_similarity_below_threshold""]",True,0,[],30.053253173828125,0.2661871016025543,50k,0.22552490234375,0,False,2.7406373023986816,3.845120668411255,3.345479965209961,4.388876438140869,2.650670051574707,3.8534317016601562,2.9380791187286377,opentts_tetiana,whole_original_recording,0.0,opentts_tetiana_9bdcd2e0876228264c2a5bfb
50k,6.794943332672119,0.0,0,not_scored_no_time_aligned_reference,3.0,0.5065747499465942,3.4346666666666668,"[""sigmos_overall_below_threshold"", ""sigmos_speech_below_threshold"", ""sigmos_coloration_below_threshold"", ""ecapa_similarity_below_threshold""]",True,0,[],29.550334930419922,0.32174456119537354,50k,0.22552490234375,1,False,1.8520708084106445,4.030043125152588,3.828497886657715,4.648408889770508,2.129788875579834,3.865487813949585,2.630882978439331,opentts_tetiana,whole_original_recording,0.43466666666666665,opentts_tetiana_9bdcd2e0876228264c2a5bfb
50k,5.917970657348633,0.0,0,not_scored_no_time_aligned_reference,3.0,0.3003319501876831,3.0,"[""sigmos_overall_below_threshold"", ""sigmos_speech_below_threshold"", ""sigmos_coloration_below_threshold"", ""ecapa_similarity_below_threshold""]",True,0,[],42.01591491699219,0.2776440978050232,50k,0.18658447265625,0,False,2.4780502319335938,3.6357216835021973,3.3750927448272705,3.9601829051971436,2.2923197746276855,3.4221765995025635,2.7676634788513184,opentts_tetiana,whole_original_recording,0.0,opentts_tetiana_951e7f522ed9bfd1a4a521d3
50k,5.911072254180908,0.0,0,not_scored_no_time_aligned_reference,3.0,0.30222052335739136,3.04,"[""sigmos_overall_below_threshold"", ""sigmos_speech_below_threshold"", ""sigmos_coloration_below_threshold"", ""ecapa_similarity_below_threshold""]",True,0,[],27.378067016601562,0.2776440978050232,50k,0.18658447265625,1,False,2.7484912872314453,3.875061511993408,3.4526124000549316,4.349863052368164,2.187863349914551,4.028271675109863,2.7861552238464355,opentts_tetiana,whole_original_recording,0.04,opentts_tetiana_951e7f522ed9bfd1a4a521d3
50k,6.177296161651611,0.0,0,not_scored_no_time_aligned_reference,3.0,0.34053486585617065,3.0,"[""local_high_frequency_burst"", ""sigmos_overall_below_threshold"", ""sigmos_speech_below_threshold"", ""sigmos_coloration_below_threshold"", ""ecapa_similarity_below_threshold""]",True,4,"[{""start_seconds"": 0.16999999999999998, ""end_seconds"": 0.24000000000000002}, {""start_seconds"": 1.4, ""end_seconds"": 1.49}, {""start_seconds"": 2.0100000000000002, ""end_seconds"": 2.07}, {""start_seconds"": 2.25, ""end_seconds"": 2.2699999999999996}]",38.689273834228516,0.900123655796051,50k,0.196868896484375,0,False,2.855319023132324,3.921977996826172,3.9694550037384033,3.970107316970825,2.327645778656006,3.073145627975464,2.876081943511963,opentts_tetiana,whole_original_recording,0.0,opentts_tetiana_13b0b750996ccf20d718f422
50k,6.229833126068115,0.0,0,not_scored_no_time_aligned_reference,3.0,0.3417515456676483,3.04,"[""local_high_frequency_burst"", ""sigmos_overall_below_threshold"", ""sigmos_speech_below_threshold"", ""sigmos_coloration_below_threshold"", ""ecapa_similarity_below_threshold""]",True,4,"[{""start_seconds"": 0.13, ""end_seconds"": 0.2}, {""start_seconds"": 1.36, ""end_seconds"": 1.45}, {""start_seconds"": 1.97, ""end_seconds"": 2.03}, {""start_seconds"": 2.2100000000000004, ""end_seconds"": 2.23}]",38.689273834228516,0.900123655796051,50k,0.196868896484375,1,False,2.8056223392486572,3.785268783569336,3.660811424255371,4.282491683959961,2.3962795734405518,3.736635446548462,2.7898480892181396,opentts_tetiana,whole_original_recording,0.04,opentts_tetiana_13b0b750996ccf20d718f422
50k,5.587677955627441,0.0,0,not_scored_no_time_aligned_reference,2.986666666666667,0.21572759747505188,2.986666666666667,"[""sigmos_overall_below_threshold"", ""ecapa_similarity_below_threshold""]",True,0,[],19.651798248291016,0.16683094203472137,50k,0.200653076171875,0,True,3.2395169734954834,3.633568286895752,3.818561315536499,3.7797257900238037,2.8880221843719482,3.2231109142303467,3.123609781265259,opentts_tetiana,whole_original_recording,0.0,opentts_tetiana_940d13e97ac3739264027997
50k,6.367032527923584,0.0,0,not_scored_no_time_aligned_reference,3.0,0.4424898624420166,3.0,"[""local_high_frequency_burst"", ""sigmos_overall_below_threshold"", ""sigmos_speech_below_threshold"", ""sigmos_coloration_below_threshold"", ""ecapa_similarity_below_threshold""]",True,1,"[{""start_seconds"": 1.26, ""end_seconds"": 1.34}]",25.196868896484375,0.8226948380470276,50k,0.16387939453125,0,False,2.2223241329193115,3.1965811252593994,3.1483190059661865,4.378880023956299,1.7397732734680176,3.807451009750366,1.8803365230560303,opentts_tetiana,whole_original_recording,0.0,opentts_tetiana_671bd81fff59349210ecd0c9
50k,6.407589912414551,0.0,0,not_scored_no_time_aligned_reference,3.0,0.4427716135978699,3.1786666666666665,"[""local_high_frequency_burst"", ""sigmos_overall_below_threshold"", ""sigmos_speech_below_threshold"", ""sigmos_coloration_below_threshold"", ""ecapa_similarity_below_threshold""]",True,1,"[{""start_seconds"": 1.08, ""end_seconds"": 1.16}]",20.91364288330078,0.8307104706764221,50k,0.16387939453125,1,False,2.4727156162261963,3.324735403060913,3.443385124206543,3.5663461685180664,1.8176028728485107,3.5812764167785645,2.087826728820801,opentts_tetiana,whole_original_recording,0.17866666666666667,opentts_tetiana_671bd81fff59349210ecd0c9
50k,5.877138614654541,0.0,0,not_scored_no_time_aligned_reference,3.0,0.4125553369522095,3.0,"[""local_high_frequency_burst"", ""sigmos_overall_below_threshold"", ""sigmos_speech_below_threshold"", ""sigmos_coloration_below_threshold"", ""ecapa_similarity_below_threshold""]",True,1,"[{""start_seconds"": 2.66, ""end_seconds"": 2.73}]",36.04280090332031,0.8467339873313904,50k,0.182586669921875,0,False,2.373830795288086,4.136547088623047,3.455352544784546,4.269937515258789,2.3608877658843994,4.108978271484375,2.871060848236084,opentts_tetiana,whole_original_recording,0.0,opentts_tetiana_0a4f4eeb4c084d7aa9a1f264
50k,5.5102081298828125,0.0,0,not_scored_no_time_aligned_reference,3.0,0.36695951223373413,3.712,"[""local_high_frequency_burst"", ""sigmos_overall_below_threshold"", ""sigmos_speech_below_threshold"", ""ecapa_similarity_below_threshold""]",True,1,"[{""start_seconds"": 1.95, ""end_seconds"": 2.0199999999999996}]",27.432785034179688,0.8439797759056091,50k,0.182586669921875,1,False,3.0588555335998535,3.545717477798462,2.8153738975524902,4.200639724731445,2.298891305923462,3.860835313796997,2.5777244567871094,opentts_tetiana,whole_original_recording,0.712,opentts_tetiana_0a4f4eeb4c084d7aa9a1f264
50k,7.029654502868652,0.0,0,not_scored_no_time_aligned_reference,3.0,0.4282032549381256,3.0,"[""sigmos_overall_below_threshold"", ""sigmos_speech_below_threshold"", ""sigmos_coloration_below_threshold"", ""ecapa_similarity_below_threshold""]",True,0,[],22.540603637695312,0.6584412455558777,50k,0.24627685546875,0,False,2.5519347190856934,4.398428916931152,3.872123956680298,4.184620380401611,2.463085889816284,4.322810173034668,2.7647738456726074,opentts_tetiana,whole_original_recording,0.0,opentts_tetiana_2a9b64026a8f8317f3b1e138
50k,7.393126010894775,0.0,0,not_scored_no_time_aligned_reference,3.0,0.4498826861381531,4.352,"[""sigmos_overall_below_threshold"", ""sigmos_coloration_below_threshold"", ""ecapa_similarity_below_threshold""]",True,0,[],22.374011993408203,0.6639142036437988,50k,0.24627685546875,1,False,2.699367046356201,4.630554676055908,4.298993110656738,3.7315661907196045,2.9482016563415527,4.031029224395752,3.548801898956299,opentts_tetiana,whole_original_recording,1.352,opentts_tetiana_2a9b64026a8f8317f3b1e138
50k,5.346912384033203,0.0,0,not_scored_no_time_aligned_reference,3.0,0.23159539699554443,3.0,"[""local_high_frequency_burst"", ""sigmos_overall_below_threshold"", ""sigmos_speech_below_threshold"", ""sigmos_coloration_below_threshold"", ""ecapa_similarity_below_threshold""]",True,2,"[{""start_seconds"": 1.68, ""end_seconds"": 1.71}, {""start_seconds"": 2.2600000000000002, ""end_seconds"": 2.3499999999999996}]",26.64386749267578,0.8028538227081299,50k,0.26385498046875,0,False,2.3724586963653564,3.8091259002685547,3.4646756649017334,3.858812093734741,2.182774782180786,3.8593392372131348,2.4123127460479736,tg_voices_uk,whole_original_recording,0.0,tg_voices_uk_d5269cb157cc6c1a0a14a13e
50k,5.748724937438965,0.0,0,not_scored_no_time_aligned_reference,3.0,0.183695986866951,4.5,"[""local_high_frequency_burst"", ""sigmos_overall_below_threshold"", ""sigmos_speech_below_threshold"", ""sigmos_coloration_below_threshold"", ""ecapa_similarity_below_threshold""]",True,3,"[{""start_seconds"": 0.18, ""end_seconds"": 0.21000000000000002}, {""start_seconds"": 0.76, ""end_seconds"": 0.85}, {""start_seconds"": 1.82, ""end_seconds"": 1.96}]",26.965614318847656,0.8568688631057739,50k,0.23321533203125,1,False,2.6569881439208984,3.4001872539520264,3.511037826538086,3.491668462753296,2.5243048667907715,3.502746820449829,2.990255355834961,tg_voices_uk,whole_original_recording,1.5,tg_voices_uk_d5269cb157cc6c1a0a14a13e
50k,6.337289810180664,0.0,0,not_scored_no_time_aligned_reference,3.0,0.13986392319202423,4.597333333333333,"[""local_high_frequency_burst"", ""sigmos_overall_below_threshold"", ""sigmos_speech_below_threshold"", ""sigmos_coloration_below_threshold"", ""ecapa_similarity_below_threshold""]",True,3,"[{""start_seconds"": 0.08, ""end_seconds"": 0.11}, {""start_seconds"": 0.66, ""end_seconds"": 0.75}, {""start_seconds"": 1.72, ""end_seconds"": 1.86}]",27.40601348876953,0.8713467121124268,50k,0.23321533203125,2,False,2.973057746887207,3.6097309589385986,3.7458555698394775,3.238166332244873,2.283616542816162,4.5160369873046875,2.7685739994049072,tg_voices_uk,whole_original_recording,1.5973333333333333,tg_voices_uk_d5269cb157cc6c1a0a14a13e
50k,6.395764350891113,0.0,0,not_scored_no_time_aligned_reference,3.0,0.32997608184814453,3.0,"[""local_high_frequency_burst"", ""sigmos_overall_below_threshold"", ""sigmos_speech_below_threshold"", ""sigmos_coloration_below_threshold"", ""ecapa_similarity_below_threshold""]",True,1,"[{""start_seconds"": 1.94, ""end_seconds"": 2.0199999999999996}]",45.284332275390625,0.801693320274353,50k,0.4180908203125,0,False,2.6427717208862305,3.7161922454833984,3.7427544593811035,3.7030189037323,2.4890263080596924,3.5978739261627197,2.9364514350891113,tg_voices_uk,whole_original_recording,0.0,tg_voices_uk_a0e8900641824571beaf0652
50k,6.044785499572754,0.0,0,not_scored_no_time_aligned_reference,3.0,0.22615361213684082,4.5,"[""local_high_frequency_burst"", ""sigmos_overall_below_threshold"", ""sigmos_speech_below_threshold"", ""sigmos_coloration_below_threshold"", ""ecapa_similarity_below_threshold""]",True,1,"[{""start_seconds"": 0.44, ""end_seconds"": 0.52}]",30.21625518798828,0.801693320274353,50k,0.409881591796875,1,False,2.558213949203491,3.1909255981445312,3.57245135307312,3.8844258785247803,2.240952968597412,4.246603965759277,2.560041904449463,tg_voices_uk,whole_original_recording,1.5,tg_voices_uk_a0e8900641824571beaf0652
50k,5.942692279815674,0.0,0,not_scored_no_time_aligned_reference,3.0,0.1763620227575302,4.970666666666666,"[""sigmos_overall_below_threshold"", ""sigmos_speech_below_threshold"", ""sigmos_coloration_below_threshold"", ""ecapa_similarity_below_threshold""]",True,0,[],30.10858917236328,0.8023084402084351,50k,0.409881591796875,2,False,2.890812635421753,3.536848306655884,3.48044753074646,3.7501583099365234,2.2688488960266113,4.097613334655762,2.4862871170043945,tg_voices_uk,whole_original_recording,1.9706666666666666,tg_voices_uk_a0e8900641824571beaf0652
50k,5.73581075668335,0.0,0,not_scored_no_time_aligned_reference,3.0,0.3167015016078949,3.0,"[""local_high_frequency_burst"", ""sigmos_overall_below_threshold"", ""sigmos_speech_below_threshold"", ""sigmos_coloration_below_threshold"", ""ecapa_similarity_below_threshold""]",True,1,"[{""start_seconds"": 0.16, ""end_seconds"": 0.21000000000000002}]",46.46920394897461,0.6258718967437744,50k,0.318878173828125,0,False,2.824810743331909,3.6448028087615967,3.5237278938293457,4.040987968444824,2.4529483318328857,4.078249931335449,2.8361990451812744,tg_voices_uk,whole_original_recording,0.0,tg_voices_uk_8cef74ffc5890af5678085c6
50k,5.350060939788818,0.0,0,not_scored_no_time_aligned_reference,3.0,0.31229639053344727,4.5,"[""local_high_frequency_burst"", ""sigmos_overall_below_threshold"", ""sigmos_speech_below_threshold"", ""sigmos_coloration_below_threshold"", ""ecapa_similarity_below_threshold""]",True,1,"[{""start_seconds"": 2.02, ""end_seconds"": 2.09}]",32.04438781738281,0.7862489819526672,50k,0.303070068359375,1,False,2.381326675415039,3.6799235343933105,3.787447690963745,4.200141906738281,2.1186535358428955,3.5754876136779785,2.6685445308685303,tg_voices_uk,whole_original_recording,1.5,tg_voices_uk_8cef74ffc5890af5678085c6
50k,5.698502540588379,0.0,0,not_scored_no_time_aligned_reference,3.0,0.27503809332847595,5.621333333333333,"[""local_high_frequency_burst"", ""sigmos_overall_below_threshold"", ""sigmos_speech_below_threshold"", ""sigmos_coloration_below_threshold"", ""ecapa_similarity_below_threshold""]",True,2,"[{""start_seconds"": 0.9, ""end_seconds"": 0.97}, {""start_seconds"": 2.22, ""end_seconds"": 2.28}]",31.38278579711914,0.7951847314834595,50k,0.256591796875,2,False,2.0372397899627686,3.2891602516174316,3.9985873699188232,3.7247354984283447,1.9486749172210693,3.475846767425537,2.319577932357788,tg_voices_uk,whole_original_recording,2.6213333333333333,tg_voices_uk_8cef74ffc5890af5678085c6
50k,4.3771281242370605,0.0,0,not_scored_no_time_aligned_reference,3.0,0.32277029752731323,3.0,"[""local_high_frequency_burst"", ""sigmos_overall_below_threshold"", ""sigmos_speech_below_threshold"", ""sigmos_coloration_below_threshold"", ""audiobox_pq_below_threshold"", ""ecapa_similarity_below_threshold""]",True,5,"[{""start_seconds"": 0.52, ""end_seconds"": 0.62}, {""start_seconds"": 1.08, ""end_seconds"": 1.15}, {""start_seconds"": 1.19, ""end_seconds"": 1.21}, {""start_seconds"": 1.72, ""end_seconds"": 1.79}, {""start_seconds"": 2.43, ""end_seconds"": 2.46}]",41.26914978027344,0.8350670337677002,50k,0.19891357421875,0,False,2.9370548725128174,3.170846462249756,3.815694808959961,3.642059326171875,2.1687333583831787,3.4914095401763916,2.550065755844116,tg_voices_uk,whole_original_recording,0.0,tg_voices_uk_658efbc1e369460c1629ae86
50k,5.486934661865234,0.0,0,not_scored_no_time_aligned_reference,3.0,0.34394577145576477,3.808,"[""local_high_frequency_burst"", ""sigmos_overall_below_threshold"", ""sigmos_speech_below_threshold"", ""sigmos_coloration_below_threshold"", ""ecapa_similarity_below_threshold""]",True,3,"[{""start_seconds"": 0.27999999999999997, ""end_seconds"": 0.34}, {""start_seconds"": 0.38, ""end_seconds"": 0.4}, {""start_seconds"": 0.91, ""end_seconds"": 0.98}]",29.826950073242188,0.8294258117675781,50k,0.19891357421875,1,False,2.391906976699829,3.8384218215942383,3.9386487007141113,4.0139360427856445,1.9731271266937256,3.4969000816345215,2.412055015563965,tg_voices_uk,whole_original_recording,0.808,tg_voices_uk_658efbc1e369460c1629ae86
50k,5.943556308746338,0.0,0,not_scored_no_time_aligned_reference,2.0693333333333332,0.21753713488578796,2.0693333333333332,"[""local_high_frequency_burst"", ""sigmos_overall_below_threshold"", ""sigmos_speech_below_threshold"", ""sigmos_coloration_below_threshold"", ""ecapa_similarity_below_threshold""]",True,2,"[{""start_seconds"": 0.33, ""end_seconds"": 0.44}, {""start_seconds"": 0.71, ""end_seconds"": 0.78}]",30.446182250976562,0.8257494568824768,50k,0.177337646484375,0,True,2.024113655090332,4.472648620605469,3.9977900981903076,4.026186466217041,2.439112663269043,3.985025644302368,2.8584961891174316,tg_voices_uk,whole_original_recording,0.0,tg_voices_uk_f9e95512fa5b017dfd46cf6e
50k,6.306952953338623,0.0,0,not_scored_no_time_aligned_reference,3.0,0.12118329107761383,3.0,"[""sigmos_overall_below_threshold"", ""sigmos_speech_below_threshold"", ""sigmos_coloration_below_threshold"", ""ecapa_similarity_below_threshold""]",True,0,[],24.468509674072266,0.28186261653900146,50k,0.376556396484375,0,False,2.24155592918396,3.59566593170166,3.200608015060425,3.7589807510375977,1.9465272426605225,3.8628714084625244,2.4904298782348633,tg_voices_uk,whole_original_recording,0.0,tg_voices_uk_7bcf5b98ce622bfff20ea714
50k,6.233922958374023,0.0,0,not_scored_no_time_aligned_reference,3.0,0.14971263706684113,4.5,"[""sigmos_overall_below_threshold"", ""sigmos_speech_below_threshold"", ""sigmos_coloration_below_threshold"", ""ecapa_similarity_below_threshold""]",True,0,[],21.168338775634766,0.1969563066959381,50k,0.42510986328125,1,False,2.6050562858581543,3.8173232078552246,4.052595138549805,3.8660991191864014,2.1468710899353027,3.9541985988616943,2.8250722885131836,tg_voices_uk,whole_original_recording,1.5,tg_voices_uk_7bcf5b98ce622bfff20ea714
50k,6.234344005584717,0.0,0,not_scored_no_time_aligned_reference,3.0,0.1576748788356781,6.0,"[""sigmos_overall_below_threshold"", ""sigmos_speech_below_threshold"", ""sigmos_coloration_below_threshold"", ""ecapa_similarity_below_threshold""]",True,0,[],18.323638916015625,0.12900149822235107,50k,0.42510986328125,2,False,2.224151611328125,4.508689880371094,3.1633200645446777,4.100819110870361,1.9242258071899414,3.916933059692383,2.1293060779571533,tg_voices_uk,whole_original_recording,3.0,tg_voices_uk_7bcf5b98ce622bfff20ea714
50k,6.244095802307129,0.0,0,not_scored_no_time_aligned_reference,3.0,0.1561153531074524,6.165333333333334,"[""sigmos_overall_below_threshold"", ""sigmos_speech_below_threshold"", ""sigmos_coloration_below_threshold"", ""ecapa_similarity_below_threshold""]",True,0,[],18.781036376953125,0.027458151802420616,50k,0.42510986328125,3,False,2.2013728618621826,4.745345115661621,3.059907913208008,4.199914455413818,1.619988203048706,3.435715913772583,1.7692897319793701,tg_voices_uk,whole_original_recording,3.1653333333333333,tg_voices_uk_7bcf5b98ce622bfff20ea714
50k,5.83740758895874,0.0,0,not_scored_no_time_aligned_reference,3.0,0.18924233317375183,3.0,"[""sigmos_overall_below_threshold"", ""sigmos_speech_below_threshold"", ""sigmos_coloration_below_threshold"", ""ecapa_similarity_below_threshold""]",True,0,[],27.96607208251953,0.26833388209342957,50k,0.267303466796875,0,False,2.269237756729126,3.153954029083252,3.3268370628356934,4.175438404083252,1.9595344066619873,3.233546495437622,2.5280227661132812,tg_voices_uk,whole_original_recording,0.0,tg_voices_uk_d2784c8c0d91a188adcadd00
50k,5.244966506958008,0.0,0,not_scored_no_time_aligned_reference,3.0,0.16797074675559998,3.52,"[""sigmos_overall_below_threshold"", ""sigmos_speech_below_threshold"", ""sigmos_coloration_below_threshold"", ""ecapa_similarity_below_threshold""]",True,0,[],27.96607208251953,0.26833388209342957,50k,0.267303466796875,1,False,2.0715482234954834,3.7981410026550293,3.113856554031372,3.283013343811035,1.8585472106933594,3.452880620956421,2.4189906120300293,tg_voices_uk,whole_original_recording,0.52,tg_voices_uk_d2784c8c0d91a188adcadd00
50k,5.702740669250488,0.0,0,not_scored_no_time_aligned_reference,3.0,0.09400910139083862,3.0,"[""local_high_frequency_burst"", ""sigmos_overall_below_threshold"", ""sigmos_speech_below_threshold"", ""sigmos_coloration_below_threshold"", ""ecapa_similarity_below_threshold""]",True,1,"[{""start_seconds"": 2.7, ""end_seconds"": 2.75}]",30.26740264892578,0.6650503873825073,50k,0.176025390625,0,False,2.683690309524536,3.1457903385162354,3.177666425704956,3.4268250465393066,1.4476251602172852,3.551630973815918,1.7488517761230469,tg_voices_uk,whole_original_recording,0.0,tg_voices_uk_defbb978b1122cbf24a17588
50k,5.642502784729004,0.0,0,not_scored_no_time_aligned_reference,3.0,0.05775251239538193,4.32,"[""local_high_frequency_burst"", ""sigmos_overall_below_threshold"", ""sigmos_speech_below_threshold"", ""sigmos_coloration_below_threshold"", ""sigmos_discontinuity_below_threshold"", ""ecapa_similarity_below_threshold""]",True,2,"[{""start_seconds"": 1.38, ""end_seconds"": 1.43}, {""start_seconds"": 2.6900000000000004, ""end_seconds"": 2.76}]",33.271507263183594,0.7436346411705017,50k,0.136932373046875,1,False,2.920595407485962,2.9895286560058594,3.9886999130249023,3.726958751678467,2.401092052459717,3.580554485321045,2.5463767051696777,tg_voices_uk,whole_original_recording,1.32,tg_voices_uk_defbb978b1122cbf24a17588
50k,5.613564968109131,0.0,0,not_scored_no_time_aligned_reference,3.0,0.3269249498844147,3.0,"[""local_high_frequency_burst"", ""sigmos_overall_below_threshold"", ""sigmos_coloration_below_threshold"", ""ecapa_similarity_below_threshold""]",True,2,"[{""start_seconds"": 0.9299999999999999, ""end_seconds"": 1.06}, {""start_seconds"": 2.62, ""end_seconds"": 2.69}]",37.80734634399414,0.6934873461723328,50k,0.337554931640625,0,False,2.3840959072113037,4.6675214767456055,3.5211024284362793,4.308103561401367,2.6533658504486084,3.1912970542907715,3.203843593597412,tg_voices_uk,whole_original_recording,0.0,tg_voices_uk_94c71638eb2c0cc6c0f109a7
50k,5.791152477264404,0.0,0,not_scored_no_time_aligned_reference,3.0,0.3215574622154236,3.0613333333333332,"[""local_high_frequency_burst"", ""sigmos_overall_below_threshold"", ""sigmos_coloration_below_threshold"", ""ecapa_similarity_below_threshold""]",True,2,"[{""start_seconds"": 0.87, ""end_seconds"": 1.0}, {""start_seconds"": 2.56, ""end_seconds"": 2.63}]",37.62774658203125,0.6841992735862732,50k,0.337554931640625,1,False,2.7835988998413086,4.430991172790527,3.9572739601135254,3.9832632541656494,2.4960923194885254,3.4336774349212646,3.0640995502471924,tg_voices_uk,whole_original_recording,0.06133333333333333,tg_voices_uk_94c71638eb2c0cc6c0f109a7
50k,6.391848564147949,0.0,0,not_scored_no_time_aligned_reference,2.8053333333333335,0.3654089570045471,2.8053333333333335,"[""local_high_frequency_burst"", ""sigmos_overall_below_threshold"", ""sigmos_speech_below_threshold"", ""sigmos_coloration_below_threshold"", ""ecapa_similarity_below_threshold""]",True,2,"[{""start_seconds"": 0.26, ""end_seconds"": 0.33}, {""start_seconds"": 0.49, ""end_seconds"": 0.6}]",32.47050476074219,0.857965886592865,50k,0.147369384765625,0,True,2.3992550373077393,3.0157554149627686,3.8298027515411377,4.29378604888916,1.8135361671447754,3.689577579498291,2.109567403793335,tg_voices_uk,whole_original_recording,0.0,tg_voices_uk_e4166b3ab320c8897abdec5b
50k,6.4245123863220215,0.0,0,not_scored_no_time_aligned_reference,2.7306666666666666,0.27218133211135864,2.7306666666666666,"[""local_high_frequency_burst"", ""sigmos_overall_below_threshold"", ""ecapa_similarity_below_threshold""]",True,2,"[{""start_seconds"": 0.33999999999999997, ""end_seconds"": 0.39}, {""start_seconds"": 1.9999999999999998, ""end_seconds"": 2.0799999999999996}]",31.812824249267578,0.8667988777160645,50k,0.45989990234375,0,True,3.137518882751465,3.5059497356414795,3.879032850265503,4.2378668785095215,2.8977856636047363,4.400302886962891,3.142533779144287,tg_voices_uk,whole_original_recording,0.0,tg_voices_uk_592b1d26a9dd49fa2fa20b10
50k,6.082086563110352,0.0,0,not_scored_no_time_aligned_reference,3.0,0.19360746443271637,3.0,"[""local_high_frequency_burst"", ""sigmos_overall_below_threshold"", ""sigmos_speech_below_threshold"", ""ecapa_similarity_below_threshold""]",True,5,"[{""start_seconds"": 1.24, ""end_seconds"": 1.28}, {""start_seconds"": 1.56, ""end_seconds"": 1.62}, {""start_seconds"": 1.67, ""end_seconds"": 1.71}, {""start_seconds"": 2.3200000000000003, ""end_seconds"": 2.36}, {""start_seconds"": 2.56, ""end_seconds"": 2.63}]",38.48396301269531,0.8596855998039246,50k,0.27789306640625,0,False,3.253997564315796,3.828418731689453,4.300053119659424,3.920841693878174,2.556053638458252,3.6311521530151367,2.7719974517822266,ua_ser,whole_original_recording,0.0,ua_ser_d6c68dfbf248fbf4692d40ce
50k,5.814490795135498,0.0,0,not_scored_no_time_aligned_reference,3.0,0.18676239252090454,3.008,"[""local_high_frequency_burst"", ""sigmos_overall_below_threshold"", ""sigmos_speech_below_threshold"", ""sigmos_coloration_below_threshold"", ""ecapa_similarity_below_threshold""]",True,5,"[{""start_seconds"": 1.23, ""end_seconds"": 1.28}, {""start_seconds"": 1.55, ""end_seconds"": 1.61}, {""start_seconds"": 1.66, ""end_seconds"": 1.7}, {""start_seconds"": 2.31, ""end_seconds"": 2.36}, {""start_seconds"": 2.5500000000000003, ""end_seconds"": 2.6199999999999997}]",37.312217712402344,0.8469768166542053,50k,0.27789306640625,1,False,2.5522119998931885,3.944079875946045,3.934889078140259,3.7667946815490723,2.2902956008911133,4.105146884918213,2.60750150680542,ua_ser,whole_original_recording,0.008,ua_ser_d6c68dfbf248fbf4692d40ce
50k,5.7369842529296875,0.0,0,not_scored_no_time_aligned_reference,2.368,0.3104391098022461,2.368,"[""local_high_frequency_burst"", ""sigmos_overall_below_threshold"", ""sigmos_speech_below_threshold"", ""sigmos_noise_below_threshold"", ""sigmos_coloration_below_threshold"", ""ecapa_similarity_below_threshold""]",True,4,"[{""start_seconds"": 0.21, ""end_seconds"": 0.28}, {""start_seconds"": 0.69, ""end_seconds"": 0.78}, {""start_seconds"": 1.25, ""end_seconds"": 1.3}, {""start_seconds"": 1.54, ""end_seconds"": 1.61}]",33.949180603027344,0.8619022965431213,50k,0.166839599609375,0,True,2.41084885597229,3.343636989593506,4.207486629486084,2.7736785411834717,2.205857038497925,3.9533369541168213,2.5989301204681396,ua_ser,whole_original_recording,0.0,ua_ser_4db02e303300ab157338f3d7
50k,4.9988603591918945,0.0,0,not_scored_no_time_aligned_reference,3.0,0.2847108542919159,3.0,"[""local_high_frequency_burst"", ""sigmos_overall_below_threshold"", ""sigmos_speech_below_threshold"", ""sigmos_coloration_below_threshold"", ""audiobox_pq_below_threshold"", ""ecapa_similarity_below_threshold""]",True,3,"[{""start_seconds"": 1.14, ""end_seconds"": 1.18}, {""start_seconds"": 1.46, ""end_seconds"": 1.55}, {""start_seconds"": 2.35, ""end_seconds"": 2.3899999999999997}]",29.825111389160156,0.9101065993309021,50k,0.174652099609375,0,False,2.4726645946502686,3.7336771488189697,3.9473698139190674,4.328263282775879,2.176622152328491,3.8679966926574707,2.6850900650024414,ua_ser,whole_original_recording,0.0,ua_ser_95873e561061831fe2ce3310
50k,6.273801326751709,0.0,0,not_scored_no_time_aligned_reference,3.0,0.2757239043712616,3.1786666666666665,"[""local_high_frequency_burst"", ""sigmos_overall_below_threshold"", ""sigmos_speech_below_threshold"", ""sigmos_coloration_below_threshold"", ""ecapa_similarity_below_threshold""]",True,3,"[{""start_seconds"": 0.96, ""end_seconds"": 1.0}, {""start_seconds"": 1.28, ""end_seconds"": 1.37}, {""start_seconds"": 2.1700000000000004, ""end_seconds"": 2.21}]",22.796993255615234,0.8881158232688904,50k,0.174652099609375,1,False,2.7862789630889893,3.6200337409973145,3.6744749546051025,3.8739655017852783,2.187469244003296,3.7480595111846924,2.4823825359344482,ua_ser,whole_original_recording,0.17866666666666667,ua_ser_95873e561061831fe2ce3310
50k,6.0417633056640625,0.0,0,not_scored_no_time_aligned_reference,2.912,0.26400449872016907,2.912,"[""sigmos_overall_below_threshold"", ""sigmos_speech_below_threshold"", ""sigmos_coloration_below_threshold"", ""ecapa_similarity_below_threshold""]",True,0,[],34.041954040527344,0.2722214162349701,50k,0.258758544921875,0,True,2.901279926300049,3.629779577255249,4.246554374694824,4.215627670288086,2.2130184173583984,3.8652405738830566,2.590208053588867,ua_ser,whole_original_recording,0.0,ua_ser_be9977a80fcda0f71ba3276e
50k,6.187559604644775,0.0,0,not_scored_no_time_aligned_reference,3.0,0.24953743815422058,3.0,"[""local_high_frequency_burst"", ""sigmos_overall_below_threshold"", ""sigmos_coloration_below_threshold"", ""ecapa_similarity_below_threshold""]",True,1,"[{""start_seconds"": 0.63, ""end_seconds"": 0.71}]",29.245681762695312,0.6334778666496277,50k,0.279937744140625,0,False,2.7197718620300293,3.3608455657958984,4.026735305786133,3.3845648765563965,2.581562042236328,3.6972947120666504,3.0990750789642334,ua_ser,whole_original_recording,0.0,ua_ser_c5c3ca730d3535260dae5823
50k,6.475241661071777,0.0,0,not_scored_no_time_aligned_reference,3.0,0.266353964805603,4.042666666666666,"[""sigmos_overall_below_threshold"", ""sigmos_coloration_below_threshold"", ""ecapa_similarity_below_threshold""]",True,0,[],30.588958740234375,0.28253185749053955,50k,0.257537841796875,1,False,2.774977922439575,3.0330517292022705,3.8282666206359863,4.157371520996094,2.8493494987487793,3.4908876419067383,3.391948699951172,ua_ser,whole_original_recording,1.0426666666666666,ua_ser_c5c3ca730d3535260dae5823
50k,6.234890460968018,0.0,0,not_scored_no_time_aligned_reference,2.432,0.2732023000717163,2.432,"[""local_high_frequency_burst"", ""sigmos_overall_below_threshold"", ""sigmos_coloration_below_threshold"", ""ecapa_similarity_below_threshold""]",True,3,"[{""start_seconds"": 0.65, ""end_seconds"": 0.73}, {""start_seconds"": 1.0, ""end_seconds"": 1.07}, {""start_seconds"": 2.0900000000000003, ""end_seconds"": 2.15}]",35.131378173828125,0.7401555776596069,50k,0.405303955078125,0,True,2.903373956680298,3.7262887954711914,4.0804009437561035,4.440124988555908,2.6714823246002197,4.388186931610107,3.0279979705810547,ua_ser,whole_original_recording,0.0,ua_ser_c01c2b06a83071c907a0b6f4
50k,6.517554759979248,0.0,0,not_scored_no_time_aligned_reference,2.56,0.1329929083585739,2.56,"[""local_high_frequency_burst"", ""sigmos_overall_below_threshold"", ""sigmos_coloration_below_threshold"", ""ecapa_similarity_below_threshold""]",True,3,"[{""start_seconds"": 0.39999999999999997, ""end_seconds"": 0.47000000000000003}, {""start_seconds"": 1.32, ""end_seconds"": 1.43}, {""start_seconds"": 1.78, ""end_seconds"": 1.87}]",31.884048461914062,0.9044973850250244,50k,0.250152587890625,0,True,2.448005437850952,4.354313850402832,3.9630837440490723,4.460238456726074,2.413757085800171,3.8346047401428223,3.0276098251342773,ua_ser,whole_original_recording,0.0,ua_ser_ca8ff0246855dce7bf315b3e
50k,6.056778907775879,0.0,0,not_scored_no_time_aligned_reference,2.485333333333333,0.2565338611602783,2.485333333333333,"[""local_high_frequency_burst"", ""sigmos_overall_below_threshold"", ""sigmos_speech_below_threshold"", ""sigmos_coloration_below_threshold"", ""ecapa_similarity_below_threshold""]",True,1,"[{""start_seconds"": 1.36, ""end_seconds"": 1.41}]",29.886878967285156,0.8627212643623352,50k,0.23760986328125,0,True,2.1354331970214844,4.1428375244140625,3.629462718963623,3.6291286945343018,2.114107370376587,3.6221303939819336,2.487828016281128,ua_ser,whole_original_recording,0.0,ua_ser_be37bb89df5984c587d20c82
50k,6.214595317840576,0.0,0,not_scored_no_time_aligned_reference,3.0,0.2588517665863037,3.0,"[""local_high_frequency_burst"", ""sigmos_overall_below_threshold"", ""sigmos_coloration_below_threshold"", ""ecapa_similarity_below_threshold""]",True,1,"[{""start_seconds"": 1.44, ""end_seconds"": 1.53}]",28.22314453125,0.884105920791626,50k,0.190826416015625,0,False,2.5918829441070557,4.007298469543457,4.3212785720825195,4.150810241699219,2.6713786125183105,4.339566230773926,3.0244503021240234,ua_ser,whole_original_recording,0.0,ua_ser_2078f4fcf073d7a5d6bd7c09
50k,6.041599750518799,0.0,0,not_scored_no_time_aligned_reference,3.0,0.2739771902561188,3.168,"[""local_high_frequency_burst"", ""sigmos_overall_below_threshold"", ""sigmos_coloration_below_threshold"", ""ecapa_similarity_below_threshold""]",True,2,"[{""start_seconds"": 1.27, ""end_seconds"": 1.36}, {""start_seconds"": 2.79, ""end_seconds"": 2.88}]",32.460975646972656,0.8811032176017761,50k,0.190826416015625,1,False,2.6494336128234863,3.7389214038848877,3.7536046504974365,3.656491994857788,2.695117473602295,3.8056740760803223,3.0988502502441406,ua_ser,whole_original_recording,0.168,ua_ser_2078f4fcf073d7a5d6bd7c09
50k,5.384247779846191,0.0,0,not_scored_no_time_aligned_reference,3.0,0.44253039360046387,3.0,"[""local_high_frequency_burst"", ""sigmos_overall_below_threshold"", ""sigmos_speech_below_threshold"", ""sigmos_coloration_below_threshold"", ""sigmos_discontinuity_below_threshold"", ""ecapa_similarity_below_threshold""]",True,1,"[{""start_seconds"": 0.26, ""end_seconds"": 0.34}]",39.15460205078125,0.8814640045166016,50k,0.19573974609375,0,False,2.1881299018859863,2.9301536083221436,4.08118200302124,3.8291311264038086,2.253854990005493,3.54923677444458,2.6295359134674072,ua_ser,whole_original_recording,0.0,ua_ser_36bd6142702dc47dc2a92a52
50k,5.640533924102783,0.0,0,not_scored_no_time_aligned_reference,3.0,0.4269806742668152,3.1466666666666665,"[""local_high_frequency_burst"", ""sigmos_overall_below_threshold"", ""sigmos_speech_below_threshold"", ""sigmos_coloration_below_threshold"", ""ecapa_similarity_below_threshold""]",True,1,"[{""start_seconds"": 0.12000000000000001, ""end_seconds"": 0.19}]",38.958038330078125,0.8566815257072449,50k,0.19573974609375,1,False,2.352837085723877,3.048610210418701,3.6324243545532227,3.6036407947540283,2.2707486152648926,3.531641960144043,2.6771976947784424,ua_ser,whole_original_recording,0.14666666666666667,ua_ser_36bd6142702dc47dc2a92a52
50k,5.579923629760742,0.0,0,not_scored_no_time_aligned_reference,2.2293333333333334,0.07312177121639252,2.2293333333333334,"[""local_high_frequency_burst"", ""sigmos_overall_below_threshold"", ""sigmos_coloration_below_threshold"", ""ecapa_similarity_below_threshold""]",True,3,"[{""start_seconds"": 0.74, ""end_seconds"": 0.86}, {""start_seconds"": 1.15, ""end_seconds"": 1.21}, {""start_seconds"": 1.32, ""end_seconds"": 1.35}]",24.50750732421875,0.9279101490974426,50k,0.35198974609375,0,True,2.625178813934326,3.2640199661254883,3.4427201747894287,3.795822858810425,2.6613821983337402,3.7657909393310547,3.177724599838257,ua_ser,whole_original_recording,0.0,ua_ser_cb7a724e58c70d6742da4d92
50k,6.531731605529785,0.0,0,not_scored_no_time_aligned_reference,2.304,0.3190055787563324,2.304,"[""local_high_frequency_burst"", ""sigmos_overall_below_threshold"", ""sigmos_coloration_below_threshold"", ""ecapa_similarity_below_threshold""]",True,3,"[{""start_seconds"": 0.13999999999999999, ""end_seconds"": 0.2}, {""start_seconds"": 0.57, ""end_seconds"": 0.65}, {""start_seconds"": 1.3699999999999999, ""end_seconds"": 1.46}]",30.80325698852539,0.8876047134399414,50k,0.142364501953125,0,True,2.5899975299835205,3.358995199203491,3.9541175365448,3.6629040241241455,2.494584798812866,3.4777474403381348,3.08744740486145,ukr_dialects,whole_original_recording,0.0,ukr_dialects_14f40dc5678bd3ac85b3e330
50k,5.973525524139404,0.0,0,not_scored_no_time_aligned_reference,2.4,0.19657102227210999,2.4,"[""sigmos_overall_below_threshold"", ""sigmos_speech_below_threshold"", ""sigmos_coloration_below_threshold"", ""ecapa_similarity_below_threshold""]",True,0,[],14.839065551757812,0.374485045671463,50k,0.0791015625,0,True,2.4242429733276367,4.29817008972168,4.5974531173706055,3.7225260734558105,2.236297369003296,4.265183448791504,2.5873568058013916,ukr_dialects,whole_original_recording,0.0,ukr_dialects_c9a613ab99857675ac59ec10
50k,5.884428024291992,0.0,0,not_scored_no_time_aligned_reference,3.0,0.3827719986438751,3.0,"[""local_high_frequency_burst"", ""sigmos_overall_below_threshold"", ""sigmos_speech_below_threshold"", ""sigmos_coloration_below_threshold"", ""ecapa_similarity_below_threshold""]",True,2,"[{""start_seconds"": 0.74, ""end_seconds"": 0.88}, {""start_seconds"": 1.45, ""end_seconds"": 1.47}]",24.539691925048828,0.8453612923622131,50k,0.178802490234375,0,False,2.592844247817993,3.555326461791992,3.282244920730591,3.492982864379883,2.1041066646575928,3.570523738861084,2.7618911266326904,ukr_dialects,whole_original_recording,0.0,ukr_dialects_42c43b458a4ba7f7e394401b
50k,5.181746482849121,0.0,0,not_scored_no_time_aligned_reference,3.0,0.3346092402935028,4.5,"[""sigmos_overall_below_threshold"", ""sigmos_speech_below_threshold"", ""sigmos_coloration_below_threshold"", ""ecapa_similarity_below_threshold""]",True,0,[],24.76947784423828,0.4553307592868805,50k,0.16107177734375,1,False,2.2744545936584473,3.422583818435669,3.033085346221924,4.536113739013672,1.8539087772369385,3.900061845779419,2.1916587352752686,ukr_dialects,whole_original_recording,1.5,ukr_dialects_42c43b458a4ba7f7e394401b
50k,5.629401206970215,0.0,0,not_scored_no_time_aligned_reference,3.0,0.36506620049476624,5.013333333333334,"[""local_high_frequency_burst"", ""sigmos_overall_below_threshold"", ""sigmos_speech_below_threshold"", ""sigmos_coloration_below_threshold"", ""ecapa_similarity_below_threshold""]",True,1,"[{""start_seconds"": 2.7, ""end_seconds"": 2.7699999999999996}]",36.51183319091797,0.8615076541900635,50k,0.16107177734375,2,False,2.4846208095550537,3.4477131366729736,4.614051818847656,4.00324010848999,2.0573742389678955,3.9720935821533203,2.584989547729492,ukr_dialects,whole_original_recording,2.013333333333333,ukr_dialects_42c43b458a4ba7f7e394401b
50k,6.443694114685059,0.0,0,not_scored_no_time_aligned_reference,1.7813333333333334,0.19432254135608673,1.7813333333333334,"[""sigmos_overall_below_threshold"", ""sigmos_speech_below_threshold"", ""sigmos_coloration_below_threshold"", ""ecapa_similarity_below_threshold""]",True,0,[],24.18297576904297,0.2897810935974121,50k,0.107879638671875,0,True,2.3629310131073,3.8655154705047607,3.414930820465088,4.056459426879883,2.118021011352539,3.629669666290283,2.285114288330078,ukr_dialects,whole_original_recording,0.0,ukr_dialects_0eefe6109d11f03c6f8626b6
50k,6.271028995513916,0.0,0,not_scored_no_time_aligned_reference,2.4106666666666667,0.14055892825126648,2.4106666666666667,"[""sigmos_overall_below_threshold"", ""sigmos_speech_below_threshold"", ""sigmos_coloration_below_threshold"", ""ecapa_similarity_below_threshold""]",True,0,[],21.021820068359375,0.4473789930343628,50k,0.187164306640625,0,True,2.161904811859131,4.365743637084961,3.6409592628479004,3.618891477584839,1.5848503112792969,2.8866870403289795,1.89398193359375,ukr_dialects,whole_original_recording,0.0,ukr_dialects_d2ba80d943e6a61f32205558
50k,5.924398899078369,0.0,0,not_scored_no_time_aligned_reference,3.0,0.24459975957870483,3.0,"[""local_high_frequency_burst"", ""sigmos_overall_below_threshold"", ""sigmos_speech_below_threshold"", ""ecapa_similarity_below_threshold""]",True,3,"[{""start_seconds"": 0.22, ""end_seconds"": 0.29000000000000004}, {""start_seconds"": 0.67, ""end_seconds"": 0.72}, {""start_seconds"": 1.76, ""end_seconds"": 1.81}]",31.54102325439453,0.8849136233329773,50k,0.347015380859375,0,False,3.2365710735321045,3.655881404876709,3.9228243827819824,3.777679681777954,1.8954100608825684,4.190322399139404,2.328737735748291,ukr_dialects,whole_original_recording,0.0,ukr_dialects_442b03ee21902c3d4d221437
50k,6.214938640594482,0.0,0,not_scored_no_time_aligned_reference,3.0,0.21740858256816864,4.5,"[""local_high_frequency_burst"", ""sigmos_overall_below_threshold"", ""sigmos_speech_below_threshold"", ""sigmos_coloration_below_threshold"", ""ecapa_similarity_below_threshold""]",True,2,"[{""start_seconds"": 0.26, ""end_seconds"": 0.31}, {""start_seconds"": 1.95, ""end_seconds"": 2.0199999999999996}]",31.54102325439453,0.8849136233329773,50k,0.356201171875,1,False,2.5159823894500732,4.017437934875488,3.6872060298919678,3.438176393508911,2.086359739303589,4.035247802734375,2.806835889816284,ukr_dialects,whole_original_recording,1.5,ukr_dialects_442b03ee21902c3d4d221437
50k,6.303638458251953,0.0,0,not_scored_no_time_aligned_reference,3.0,0.2409016340970993,6.0,"[""local_high_frequency_burst"", ""sigmos_overall_below_threshold"", ""sigmos_speech_below_threshold"", ""sigmos_coloration_below_threshold"", ""ecapa_similarity_below_threshold""]",True,1,"[{""start_seconds"": 0.45, ""end_seconds"": 0.52}]",28.04344940185547,0.826691746711731,50k,0.356201171875,2,False,2.2367045879364014,3.821568489074707,3.4277782440185547,3.8202602863311768,1.948197603225708,3.341517686843872,2.4085853099823,ukr_dialects,whole_original_recording,3.0,ukr_dialects_442b03ee21902c3d4d221437
50k,6.414453506469727,0.0,0,not_scored_no_time_aligned_reference,3.0,0.24410401284694672,7.5,"[""sigmos_overall_below_threshold"", ""sigmos_speech_below_threshold"", ""sigmos_coloration_below_threshold"", ""ecapa_similarity_below_threshold""]",True,0,[],33.8560791015625,0.32723820209503174,50k,0.3421630859375,3,False,2.5914065837860107,3.3229873180389404,2.8381266593933105,3.620678663253784,1.757138967514038,3.2762370109558105,2.1494874954223633,ukr_dialects,whole_original_recording,4.5,ukr_dialects_442b03ee21902c3d4d221437
50k,6.219285011291504,0.0,0,not_scored_no_time_aligned_reference,3.0,0.1705881655216217,9.0,"[""local_high_frequency_burst"", ""sigmos_overall_below_threshold"", ""ecapa_similarity_below_threshold""]",True,1,"[{""start_seconds"": 2.0900000000000003, ""end_seconds"": 2.17}]",26.953155517578125,0.8587927222251892,50k,0.3192138671875,4,False,3.1775033473968506,3.8454434871673584,3.106886863708496,3.753263235092163,2.708327054977417,3.6731133460998535,3.055572986602783,ukr_dialects,whole_original_recording,6.0,ukr_dialects_442b03ee21902c3d4d221437
50k,6.22370719909668,0.0,0,not_scored_no_time_aligned_reference,3.0,0.25779151916503906,10.5,"[""local_high_frequency_burst"", ""sigmos_overall_below_threshold"", ""sigmos_coloration_below_threshold"", ""ecapa_similarity_below_threshold""]",True,2,"[{""start_seconds"": 0.59, ""end_seconds"": 0.67}, {""start_seconds"": 2.77, ""end_seconds"": 2.84}]",28.391986846923828,0.8587927222251892,50k,0.347808837890625,5,False,2.388654947280884,3.9200828075408936,4.011553764343262,3.6424214839935303,2.249070167541504,4.007512092590332,3.0004537105560303,ukr_dialects,whole_original_recording,7.5,ukr_dialects_442b03ee21902c3d4d221437
50k,6.182231903076172,0.0,0,not_scored_no_time_aligned_reference,3.0,0.2482137531042099,12.0,"[""local_high_frequency_burst"", ""sigmos_overall_below_threshold"", ""sigmos_coloration_below_threshold"", ""ecapa_similarity_below_threshold""]",True,2,"[{""start_seconds"": 1.27, ""end_seconds"": 1.34}, {""start_seconds"": 1.76, ""end_seconds"": 1.79}]",29.790969848632812,0.7930979132652283,50k,0.347808837890625,6,False,2.5179800987243652,3.9617104530334473,3.5364749431610107,4.52137565612793,2.3869593143463135,3.498499870300293,3.2167229652404785,ukr_dialects,whole_original_recording,9.0,ukr_dialects_442b03ee21902c3d4d221437
50k,6.402608394622803,0.0,0,not_scored_no_time_aligned_reference,3.0,0.21953941881656647,13.013333333333334,"[""local_high_frequency_burst"", ""sigmos_overall_below_threshold"", ""sigmos_coloration_below_threshold"", ""ecapa_similarity_below_threshold""]",True,3,"[{""start_seconds"": 0.26, ""end_seconds"": 0.33}, {""start_seconds"": 0.74, ""end_seconds"": 0.78}, {""start_seconds"": 2.2300000000000004, ""end_seconds"": 2.2899999999999996}]",28.161659240722656,0.8013964891433716,50k,0.353424072265625,7,False,2.483384609222412,3.916093587875366,3.466776132583618,4.333742141723633,2.561230182647705,3.430724859237671,3.4216811656951904,ukr_dialects,whole_original_recording,10.013333333333334,ukr_dialects_442b03ee21902c3d4d221437
50k,6.589357376098633,0.0,0,not_scored_no_time_aligned_reference,2.8373333333333335,0.24440014362335205,2.8373333333333335,"[""local_high_frequency_burst"", ""sigmos_overall_below_threshold"", ""sigmos_speech_below_threshold"", ""sigmos_coloration_below_threshold"", ""ecapa_similarity_below_threshold""]",True,1,"[{""start_seconds"": 1.83, ""end_seconds"": 1.89}]",22.179420471191406,0.7646341323852539,50k,0.671783447265625,0,True,2.6840929985046387,3.1467509269714355,3.0057098865509033,3.7318787574768066,2.5467591285705566,3.5142245292663574,2.8911609649658203,ukr_dialects,whole_original_recording,0.0,ukr_dialects_e4a3ec15f8d201178b55b96b
50k,6.199930191040039,0.0,0,not_scored_no_time_aligned_reference,3.0,0.2594950199127197,3.0,"[""local_high_frequency_burst"", ""sigmos_overall_below_threshold"", ""sigmos_speech_below_threshold"", ""sigmos_coloration_below_threshold"", ""ecapa_similarity_below_threshold""]",True,1,"[{""start_seconds"": 1.13, ""end_seconds"": 1.21}]",27.582820892333984,0.845899760723114,50k,0.52996826171875,0,False,2.517535924911499,4.03925085067749,3.469005584716797,3.824721336364746,2.3549716472625732,3.7761363983154297,2.7837512493133545,ukr_dialects,whole_original_recording,0.0,ukr_dialects_26bd5284900929a4d9a86064
50k,6.377714157104492,0.0,0,not_scored_no_time_aligned_reference,3.0,0.2622033953666687,3.562666666666667,"[""local_high_frequency_burst"", ""sigmos_overall_below_threshold"", ""sigmos_speech_below_threshold"", ""sigmos_coloration_below_threshold"", ""ecapa_similarity_below_threshold""]",True,1,"[{""start_seconds"": 0.57, ""end_seconds"": 0.65}]",27.689910888671875,0.8419254422187805,50k,0.52996826171875,1,False,2.189676284790039,4.428887844085693,3.697458505630493,4.201443672180176,1.6638832092285156,3.992765188217163,1.7463135719299316,ukr_dialects,whole_original_recording,0.5626666666666666,ukr_dialects_26bd5284900929a4d9a86064
50k,5.744072914123535,0.0,0,not_scored_no_time_aligned_reference,2.816,0.25457119941711426,2.816,"[""local_high_frequency_burst"", ""sigmos_overall_below_threshold"", ""sigmos_coloration_below_threshold"", ""ecapa_similarity_below_threshold""]",True,1,"[{""start_seconds"": 1.09, ""end_seconds"": 1.21}]",27.651439666748047,0.8682081699371338,50k,0.20867919921875,0,True,2.7835240364074707,3.939034938812256,4.148281574249268,3.802225351333618,2.6458628177642822,3.6383492946624756,3.2537198066711426,ukr_dialects,whole_original_recording,0.0,ukr_dialects_5c9b20aa91ead2216a51af30
50k,6.470798015594482,0.0,0,not_scored_no_time_aligned_reference,3.0,0.27788761258125305,3.0,"[""sigmos_overall_below_threshold"", ""sigmos_speech_below_threshold"", ""sigmos_coloration_below_threshold"", ""ecapa_similarity_below_threshold""]",True,0,[],34.90458679199219,0.31626537442207336,50k,0.57342529296875,0,False,2.188650369644165,3.398642063140869,3.700511932373047,3.6452524662017822,2.134428024291992,3.737487554550171,2.7074644565582275,ukr_dialects,whole_original_recording,0.0,ukr_dialects_6403b08094c17ab1c874b596
50k,6.462747573852539,0.0,0,not_scored_no_time_aligned_reference,3.0,0.30217307806015015,3.8826666666666667,"[""local_high_frequency_burst"", ""sigmos_overall_below_threshold"", ""sigmos_coloration_below_threshold"", ""ecapa_similarity_below_threshold""]",True,2,"[{""start_seconds"": 2.24, ""end_seconds"": 2.28}, {""start_seconds"": 2.47, ""end_seconds"": 2.5599999999999996}]",24.303096771240234,0.5687636733055115,50k,0.57135009765625,1,False,2.8773670196533203,3.8755061626434326,3.6573758125305176,4.249077796936035,2.6232352256774902,3.799872875213623,3.4232141971588135,ukr_dialects,whole_original_recording,0.8826666666666667,ukr_dialects_6403b08094c17ab1c874b596
50k,6.263895034790039,0.0,0,not_scored_no_time_aligned_reference,3.0,0.30693456530570984,3.0,"[""local_high_frequency_burst"", ""sigmos_overall_below_threshold"", ""sigmos_speech_below_threshold"", ""sigmos_coloration_below_threshold"", ""ecapa_similarity_below_threshold""]",True,2,"[{""start_seconds"": 1.99, ""end_seconds"": 2.07}, {""start_seconds"": 2.16, ""end_seconds"": 2.23}]",28.75948715209961,0.868155300617218,50k,0.235198974609375,0,False,2.642793893814087,3.2848854064941406,3.874546766281128,4.148877143859863,2.5390024185180664,4.455129146575928,2.8714659214019775,ukr_dialects,whole_original_recording,0.0,ukr_dialects_93b487a5c9809179531e12cb
50k,6.637186050415039,0.0,0,not_scored_no_time_aligned_reference,3.0,0.23221178352832794,4.256,"[""local_high_frequency_burst"", ""sigmos_overall_below_threshold"", ""sigmos_speech_below_threshold"", ""sigmos_coloration_below_threshold"", ""sigmos_discontinuity_below_threshold"", ""ecapa_similarity_below_threshold""]",True,4,"[{""start_seconds"": 0.73, ""end_seconds"": 0.81}, {""start_seconds"": 0.91, ""end_seconds"": 0.98}, {""start_seconds"": 2.16, ""end_seconds"": 2.2399999999999998}, {""start_seconds"": 2.74, ""end_seconds"": 2.78}]",30.22931671142578,0.845445990562439,50k,0.235198974609375,1,False,2.533076047897339,1.9801828861236572,3.8450653553009033,3.2622671127319336,2.1037893295288086,3.97891902923584,2.4085440635681152,ukr_dialects,whole_original_recording,1.256,ukr_dialects_93b487a5c9809179531e12cb
75k,7.413451194763184,0.0,0,not_scored_no_time_aligned_reference,2.6133333333333333,0.3740692436695099,2.6133333333333333,"[""local_high_frequency_burst"", ""sigmos_coloration_below_threshold"", ""ecapa_similarity_below_threshold""]",True,2,"[{""start_seconds"": 1.02, ""end_seconds"": 1.14}, {""start_seconds"": 1.7, ""end_seconds"": 1.75}]",31.859275817871094,0.8395317792892456,75k,0.325042724609375,0,True,2.6269097328186035,3.9082894325256348,3.489269256591797,4.467159271240234,3.0142600536346436,3.9305918216705322,3.643785238265991,common_voice_available_uk,whole_original_recording,0.0,common_voice_available_uk_c02c7293451907b932c31154
75k,6.479442596435547,0.0,0,not_scored_no_time_aligned_reference,3.0,0.2821500599384308,3.0,"[""local_high_frequency_burst"", ""sigmos_overall_below_threshold"", ""sigmos_coloration_below_threshold"", ""ecapa_similarity_below_threshold""]",True,2,"[{""start_seconds"": 1.98, ""end_seconds"": 2.0399999999999996}, {""start_seconds"": 2.8000000000000003, ""end_seconds"": 2.86}]",28.63842010498047,0.800590991973877,75k,0.5745849609375,0,False,2.8525962829589844,4.2085723876953125,3.4162135124206543,3.9417335987091064,2.747133731842041,4.089914321899414,3.1950645446777344,common_voice_available_uk,whole_original_recording,0.0,common_voice_available_uk_a8a1cc063c9dd80b0b56c7f8
75k,7.072434902191162,0.0,0,not_scored_no_time_aligned_reference,3.0,0.20588640868663788,4.405333333333333,"[""local_high_frequency_burst"", ""sigmos_coloration_below_threshold"", ""ecapa_similarity_below_threshold""]",True,5,"[{""start_seconds"": 0.57, ""end_seconds"": 0.63}, {""start_seconds"": 1.4, ""end_seconds"": 1.45}, {""start_seconds"": 1.92, ""end_seconds"": 2.0}, {""start_seconds"": 2.4000000000000004, ""end_seconds"": 2.46}, {""start_seconds"": 2.5900000000000003, ""end_seconds"": 2.67}]",36.81684112548828,0.7982450723648071,75k,0.4449462890625,1,False,2.8923397064208984,3.434767961502075,4.284788131713867,4.151684761047363,3.095726490020752,4.334352493286133,3.4654488563537598,common_voice_available_uk,whole_original_recording,1.4053333333333333,common_voice_available_uk_a8a1cc063c9dd80b0b56c7f8
75k,7.118290901184082,0.0,0,not_scored_no_time_aligned_reference,3.0,0.2858223021030426,3.0,"[""local_high_frequency_burst"", ""sigmos_overall_below_threshold"", ""sigmos_speech_below_threshold"", ""sigmos_coloration_below_threshold"", ""ecapa_similarity_below_threshold""]",True,1,"[{""start_seconds"": 2.49, ""end_seconds"": 2.5799999999999996}]",35.841800689697266,0.7622092366218567,75k,0.499420166015625,0,False,2.3596975803375244,4.260581970214844,3.454686164855957,4.248382568359375,2.429173231124878,3.473787784576416,2.716280221939087,common_voice_available_uk,whole_original_recording,0.0,common_voice_available_uk_ab529abf3847a142fef6f153
75k,7.24610710144043,0.0,0,not_scored_no_time_aligned_reference,3.0,0.2691272795200348,4.1386666666666665,"[""local_high_frequency_burst"", ""sigmos_coloration_below_threshold"", ""ecapa_similarity_below_threshold""]",True,2,"[{""start_seconds"": 1.36, ""end_seconds"": 1.44}, {""start_seconds"": 2.5, ""end_seconds"": 2.5799999999999996}]",37.69538116455078,0.8991689085960388,75k,0.499420166015625,1,False,2.7889413833618164,3.584789514541626,3.55635404586792,4.155662536621094,3.0854568481445312,3.730272054672241,3.478550434112549,common_voice_available_uk,whole_original_recording,1.1386666666666667,common_voice_available_uk_ab529abf3847a142fef6f153
75k,6.774457931518555,0.0,0,not_scored_no_time_aligned_reference,3.0,0.3277941942214966,3.0,"[""local_high_frequency_burst"", ""sigmos_overall_below_threshold"", ""sigmos_speech_below_threshold"", ""sigmos_coloration_below_threshold"", ""ecapa_similarity_below_threshold""]",True,2,"[{""start_seconds"": 0.57, ""end_seconds"": 0.65}, {""start_seconds"": 2.29, ""end_seconds"": 2.3899999999999997}]",26.515552520751953,0.7563163638114929,75k,0.31756591796875,0,False,2.8853988647460938,4.063375473022461,4.280189037322998,4.524674415588379,2.5752243995666504,4.3398895263671875,2.892092704772949,common_voice_available_uk,whole_original_recording,0.0,common_voice_available_uk_5c4ff259010d8b52a316058f
75k,7.018350601196289,0.0,0,not_scored_no_time_aligned_reference,3.0,0.32312437891960144,4.5,"[""local_high_frequency_burst"", ""sigmos_overall_below_threshold"", ""sigmos_coloration_below_threshold"", ""ecapa_similarity_below_threshold""]",True,3,"[{""start_seconds"": 0.79, ""end_seconds"": 0.89}, {""start_seconds"": 1.69, ""end_seconds"": 1.71}, {""start_seconds"": 2.8600000000000003, ""end_seconds"": 2.9499999999999997}]",31.208778381347656,0.7715262770652771,75k,0.31756591796875,1,False,2.7967817783355713,3.8653247356414795,4.163508415222168,4.229866981506348,2.9651434421539307,3.8735594749450684,3.304882049560547,common_voice_available_uk,whole_original_recording,1.5,common_voice_available_uk_5c4ff259010d8b52a316058f
75k,7.370382785797119,0.0,0,not_scored_no_time_aligned_reference,3.0,0.32092076539993286,5.962666666666666,"[""local_high_frequency_burst"", ""ecapa_similarity_below_threshold""]",True,2,"[{""start_seconds"": 0.22999999999999998, ""end_seconds"": 0.25}, {""start_seconds"": 1.4, ""end_seconds"": 1.49}]",27.29424285888672,0.7750532031059265,75k,0.30181884765625,2,False,3.212378740310669,3.7495765686035156,3.6047332286834717,3.961404323577881,3.029513120651245,3.803563356399536,3.5445797443389893,common_voice_available_uk,whole_original_recording,2.962666666666667,common_voice_available_uk_5c4ff259010d8b52a316058f
75k,6.431118011474609,0.0,0,not_scored_no_time_aligned_reference,3.0,0.23267461359500885,3.0,"[""local_high_frequency_burst"", ""sigmos_overall_below_threshold"", ""sigmos_coloration_below_threshold"", ""ecapa_similarity_below_threshold""]",True,4,"[{""start_seconds"": 0.32, ""end_seconds"": 0.35000000000000003}, {""start_seconds"": 0.53, ""end_seconds"": 0.56}, {""start_seconds"": 1.14, ""end_seconds"": 1.18}, {""start_seconds"": 2.5, ""end_seconds"": 2.5599999999999996}]",39.12224578857422,0.768333911895752,75k,0.631317138671875,0,False,2.8756611347198486,3.2652456760406494,3.6718873977661133,4.1514129638671875,2.6495063304901123,3.3398797512054443,3.0042405128479004,common_voice_available_uk,whole_original_recording,0.0,common_voice_available_uk_f743bedc97953f615983a239
75k,6.775257110595703,0.0,0,not_scored_no_time_aligned_reference,3.0,0.24896197021007538,4.5,"[""local_high_frequency_burst"", ""sigmos_overall_below_threshold"", ""sigmos_speech_below_threshold"", ""ecapa_similarity_below_threshold""]",True,2,"[{""start_seconds"": 1.0, ""end_seconds"": 1.06}, {""start_seconds"": 1.88, ""end_seconds"": 1.91}]",33.69558334350586,0.768333911895752,75k,0.631317138671875,1,False,3.2391717433929443,3.954070806503296,3.3420042991638184,4.147584915161133,2.185757875442505,4.201115608215332,2.534024238586426,common_voice_available_uk,whole_original_recording,1.5,common_voice_available_uk_f743bedc97953f615983a239
75k,7.245061874389648,0.0,0,not_scored_no_time_aligned_reference,3.0,0.272784024477005,5.418666666666667,"[""local_high_frequency_burst"", ""sigmos_overall_below_threshold"", ""sigmos_speech_below_threshold"", ""ecapa_similarity_below_threshold""]",True,3,"[{""start_seconds"": 0.08, ""end_seconds"": 0.14}, {""start_seconds"": 0.96, ""end_seconds"": 0.99}, {""start_seconds"": 2.2300000000000004, ""end_seconds"": 2.26}]",34.03459930419922,0.741198718547821,75k,0.543731689453125,2,False,3.0099966526031494,3.564573287963867,3.444345235824585,4.674142837524414,2.232483148574829,3.759986639022827,2.7079458236694336,common_voice_available_uk,whole_original_recording,2.4186666666666667,common_voice_available_uk_f743bedc97953f615983a239
75k,6.249258041381836,0.0,0,not_scored_no_time_aligned_reference,3.0,0.14311325550079346,3.0,"[""local_high_frequency_burst"", ""sigmos_overall_below_threshold"", ""sigmos_coloration_below_threshold"", ""ecapa_similarity_below_threshold""]",True,2,"[{""start_seconds"": 0.62, ""end_seconds"": 0.73}, {""start_seconds"": 2.2600000000000002, ""end_seconds"": 2.34}]",32.889564514160156,0.8848680257797241,75k,0.50897216796875,0,False,2.605405807495117,3.9498651027679443,3.546172857284546,3.9090933799743652,2.7553083896636963,3.589167594909668,3.0742902755737305,common_voice_available_uk,whole_original_recording,0.0,common_voice_available_uk_8385beef90995b59e1a74f50
75k,6.943511486053467,0.0,0,not_scored_no_time_aligned_reference,3.0,0.2334786355495453,3.968,"[""local_high_frequency_burst"", ""sigmos_overall_below_threshold"", ""sigmos_speech_below_threshold"", ""sigmos_coloration_below_threshold"", ""ecapa_similarity_below_threshold""]",True,3,"[{""start_seconds"": 1.29, ""end_seconds"": 1.37}, {""start_seconds"": 2.02, ""end_seconds"": 2.0599999999999996}, {""start_seconds"": 2.5, ""end_seconds"": 2.5799999999999996}]",37.70060348510742,0.9152447581291199,75k,0.34808349609375,1,False,2.838484525680542,3.6242928504943848,3.1457250118255615,3.61263108253479,2.349778652191162,3.6328797340393066,2.5295424461364746,common_voice_available_uk,whole_original_recording,0.968,common_voice_available_uk_8385beef90995b59e1a74f50
75k,5.843560695648193,0.0,0,not_scored_no_time_aligned_reference,3.0,0.21490082144737244,3.0,"[""sigmos_overall_below_threshold"", ""sigmos_speech_below_threshold"", ""ecapa_similarity_below_threshold""]",True,0,[],25.24150848388672,0.5143177509307861,75k,0.084716796875,0,False,3.0741934776306152,3.089388132095337,3.6306328773498535,4.330734729766846,2.3605761528015137,4.244336128234863,2.711310386657715,common_voice_available_uk,whole_original_recording,0.0,common_voice_available_uk_5df6da1d671744faf0228008
75k,5.999217510223389,0.0,0,not_scored_no_time_aligned_reference,3.0,0.23648743331432343,3.7013333333333334,"[""sigmos_overall_below_threshold"", ""sigmos_speech_below_threshold"", ""sigmos_coloration_below_threshold"", ""ecapa_similarity_below_threshold""]",True,0,[],35.68914031982422,0.8365631699562073,75k,0.084716796875,1,False,2.7589900493621826,3.5408945083618164,3.7623069286346436,3.9672865867614746,2.528583288192749,3.5480599403381348,2.97491717338562,common_voice_available_uk,whole_original_recording,0.7013333333333334,common_voice_available_uk_5df6da1d671744faf0228008
75k,5.730046272277832,0.0,0,not_scored_no_time_aligned_reference,3.0,0.19267484545707703,3.0,"[""local_high_frequency_burst"", ""ecapa_similarity_below_threshold""]",True,2,"[{""start_seconds"": 0.22999999999999998, ""end_seconds"": 0.26}, {""start_seconds"": 2.6500000000000004, ""end_seconds"": 2.73}]",42.17961883544922,0.9110851883888245,75k,0.299407958984375,0,False,3.304072141647339,3.8076512813568115,3.585188388824463,4.277949333190918,3.0126147270202637,3.8975672721862793,3.234926462173462,common_voice_available_uk,whole_original_recording,0.0,common_voice_available_uk_dc9184e104ead558fbc5c7b7
75k,6.106221675872803,0.0,0,not_scored_no_time_aligned_reference,3.0,0.20774546265602112,4.042666666666666,"[""local_high_frequency_burst"", ""sigmos_overall_below_threshold"", ""sigmos_speech_below_threshold"", ""sigmos_coloration_below_threshold"", ""ecapa_similarity_below_threshold""]",True,2,"[{""start_seconds"": 1.61, ""end_seconds"": 1.69}, {""start_seconds"": 2.56, ""end_seconds"": 2.6799999999999997}]",40.49037170410156,0.9257795214653015,75k,0.232757568359375,1,False,2.1838817596435547,3.7039098739624023,3.3574326038360596,3.9474754333496094,2.227290153503418,3.6495909690856934,2.5699377059936523,common_voice_available_uk,whole_original_recording,1.0426666666666666,common_voice_available_uk_dc9184e104ead558fbc5c7b7
75k,5.954944610595703,0.0,0,not_scored_no_time_aligned_reference,2.1653333333333333,0.17244058847427368,2.1653333333333333,"[""sigmos_overall_below_threshold"", ""sigmos_speech_below_threshold"", ""sigmos_coloration_below_threshold"", ""ecapa_similarity_below_threshold""]",True,0,[],32.312599182128906,0.1366530805826187,75k,0.35162353515625,0,True,2.742418050765991,4.216032028198242,3.7502572536468506,3.5090813636779785,2.1838643550872803,3.2642829418182373,2.2142670154571533,common_voice_available_uk,whole_original_recording,0.0,common_voice_available_uk_25496b7e922861903ae70344
75k,6.951897621154785,0.0,0,not_scored_no_time_aligned_reference,3.0,0.2996788024902344,3.0,"[""local_high_frequency_burst"", ""sigmos_overall_below_threshold"", ""sigmos_speech_below_threshold"", ""ecapa_similarity_below_threshold""]",True,1,"[{""start_seconds"": 2.8000000000000003, ""end_seconds"": 2.8499999999999996}]",28.769691467285156,0.6383211612701416,75k,0.387176513671875,0,False,3.0403852462768555,3.3189964294433594,3.315549612045288,3.7155253887176514,2.1751911640167236,3.837355613708496,2.463623046875,common_voice_available_uk,whole_original_recording,0.0,common_voice_available_uk_1093ca3ef2555953dd84f3f8
75k,6.9376044273376465,0.0,0,not_scored_no_time_aligned_reference,3.0,0.2110082358121872,4.32,"[""local_high_frequency_burst"", ""sigmos_overall_below_threshold"", ""sigmos_speech_below_threshold"", ""ecapa_similarity_below_threshold""]",True,1,"[{""start_seconds"": 1.48, ""end_seconds"": 1.53}]",25.327316284179688,0.6383211612701416,75k,0.387176513671875,1,False,3.002824306488037,3.779780626296997,3.7905616760253906,3.691999912261963,2.5406136512756348,3.9171600341796875,2.918203115463257,common_voice_available_uk,whole_original_recording,1.32,common_voice_available_uk_1093ca3ef2555953dd84f3f8
75k,6.968586444854736,0.0,0,not_scored_no_time_aligned_reference,2.88,0.33709993958473206,2.88,"[""local_high_frequency_burst"", ""sigmos_overall_below_threshold"", ""sigmos_coloration_below_threshold"", ""ecapa_similarity_below_threshold""]",True,3,"[{""start_seconds"": 0.69, ""end_seconds"": 0.73}, {""start_seconds"": 1.86, ""end_seconds"": 1.93}, {""start_seconds"": 2.5300000000000002, ""end_seconds"": 2.5999999999999996}]",37.92927551269531,0.7954602241516113,75k,0.692718505859375,0,True,2.860764980316162,3.5366573333740234,3.920484781265259,3.5511860847473145,2.7489898204803467,3.8039979934692383,3.332019329071045,common_voice_available_uk,whole_original_recording,0.0,common_voice_available_uk_fdbb9a5975ea1f367f937a09
75k,7.093080520629883,0.0,0,not_scored_no_time_aligned_reference,3.0,0.3106746971607208,3.0,"[""local_high_frequency_burst"", ""sigmos_overall_below_threshold"", ""sigmos_coloration_below_threshold"", ""ecapa_similarity_below_threshold""]",True,1,"[{""start_seconds"": 2.02, ""end_seconds"": 2.09}]",31.642498016357422,0.8821330666542053,75k,0.292755126953125,0,False,2.5984277725219727,3.845132827758789,4.225333213806152,3.717632532119751,2.700979709625244,4.236433029174805,3.2003774642944336,fleurs_uk,whole_original_recording,0.0,fleurs_uk_350d3947d45f086529521fa8
75k,7.1749396324157715,0.0,0,not_scored_no_time_aligned_reference,3.0,0.30013883113861084,4.5,"[""local_high_frequency_burst"", ""sigmos_overall_below_threshold"", ""sigmos_speech_below_threshold"", ""sigmos_coloration_below_threshold"", ""ecapa_similarity_below_threshold""]",True,2,"[{""start_seconds"": 0.52, ""end_seconds"": 0.59}, {""start_seconds"": 2.43, ""end_seconds"": 2.5}]",31.642498016357422,0.8821330666542053,75k,0.212982177734375,1,False,2.679962158203125,4.11214542388916,3.4202122688293457,3.6759378910064697,2.764134407043457,3.6852004528045654,2.8221347332000732,fleurs_uk,whole_original_recording,1.5,fleurs_uk_350d3947d45f086529521fa8
75k,7.306210517883301,0.0,0,not_scored_no_time_aligned_reference,3.0,0.2999662160873413,6.0,"[""local_high_frequency_burst"", ""sigmos_overall_below_threshold"", ""sigmos_speech_below_threshold"", ""sigmos_coloration_below_threshold"", ""ecapa_similarity_below_threshold""]",True,2,"[{""start_seconds"": 0.9299999999999999, ""end_seconds"": 1.0}, {""start_seconds"": 1.66, ""end_seconds"": 1.8}]",30.461883544921875,0.8369688391685486,75k,0.205291748046875,2,False,2.465481996536255,4.494391441345215,3.835336446762085,4.023270606994629,2.4253478050231934,4.179680347442627,2.838843822479248,fleurs_uk,whole_original_recording,3.0,fleurs_uk_350d3947d45f086529521fa8
75k,7.160870552062988,0.0,0,not_scored_no_time_aligned_reference,3.0,0.30512332916259766,7.306666666666667,"[""local_high_frequency_burst"", ""sigmos_overall_below_threshold"", ""sigmos_speech_below_threshold"", ""sigmos_coloration_below_threshold"", ""ecapa_similarity_below_threshold""]",True,2,"[{""start_seconds"": 0.36, ""end_seconds"": 0.49}, {""start_seconds"": 1.9999999999999998, ""end_seconds"": 2.03}]",33.518428802490234,0.8710605502128601,75k,0.205291748046875,3,False,2.68207049369812,4.015915870666504,4.070695877075195,3.7401106357574463,2.3371198177337646,3.9413158893585205,2.750854730606079,fleurs_uk,whole_original_recording,4.306666666666667,fleurs_uk_350d3947d45f086529521fa8
75k,5.819605350494385,0.0,0,not_scored_no_time_aligned_reference,3.0,0.32492002844810486,3.0,"[""sigmos_overall_below_threshold"", ""sigmos_speech_below_threshold"", ""sigmos_coloration_below_threshold"", ""ecapa_similarity_below_threshold""]",True,0,[],28.442909240722656,0.3470904529094696,75k,0.20184326171875,0,False,2.6381771564483643,4.243483543395996,4.230796813964844,3.563605308532715,2.425041913986206,3.8087844848632812,2.660356283187866,fleurs_uk,whole_original_recording,0.0,fleurs_uk_bc037eb72dd327b4cd78664e
75k,6.69669771194458,0.0,0,not_scored_no_time_aligned_reference,3.0,0.3817506432533264,4.5,"[""local_high_frequency_burst"", ""sigmos_overall_below_threshold"", ""sigmos_speech_below_threshold"", ""sigmos_coloration_below_threshold"", ""ecapa_similarity_below_threshold""]",True,3,"[{""start_seconds"": 1.51, ""end_seconds"": 1.56}, {""start_seconds"": 1.89, ""end_seconds"": 1.97}, {""start_seconds"": 2.4000000000000004, ""end_seconds"": 2.4899999999999998}]",32.177188873291016,0.9060083627700806,75k,0.181396484375,1,False,2.6799049377441406,3.553943157196045,3.4145803451538086,3.4544708728790283,2.0017685890197754,3.862757921218872,2.208294153213501,fleurs_uk,whole_original_recording,1.5,fleurs_uk_bc037eb72dd327b4cd78664e
75k,6.902398586273193,0.0,0,not_scored_no_time_aligned_reference,3.0,0.34777531027793884,6.0,"[""local_high_frequency_burst"", ""sigmos_overall_below_threshold"", ""sigmos_speech_below_threshold"", ""sigmos_coloration_below_threshold"", ""ecapa_similarity_below_threshold""]",True,3,"[{""start_seconds"": 0.03, ""end_seconds"": 0.05}, {""start_seconds"": 0.39, ""end_seconds"": 0.47000000000000003}, {""start_seconds"": 0.9, ""end_seconds"": 0.99}]",28.075042724609375,0.9060083627700806,75k,0.16461181640625,2,False,2.3864235877990723,3.6389317512512207,3.8155226707458496,3.7979729175567627,2.0011935234069824,4.454577922821045,2.36975359916687,fleurs_uk,whole_original_recording,3.0,fleurs_uk_bc037eb72dd327b4cd78664e
75k,6.105039596557617,0.0,0,not_scored_no_time_aligned_reference,3.0,0.33468419313430786,7.5,"[""sigmos_overall_below_threshold"", ""sigmos_speech_below_threshold"", ""sigmos_coloration_below_threshold"", ""ecapa_similarity_below_threshold""]",True,0,[],23.128067016601562,0.2934248745441437,75k,0.190032958984375,3,False,2.3740808963775635,3.9436848163604736,2.8857874870300293,4.303108215332031,2.226841926574707,4.106248378753662,2.536855936050415,fleurs_uk,whole_original_recording,4.5,fleurs_uk_bc037eb72dd327b4cd78664e
75k,6.359471321105957,0.0,0,not_scored_no_time_aligned_reference,3.0,0.3753085136413574,8.885333333333334,"[""local_high_frequency_burst"", ""sigmos_overall_below_threshold"", ""sigmos_speech_below_threshold"", ""sigmos_coloration_below_threshold"", ""ecapa_similarity_below_threshold""]",True,2,"[{""start_seconds"": 2.08, ""end_seconds"": 2.15}, {""start_seconds"": 2.2300000000000004, ""end_seconds"": 2.3099999999999996}]",27.783031463623047,0.8927083611488342,75k,0.190032958984375,4,False,2.18391489982605,3.3614630699157715,3.4585983753204346,3.7797470092773438,2.220978021621704,3.691372871398926,2.5610058307647705,fleurs_uk,whole_original_recording,5.8853333333333335,fleurs_uk_bc037eb72dd327b4cd78664e
75k,6.685725688934326,0.0,0,not_scored_no_time_aligned_reference,3.0,0.4053458571434021,3.0,"[""sigmos_overall_below_threshold"", ""sigmos_speech_below_threshold"", ""sigmos_coloration_below_threshold"", ""ecapa_similarity_below_threshold""]",True,0,[],23.81415557861328,0.8772724270820618,75k,0.048248291015625,0,False,2.9955196380615234,3.510270595550537,3.3868491649627686,4.026612281799316,2.4606974124908447,4.070071697235107,2.6486947536468506,fleurs_uk,whole_original_recording,0.0,fleurs_uk_7904a0562b1ddbc92534b1fe
75k,6.942214488983154,0.0,0,not_scored_no_time_aligned_reference,3.0,0.357761949300766,4.5,"[""sigmos_overall_below_threshold"", ""sigmos_coloration_below_threshold"", ""ecapa_similarity_below_threshold""]",True,0,[],22.891189575195312,0.8772724270820618,75k,0.04937744140625,1,False,2.404573917388916,4.346489906311035,3.041288137435913,3.875694513320923,2.4049692153930664,4.085183620452881,3.000899314880371,fleurs_uk,whole_original_recording,1.5,fleurs_uk_7904a0562b1ddbc92534b1fe
75k,6.374724388122559,0.0,0,not_scored_no_time_aligned_reference,3.0,0.37726524472236633,6.0,"[""sigmos_overall_below_threshold"", ""sigmos_speech_below_threshold"", ""sigmos_coloration_below_threshold"", ""ecapa_similarity_below_threshold""]",True,0,[],30.552513122558594,0.8635585904121399,75k,0.0810546875,2,False,2.590758800506592,3.8339786529541016,2.9772732257843018,3.86061954498291,2.2240145206451416,3.739347457885742,2.4498648643493652,fleurs_uk,whole_original_recording,3.0,fleurs_uk_7904a0562b1ddbc92534b1fe
75k,5.636682510375977,0.0,0,not_scored_no_time_aligned_reference,3.0,0.40981245040893555,7.5,"[""sigmos_overall_below_threshold"", ""sigmos_coloration_below_threshold"", ""ecapa_similarity_below_threshold""]",True,0,[],32.88437271118164,0.8635585904121399,75k,0.0810546875,3,False,2.4548943042755127,4.118600845336914,3.617542266845703,4.032515525817871,2.4803714752197266,4.001556396484375,3.0081162452697754,fleurs_uk,whole_original_recording,4.5,fleurs_uk_7904a0562b1ddbc92534b1fe
75k,6.263838768005371,0.0,0,not_scored_no_time_aligned_reference,3.0,0.31571999192237854,9.0,"[""sigmos_overall_below_threshold"", ""sigmos_speech_below_threshold"", ""sigmos_discontinuity_below_threshold"", ""ecapa_similarity_below_threshold""]",True,0,[],19.849803924560547,0.9049015045166016,75k,0.052886962890625,4,False,3.1759073734283447,2.930126428604126,3.15500807762146,3.942624807357788,2.2786970138549805,3.8434393405914307,2.682802200317383,fleurs_uk,whole_original_recording,6.0,fleurs_uk_7904a0562b1ddbc92534b1fe
75k,6.3152570724487305,0.0,0,not_scored_no_time_aligned_reference,3.0,0.39521512389183044,10.5,"[""sigmos_overall_below_threshold"", ""sigmos_speech_below_threshold"", ""sigmos_coloration_below_threshold"", ""ecapa_similarity_below_threshold""]",True,0,[],24.754207611083984,0.9049015045166016,75k,0.052886962890625,5,False,2.131117582321167,3.8811745643615723,3.04221510887146,3.019416570663452,2.11460018157959,3.3693480491638184,2.6132750511169434,fleurs_uk,whole_original_recording,7.5,fleurs_uk_7904a0562b1ddbc92534b1fe
75k,6.2168402671813965,0.0,0,not_scored_no_time_aligned_reference,3.0,0.30300426483154297,12.0,"[""sigmos_overall_below_threshold"", ""sigmos_speech_below_threshold"", ""sigmos_coloration_below_threshold"", ""ecapa_similarity_below_threshold""]",True,0,[],25.417255401611328,0.8830626010894775,75k,0.06268310546875,6,False,2.128541946411133,3.4474356174468994,3.5932564735412598,3.566091775894165,2.3741610050201416,3.901137351989746,2.940951347351074,fleurs_uk,whole_original_recording,9.0,fleurs_uk_7904a0562b1ddbc92534b1fe
75k,5.839228630065918,0.0,0,not_scored_no_time_aligned_reference,3.0,0.29389557242393494,12.256,"[""sigmos_overall_below_threshold"", ""sigmos_speech_below_threshold"", ""sigmos_coloration_below_threshold"", ""ecapa_similarity_below_threshold""]",True,0,[],25.785785675048828,0.8792197704315186,75k,0.06268310546875,7,False,2.2010159492492676,3.9289348125457764,2.9748997688293457,3.9644556045532227,2.332115650177002,4.3797526359558105,2.866281032562256,fleurs_uk,whole_original_recording,9.256,fleurs_uk_7904a0562b1ddbc92534b1fe
75k,5.936845302581787,0.0,0,not_scored_no_time_aligned_reference,3.0,0.21421866118907928,3.0,"[""local_high_frequency_burst"", ""sigmos_overall_below_threshold"", ""sigmos_speech_below_threshold"", ""sigmos_noise_below_threshold"", ""sigmos_coloration_below_threshold"", ""sigmos_discontinuity_below_threshold"", ""ecapa_similarity_below_threshold""]",True,2,"[{""start_seconds"": 0.79, ""end_seconds"": 0.88}, {""start_seconds"": 0.95, ""end_seconds"": 1.02}]",26.510421752929688,0.9135352969169617,75k,0.213043212890625,0,False,2.341439723968506,2.727313280105591,3.284694194793701,2.842376232147217,1.764296531677246,3.352323293685913,2.0457406044006348,fleurs_uk,whole_original_recording,0.0,fleurs_uk_ac4c585497c3180ca5d0edae
75k,6.5945725440979,0.0,0,not_scored_no_time_aligned_reference,3.0,0.20372356474399567,4.5,"[""local_high_frequency_burst"", ""sigmos_overall_below_threshold"", ""sigmos_speech_below_threshold"", ""sigmos_coloration_below_threshold"", ""ecapa_similarity_below_threshold""]",True,1,"[{""start_seconds"": 2.8400000000000003, ""end_seconds"": 2.9099999999999997}]",25.568557739257812,0.8452348113059998,75k,0.2457275390625,1,False,1.7583825588226318,3.1405115127563477,3.5892903804779053,3.931076765060425,1.6035828590393066,3.51802134513855,1.6986126899719238,fleurs_uk,whole_original_recording,1.5,fleurs_uk_ac4c585497c3180ca5d0edae
75k,6.292753219604492,0.0,0,not_scored_no_time_aligned_reference,3.0,0.2068575620651245,6.0,"[""local_high_frequency_burst"", ""sigmos_overall_below_threshold"", ""sigmos_speech_below_threshold"", ""sigmos_discontinuity_below_threshold"", ""ecapa_similarity_below_threshold""]",True,1,"[{""start_seconds"": 1.34, ""end_seconds"": 1.41}]",30.54401397705078,0.8452348113059998,75k,0.251678466796875,2,False,3.119072675704956,2.296163320541382,3.7308061122894287,3.7084696292877197,2.1621479988098145,3.7965166568756104,2.4933698177337646,fleurs_uk,whole_original_recording,3.0,fleurs_uk_ac4c585497c3180ca5d0edae
75k,6.665510177612305,0.0,0,not_scored_no_time_aligned_reference,3.0,0.2732284963130951,7.5,"[""local_high_frequency_burst"", ""sigmos_overall_below_threshold"", ""sigmos_speech_below_threshold"", ""sigmos_coloration_below_threshold"", ""ecapa_similarity_below_threshold""]",True,1,"[{""start_seconds"": 1.73, ""end_seconds"": 1.8}]",29.462024688720703,0.9240303039550781,75k,0.251678466796875,3,False,2.1714673042297363,3.6840012073516846,3.2582030296325684,3.1643879413604736,1.7896714210510254,3.758265495300293,2.065377950668335,fleurs_uk,whole_original_recording,4.5,fleurs_uk_ac4c585497c3180ca5d0edae
75k,6.556344032287598,0.0,0,not_scored_no_time_aligned_reference,3.0,0.31113216280937195,9.0,"[""local_high_frequency_burst"", ""sigmos_overall_below_threshold"", ""sigmos_speech_below_threshold"", ""sigmos_coloration_below_threshold"", ""ecapa_similarity_below_threshold""]",True,1,"[{""start_seconds"": 0.22999999999999998, ""end_seconds"": 0.3}]",32.34229278564453,0.9240303039550781,75k,0.19207763671875,4,False,2.717410087585449,3.4999117851257324,3.2485480308532715,3.7304604053497314,2.3257033824920654,3.4683451652526855,2.896029472351074,fleurs_uk,whole_original_recording,6.0,fleurs_uk_ac4c585497c3180ca5d0edae
75k,6.7725749015808105,0.0,0,not_scored_no_time_aligned_reference,3.0,0.24250350892543793,10.5,"[""local_high_frequency_burst"", ""sigmos_overall_below_threshold"", ""sigmos_speech_below_threshold"", ""sigmos_coloration_below_threshold"", ""sigmos_discontinuity_below_threshold"", ""ecapa_similarity_below_threshold""]",True,1,"[{""start_seconds"": 2.6900000000000004, ""end_seconds"": 2.82}]",26.97492218017578,0.9306735396385193,75k,0.2076416015625,5,False,2.7141666412353516,2.9908502101898193,3.1797592639923096,3.2823269367218018,1.9573285579681396,3.239816665649414,2.172029972076416,fleurs_uk,whole_original_recording,7.5,fleurs_uk_ac4c585497c3180ca5d0edae
75k,6.806131839752197,0.0,0,not_scored_no_time_aligned_reference,3.0,0.22990994155406952,12.0,"[""local_high_frequency_burst"", ""sigmos_overall_below_threshold"", ""sigmos_speech_below_threshold"", ""sigmos_coloration_below_threshold"", ""sigmos_discontinuity_below_threshold"", ""ecapa_similarity_below_threshold""]",True,2,"[{""start_seconds"": 1.19, ""end_seconds"": 1.32}, {""start_seconds"": 1.64, ""end_seconds"": 1.72}]",29.223167419433594,0.9306735396385193,75k,0.230560302734375,6,False,2.726685047149658,2.916891098022461,3.6074984073638916,3.2985658645629883,2.2370336055755615,3.710031270980835,2.6440858840942383,fleurs_uk,whole_original_recording,9.0,fleurs_uk_ac4c585497c3180ca5d0edae
75k,6.915741443634033,0.0,0,not_scored_no_time_aligned_reference,3.0,0.22472995519638062,13.5,"[""local_high_frequency_burst"", ""sigmos_overall_below_threshold"", ""sigmos_speech_below_threshold"", ""sigmos_coloration_below_threshold"", ""ecapa_similarity_below_threshold""]",True,1,"[{""start_seconds"": 0.13999999999999999, ""end_seconds"": 0.22}]",28.748695373535156,0.9134740829467773,75k,0.230560302734375,7,False,2.9963083267211914,3.3818399906158447,3.510702610015869,3.7827513217926025,2.2593579292297363,3.7216637134552,2.5557727813720703,fleurs_uk,whole_original_recording,10.5,fleurs_uk_ac4c585497c3180ca5d0edae
75k,6.89981746673584,0.0,0,not_scored_no_time_aligned_reference,3.0,0.24565990269184113,14.88,"[""sigmos_overall_below_threshold"", ""sigmos_speech_below_threshold"", ""sigmos_coloration_below_threshold"", ""ecapa_similarity_below_threshold""]",True,0,[],31.20821762084961,0.24707074463367462,75k,0.21392822265625,8,False,2.997574806213379,3.7376296520233154,4.084377288818359,3.8512752056121826,2.344651699066162,3.9183924198150635,2.6620748043060303,fleurs_uk,whole_original_recording,11.88,fleurs_uk_ac4c585497c3180ca5d0edae
75k,6.597037315368652,0.0,0,not_scored_no_time_aligned_reference,3.0,0.386432409286499,3.0,"[""sigmos_overall_below_threshold"", ""sigmos_coloration_below_threshold"", ""ecapa_similarity_below_threshold""]",True,0,[],26.912513732910156,0.8763540983200073,75k,0.06048583984375,0,False,2.8114967346191406,4.094979286193848,3.2889366149902344,3.889650344848633,2.9951694011688232,4.018884181976318,3.5506045818328857,fleurs_uk,whole_original_recording,0.0,fleurs_uk_225ede107a48491a57745bb8
75k,6.511135578155518,0.0,0,not_scored_no_time_aligned_reference,3.0,0.34570538997650146,4.5,"[""sigmos_overall_below_threshold"", ""sigmos_speech_below_threshold"", ""ecapa_similarity_below_threshold""]",True,0,[],18.682022094726562,0.8763540983200073,75k,0.06512451171875,1,False,3.061556816101074,4.2239460945129395,2.849670171737671,4.110803127288818,2.2037343978881836,4.053484916687012,2.3640964031219482,fleurs_uk,whole_original_recording,1.5,fleurs_uk_225ede107a48491a57745bb8
75k,6.141537666320801,0.0,0,not_scored_no_time_aligned_reference,3.0,0.39310222864151,6.0,"[""sigmos_overall_below_threshold"", ""sigmos_speech_below_threshold"", ""sigmos_coloration_below_threshold"", ""ecapa_similarity_below_threshold""]",True,0,[],19.474143981933594,0.8812147974967957,75k,0.07470703125,2,False,2.4611942768096924,4.233372688293457,3.272477149963379,3.6515402793884277,2.484233856201172,4.214413166046143,2.7826967239379883,fleurs_uk,whole_original_recording,3.0,fleurs_uk_225ede107a48491a57745bb8
75k,6.535966873168945,0.0,0,not_scored_no_time_aligned_reference,3.0,0.4163553714752197,7.5,"[""sigmos_overall_below_threshold"", ""sigmos_speech_below_threshold"", ""sigmos_coloration_below_threshold"", ""ecapa_similarity_below_threshold""]",True,0,[],23.971355438232422,0.8812147974967957,75k,0.07470703125,3,False,2.2704954147338867,3.7761895656585693,3.68398118019104,4.027012825012207,2.0130767822265625,4.602944374084473,2.704826593399048,fleurs_uk,whole_original_recording,4.5,fleurs_uk_225ede107a48491a57745bb8
75k,6.741263389587402,0.0,0,not_scored_no_time_aligned_reference,3.0,0.3845667243003845,9.0,"[""sigmos_overall_below_threshold"", ""sigmos_speech_below_threshold"", ""sigmos_coloration_below_threshold"", ""sigmos_discontinuity_below_threshold"", ""ecapa_similarity_below_threshold""]",True,0,[],26.001380920410156,0.8219313621520996,75k,0.06884765625,4,False,2.7146832942962646,2.953873872756958,3.2145113945007324,3.5992887020111084,2.329303741455078,3.903118133544922,2.846142053604126,fleurs_uk,whole_original_recording,6.0,fleurs_uk_225ede107a48491a57745bb8
75k,6.816795349121094,0.0,0,not_scored_no_time_aligned_reference,3.0,0.3456071615219116,10.5,"[""sigmos_overall_below_threshold"", ""sigmos_speech_below_threshold"", ""sigmos_coloration_below_threshold"", ""ecapa_similarity_below_threshold""]",True,0,[],32.275779724121094,0.38924074172973633,75k,0.04583740234375,5,False,2.4321093559265137,3.927870512008667,3.3874711990356445,4.25146484375,1.953721284866333,3.9958019256591797,2.237726926803589,fleurs_uk,whole_original_recording,7.5,fleurs_uk_225ede107a48491a57745bb8
75k,6.383149147033691,0.0,0,not_scored_no_time_aligned_reference,3.0,0.38897737860679626,12.0,"[""sigmos_overall_below_threshold"", ""sigmos_speech_below_threshold"", ""ecapa_similarity_below_threshold""]",True,0,[],23.745864868164062,0.8714207410812378,75k,0.045257568359375,6,False,3.0263960361480713,3.5432276725769043,3.7791600227355957,3.6350977420806885,2.4436304569244385,3.5577175617218018,2.632988691329956,fleurs_uk,whole_original_recording,9.0,fleurs_uk_225ede107a48491a57745bb8
75k,6.054782390594482,0.0,0,not_scored_no_time_aligned_reference,3.0,0.39757564663887024,12.746666666666666,"[""sigmos_overall_below_threshold"", ""sigmos_speech_below_threshold"", ""sigmos_coloration_below_threshold"", ""ecapa_similarity_below_threshold""]",True,0,[],27.55323028564453,0.8679779171943665,75k,0.045257568359375,7,False,2.8070156574249268,4.032624244689941,3.172180652618408,3.741121292114258,2.2650516033172607,3.6416501998901367,2.6394495964050293,fleurs_uk,whole_original_recording,9.746666666666666,fleurs_uk_225ede107a48491a57745bb8
75k,6.860631942749023,0.0,0,not_scored_no_time_aligned_reference,3.0,0.26064029335975647,3.0,"[""local_high_frequency_burst"", ""sigmos_overall_below_threshold"", ""sigmos_speech_below_threshold"", ""sigmos_coloration_below_threshold"", ""sigmos_discontinuity_below_threshold"", ""ecapa_similarity_below_threshold""]",True,5,"[{""start_seconds"": 0.33, ""end_seconds"": 0.42}, {""start_seconds"": 0.54, ""end_seconds"": 0.64}, {""start_seconds"": 1.26, ""end_seconds"": 1.34}, {""start_seconds"": 1.55, ""end_seconds"": 1.6300000000000001}, {""start_seconds"": 1.8, ""end_seconds"": 1.87}]",36.43348693847656,0.8274537324905396,75k,0.687774658203125,0,False,2.2777457237243652,2.729661703109741,3.3996801376342773,3.6094281673431396,2.070547103881836,3.859539747238159,2.3380584716796875,fleurs_uk,whole_original_recording,0.0,fleurs_uk_86eeeca26010ecd282f2be86
75k,6.979078769683838,0.0,0,not_scored_no_time_aligned_reference,3.0,0.323819637298584,4.5,"[""local_high_frequency_burst"", ""sigmos_overall_below_threshold"", ""sigmos_speech_below_threshold"", ""sigmos_coloration_below_threshold"", ""ecapa_similarity_below_threshold""]",True,3,"[{""start_seconds"": 0.049999999999999996, ""end_seconds"": 0.13}, {""start_seconds"": 0.3, ""end_seconds"": 0.37}, {""start_seconds"": 2.6100000000000003, ""end_seconds"": 2.63}]",29.75334930419922,0.7633795142173767,75k,0.57452392578125,1,False,2.932008981704712,3.550321340560913,3.1395816802978516,3.5318198204040527,2.5282208919525146,3.9315197467803955,2.955889940261841,fleurs_uk,whole_original_recording,1.5,fleurs_uk_86eeeca26010ecd282f2be86
75k,6.80114221572876,0.0,0,not_scored_no_time_aligned_reference,3.0,0.26788827776908875,6.0,"[""local_high_frequency_burst"", ""sigmos_overall_below_threshold"", ""ecapa_similarity_below_threshold""]",True,3,"[{""start_seconds"": 1.11, ""end_seconds"": 1.1300000000000001}, {""start_seconds"": 1.68, ""end_seconds"": 1.73}, {""start_seconds"": 2.4200000000000004, ""end_seconds"": 2.5}]",32.41191864013672,0.7390275597572327,75k,0.6976318359375,2,False,3.104959726333618,3.600942611694336,3.263932704925537,3.813999652862549,2.9602880477905273,3.5898735523223877,3.352018356323242,fleurs_uk,whole_original_recording,3.0,fleurs_uk_86eeeca26010ecd282f2be86
75k,6.361821174621582,0.0,0,not_scored_no_time_aligned_reference,3.0,0.1808287352323532,7.5,"[""local_high_frequency_burst"", ""sigmos_overall_below_threshold"", ""sigmos_coloration_below_threshold"", ""ecapa_similarity_below_threshold""]",True,3,"[{""start_seconds"": 0.18, ""end_seconds"": 0.23}, {""start_seconds"": 0.92, ""end_seconds"": 1.0}, {""start_seconds"": 2.47, ""end_seconds"": 2.5}]",30.21333122253418,0.7390275597572327,75k,0.6976318359375,3,False,2.732469081878662,4.214533805847168,3.469738006591797,4.046051979064941,2.6737446784973145,3.4589180946350098,3.224421977996826,fleurs_uk,whole_original_recording,4.5,fleurs_uk_86eeeca26010ecd282f2be86
75k,6.510375022888184,0.0,0,not_scored_no_time_aligned_reference,3.0,0.16920910775661469,8.213333333333333,"[""local_high_frequency_burst"", ""sigmos_coloration_below_threshold"", ""ecapa_similarity_below_threshold""]",True,4,"[{""start_seconds"": 0.19999999999999998, ""end_seconds"": 0.29000000000000004}, {""start_seconds"": 1.76, ""end_seconds"": 1.78}, {""start_seconds"": 2.2600000000000002, ""end_seconds"": 2.3099999999999996}, {""start_seconds"": 2.54, ""end_seconds"": 2.63}]",32.970123291015625,0.7509629130363464,75k,0.61187744140625,4,False,2.672983169555664,4.132408142089844,3.4496355056762695,3.7967045307159424,3.0058650970458984,4.048797130584717,3.7031214237213135,fleurs_uk,whole_original_recording,5.213333333333333,fleurs_uk_86eeeca26010ecd282f2be86
75k,6.425362586975098,0.0,0,not_scored_no_time_aligned_reference,3.0,0.3659825623035431,3.0,"[""sigmos_overall_below_threshold"", ""sigmos_coloration_below_threshold"", ""ecapa_similarity_below_threshold""]",True,0,[],28.596656799316406,0.8947402834892273,75k,0.058135986328125,0,False,2.3339924812316895,3.537733554840088,3.6614181995391846,4.486759185791016,2.534532308578491,4.2018585205078125,3.1982905864715576,fleurs_uk,whole_original_recording,0.0,fleurs_uk_425f732c83e777999a23f231
75k,6.4696269035339355,0.0,0,not_scored_no_time_aligned_reference,3.0,0.33769404888153076,4.5,"[""sigmos_overall_below_threshold"", ""sigmos_speech_below_threshold"", ""ecapa_similarity_below_threshold""]",True,0,[],30.07646942138672,0.8961958885192871,75k,0.061737060546875,1,False,3.2350597381591797,3.6281685829162598,3.359304428100586,4.2040863037109375,2.422356605529785,3.4414961338043213,2.7651665210723877,fleurs_uk,whole_original_recording,1.5,fleurs_uk_425f732c83e777999a23f231
75k,5.856081485748291,0.0,0,not_scored_no_time_aligned_reference,3.0,0.38915911316871643,6.0,"[""sigmos_overall_below_threshold"", ""sigmos_speech_below_threshold"", ""sigmos_coloration_below_threshold"", ""ecapa_similarity_below_threshold""]",True,0,[],31.842086791992188,0.8961958885192871,75k,0.061737060546875,2,False,2.9165029525756836,3.105865001678467,3.3020288944244385,3.8046605587005615,2.357388973236084,4.498290061950684,2.8413054943084717,fleurs_uk,whole_original_recording,3.0,fleurs_uk_425f732c83e777999a23f231
75k,6.566408157348633,0.0,0,not_scored_no_time_aligned_reference,3.0,0.3635774850845337,7.5,"[""sigmos_overall_below_threshold"", ""sigmos_speech_below_threshold"", ""sigmos_coloration_below_threshold"", ""sigmos_discontinuity_below_threshold"", ""ecapa_similarity_below_threshold""]",True,0,[],31.19598388671875,0.8737490773200989,75k,0.0596923828125,3,False,2.2671213150024414,2.9382998943328857,4.210423946380615,3.911018133163452,2.277691602706909,4.142116546630859,2.779463291168213,fleurs_uk,whole_original_recording,4.5,fleurs_uk_425f732c83e777999a23f231
75k,6.654715538024902,0.0,0,not_scored_no_time_aligned_reference,3.0,0.3447106182575226,9.0,"[""sigmos_overall_below_threshold"", ""sigmos_speech_below_threshold"", ""sigmos_coloration_below_threshold"", ""ecapa_similarity_below_threshold""]",True,0,[],31.407306671142578,0.903030514717102,75k,0.044586181640625,4,False,2.503291368484497,3.939297914505005,3.1954500675201416,4.1638994216918945,1.9787709712982178,3.735858678817749,2.654085159301758,fleurs_uk,whole_original_recording,6.0,fleurs_uk_425f732c83e777999a23f231
75k,6.660537242889404,0.0,0,not_scored_no_time_aligned_reference,3.0,0.30510225892066956,9.941333333333333,"[""sigmos_overall_below_threshold"", ""sigmos_speech_below_threshold"", ""sigmos_coloration_below_threshold"", ""ecapa_similarity_below_threshold""]",True,0,[],27.852638244628906,0.8917283415794373,75k,0.0499267578125,5,False,2.181175708770752,4.012713432312012,3.4058756828308105,4.143231391906738,1.7652125358581543,3.505488634109497,2.3120625019073486,fleurs_uk,whole_original_recording,6.941333333333334,fleurs_uk_425f732c83e777999a23f231
75k,6.993531703948975,0.0,0,not_scored_no_time_aligned_reference,3.0,0.34427735209465027,3.0,"[""sigmos_overall_below_threshold"", ""sigmos_coloration_below_threshold"", ""ecapa_similarity_below_threshold""]",True,0,[],48.058860778808594,0.9009625911712646,75k,0.10009765625,0,False,2.9024901390075684,4.3706746101379395,3.9063756465911865,4.031859874725342,2.9416167736053467,4.08458137512207,3.2778944969177246,fleurs_uk,whole_original_recording,0.0,fleurs_uk_ce9eb2666cb7cc32803ed074
75k,6.745211124420166,0.0,0,not_scored_no_time_aligned_reference,3.0,0.3693839907646179,4.5,"[""sigmos_overall_below_threshold"", ""sigmos_speech_below_threshold"", ""sigmos_coloration_below_threshold"", ""ecapa_similarity_below_threshold""]",True,0,[],26.823169708251953,0.9009625911712646,75k,0.10009765625,1,False,2.8555524349212646,4.146205425262451,3.1062004566192627,4.400548458099365,2.3065826892852783,4.416022300720215,2.7990658283233643,fleurs_uk,whole_original_recording,1.5,fleurs_uk_ce9eb2666cb7cc32803ed074
75k,6.93325662612915,0.0,0,not_scored_no_time_aligned_reference,3.0,0.3574734032154083,6.0,"[""sigmos_overall_below_threshold"", ""sigmos_speech_below_threshold"", ""sigmos_coloration_below_threshold"", ""ecapa_similarity_below_threshold""]",True,0,[],24.206897735595703,0.8899889588356018,75k,0.071685791015625,2,False,2.780686378479004,4.284616947174072,3.4653124809265137,3.954252243041992,1.8991115093231201,4.201631546020508,1.9236485958099365,fleurs_uk,whole_original_recording,3.0,fleurs_uk_ce9eb2666cb7cc32803ed074
75k,6.952198028564453,0.0,0,not_scored_no_time_aligned_reference,3.0,0.33902472257614136,7.5,"[""sigmos_overall_below_threshold"", ""sigmos_speech_below_threshold"", ""sigmos_coloration_below_threshold"", ""ecapa_similarity_below_threshold""]",True,0,[],44.63294982910156,0.8829664587974548,75k,0.071685791015625,3,False,2.5263171195983887,3.630424976348877,3.1389944553375244,4.349674701690674,2.2701053619384766,4.152508735656738,2.6568779945373535,fleurs_uk,whole_original_recording,4.5,fleurs_uk_ce9eb2666cb7cc32803ed074
75k,6.721548557281494,0.0,0,not_scored_no_time_aligned_reference,3.0,0.3528333008289337,8.874666666666666,"[""sigmos_overall_below_threshold"", ""sigmos_speech_below_threshold"", ""sigmos_coloration_below_threshold"", ""ecapa_similarity_below_threshold""]",True,0,[],29.202037811279297,0.8795050978660583,75k,0.0870361328125,4,False,2.2661213874816895,3.7081234455108643,2.874484062194824,4.083025932312012,1.9030547142028809,4.533483505249023,2.004286289215088,fleurs_uk,whole_original_recording,5.874666666666666,fleurs_uk_ce9eb2666cb7cc32803ed074
75k,6.480505466461182,0.0,0,not_scored_no_time_aligned_reference,3.0,0.4403197467327118,3.0,"[""sigmos_overall_below_threshold"", ""sigmos_coloration_below_threshold"", ""ecapa_similarity_below_threshold""]",True,0,[],29.12445068359375,0.9220468997955322,75k,0.063140869140625,0,False,2.3748958110809326,4.233321189880371,3.5556800365448,3.713735818862915,2.546988010406494,4.1208696365356445,3.408690929412842,fleurs_uk,whole_original_recording,0.0,fleurs_uk_f4828dcb8786670103766b29
75k,6.902981281280518,0.0,0,not_scored_no_time_aligned_reference,3.0,0.44747015833854675,4.5,"[""sigmos_overall_below_threshold"", ""sigmos_speech_below_threshold"", ""sigmos_coloration_below_threshold"", ""ecapa_similarity_below_threshold""]",True,0,[],28.3101806640625,0.30326882004737854,75k,0.063140869140625,1,False,2.4656500816345215,3.772319793701172,3.059253215789795,3.5701770782470703,2.319185733795166,4.031797409057617,2.7653467655181885,fleurs_uk,whole_original_recording,1.5,fleurs_uk_f4828dcb8786670103766b29
75k,6.9039835929870605,0.0,0,not_scored_no_time_aligned_reference,3.0,0.4084405303001404,6.0,"[""sigmos_overall_below_threshold"", ""sigmos_speech_below_threshold"", ""sigmos_coloration_below_threshold"", ""sigmos_discontinuity_below_threshold"", ""ecapa_similarity_below_threshold""]",True,0,[],22.782493591308594,0.30326882004737854,75k,0.079132080078125,2,False,2.050422191619873,2.955479621887207,2.384941816329956,3.690500020980835,2.165045738220215,3.5416669845581055,2.4282889366149902,fleurs_uk,whole_original_recording,3.0,fleurs_uk_f4828dcb8786670103766b29
75k,6.7823567390441895,0.0,0,not_scored_no_time_aligned_reference,3.0,0.3361836075782776,6.56,"[""sigmos_overall_below_threshold"", ""sigmos_speech_below_threshold"", ""sigmos_coloration_below_threshold"", ""ecapa_similarity_below_threshold""]",True,0,[],33.538448333740234,0.3044722378253937,75k,0.079132080078125,3,False,1.7041549682617188,3.630901336669922,2.9819488525390625,4.016741752624512,2.153473138809204,4.248814582824707,2.544043779373169,fleurs_uk,whole_original_recording,3.56,fleurs_uk_f4828dcb8786670103766b29
75k,6.544553279876709,0.0,0,not_scored_no_time_aligned_reference,3.0,0.4207164943218231,3.0,"[""sigmos_overall_below_threshold"", ""sigmos_speech_below_threshold"", ""sigmos_coloration_below_threshold"", ""ecapa_similarity_below_threshold""]",True,0,[],34.28846740722656,0.9002237915992737,75k,0.053955078125,0,False,2.4736075401306152,3.8137919902801514,3.1016664505004883,4.3654398918151855,2.111628532409668,4.084573268890381,2.4951891899108887,fleurs_uk,whole_original_recording,0.0,fleurs_uk_780f47de1ad7de01b058a990
75k,6.612668037414551,0.0,0,not_scored_no_time_aligned_reference,3.0,0.3943513035774231,4.5,"[""sigmos_overall_below_threshold"", ""sigmos_speech_below_threshold"", ""sigmos_coloration_below_threshold"", ""sigmos_discontinuity_below_threshold"", ""ecapa_similarity_below_threshold""]",True,0,[],26.72719955444336,0.9118039011955261,75k,0.0533447265625,1,False,2.2912158966064453,2.379149913787842,2.547077178955078,3.992013454437256,1.2941460609436035,3.9094700813293457,1.4132237434387207,fleurs_uk,whole_original_recording,1.5,fleurs_uk_780f47de1ad7de01b058a990
75k,6.465118408203125,0.0,0,not_scored_no_time_aligned_reference,3.0,0.4087691903114319,6.0,"[""sigmos_overall_below_threshold"", ""sigmos_speech_below_threshold"", ""sigmos_coloration_below_threshold"", ""ecapa_similarity_below_threshold""]",True,0,[],29.767547607421875,0.9118039011955261,75k,0.0533447265625,2,False,2.5702905654907227,4.019381999969482,2.8712615966796875,4.060794830322266,2.2911572456359863,3.76485276222229,2.928307294845581,fleurs_uk,whole_original_recording,3.0,fleurs_uk_780f47de1ad7de01b058a990
75k,6.633341312408447,0.0,0,not_scored_no_time_aligned_reference,3.0,0.3813580870628357,7.5,"[""sigmos_overall_below_threshold"", ""sigmos_speech_below_threshold"", ""sigmos_coloration_below_threshold"", ""ecapa_similarity_below_threshold""]",True,0,[],30.867919921875,0.8891581296920776,75k,0.051422119140625,3,False,2.9676668643951416,3.4478046894073486,2.9391467571258545,4.386215686798096,1.9609570503234863,4.343172073364258,2.3115527629852295,fleurs_uk,whole_original_recording,4.5,fleurs_uk_780f47de1ad7de01b058a990
75k,6.7489190101623535,0.0,0,not_scored_no_time_aligned_reference,3.0,0.4074811041355133,9.0,"[""sigmos_overall_below_threshold"", ""sigmos_speech_below_threshold"", ""sigmos_coloration_below_threshold"", ""ecapa_similarity_below_threshold""]",True,0,[],28.041202545166016,0.8891581296920776,75k,0.051361083984375,4,False,2.981699228286743,3.6060943603515625,3.1447484493255615,4.117979526519775,2.388737916946411,3.7782680988311768,2.8132245540618896,fleurs_uk,whole_original_recording,6.0,fleurs_uk_780f47de1ad7de01b058a990
75k,6.787631988525391,0.0,0,not_scored_no_time_aligned_reference,3.0,0.3957190215587616,10.336,"[""sigmos_overall_below_threshold"", ""sigmos_speech_below_threshold"", ""sigmos_coloration_below_threshold"", ""ecapa_similarity_below_threshold""]",True,0,[],26.960960388183594,0.8831864595413208,75k,0.04638671875,5,False,2.680813789367676,3.261396884918213,3.8084781169891357,4.126672744750977,2.46390438079834,3.9595041275024414,2.7466418743133545,fleurs_uk,whole_original_recording,7.336,fleurs_uk_780f47de1ad7de01b058a990
75k,6.285309791564941,0.0,0,not_scored_no_time_aligned_reference,3.0,0.2904472351074219,3.0,"[""sigmos_overall_below_threshold"", ""sigmos_speech_below_threshold"", ""sigmos_coloration_below_threshold"", ""ecapa_similarity_below_threshold""]",True,0,[],46.44508361816406,0.8661704063415527,75k,0.065887451171875,0,False,2.978573799133301,3.7790355682373047,2.8716330528259277,3.4658939838409424,2.490643262863159,3.785536766052246,2.802752733230591,fleurs_uk,whole_original_recording,0.0,fleurs_uk_67c2c97145359eb3d6b5d976
75k,6.520328044891357,0.0,0,not_scored_no_time_aligned_reference,3.0,0.32068198919296265,4.5,"[""sigmos_overall_below_threshold"", ""sigmos_speech_below_threshold"", ""sigmos_coloration_below_threshold"", ""ecapa_similarity_below_threshold""]",True,0,[],31.268566131591797,0.8661704063415527,75k,0.04388427734375,1,False,2.8785834312438965,3.0082340240478516,2.4618356227874756,4.416283130645752,2.033224105834961,4.279397487640381,2.1573879718780518,fleurs_uk,whole_original_recording,1.5,fleurs_uk_67c2c97145359eb3d6b5d976
75k,6.37731409072876,0.0,0,not_scored_no_time_aligned_reference,3.0,0.2685965895652771,6.0,"[""sigmos_overall_below_threshold"", ""sigmos_speech_below_threshold"", ""sigmos_coloration_below_threshold"", ""ecapa_similarity_below_threshold""]",True,0,[],27.671489715576172,0.8801058530807495,75k,0.058135986328125,2,False,1.5624065399169922,4.226039886474609,2.666415214538574,4.46231746673584,1.847097396850586,4.443580627441406,2.0470428466796875,fleurs_uk,whole_original_recording,3.0,fleurs_uk_67c2c97145359eb3d6b5d976
75k,5.87785530090332,0.0,0,not_scored_no_time_aligned_reference,3.0,0.23027992248535156,7.5,"[""sigmos_overall_below_threshold"", ""sigmos_speech_below_threshold"", ""sigmos_coloration_below_threshold"", ""ecapa_similarity_below_threshold""]",True,0,[],32.32120895385742,0.8801058530807495,75k,0.058135986328125,3,False,2.6806235313415527,3.2619361877441406,2.7972500324249268,3.8660473823547363,1.9595112800598145,4.312526702880859,2.2804150581359863,fleurs_uk,whole_original_recording,4.5,fleurs_uk_67c2c97145359eb3d6b5d976
75k,6.57547664642334,0.0,0,not_scored_no_time_aligned_reference,3.0,0.1972803920507431,9.0,"[""sigmos_overall_below_threshold"", ""sigmos_speech_below_threshold"", ""sigmos_coloration_below_threshold"", ""ecapa_similarity_below_threshold""]",True,0,[],20.92238998413086,0.37003156542778015,75k,0.04290771484375,4,False,2.52533221244812,3.28645658493042,2.518834352493286,4.0447998046875,2.382714033126831,4.212376117706299,2.6687920093536377,fleurs_uk,whole_original_recording,6.0,fleurs_uk_67c2c97145359eb3d6b5d976
75k,6.070072650909424,0.0,0,not_scored_no_time_aligned_reference,3.0,0.24656976759433746,10.5,"[""sigmos_overall_below_threshold"", ""sigmos_speech_below_threshold"", ""sigmos_coloration_below_threshold"", ""ecapa_similarity_below_threshold""]",True,0,[],21.94808578491211,0.37003156542778015,75k,0.04290771484375,5,False,2.4770925045013428,3.895937204360962,2.7875161170959473,3.6800696849823,2.0239052772521973,3.465712547302246,2.3441379070281982,fleurs_uk,whole_original_recording,7.5,fleurs_uk_67c2c97145359eb3d6b5d976
75k,5.976570129394531,0.0,0,not_scored_no_time_aligned_reference,3.0,0.3140968382358551,12.0,"[""sigmos_overall_below_threshold"", ""sigmos_coloration_below_threshold"", ""ecapa_similarity_below_threshold""]",True,0,[],33.79576873779297,0.5311880111694336,75k,0.042510986328125,6,False,2.3678805828094482,4.422266960144043,2.9030580520629883,4.090948104858398,2.444840669631958,4.066100120544434,3.078145742416382,fleurs_uk,whole_original_recording,9.0,fleurs_uk_67c2c97145359eb3d6b5d976
75k,5.604531764984131,0.0,0,not_scored_no_time_aligned_reference,3.0,0.30744224786758423,13.386666666666667,"[""sigmos_overall_below_threshold"", ""sigmos_speech_below_threshold"", ""sigmos_coloration_below_threshold"", ""ecapa_similarity_below_threshold""]",True,0,[],22.64718246459961,0.5393799543380737,75k,0.041351318359375,7,False,2.8572254180908203,3.9007904529571533,2.8240160942077637,4.075281143188477,2.4198267459869385,3.7888457775115967,2.8605358600616455,fleurs_uk,whole_original_recording,10.386666666666667,fleurs_uk_67c2c97145359eb3d6b5d976
75k,7.197234153747559,0.0,0,not_scored_no_time_aligned_reference,3.0,0.22562316060066223,3.0,"[""local_high_frequency_burst"", ""sigmos_overall_below_threshold"", ""sigmos_speech_below_threshold"", ""sigmos_coloration_below_threshold"", ""ecapa_similarity_below_threshold""]",True,4,"[{""start_seconds"": 0.16, ""end_seconds"": 0.22}, {""start_seconds"": 1.73, ""end_seconds"": 1.79}, {""start_seconds"": 2.2600000000000002, ""end_seconds"": 2.38}, {""start_seconds"": 2.58, ""end_seconds"": 2.6199999999999997}]",31.08690643310547,0.9281315207481384,75k,0.455352783203125,0,False,2.67769718170166,4.150727272033691,3.6132874488830566,3.6393258571624756,2.541182279586792,3.996286392211914,2.871830940246582,opentts_lada,whole_original_recording,0.0,opentts_lada_895ec772c58479ef40c211f8
75k,7.128621578216553,0.0,0,not_scored_no_time_aligned_reference,3.0,0.23679859936237335,4.181333333333333,"[""local_high_frequency_burst"", ""sigmos_overall_below_threshold"", ""sigmos_speech_below_threshold"", ""ecapa_similarity_below_threshold""]",True,5,"[{""start_seconds"": 0.55, ""end_seconds"": 0.61}, {""start_seconds"": 1.08, ""end_seconds"": 1.2}, {""start_seconds"": 1.39, ""end_seconds"": 1.44}, {""start_seconds"": 1.81, ""end_seconds"": 1.91}, {""start_seconds"": 2.2100000000000004, ""end_seconds"": 2.32}]",22.83157730102539,0.9376780390739441,75k,0.455352783203125,1,False,3.1427979469299316,3.7778520584106445,2.9467954635620117,4.01564884185791,2.2680633068084717,4.133155822753906,2.41972279548645,opentts_lada,whole_original_recording,1.1813333333333333,opentts_lada_895ec772c58479ef40c211f8
75k,7.034412384033203,0.0,0,not_scored_no_time_aligned_reference,2.8693333333333335,0.23137757182121277,2.8693333333333335,"[""sigmos_overall_below_threshold"", ""sigmos_speech_below_threshold"", ""ecapa_similarity_below_threshold""]",True,0,[],23.934967041015625,0.321450412273407,75k,0.494598388671875,0,True,3.474393844604492,4.850725173950195,3.154714345932007,4.272801399230957,2.3677778244018555,3.891812801361084,2.5397911071777344,opentts_lada,whole_original_recording,0.0,opentts_lada_0a51f08f878361f67c7b8d39
75k,6.864356517791748,0.0,0,not_scored_no_time_aligned_reference,3.0,0.34770625829696655,3.0,"[""local_high_frequency_burst"", ""sigmos_overall_below_threshold"", ""sigmos_speech_below_threshold"", ""sigmos_coloration_below_threshold"", ""ecapa_similarity_below_threshold""]",True,2,"[{""start_seconds"": 1.42, ""end_seconds"": 1.44}, {""start_seconds"": 1.88, ""end_seconds"": 1.97}]",20.882369995117188,0.8835349678993225,75k,0.42431640625,0,False,2.763355255126953,3.1630492210388184,3.3118815422058105,3.6468005180358887,1.7834959030151367,3.1904714107513428,2.0554752349853516,opentts_lada,whole_original_recording,0.0,opentts_lada_03ff7e81e8e7ddc1ff567207
75k,7.582852363586426,0.0,0,not_scored_no_time_aligned_reference,3.0,0.3142895996570587,4.256,"[""local_high_frequency_burst"", ""sigmos_overall_below_threshold"", ""sigmos_speech_below_threshold"", ""sigmos_coloration_below_threshold"", ""ecapa_similarity_below_threshold""]",True,2,"[{""start_seconds"": 0.16, ""end_seconds"": 0.19}, {""start_seconds"": 0.62, ""end_seconds"": 0.71}]",19.586761474609375,0.8915796279907227,75k,0.42431640625,1,False,2.8215975761413574,3.4321630001068115,3.8734078407287598,3.3476405143737793,2.157464027404785,4.12376594543457,2.395388126373291,opentts_lada,whole_original_recording,1.256,opentts_lada_03ff7e81e8e7ddc1ff567207
75k,7.402510166168213,0.0,0,not_scored_no_time_aligned_reference,3.0,0.21251048147678375,3.0,"[""sigmos_overall_below_threshold"", ""sigmos_speech_below_threshold"", ""sigmos_coloration_below_threshold"", ""ecapa_similarity_below_threshold""]",True,0,[],35.005165100097656,0.2501692473888397,75k,0.405609130859375,0,False,2.838365316390991,3.7979564666748047,3.1419074535369873,3.4239888191223145,2.3101561069488525,3.9879817962646484,2.856552839279175,opentts_lada,whole_original_recording,0.0,opentts_lada_4f6898f32fa7c0bffacc0eb8
75k,7.588070869445801,0.0,0,not_scored_no_time_aligned_reference,3.0,0.20417828857898712,4.5,"[""sigmos_overall_below_threshold"", ""sigmos_speech_below_threshold"", ""ecapa_similarity_below_threshold""]",True,0,[],27.666015625,0.19793111085891724,75k,0.4005126953125,1,False,3.069809675216675,3.252147912979126,3.1912779808044434,3.488751173019409,2.300462007522583,4.0671844482421875,2.697645902633667,opentts_lada,whole_original_recording,1.5,opentts_lada_4f6898f32fa7c0bffacc0eb8
75k,7.271108150482178,0.0,0,not_scored_no_time_aligned_reference,3.0,0.05902112275362015,6.0,"[""sigmos_overall_below_threshold"", ""sigmos_speech_below_threshold"", ""ecapa_similarity_below_threshold""]",True,0,[],5.616111755371094,0.02667860873043537,75k,0.005218505859375,2,False,3.212221145629883,3.6532044410705566,2.457425117492676,3.4780478477478027,1.9519281387329102,3.6718931198120117,2.67809796333313,opentts_lada,whole_original_recording,3.0,opentts_lada_4f6898f32fa7c0bffacc0eb8
75k,7.18117618560791,0.0,0,not_scored_no_time_aligned_reference,3.0,0.0441025011241436,6.346666666666667,"[""sigmos_overall_below_threshold"", ""sigmos_speech_below_threshold"", ""sigmos_coloration_below_threshold"", ""ecapa_similarity_below_threshold""]",True,0,[],1.3239059448242188,0.0032357003074139357,75k,0.005218505859375,3,False,2.481875419616699,3.9058334827423096,1.9271478652954102,3.2479066848754883,1.8021936416625977,3.3235344886779785,2.560030460357666,opentts_lada,whole_original_recording,3.3466666666666667,opentts_lada_4f6898f32fa7c0bffacc0eb8
75k,7.114119529724121,0.0,0,not_scored_no_time_aligned_reference,2.368,0.4253634214401245,2.368,"[""local_high_frequency_burst"", ""sigmos_overall_below_threshold"", ""sigmos_speech_below_threshold"", ""ecapa_similarity_below_threshold""]",True,1,"[{""start_seconds"": 1.51, ""end_seconds"": 1.62}]",34.90874481201172,0.8844850063323975,75k,0.447601318359375,0,True,3.5483908653259277,3.1122844219207764,3.6715598106384277,3.4233667850494385,2.266340732574463,3.879621982574463,2.5939133167266846,opentts_lada,whole_original_recording,0.0,opentts_lada_3f12d88f92635c6568c06e01
75k,7.373157501220703,0.0,0,not_scored_no_time_aligned_reference,2.72,0.17546790838241577,2.72,"[""local_high_frequency_burst"", ""sigmos_overall_below_threshold"", ""sigmos_speech_below_threshold"", ""sigmos_coloration_below_threshold"", ""ecapa_similarity_below_threshold""]",True,2,"[{""start_seconds"": 0.85, ""end_seconds"": 0.95}, {""start_seconds"": 1.91, ""end_seconds"": 1.96}]",36.94938659667969,0.9241099953651428,75k,0.43023681640625,0,True,2.8313889503479004,3.5460143089294434,3.2814877033233643,3.7858028411865234,2.3568873405456543,4.193878173828125,2.6398909091949463,opentts_lada,whole_original_recording,0.0,opentts_lada_98366f80048a9cc5c7db5a69
75k,7.94229793548584,0.0,0,not_scored_no_time_aligned_reference,3.0,0.10869928449392319,3.0,"[""local_high_frequency_burst"", ""sigmos_overall_below_threshold"", ""sigmos_speech_below_threshold"", ""sigmos_discontinuity_below_threshold"", ""ecapa_similarity_below_threshold""]",True,3,"[{""start_seconds"": 1.91, ""end_seconds"": 1.99}, {""start_seconds"": 2.52, ""end_seconds"": 2.5799999999999996}, {""start_seconds"": 2.8000000000000003, ""end_seconds"": 2.96}]",22.122760772705078,0.8954423666000366,75k,0.3170166015625,0,False,3.0015933513641357,2.8702635765075684,3.480330467224121,4.201324462890625,2.2451374530792236,3.049452781677246,2.5971591472625732,opentts_lada,whole_original_recording,0.0,opentts_lada_62b7ba749f09ce58e99f5fa5
75k,7.867125511169434,0.0,0,not_scored_no_time_aligned_reference,3.0,0.12127059698104858,3.8933333333333335,"[""local_high_frequency_burst"", ""sigmos_overall_below_threshold"", ""sigmos_speech_below_threshold"", ""sigmos_discontinuity_below_threshold"", ""ecapa_similarity_below_threshold""]",True,3,"[{""start_seconds"": 1.02, ""end_seconds"": 1.1}, {""start_seconds"": 1.63, ""end_seconds"": 1.69}, {""start_seconds"": 1.91, ""end_seconds"": 2.0599999999999996}]",23.85763168334961,0.8902453184127808,75k,0.3170166015625,1,False,3.3829140663146973,2.6247518062591553,3.6806623935699463,3.7315762042999268,2.4744293689727783,3.569613218307495,2.79923939704895,opentts_lada,whole_original_recording,0.8933333333333333,opentts_lada_62b7ba749f09ce58e99f5fa5
75k,7.220587253570557,0.0,0,not_scored_no_time_aligned_reference,3.0,0.3480159640312195,3.0,"[""local_high_frequency_burst"", ""sigmos_overall_below_threshold"", ""sigmos_speech_below_threshold"", ""sigmos_coloration_below_threshold"", ""ecapa_similarity_below_threshold""]",True,4,"[{""start_seconds"": 0.32, ""end_seconds"": 0.41000000000000003}, {""start_seconds"": 1.11, ""end_seconds"": 1.18}, {""start_seconds"": 1.3699999999999999, ""end_seconds"": 1.42}, {""start_seconds"": 2.1700000000000004, ""end_seconds"": 2.23}]",24.356369018554688,0.9186491370201111,75k,0.437469482421875,0,False,2.988654375076294,4.091394424438477,3.180121660232544,4.110777378082275,2.365264892578125,3.5477781295776367,2.9394009113311768,opentts_lada,whole_original_recording,0.0,opentts_lada_0662ad46c52346128cb62973
75k,7.319435119628906,0.0,0,not_scored_no_time_aligned_reference,3.0,0.33673277497291565,3.456,"[""local_high_frequency_burst"", ""sigmos_overall_below_threshold"", ""sigmos_speech_below_threshold"", ""sigmos_coloration_below_threshold"", ""ecapa_similarity_below_threshold""]",True,4,"[{""start_seconds"": 0.66, ""end_seconds"": 0.73}, {""start_seconds"": 0.91, ""end_seconds"": 0.96}, {""start_seconds"": 1.72, ""end_seconds"": 1.77}, {""start_seconds"": 2.66, ""end_seconds"": 2.75}]",35.33253479003906,0.9248459935188293,75k,0.437469482421875,1,False,2.529484987258911,3.7557532787323,3.577881097793579,3.9866299629211426,2.27612566947937,4.023158073425293,2.7841711044311523,opentts_lada,whole_original_recording,0.456,opentts_lada_0662ad46c52346128cb62973
75k,7.3824310302734375,0.0,0,not_scored_no_time_aligned_reference,2.176,0.161378875374794,2.176,"[""local_high_frequency_burst"", ""sigmos_overall_below_threshold"", ""sigmos_speech_below_threshold"", ""ecapa_similarity_below_threshold""]",True,2,"[{""start_seconds"": 0.79, ""end_seconds"": 0.84}, {""start_seconds"": 1.51, ""end_seconds"": 1.6}]",27.475170135498047,0.8679600954055786,75k,0.488372802734375,0,True,3.108633041381836,4.307951927185059,3.311074733734131,4.338377952575684,2.382251262664795,4.159557819366455,2.9832568168640137,opentts_lada,whole_original_recording,0.0,opentts_lada_d678cf4acf3877e75ae20b50
75k,7.460255146026611,0.0,0,not_scored_no_time_aligned_reference,3.0,0.33399176597595215,3.0,"[""local_high_frequency_burst"", ""sigmos_overall_below_threshold"", ""sigmos_speech_below_threshold"", ""sigmos_coloration_below_threshold"", ""ecapa_similarity_below_threshold""]",True,3,"[{""start_seconds"": 0.95, ""end_seconds"": 1.01}, {""start_seconds"": 1.5, ""end_seconds"": 1.55}, {""start_seconds"": 2.08, ""end_seconds"": 2.17}]",41.98896026611328,0.8567771315574646,75k,0.40948486328125,0,False,2.4279513359069824,3.771357536315918,3.802945613861084,4.071709632873535,2.342690944671631,4.174419403076172,2.836264133453369,opentts_lada,whole_original_recording,0.0,opentts_lada_084278046b1dac222cef1a1b
75k,7.593820571899414,0.0,0,not_scored_no_time_aligned_reference,3.0,0.3096793293952942,3.5946666666666665,"[""local_high_frequency_burst"", ""sigmos_overall_below_threshold"", ""sigmos_speech_below_threshold"", ""ecapa_similarity_below_threshold""]",True,3,"[{""start_seconds"": 0.35, ""end_seconds"": 0.42}, {""start_seconds"": 0.91, ""end_seconds"": 0.96}, {""start_seconds"": 1.48, ""end_seconds"": 1.57}]",40.80970764160156,0.8235554099082947,75k,0.40948486328125,1,False,3.1517488956451416,3.5390913486480713,3.5952768325805664,4.074904441833496,2.3331379890441895,4.358929634094238,2.7918546199798584,opentts_lada,whole_original_recording,0.5946666666666667,opentts_lada_084278046b1dac222cef1a1b
75k,6.715109825134277,0.0,0,not_scored_no_time_aligned_reference,3.0,0.12291089445352554,3.0,"[""local_high_frequency_burst"", ""sigmos_overall_below_threshold"", ""sigmos_speech_below_threshold"", ""ecapa_similarity_below_threshold""]",True,3,"[{""start_seconds"": 0.38, ""end_seconds"": 0.45}, {""start_seconds"": 1.71, ""end_seconds"": 1.82}, {""start_seconds"": 2.33, ""end_seconds"": 2.3499999999999996}]",24.714069366455078,0.9060671329498291,75k,0.447357177734375,0,False,3.0913782119750977,4.200811386108398,3.035242795944214,3.351126194000244,1.900552749633789,3.799751043319702,2.692002534866333,opentts_lada,whole_original_recording,0.0,opentts_lada_711415c65ab804a2a0a9672a
75k,7.104975700378418,0.0,0,not_scored_no_time_aligned_reference,3.0,0.11053624004125595,4.181333333333333,"[""local_high_frequency_burst"", ""sigmos_overall_below_threshold"", ""sigmos_speech_below_threshold"", ""ecapa_similarity_below_threshold""]",True,4,"[{""start_seconds"": 0.53, ""end_seconds"": 0.64}, {""start_seconds"": 2.06, ""end_seconds"": 2.1599999999999997}, {""start_seconds"": 2.2300000000000004, ""end_seconds"": 2.2899999999999996}, {""start_seconds"": 2.4400000000000004, ""end_seconds"": 2.5599999999999996}]",21.9276065826416,0.9413219690322876,75k,0.420867919921875,1,False,3.0114946365356445,3.591733455657959,2.999159097671509,3.6198813915252686,2.2388811111450195,3.737494707107544,2.504085063934326,opentts_lada,whole_original_recording,1.1813333333333333,opentts_lada_711415c65ab804a2a0a9672a
75k,7.460536003112793,0.0,0,not_scored_no_time_aligned_reference,2.2613333333333334,0.3251127004623413,2.2613333333333334,"[""local_high_frequency_burst"", ""sigmos_overall_below_threshold"", ""sigmos_speech_below_threshold"", ""sigmos_coloration_below_threshold"", ""ecapa_similarity_below_threshold""]",True,1,"[{""start_seconds"": 1.65, ""end_seconds"": 1.74}]",23.901744842529297,0.9029924273490906,75k,0.248870849609375,0,True,2.748976707458496,3.801271677017212,3.134209394454956,3.548088788986206,2.6535110473632812,3.519465684890747,2.9859871864318848,opentts_mykyta,whole_original_recording,0.0,opentts_mykyta_3cfe71029778dc75286e6568
75k,7.274939060211182,0.0,0,not_scored_no_time_aligned_reference,2.005333333333333,0.3235442638397217,2.005333333333333,"[""local_high_frequency_burst"", ""sigmos_overall_below_threshold"", ""sigmos_speech_below_threshold"", ""sigmos_coloration_below_threshold"", ""ecapa_similarity_below_threshold""]",True,1,"[{""start_seconds"": 1.3699999999999999, ""end_seconds"": 1.51}]",30.800048828125,0.8718374967575073,75k,0.221954345703125,0,True,2.8490712642669678,3.072099208831787,3.4440290927886963,3.6180715560913086,2.4996836185455322,2.4446663856506348,2.666381597518921,opentts_mykyta,whole_original_recording,0.0,opentts_mykyta_f7e6c7e1532a595b707f9d2b
75k,7.015072822570801,0.0,0,not_scored_no_time_aligned_reference,3.0,0.30209705233573914,3.0,"[""local_high_frequency_burst"", ""ecapa_similarity_below_threshold""]",True,2,"[{""start_seconds"": 1.46, ""end_seconds"": 1.51}, {""start_seconds"": 1.77, ""end_seconds"": 1.86}]",26.782821655273438,0.803327739238739,75k,0.223663330078125,0,False,3.122117042541504,4.241044998168945,3.8938984870910645,4.260437965393066,3.130384922027588,3.9051496982574463,3.5325350761413574,opentts_mykyta,whole_original_recording,0.0,opentts_mykyta_18fac11688c53adf4ff7227a
75k,7.32268762588501,0.0,0,not_scored_no_time_aligned_reference,3.0,0.344539999961853,4.5,"[""local_high_frequency_burst"", ""sigmos_overall_below_threshold"", ""sigmos_coloration_below_threshold"", ""ecapa_similarity_below_threshold""]",True,3,"[{""start_seconds"": 0.27, ""end_seconds"": 0.36}, {""start_seconds"": 2.0500000000000003, ""end_seconds"": 2.1599999999999997}, {""start_seconds"": 2.5, ""end_seconds"": 2.57}]",24.55126190185547,0.853475034236908,75k,0.203338623046875,1,False,2.94494366645813,3.3784821033477783,4.039669036865234,3.6436116695404053,2.79903507232666,4.111149787902832,3.4296276569366455,opentts_mykyta,whole_original_recording,1.5,opentts_mykyta_18fac11688c53adf4ff7227a
75k,7.36525821685791,0.0,0,not_scored_no_time_aligned_reference,3.0,0.39633870124816895,5.749333333333333,"[""local_high_frequency_burst"", ""sigmos_overall_below_threshold"", ""sigmos_coloration_below_threshold"", ""ecapa_similarity_below_threshold""]",True,3,"[{""start_seconds"": 0.8, ""end_seconds"": 0.91}, {""start_seconds"": 1.25, ""end_seconds"": 1.32}, {""start_seconds"": 2.25, ""end_seconds"": 2.36}]",34.39430236816406,0.8630040884017944,75k,0.203338623046875,2,False,2.3882882595062256,4.118892192840576,4.12314510345459,3.564577341079712,2.7630255222320557,4.332200050354004,3.275477886199951,opentts_mykyta,whole_original_recording,2.7493333333333334,opentts_mykyta_18fac11688c53adf4ff7227a
75k,7.627025127410889,0.0,0,not_scored_no_time_aligned_reference,1.7386666666666666,0.24896760284900665,1.7386666666666666,"[""local_high_frequency_burst"", ""sigmos_overall_below_threshold"", ""ecapa_similarity_below_threshold""]",True,1,"[{""start_seconds"": 0.9, ""end_seconds"": 1.08}]",45.093955993652344,0.8628994822502136,75k,0.39825439453125,0,True,4.045019149780273,3.7302331924438477,3.9908225536346436,4.079848289489746,2.976435899734497,3.6056408882141113,3.633479356765747,opentts_mykyta,whole_original_recording,0.0,opentts_mykyta_cac2b4f75c8cdeb7fb0eb9c2
75k,6.938693523406982,0.0,0,not_scored_no_time_aligned_reference,2.1226666666666665,0.22015486657619476,2.1226666666666665,"[""ecapa_similarity_below_threshold""]",True,0,[],29.450820922851562,0.29122209548950195,75k,0.135955810546875,0,True,3.061403751373291,3.6903421878814697,3.9122555255889893,3.9421892166137695,3.103074073791504,3.7442915439605713,3.3283188343048096,opentts_mykyta,whole_original_recording,0.0,opentts_mykyta_e1b43c1007a9fdaca1fe7af8
75k,7.492087364196777,0.0,0,not_scored_no_time_aligned_reference,2.016,0.2512741684913635,2.016,"[""local_high_frequency_burst"", ""ecapa_similarity_below_threshold""]",True,1,"[{""start_seconds"": 1.49, ""end_seconds"": 1.57}]",31.21240997314453,0.9009069204330444,75k,0.209136962890625,0,True,3.612494945526123,4.01743221282959,4.310836315155029,4.205259323120117,3.717317819595337,4.320980072021484,4.150572776794434,opentts_mykyta,whole_original_recording,0.0,opentts_mykyta_6c752b188ec3ba596f61f823
75k,7.351761817932129,0.0,0,not_scored_no_time_aligned_reference,2.6453333333333333,0.2311960607767105,2.6453333333333333,"[""local_high_frequency_burst"", ""sigmos_overall_below_threshold"", ""ecapa_similarity_below_threshold""]",True,1,"[{""start_seconds"": 0.25, ""end_seconds"": 0.3}]",49.43415451049805,0.5720080733299255,75k,0.3194580078125,0,True,3.1618130207061768,4.28134822845459,3.8871402740478516,4.052459716796875,2.8959665298461914,3.8946428298950195,3.29547119140625,opentts_mykyta,whole_original_recording,0.0,opentts_mykyta_41ce75384704cf49b41d0d0c
75k,7.2928314208984375,0.0,0,not_scored_no_time_aligned_reference,3.0,0.13162390887737274,3.0,"[""local_high_frequency_burst"", ""sigmos_overall_below_threshold"", ""sigmos_speech_below_threshold"", ""ecapa_similarity_below_threshold""]",True,3,"[{""start_seconds"": 0.5, ""end_seconds"": 0.6}, {""start_seconds"": 0.74, ""end_seconds"": 0.8200000000000001}, {""start_seconds"": 1.58, ""end_seconds"": 1.64}]",22.105579376220703,0.8725262880325317,75k,0.193572998046875,0,False,3.1559956073760986,3.4363763332366943,3.3502135276794434,3.7081010341644287,2.6783366203308105,3.4736721515655518,2.8415980339050293,opentts_mykyta,whole_original_recording,0.0,opentts_mykyta_e7f36626bee9886eb7ee3b87
75k,7.160140514373779,0.0,0,not_scored_no_time_aligned_reference,3.0,0.22829535603523254,4.5,"[""local_high_frequency_burst"", ""sigmos_overall_below_threshold"", ""ecapa_similarity_below_threshold""]",True,1,"[{""start_seconds"": 0.08, ""end_seconds"": 0.14}]",36.21350860595703,0.7021716237068176,75k,0.193572998046875,1,False,3.7383246421813965,3.7174110412597656,3.6059396266937256,4.16928768157959,2.9649415016174316,3.8732833862304688,3.2507729530334473,opentts_mykyta,whole_original_recording,1.5,opentts_mykyta_e7f36626bee9886eb7ee3b87
75k,7.221006393432617,0.0,0,not_scored_no_time_aligned_reference,3.0,0.22982487082481384,4.554666666666667,"[""ecapa_similarity_below_threshold""]",True,0,[],37.47261047363281,0.6819866895675659,75k,0.193572998046875,2,False,3.235710620880127,4.12226676940918,3.61331844329834,4.496633529663086,3.0902318954467773,4.3347272872924805,3.4140279293060303,opentts_mykyta,whole_original_recording,1.5546666666666666,opentts_mykyta_e7f36626bee9886eb7ee3b87
75k,7.20333194732666,0.0,0,not_scored_no_time_aligned_reference,2.08,0.2651522159576416,2.08,"[""local_high_frequency_burst"", ""ecapa_similarity_below_threshold""]",True,2,"[{""start_seconds"": 0.98, ""end_seconds"": 1.08}, {""start_seconds"": 1.6199999999999999, ""end_seconds"": 1.69}]",28.82617950439453,0.7988256812095642,75k,0.251495361328125,0,True,3.2549984455108643,4.635464668273926,3.5351991653442383,4.171341896057129,3.3920068740844727,4.4043073654174805,3.8771004676818848,opentts_mykyta,whole_original_recording,0.0,opentts_mykyta_c2f414fc0fe7a2a70b94b0fc
75k,7.452697277069092,0.0,0,not_scored_no_time_aligned_reference,3.0,0.30778977274894714,3.0,"[""local_high_frequency_burst"", ""sigmos_overall_below_threshold"", ""ecapa_similarity_below_threshold""]",True,4,"[{""start_seconds"": 0.54, ""end_seconds"": 0.64}, {""start_seconds"": 1.34, ""end_seconds"": 1.42}, {""start_seconds"": 2.5100000000000002, ""end_seconds"": 2.5799999999999996}, {""start_seconds"": 2.8600000000000003, ""end_seconds"": 2.96}]",31.416961669921875,0.8920007944107056,75k,0.21484375,0,False,3.5411298274993896,4.116992950439453,4.052441596984863,3.983994483947754,2.967343807220459,4.2585530281066895,3.284273386001587,opentts_mykyta,whole_original_recording,0.0,opentts_mykyta_4c8852d972aac68c073f1810
75k,7.555283546447754,0.0,0,not_scored_no_time_aligned_reference,3.0,0.4144529402256012,3.8826666666666667,"[""local_high_frequency_burst"", ""ecapa_similarity_below_threshold""]",True,3,"[{""start_seconds"": 0.45999999999999996, ""end_seconds"": 0.55}, {""start_seconds"": 1.63, ""end_seconds"": 1.7}, {""start_seconds"": 1.98, ""end_seconds"": 2.0799999999999996}]",31.025634765625,0.8108896017074585,75k,0.163421630859375,1,False,3.0983238220214844,4.104462146759033,4.195244789123535,4.005361557006836,3.1973304748535156,4.494019508361816,3.755844831466675,opentts_mykyta,whole_original_recording,0.8826666666666667,opentts_mykyta_4c8852d972aac68c073f1810
75k,7.506179332733154,0.0,0,not_scored_no_time_aligned_reference,1.8666666666666667,0.35823822021484375,1.8666666666666667,"[""sigmos_overall_below_threshold"", ""sigmos_speech_below_threshold"", ""sigmos_coloration_below_threshold"", ""ecapa_similarity_below_threshold""]",True,0,[],24.384124755859375,0.2643679976463318,75k,0.308197021484375,0,True,2.6055989265441895,3.830498456954956,3.5707902908325195,3.619018316268921,2.918896198272705,3.2122132778167725,2.946877956390381,opentts_mykyta,whole_original_recording,0.0,opentts_mykyta_09c96b64ccb1a8b04800b653
75k,6.82444953918457,0.0,0,not_scored_no_time_aligned_reference,3.0,0.2616809010505676,3.0,"[""local_high_frequency_burst"", ""sigmos_overall_below_threshold"", ""sigmos_speech_below_threshold"", ""ecapa_similarity_below_threshold""]",True,1,"[{""start_seconds"": 2.3000000000000003, ""end_seconds"": 2.3899999999999997}]",27.727149963378906,0.8739482164382935,75k,0.2030029296875,0,False,3.4006314277648926,3.817270278930664,3.477116346359253,3.882302761077881,2.6579530239105225,3.6753222942352295,2.9347214698791504,opentts_tetiana,whole_original_recording,0.0,opentts_tetiana_88d98a6a4cea4fe77639349f
75k,7.083446502685547,0.0,0,not_scored_no_time_aligned_reference,3.0,0.333873450756073,4.5,"[""local_high_frequency_burst"", ""sigmos_overall_below_threshold"", ""sigmos_speech_below_threshold"", ""sigmos_coloration_below_threshold"", ""ecapa_similarity_below_threshold""]",True,1,"[{""start_seconds"": 0.8, ""end_seconds"": 0.89}]",25.377643585205078,0.8739482164382935,75k,0.202056884765625,1,False,1.9424479007720947,3.890089988708496,3.6829683780670166,4.016783714294434,2.220824718475342,4.096723556518555,2.6542744636535645,opentts_tetiana,whole_original_recording,1.5,opentts_tetiana_88d98a6a4cea4fe77639349f
75k,7.177846908569336,0.0,0,not_scored_no_time_aligned_reference,3.0,0.37067562341690063,5.6,"[""local_high_frequency_burst"", ""sigmos_overall_below_threshold"", ""sigmos_speech_below_threshold"", ""sigmos_coloration_below_threshold"", ""ecapa_similarity_below_threshold""]",True,1,"[{""start_seconds"": 2.4400000000000004, ""end_seconds"": 2.55}]",24.57823944091797,0.8940232992172241,75k,0.202056884765625,2,False,2.7552311420440674,3.972172737121582,3.249072551727295,3.815617799758911,2.5612337589263916,4.225794792175293,2.779270887374878,opentts_tetiana,whole_original_recording,2.6,opentts_tetiana_88d98a6a4cea4fe77639349f
75k,6.69321346282959,0.0,0,not_scored_no_time_aligned_reference,3.0,0.44853442907333374,3.0,"[""local_high_frequency_burst"", ""sigmos_overall_below_threshold"", ""sigmos_speech_below_threshold"", ""sigmos_coloration_below_threshold"", ""ecapa_similarity_below_threshold""]",True,3,"[{""start_seconds"": 0.96, ""end_seconds"": 1.03}, {""start_seconds"": 1.1, ""end_seconds"": 1.18}, {""start_seconds"": 1.83, ""end_seconds"": 1.91}]",38.633182525634766,0.9215002655982971,75k,0.180419921875,0,False,2.5646564960479736,3.4367880821228027,3.7918460369110107,4.214321136474609,2.478193521499634,3.7207164764404297,2.8320493698120117,opentts_tetiana,whole_original_recording,0.0,opentts_tetiana_7a3d5f861fd8ad8683c1c939
75k,7.079512119293213,0.0,0,not_scored_no_time_aligned_reference,3.0,0.3899554908275604,4.5,"[""local_high_frequency_burst"", ""sigmos_coloration_below_threshold"", ""ecapa_similarity_below_threshold""]",True,3,"[{""start_seconds"": 0.33, ""end_seconds"": 0.41000000000000003}, {""start_seconds"": 2.1700000000000004, ""end_seconds"": 2.2899999999999996}, {""start_seconds"": 2.6900000000000004, ""end_seconds"": 2.7199999999999998}]",24.78197479248047,0.8989586234092712,75k,0.160675048828125,1,False,2.779428720474243,4.588065147399902,4.352100372314453,3.64573073387146,3.045912742614746,4.433582305908203,3.4553446769714355,opentts_tetiana,whole_original_recording,1.5,opentts_tetiana_7a3d5f861fd8ad8683c1c939
75k,7.275132656097412,0.0,0,not_scored_no_time_aligned_reference,3.0,0.44076600670814514,4.992,"[""local_high_frequency_burst"", ""sigmos_overall_below_threshold"", ""ecapa_similarity_below_threshold""]",True,2,"[{""start_seconds"": 1.68, ""end_seconds"": 1.79}, {""start_seconds"": 2.2, ""end_seconds"": 2.23}]",27.22016143798828,0.8979514837265015,75k,0.160675048828125,2,False,3.250023365020752,4.528753757476807,3.7597177028656006,3.9041941165924072,2.9878218173980713,4.655887603759766,3.382535457611084,opentts_tetiana,whole_original_recording,1.992,opentts_tetiana_7a3d5f861fd8ad8683c1c939
75k,7.086709022521973,0.0,0,not_scored_no_time_aligned_reference,2.7306666666666666,0.4143679738044739,2.7306666666666666,"[""local_high_frequency_burst"", ""sigmos_overall_below_threshold"", ""sigmos_speech_below_threshold"", ""sigmos_coloration_below_threshold"", ""ecapa_similarity_below_threshold""]",True,4,"[{""start_seconds"": 0.92, ""end_seconds"": 1.0}, {""start_seconds"": 1.74, ""end_seconds"": 1.8}, {""start_seconds"": 1.94, ""end_seconds"": 2.0}, {""start_seconds"": 2.1, ""end_seconds"": 2.17}]",24.224491119384766,0.9270885586738586,75k,0.216522216796875,0,True,2.231961727142334,3.0391454696655273,3.6086106300354004,3.9046471118927,1.635066270828247,3.4776599407196045,2.059180974960327,opentts_tetiana,whole_original_recording,0.0,opentts_tetiana_eafdc1b4bd0bf7b30f79865c
75k,7.100727081298828,0.0,0,not_scored_no_time_aligned_reference,3.0,0.47443464398384094,3.0,"[""local_high_frequency_burst"", ""sigmos_overall_below_threshold"", ""sigmos_speech_below_threshold"", ""sigmos_discontinuity_below_threshold"", ""ecapa_similarity_below_threshold""]",True,4,"[{""start_seconds"": 0.36, ""end_seconds"": 0.42}, {""start_seconds"": 0.74, ""end_seconds"": 0.81}, {""start_seconds"": 0.95, ""end_seconds"": 0.97}, {""start_seconds"": 1.8, ""end_seconds"": 1.91}]",32.55725860595703,0.8866024613380432,75k,0.21612548828125,0,False,3.0885417461395264,2.8921256065368652,3.8971149921417236,3.3786985874176025,2.5446691513061523,3.736654043197632,2.595271348953247,opentts_tetiana,whole_original_recording,0.0,opentts_tetiana_7a6a7481c484173c5e147f52
75k,7.135683536529541,0.0,0,not_scored_no_time_aligned_reference,3.0,0.4615209996700287,4.405333333333333,"[""local_high_frequency_burst"", ""sigmos_overall_below_threshold"", ""sigmos_discontinuity_below_threshold"", ""ecapa_similarity_below_threshold""]",True,1,"[{""start_seconds"": 0.39999999999999997, ""end_seconds"": 0.5}]",32.76803970336914,0.9006015658378601,75k,0.20208740234375,1,False,3.0750882625579834,2.8672337532043457,3.7473278045654297,3.512155294418335,2.660723924636841,3.9812796115875244,3.054651975631714,opentts_tetiana,whole_original_recording,1.4053333333333333,opentts_tetiana_7a6a7481c484173c5e147f52
75k,7.5160746574401855,0.0,0,not_scored_no_time_aligned_reference,2.9013333333333335,0.5171120166778564,2.9013333333333335,"[""local_high_frequency_burst"", ""sigmos_overall_below_threshold"", ""sigmos_speech_below_threshold"", ""ecapa_similarity_below_threshold""]",True,1,"[{""start_seconds"": 1.81, ""end_seconds"": 1.85}]",31.883068084716797,0.5851836204528809,75k,0.203094482421875,0,True,3.1809942722320557,3.9159188270568848,3.1848599910736084,4.486788749694824,2.5073049068450928,3.866332769393921,2.6510684490203857,opentts_tetiana,whole_original_recording,0.0,opentts_tetiana_9bdcd2e0876228264c2a5bfb
75k,7.073702335357666,0.0,0,not_scored_no_time_aligned_reference,3.0,0.40666553378105164,3.0,"[""local_high_frequency_burst"", ""sigmos_overall_below_threshold"", ""sigmos_speech_below_threshold"", ""sigmos_coloration_below_threshold"", ""ecapa_similarity_below_threshold""]",True,1,"[{""start_seconds"": 0.86, ""end_seconds"": 0.9}]",29.842838287353516,0.5316206216812134,75k,0.210479736328125,0,False,2.750084638595581,3.872091054916382,3.4397077560424805,3.8371829986572266,2.2058603763580322,4.071475982666016,2.7436962127685547,opentts_tetiana,whole_original_recording,0.0,opentts_tetiana_951e7f522ed9bfd1a4a521d3
75k,7.203282833099365,0.0,0,not_scored_no_time_aligned_reference,3.0,0.3875296115875244,3.072,"[""local_high_frequency_burst"", ""sigmos_overall_below_threshold"", ""sigmos_speech_below_threshold"", ""sigmos_coloration_below_threshold"", ""ecapa_similarity_below_threshold""]",True,1,"[{""start_seconds"": 0.79, ""end_seconds"": 0.81}]",30.050613403320312,0.5041020512580872,75k,0.210479736328125,1,False,2.8463122844696045,3.5578155517578125,3.938793897628784,3.4308419227600098,1.9183683395385742,4.217879772186279,2.3855202198028564,opentts_tetiana,whole_original_recording,0.072,opentts_tetiana_951e7f522ed9bfd1a4a521d3
75k,7.235560894012451,0.0,0,not_scored_no_time_aligned_reference,3.0,0.39457377791404724,3.0,"[""local_high_frequency_burst"", ""sigmos_overall_below_threshold"", ""sigmos_speech_below_threshold"", ""ecapa_similarity_below_threshold""]",True,5,"[{""start_seconds"": 0.16999999999999998, ""end_seconds"": 0.25}, {""start_seconds"": 1.36, ""end_seconds"": 1.44}, {""start_seconds"": 1.98, ""end_seconds"": 2.0599999999999996}, {""start_seconds"": 2.2600000000000002, ""end_seconds"": 2.28}, {""start_seconds"": 2.77, ""end_seconds"": 2.8699999999999997}]",32.9741096496582,0.9397282004356384,75k,0.244384765625,0,False,3.003926992416382,3.562779426574707,3.9279887676239014,3.9720256328582764,2.3258044719696045,3.80705189704895,2.6101415157318115,opentts_tetiana,whole_original_recording,0.0,opentts_tetiana_13b0b750996ccf20d718f422
75k,7.348202705383301,0.0,0,not_scored_no_time_aligned_reference,3.0,0.3971949517726898,3.072,"[""local_high_frequency_burst"", ""sigmos_overall_below_threshold"", ""sigmos_speech_below_threshold"", ""ecapa_similarity_below_threshold""]",True,5,"[{""start_seconds"": 0.1, ""end_seconds"": 0.17}, {""start_seconds"": 1.29, ""end_seconds"": 1.37}, {""start_seconds"": 1.91, ""end_seconds"": 1.99}, {""start_seconds"": 2.18, ""end_seconds"": 2.21}, {""start_seconds"": 2.6900000000000004, ""end_seconds"": 2.8}]",34.810447692871094,0.9325556755065918,75k,0.244384765625,1,False,3.129875898361206,4.383520126342773,3.9430692195892334,4.154017448425293,2.2797062397003174,3.5596768856048584,2.452255964279175,opentts_tetiana,whole_original_recording,0.072,opentts_tetiana_13b0b750996ccf20d718f422
75k,6.905027389526367,0.0,0,not_scored_no_time_aligned_reference,2.816,0.4300897717475891,2.816,"[""ecapa_similarity_below_threshold""]",True,0,[],20.95737075805664,0.17753960192203522,75k,0.230804443359375,0,True,3.1612091064453125,3.2404532432556152,3.2471401691436768,3.3659636974334717,3.083854913711548,3.5550506114959717,3.252293586730957,opentts_tetiana,whole_original_recording,0.0,opentts_tetiana_940d13e97ac3739264027997
75k,7.125279426574707,0.0,0,not_scored_no_time_aligned_reference,3.0,0.4991011619567871,3.0,"[""local_high_frequency_burst"", ""sigmos_overall_below_threshold"", ""sigmos_speech_below_threshold"", ""sigmos_coloration_below_threshold"", ""ecapa_similarity_below_threshold""]",True,1,"[{""start_seconds"": 1.32, ""end_seconds"": 1.4}]",22.743179321289062,0.8664157390594482,75k,0.20208740234375,0,False,2.903722047805786,3.730368137359619,3.9356422424316406,4.194710731506348,2.3847928047180176,3.762500286102295,2.581186056137085,opentts_tetiana,whole_original_recording,0.0,opentts_tetiana_671bd81fff59349210ecd0c9
75k,7.235976696014404,0.0,0,not_scored_no_time_aligned_reference,3.0,0.5239983201026917,3.328,"[""local_high_frequency_burst"", ""sigmos_overall_below_threshold"", ""sigmos_speech_below_threshold"", ""sigmos_coloration_below_threshold"", ""ecapa_similarity_below_threshold""]",True,1,"[{""start_seconds"": 0.99, ""end_seconds"": 1.08}]",22.019207000732422,0.865551769733429,75k,0.20208740234375,1,False,2.703646183013916,3.545189380645752,3.788020133972168,3.9025375843048096,2.310077428817749,3.8265349864959717,2.5407018661499023,opentts_tetiana,whole_original_recording,0.328,opentts_tetiana_671bd81fff59349210ecd0c9
75k,6.943852424621582,0.0,0,not_scored_no_time_aligned_reference,3.0,0.457839697599411,3.0,"[""local_high_frequency_burst"", ""sigmos_overall_below_threshold"", ""sigmos_speech_below_threshold"", ""sigmos_coloration_below_threshold"", ""ecapa_similarity_below_threshold""]",True,2,"[{""start_seconds"": 1.15, ""end_seconds"": 1.17}, {""start_seconds"": 2.7100000000000004, ""end_seconds"": 2.8}]",34.06346893310547,0.8973461389541626,75k,0.1947021484375,0,False,2.9312257766723633,3.532132387161255,3.3904762268066406,4.331521987915039,2.4248006343841553,4.1557135581970215,2.708292007446289,opentts_tetiana,whole_original_recording,0.0,opentts_tetiana_0a4f4eeb4c084d7aa9a1f264
75k,6.9931535720825195,0.0,0,not_scored_no_time_aligned_reference,3.0,0.4331634044647217,3.7546666666666666,"[""local_high_frequency_burst"", ""sigmos_overall_below_threshold"", ""ecapa_similarity_below_threshold""]",True,2,"[{""start_seconds"": 0.39999999999999997, ""end_seconds"": 0.42}, {""start_seconds"": 1.96, ""end_seconds"": 2.05}]",28.464813232421875,0.9074860215187073,75k,0.1868896484375,1,False,3.1271615028381348,3.502371072769165,3.381983995437622,3.831989288330078,2.64691424369812,3.7394182682037354,3.016467809677124,opentts_tetiana,whole_original_recording,0.7546666666666667,opentts_tetiana_0a4f4eeb4c084d7aa9a1f264
75k,6.476076126098633,0.0,0,not_scored_no_time_aligned_reference,3.0,0.42231103777885437,3.0,"[""sigmos_overall_below_threshold"", ""ecapa_similarity_below_threshold""]",True,0,[],20.778202056884766,0.3994966745376587,75k,0.38629150390625,0,False,3.04575777053833,4.177468299865723,3.5584683418273926,3.973337173461914,2.7856998443603516,3.315342664718628,3.068264961242676,opentts_tetiana,whole_original_recording,0.0,opentts_tetiana_2a9b64026a8f8317f3b1e138
75k,7.1654953956604,0.0,0,not_scored_no_time_aligned_reference,3.0,0.49050280451774597,4.5,"[""sigmos_overall_below_threshold"", ""sigmos_speech_below_threshold"", ""sigmos_coloration_below_threshold"", ""ecapa_similarity_below_threshold""]",True,0,[],20.0054931640625,0.3994966745376587,75k,0.352508544921875,1,False,2.729229211807251,3.5605170726776123,3.45434308052063,3.5519049167633057,2.4178555011749268,3.712843179702759,2.7627716064453125,opentts_tetiana,whole_original_recording,1.5,opentts_tetiana_2a9b64026a8f8317f3b1e138
75k,7.136618137359619,0.0,0,not_scored_no_time_aligned_reference,3.0,0.37392571568489075,4.96,"[""sigmos_overall_below_threshold"", ""sigmos_speech_below_threshold"", ""sigmos_coloration_below_threshold"", ""ecapa_similarity_below_threshold""]",True,0,[],20.0054931640625,0.01851181499660015,75k,0.352508544921875,2,False,2.357017993927002,3.8544743061065674,3.5894153118133545,3.7812108993530273,2.6822361946105957,3.6606075763702393,2.9710888862609863,opentts_tetiana,whole_original_recording,1.96,opentts_tetiana_2a9b64026a8f8317f3b1e138
75k,6.914342880249023,0.0,0,not_scored_no_time_aligned_reference,3.0,0.21405939757823944,3.0,"[""local_high_frequency_burst"", ""sigmos_overall_below_threshold"", ""sigmos_speech_below_threshold"", ""sigmos_coloration_below_threshold"", ""ecapa_similarity_below_threshold""]",True,2,"[{""start_seconds"": 1.6199999999999999, ""end_seconds"": 1.67}, {""start_seconds"": 2.2, ""end_seconds"": 2.3}]",31.64190673828125,0.9005235433578491,75k,0.394989013671875,0,False,2.6638758182525635,4.061013221740723,3.331728458404541,4.201220512390137,2.3124802112579346,4.223848342895508,2.675807237625122,tg_voices_uk,whole_original_recording,0.0,tg_voices_uk_d5269cb157cc6c1a0a14a13e
75k,7.100168704986572,0.0,0,not_scored_no_time_aligned_reference,3.0,0.25014594197273254,4.5,"[""local_high_frequency_burst"", ""sigmos_overall_below_threshold"", ""sigmos_coloration_below_threshold"", ""ecapa_similarity_below_threshold""]",True,3,"[{""start_seconds"": 0.12000000000000001, ""end_seconds"": 0.17}, {""start_seconds"": 0.7, ""end_seconds"": 0.8}, {""start_seconds"": 1.85, ""end_seconds"": 1.97}]",31.64190673828125,0.9005235433578491,75k,0.256683349609375,1,False,2.614522695541382,4.058917999267578,3.6893653869628906,3.3893144130706787,2.333245277404785,4.149682998657227,3.048349380493164,tg_voices_uk,whole_original_recording,1.5,tg_voices_uk_d5269cb157cc6c1a0a14a13e
75k,7.142640590667725,0.0,0,not_scored_no_time_aligned_reference,3.0,0.2450283169746399,4.554666666666667,"[""local_high_frequency_burst"", ""sigmos_overall_below_threshold"", ""sigmos_coloration_below_threshold"", ""ecapa_similarity_below_threshold""]",True,3,"[{""start_seconds"": 0.07, ""end_seconds"": 0.12}, {""start_seconds"": 0.64, ""end_seconds"": 0.74}, {""start_seconds"": 1.79, ""end_seconds"": 1.91}]",31.589447021484375,0.8990302085876465,75k,0.256683349609375,2,False,2.920466423034668,3.652304172515869,3.61724853515625,3.6091504096984863,2.7873165607452393,4.0724687576293945,3.2317655086517334,tg_voices_uk,whole_original_recording,1.5546666666666666,tg_voices_uk_d5269cb157cc6c1a0a14a13e
75k,6.848003387451172,0.0,0,not_scored_no_time_aligned_reference,3.0,0.3055192232131958,3.0,"[""local_high_frequency_burst"", ""sigmos_overall_below_threshold"", ""sigmos_speech_below_threshold"", ""ecapa_similarity_below_threshold""]",True,2,"[{""start_seconds"": 0.65, ""end_seconds"": 0.6900000000000001}, {""start_seconds"": 1.99, ""end_seconds"": 2.09}]",34.268314361572266,0.9100242853164673,75k,0.625030517578125,0,False,3.184617280960083,3.3750600814819336,3.4649879932403564,3.462130069732666,2.6943392753601074,3.3325562477111816,2.8390369415283203,tg_voices_uk,whole_original_recording,0.0,tg_voices_uk_a0e8900641824571beaf0652
75k,6.849064350128174,0.0,0,not_scored_no_time_aligned_reference,3.0,0.2717612385749817,4.5,"[""local_high_frequency_burst"", ""sigmos_overall_below_threshold"", ""sigmos_speech_below_threshold"", ""sigmos_coloration_below_threshold"", ""ecapa_similarity_below_threshold""]",True,1,"[{""start_seconds"": 0.49, ""end_seconds"": 0.59}]",31.775623321533203,0.9100242853164673,75k,0.52874755859375,1,False,2.6224968433380127,3.7553024291992188,3.92238187789917,3.572383165359497,2.372901201248169,3.8908088207244873,2.4292712211608887,tg_voices_uk,whole_original_recording,1.5,tg_voices_uk_a0e8900641824571beaf0652
75k,7.070309162139893,0.0,0,not_scored_no_time_aligned_reference,3.0,0.20764592289924622,5.066666666666666,"[""local_high_frequency_burst"", ""sigmos_overall_below_threshold"", ""sigmos_speech_below_threshold"", ""sigmos_coloration_below_threshold"", ""ecapa_similarity_below_threshold""]",True,1,"[{""start_seconds"": 1.8699999999999999, ""end_seconds"": 1.89}]",31.843215942382812,0.9137800335884094,75k,0.52874755859375,2,False,2.9777004718780518,3.664243221282959,3.371333360671997,3.8131139278411865,2.535261631011963,4.402278900146484,2.531834363937378,tg_voices_uk,whole_original_recording,2.066666666666667,tg_voices_uk_a0e8900641824571beaf0652
75k,6.768328666687012,0.0,0,not_scored_no_time_aligned_reference,3.0,0.36188435554504395,3.0,"[""local_high_frequency_burst"", ""sigmos_overall_below_threshold"", ""sigmos_speech_below_threshold"", ""ecapa_similarity_below_threshold""]",True,1,"[{""start_seconds"": 0.16999999999999998, ""end_seconds"": 0.21000000000000002}]",49.713966369628906,0.6595993041992188,75k,0.412078857421875,0,False,3.2816009521484375,3.8982746601104736,3.89575457572937,4.394017219543457,2.4148123264312744,4.013066291809082,2.7107324600219727,tg_voices_uk,whole_original_recording,0.0,tg_voices_uk_8cef74ffc5890af5678085c6
75k,6.765636920928955,0.0,0,not_scored_no_time_aligned_reference,3.0,0.29846665263175964,4.5,"[""local_high_frequency_burst"", ""sigmos_overall_below_threshold"", ""ecapa_similarity_below_threshold""]",True,2,"[{""start_seconds"": 1.89, ""end_seconds"": 1.97}, {""start_seconds"": 2.68, ""end_seconds"": 2.73}]",31.785724639892578,0.866658091545105,75k,0.357452392578125,1,False,3.3120691776275635,3.4678304195404053,3.606865167617798,4.149107456207275,2.6489064693450928,3.614079475402832,3.066127061843872,tg_voices_uk,whole_original_recording,1.5,tg_voices_uk_8cef74ffc5890af5678085c6
75k,6.92351770401001,0.0,0,not_scored_no_time_aligned_reference,3.0,0.29886457324028015,5.525333333333333,"[""local_high_frequency_burst"", ""sigmos_overall_below_threshold"", ""sigmos_speech_below_threshold"", ""sigmos_coloration_below_threshold"", ""ecapa_similarity_below_threshold""]",True,3,"[{""start_seconds"": 0.86, ""end_seconds"": 0.9400000000000001}, {""start_seconds"": 1.66, ""end_seconds"": 1.71}, {""start_seconds"": 2.1900000000000004, ""end_seconds"": 2.2699999999999996}]",32.238441467285156,0.869633138179779,75k,0.357452392578125,2,False,2.5809762477874756,3.281008005142212,3.3931844234466553,3.9638559818267822,2.061004161834717,3.158214807510376,2.25095796585083,tg_voices_uk,whole_original_recording,2.525333333333333,tg_voices_uk_8cef74ffc5890af5678085c6
75k,6.812936782836914,0.0,0,not_scored_no_time_aligned_reference,3.0,0.3724212944507599,3.0,"[""local_high_frequency_burst"", ""sigmos_overall_below_threshold"", ""sigmos_discontinuity_below_threshold"", ""ecapa_similarity_below_threshold""]",True,4,"[{""start_seconds"": 0.52, ""end_seconds"": 0.64}, {""start_seconds"": 1.03, ""end_seconds"": 1.11}, {""start_seconds"": 1.13, ""end_seconds"": 1.16}, {""start_seconds"": 1.67, ""end_seconds"": 1.75}]",29.69827651977539,0.9274165630340576,75k,0.279327392578125,0,False,3.233591318130493,2.9948720932006836,3.594456434249878,3.7946043014526367,2.8300724029541016,3.333864450454712,3.112183094024658,tg_voices_uk,whole_original_recording,0.0,tg_voices_uk_658efbc1e369460c1629ae86
75k,6.870218753814697,0.0,0,not_scored_no_time_aligned_reference,3.0,0.32029181718826294,3.4346666666666668,"[""local_high_frequency_burst"", ""sigmos_discontinuity_below_threshold"", ""ecapa_similarity_below_threshold""]",True,4,"[{""start_seconds"": 0.08, ""end_seconds"": 0.2}, {""start_seconds"": 0.6, ""end_seconds"": 0.68}, {""start_seconds"": 0.7, ""end_seconds"": 0.72}, {""start_seconds"": 1.23, ""end_seconds"": 1.32}]",32.403114318847656,0.9061628580093384,75k,0.279327392578125,1,False,3.699169397354126,2.5840039253234863,3.6196718215942383,3.012498378753662,3.004268169403076,3.4463679790496826,3.483781099319458,tg_voices_uk,whole_original_recording,0.43466666666666665,tg_voices_uk_658efbc1e369460c1629ae86
75k,6.643505573272705,0.0,0,not_scored_no_time_aligned_reference,2.1013333333333333,0.24511496722698212,2.1013333333333333,"[""local_high_frequency_burst"", ""sigmos_overall_below_threshold"", ""ecapa_similarity_below_threshold""]",True,2,"[{""start_seconds"": 0.32, ""end_seconds"": 0.44}, {""start_seconds"": 0.7, ""end_seconds"": 0.78}]",29.916152954101562,0.929692268371582,75k,0.243927001953125,0,True,3.246090888977051,3.958041191101074,4.026702880859375,3.5081098079681396,2.839808464050293,4.623291492462158,3.5010273456573486,tg_voices_uk,whole_original_recording,0.0,tg_voices_uk_f9e95512fa5b017dfd46cf6e
75k,6.4637837409973145,0.0,0,not_scored_no_time_aligned_reference,3.0,0.12764251232147217,3.0,"[""local_high_frequency_burst"", ""sigmos_overall_below_threshold"", ""ecapa_similarity_below_threshold""]",True,1,"[{""start_seconds"": 1.8, ""end_seconds"": 1.85}]",28.049362182617188,0.6583290696144104,75k,0.521759033203125,0,False,3.2070674896240234,3.8238391876220703,3.6073386669158936,3.4484636783599854,2.7323827743530273,3.4955997467041016,3.2203471660614014,tg_voices_uk,whole_original_recording,0.0,tg_voices_uk_7bcf5b98ce622bfff20ea714
75k,6.531346797943115,0.0,0,not_scored_no_time_aligned_reference,3.0,0.07242782413959503,4.5,"[""local_high_frequency_burst"", ""sigmos_overall_below_threshold"", ""sigmos_speech_below_threshold"", ""sigmos_noise_below_threshold"", ""ecapa_similarity_below_threshold""]",True,1,"[{""start_seconds"": 0.3, ""end_seconds"": 0.35000000000000003}]",27.219573974609375,0.6583290696144104,75k,0.521759033203125,1,False,3.032550573348999,3.769296646118164,3.5168466567993164,2.5132386684417725,1.9977836608886719,3.971505641937256,2.4390883445739746,tg_voices_uk,whole_original_recording,1.5,tg_voices_uk_7bcf5b98ce622bfff20ea714
75k,6.886593341827393,0.0,0,not_scored_no_time_aligned_reference,3.0,0.09031537175178528,5.802666666666667,"[""sigmos_overall_below_threshold"", ""sigmos_speech_below_threshold"", ""sigmos_coloration_below_threshold"", ""ecapa_similarity_below_threshold""]",True,0,[],20.02667236328125,0.09190542250871658,75k,0.373291015625,2,False,2.8656320571899414,3.5727028846740723,3.4668164253234863,3.6630501747131348,2.0803539752960205,3.114194869995117,2.373847484588623,tg_voices_uk,whole_original_recording,2.8026666666666666,tg_voices_uk_7bcf5b98ce622bfff20ea714
75k,6.8080549240112305,0.0,0,not_scored_no_time_aligned_reference,3.0,0.22121474146842957,3.0,"[""sigmos_overall_below_threshold"", ""sigmos_speech_below_threshold"", ""sigmos_coloration_below_threshold"", ""sigmos_discontinuity_below_threshold"", ""ecapa_similarity_below_threshold""]",True,0,[],31.36072540283203,0.2408405840396881,75k,0.346343994140625,0,False,2.9228932857513428,2.958197832107544,3.7771449089050293,4.066096305847168,1.9147849082946777,3.4935362339019775,2.310493230819702,tg_voices_uk,whole_original_recording,0.0,tg_voices_uk_d2784c8c0d91a188adcadd00
75k,6.8558268547058105,0.0,0,not_scored_no_time_aligned_reference,3.0,0.17838944494724274,3.3813333333333335,"[""sigmos_overall_below_threshold"", ""sigmos_speech_below_threshold"", ""sigmos_coloration_below_threshold"", ""ecapa_similarity_below_threshold""]",True,0,[],27.03386688232422,0.2511088252067566,75k,0.346343994140625,1,False,2.864119052886963,3.4393978118896484,3.9394752979278564,3.9226155281066895,2.511826276779175,3.33288311958313,2.892303943634033,tg_voices_uk,whole_original_recording,0.38133333333333336,tg_voices_uk_d2784c8c0d91a188adcadd00
75k,6.264219284057617,0.0,0,not_scored_no_time_aligned_reference,3.0,0.1417425125837326,3.0,"[""local_high_frequency_burst"", ""sigmos_overall_below_threshold"", ""sigmos_speech_below_threshold"", ""ecapa_similarity_below_threshold""]",True,1,"[{""start_seconds"": 2.68, ""end_seconds"": 2.76}]",29.661911010742188,0.8274165987968445,75k,0.234222412109375,0,False,3.0911107063293457,3.4461686611175537,3.5483474731445312,3.7022571563720703,2.4371204376220703,4.279733180999756,2.5342040061950684,tg_voices_uk,whole_original_recording,0.0,tg_voices_uk_defbb978b1122cbf24a17588
75k,6.576245307922363,0.0,0,not_scored_no_time_aligned_reference,3.0,0.16625556349754333,4.234666666666667,"[""local_high_frequency_burst"", ""sigmos_overall_below_threshold"", ""sigmos_coloration_below_threshold"", ""ecapa_similarity_below_threshold""]",True,2,"[{""start_seconds"": 1.45, ""end_seconds"": 1.53}, {""start_seconds"": 2.7100000000000004, ""end_seconds"": 2.76}]",35.20246505737305,0.8028579950332642,75k,0.2119140625,1,False,2.7366793155670166,4.081088066101074,4.318597793579102,3.5971946716308594,2.8052215576171875,3.9145100116729736,3.3521244525909424,tg_voices_uk,whole_original_recording,1.2346666666666666,tg_voices_uk_defbb978b1122cbf24a17588
75k,6.6980881690979,0.0,0,not_scored_no_time_aligned_reference,3.0,0.3667760491371155,3.0,"[""local_high_frequency_burst"", ""sigmos_overall_below_threshold"", ""sigmos_coloration_below_threshold"", ""ecapa_similarity_below_threshold""]",True,3,"[{""start_seconds"": 0.88, ""end_seconds"": 1.03}, {""start_seconds"": 1.7, ""end_seconds"": 1.75}, {""start_seconds"": 2.6300000000000003, ""end_seconds"": 2.69}]",41.41765213012695,0.8416479825973511,75k,0.3482666015625,0,False,2.327585220336914,4.211521148681641,3.399915933609009,4.412567615509033,2.6056880950927734,3.771683692932129,3.3167810440063477,tg_voices_uk,whole_original_recording,0.0,tg_voices_uk_94c71638eb2c0cc6c0f109a7
75k,6.824633598327637,0.0,0,not_scored_no_time_aligned_reference,3.0,0.36279311776161194,3.0613333333333332,"[""local_high_frequency_burst"", ""sigmos_overall_below_threshold"", ""sigmos_coloration_below_threshold"", ""ecapa_similarity_below_threshold""]",True,3,"[{""start_seconds"": 0.82, ""end_seconds"": 0.97}, {""start_seconds"": 1.64, ""end_seconds"": 1.69}, {""start_seconds"": 2.5700000000000003, ""end_seconds"": 2.61}]",40.851104736328125,0.8465214371681213,75k,0.3482666015625,1,False,2.79782772064209,4.256809234619141,3.296743631362915,3.980559825897217,2.5605053901672363,3.519918203353882,3.0670464038848877,tg_voices_uk,whole_original_recording,0.06133333333333333,tg_voices_uk_94c71638eb2c0cc6c0f109a7
75k,7.159533500671387,0.0,0,not_scored_no_time_aligned_reference,2.848,0.423331618309021,2.848,"[""local_high_frequency_burst"", ""sigmos_overall_below_threshold"", ""sigmos_speech_below_threshold"", ""sigmos_coloration_below_threshold"", ""ecapa_similarity_below_threshold""]",True,2,"[{""start_seconds"": 0.27999999999999997, ""end_seconds"": 0.3}, {""start_seconds"": 0.48, ""end_seconds"": 0.59}]",26.89544677734375,0.8829834461212158,75k,0.16925048828125,0,True,2.8902909755706787,3.2101550102233887,3.4334495067596436,3.5808849334716797,2.3240511417388916,3.400529384613037,2.7232372760772705,tg_voices_uk,whole_original_recording,0.0,tg_voices_uk_e4166b3ab320c8897abdec5b
75k,6.669364929199219,0.0,0,not_scored_no_time_aligned_reference,2.8266666666666667,0.2900038957595825,2.8266666666666667,"[""local_high_frequency_burst"", ""sigmos_overall_below_threshold"", ""sigmos_speech_below_threshold"", ""ecapa_similarity_below_threshold""]",True,2,"[{""start_seconds"": 0.33999999999999997, ""end_seconds"": 0.4}, {""start_seconds"": 2.08, ""end_seconds"": 2.1599999999999997}]",33.252532958984375,0.8731331825256348,75k,0.451507568359375,0,True,3.162658929824829,3.386915922164917,3.130354166030884,4.224095821380615,2.455725908279419,3.9517219066619873,2.622166156768799,tg_voices_uk,whole_original_recording,0.0,tg_voices_uk_592b1d26a9dd49fa2fa20b10
75k,7.006103515625,0.0,0,not_scored_no_time_aligned_reference,3.0,0.2404552698135376,3.0,"[""local_high_frequency_burst"", ""sigmos_overall_below_threshold"", ""sigmos_speech_below_threshold"", ""sigmos_coloration_below_threshold"", ""ecapa_similarity_below_threshold""]",True,5,"[{""start_seconds"": 1.31, ""end_seconds"": 1.35}, {""start_seconds"": 1.63, ""end_seconds"": 1.7}, {""start_seconds"": 1.73, ""end_seconds"": 1.79}, {""start_seconds"": 2.2800000000000002, ""end_seconds"": 2.34}, {""start_seconds"": 2.56, ""end_seconds"": 2.59}]",36.62394332885742,0.9279683232307434,75k,0.30841064453125,0,False,2.8416781425476074,3.708271026611328,3.4175496101379395,3.5440311431884766,2.7470431327819824,3.607408285140991,2.8648035526275635,ua_ser,whole_original_recording,0.0,ua_ser_d6c68dfbf248fbf4692d40ce
75k,7.155069351196289,0.0,0,not_scored_no_time_aligned_reference,3.0,0.24736657738685608,3.029333333333333,"[""local_high_frequency_burst"", ""sigmos_overall_below_threshold"", ""sigmos_speech_below_threshold"", ""ecapa_similarity_below_threshold""]",True,5,"[{""start_seconds"": 1.28, ""end_seconds"": 1.32}, {""start_seconds"": 1.6, ""end_seconds"": 1.67}, {""start_seconds"": 1.7, ""end_seconds"": 1.76}, {""start_seconds"": 2.25, ""end_seconds"": 2.3099999999999996}, {""start_seconds"": 2.5300000000000002, ""end_seconds"": 2.5599999999999996}]",36.4022216796875,0.9276254773139954,75k,0.30841064453125,1,False,3.007148027420044,3.8643972873687744,4.136695861816406,3.7442119121551514,2.4872589111328125,4.061301231384277,2.6102712154388428,ua_ser,whole_original_recording,0.029333333333333333,ua_ser_d6c68dfbf248fbf4692d40ce
75k,6.947571754455566,0.0,0,not_scored_no_time_aligned_reference,2.4106666666666667,0.4051149785518646,2.4106666666666667,"[""local_high_frequency_burst"", ""sigmos_overall_below_threshold"", ""sigmos_speech_below_threshold"", ""sigmos_coloration_below_threshold"", ""ecapa_similarity_below_threshold""]",True,4,"[{""start_seconds"": 0.19999999999999998, ""end_seconds"": 0.27}, {""start_seconds"": 0.6799999999999999, ""end_seconds"": 0.77}, {""start_seconds"": 1.25, ""end_seconds"": 1.3}, {""start_seconds"": 1.58, ""end_seconds"": 1.62}]",34.081153869628906,0.9222404360771179,75k,0.172393798828125,0,True,2.8344345092773438,3.4430253505706787,3.6979610919952393,3.170192003250122,2.328113079071045,4.3580474853515625,2.80206298828125,ua_ser,whole_original_recording,0.0,ua_ser_4db02e303300ab157338f3d7
75k,6.742115497589111,0.0,0,not_scored_no_time_aligned_reference,3.0,0.24827131628990173,3.0,"[""local_high_frequency_burst"", ""sigmos_overall_below_threshold"", ""sigmos_speech_below_threshold"", ""sigmos_coloration_below_threshold"", ""ecapa_similarity_below_threshold""]",True,3,"[{""start_seconds"": 1.11, ""end_seconds"": 1.16}, {""start_seconds"": 1.45, ""end_seconds"": 1.54}, {""start_seconds"": 2.3800000000000003, ""end_seconds"": 2.4299999999999997}]",33.152496337890625,0.9166945219039917,75k,0.3345947265625,0,False,2.896726608276367,4.467190742492676,3.624598503112793,4.210576057434082,2.40697979927063,4.009835243225098,2.8534138202667236,ua_ser,whole_original_recording,0.0,ua_ser_95873e561061831fe2ce3310
75k,7.009295463562012,0.0,0,not_scored_no_time_aligned_reference,3.0,0.2559577524662018,3.2426666666666666,"[""local_high_frequency_burst"", ""sigmos_overall_below_threshold"", ""sigmos_speech_below_threshold"", ""sigmos_coloration_below_threshold"", ""ecapa_similarity_below_threshold""]",True,3,"[{""start_seconds"": 0.86, ""end_seconds"": 0.92}, {""start_seconds"": 1.21, ""end_seconds"": 1.3}, {""start_seconds"": 2.14, ""end_seconds"": 2.19}]",24.14398193359375,0.924718976020813,75k,0.3345947265625,1,False,2.9969122409820557,3.204404830932617,3.3990092277526855,4.234518051147461,2.5178616046905518,4.053071022033691,2.7285120487213135,ua_ser,whole_original_recording,0.24266666666666667,ua_ser_95873e561061831fe2ce3310
75k,6.3512773513793945,0.0,0,not_scored_no_time_aligned_reference,3.0,0.13843007385730743,3.0,"[""sigmos_overall_below_threshold"", ""ecapa_similarity_below_threshold""]",True,0,[],37.593936920166016,0.27291223406791687,75k,0.26605224609375,0,False,3.4276044368743896,3.544121503829956,3.865571975708008,3.9240665435791016,2.6507952213287354,3.626553535461426,3.0901284217834473,ua_ser,whole_original_recording,0.0,ua_ser_be9977a80fcda0f71ba3276e
75k,6.3292975425720215,0.0,0,not_scored_no_time_aligned_reference,3.0,0.14632900059223175,3.072,"[""sigmos_overall_below_threshold"", ""sigmos_speech_below_threshold"", ""sigmos_coloration_below_threshold"", ""ecapa_similarity_below_threshold""]",True,0,[],37.41139221191406,0.2621546983718872,75k,0.26605224609375,1,False,2.440563201904297,3.470052719116211,3.7445528507232666,4.190085411071777,2.3207359313964844,3.3954520225524902,2.732618808746338,ua_ser,whole_original_recording,0.072,ua_ser_be9977a80fcda0f71ba3276e
75k,6.552314281463623,0.0,0,not_scored_no_time_aligned_reference,3.0,0.30910050868988037,3.0,"[""local_high_frequency_burst"", ""sigmos_overall_below_threshold"", ""sigmos_coloration_below_threshold"", ""ecapa_similarity_below_threshold""]",True,1,"[{""start_seconds"": 0.62, ""end_seconds"": 0.67}]",30.385902404785156,0.7743165493011475,75k,0.349212646484375,0,False,2.9614694118499756,4.353471755981445,4.213801383972168,3.7854950428009033,2.5772945880889893,3.749840021133423,3.073786735534668,ua_ser,whole_original_recording,0.0,ua_ser_c5c3ca730d3535260dae5823
75k,6.693004608154297,0.0,0,not_scored_no_time_aligned_reference,3.0,0.32856255769729614,4.224,"[""sigmos_overall_below_threshold"", ""sigmos_speech_below_threshold"", ""ecapa_similarity_below_threshold""]",True,0,[],31.699146270751953,0.2658945620059967,75k,0.349212646484375,1,False,3.6131160259246826,3.554992914199829,3.865804433822632,3.916569471359253,2.4247183799743652,4.240358352661133,2.977707624435425,ua_ser,whole_original_recording,1.224,ua_ser_c5c3ca730d3535260dae5823
75k,6.985876083374023,0.0,0,not_scored_no_time_aligned_reference,2.496,0.3014395833015442,2.496,"[""local_high_frequency_burst"", ""sigmos_overall_below_threshold"", ""ecapa_similarity_below_threshold""]",True,3,"[{""start_seconds"": 0.67, ""end_seconds"": 0.77}, {""start_seconds"": 1.03, ""end_seconds"": 1.1}, {""start_seconds"": 2.1500000000000004, ""end_seconds"": 2.21}]",39.807281494140625,0.7489629983901978,75k,0.44598388671875,0,True,3.0138328075408936,3.6875839233398438,3.3570499420166016,4.584733963012695,2.729067087173462,4.096427917480469,3.233119010925293,ua_ser,whole_original_recording,0.0,ua_ser_c01c2b06a83071c907a0b6f4
75k,7.176244735717773,0.0,0,not_scored_no_time_aligned_reference,2.5493333333333332,0.13490135967731476,2.5493333333333332,"[""local_high_frequency_burst"", ""sigmos_overall_below_threshold"", ""sigmos_speech_below_threshold"", ""sigmos_coloration_below_threshold"", ""ecapa_similarity_below_threshold""]",True,4,"[{""start_seconds"": 0.39, ""end_seconds"": 0.45}, {""start_seconds"": 1.33, ""end_seconds"": 1.45}, {""start_seconds"": 1.79, ""end_seconds"": 1.9}, {""start_seconds"": 2.12, ""end_seconds"": 2.1399999999999997}]",32.422027587890625,0.9082257151603699,75k,0.26226806640625,0,True,2.1656153202056885,4.100785255432129,4.042340278625488,3.798931121826172,2.2402231693267822,3.74751353263855,2.9568583965301514,ua_ser,whole_original_recording,0.0,ua_ser_ca8ff0246855dce7bf315b3e
75k,6.8819193840026855,0.0,0,not_scored_no_time_aligned_reference,2.485333333333333,0.25642529129981995,2.485333333333333,"[""local_high_frequency_burst"", ""sigmos_overall_below_threshold"", ""sigmos_speech_below_threshold"", ""sigmos_coloration_below_threshold"", ""ecapa_similarity_below_threshold""]",True,2,"[{""start_seconds"": 1.41, ""end_seconds"": 1.46}, {""start_seconds"": 1.94, ""end_seconds"": 1.96}]",30.875503540039062,0.8998273015022278,75k,0.2711181640625,0,True,2.3105993270874023,3.9979324340820312,3.8518924713134766,3.4747841358184814,2.0606634616851807,4.280484199523926,2.2443127632141113,ua_ser,whole_original_recording,0.0,ua_ser_be37bb89df5984c587d20c82
75k,7.118366241455078,0.0,0,not_scored_no_time_aligned_reference,3.0,0.4136911928653717,3.0,"[""local_high_frequency_burst"", ""sigmos_overall_below_threshold"", ""sigmos_speech_below_threshold"", ""sigmos_coloration_below_threshold"", ""ecapa_similarity_below_threshold""]",True,2,"[{""start_seconds"": 0.96, ""end_seconds"": 0.98}, {""start_seconds"": 1.51, ""end_seconds"": 1.59}]",30.949947357177734,0.9043074250221252,75k,0.1981201171875,0,False,2.017845630645752,3.837200880050659,4.290078163146973,4.154040336608887,2.4760451316833496,4.133862495422363,2.8792991638183594,ua_ser,whole_original_recording,0.0,ua_ser_2078f4fcf073d7a5d6bd7c09
75k,7.038409233093262,0.0,0,not_scored_no_time_aligned_reference,3.0,0.42281195521354675,3.1253333333333333,"[""local_high_frequency_burst"", ""sigmos_overall_below_threshold"", ""sigmos_speech_below_threshold"", ""sigmos_coloration_below_threshold"", ""ecapa_similarity_below_threshold""]",True,2,"[{""start_seconds"": 1.38, ""end_seconds"": 1.47}, {""start_seconds"": 2.7800000000000002, ""end_seconds"": 2.86}]",35.36539840698242,0.9035114645957947,75k,0.1981201171875,1,False,2.4987027645111084,3.815559148788452,3.942767858505249,3.9781482219696045,2.261554479598999,4.461902618408203,2.9548776149749756,ua_ser,whole_original_recording,0.12533333333333332,ua_ser_2078f4fcf073d7a5d6bd7c09
75k,6.643566608428955,0.0,0,not_scored_no_time_aligned_reference,3.0,0.5106297731399536,3.0,"[""local_high_frequency_burst"", ""sigmos_overall_below_threshold"", ""sigmos_speech_below_threshold"", ""sigmos_coloration_below_threshold"", ""sigmos_discontinuity_below_threshold"", ""ecapa_similarity_below_threshold""]",True,1,"[{""start_seconds"": 0.33, ""end_seconds"": 0.4}]",40.854183197021484,0.8980525732040405,75k,0.197052001953125,0,False,2.5221621990203857,2.482236862182617,3.5966858863830566,3.7549946308135986,2.0194058418273926,3.83235239982605,2.3762025833129883,ua_ser,whole_original_recording,0.0,ua_ser_36bd6142702dc47dc2a92a52
75k,6.560450077056885,0.0,0,not_scored_no_time_aligned_reference,3.0,0.4794808626174927,3.2106666666666666,"[""local_high_frequency_burst"", ""sigmos_overall_below_threshold"", ""sigmos_speech_below_threshold"", ""sigmos_coloration_below_threshold"", ""sigmos_discontinuity_below_threshold"", ""ecapa_similarity_below_threshold""]",True,1,"[{""start_seconds"": 0.12000000000000001, ""end_seconds"": 0.19}]",40.90340042114258,0.890526533126831,75k,0.197052001953125,1,False,2.6283228397369385,2.928917646408081,4.1055498123168945,3.1534018516540527,2.302236795425415,3.300718307495117,2.7729506492614746,ua_ser,whole_original_recording,0.21066666666666667,ua_ser_36bd6142702dc47dc2a92a52
75k,7.136819362640381,0.0,0,not_scored_no_time_aligned_reference,2.2613333333333334,0.2308843582868576,2.2613333333333334,"[""local_high_frequency_burst"", ""sigmos_overall_below_threshold"", ""sigmos_speech_below_threshold"", ""sigmos_coloration_below_threshold"", ""ecapa_similarity_below_threshold""]",True,2,"[{""start_seconds"": 0.79, ""end_seconds"": 0.91}, {""start_seconds"": 1.2, ""end_seconds"": 1.27}]",27.373653411865234,0.935831606388092,75k,0.343353271484375,0,True,2.6904654502868652,3.2218668460845947,3.1079084873199463,3.921699285507202,2.3160483837127686,3.9246790409088135,2.641052484512329,ua_ser,whole_original_recording,0.0,ua_ser_cb7a724e58c70d6742da4d92
75k,6.731935501098633,0.0,0,not_scored_no_time_aligned_reference,2.4,0.24687114357948303,2.4,"[""local_high_frequency_burst"", ""sigmos_overall_below_threshold"", ""ecapa_similarity_below_threshold""]",True,4,"[{""start_seconds"": 0.15, ""end_seconds"": 0.19}, {""start_seconds"": 0.64, ""end_seconds"": 0.6900000000000001}, {""start_seconds"": 1.41, ""end_seconds"": 1.5}, {""start_seconds"": 1.66, ""end_seconds"": 1.68}]",29.83309555053711,0.8881666660308838,75k,0.12274169921875,0,True,3.1940813064575195,3.310380220413208,4.085033893585205,4.282049179077148,2.8448007106781006,4.45899772644043,3.4273548126220703,ukr_dialects,whole_original_recording,0.0,ukr_dialects_14f40dc5678bd3ac85b3e330
75k,6.023670196533203,0.0,0,not_scored_no_time_aligned_reference,2.421333333333333,0.28082650899887085,2.421333333333333,"[""sigmos_overall_below_threshold"", ""sigmos_speech_below_threshold"", ""sigmos_coloration_below_threshold"", ""ecapa_similarity_below_threshold""]",True,0,[],18.243431091308594,0.476558119058609,75k,0.106292724609375,0,True,2.2107977867126465,4.458826065063477,3.2937028408050537,3.3025195598602295,1.654350757598877,3.1234538555145264,2.098630905151367,ukr_dialects,whole_original_recording,0.0,ukr_dialects_c9a613ab99857675ac59ec10
75k,6.373623371124268,0.0,0,not_scored_no_time_aligned_reference,3.0,0.2881387770175934,3.0,"[""local_high_frequency_burst"", ""sigmos_overall_below_threshold"", ""sigmos_speech_below_threshold"", ""sigmos_coloration_below_threshold"", ""ecapa_similarity_below_threshold""]",True,2,"[{""start_seconds"": 0.43, ""end_seconds"": 0.52}, {""start_seconds"": 0.82, ""end_seconds"": 0.97}]",26.204608917236328,0.877169132232666,75k,0.232025146484375,0,False,2.653040647506714,3.8597991466522217,2.8975956439971924,4.060091018676758,1.8307557106018066,4.4242424964904785,2.2139530181884766,ukr_dialects,whole_original_recording,0.0,ukr_dialects_42c43b458a4ba7f7e394401b
75k,6.661940097808838,0.0,0,not_scored_no_time_aligned_reference,3.0,0.3772614002227783,4.5,"[""sigmos_overall_below_threshold"", ""sigmos_speech_below_threshold"", ""ecapa_similarity_below_threshold""]",True,0,[],33.92515563964844,0.49988171458244324,75k,0.1904296875,1,False,3.1926345825195312,3.2529165744781494,3.4419870376586914,4.052458763122559,2.624269723892212,4.0448102951049805,2.906663417816162,ukr_dialects,whole_original_recording,1.5,ukr_dialects_42c43b458a4ba7f7e394401b
75k,7.13259744644165,0.0,0,not_scored_no_time_aligned_reference,3.0,0.3734893202781677,5.12,"[""local_high_frequency_burst"", ""sigmos_overall_below_threshold"", ""sigmos_speech_below_threshold"", ""sigmos_coloration_below_threshold"", ""sigmos_discontinuity_below_threshold"", ""ecapa_similarity_below_threshold""]",True,1,"[{""start_seconds"": 2.7, ""end_seconds"": 2.7899999999999996}]",35.58544158935547,0.9132241606712341,75k,0.1944580078125,2,False,2.830491304397583,2.946378707885742,3.5656957626342773,4.394485950469971,1.906857967376709,4.770393371582031,2.2321345806121826,ukr_dialects,whole_original_recording,2.12,ukr_dialects_42c43b458a4ba7f7e394401b
75k,7.180997371673584,0.0,0,not_scored_no_time_aligned_reference,1.6426666666666667,0.3460535407066345,1.6426666666666667,"[""sigmos_overall_below_threshold"", ""sigmos_coloration_below_threshold"", ""ecapa_similarity_below_threshold""]",True,0,[],26.166065216064453,0.3900066614151001,75k,0.09478759765625,0,True,2.9712469577789307,3.452667474746704,3.6892616748809814,4.447264671325684,2.6013894081115723,3.864557981491089,3.132026433944702,ukr_dialects,whole_original_recording,0.0,ukr_dialects_0eefe6109d11f03c6f8626b6
75k,6.574225902557373,0.0,0,not_scored_no_time_aligned_reference,2.6133333333333333,0.15048114955425262,2.6133333333333333,"[""local_high_frequency_burst"", ""sigmos_overall_below_threshold"", ""sigmos_speech_below_threshold"", ""sigmos_coloration_below_threshold"", ""ecapa_similarity_below_threshold""]",True,1,"[{""start_seconds"": 0.5599999999999999, ""end_seconds"": 0.62}]",24.6168212890625,0.5168102979660034,75k,0.210052490234375,0,True,2.753584861755371,4.398983001708984,3.2580692768096924,4.15428352355957,1.940380334854126,2.722677230834961,2.3415451049804688,ukr_dialects,whole_original_recording,0.0,ukr_dialects_d2ba80d943e6a61f32205558
75k,6.723355293273926,0.0,0,not_scored_no_time_aligned_reference,3.0,0.35792219638824463,3.0,"[""local_high_frequency_burst"", ""sigmos_overall_below_threshold"", ""sigmos_speech_below_threshold"", ""ecapa_similarity_below_threshold""]",True,4,"[{""start_seconds"": 0.24, ""end_seconds"": 0.31}, {""start_seconds"": 0.71, ""end_seconds"": 0.76}, {""start_seconds"": 1.15, ""end_seconds"": 1.17}, {""start_seconds"": 1.6199999999999999, ""end_seconds"": 1.68}]",31.03656005859375,0.9048871994018555,75k,0.439239501953125,0,False,3.1686367988586426,3.5225648880004883,3.4926888942718506,3.3277406692504883,2.054112672805786,3.4136197566986084,2.5489940643310547,ukr_dialects,whole_original_recording,0.0,ukr_dialects_442b03ee21902c3d4d221437
75k,6.779202938079834,0.0,0,not_scored_no_time_aligned_reference,3.0,0.28924280405044556,4.5,"[""local_high_frequency_burst"", ""sigmos_overall_below_threshold"", ""sigmos_speech_below_threshold"", ""ecapa_similarity_below_threshold""]",True,2,"[{""start_seconds"": 0.12000000000000001, ""end_seconds"": 0.18000000000000002}, {""start_seconds"": 1.81, ""end_seconds"": 1.89}]",33.269813537597656,0.9048871994018555,75k,0.493896484375,1,False,3.016704559326172,4.589538097381592,3.5193393230438232,4.010851860046387,2.471804141998291,3.904435873031616,2.9811365604400635,ukr_dialects,whole_original_recording,1.5,ukr_dialects_442b03ee21902c3d4d221437
75k,6.759982585906982,0.0,0,not_scored_no_time_aligned_reference,3.0,0.2659207880496979,6.0,"[""local_high_frequency_burst"", ""sigmos_overall_below_threshold"", ""sigmos_speech_below_threshold"", ""sigmos_coloration_below_threshold"", ""ecapa_similarity_below_threshold""]",True,1,"[{""start_seconds"": 0.31, ""end_seconds"": 0.39}]",31.573165893554688,0.8951613306999207,75k,0.493896484375,2,False,2.9004499912261963,3.2610814571380615,3.4843530654907227,4.181842803955078,2.0175836086273193,3.6805763244628906,2.3434760570526123,ukr_dialects,whole_original_recording,3.0,ukr_dialects_442b03ee21902c3d4d221437
75k,6.682292938232422,0.0,0,not_scored_no_time_aligned_reference,3.0,0.32468047738075256,7.5,"[""sigmos_overall_below_threshold"", ""sigmos_speech_below_threshold"", ""sigmos_coloration_below_threshold"", ""ecapa_similarity_below_threshold""]",True,0,[],24.78192901611328,0.4721851348876953,75k,0.46868896484375,3,False,2.728907585144043,3.9156570434570312,3.0740649700164795,3.0372567176818848,2.2123863697052,4.183816909790039,2.4795103073120117,ukr_dialects,whole_original_recording,4.5,ukr_dialects_442b03ee21902c3d4d221437
75k,6.676350116729736,0.0,0,not_scored_no_time_aligned_reference,3.0,0.3232934772968292,9.0,"[""local_high_frequency_burst"", ""sigmos_overall_below_threshold"", ""sigmos_speech_below_threshold"", ""sigmos_coloration_below_threshold"", ""ecapa_similarity_below_threshold""]",True,1,"[{""start_seconds"": 2.27, ""end_seconds"": 2.36}]",27.297344207763672,0.8737592697143555,75k,0.44610595703125,4,False,2.452939510345459,4.132692337036133,3.100257396697998,3.259300947189331,2.3092613220214844,4.070517063140869,2.7719779014587402,ukr_dialects,whole_original_recording,6.0,ukr_dialects_442b03ee21902c3d4d221437
75k,6.834799289703369,0.0,0,not_scored_no_time_aligned_reference,3.0,0.32179415225982666,10.5,"[""local_high_frequency_burst"", ""sigmos_overall_below_threshold"", ""sigmos_speech_below_threshold"", ""sigmos_coloration_below_threshold"", ""ecapa_similarity_below_threshold""]",True,1,"[{""start_seconds"": 0.77, ""end_seconds"": 0.86}]",27.297344207763672,0.8737592697143555,75k,0.490966796875,5,False,2.467458486557007,3.47062087059021,3.491250991821289,3.1204874515533447,2.115391492843628,4.106845855712891,2.7778775691986084,ukr_dialects,whole_original_recording,7.5,ukr_dialects_442b03ee21902c3d4d221437
75k,6.440041542053223,0.0,0,not_scored_no_time_aligned_reference,3.0,0.2684358060359955,12.0,"[""local_high_frequency_burst"", ""sigmos_overall_below_threshold"", ""sigmos_coloration_below_threshold"", ""ecapa_similarity_below_threshold""]",True,2,"[{""start_seconds"": 1.68, ""end_seconds"": 1.74}, {""start_seconds"": 2.12, ""end_seconds"": 2.1599999999999997}]",28.42752456665039,0.8692103028297424,75k,0.490966796875,6,False,2.925590753555298,4.329423904418945,3.5948753356933594,3.3695757389068604,2.684251070022583,4.075281143188477,3.320234537124634,ukr_dialects,whole_original_recording,9.0,ukr_dialects_442b03ee21902c3d4d221437
75k,6.684085369110107,0.0,0,not_scored_no_time_aligned_reference,3.0,0.2969050407409668,13.418666666666667,"[""local_high_frequency_burst"", ""sigmos_overall_below_threshold"", ""sigmos_speech_below_threshold"", ""ecapa_similarity_below_threshold""]",True,3,"[{""start_seconds"": 0.26, ""end_seconds"": 0.32}, {""start_seconds"": 0.7, ""end_seconds"": 0.74}, {""start_seconds"": 2.1700000000000004, ""end_seconds"": 2.25}]",29.388973236083984,0.8876235485076904,75k,0.408721923828125,7,False,3.303864002227783,3.594115972518921,3.396425247192383,3.252549886703491,2.6246731281280518,3.702916383743286,2.9573566913604736,ukr_dialects,whole_original_recording,10.418666666666667,ukr_dialects_442b03ee21902c3d4d221437
75k,6.658056735992432,0.0,0,not_scored_no_time_aligned_reference,2.933333333333333,0.31012487411499023,2.933333333333333,"[""local_high_frequency_burst"", ""sigmos_overall_below_threshold"", ""ecapa_similarity_below_threshold""]",True,1,"[{""start_seconds"": 1.84, ""end_seconds"": 1.91}]",22.608196258544922,0.7404228448867798,75k,0.803314208984375,0,True,3.1232547760009766,3.5706570148468018,3.0254955291748047,3.907015800476074,2.640052556991577,3.786195755004883,3.1176767349243164,ukr_dialects,whole_original_recording,0.0,ukr_dialects_e4a3ec15f8d201178b55b96b
75k,6.874472618103027,0.0,0,not_scored_no_time_aligned_reference,3.0,0.21605844795703888,3.0,"[""local_high_frequency_burst"", ""sigmos_overall_below_threshold"", ""sigmos_coloration_below_threshold"", ""ecapa_similarity_below_threshold""]",True,2,"[{""start_seconds"": 1.24, ""end_seconds"": 1.34}, {""start_seconds"": 2.2800000000000002, ""end_seconds"": 2.3}]",30.55713653564453,0.8725354075431824,75k,0.55804443359375,0,False,2.9301295280456543,3.7011897563934326,3.4333722591400146,3.637399673461914,2.733938694000244,4.043837547302246,3.060763359069824,ukr_dialects,whole_original_recording,0.0,ukr_dialects_26bd5284900929a4d9a86064
75k,7.037744998931885,0.0,0,not_scored_no_time_aligned_reference,3.0,0.26305171847343445,3.7333333333333334,"[""local_high_frequency_burst"", ""sigmos_overall_below_threshold"", ""sigmos_speech_below_threshold"", ""ecapa_similarity_below_threshold""]",True,2,"[{""start_seconds"": 0.51, ""end_seconds"": 0.61}, {""start_seconds"": 1.55, ""end_seconds"": 1.57}]",29.497283935546875,0.8572554588317871,75k,0.55804443359375,1,False,3.134923219680786,3.45778226852417,3.2580833435058594,3.7039942741394043,2.457388162612915,3.6114108562469482,2.63006854057312,ukr_dialects,whole_original_recording,0.7333333333333333,ukr_dialects_26bd5284900929a4d9a86064
75k,6.96569299697876,0.0,0,not_scored_no_time_aligned_reference,2.8266666666666667,0.45666569471359253,2.8266666666666667,"[""local_high_frequency_burst"", ""sigmos_overall_below_threshold"", ""sigmos_speech_below_threshold"", ""sigmos_noise_below_threshold"", ""ecapa_similarity_below_threshold""]",True,2,"[{""start_seconds"": 1.1, ""end_seconds"": 1.23}, {""start_seconds"": 1.53, ""end_seconds"": 1.56}]",31.422542572021484,0.8790804147720337,75k,0.25811767578125,0,True,3.094125747680664,3.454537868499756,3.143638849258423,2.94909930229187,2.284454584121704,3.492748737335205,2.5757808685302734,ukr_dialects,whole_original_recording,0.0,ukr_dialects_5c9b20aa91ead2216a51af30
75k,7.047487735748291,0.0,0,not_scored_no_time_aligned_reference,3.0,0.32807764410972595,3.0,"[""sigmos_overall_below_threshold"", ""sigmos_speech_below_threshold"", ""sigmos_coloration_below_threshold"", ""ecapa_similarity_below_threshold""]",True,0,[],26.874221801757812,0.2982192635536194,75k,0.69293212890625,0,False,2.9935789108276367,3.2638800144195557,3.2570836544036865,3.475196599960327,2.4351894855499268,3.5948994159698486,2.5471792221069336,ukr_dialects,whole_original_recording,0.0,ukr_dialects_6403b08094c17ab1c874b596
75k,7.1797003746032715,0.0,0,not_scored_no_time_aligned_reference,3.0,0.3287047743797302,3.925333333333333,"[""local_high_frequency_burst"", ""sigmos_overall_below_threshold"", ""sigmos_coloration_below_threshold"", ""ecapa_similarity_below_threshold""]",True,2,"[{""start_seconds"": 2.2, ""end_seconds"": 2.26}, {""start_seconds"": 2.4400000000000004, ""end_seconds"": 2.5399999999999996}]",29.25827407836914,0.6715543270111084,75k,0.663421630859375,1,False,2.927128791809082,3.771385908126831,3.2397284507751465,3.634700298309326,2.7456464767456055,3.595064878463745,3.161731243133545,ukr_dialects,whole_original_recording,0.9253333333333333,ukr_dialects_6403b08094c17ab1c874b596
75k,6.296472072601318,0.0,0,not_scored_no_time_aligned_reference,3.0,0.30747532844543457,3.0,"[""local_high_frequency_burst"", ""sigmos_overall_below_threshold"", ""sigmos_coloration_below_threshold"", ""ecapa_similarity_below_threshold""]",True,2,"[{""start_seconds"": 1.81, ""end_seconds"": 1.9}, {""start_seconds"": 1.98, ""end_seconds"": 2.05}]",28.410297393798828,0.8707440495491028,75k,0.208526611328125,0,False,2.9978604316711426,3.6174745559692383,3.813253402709961,4.012843132019043,2.7423319816589355,3.8720290660858154,3.1729538440704346,ukr_dialects,whole_original_recording,0.0,ukr_dialects_93b487a5c9809179531e12cb
75k,7.150970935821533,0.0,0,not_scored_no_time_aligned_reference,3.0,0.18584498763084412,4.192,"[""local_high_frequency_burst"", ""sigmos_overall_below_threshold"", ""sigmos_speech_below_threshold"", ""sigmos_coloration_below_threshold"", ""ecapa_similarity_below_threshold""]",True,4,"[{""start_seconds"": 0.62, ""end_seconds"": 0.71}, {""start_seconds"": 0.78, ""end_seconds"": 0.86}, {""start_seconds"": 2.1, ""end_seconds"": 2.19}, {""start_seconds"": 2.75, ""end_seconds"": 2.78}]",29.41762924194336,0.9120203256607056,75k,0.208526611328125,1,False,2.555379867553711,3.092587947845459,3.8522768020629883,3.4654488563537598,2.2742106914520264,3.490591287612915,2.395822525024414,ukr_dialects,whole_original_recording,1.192,ukr_dialects_93b487a5c9809179531e12cb
100k,7.525392532348633,0.0,0,not_scored_no_time_aligned_reference,2.6026666666666665,0.39342305064201355,2.6026666666666665,"[""local_high_frequency_burst"", ""sigmos_overall_below_threshold"", ""sigmos_speech_below_threshold"", ""sigmos_coloration_below_threshold"", ""ecapa_similarity_below_threshold""]",True,2,"[{""start_seconds"": 1.04, ""end_seconds"": 1.12}, {""start_seconds"": 1.68, ""end_seconds"": 1.73}]",31.30187225341797,0.8517158031463623,100k,0.244842529296875,0,True,1.7993605136871338,3.7782392501831055,4.56790018081665,4.568449974060059,2.2652668952941895,3.3484160900115967,2.715179204940796,common_voice_available_uk,whole_original_recording,0.0,common_voice_available_uk_c02c7293451907b932c31154
100k,6.892911434173584,0.0,0,not_scored_no_time_aligned_reference,3.0,0.34849342703819275,3.0,"[""local_high_frequency_burst"", ""sigmos_overall_below_threshold"", ""sigmos_speech_below_threshold"", ""sigmos_coloration_below_threshold"", ""ecapa_similarity_below_threshold""]",True,2,"[{""start_seconds"": 1.96, ""end_seconds"": 2.0}, {""start_seconds"": 2.75, ""end_seconds"": 2.82}]",27.069400787353516,0.6671357154846191,100k,0.410919189453125,0,False,2.935565710067749,3.9543519020080566,3.811915397644043,4.302118301391602,2.5258452892303467,3.5278663635253906,2.9467344284057617,common_voice_available_uk,whole_original_recording,0.0,common_voice_available_uk_a8a1cc063c9dd80b0b56c7f8
100k,7.298802375793457,0.0,0,not_scored_no_time_aligned_reference,3.0,0.3112640380859375,4.330666666666667,"[""local_high_frequency_burst"", ""sigmos_overall_below_threshold"", ""ecapa_similarity_below_threshold""]",True,5,"[{""start_seconds"": 0.63, ""end_seconds"": 0.67}, {""start_seconds"": 1.42, ""end_seconds"": 1.49}, {""start_seconds"": 1.93, ""end_seconds"": 2.0}, {""start_seconds"": 2.41, ""end_seconds"": 2.4699999999999998}, {""start_seconds"": 2.5900000000000003, ""end_seconds"": 2.6399999999999997}]",36.661705017089844,0.7324113845825195,100k,0.359283447265625,1,False,3.053882122039795,3.6652746200561523,3.8368375301361084,4.14317512512207,2.627737522125244,3.6255557537078857,3.2399089336395264,common_voice_available_uk,whole_original_recording,1.3306666666666667,common_voice_available_uk_a8a1cc063c9dd80b0b56c7f8
100k,7.151199817657471,0.0,0,not_scored_no_time_aligned_reference,3.0,0.21095919609069824,3.0,"[""local_high_frequency_burst"", ""sigmos_overall_below_threshold"", ""sigmos_speech_below_threshold"", ""sigmos_coloration_below_threshold"", ""ecapa_similarity_below_threshold""]",True,1,"[{""start_seconds"": 2.4400000000000004, ""end_seconds"": 2.51}]",34.491844177246094,0.6975011825561523,100k,0.50689697265625,0,False,2.215334415435791,4.040229797363281,4.26893949508667,3.858755111694336,2.5364012718200684,3.589568614959717,2.7827165126800537,common_voice_available_uk,whole_original_recording,0.0,common_voice_available_uk_ab529abf3847a142fef6f153
100k,7.289707183837891,0.0,0,not_scored_no_time_aligned_reference,3.0,0.28126412630081177,4.032,"[""local_high_frequency_burst"", ""sigmos_overall_below_threshold"", ""sigmos_speech_below_threshold"", ""sigmos_coloration_below_threshold"", ""ecapa_similarity_below_threshold""]",True,2,"[{""start_seconds"": 1.41, ""end_seconds"": 1.48}, {""start_seconds"": 2.5300000000000002, ""end_seconds"": 2.5999999999999996}]",39.03697967529297,0.9035088419914246,100k,0.4454345703125,1,False,2.6685314178466797,3.639941453933716,3.761214017868042,3.9001262187957764,2.561034917831421,3.581300735473633,2.8967502117156982,common_voice_available_uk,whole_original_recording,1.032,common_voice_available_uk_ab529abf3847a142fef6f153
100k,6.65785551071167,0.0,0,not_scored_no_time_aligned_reference,3.0,0.3494930565357208,3.0,"[""local_high_frequency_burst"", ""sigmos_overall_below_threshold"", ""sigmos_coloration_below_threshold"", ""ecapa_similarity_below_threshold""]",True,2,"[{""start_seconds"": 0.58, ""end_seconds"": 0.64}, {""start_seconds"": 2.35, ""end_seconds"": 2.4499999999999997}]",28.59274673461914,0.8073833584785461,100k,0.219451904296875,0,False,2.9514636993408203,4.014430046081543,4.211668014526367,4.077572345733643,2.5165390968322754,4.332390308380127,3.150115489959717,common_voice_available_uk,whole_original_recording,0.0,common_voice_available_uk_5c4ff259010d8b52a316058f
100k,7.145296573638916,0.0,0,not_scored_no_time_aligned_reference,3.0,0.3469254672527313,4.5,"[""local_high_frequency_burst"", ""sigmos_overall_below_threshold"", ""sigmos_coloration_below_threshold"", ""ecapa_similarity_below_threshold""]",True,2,"[{""start_seconds"": 0.85, ""end_seconds"": 0.95}, {""start_seconds"": 2.87, ""end_seconds"": 2.94}]",29.412551879882812,0.8073833584785461,100k,0.20196533203125,1,False,2.4647676944732666,3.93418288230896,3.7731003761291504,4.4477009773254395,2.599318742752075,4.153526306152344,3.1092026233673096,common_voice_available_uk,whole_original_recording,1.5,common_voice_available_uk_5c4ff259010d8b52a316058f
100k,7.3429436683654785,0.0,0,not_scored_no_time_aligned_reference,3.0,0.355899453163147,6.0,"[""local_high_frequency_burst"", ""sigmos_overall_below_threshold"", ""ecapa_similarity_below_threshold""]",True,1,"[{""start_seconds"": 1.3699999999999999, ""end_seconds"": 1.44}]",26.793724060058594,0.7596353888511658,100k,0.197479248046875,2,False,3.1113121509552,3.6050913333892822,3.7266101837158203,3.971193552017212,2.5981950759887695,3.8167243003845215,3.007242202758789,common_voice_available_uk,whole_original_recording,3.0,common_voice_available_uk_5c4ff259010d8b52a316058f
100k,7.469723701477051,0.0,0,not_scored_no_time_aligned_reference,3.0,0.361357718706131,6.069333333333334,"[""local_high_frequency_burst"", ""sigmos_overall_below_threshold"", ""ecapa_similarity_below_threshold""]",True,1,"[{""start_seconds"": 1.3, ""end_seconds"": 1.37}]",26.013912200927734,0.7775500416755676,100k,0.197479248046875,3,False,3.1016123294830322,3.8768470287323,3.5990076065063477,3.471998691558838,2.6323394775390625,3.874319076538086,3.0540499687194824,common_voice_available_uk,whole_original_recording,3.0693333333333332,common_voice_available_uk_5c4ff259010d8b52a316058f
100k,6.781784534454346,0.0,0,not_scored_no_time_aligned_reference,3.0,0.20426078140735626,3.0,"[""local_high_frequency_burst"", ""sigmos_overall_below_threshold"", ""ecapa_similarity_below_threshold""]",True,2,"[{""start_seconds"": 1.16, ""end_seconds"": 1.2}, {""start_seconds"": 2.4800000000000004, ""end_seconds"": 2.53}]",34.89166259765625,0.6086180806159973,100k,0.48773193359375,0,False,3.4545516967773438,4.111846923828125,4.120391368865967,4.102680206298828,2.8454136848449707,4.232922554016113,3.4397804737091064,common_voice_available_uk,whole_original_recording,0.0,common_voice_available_uk_f743bedc97953f615983a239
100k,7.177192687988281,0.0,0,not_scored_no_time_aligned_reference,3.0,0.21065467596054077,4.5,"[""local_high_frequency_burst"", ""sigmos_overall_below_threshold"", ""sigmos_coloration_below_threshold"", ""ecapa_similarity_below_threshold""]",True,2,"[{""start_seconds"": 0.98, ""end_seconds"": 1.03}, {""start_seconds"": 1.83, ""end_seconds"": 1.87}]",31.51797866821289,0.6086180806159973,100k,0.430816650390625,1,False,2.7386274337768555,4.330121994018555,3.1541481018066406,4.628819465637207,2.6865270137786865,4.420256614685059,3.1837270259857178,common_voice_available_uk,whole_original_recording,1.5,common_voice_available_uk_f743bedc97953f615983a239
100k,7.361993312835693,0.0,0,not_scored_no_time_aligned_reference,3.0,0.28718888759613037,5.429333333333333,"[""local_high_frequency_burst"", ""sigmos_overall_below_threshold"", ""sigmos_speech_below_threshold"", ""sigmos_coloration_below_threshold"", ""ecapa_similarity_below_threshold""]",True,2,"[{""start_seconds"": 0.049999999999999996, ""end_seconds"": 0.11}, {""start_seconds"": 0.9, ""end_seconds"": 0.9400000000000001}]",33.376304626464844,0.6110054850578308,100k,0.384613037109375,2,False,2.864941358566284,3.8138036727905273,3.799656629562378,4.351155757904053,2.430022716522217,4.480785369873047,2.908745765686035,common_voice_available_uk,whole_original_recording,2.429333333333333,common_voice_available_uk_f743bedc97953f615983a239
100k,6.74513053894043,0.0,0,not_scored_no_time_aligned_reference,3.0,0.11678121238946915,3.0,"[""local_high_frequency_burst"", ""sigmos_overall_below_threshold"", ""sigmos_speech_below_threshold"", ""sigmos_coloration_below_threshold"", ""ecapa_similarity_below_threshold""]",True,2,"[{""start_seconds"": 0.63, ""end_seconds"": 0.72}, {""start_seconds"": 2.24, ""end_seconds"": 2.3}]",33.2774772644043,0.8685028553009033,100k,0.31793212890625,0,False,2.901459217071533,4.101669788360596,3.278333902359009,3.5333383083343506,2.5392019748687744,3.833608865737915,2.825286388397217,common_voice_available_uk,whole_original_recording,0.0,common_voice_available_uk_8385beef90995b59e1a74f50
100k,7.063000679016113,0.0,0,not_scored_no_time_aligned_reference,3.0,0.18403035402297974,3.968,"[""local_high_frequency_burst"", ""sigmos_overall_below_threshold"", ""sigmos_speech_below_threshold"", ""sigmos_coloration_below_threshold"", ""ecapa_similarity_below_threshold""]",True,2,"[{""start_seconds"": 1.3, ""end_seconds"": 1.34}, {""start_seconds"": 2.5, ""end_seconds"": 2.57}]",40.20120620727539,0.9147036075592041,100k,0.30963134765625,1,False,2.9186155796051025,3.0981040000915527,3.3229598999023438,3.6635241508483887,2.3376028537750244,4.062582969665527,2.7381885051727295,common_voice_available_uk,whole_original_recording,0.968,common_voice_available_uk_8385beef90995b59e1a74f50
100k,6.4716901779174805,0.0,0,not_scored_no_time_aligned_reference,3.0,0.2767903208732605,3.0,"[""sigmos_overall_below_threshold"", ""sigmos_speech_below_threshold"", ""sigmos_coloration_below_threshold"", ""ecapa_similarity_below_threshold""]",True,0,[],25.800518035888672,0.8678577542304993,100k,0.0870361328125,0,False,2.8243861198425293,3.3981852531433105,3.607821226119995,4.187921524047852,2.1650922298431396,3.961904764175415,2.3828485012054443,common_voice_available_uk,whole_original_recording,0.0,common_voice_available_uk_5df6da1d671744faf0228008
100k,6.390231132507324,0.0,0,not_scored_no_time_aligned_reference,3.0,0.2585022449493408,3.584,"[""sigmos_overall_below_threshold"", ""sigmos_speech_below_threshold"", ""sigmos_coloration_below_threshold"", ""ecapa_similarity_below_threshold""]",True,0,[],34.567466735839844,0.8748424053192139,100k,0.08233642578125,1,False,2.7990880012512207,3.2216789722442627,3.652759075164795,3.6312968730926514,2.3493168354034424,4.180887222290039,2.7214887142181396,common_voice_available_uk,whole_original_recording,0.584,common_voice_available_uk_5df6da1d671744faf0228008
100k,6.403664588928223,0.0,0,not_scored_no_time_aligned_reference,3.0,0.19049754738807678,3.0,"[""local_high_frequency_burst"", ""sigmos_overall_below_threshold"", ""ecapa_similarity_below_threshold""]",True,1,"[{""start_seconds"": 0.16, ""end_seconds"": 0.36}]",49.98247528076172,0.9239075779914856,100k,0.24432373046875,0,False,3.0445048809051514,4.292625427246094,4.055850028991699,4.23939847946167,2.8506853580474854,3.6584248542785645,3.3083763122558594,common_voice_available_uk,whole_original_recording,0.0,common_voice_available_uk_dc9184e104ead558fbc5c7b7
100k,7.025155544281006,0.0,0,not_scored_no_time_aligned_reference,3.0,0.24681584537029266,4.352,"[""local_high_frequency_burst"", ""sigmos_overall_below_threshold"", ""sigmos_speech_below_threshold"", ""sigmos_coloration_below_threshold"", ""ecapa_similarity_below_threshold""]",True,2,"[{""start_seconds"": 1.71, ""end_seconds"": 1.77}, {""start_seconds"": 2.6300000000000003, ""end_seconds"": 2.7399999999999998}]",40.45634460449219,0.924603283405304,100k,0.24151611328125,1,False,2.222308874130249,3.7202584743499756,3.5897514820098877,4.158404350280762,2.100094795227051,4.392438888549805,2.4152398109436035,common_voice_available_uk,whole_original_recording,1.352,common_voice_available_uk_dc9184e104ead558fbc5c7b7
100k,6.843529224395752,0.0,0,not_scored_no_time_aligned_reference,2.1226666666666665,0.1839064657688141,2.1226666666666665,"[""sigmos_overall_below_threshold"", ""sigmos_speech_below_threshold"", ""sigmos_coloration_below_threshold"", ""ecapa_similarity_below_threshold""]",True,0,[],30.911914825439453,0.1531292200088501,100k,0.342498779296875,0,True,2.347893476486206,3.1427979469299316,3.4097342491149902,3.327035665512085,2.3848369121551514,3.1164088249206543,2.4223623275756836,common_voice_available_uk,whole_original_recording,0.0,common_voice_available_uk_25496b7e922861903ae70344
100k,7.1178879737854,0.0,0,not_scored_no_time_aligned_reference,3.0,0.2573312819004059,3.0,"[""local_high_frequency_burst"", ""sigmos_overall_below_threshold"", ""sigmos_speech_below_threshold"", ""ecapa_similarity_below_threshold""]",True,1,"[{""start_seconds"": 2.5700000000000003, ""end_seconds"": 2.6199999999999997}]",30.64098358154297,0.9065354466438293,100k,0.244476318359375,0,False,3.2396373748779297,4.119719982147217,3.3520078659057617,3.7073919773101807,2.493074893951416,4.1820831298828125,2.9261505603790283,common_voice_available_uk,whole_original_recording,0.0,common_voice_available_uk_1093ca3ef2555953dd84f3f8
100k,7.1801652908325195,0.0,0,not_scored_no_time_aligned_reference,3.0,0.2420390397310257,3.9466666666666668,"[""local_high_frequency_burst"", ""sigmos_overall_below_threshold"", ""sigmos_speech_below_threshold"", ""sigmos_coloration_below_threshold"", ""ecapa_similarity_below_threshold""]",True,1,"[{""start_seconds"": 1.6199999999999999, ""end_seconds"": 1.68}]",29.762657165527344,0.9068982601165771,100k,0.244476318359375,1,False,2.521427869796753,4.583155632019043,2.8585116863250732,3.5139076709747314,2.3123509883880615,3.201108694076538,2.8012592792510986,common_voice_available_uk,whole_original_recording,0.9466666666666667,common_voice_available_uk_1093ca3ef2555953dd84f3f8
100k,7.207833290100098,0.0,0,not_scored_no_time_aligned_reference,2.9546666666666668,0.3674040138721466,2.9546666666666668,"[""local_high_frequency_burst"", ""sigmos_overall_below_threshold"", ""sigmos_speech_below_threshold"", ""sigmos_coloration_below_threshold"", ""ecapa_similarity_below_threshold""]",True,1,"[{""start_seconds"": 2.62, ""end_seconds"": 2.6799999999999997}]",33.02797317504883,0.578909695148468,100k,0.515106201171875,0,True,2.7726588249206543,3.7439053058624268,4.3716020584106445,3.4751548767089844,2.2982680797576904,3.554589033126831,2.7592856884002686,common_voice_available_uk,whole_original_recording,0.0,common_voice_available_uk_fdbb9a5975ea1f367f937a09
100k,7.012566566467285,0.0,0,not_scored_no_time_aligned_reference,3.0,0.32025566697120667,3.0,"[""local_high_frequency_burst"", ""sigmos_overall_below_threshold"", ""sigmos_speech_below_threshold"", ""sigmos_coloration_below_threshold"", ""ecapa_similarity_below_threshold""]",True,1,"[{""start_seconds"": 2.0700000000000003, ""end_seconds"": 2.11}]",32.916664123535156,0.83890700340271,100k,0.2081298828125,0,False,1.8002681732177734,3.6942076683044434,3.833120346069336,3.670419216156006,2.33331036567688,3.5068204402923584,2.865629196166992,fleurs_uk,whole_original_recording,0.0,fleurs_uk_350d3947d45f086529521fa8
100k,7.287766456604004,0.0,0,not_scored_no_time_aligned_reference,3.0,0.3317592144012451,4.5,"[""local_high_frequency_burst"", ""sigmos_overall_below_threshold"", ""sigmos_speech_below_threshold"", ""sigmos_coloration_below_threshold"", ""ecapa_similarity_below_threshold""]",True,2,"[{""start_seconds"": 0.57, ""end_seconds"": 0.61}, {""start_seconds"": 2.43, ""end_seconds"": 2.48}]",32.916664123535156,0.83890700340271,100k,0.19482421875,1,False,2.510348081588745,3.988400936126709,3.4053003787994385,3.7176618576049805,2.192999839782715,4.118358612060547,2.4162356853485107,fleurs_uk,whole_original_recording,1.5,fleurs_uk_350d3947d45f086529521fa8
100k,7.195003509521484,0.0,0,not_scored_no_time_aligned_reference,3.0,0.3992593586444855,6.0,"[""local_high_frequency_burst"", ""sigmos_overall_below_threshold"", ""sigmos_speech_below_threshold"", ""sigmos_coloration_below_threshold"", ""ecapa_similarity_below_threshold""]",True,2,"[{""start_seconds"": 0.9299999999999999, ""end_seconds"": 0.98}, {""start_seconds"": 1.61, ""end_seconds"": 1.71}]",30.438949584960938,0.846646249294281,100k,0.186004638671875,2,False,2.7796432971954346,3.6026928424835205,3.518158435821533,3.8353166580200195,2.378904342651367,3.4953603744506836,2.802840232849121,fleurs_uk,whole_original_recording,3.0,fleurs_uk_350d3947d45f086529521fa8
100k,7.044605255126953,0.0,0,not_scored_no_time_aligned_reference,3.0,0.48645710945129395,7.2,"[""local_high_frequency_burst"", ""sigmos_overall_below_threshold"", ""sigmos_speech_below_threshold"", ""sigmos_coloration_below_threshold"", ""ecapa_similarity_below_threshold""]",True,1,"[{""start_seconds"": 0.41, ""end_seconds"": 0.51}]",29.936004638671875,0.846646249294281,100k,0.186004638671875,3,False,2.462641477584839,4.068951606750488,3.8490147590637207,3.7881720066070557,2.4023241996765137,3.8126227855682373,2.7009658813476562,fleurs_uk,whole_original_recording,4.2,fleurs_uk_350d3947d45f086529521fa8
100k,6.446438312530518,0.0,0,not_scored_no_time_aligned_reference,3.0,0.43313589692115784,3.0,"[""local_high_frequency_burst"", ""sigmos_overall_below_threshold"", ""sigmos_speech_below_threshold"", ""sigmos_coloration_below_threshold"", ""ecapa_similarity_below_threshold""]",True,1,"[{""start_seconds"": 2.9000000000000004, ""end_seconds"": 2.9499999999999997}]",50.497066497802734,0.9227167367935181,100k,0.17156982421875,0,False,2.654291868209839,4.231131553649902,3.931645631790161,3.5705103874206543,2.2251968383789062,3.8160667419433594,2.563344955444336,fleurs_uk,whole_original_recording,0.0,fleurs_uk_bc037eb72dd327b4cd78664e
100k,6.689413070678711,0.0,0,not_scored_no_time_aligned_reference,3.0,0.4784182012081146,4.5,"[""local_high_frequency_burst"", ""sigmos_overall_below_threshold"", ""sigmos_speech_below_threshold"", ""ecapa_similarity_below_threshold""]",True,3,"[{""start_seconds"": 1.4, ""end_seconds"": 1.45}, {""start_seconds"": 1.78, ""end_seconds"": 1.85}, {""start_seconds"": 2.41, ""end_seconds"": 2.4299999999999997}]",34.76040267944336,0.9227167367935181,100k,0.16229248046875,1,False,3.05538272857666,3.5626096725463867,3.530592679977417,3.4675216674804688,2.221653699874878,4.120476245880127,2.5252792835235596,fleurs_uk,whole_original_recording,1.5,fleurs_uk_bc037eb72dd327b4cd78664e
100k,7.056589603424072,0.0,0,not_scored_no_time_aligned_reference,3.0,0.4349358379840851,6.0,"[""local_high_frequency_burst"", ""sigmos_overall_below_threshold"", ""sigmos_speech_below_threshold"", ""sigmos_coloration_below_threshold"", ""ecapa_similarity_below_threshold""]",True,2,"[{""start_seconds"": 0.27999999999999997, ""end_seconds"": 0.35000000000000003}, {""start_seconds"": 0.91, ""end_seconds"": 0.93}]",35.881526947021484,0.884131669998169,100k,0.168426513671875,2,False,2.434760093688965,3.8585972785949707,4.061224937438965,3.5529048442840576,2.153144121170044,3.475433349609375,2.4723103046417236,fleurs_uk,whole_original_recording,3.0,fleurs_uk_bc037eb72dd327b4cd78664e
100k,6.759788513183594,0.0,0,not_scored_no_time_aligned_reference,3.0,0.42931824922561646,7.5,"[""sigmos_overall_below_threshold"", ""sigmos_speech_below_threshold"", ""sigmos_coloration_below_threshold"", ""ecapa_similarity_below_threshold""]",True,0,[],26.878536224365234,0.46411633491516113,100k,0.168426513671875,3,False,2.5854926109313965,3.605299472808838,3.1989142894744873,4.327983856201172,2.259359836578369,3.7002999782562256,2.505139112472534,fleurs_uk,whole_original_recording,4.5,fleurs_uk_bc037eb72dd327b4cd78664e
100k,6.737565040588379,0.0,0,not_scored_no_time_aligned_reference,3.0,0.4340430498123169,8.842666666666666,"[""local_high_frequency_burst"", ""sigmos_overall_below_threshold"", ""sigmos_speech_below_threshold"", ""sigmos_coloration_below_threshold"", ""ecapa_similarity_below_threshold""]",True,3,"[{""start_seconds"": 1.57, ""end_seconds"": 1.59}, {""start_seconds"": 2.16, ""end_seconds"": 2.2199999999999998}, {""start_seconds"": 2.3200000000000003, ""end_seconds"": 2.3899999999999997}]",32.659629821777344,0.9079188108444214,100k,0.159332275390625,4,False,2.5407111644744873,3.501487970352173,3.526324987411499,3.553030014038086,2.4626548290252686,3.773538589477539,2.967242479324341,fleurs_uk,whole_original_recording,5.842666666666666,fleurs_uk_bc037eb72dd327b4cd78664e
100k,6.892885684967041,0.0,0,not_scored_no_time_aligned_reference,3.0,0.4219845235347748,3.0,"[""sigmos_overall_below_threshold"", ""ecapa_similarity_below_threshold""]",True,0,[],27.71605682373047,0.9508020877838135,100k,0.0654296875,0,False,3.296677589416504,3.3667845726013184,3.9887306690216064,4.506880760192871,2.754333257675171,4.317049026489258,3.087757110595703,fleurs_uk,whole_original_recording,0.0,fleurs_uk_7904a0562b1ddbc92534b1fe
100k,7.253281116485596,0.0,0,not_scored_no_time_aligned_reference,3.0,0.4195877015590668,4.5,"[""sigmos_overall_below_threshold"", ""sigmos_speech_below_threshold"", ""sigmos_coloration_below_threshold"", ""ecapa_similarity_below_threshold""]",True,0,[],24.38216781616211,0.9508020877838135,100k,0.0654296875,1,False,2.2410809993743896,4.099283695220947,3.2010409832000732,3.9164507389068604,2.218407154083252,3.8988800048828125,2.552564859390259,fleurs_uk,whole_original_recording,1.5,fleurs_uk_7904a0562b1ddbc92534b1fe
100k,6.851343154907227,0.0,0,not_scored_no_time_aligned_reference,3.0,0.37053990364074707,6.0,"[""sigmos_overall_below_threshold"", ""sigmos_speech_below_threshold"", ""sigmos_coloration_below_threshold"", ""ecapa_similarity_below_threshold""]",True,0,[],28.074020385742188,0.9062848091125488,100k,0.066741943359375,2,False,2.530433416366577,4.371985912322998,3.158599615097046,3.86667799949646,2.2836451530456543,4.072539806365967,2.5677385330200195,fleurs_uk,whole_original_recording,3.0,fleurs_uk_7904a0562b1ddbc92534b1fe
100k,5.501014709472656,0.0,0,not_scored_no_time_aligned_reference,3.0,0.3075639009475708,7.5,"[""sigmos_overall_below_threshold"", ""sigmos_speech_below_threshold"", ""sigmos_coloration_below_threshold"", ""ecapa_similarity_below_threshold""]",True,0,[],27.999984741210938,0.9062848091125488,100k,0.066741943359375,3,False,2.497789144515991,4.295270919799805,3.4721262454986572,3.8296151161193848,1.7857365608215332,3.9350130558013916,2.0381557941436768,fleurs_uk,whole_original_recording,4.5,fleurs_uk_7904a0562b1ddbc92534b1fe
100k,6.1051554679870605,0.0,0,not_scored_no_time_aligned_reference,3.0,0.3218812346458435,9.0,"[""sigmos_overall_below_threshold"", ""sigmos_speech_below_threshold"", ""sigmos_coloration_below_threshold"", ""ecapa_similarity_below_threshold""]",True,0,[],23.093048095703125,0.9365289807319641,100k,0.0545654296875,4,False,2.875349760055542,3.629098892211914,3.635035514831543,3.33703351020813,2.3962209224700928,3.888328790664673,2.787510395050049,fleurs_uk,whole_original_recording,6.0,fleurs_uk_7904a0562b1ddbc92534b1fe
100k,6.63912296295166,0.0,0,not_scored_no_time_aligned_reference,3.0,0.42899471521377563,10.5,"[""sigmos_overall_below_threshold"", ""sigmos_coloration_below_threshold"", ""ecapa_similarity_below_threshold""]",True,0,[],26.88815689086914,0.9365289807319641,100k,0.0545654296875,5,False,2.896587371826172,3.498746871948242,3.5415711402893066,3.3298816680908203,2.3981335163116455,4.008664131164551,3.0254275798797607,fleurs_uk,whole_original_recording,7.5,fleurs_uk_7904a0562b1ddbc92534b1fe
100k,6.880016803741455,0.0,0,not_scored_no_time_aligned_reference,3.0,0.4174862504005432,12.0,"[""sigmos_overall_below_threshold"", ""sigmos_speech_below_threshold"", ""ecapa_similarity_below_threshold""]",True,0,[],28.35422134399414,0.9349652528762817,100k,0.053314208984375,6,False,3.2575926780700684,3.683372735977173,3.4732346534729004,3.27396821975708,2.3839356899261475,4.686914443969727,2.8869028091430664,fleurs_uk,whole_original_recording,9.0,fleurs_uk_7904a0562b1ddbc92534b1fe
100k,6.81701135635376,0.0,0,not_scored_no_time_aligned_reference,3.0,0.4081912338733673,12.277333333333333,"[""sigmos_overall_below_threshold"", ""sigmos_speech_below_threshold"", ""sigmos_coloration_below_threshold"", ""ecapa_similarity_below_threshold""]",True,0,[],28.73398208618164,0.9373955726623535,100k,0.053314208984375,7,False,2.7973244190216064,3.468750238418579,2.940836191177368,3.230262517929077,2.3681981563568115,3.7412638664245605,2.7219576835632324,fleurs_uk,whole_original_recording,9.277333333333333,fleurs_uk_7904a0562b1ddbc92534b1fe
100k,6.411190509796143,0.0,0,not_scored_no_time_aligned_reference,3.0,0.23853927850723267,3.0,"[""local_high_frequency_burst"", ""sigmos_overall_below_threshold"", ""sigmos_speech_below_threshold"", ""sigmos_coloration_below_threshold"", ""ecapa_similarity_below_threshold""]",True,2,"[{""start_seconds"": 0.77, ""end_seconds"": 0.83}, {""start_seconds"": 0.92, ""end_seconds"": 0.99}]",29.095294952392578,0.9136616587638855,100k,0.214996337890625,0,False,2.6458795070648193,4.114885330200195,3.383202314376831,3.5804154872894287,2.430527925491333,3.327331066131592,2.811384677886963,fleurs_uk,whole_original_recording,0.0,fleurs_uk_ac4c585497c3180ca5d0edae
100k,7.160886764526367,0.0,0,not_scored_no_time_aligned_reference,3.0,0.24112772941589355,4.5,"[""local_high_frequency_burst"", ""sigmos_overall_below_threshold"", ""sigmos_speech_below_threshold"", ""sigmos_coloration_below_threshold"", ""ecapa_similarity_below_threshold""]",True,1,"[{""start_seconds"": 2.85, ""end_seconds"": 2.8899999999999997}]",26.006851196289062,0.8570383191108704,100k,0.207916259765625,1,False,2.474348783493042,3.7252070903778076,3.70882511138916,3.7168731689453125,1.9002737998962402,3.4714324474334717,2.0945863723754883,fleurs_uk,whole_original_recording,1.5,fleurs_uk_ac4c585497c3180ca5d0edae
100k,6.641479015350342,0.0,0,not_scored_no_time_aligned_reference,3.0,0.2782810926437378,6.0,"[""local_high_frequency_burst"", ""sigmos_overall_below_threshold"", ""sigmos_speech_below_threshold"", ""sigmos_coloration_below_threshold"", ""ecapa_similarity_below_threshold""]",True,1,"[{""start_seconds"": 1.35, ""end_seconds"": 1.39}]",30.703125,0.8570383191108704,100k,0.1993408203125,2,False,2.682509422302246,4.164062976837158,3.6993956565856934,4.116327285766602,2.508375406265259,4.3668413162231445,2.827913284301758,fleurs_uk,whole_original_recording,3.0,fleurs_uk_ac4c585497c3180ca5d0edae
100k,6.598435401916504,0.0,0,not_scored_no_time_aligned_reference,3.0,0.2888755202293396,7.5,"[""local_high_frequency_burst"", ""sigmos_overall_below_threshold"", ""sigmos_speech_below_threshold"", ""sigmos_coloration_below_threshold"", ""ecapa_similarity_below_threshold""]",True,1,"[{""start_seconds"": 1.74, ""end_seconds"": 1.82}]",27.814247131347656,0.9295783042907715,100k,0.19921875,3,False,2.328209161758423,3.8121259212493896,3.433866024017334,3.8573968410491943,1.9796538352966309,3.892393112182617,2.24088716506958,fleurs_uk,whole_original_recording,4.5,fleurs_uk_ac4c585497c3180ca5d0edae
100k,6.7705254554748535,0.0,0,not_scored_no_time_aligned_reference,3.0,0.28620445728302,9.0,"[""local_high_frequency_burst"", ""sigmos_overall_below_threshold"", ""sigmos_speech_below_threshold"", ""sigmos_coloration_below_threshold"", ""ecapa_similarity_below_threshold""]",True,1,"[{""start_seconds"": 0.24, ""end_seconds"": 0.32}]",30.795730590820312,0.9295783042907715,100k,0.19921875,4,False,1.5499804019927979,3.8801262378692627,3.597252607345581,4.18056583404541,2.0068085193634033,2.86417293548584,2.190958261489868,fleurs_uk,whole_original_recording,6.0,fleurs_uk_ac4c585497c3180ca5d0edae
100k,6.853466510772705,0.0,0,not_scored_no_time_aligned_reference,3.0,0.27403485774993896,10.5,"[""local_high_frequency_burst"", ""sigmos_overall_below_threshold"", ""sigmos_speech_below_threshold"", ""ecapa_similarity_below_threshold""]",True,1,"[{""start_seconds"": 2.54, ""end_seconds"": 2.6399999999999997}]",30.795730590820312,0.9513451457023621,100k,0.2005615234375,5,False,3.1438474655151367,3.4481756687164307,3.536383628845215,3.126882791519165,2.4269659519195557,3.418513536453247,2.7776217460632324,fleurs_uk,whole_original_recording,7.5,fleurs_uk_ac4c585497c3180ca5d0edae
100k,7.218116760253906,0.0,0,not_scored_no_time_aligned_reference,3.0,0.24963389337062836,12.0,"[""local_high_frequency_burst"", ""sigmos_overall_below_threshold"", ""ecapa_similarity_below_threshold""]",True,2,"[{""start_seconds"": 1.04, ""end_seconds"": 1.14}, {""start_seconds"": 1.44, ""end_seconds"": 1.51}]",38.45341110229492,0.9513451457023621,100k,0.20989990234375,6,False,3.1651556491851807,3.407491445541382,3.649921417236328,3.3523404598236084,2.7556872367858887,3.681363105773926,3.0094282627105713,fleurs_uk,whole_original_recording,9.0,fleurs_uk_ac4c585497c3180ca5d0edae
100k,6.997338771820068,0.0,0,not_scored_no_time_aligned_reference,3.0,0.20856837928295135,13.5,"[""sigmos_overall_below_threshold"", ""sigmos_speech_below_threshold"", ""sigmos_coloration_below_threshold"", ""ecapa_similarity_below_threshold""]",True,0,[],25.209125518798828,0.3384161591529846,100k,0.20989990234375,7,False,2.952916145324707,3.966050863265991,3.3603429794311523,4.2479400634765625,2.277423858642578,3.2375283241271973,2.6462957859039307,fleurs_uk,whole_original_recording,10.5,fleurs_uk_ac4c585497c3180ca5d0edae
100k,7.024611473083496,0.0,0,not_scored_no_time_aligned_reference,3.0,0.2726197838783264,14.72,"[""sigmos_overall_below_threshold"", ""sigmos_speech_below_threshold"", ""sigmos_coloration_below_threshold"", ""ecapa_similarity_below_threshold""]",True,0,[],35.99476623535156,0.2551933228969574,100k,0.202728271484375,8,False,2.662280797958374,4.730456352233887,3.7962636947631836,4.0390849113464355,2.8008460998535156,3.9807186126708984,2.9981164932250977,fleurs_uk,whole_original_recording,11.72,fleurs_uk_ac4c585497c3180ca5d0edae
100k,6.955540657043457,0.0,0,not_scored_no_time_aligned_reference,3.0,0.41032880544662476,3.0,"[""local_high_frequency_burst"", ""sigmos_overall_below_threshold"", ""sigmos_coloration_below_threshold"", ""ecapa_similarity_below_threshold""]",True,2,"[{""start_seconds"": 0.77, ""end_seconds"": 0.79}, {""start_seconds"": 0.8099999999999999, ""end_seconds"": 0.83}]",26.81580352783203,0.8930222392082214,100k,0.064056396484375,0,False,2.6344804763793945,4.112831115722656,3.6031079292297363,3.991966724395752,2.9234418869018555,4.459128379821777,3.479522943496704,fleurs_uk,whole_original_recording,0.0,fleurs_uk_225ede107a48491a57745bb8
100k,6.857700824737549,0.0,0,not_scored_no_time_aligned_reference,3.0,0.40374070405960083,4.5,"[""sigmos_overall_below_threshold"", ""sigmos_speech_below_threshold"", ""sigmos_coloration_below_threshold"", ""ecapa_similarity_below_threshold""]",True,0,[],18.481746673583984,0.7304022908210754,100k,0.064056396484375,1,False,2.4106669425964355,3.7012555599212646,3.2995853424072266,3.866124391555786,2.1032540798187256,4.519698143005371,2.696547269821167,fleurs_uk,whole_original_recording,1.5,fleurs_uk_225ede107a48491a57745bb8
100k,6.731314182281494,0.0,0,not_scored_no_time_aligned_reference,3.0,0.46474263072013855,6.0,"[""sigmos_overall_below_threshold"", ""sigmos_speech_below_threshold"", ""sigmos_noise_below_threshold"", ""sigmos_coloration_below_threshold"", ""ecapa_similarity_below_threshold""]",True,0,[],23.421688079833984,0.8871728181838989,100k,0.069427490234375,2,False,2.4617583751678467,4.018301963806152,3.171412706375122,2.9232072830200195,2.574763774871826,4.550143718719482,2.993182420730591,fleurs_uk,whole_original_recording,3.0,fleurs_uk_225ede107a48491a57745bb8
100k,6.782514572143555,0.0,0,not_scored_no_time_aligned_reference,3.0,0.45557746291160583,7.5,"[""sigmos_overall_below_threshold"", ""sigmos_speech_below_threshold"", ""sigmos_coloration_below_threshold"", ""ecapa_similarity_below_threshold""]",True,0,[],25.348125457763672,0.8871728181838989,100k,0.069427490234375,3,False,2.2946503162384033,3.5674123764038086,3.480167865753174,3.6126959323883057,2.151045560836792,4.250473976135254,2.652686357498169,fleurs_uk,whole_original_recording,4.5,fleurs_uk_225ede107a48491a57745bb8
100k,6.935303688049316,0.0,0,not_scored_no_time_aligned_reference,3.0,0.3619632124900818,9.0,"[""sigmos_overall_below_threshold"", ""sigmos_speech_below_threshold"", ""sigmos_coloration_below_threshold"", ""ecapa_similarity_below_threshold""]",True,0,[],25.348125457763672,0.8415678143501282,100k,0.064666748046875,4,False,2.4898431301116943,4.415539741516113,3.4404218196868896,4.257785797119141,2.3789613246917725,4.567136287689209,2.7910521030426025,fleurs_uk,whole_original_recording,6.0,fleurs_uk_225ede107a48491a57745bb8
100k,6.734863758087158,0.0,0,not_scored_no_time_aligned_reference,3.0,0.28746238350868225,10.5,"[""sigmos_overall_below_threshold"", ""sigmos_speech_below_threshold"", ""sigmos_coloration_below_threshold"", ""ecapa_similarity_below_threshold""]",True,0,[],33.88996887207031,0.26060792803764343,100k,0.06402587890625,5,False,2.876368284225464,3.7437028884887695,3.534026622772217,4.058606147766113,2.516021728515625,3.721745491027832,2.8799571990966797,fleurs_uk,whole_original_recording,7.5,fleurs_uk_225ede107a48491a57745bb8
100k,6.573126792907715,0.0,0,not_scored_no_time_aligned_reference,3.0,0.38527676463127136,12.0,"[""sigmos_overall_below_threshold"", ""sigmos_speech_below_threshold"", ""sigmos_coloration_below_threshold"", ""ecapa_similarity_below_threshold""]",True,0,[],24.899459838867188,0.5838311314582825,100k,0.037628173828125,6,False,2.9711787700653076,3.48039174079895,3.2118401527404785,3.6506073474884033,2.6049036979675293,3.6104962825775146,2.9757914543151855,fleurs_uk,whole_original_recording,9.0,fleurs_uk_225ede107a48491a57745bb8
100k,6.596836566925049,0.0,0,not_scored_no_time_aligned_reference,3.0,0.3868667781352997,12.416,"[""sigmos_overall_below_threshold"", ""sigmos_speech_below_threshold"", ""sigmos_coloration_below_threshold"", ""ecapa_similarity_below_threshold""]",True,0,[],24.663040161132812,0.5877386331558228,100k,0.037628173828125,7,False,2.535291910171509,3.6397557258605957,3.3381149768829346,3.742584228515625,2.298656702041626,3.7473230361938477,2.640825033187866,fleurs_uk,whole_original_recording,9.416,fleurs_uk_225ede107a48491a57745bb8
100k,6.9862236976623535,0.0,0,not_scored_no_time_aligned_reference,3.0,0.25501391291618347,3.0,"[""local_high_frequency_burst"", ""sigmos_overall_below_threshold"", ""sigmos_speech_below_threshold"", ""sigmos_coloration_below_threshold"", ""sigmos_discontinuity_below_threshold"", ""ecapa_similarity_below_threshold""]",True,5,"[{""start_seconds"": 0.31, ""end_seconds"": 0.35000000000000003}, {""start_seconds"": 0.49, ""end_seconds"": 0.55}, {""start_seconds"": 1.18, ""end_seconds"": 1.23}, {""start_seconds"": 1.46, ""end_seconds"": 1.52}, {""start_seconds"": 1.72, ""end_seconds"": 1.75}]",35.388431549072266,0.751781702041626,100k,0.498870849609375,0,False,2.7411863803863525,2.8964054584503174,3.5979037284851074,3.611440658569336,2.385544776916504,4.090950965881348,2.8203325271606445,fleurs_uk,whole_original_recording,0.0,fleurs_uk_86eeeca26010ecd282f2be86
100k,7.165797233581543,0.0,0,not_scored_no_time_aligned_reference,3.0,0.3569242060184479,4.5,"[""local_high_frequency_burst"", ""sigmos_overall_below_threshold"", ""sigmos_speech_below_threshold"", ""sigmos_coloration_below_threshold"", ""sigmos_discontinuity_below_threshold"", ""ecapa_similarity_below_threshold""]",True,1,"[{""start_seconds"": 0.22, ""end_seconds"": 0.25}]",26.93523406982422,0.64983069896698,100k,0.526702880859375,1,False,2.5400397777557373,2.789550542831421,3.378960609436035,3.8895609378814697,2.272993326187134,3.8746390342712402,2.6159908771514893,fleurs_uk,whole_original_recording,1.5,fleurs_uk_86eeeca26010ecd282f2be86
100k,7.0719475746154785,0.0,0,not_scored_no_time_aligned_reference,3.0,0.31786516308784485,6.0,"[""local_high_frequency_burst"", ""sigmos_overall_below_threshold"", ""sigmos_speech_below_threshold"", ""sigmos_coloration_below_threshold"", ""ecapa_similarity_below_threshold""]",True,2,"[{""start_seconds"": 1.51, ""end_seconds"": 1.55}, {""start_seconds"": 2.2300000000000004, ""end_seconds"": 2.2899999999999996}]",28.838706970214844,0.6309378147125244,100k,0.53753662109375,2,False,2.8866753578186035,3.1681089401245117,3.4454123973846436,3.229496479034424,2.318411111831665,4.19306755065918,2.4373550415039062,fleurs_uk,whole_original_recording,3.0,fleurs_uk_86eeeca26010ecd282f2be86
100k,6.5253586769104,0.0,0,not_scored_no_time_aligned_reference,3.0,0.1911737471818924,7.5,"[""local_high_frequency_burst"", ""sigmos_overall_below_threshold"", ""sigmos_speech_below_threshold"", ""sigmos_coloration_below_threshold"", ""ecapa_similarity_below_threshold""]",True,3,"[{""start_seconds"": 0.73, ""end_seconds"": 0.79}, {""start_seconds"": 2.29, ""end_seconds"": 2.3099999999999996}, {""start_seconds"": 2.7300000000000004, ""end_seconds"": 2.76}]",24.08159637451172,0.6309378147125244,100k,0.53753662109375,3,False,2.5540382862091064,3.40651798248291,3.477221965789795,3.645159959793091,2.3344671726226807,3.5628373622894287,2.735689878463745,fleurs_uk,whole_original_recording,4.5,fleurs_uk_86eeeca26010ecd282f2be86
100k,6.63245964050293,0.0,0,not_scored_no_time_aligned_reference,3.0,0.22784316539764404,7.8933333333333335,"[""local_high_frequency_burst"", ""sigmos_overall_below_threshold"", ""sigmos_coloration_below_threshold"", ""ecapa_similarity_below_threshold""]",True,3,"[{""start_seconds"": 0.33999999999999997, ""end_seconds"": 0.4}, {""start_seconds"": 2.33, ""end_seconds"": 2.3699999999999997}, {""start_seconds"": 2.6100000000000003, ""end_seconds"": 2.67}]",30.397441864013672,0.6456149220466614,100k,0.52874755859375,4,False,2.24440860748291,3.6043715476989746,3.04073429107666,3.6777424812316895,2.930915355682373,3.8752505779266357,3.340033531188965,fleurs_uk,whole_original_recording,4.8933333333333335,fleurs_uk_86eeeca26010ecd282f2be86
100k,6.529651165008545,0.0,0,not_scored_no_time_aligned_reference,3.0,0.4614362120628357,3.0,"[""local_high_frequency_burst"", ""sigmos_overall_below_threshold"", ""sigmos_speech_below_threshold"", ""sigmos_coloration_below_threshold"", ""ecapa_similarity_below_threshold""]",True,1,"[{""start_seconds"": 2.5300000000000002, ""end_seconds"": 2.5599999999999996}]",32.78887176513672,0.9184404611587524,100k,0.05645751953125,0,False,2.8534083366394043,3.6537582874298096,3.628516435623169,4.530542373657227,2.335162401199341,3.91111159324646,2.822932004928589,fleurs_uk,whole_original_recording,0.0,fleurs_uk_425f732c83e777999a23f231
100k,6.483103275299072,0.0,0,not_scored_no_time_aligned_reference,3.0,0.4418428838253021,4.5,"[""local_high_frequency_burst"", ""sigmos_overall_below_threshold"", ""sigmos_speech_below_threshold"", ""sigmos_coloration_below_threshold"", ""ecapa_similarity_below_threshold""]",True,1,"[{""start_seconds"": 1.03, ""end_seconds"": 1.06}]",32.78887176513672,0.9184404611587524,100k,0.0682373046875,1,False,2.5967605113983154,4.580450534820557,3.2128241062164307,4.116184234619141,2.345625400543213,3.73769211769104,2.650745153427124,fleurs_uk,whole_original_recording,1.5,fleurs_uk_425f732c83e777999a23f231
100k,6.339417934417725,0.0,0,not_scored_no_time_aligned_reference,3.0,0.4283655881881714,6.0,"[""local_high_frequency_burst"", ""sigmos_overall_below_threshold"", ""sigmos_speech_below_threshold"", ""ecapa_similarity_below_threshold""]",True,1,"[{""start_seconds"": 2.91, ""end_seconds"": 2.96}]",30.924999237060547,0.9126936793327332,100k,0.0682373046875,2,False,3.1765687465667725,3.4971861839294434,3.467440366744995,4.0295820236206055,2.3180253505706787,3.883680820465088,2.7417638301849365,fleurs_uk,whole_original_recording,3.0,fleurs_uk_425f732c83e777999a23f231
100k,6.825484275817871,0.0,0,not_scored_no_time_aligned_reference,3.0,0.33899208903312683,7.5,"[""local_high_frequency_burst"", ""sigmos_overall_below_threshold"", ""sigmos_speech_below_threshold"", ""sigmos_coloration_below_threshold"", ""ecapa_similarity_below_threshold""]",True,2,"[{""start_seconds"": 1.41, ""end_seconds"": 1.46}, {""start_seconds"": 1.91, ""end_seconds"": 1.93}]",30.12023162841797,0.9239303469657898,100k,0.06103515625,3,False,2.3705649375915527,3.7913818359375,3.268714189529419,4.219779014587402,2.2697203159332275,4.109881401062012,2.642353057861328,fleurs_uk,whole_original_recording,4.5,fleurs_uk_425f732c83e777999a23f231
100k,6.922661304473877,0.0,0,not_scored_no_time_aligned_reference,3.0,0.33423900604248047,9.0,"[""local_high_frequency_burst"", ""sigmos_overall_below_threshold"", ""sigmos_speech_below_threshold"", ""sigmos_coloration_below_threshold"", ""ecapa_similarity_below_threshold""]",True,2,"[{""start_seconds"": 0.41, ""end_seconds"": 0.43}, {""start_seconds"": 1.93, ""end_seconds"": 1.99}]",30.15209197998047,0.9303355813026428,100k,0.051422119140625,4,False,2.6166510581970215,3.9089248180389404,3.2914087772369385,3.8119730949401855,2.3045825958251953,3.552088499069214,2.7708632946014404,fleurs_uk,whole_original_recording,6.0,fleurs_uk_425f732c83e777999a23f231
100k,6.903922080993652,0.0,0,not_scored_no_time_aligned_reference,3.0,0.3537524342536926,9.493333333333334,"[""local_high_frequency_burst"", ""sigmos_overall_below_threshold"", ""sigmos_speech_below_threshold"", ""sigmos_coloration_below_threshold"", ""ecapa_similarity_below_threshold""]",True,3,"[{""start_seconds"": 1.04, ""end_seconds"": 1.06}, {""start_seconds"": 1.44, ""end_seconds"": 1.49}, {""start_seconds"": 1.64, ""end_seconds"": 1.66}]",29.729907989501953,0.9262169003486633,100k,0.051422119140625,5,False,2.750487804412842,3.3060901165008545,3.2473340034484863,4.167640686035156,1.943239688873291,3.961428165435791,2.416428804397583,fleurs_uk,whole_original_recording,6.493333333333333,fleurs_uk_425f732c83e777999a23f231
100k,6.735863208770752,0.0,0,not_scored_no_time_aligned_reference,3.0,0.44824570417404175,3.0,"[""sigmos_overall_below_threshold"", ""sigmos_speech_below_threshold"", ""sigmos_coloration_below_threshold"", ""ecapa_similarity_below_threshold""]",True,0,[],50.32904052734375,0.9277130961418152,100k,0.076934814453125,0,False,2.4681529998779297,4.573756217956543,3.3480100631713867,3.9338183403015137,2.4038140773773193,4.293882369995117,2.697537899017334,fleurs_uk,whole_original_recording,0.0,fleurs_uk_ce9eb2666cb7cc32803ed074
100k,6.630379676818848,0.0,0,not_scored_no_time_aligned_reference,3.0,0.44568783044815063,4.5,"[""local_high_frequency_burst"", ""sigmos_overall_below_threshold"", ""sigmos_speech_below_threshold"", ""sigmos_coloration_below_threshold"", ""ecapa_similarity_below_threshold""]",True,1,"[{""start_seconds"": 1.6, ""end_seconds"": 1.64}]",26.967777252197266,0.9293123483657837,100k,0.064117431640625,1,False,2.1939637660980225,4.21976900100708,3.798611879348755,3.7103323936462402,2.1444766521453857,4.425127983093262,2.4833102226257324,fleurs_uk,whole_original_recording,1.5,fleurs_uk_ce9eb2666cb7cc32803ed074
100k,7.020074367523193,0.0,0,not_scored_no_time_aligned_reference,3.0,0.4124234616756439,6.0,"[""local_high_frequency_burst"", ""sigmos_overall_below_threshold"", ""sigmos_speech_below_threshold"", ""sigmos_coloration_below_threshold"", ""ecapa_similarity_below_threshold""]",True,1,"[{""start_seconds"": 0.1, ""end_seconds"": 0.14}]",30.53325653076172,0.9293123483657837,100k,0.05426025390625,2,False,2.4568727016448975,4.0878400802612305,3.8958189487457275,3.3179433345794678,2.2206506729125977,3.949197769165039,2.568819522857666,fleurs_uk,whole_original_recording,3.0,fleurs_uk_ce9eb2666cb7cc32803ed074
100k,6.562033176422119,0.0,0,not_scored_no_time_aligned_reference,3.0,0.29188480973243713,7.5,"[""sigmos_overall_below_threshold"", ""sigmos_speech_below_threshold"", ""sigmos_coloration_below_threshold"", ""ecapa_similarity_below_threshold""]",True,0,[],31.473899841308594,0.9148437976837158,100k,0.067413330078125,3,False,2.4904892444610596,3.681177854537964,3.522251605987549,4.033936977386475,2.470444679260254,4.449785232543945,2.8336708545684814,fleurs_uk,whole_original_recording,4.5,fleurs_uk_ce9eb2666cb7cc32803ed074
100k,6.89287805557251,0.0,0,not_scored_no_time_aligned_reference,3.0,0.3846854567527771,8.629333333333333,"[""sigmos_overall_below_threshold"", ""sigmos_speech_below_threshold"", ""sigmos_coloration_below_threshold"", ""ecapa_similarity_below_threshold""]",True,0,[],30.86559295654297,0.9393652677536011,100k,0.067413330078125,4,False,2.6107406616210938,3.406528949737549,3.2364041805267334,3.627239942550659,1.9350800514221191,4.334556579589844,2.1050493717193604,fleurs_uk,whole_original_recording,5.629333333333333,fleurs_uk_ce9eb2666cb7cc32803ed074
100k,6.416709899902344,0.0,0,not_scored_no_time_aligned_reference,3.0,0.4739612638950348,3.0,"[""local_high_frequency_burst"", ""sigmos_overall_below_threshold"", ""sigmos_coloration_below_threshold"", ""ecapa_similarity_below_threshold""]",True,2,"[{""start_seconds"": 0.36, ""end_seconds"": 0.41000000000000003}, {""start_seconds"": 1.16, ""end_seconds"": 1.2}]",32.91937255859375,0.9366416335105896,100k,0.06781005859375,0,False,1.8575022220611572,3.6524102687835693,3.416658639907837,4.121933937072754,2.6922645568847656,4.082245826721191,3.0462801456451416,fleurs_uk,whole_original_recording,0.0,fleurs_uk_f4828dcb8786670103766b29
100k,7.019032955169678,0.0,0,not_scored_no_time_aligned_reference,3.0,0.42926135659217834,4.5,"[""sigmos_overall_below_threshold"", ""sigmos_speech_below_threshold"", ""sigmos_coloration_below_threshold"", ""ecapa_similarity_below_threshold""]",True,0,[],23.473052978515625,0.4786854684352875,100k,0.061279296875,1,False,2.4491024017333984,3.6728241443634033,2.968409776687622,3.589979887008667,2.564419984817505,3.3624401092529297,2.9477572441101074,fleurs_uk,whole_original_recording,1.5,fleurs_uk_f4828dcb8786670103766b29
100k,6.811379432678223,0.0,0,not_scored_no_time_aligned_reference,3.0,0.4460347294807434,6.0,"[""sigmos_overall_below_threshold"", ""sigmos_coloration_below_threshold"", ""ecapa_similarity_below_threshold""]",True,0,[],25.35663604736328,0.4786854684352875,100k,0.0614013671875,2,False,2.8080925941467285,3.5664923191070557,3.419752836227417,3.7377424240112305,2.600778818130493,3.76385235786438,3.0150396823883057,fleurs_uk,whole_original_recording,3.0,fleurs_uk_f4828dcb8786670103766b29
100k,6.748950004577637,0.0,0,not_scored_no_time_aligned_reference,3.0,0.4429338574409485,6.432,"[""sigmos_overall_below_threshold"", ""sigmos_speech_below_threshold"", ""sigmos_coloration_below_threshold"", ""ecapa_similarity_below_threshold""]",True,0,[],35.357276916503906,0.4326867461204529,100k,0.0614013671875,3,False,2.608994722366333,4.682133674621582,2.8624629974365234,4.209199905395508,2.174724817276001,3.7254395484924316,2.495680809020996,fleurs_uk,whole_original_recording,3.432,fleurs_uk_f4828dcb8786670103766b29
100k,6.745028018951416,0.0,0,not_scored_no_time_aligned_reference,3.0,0.43815362453460693,3.0,"[""local_high_frequency_burst"", ""sigmos_overall_below_threshold"", ""sigmos_speech_below_threshold"", ""sigmos_coloration_below_threshold"", ""ecapa_similarity_below_threshold""]",True,1,"[{""start_seconds"": 1.92, ""end_seconds"": 1.95}]",31.685592651367188,0.9041793346405029,100k,0.0657958984375,0,False,2.923227310180664,3.0265066623687744,3.8410067558288574,3.6250715255737305,1.943037986755371,3.8282768726348877,2.2834694385528564,fleurs_uk,whole_original_recording,0.0,fleurs_uk_780f47de1ad7de01b058a990
100k,6.380312919616699,0.0,0,not_scored_no_time_aligned_reference,3.0,0.41475623846054077,4.5,"[""local_high_frequency_burst"", ""sigmos_overall_below_threshold"", ""sigmos_speech_below_threshold"", ""sigmos_coloration_below_threshold"", ""ecapa_similarity_below_threshold""]",True,3,"[{""start_seconds"": 0.42, ""end_seconds"": 0.45}, {""start_seconds"": 2.1900000000000004, ""end_seconds"": 2.25}, {""start_seconds"": 2.5500000000000003, ""end_seconds"": 2.6199999999999997}]",30.220306396484375,0.9310122728347778,100k,0.053863525390625,1,False,2.354752540588379,3.6605215072631836,3.3199968338012695,3.801729679107666,2.4691455364227295,4.3155717849731445,2.725642681121826,fleurs_uk,whole_original_recording,1.5,fleurs_uk_780f47de1ad7de01b058a990
100k,6.885684013366699,0.0,0,not_scored_no_time_aligned_reference,3.0,0.39712148904800415,6.0,"[""local_high_frequency_burst"", ""sigmos_overall_below_threshold"", ""sigmos_speech_below_threshold"", ""sigmos_coloration_below_threshold"", ""ecapa_similarity_below_threshold""]",True,2,"[{""start_seconds"": 0.69, ""end_seconds"": 0.75}, {""start_seconds"": 1.05, ""end_seconds"": 1.12}]",30.220306396484375,0.9434757828712463,100k,0.06866455078125,2,False,1.9709184169769287,3.397505521774292,3.3594870567321777,3.8149800300598145,1.9030375480651855,3.6076443195343018,2.282165765762329,fleurs_uk,whole_original_recording,3.0,fleurs_uk_780f47de1ad7de01b058a990
100k,6.891075611114502,0.0,0,not_scored_no_time_aligned_reference,3.0,0.3893525302410126,7.5,"[""local_high_frequency_burst"", ""sigmos_overall_below_threshold"", ""sigmos_speech_below_threshold"", ""sigmos_coloration_below_threshold"", ""ecapa_similarity_below_threshold""]",True,3,"[{""start_seconds"": 1.56, ""end_seconds"": 1.58}, {""start_seconds"": 2.0300000000000002, ""end_seconds"": 2.07}, {""start_seconds"": 2.6500000000000004, ""end_seconds"": 2.6999999999999997}]",27.511302947998047,0.9434757828712463,100k,0.06866455078125,3,False,2.365757465362549,3.9740688800811768,3.4782772064208984,4.202643394470215,2.0501699447631836,3.666330099105835,2.584965467453003,fleurs_uk,whole_original_recording,4.5,fleurs_uk_780f47de1ad7de01b058a990
100k,6.92307186126709,0.0,0,not_scored_no_time_aligned_reference,3.0,0.3998715579509735,9.0,"[""local_high_frequency_burst"", ""sigmos_overall_below_threshold"", ""sigmos_coloration_below_threshold"", ""ecapa_similarity_below_threshold""]",True,4,"[{""start_seconds"": 0.060000000000000005, ""end_seconds"": 0.08}, {""start_seconds"": 0.53, ""end_seconds"": 0.5700000000000001}, {""start_seconds"": 1.15, ""end_seconds"": 1.2}, {""start_seconds"": 2.47, ""end_seconds"": 2.5}]",29.272216796875,0.9287854433059692,100k,0.054168701171875,4,False,2.4615180492401123,3.575533151626587,3.869022846221924,3.7931530475616455,2.6291346549987793,3.637524366378784,3.125234603881836,fleurs_uk,whole_original_recording,6.0,fleurs_uk_780f47de1ad7de01b058a990
100k,7.197157859802246,0.0,0,not_scored_no_time_aligned_reference,3.0,0.4438333809375763,10.101333333333333,"[""local_high_frequency_burst"", ""sigmos_overall_below_threshold"", ""sigmos_speech_below_threshold"", ""sigmos_coloration_below_threshold"", ""ecapa_similarity_below_threshold""]",True,2,"[{""start_seconds"": 0.049999999999999996, ""end_seconds"": 0.08}, {""start_seconds"": 1.3699999999999999, ""end_seconds"": 1.4}]",28.629745483398438,0.9202280044555664,100k,0.054168701171875,5,False,2.642113447189331,3.803051710128784,3.1117377281188965,3.743614673614502,2.474213123321533,3.731281280517578,2.622443675994873,fleurs_uk,whole_original_recording,7.101333333333334,fleurs_uk_780f47de1ad7de01b058a990
100k,6.277365207672119,0.0,0,not_scored_no_time_aligned_reference,3.0,0.2685776650905609,3.0,"[""local_high_frequency_burst"", ""sigmos_overall_below_threshold"", ""sigmos_speech_below_threshold"", ""sigmos_coloration_below_threshold"", ""ecapa_similarity_below_threshold""]",True,2,"[{""start_seconds"": 1.6199999999999999, ""end_seconds"": 1.64}, {""start_seconds"": 2.7300000000000004, ""end_seconds"": 2.75}]",34.40091323852539,0.9209259748458862,100k,0.06072998046875,0,False,2.7190799713134766,4.334221839904785,3.084585666656494,3.7256436347961426,2.616312265396118,3.658940553665161,2.972317934036255,fleurs_uk,whole_original_recording,0.0,fleurs_uk_67c2c97145359eb3d6b5d976
100k,6.63356351852417,0.0,0,not_scored_no_time_aligned_reference,3.0,0.28724604845046997,4.5,"[""local_high_frequency_burst"", ""sigmos_overall_below_threshold"", ""sigmos_speech_below_threshold"", ""sigmos_coloration_below_threshold"", ""ecapa_similarity_below_threshold""]",True,3,"[{""start_seconds"": 0.12000000000000001, ""end_seconds"": 0.14}, {""start_seconds"": 1.23, ""end_seconds"": 1.25}, {""start_seconds"": 1.69, ""end_seconds"": 1.72}]",28.748355865478516,0.9209259748458862,100k,0.05767822265625,1,False,2.7202088832855225,4.144324779510498,3.1451187133789062,3.691558599472046,2.33595871925354,4.3307294845581055,2.566288948059082,fleurs_uk,whole_original_recording,1.5,fleurs_uk_67c2c97145359eb3d6b5d976
100k,6.958641529083252,0.0,0,not_scored_no_time_aligned_reference,3.0,0.3197920024394989,6.0,"[""local_high_frequency_burst"", ""sigmos_overall_below_threshold"", ""sigmos_speech_below_threshold"", ""sigmos_coloration_below_threshold"", ""ecapa_similarity_below_threshold""]",True,1,"[{""start_seconds"": 0.19, ""end_seconds"": 0.22}]",45.10100555419922,0.9069172739982605,100k,0.0650634765625,2,False,2.1582674980163574,3.8940234184265137,3.0147886276245117,4.64631462097168,1.926647424697876,4.329575061798096,2.220033884048462,fleurs_uk,whole_original_recording,3.0,fleurs_uk_67c2c97145359eb3d6b5d976
100k,7.136151313781738,0.0,0,not_scored_no_time_aligned_reference,3.0,0.32557782530784607,7.5,"[""sigmos_overall_below_threshold"", ""sigmos_speech_below_threshold"", ""sigmos_coloration_below_threshold"", ""ecapa_similarity_below_threshold""]",True,0,[],37.04877853393555,0.7992080450057983,100k,0.0650634765625,3,False,2.338242769241333,3.642226457595825,3.7944881916046143,3.5364396572113037,1.7728893756866455,4.357487678527832,2.1076443195343018,fleurs_uk,whole_original_recording,4.5,fleurs_uk_67c2c97145359eb3d6b5d976
100k,7.11457633972168,0.0,0,not_scored_no_time_aligned_reference,3.0,0.28144288063049316,9.0,"[""sigmos_overall_below_threshold"", ""sigmos_speech_below_threshold"", ""sigmos_coloration_below_threshold"", ""ecapa_similarity_below_threshold""]",True,0,[],23.75607681274414,0.14375729858875275,100k,0.047760009765625,4,False,2.5973548889160156,3.8301377296447754,3.6092941761016846,3.836108684539795,2.2769412994384766,3.9209015369415283,2.8461451530456543,fleurs_uk,whole_original_recording,6.0,fleurs_uk_67c2c97145359eb3d6b5d976
100k,6.79278564453125,0.0,0,not_scored_no_time_aligned_reference,3.0,0.2902911901473999,10.5,"[""sigmos_overall_below_threshold"", ""sigmos_speech_below_threshold"", ""sigmos_coloration_below_threshold"", ""ecapa_similarity_below_threshold""]",True,0,[],34.29133224487305,0.04314899444580078,100k,0.04937744140625,5,False,2.54416561126709,3.9263200759887695,3.3433079719543457,4.084662914276123,2.23846435546875,3.462620973587036,2.649291515350342,fleurs_uk,whole_original_recording,7.5,fleurs_uk_67c2c97145359eb3d6b5d976
100k,6.745934009552002,0.0,0,not_scored_no_time_aligned_reference,3.0,0.33933892846107483,12.0,"[""sigmos_overall_below_threshold"", ""sigmos_speech_below_threshold"", ""sigmos_coloration_below_threshold"", ""ecapa_similarity_below_threshold""]",True,0,[],33.15380096435547,0.3420574367046356,100k,0.056365966796875,6,False,1.9219529628753662,4.5144195556640625,3.286581516265869,3.476900815963745,2.0221669673919678,3.3988234996795654,2.4802865982055664,fleurs_uk,whole_original_recording,9.0,fleurs_uk_67c2c97145359eb3d6b5d976
100k,6.781626224517822,0.0,0,not_scored_no_time_aligned_reference,3.0,0.307532399892807,13.088,"[""sigmos_overall_below_threshold"", ""sigmos_coloration_below_threshold"", ""ecapa_similarity_below_threshold""]",True,0,[],26.335586547851562,0.3821270167827606,100k,0.056365966796875,7,False,2.701965570449829,4.475281715393066,3.4890191555023193,4.552783966064453,2.7236225605010986,4.5489397048950195,3.1242308616638184,fleurs_uk,whole_original_recording,10.088,fleurs_uk_67c2c97145359eb3d6b5d976
100k,6.866072654724121,0.0,0,not_scored_no_time_aligned_reference,3.0,0.2736850082874298,3.0,"[""local_high_frequency_burst"", ""sigmos_overall_below_threshold"", ""sigmos_coloration_below_threshold"", ""ecapa_similarity_below_threshold""]",True,5,"[{""start_seconds"": 0.15, ""end_seconds"": 0.18000000000000002}, {""start_seconds"": 1.63, ""end_seconds"": 1.69}, {""start_seconds"": 2.1300000000000003, ""end_seconds"": 2.2399999999999998}, {""start_seconds"": 2.43, ""end_seconds"": 2.48}, {""start_seconds"": 2.83, ""end_seconds"": 2.9299999999999997}]",30.309856414794922,0.9405199289321899,100k,0.297271728515625,0,False,2.633892297744751,4.141409873962402,3.5928595066070557,3.328474998474121,2.8991730213165283,4.292537689208984,3.583495616912842,opentts_lada,whole_original_recording,0.0,opentts_lada_895ec772c58479ef40c211f8
100k,7.11181116104126,0.0,0,not_scored_no_time_aligned_reference,3.0,0.2299162894487381,4.0,"[""local_high_frequency_burst"", ""sigmos_overall_below_threshold"", ""sigmos_speech_below_threshold"", ""sigmos_noise_below_threshold"", ""ecapa_similarity_below_threshold""]",True,5,"[{""start_seconds"": 0.63, ""end_seconds"": 0.6900000000000001}, {""start_seconds"": 1.13, ""end_seconds"": 1.24}, {""start_seconds"": 1.43, ""end_seconds"": 1.48}, {""start_seconds"": 1.83, ""end_seconds"": 1.93}, {""start_seconds"": 2.22, ""end_seconds"": 2.3299999999999996}]",25.629627227783203,0.9570115804672241,100k,0.297271728515625,1,False,3.0552196502685547,3.2927863597869873,3.4433417320251465,2.989529848098755,2.2696070671081543,3.8466575145721436,2.6446292400360107,opentts_lada,whole_original_recording,1.0,opentts_lada_895ec772c58479ef40c211f8
100k,7.082067489624023,0.0,0,not_scored_no_time_aligned_reference,2.7946666666666666,0.2507568299770355,2.7946666666666666,"[""sigmos_overall_below_threshold"", ""ecapa_similarity_below_threshold""]",True,0,[],26.668087005615234,0.30654391646385193,100k,0.348480224609375,0,True,3.3322391510009766,4.31544303894043,3.1326546669006348,4.235927581787109,2.777050256729126,3.921311140060425,3.097954034805298,opentts_lada,whole_original_recording,0.0,opentts_lada_0a51f08f878361f67c7b8d39
100k,7.139505386352539,0.0,0,not_scored_no_time_aligned_reference,3.0,0.4153139889240265,3.0,"[""local_high_frequency_burst"", ""sigmos_overall_below_threshold"", ""sigmos_speech_below_threshold"", ""ecapa_similarity_below_threshold""]",True,1,"[{""start_seconds"": 1.43, ""end_seconds"": 1.51}]",20.44353485107422,0.865233302116394,100k,0.274322509765625,0,False,3.443258047103882,3.738055944442749,3.3661534786224365,3.6250884532928467,2.7177159786224365,3.2815887928009033,2.960113286972046,opentts_lada,whole_original_recording,0.0,opentts_lada_03ff7e81e8e7ddc1ff567207
100k,7.10009241104126,0.0,0,not_scored_no_time_aligned_reference,3.0,0.4227960407733917,3.328,"[""local_high_frequency_burst"", ""sigmos_overall_below_threshold"", ""sigmos_speech_below_threshold"", ""sigmos_coloration_below_threshold"", ""ecapa_similarity_below_threshold""]",True,1,"[{""start_seconds"": 1.1, ""end_seconds"": 1.18}]",21.111560821533203,0.8676981329917908,100k,0.274322509765625,1,False,2.9486207962036133,3.4196255207061768,3.268239974975586,3.3120431900024414,2.51086688041687,3.1845757961273193,2.753359317779541,opentts_lada,whole_original_recording,0.328,opentts_lada_03ff7e81e8e7ddc1ff567207
100k,7.295193195343018,0.0,0,not_scored_no_time_aligned_reference,3.0,0.1688879281282425,3.0,"[""sigmos_overall_below_threshold"", ""sigmos_speech_below_threshold"", ""sigmos_coloration_below_threshold"", ""ecapa_similarity_below_threshold""]",True,0,[],30.41824722290039,0.5969293713569641,100k,0.217864990234375,0,False,2.0525357723236084,3.6005606651306152,3.1020123958587646,3.170896530151367,2.023322105407715,3.82635235786438,2.4254488945007324,opentts_lada,whole_original_recording,0.0,opentts_lada_4f6898f32fa7c0bffacc0eb8
100k,7.511097431182861,0.0,0,not_scored_no_time_aligned_reference,3.0,0.171429842710495,4.5,"[""sigmos_overall_below_threshold"", ""sigmos_speech_below_threshold"", ""sigmos_noise_below_threshold"", ""sigmos_coloration_below_threshold"", ""ecapa_similarity_below_threshold""]",True,0,[],26.50286865234375,0.2650349736213684,100k,0.155975341796875,1,False,2.1703078746795654,3.75392746925354,3.113499879837036,2.8766231536865234,1.83778977394104,4.255857467651367,2.2963125705718994,opentts_lada,whole_original_recording,1.5,opentts_lada_4f6898f32fa7c0bffacc0eb8
100k,7.009028911590576,0.0,0,not_scored_no_time_aligned_reference,3.0,0.1268998384475708,5.557333333333333,"[""sigmos_overall_below_threshold"", ""sigmos_speech_below_threshold"", ""sigmos_noise_below_threshold"", ""sigmos_coloration_below_threshold"", ""ecapa_similarity_below_threshold""]",True,0,[],1.8487014770507812,0.031920865178108215,100k,0.024383544921875,2,False,2.5236008167266846,3.483522891998291,2.72572922706604,2.87568998336792,1.8943750858306885,3.844543933868408,2.1113829612731934,opentts_lada,whole_original_recording,2.5573333333333332,opentts_lada_4f6898f32fa7c0bffacc0eb8
100k,6.548128128051758,0.0,0,not_scored_no_time_aligned_reference,1.9733333333333334,0.3219991624355316,1.9733333333333334,"[""local_high_frequency_burst"", ""sigmos_overall_below_threshold"", ""ecapa_similarity_below_threshold""]",True,1,"[{""start_seconds"": 1.19, ""end_seconds"": 1.27}]",36.306209564208984,0.8316030502319336,100k,0.274749755859375,0,True,3.4845454692840576,4.811183929443359,3.0743889808654785,4.001551628112793,2.9487032890319824,4.268287658691406,3.4177799224853516,opentts_lada,whole_original_recording,0.0,opentts_lada_3f12d88f92635c6568c06e01
100k,7.231070518493652,0.0,0,not_scored_no_time_aligned_reference,2.624,0.2201494723558426,2.624,"[""local_high_frequency_burst"", ""sigmos_overall_below_threshold"", ""ecapa_similarity_below_threshold""]",True,1,"[{""start_seconds"": 0.84, ""end_seconds"": 0.92}]",36.91072463989258,0.909846842288971,100k,0.3328857421875,0,True,3.2487359046936035,4.037149906158447,3.6902847290039062,4.353301048278809,2.7909698486328125,4.4966230392456055,3.03979754447937,opentts_lada,whole_original_recording,0.0,opentts_lada_98366f80048a9cc5c7db5a69
100k,7.720276832580566,0.0,0,not_scored_no_time_aligned_reference,3.0,0.17230717837810516,3.0,"[""local_high_frequency_burst"", ""sigmos_overall_below_threshold"", ""ecapa_similarity_below_threshold""]",True,3,"[{""start_seconds"": 1.18, ""end_seconds"": 1.25}, {""start_seconds"": 1.73, ""end_seconds"": 1.78}, {""start_seconds"": 2.02, ""end_seconds"": 2.1599999999999997}]",24.520401000976562,0.9105170965194702,100k,0.257415771484375,0,False,3.649836540222168,3.805553436279297,3.6862385272979736,3.781083822250366,2.774573802947998,3.8892383575439453,3.2392895221710205,opentts_lada,whole_original_recording,0.0,opentts_lada_62b7ba749f09ce58e99f5fa5
100k,7.7041497230529785,0.0,0,not_scored_no_time_aligned_reference,3.0,0.16355431079864502,3.136,"[""local_high_frequency_burst"", ""sigmos_overall_below_threshold"", ""ecapa_similarity_below_threshold""]",True,3,"[{""start_seconds"": 1.04, ""end_seconds"": 1.11}, {""start_seconds"": 1.59, ""end_seconds"": 1.65}, {""start_seconds"": 1.9, ""end_seconds"": 2.0199999999999996}]",24.695068359375,0.9051812291145325,100k,0.257415771484375,1,False,4.007277488708496,3.6614584922790527,4.203864097595215,3.902933120727539,2.8593533039093018,3.473461389541626,3.4569246768951416,opentts_lada,whole_original_recording,0.136,opentts_lada_62b7ba749f09ce58e99f5fa5
100k,7.195200443267822,0.0,0,not_scored_no_time_aligned_reference,3.0,0.24812325835227966,3.0,"[""local_high_frequency_burst"", ""sigmos_overall_below_threshold"", ""sigmos_speech_below_threshold"", ""sigmos_coloration_below_threshold"", ""ecapa_similarity_below_threshold""]",True,4,"[{""start_seconds"": 0.33999999999999997, ""end_seconds"": 0.42}, {""start_seconds"": 1.11, ""end_seconds"": 1.17}, {""start_seconds"": 1.36, ""end_seconds"": 1.42}, {""start_seconds"": 2.16, ""end_seconds"": 2.1999999999999997}]",24.32123565673828,0.9137887358665466,100k,0.2283935546875,0,False,2.545201301574707,4.239447593688965,3.257450819015503,3.3666317462921143,2.1633059978485107,3.8697450160980225,2.7283380031585693,opentts_lada,whole_original_recording,0.0,opentts_lada_0662ad46c52346128cb62973
100k,7.247981548309326,0.0,0,not_scored_no_time_aligned_reference,3.0,0.2556852102279663,3.4133333333333336,"[""local_high_frequency_burst"", ""sigmos_overall_below_threshold"", ""sigmos_speech_below_threshold"", ""sigmos_coloration_below_threshold"", ""ecapa_similarity_below_threshold""]",True,4,"[{""start_seconds"": 0.7, ""end_seconds"": 0.76}, {""start_seconds"": 0.95, ""end_seconds"": 1.0}, {""start_seconds"": 1.75, ""end_seconds"": 1.79}, {""start_seconds"": 2.6700000000000004, ""end_seconds"": 2.76}]",39.30302429199219,0.9185293912887573,100k,0.2283935546875,1,False,2.611595630645752,4.213892936706543,3.156888484954834,3.5675621032714844,2.19537353515625,3.600781202316284,2.3325791358947754,opentts_lada,whole_original_recording,0.41333333333333333,opentts_lada_0662ad46c52346128cb62973
100k,7.364674091339111,0.0,0,not_scored_no_time_aligned_reference,2.2826666666666666,0.1700243502855301,2.2826666666666666,"[""local_high_frequency_burst"", ""sigmos_overall_below_threshold"", ""sigmos_coloration_below_threshold"", ""ecapa_similarity_below_threshold""]",True,1,"[{""start_seconds"": 1.63, ""end_seconds"": 1.72}]",29.88117790222168,0.8996064066886902,100k,0.256744384765625,0,True,2.6532037258148193,3.731797695159912,3.8656110763549805,3.821523666381836,2.6838431358337402,3.7410943508148193,3.256199598312378,opentts_lada,whole_original_recording,0.0,opentts_lada_d678cf4acf3877e75ae20b50
100k,7.478546619415283,0.0,0,not_scored_no_time_aligned_reference,3.0,0.2828955054283142,3.0,"[""local_high_frequency_burst"", ""sigmos_overall_below_threshold"", ""ecapa_similarity_below_threshold""]",True,4,"[{""start_seconds"": 0.8099999999999999, ""end_seconds"": 0.87}, {""start_seconds"": 0.9, ""end_seconds"": 0.92}, {""start_seconds"": 1.36, ""end_seconds"": 1.4}, {""start_seconds"": 1.95, ""end_seconds"": 2.03}]",37.57830047607422,0.8742247223854065,100k,0.282684326171875,0,False,3.197066068649292,3.382913827896118,3.693161964416504,3.984941244125366,2.7782399654388428,4.165722846984863,3.4836509227752686,opentts_lada,whole_original_recording,0.0,opentts_lada_084278046b1dac222cef1a1b
100k,7.319048881530762,0.0,0,not_scored_no_time_aligned_reference,3.0,0.27452409267425537,3.2426666666666666,"[""local_high_frequency_burst"", ""sigmos_overall_below_threshold"", ""sigmos_speech_below_threshold"", ""sigmos_coloration_below_threshold"", ""ecapa_similarity_below_threshold""]",True,3,"[{""start_seconds"": 0.57, ""end_seconds"": 0.63}, {""start_seconds"": 1.1199999999999999, ""end_seconds"": 1.16}, {""start_seconds"": 1.71, ""end_seconds"": 1.79}]",38.37717056274414,0.8724678158760071,100k,0.282684326171875,1,False,2.9415760040283203,3.567812919616699,3.6255083084106445,3.614313840866089,2.3066718578338623,4.531350135803223,2.945382595062256,opentts_lada,whole_original_recording,0.24266666666666667,opentts_lada_084278046b1dac222cef1a1b
100k,7.255398750305176,0.0,0,not_scored_no_time_aligned_reference,3.0,0.1747197061777115,3.0,"[""local_high_frequency_burst"", ""sigmos_overall_below_threshold"", ""sigmos_speech_below_threshold"", ""sigmos_coloration_below_threshold"", ""ecapa_similarity_below_threshold""]",True,3,"[{""start_seconds"": 0.36, ""end_seconds"": 0.39}, {""start_seconds"": 1.59, ""end_seconds"": 1.68}, {""start_seconds"": 2.1500000000000004, ""end_seconds"": 2.17}]",25.748062133789062,0.9269474744796753,100k,0.327880859375,0,False,2.7416090965270996,4.31235408782959,3.1746418476104736,3.6166040897369385,2.1165857315063477,3.7695112228393555,2.649263858795166,opentts_lada,whole_original_recording,0.0,opentts_lada_711415c65ab804a2a0a9672a
100k,7.335986137390137,0.0,0,not_scored_no_time_aligned_reference,3.0,0.13561177253723145,3.8826666666666667,"[""local_high_frequency_burst"", ""sigmos_overall_below_threshold"", ""sigmos_speech_below_threshold"", ""sigmos_coloration_below_threshold"", ""ecapa_similarity_below_threshold""]",True,5,"[{""start_seconds"": 0.71, ""end_seconds"": 0.8}, {""start_seconds"": 1.27, ""end_seconds"": 1.32}, {""start_seconds"": 2.14, ""end_seconds"": 2.23}, {""start_seconds"": 2.3200000000000003, ""end_seconds"": 2.3699999999999997}, {""start_seconds"": 2.5100000000000002, ""end_seconds"": 2.61}]",22.43282699584961,0.9310439825057983,100k,0.327880859375,1,False,2.8231964111328125,4.133982181549072,3.4206948280334473,3.269439220428467,2.181966781616211,4.046706199645996,2.7905428409576416,opentts_lada,whole_original_recording,0.8826666666666667,opentts_lada_711415c65ab804a2a0a9672a
100k,7.23883056640625,0.0,0,not_scored_no_time_aligned_reference,2.0906666666666665,0.2779896557331085,2.0906666666666665,"[""local_high_frequency_burst"", ""sigmos_overall_below_threshold"", ""sigmos_speech_below_threshold"", ""sigmos_coloration_below_threshold"", ""ecapa_similarity_below_threshold""]",True,2,"[{""start_seconds"": 1.56, ""end_seconds"": 1.64}, {""start_seconds"": 1.7, ""end_seconds"": 1.72}]",22.10808563232422,0.8553997874259949,100k,0.23712158203125,0,True,2.777576446533203,3.586754083633423,3.1972458362579346,3.810206890106201,2.486422061920166,4.1136579513549805,2.6245884895324707,opentts_mykyta,whole_original_recording,0.0,opentts_mykyta_3cfe71029778dc75286e6568
100k,7.343241214752197,0.0,0,not_scored_no_time_aligned_reference,2.08,0.30016636848449707,2.08,"[""local_high_frequency_burst"", ""ecapa_similarity_below_threshold""]",True,1,"[{""start_seconds"": 1.49, ""end_seconds"": 1.55}]",28.193599700927734,0.6983171701431274,100k,0.22705078125,0,True,3.4144139289855957,3.738753318786621,3.574069023132324,3.794832944869995,3.154714584350586,3.633816957473755,3.633822202682495,opentts_mykyta,whole_original_recording,0.0,opentts_mykyta_f7e6c7e1532a595b707f9d2b
100k,6.975789546966553,0.0,0,not_scored_no_time_aligned_reference,3.0,0.30135515332221985,3.0,"[""local_high_frequency_burst"", ""ecapa_similarity_below_threshold""]",True,2,"[{""start_seconds"": 1.42, ""end_seconds"": 1.44}, {""start_seconds"": 1.69, ""end_seconds"": 1.75}]",26.047199249267578,0.6815329790115356,100k,0.203033447265625,0,False,3.367408275604248,3.7606754302978516,3.571843147277832,4.067925453186035,3.044520378112793,4.074056625366211,3.349254846572876,opentts_mykyta,whole_original_recording,0.0,opentts_mykyta_18fac11688c53adf4ff7227a
100k,6.787103652954102,0.0,0,not_scored_no_time_aligned_reference,3.0,0.2511425018310547,4.5,"[""local_high_frequency_burst"", ""sigmos_overall_below_threshold"", ""sigmos_speech_below_threshold"", ""sigmos_coloration_below_threshold"", ""ecapa_similarity_below_threshold""]",True,3,"[{""start_seconds"": 0.19, ""end_seconds"": 0.25}, {""start_seconds"": 1.97, ""end_seconds"": 2.05}, {""start_seconds"": 2.37, ""end_seconds"": 2.42}]",31.187801361083984,0.8733932375907898,100k,0.170196533203125,1,False,2.8014638423919678,3.221219778060913,3.362048625946045,3.5567121505737305,2.839236259460449,3.5216004848480225,2.9864683151245117,opentts_mykyta,whole_original_recording,1.5,opentts_mykyta_18fac11688c53adf4ff7227a
100k,7.0629425048828125,0.0,0,not_scored_no_time_aligned_reference,3.0,0.32083186507225037,5.610666666666667,"[""local_high_frequency_burst"", ""ecapa_similarity_below_threshold""]",True,3,"[{""start_seconds"": 0.86, ""end_seconds"": 0.9400000000000001}, {""start_seconds"": 1.26, ""end_seconds"": 1.31}, {""start_seconds"": 2.25, ""end_seconds"": 2.34}]",31.031585693359375,0.8764421939849854,100k,0.15325927734375,2,False,3.0231950283050537,3.316929340362549,3.7000906467437744,3.1292595863342285,3.003425359725952,4.042174339294434,3.417459011077881,opentts_mykyta,whole_original_recording,2.6106666666666665,opentts_mykyta_18fac11688c53adf4ff7227a
100k,7.427404403686523,0.0,0,not_scored_no_time_aligned_reference,1.696,0.2128416895866394,1.696,"[""local_high_frequency_burst"", ""sigmos_overall_below_threshold"", ""ecapa_similarity_below_threshold""]",True,1,"[{""start_seconds"": 0.85, ""end_seconds"": 1.03}]",41.598968505859375,0.9147815108299255,100k,0.273040771484375,0,True,3.410790205001831,4.394256114959717,3.9232265949249268,4.330911636352539,2.6267168521881104,3.27984881401062,3.1840381622314453,opentts_mykyta,whole_original_recording,0.0,opentts_mykyta_cac2b4f75c8cdeb7fb0eb9c2
100k,6.439511775970459,0.0,0,not_scored_no_time_aligned_reference,1.9733333333333334,0.25695449113845825,1.9733333333333334,"[""sigmos_overall_below_threshold"", ""sigmos_speech_below_threshold"", ""sigmos_coloration_below_threshold"", ""ecapa_similarity_below_threshold""]",True,0,[],32.13083267211914,0.21465562283992767,100k,0.123291015625,0,True,2.965505599975586,3.4396066665649414,3.1987528800964355,3.6805167198181152,2.7759177684783936,3.589773178100586,2.811241865158081,opentts_mykyta,whole_original_recording,0.0,opentts_mykyta_e1b43c1007a9fdaca1fe7af8
100k,7.246243000030518,0.0,0,not_scored_no_time_aligned_reference,2.058666666666667,0.2779141664505005,2.058666666666667,"[""local_high_frequency_burst"", ""sigmos_overall_below_threshold"", ""sigmos_coloration_below_threshold"", ""ecapa_similarity_below_threshold""]",True,2,"[{""start_seconds"": 1.46, ""end_seconds"": 1.48}, {""start_seconds"": 1.53, ""end_seconds"": 1.62}]",29.388351440429688,0.9230827689170837,100k,0.198486328125,0,True,2.595369815826416,4.150754928588867,3.7247726917266846,3.5710387229919434,2.6801767349243164,3.7568132877349854,3.1625328063964844,opentts_mykyta,whole_original_recording,0.0,opentts_mykyta_6c752b188ec3ba596f61f823
100k,7.227633476257324,0.0,0,not_scored_no_time_aligned_reference,2.6986666666666665,0.21069911122322083,2.6986666666666665,"[""local_high_frequency_burst"", ""sigmos_overall_below_threshold"", ""sigmos_speech_below_threshold"", ""sigmos_coloration_below_threshold"", ""ecapa_similarity_below_threshold""]",True,1,"[{""start_seconds"": 0.24, ""end_seconds"": 0.28}]",45.88459014892578,0.5418738126754761,100k,0.270355224609375,0,True,2.8696045875549316,3.8172714710235596,3.8782098293304443,3.9210238456726074,2.438985586166382,3.2298929691314697,2.9416370391845703,opentts_mykyta,whole_original_recording,0.0,opentts_mykyta_41ce75384704cf49b41d0d0c
100k,7.239055156707764,0.0,0,not_scored_no_time_aligned_reference,3.0,0.226854607462883,3.0,"[""local_high_frequency_burst"", ""sigmos_overall_below_threshold"", ""sigmos_speech_below_threshold"", ""ecapa_similarity_below_threshold""]",True,2,"[{""start_seconds"": 0.52, ""end_seconds"": 0.59}, {""start_seconds"": 0.74, ""end_seconds"": 0.8200000000000001}]",20.772537231445312,0.9195990562438965,100k,0.20721435546875,0,False,3.1803743839263916,3.794888973236084,3.7723615169525146,3.6269538402557373,2.6530799865722656,3.4266395568847656,2.8281643390655518,opentts_mykyta,whole_original_recording,0.0,opentts_mykyta_e7f36626bee9886eb7ee3b87
100k,6.827009201049805,0.0,0,not_scored_no_time_aligned_reference,3.0,0.20817437767982483,4.5,"[""sigmos_overall_below_threshold"", ""ecapa_similarity_below_threshold""]",True,0,[],28.213428497314453,0.32160669565200806,100k,0.184051513671875,1,False,3.0727920532226562,3.607410430908203,3.442965269088745,3.701415777206421,2.8609869480133057,3.857924699783325,3.1628146171569824,opentts_mykyta,whole_original_recording,1.5,opentts_mykyta_e7f36626bee9886eb7ee3b87
100k,6.757273197174072,0.0,0,not_scored_no_time_aligned_reference,3.0,0.17754408717155457,4.544,"[""sigmos_overall_below_threshold"", ""sigmos_coloration_below_threshold"", ""ecapa_similarity_below_threshold""]",True,0,[],27.862411499023438,0.32438191771507263,100k,0.184051513671875,2,False,2.991097927093506,3.681025266647339,3.7015671730041504,3.7426037788391113,2.7501018047332764,3.995241403579712,3.1027486324310303,opentts_mykyta,whole_original_recording,1.544,opentts_mykyta_e7f36626bee9886eb7ee3b87
100k,7.075603485107422,0.0,0,not_scored_no_time_aligned_reference,2.016,0.26638245582580566,2.016,"[""local_high_frequency_burst"", ""sigmos_overall_below_threshold"", ""ecapa_similarity_below_threshold""]",True,2,"[{""start_seconds"": 0.95, ""end_seconds"": 1.02}, {""start_seconds"": 1.55, ""end_seconds"": 1.65}]",26.679061889648438,0.7390496730804443,100k,0.178253173828125,0,True,3.5179567337036133,3.9885101318359375,3.871507406234741,3.55940842628479,2.8157668113708496,4.235348701477051,3.111632823944092,opentts_mykyta,whole_original_recording,0.0,opentts_mykyta_c2f414fc0fe7a2a70b94b0fc
100k,7.15324592590332,0.0,0,not_scored_no_time_aligned_reference,3.0,0.291950523853302,3.0,"[""local_high_frequency_burst"", ""sigmos_overall_below_threshold"", ""sigmos_coloration_below_threshold"", ""ecapa_similarity_below_threshold""]",True,2,"[{""start_seconds"": 0.57, ""end_seconds"": 0.65}, {""start_seconds"": 1.3699999999999999, ""end_seconds"": 1.42}]",29.48178482055664,0.8295243382453918,100k,0.194061279296875,0,False,2.9577765464782715,3.4148240089416504,3.7061450481414795,3.8517351150512695,2.942823886871338,3.6166980266571045,3.308194875717163,opentts_mykyta,whole_original_recording,0.0,opentts_mykyta_4c8852d972aac68c073f1810
100k,7.352704048156738,0.0,0,not_scored_no_time_aligned_reference,3.0,0.3032492995262146,3.968,"[""local_high_frequency_burst"", ""sigmos_overall_below_threshold"", ""sigmos_speech_below_threshold"", ""sigmos_coloration_below_threshold"", ""ecapa_similarity_below_threshold""]",True,2,"[{""start_seconds"": 0.39999999999999997, ""end_seconds"": 0.45}, {""start_seconds"": 2.0100000000000002, ""end_seconds"": 2.0799999999999996}]",29.753318786621094,0.8538034558296204,100k,0.167572021484375,1,False,2.587480306625366,3.401066780090332,3.6555609703063965,3.759791612625122,2.4479148387908936,3.6622586250305176,2.7918717861175537,opentts_mykyta,whole_original_recording,0.968,opentts_mykyta_4c8852d972aac68c073f1810
100k,6.873648643493652,0.0,0,not_scored_no_time_aligned_reference,1.8346666666666667,0.2385748028755188,1.8346666666666667,"[""sigmos_overall_below_threshold"", ""sigmos_speech_below_threshold"", ""sigmos_coloration_below_threshold"", ""ecapa_similarity_below_threshold""]",True,0,[],25.446121215820312,0.1532086431980133,100k,0.210693359375,0,True,2.512418508529663,3.9576289653778076,3.27497935295105,3.5951685905456543,2.4859867095947266,2.919019937515259,2.4264841079711914,opentts_mykyta,whole_original_recording,0.0,opentts_mykyta_09c96b64ccb1a8b04800b653
100k,6.899737358093262,0.0,0,not_scored_no_time_aligned_reference,3.0,0.2771226763725281,3.0,"[""local_high_frequency_burst"", ""sigmos_overall_below_threshold"", ""sigmos_speech_below_threshold"", ""sigmos_coloration_below_threshold"", ""ecapa_similarity_below_threshold""]",True,1,"[{""start_seconds"": 2.43, ""end_seconds"": 2.5199999999999996}]",27.79613494873047,0.9279533624649048,100k,0.205902099609375,0,False,2.9936866760253906,3.5474276542663574,3.166769027709961,3.7994930744171143,2.5030977725982666,3.8036298751831055,2.680849552154541,opentts_tetiana,whole_original_recording,0.0,opentts_tetiana_88d98a6a4cea4fe77639349f
100k,7.233082294464111,0.0,0,not_scored_no_time_aligned_reference,3.0,0.28357332944869995,4.5,"[""local_high_frequency_burst"", ""sigmos_overall_below_threshold"", ""sigmos_speech_below_threshold"", ""sigmos_coloration_below_threshold"", ""ecapa_similarity_below_threshold""]",True,1,"[{""start_seconds"": 0.9299999999999999, ""end_seconds"": 1.02}]",27.79613494873047,0.9279533624649048,100k,0.205902099609375,1,False,2.914477586746216,3.3828227519989014,3.6124298572540283,3.763847827911377,2.414806842803955,4.403083801269531,2.759854316711426,opentts_tetiana,whole_original_recording,1.5,opentts_tetiana_88d98a6a4cea4fe77639349f
100k,7.3829264640808105,0.0,0,not_scored_no_time_aligned_reference,3.0,0.3069353699684143,5.621333333333333,"[""local_high_frequency_burst"", ""sigmos_overall_below_threshold"", ""sigmos_speech_below_threshold"", ""ecapa_similarity_below_threshold""]",True,1,"[{""start_seconds"": 2.45, ""end_seconds"": 2.5399999999999996}]",36.57846450805664,0.9390335083007812,100k,0.205902099609375,2,False,3.0447208881378174,3.2146472930908203,3.831023931503296,4.0866546630859375,2.3070566654205322,4.50240421295166,2.4478225708007812,opentts_tetiana,whole_original_recording,2.6213333333333333,opentts_tetiana_88d98a6a4cea4fe77639349f
100k,7.222659111022949,0.0,0,not_scored_no_time_aligned_reference,3.0,0.45334261655807495,3.0,"[""local_high_frequency_burst"", ""sigmos_overall_below_threshold"", ""ecapa_similarity_below_threshold""]",True,3,"[{""start_seconds"": 0.92, ""end_seconds"": 0.98}, {""start_seconds"": 1.06, ""end_seconds"": 1.1300000000000001}, {""start_seconds"": 1.75, ""end_seconds"": 1.82}]",41.70185852050781,0.9375408291816711,100k,0.17071533203125,0,False,3.379514694213867,4.324645042419434,4.32637882232666,3.9716970920562744,2.957876443862915,4.770400047302246,3.2870993614196777,opentts_tetiana,whole_original_recording,0.0,opentts_tetiana_7a3d5f861fd8ad8683c1c939
100k,7.229353427886963,0.0,0,not_scored_no_time_aligned_reference,3.0,0.45292842388153076,4.5,"[""local_high_frequency_burst"", ""sigmos_coloration_below_threshold"", ""ecapa_similarity_below_threshold""]",True,2,"[{""start_seconds"": 0.25, ""end_seconds"": 0.32}, {""start_seconds"": 1.93, ""end_seconds"": 2.03}]",25.80780792236328,0.9172090291976929,100k,0.17071533203125,1,False,2.661642074584961,4.699319839477539,3.1906988620758057,4.116981506347656,3.201425790786743,4.702136039733887,3.5878190994262695,opentts_tetiana,whole_original_recording,1.5,opentts_tetiana_7a3d5f861fd8ad8683c1c939
100k,7.427890777587891,0.0,0,not_scored_no_time_aligned_reference,3.0,0.46228086948394775,4.714666666666667,"[""local_high_frequency_burst"", ""sigmos_overall_below_threshold"", ""sigmos_speech_below_threshold"", ""ecapa_similarity_below_threshold""]",True,2,"[{""start_seconds"": 0.04, ""end_seconds"": 0.09}, {""start_seconds"": 1.72, ""end_seconds"": 1.81}]",27.29543685913086,0.9226930141448975,100k,0.17071533203125,2,False,3.142937421798706,3.544922113418579,3.548248767852783,3.9403076171875,2.673557996749878,4.100176811218262,2.9161486625671387,opentts_tetiana,whole_original_recording,1.7146666666666666,opentts_tetiana_7a3d5f861fd8ad8683c1c939
100k,7.149780750274658,0.0,0,not_scored_no_time_aligned_reference,2.6453333333333333,0.42171457409858704,2.6453333333333333,"[""local_high_frequency_burst"", ""sigmos_overall_below_threshold"", ""sigmos_speech_below_threshold"", ""sigmos_coloration_below_threshold"", ""ecapa_similarity_below_threshold""]",True,3,"[{""start_seconds"": 0.87, ""end_seconds"": 0.9400000000000001}, {""start_seconds"": 1.65, ""end_seconds"": 1.71}, {""start_seconds"": 1.99, ""end_seconds"": 2.0799999999999996}]",27.403926849365234,0.9248394966125488,100k,0.16607666015625,0,True,2.737928628921509,3.734632968902588,3.503255605697632,3.988581418991089,2.5008902549743652,4.1551618576049805,2.9191606044769287,opentts_tetiana,whole_original_recording,0.0,opentts_tetiana_eafdc1b4bd0bf7b30f79865c
100k,7.444304943084717,0.0,0,not_scored_no_time_aligned_reference,3.0,0.47517144680023193,3.0,"[""local_high_frequency_burst"", ""sigmos_overall_below_threshold"", ""ecapa_similarity_below_threshold""]",True,4,"[{""start_seconds"": 0.36, ""end_seconds"": 0.42}, {""start_seconds"": 0.72, ""end_seconds"": 0.78}, {""start_seconds"": 0.91, ""end_seconds"": 0.9400000000000001}, {""start_seconds"": 1.76, ""end_seconds"": 1.83}]",33.28990936279297,0.9429778456687927,100k,0.183197021484375,0,False,3.3217058181762695,3.628293514251709,4.240217208862305,3.9498181343078613,2.9368205070495605,4.541855335235596,3.52943754196167,opentts_tetiana,whole_original_recording,0.0,opentts_tetiana_7a6a7481c484173c5e147f52
100k,7.443429470062256,0.0,0,not_scored_no_time_aligned_reference,3.0,0.476161926984787,4.1386666666666665,"[""local_high_frequency_burst"", ""sigmos_overall_below_threshold"", ""sigmos_speech_below_threshold"", ""sigmos_coloration_below_threshold"", ""ecapa_similarity_below_threshold""]",True,1,"[{""start_seconds"": 0.62, ""end_seconds"": 0.7}]",33.134429931640625,0.9426420331001282,100k,0.17913818359375,1,False,2.9291422367095947,3.856602191925049,3.8353400230407715,3.801469326019287,2.4046630859375,3.821650743484497,2.740046501159668,opentts_tetiana,whole_original_recording,1.1386666666666667,opentts_tetiana_7a6a7481c484173c5e147f52
100k,7.441644191741943,0.0,0,not_scored_no_time_aligned_reference,2.8266666666666667,0.508726179599762,2.8266666666666667,"[""sigmos_coloration_below_threshold"", ""ecapa_similarity_below_threshold""]",True,0,[],31.771484375,0.5346073508262634,100k,0.1805419921875,0,True,2.9828274250030518,4.494253158569336,3.5607478618621826,4.249837398529053,3.16451096534729,4.21768045425415,3.435840368270874,opentts_tetiana,whole_original_recording,0.0,opentts_tetiana_9bdcd2e0876228264c2a5bfb
100k,7.444023132324219,0.0,0,not_scored_no_time_aligned_reference,3.0,0.3031851649284363,3.0,"[""local_high_frequency_burst"", ""sigmos_overall_below_threshold"", ""sigmos_coloration_below_threshold"", ""ecapa_similarity_below_threshold""]",True,1,"[{""start_seconds"": 0.89, ""end_seconds"": 0.92}]",33.25934600830078,0.5899780988693237,100k,0.21673583984375,0,False,2.977235794067383,4.131448745727539,3.676891326904297,3.8653957843780518,2.885443925857544,3.9474480152130127,3.6026198863983154,opentts_tetiana,whole_original_recording,0.0,opentts_tetiana_951e7f522ed9bfd1a4a521d3
100k,7.441584587097168,0.0,0,not_scored_no_time_aligned_reference,3.0,0.29809197783470154,3.04,"[""local_high_frequency_burst"", ""sigmos_overall_below_threshold"", ""sigmos_speech_below_threshold"", ""ecapa_similarity_below_threshold""]",True,1,"[{""start_seconds"": 0.85, ""end_seconds"": 0.88}]",33.25934600830078,0.5899780988693237,100k,0.21673583984375,1,False,3.0555295944213867,4.198084354400635,3.5822348594665527,3.8313469886779785,2.6467995643615723,3.9730358123779297,2.8922882080078125,opentts_tetiana,whole_original_recording,0.04,opentts_tetiana_951e7f522ed9bfd1a4a521d3
100k,7.158443450927734,0.0,0,not_scored_no_time_aligned_reference,3.0,0.33693239092826843,3.0,"[""local_high_frequency_burst"", ""sigmos_overall_below_threshold"", ""sigmos_speech_below_threshold"", ""ecapa_similarity_below_threshold""]",True,5,"[{""start_seconds"": 0.18, ""end_seconds"": 0.24000000000000002}, {""start_seconds"": 1.51, ""end_seconds"": 1.57}, {""start_seconds"": 2.06, ""end_seconds"": 2.1199999999999997}, {""start_seconds"": 2.31, ""end_seconds"": 2.3299999999999996}, {""start_seconds"": 2.8200000000000003, ""end_seconds"": 2.9299999999999997}]",35.722068786621094,0.9663355946540833,100k,0.230438232421875,0,False,3.060520887374878,3.684619665145874,3.7355782985687256,3.796393632888794,2.429119110107422,3.5380947589874268,2.8174965381622314,opentts_tetiana,whole_original_recording,0.0,opentts_tetiana_13b0b750996ccf20d718f422
100k,7.263726234436035,0.0,0,not_scored_no_time_aligned_reference,3.0,0.3515060544013977,3.1146666666666665,"[""local_high_frequency_burst"", ""sigmos_overall_below_threshold"", ""ecapa_similarity_below_threshold""]",True,5,"[{""start_seconds"": 0.060000000000000005, ""end_seconds"": 0.13}, {""start_seconds"": 1.39, ""end_seconds"": 1.46}, {""start_seconds"": 1.95, ""end_seconds"": 2.01}, {""start_seconds"": 2.1900000000000004, ""end_seconds"": 2.2199999999999998}, {""start_seconds"": 2.7, ""end_seconds"": 2.8099999999999996}]",35.59410095214844,0.9639686942100525,100k,0.230438232421875,1,False,3.4288265705108643,4.268056392669678,3.8118247985839844,4.498631477355957,2.8297345638275146,3.92557430267334,3.2273130416870117,opentts_tetiana,whole_original_recording,0.11466666666666667,opentts_tetiana_13b0b750996ccf20d718f422
100k,7.310194969177246,0.0,0,not_scored_no_time_aligned_reference,2.592,0.43366971611976624,2.592,"[""sigmos_overall_below_threshold"", ""ecapa_similarity_below_threshold""]",True,0,[],20.76449203491211,0.07309069484472275,100k,0.199371337890625,0,True,3.503342866897583,3.894465446472168,3.6431150436401367,3.489142417907715,2.8823416233062744,3.675835132598877,3.1756722927093506,opentts_tetiana,whole_original_recording,0.0,opentts_tetiana_940d13e97ac3739264027997
100k,7.262972831726074,0.0,0,not_scored_no_time_aligned_reference,3.0,0.5418755412101746,3.0,"[""local_high_frequency_burst"", ""sigmos_overall_below_threshold"", ""ecapa_similarity_below_threshold""]",True,1,"[{""start_seconds"": 1.32, ""end_seconds"": 1.4}]",25.38475799560547,0.9220197796821594,100k,0.17547607421875,0,False,3.080167770385742,3.541161060333252,3.839669942855835,3.979564666748047,2.7565321922302246,3.7694270610809326,3.1009340286254883,opentts_tetiana,whole_original_recording,0.0,opentts_tetiana_671bd81fff59349210ecd0c9
100k,7.340156555175781,0.0,0,not_scored_no_time_aligned_reference,3.0,0.5473907589912415,3.2853333333333334,"[""local_high_frequency_burst"", ""sigmos_overall_below_threshold"", ""sigmos_speech_below_threshold"", ""ecapa_similarity_below_threshold""]",True,1,"[{""start_seconds"": 1.04, ""end_seconds"": 1.12}]",24.374385833740234,0.9113296866416931,100k,0.17547607421875,1,False,3.0187084674835205,3.500668525695801,3.27948260307312,3.8407108783721924,2.3332247734069824,3.797642946243286,2.5295281410217285,opentts_tetiana,whole_original_recording,0.2853333333333333,opentts_tetiana_671bd81fff59349210ecd0c9
100k,7.366377830505371,0.0,0,not_scored_no_time_aligned_reference,3.0,0.44214314222335815,3.0,"[""local_high_frequency_burst"", ""sigmos_overall_below_threshold"", ""sigmos_speech_below_threshold"", ""sigmos_coloration_below_threshold"", ""ecapa_similarity_below_threshold""]",True,1,"[{""start_seconds"": 2.45, ""end_seconds"": 2.5399999999999996}]",33.18671417236328,0.9312043190002441,100k,0.17474365234375,0,False,2.9092607498168945,3.82480525970459,3.101980686187744,3.9666290283203125,2.2086381912231445,4.317074775695801,2.4120032787323,opentts_tetiana,whole_original_recording,0.0,opentts_tetiana_0a4f4eeb4c084d7aa9a1f264
100k,7.328121185302734,0.0,0,not_scored_no_time_aligned_reference,3.0,0.45203787088394165,3.52,"[""local_high_frequency_burst"", ""sigmos_overall_below_threshold"", ""ecapa_similarity_below_threshold""]",True,1,"[{""start_seconds"": 1.93, ""end_seconds"": 2.0199999999999996}]",25.359630584716797,0.9312043190002441,100k,0.17474365234375,1,False,3.135739326477051,3.3952953815460205,3.472796678543091,3.8413071632385254,2.5640008449554443,3.9537839889526367,3.034968376159668,opentts_tetiana,whole_original_recording,0.52,opentts_tetiana_0a4f4eeb4c084d7aa9a1f264
100k,6.976595401763916,0.0,0,not_scored_no_time_aligned_reference,3.0,0.46953320503234863,3.0,"[""local_high_frequency_burst"", ""sigmos_overall_below_threshold"", ""ecapa_similarity_below_threshold""]",True,1,"[{""start_seconds"": 2.0100000000000002, ""end_seconds"": 2.0399999999999996}]",41.994449615478516,0.6331963539123535,100k,0.278594970703125,0,False,3.3265461921691895,4.44077205657959,3.51556658744812,4.422555446624756,2.9694881439208984,3.843217134475708,3.312864065170288,opentts_tetiana,whole_original_recording,0.0,opentts_tetiana_2a9b64026a8f8317f3b1e138
100k,7.120371341705322,0.0,0,not_scored_no_time_aligned_reference,3.0,0.4630201458930969,4.5,"[""local_high_frequency_burst"", ""sigmos_overall_below_threshold"", ""sigmos_coloration_below_threshold"", ""ecapa_similarity_below_threshold""]",True,1,"[{""start_seconds"": 0.51, ""end_seconds"": 0.54}]",47.872169494628906,0.6331963539123535,100k,0.278594970703125,1,False,2.785642147064209,3.6621766090393066,4.15958309173584,3.630429267883301,2.631826400756836,4.374587059020996,3.1630477905273438,opentts_tetiana,whole_original_recording,1.5,opentts_tetiana_2a9b64026a8f8317f3b1e138
100k,7.2893805503845215,0.0,0,not_scored_no_time_aligned_reference,3.0,0.3744194805622101,5.269333333333333,"[""local_high_frequency_burst"", ""sigmos_overall_below_threshold"", ""sigmos_speech_below_threshold"", ""sigmos_coloration_below_threshold"", ""ecapa_similarity_below_threshold""]",True,1,"[{""start_seconds"": 0.41, ""end_seconds"": 0.45}]",47.71331787109375,0.5825455784797668,100k,0.236846923828125,2,False,2.006079912185669,3.686112403869629,3.853654623031616,3.3631210327148438,2.186251163482666,4.124139308929443,2.801588535308838,opentts_tetiana,whole_original_recording,2.2693333333333334,opentts_tetiana_2a9b64026a8f8317f3b1e138
100k,7.58829402923584,0.0,0,not_scored_no_time_aligned_reference,3.0,0.22711600363254547,3.0,"[""local_high_frequency_burst"", ""sigmos_overall_below_threshold"", ""sigmos_coloration_below_threshold"", ""ecapa_similarity_below_threshold""]",True,1,"[{""start_seconds"": 2.2, ""end_seconds"": 2.2899999999999996}]",34.61736297607422,0.8727719187736511,100k,0.2276611328125,0,False,2.951538562774658,4.390008926391602,3.5359537601470947,4.379815101623535,2.7637784481048584,4.249178886413574,3.108358383178711,tg_voices_uk,whole_original_recording,0.0,tg_voices_uk_d5269cb157cc6c1a0a14a13e
100k,7.620012283325195,0.0,0,not_scored_no_time_aligned_reference,3.0,0.29958781599998474,4.330666666666667,"[""local_high_frequency_burst"", ""ecapa_similarity_below_threshold""]",True,2,"[{""start_seconds"": 0.87, ""end_seconds"": 0.96}, {""start_seconds"": 1.84, ""end_seconds"": 1.94}]",34.62479019165039,0.8746470808982849,100k,0.217681884765625,1,False,3.288400411605835,4.1549973487854,3.760233163833618,4.498867988586426,3.0145652294158936,4.520209789276123,3.376939296722412,tg_voices_uk,whole_original_recording,1.3306666666666667,tg_voices_uk_d5269cb157cc6c1a0a14a13e
100k,6.8446736335754395,0.0,0,not_scored_no_time_aligned_reference,3.0,0.3612132966518402,3.0,"[""local_high_frequency_burst"", ""sigmos_overall_below_threshold"", ""sigmos_coloration_below_threshold"", ""ecapa_similarity_below_threshold""]",True,1,"[{""start_seconds"": 1.8699999999999999, ""end_seconds"": 1.93}]",36.326934814453125,0.8295028209686279,100k,0.400909423828125,0,False,2.994232654571533,3.7490463256835938,3.5922348499298096,3.6794815063476562,2.730635643005371,3.814295768737793,3.0533857345581055,tg_voices_uk,whole_original_recording,0.0,tg_voices_uk_a0e8900641824571beaf0652
100k,6.925294876098633,0.0,0,not_scored_no_time_aligned_reference,3.0,0.3471541404724121,4.5,"[""local_high_frequency_burst"", ""sigmos_overall_below_threshold"", ""sigmos_speech_below_threshold"", ""sigmos_coloration_below_threshold"", ""ecapa_similarity_below_threshold""]",True,1,"[{""start_seconds"": 0.37, ""end_seconds"": 0.43}]",31.763347625732422,0.8295028209686279,100k,0.31634521484375,1,False,2.639862060546875,3.4133152961730957,4.097828388214111,4.358475208282471,2.374385356903076,3.480834722518921,2.5257441997528076,tg_voices_uk,whole_original_recording,1.5,tg_voices_uk_a0e8900641824571beaf0652
100k,7.020486831665039,0.0,0,not_scored_no_time_aligned_reference,3.0,0.30070456862449646,4.981333333333334,"[""sigmos_overall_below_threshold"", ""sigmos_speech_below_threshold"", ""sigmos_coloration_below_threshold"", ""ecapa_similarity_below_threshold""]",True,0,[],34.615482330322266,0.39469730854034424,100k,0.31634521484375,2,False,2.8604073524475098,3.554196834564209,4.170077323913574,4.137738227844238,2.1642889976501465,4.064927101135254,2.4002268314361572,tg_voices_uk,whole_original_recording,1.9813333333333334,tg_voices_uk_a0e8900641824571beaf0652
100k,6.910130500793457,0.0,0,not_scored_no_time_aligned_reference,3.0,0.3753971457481384,3.0,"[""local_high_frequency_burst"", ""sigmos_overall_below_threshold"", ""sigmos_speech_below_threshold"", ""ecapa_similarity_below_threshold""]",True,1,"[{""start_seconds"": 0.16999999999999998, ""end_seconds"": 0.19}]",48.32114028930664,0.4600282311439514,100k,0.256591796875,0,False,3.174104690551758,3.737428903579712,3.856905221939087,4.1486496925354,2.5354063510894775,3.9106268882751465,2.872692823410034,tg_voices_uk,whole_original_recording,0.0,tg_voices_uk_8cef74ffc5890af5678085c6
100k,6.6712846755981445,0.0,0,not_scored_no_time_aligned_reference,3.0,0.3878687918186188,4.5,"[""local_high_frequency_burst"", ""ecapa_similarity_below_threshold""]",True,1,"[{""start_seconds"": 1.9, ""end_seconds"": 1.96}]",30.505130767822266,0.8400319218635559,100k,0.285888671875,1,False,3.1696741580963135,3.731607675552368,3.3913991451263428,3.9574525356292725,3.025059461593628,4.004848003387451,3.4755170345306396,tg_voices_uk,whole_original_recording,1.5,tg_voices_uk_8cef74ffc5890af5678085c6
100k,6.830488681793213,0.0,0,not_scored_no_time_aligned_reference,3.0,0.3647828698158264,5.578666666666667,"[""local_high_frequency_burst"", ""sigmos_overall_below_threshold"", ""sigmos_coloration_below_threshold"", ""ecapa_similarity_below_threshold""]",True,2,"[{""start_seconds"": 0.82, ""end_seconds"": 0.88}, {""start_seconds"": 2.2, ""end_seconds"": 2.26}]",31.973644256591797,0.8295769095420837,100k,0.285888671875,2,False,2.792917251586914,3.278871774673462,3.691098690032959,3.295278787612915,2.6614291667938232,3.810124397277832,3.1077799797058105,tg_voices_uk,whole_original_recording,2.578666666666667,tg_voices_uk_8cef74ffc5890af5678085c6
100k,6.799010276794434,0.0,0,not_scored_no_time_aligned_reference,3.0,0.3431435525417328,3.0,"[""local_high_frequency_burst"", ""sigmos_overall_below_threshold"", ""sigmos_speech_below_threshold"", ""sigmos_coloration_below_threshold"", ""ecapa_similarity_below_threshold""]",True,3,"[{""start_seconds"": 0.49, ""end_seconds"": 0.58}, {""start_seconds"": 0.97, ""end_seconds"": 1.06}, {""start_seconds"": 1.58, ""end_seconds"": 1.66}]",33.329078674316406,0.8778516054153442,100k,0.31890869140625,0,False,2.9657044410705566,3.2494168281555176,3.7318336963653564,4.064659595489502,2.539506196975708,3.737295389175415,2.914241313934326,tg_voices_uk,whole_original_recording,0.0,tg_voices_uk_658efbc1e369460c1629ae86
100k,6.925777435302734,0.0,0,not_scored_no_time_aligned_reference,3.0,0.3599177300930023,3.6053333333333333,"[""local_high_frequency_burst"", ""sigmos_overall_below_threshold"", ""sigmos_discontinuity_below_threshold"", ""ecapa_similarity_below_threshold""]",True,2,"[{""start_seconds"": 0.36, ""end_seconds"": 0.45}, {""start_seconds"": 0.98, ""end_seconds"": 1.06}]",34.96574783325195,0.8597480058670044,100k,0.31890869140625,1,False,3.1281332969665527,2.9541401863098145,3.4603066444396973,3.668468952178955,2.7332966327667236,3.5067155361175537,3.1316170692443848,tg_voices_uk,whole_original_recording,0.6053333333333333,tg_voices_uk_658efbc1e369460c1629ae86
100k,6.793739318847656,0.0,0,not_scored_no_time_aligned_reference,1.9626666666666666,0.3351770043373108,1.9626666666666666,"[""local_high_frequency_burst"", ""sigmos_overall_below_threshold"", ""sigmos_speech_below_threshold"", ""sigmos_coloration_below_threshold"", ""ecapa_similarity_below_threshold""]",True,2,"[{""start_seconds"": 0.27999999999999997, ""end_seconds"": 0.37}, {""start_seconds"": 0.64, ""end_seconds"": 0.71}]",29.61508560180664,0.8740663528442383,100k,0.24462890625,0,True,2.748124122619629,3.7111270427703857,4.082409858703613,4.023469924926758,2.4995038509368896,3.983433485031128,2.99658203125,tg_voices_uk,whole_original_recording,0.0,tg_voices_uk_f9e95512fa5b017dfd46cf6e
100k,6.8345537185668945,0.0,0,not_scored_no_time_aligned_reference,3.0,0.14289510250091553,3.0,"[""sigmos_overall_below_threshold"", ""sigmos_coloration_below_threshold"", ""ecapa_similarity_below_threshold""]",True,0,[],27.82532501220703,0.30470505356788635,100k,0.358245849609375,0,False,2.8227808475494385,3.886794328689575,3.322669506072998,3.4785685539245605,2.745612621307373,3.689030170440674,3.318678617477417,tg_voices_uk,whole_original_recording,0.0,tg_voices_uk_7bcf5b98ce622bfff20ea714
100k,6.743013381958008,0.0,0,not_scored_no_time_aligned_reference,3.0,0.08078788220882416,4.5,"[""sigmos_overall_below_threshold"", ""sigmos_speech_below_threshold"", ""sigmos_noise_below_threshold"", ""sigmos_coloration_below_threshold"", ""ecapa_similarity_below_threshold""]",True,0,[],18.095996856689453,0.2425563782453537,100k,0.3099365234375,1,False,2.4272568225860596,3.2477166652679443,3.420891523361206,2.8601410388946533,2.356630563735962,2.9592723846435547,2.8967740535736084,tg_voices_uk,whole_original_recording,1.5,tg_voices_uk_7bcf5b98ce622bfff20ea714
100k,7.1176676750183105,0.0,0,not_scored_no_time_aligned_reference,3.0,0.12389673292636871,6.0,"[""sigmos_overall_below_threshold"", ""sigmos_speech_below_threshold"", ""sigmos_coloration_below_threshold"", ""ecapa_similarity_below_threshold""]",True,0,[],21.87793731689453,0.08239272981882095,100k,0.284210205078125,2,False,2.2985684871673584,4.38196325302124,3.092851161956787,3.677015781402588,1.889009714126587,3.217127799987793,2.0607120990753174,tg_voices_uk,whole_original_recording,3.0,tg_voices_uk_7bcf5b98ce622bfff20ea714
100k,7.2763519287109375,0.0,0,not_scored_no_time_aligned_reference,3.0,0.1465180516242981,6.506666666666667,"[""sigmos_overall_below_threshold"", ""sigmos_speech_below_threshold"", ""sigmos_coloration_below_threshold"", ""ecapa_similarity_below_threshold""]",True,0,[],20.788772583007812,0.06708226352930069,100k,0.284210205078125,3,False,2.359156370162964,3.886774778366089,3.5025808811187744,3.695876359939575,2.1122100353240967,3.5103986263275146,2.353008985519409,tg_voices_uk,whole_original_recording,3.506666666666667,tg_voices_uk_7bcf5b98ce622bfff20ea714
100k,6.7428297996521,0.0,0,not_scored_no_time_aligned_reference,3.0,0.22801388800144196,3.0,"[""sigmos_overall_below_threshold"", ""sigmos_speech_below_threshold"", ""sigmos_coloration_below_threshold"", ""sigmos_discontinuity_below_threshold"", ""ecapa_similarity_below_threshold""]",True,0,[],31.443748474121094,0.21996662020683289,100k,0.243560791015625,0,False,2.4496712684631348,2.995708465576172,3.091104745864868,3.414497137069702,2.491337537765503,3.4027938842773438,2.7691924571990967,tg_voices_uk,whole_original_recording,0.0,tg_voices_uk_d2784c8c0d91a188adcadd00
100k,6.84631872177124,0.0,0,not_scored_no_time_aligned_reference,3.0,0.22066336870193481,3.3493333333333335,"[""sigmos_overall_below_threshold"", ""sigmos_speech_below_threshold"", ""sigmos_coloration_below_threshold"", ""ecapa_similarity_below_threshold""]",True,0,[],27.05541229248047,0.22068452835083008,100k,0.243560791015625,1,False,2.680415391921997,3.175443410873413,3.3152942657470703,3.778393507003784,2.496687412261963,3.3745763301849365,2.823312759399414,tg_voices_uk,whole_original_recording,0.34933333333333333,tg_voices_uk_d2784c8c0d91a188adcadd00
100k,6.470394134521484,0.0,0,not_scored_no_time_aligned_reference,3.0,0.15695305168628693,3.0,"[""local_high_frequency_burst"", ""sigmos_overall_below_threshold"", ""sigmos_coloration_below_threshold"", ""ecapa_similarity_below_threshold""]",True,1,"[{""start_seconds"": 2.52, ""end_seconds"": 2.5399999999999996}]",30.802295684814453,0.4763542711734772,100k,0.242584228515625,0,False,2.61517596244812,4.055285453796387,3.2250709533691406,3.7419753074645996,2.8445675373077393,4.526783466339111,3.2499260902404785,tg_voices_uk,whole_original_recording,0.0,tg_voices_uk_defbb978b1122cbf24a17588
100k,6.7748942375183105,0.0,0,not_scored_no_time_aligned_reference,3.0,0.21363583207130432,4.2026666666666666,"[""local_high_frequency_burst"", ""sigmos_overall_below_threshold"", ""sigmos_speech_below_threshold"", ""sigmos_coloration_below_threshold"", ""ecapa_similarity_below_threshold""]",True,2,"[{""start_seconds"": 1.31, ""end_seconds"": 1.33}, {""start_seconds"": 2.72, ""end_seconds"": 2.7699999999999996}]",34.11737823486328,0.712639331817627,100k,0.197723388671875,1,False,2.6006481647491455,3.909733295440674,3.70723819732666,3.9744598865509033,2.4406895637512207,3.6112759113311768,2.9718215465545654,tg_voices_uk,whole_original_recording,1.2026666666666668,tg_voices_uk_defbb978b1122cbf24a17588
100k,7.21502161026001,0.0,0,not_scored_no_time_aligned_reference,2.8586666666666667,0.3647380769252777,2.8586666666666667,"[""local_high_frequency_burst"", ""sigmos_overall_below_threshold"", ""sigmos_speech_below_threshold"", ""sigmos_coloration_below_threshold"", ""ecapa_similarity_below_threshold""]",True,2,"[{""start_seconds"": 0.8, ""end_seconds"": 0.92}, {""start_seconds"": 1.55, ""end_seconds"": 1.58}]",38.66046905517578,0.6416277885437012,100k,0.280303955078125,0,True,2.37603497505188,4.671528339385986,3.4359500408172607,4.369697570800781,2.500622272491455,3.1564853191375732,2.894893169403076,tg_voices_uk,whole_original_recording,0.0,tg_voices_uk_94c71638eb2c0cc6c0f109a7
100k,7.131378173828125,0.0,0,not_scored_no_time_aligned_reference,2.8266666666666667,0.43339645862579346,2.8266666666666667,"[""local_high_frequency_burst"", ""sigmos_overall_below_threshold"", ""sigmos_coloration_below_threshold"", ""ecapa_similarity_below_threshold""]",True,1,"[{""start_seconds"": 0.48, ""end_seconds"": 0.5700000000000001}]",31.053855895996094,0.8028085827827454,100k,0.131591796875,0,True,2.7668700218200684,3.517354726791382,3.626377582550049,4.1154465675354,2.603963851928711,4.170476913452148,3.2038028240203857,tg_voices_uk,whole_original_recording,0.0,tg_voices_uk_e4166b3ab320c8897abdec5b
100k,6.647589206695557,0.0,0,not_scored_no_time_aligned_reference,2.7626666666666666,0.35672515630722046,2.7626666666666666,"[""local_high_frequency_burst"", ""sigmos_overall_below_threshold"", ""ecapa_similarity_below_threshold""]",True,2,"[{""start_seconds"": 0.36, ""end_seconds"": 0.4}, {""start_seconds"": 2.0500000000000003, ""end_seconds"": 2.0999999999999996}]",33.17564010620117,0.8900600075721741,100k,0.347320556640625,0,True,3.565591812133789,3.392709970474243,3.280287265777588,4.345250129699707,2.8308606147766113,4.4510908126831055,3.084256887435913,tg_voices_uk,whole_original_recording,0.0,tg_voices_uk_592b1d26a9dd49fa2fa20b10
100k,7.195805549621582,0.0,0,not_scored_no_time_aligned_reference,3.0,0.35862961411476135,3.0,"[""local_high_frequency_burst"", ""sigmos_overall_below_threshold"", ""sigmos_coloration_below_threshold"", ""ecapa_similarity_below_threshold""]",True,5,"[{""start_seconds"": 1.29, ""end_seconds"": 1.33}, {""start_seconds"": 1.61, ""end_seconds"": 1.67}, {""start_seconds"": 1.7, ""end_seconds"": 1.75}, {""start_seconds"": 2.24, ""end_seconds"": 2.2899999999999996}, {""start_seconds"": 2.5300000000000002, ""end_seconds"": 2.55}]",33.858543395996094,0.9072662591934204,100k,0.346710205078125,0,False,2.739211320877075,3.9681172370910645,4.210530757904053,3.623291254043579,2.8794803619384766,3.678067684173584,3.3034372329711914,ua_ser,whole_original_recording,0.0,ua_ser_d6c68dfbf248fbf4692d40ce
100k,7.23068380355835,0.0,0,not_scored_no_time_aligned_reference,3.0,0.3732853829860687,3.029333333333333,"[""local_high_frequency_burst"", ""sigmos_overall_below_threshold"", ""sigmos_speech_below_threshold"", ""sigmos_coloration_below_threshold"", ""ecapa_similarity_below_threshold""]",True,5,"[{""start_seconds"": 1.26, ""end_seconds"": 1.3}, {""start_seconds"": 1.58, ""end_seconds"": 1.65}, {""start_seconds"": 1.67, ""end_seconds"": 1.72}, {""start_seconds"": 2.2100000000000004, ""end_seconds"": 2.26}, {""start_seconds"": 2.5, ""end_seconds"": 2.5199999999999996}]",33.913021087646484,0.9078383445739746,100k,0.346710205078125,1,False,2.7605173587799072,4.2452802658081055,4.052083492279053,3.608380079269409,2.487229585647583,3.9213743209838867,2.8905234336853027,ua_ser,whole_original_recording,0.029333333333333333,ua_ser_d6c68dfbf248fbf4692d40ce
100k,6.807487964630127,0.0,0,not_scored_no_time_aligned_reference,2.304,0.4297581911087036,2.304,"[""local_high_frequency_burst"", ""sigmos_overall_below_threshold"", ""sigmos_speech_below_threshold"", ""sigmos_coloration_below_threshold"", ""ecapa_similarity_below_threshold""]",True,4,"[{""start_seconds"": 0.22999999999999998, ""end_seconds"": 0.28}, {""start_seconds"": 0.6799999999999999, ""end_seconds"": 0.77}, {""start_seconds"": 1.22, ""end_seconds"": 1.26}, {""start_seconds"": 1.54, ""end_seconds"": 1.56}]",34.805931091308594,0.8671151995658875,100k,0.190185546875,0,True,2.6613171100616455,3.6277058124542236,3.7219860553741455,3.7668533325195312,2.1802940368652344,3.664513111114502,2.423807144165039,ua_ser,whole_original_recording,0.0,ua_ser_4db02e303300ab157338f3d7
100k,7.321452617645264,0.0,0,not_scored_no_time_aligned_reference,3.0,0.27742472290992737,3.0,"[""local_high_frequency_burst"", ""sigmos_overall_below_threshold"", ""sigmos_coloration_below_threshold"", ""ecapa_similarity_below_threshold""]",True,3,"[{""start_seconds"": 1.06, ""end_seconds"": 1.12}, {""start_seconds"": 1.39, ""end_seconds"": 1.47}, {""start_seconds"": 2.2300000000000004, ""end_seconds"": 2.2699999999999996}]",34.516475677490234,0.9443519711494446,100k,0.254119873046875,0,False,2.812316656112671,4.34302282333374,3.5361201763153076,4.369341850280762,2.5963456630706787,3.523651361465454,3.221221923828125,ua_ser,whole_original_recording,0.0,ua_ser_95873e561061831fe2ce3310
100k,7.3306565284729,0.0,0,not_scored_no_time_aligned_reference,3.0,0.2660624384880066,3.018666666666667,"[""local_high_frequency_burst"", ""sigmos_overall_below_threshold"", ""sigmos_speech_below_threshold"", ""sigmos_coloration_below_threshold"", ""ecapa_similarity_below_threshold""]",True,3,"[{""start_seconds"": 1.04, ""end_seconds"": 1.1}, {""start_seconds"": 1.3699999999999999, ""end_seconds"": 1.46}, {""start_seconds"": 2.2100000000000004, ""end_seconds"": 2.26}]",35.21220397949219,0.9439031481742859,100k,0.254119873046875,1,False,2.6901302337646484,3.9033119678497314,3.589383363723755,4.144075393676758,2.40903902053833,3.798145294189453,2.8652219772338867,ua_ser,whole_original_recording,0.018666666666666668,ua_ser_95873e561061831fe2ce3310
100k,6.6305155754089355,0.0,0,not_scored_no_time_aligned_reference,2.965333333333333,0.3065052926540375,2.965333333333333,"[""sigmos_overall_below_threshold"", ""sigmos_speech_below_threshold"", ""sigmos_coloration_below_threshold"", ""ecapa_similarity_below_threshold""]",True,0,[],36.062599182128906,0.2449934482574463,100k,0.232452392578125,0,True,2.6123318672180176,3.1626033782958984,4.066555023193359,3.705838441848755,1.969665288925171,3.6899616718292236,2.2512621879577637,ua_ser,whole_original_recording,0.0,ua_ser_be9977a80fcda0f71ba3276e
100k,6.648314952850342,0.0,0,not_scored_no_time_aligned_reference,3.0,0.3892957866191864,3.0,"[""local_high_frequency_burst"", ""sigmos_overall_below_threshold"", ""sigmos_coloration_below_threshold"", ""ecapa_similarity_below_threshold""]",True,1,"[{""start_seconds"": 0.6, ""end_seconds"": 0.62}]",33.536476135253906,0.7790151834487915,100k,0.28167724609375,0,False,2.7803986072540283,3.840041160583496,4.045009613037109,3.564129114151001,2.6723122596740723,4.186541557312012,3.2346880435943604,ua_ser,whole_original_recording,0.0,ua_ser_c5c3ca730d3535260dae5823
100k,6.806249141693115,0.0,0,not_scored_no_time_aligned_reference,3.0,0.3900372087955475,4.0,"[""sigmos_overall_below_threshold"", ""sigmos_coloration_below_threshold"", ""ecapa_similarity_below_threshold""]",True,0,[],34.31818771362305,0.2883256673812866,100k,0.28167724609375,1,False,2.9240925312042236,3.7257003784179688,4.301799297332764,3.8741583824157715,2.709275245666504,4.347034454345703,3.2440345287323,ua_ser,whole_original_recording,1.0,ua_ser_c5c3ca730d3535260dae5823
100k,7.0667829513549805,0.0,0,not_scored_no_time_aligned_reference,2.3466666666666667,0.3255695700645447,2.3466666666666667,"[""local_high_frequency_burst"", ""sigmos_overall_below_threshold"", ""sigmos_speech_below_threshold"", ""ecapa_similarity_below_threshold""]",True,4,"[{""start_seconds"": 0.16999999999999998, ""end_seconds"": 0.19}, {""start_seconds"": 0.67, ""end_seconds"": 0.72}, {""start_seconds"": 0.99, ""end_seconds"": 1.04}, {""start_seconds"": 1.99, ""end_seconds"": 2.0599999999999996}]",48.47144317626953,0.7332056760787964,100k,0.361541748046875,0,True,3.1181933879852295,3.5176312923431396,3.7107460498809814,4.195769786834717,2.521536111831665,3.9817280769348145,2.8884220123291016,ua_ser,whole_original_recording,0.0,ua_ser_c01c2b06a83071c907a0b6f4
100k,7.234140872955322,0.0,0,not_scored_no_time_aligned_reference,2.2293333333333334,0.13222810626029968,2.2293333333333334,"[""local_high_frequency_burst"", ""sigmos_overall_below_threshold"", ""sigmos_coloration_below_threshold"", ""ecapa_similarity_below_threshold""]",True,3,"[{""start_seconds"": 0.36, ""end_seconds"": 0.42}, {""start_seconds"": 1.19, ""end_seconds"": 1.28}, {""start_seconds"": 1.58, ""end_seconds"": 1.68}]",35.00126266479492,0.9533395767211914,100k,0.268524169921875,0,True,2.570599317550659,4.6556854248046875,4.584945201873779,4.675573348999023,2.9696545600891113,4.6490278244018555,3.4861741065979004,ua_ser,whole_original_recording,0.0,ua_ser_ca8ff0246855dce7bf315b3e
100k,7.032968521118164,0.0,0,not_scored_no_time_aligned_reference,2.3466666666666667,0.3717813193798065,2.3466666666666667,"[""local_high_frequency_burst"", ""sigmos_overall_below_threshold"", ""sigmos_speech_below_threshold"", ""sigmos_coloration_below_threshold"", ""ecapa_similarity_below_threshold""]",True,1,"[{""start_seconds"": 1.28, ""end_seconds"": 1.33}]",33.28219985961914,0.9088489413261414,100k,0.2274169921875,0,True,1.6827497482299805,3.5700581073760986,3.5976433753967285,3.636064291000366,1.8638513088226318,3.8791167736053467,2.2920496463775635,ua_ser,whole_original_recording,0.0,ua_ser_be37bb89df5984c587d20c82
100k,7.191256523132324,0.0,0,not_scored_no_time_aligned_reference,3.0,0.49410945177078247,3.0,"[""local_high_frequency_burst"", ""sigmos_overall_below_threshold"", ""ecapa_similarity_below_threshold""]",True,1,"[{""start_seconds"": 1.53, ""end_seconds"": 1.61}]",34.236671447753906,0.9185432195663452,100k,0.17864990234375,0,False,3.134567975997925,3.312936782836914,3.5808849334716797,3.8688273429870605,2.621249198913574,3.597702741622925,3.007415533065796,ua_ser,whole_original_recording,0.0,ua_ser_2078f4fcf073d7a5d6bd7c09
100k,7.194250106811523,0.0,0,not_scored_no_time_aligned_reference,3.0,0.513078510761261,3.2853333333333334,"[""local_high_frequency_burst"", ""ecapa_similarity_below_threshold""]",True,2,"[{""start_seconds"": 1.24, ""end_seconds"": 1.32}, {""start_seconds"": 2.7800000000000002, ""end_seconds"": 2.8899999999999997}]",35.61992645263672,0.9184390306472778,100k,0.17864990234375,1,False,3.0610060691833496,3.816096067428589,4.227298736572266,3.8821611404418945,3.0380992889404297,4.154409408569336,3.768855094909668,ua_ser,whole_original_recording,0.2853333333333333,ua_ser_2078f4fcf073d7a5d6bd7c09
100k,6.8595805168151855,0.0,0,not_scored_no_time_aligned_reference,3.0,0.5246954560279846,3.0,"[""local_high_frequency_burst"", ""sigmos_overall_below_threshold"", ""sigmos_speech_below_threshold"", ""sigmos_coloration_below_threshold"", ""sigmos_discontinuity_below_threshold"", ""ecapa_similarity_below_threshold""]",True,1,"[{""start_seconds"": 0.25, ""end_seconds"": 0.31}]",44.59355926513672,0.8873770833015442,100k,0.14776611328125,0,False,2.4207985401153564,2.993973970413208,4.092606544494629,4.179899215698242,2.3639512062072754,3.7294983863830566,2.927144765853882,ua_ser,whole_original_recording,0.0,ua_ser_36bd6142702dc47dc2a92a52
100k,6.8396992683410645,0.0,0,not_scored_no_time_aligned_reference,3.0,0.509645938873291,3.136,"[""local_high_frequency_burst"", ""sigmos_overall_below_threshold"", ""sigmos_speech_below_threshold"", ""sigmos_coloration_below_threshold"", ""sigmos_discontinuity_below_threshold"", ""ecapa_similarity_below_threshold""]",True,1,"[{""start_seconds"": 0.12000000000000001, ""end_seconds"": 0.18000000000000002}]",46.08207702636719,0.916239321231842,100k,0.14776611328125,1,False,2.296952962875366,2.986287832260132,4.234643936157227,4.036860466003418,2.0370829105377197,3.415877103805542,2.642953872680664,ua_ser,whole_original_recording,0.136,ua_ser_36bd6142702dc47dc2a92a52
100k,7.037816047668457,0.0,0,not_scored_no_time_aligned_reference,2.1866666666666665,0.29707813262939453,2.1866666666666665,"[""local_high_frequency_burst"", ""sigmos_overall_below_threshold"", ""sigmos_coloration_below_threshold"", ""ecapa_similarity_below_threshold""]",True,3,"[{""start_seconds"": 0.78, ""end_seconds"": 0.87}, {""start_seconds"": 1.15, ""end_seconds"": 1.22}, {""start_seconds"": 1.33, ""end_seconds"": 1.35}]",28.769184112548828,0.9301223754882812,100k,0.35723876953125,0,True,2.7346811294555664,3.775287628173828,3.553156614303589,3.818164587020874,2.369039297103882,4.2927961349487305,3.3633170127868652,ua_ser,whole_original_recording,0.0,ua_ser_cb7a724e58c70d6742da4d92
100k,6.853254318237305,0.0,0,not_scored_no_time_aligned_reference,2.4426666666666668,0.3278721272945404,2.4426666666666668,"[""local_high_frequency_burst"", ""sigmos_coloration_below_threshold"", ""ecapa_similarity_below_threshold""]",True,3,"[{""start_seconds"": 0.16, ""end_seconds"": 0.21000000000000002}, {""start_seconds"": 0.74, ""end_seconds"": 0.81}, {""start_seconds"": 1.51, ""end_seconds"": 1.59}]",33.99470901489258,0.8969203233718872,100k,0.139801025390625,0,True,2.895670175552368,4.042064666748047,3.71170711517334,4.257320880889893,3.07328200340271,4.393671989440918,3.6953699588775635,ukr_dialects,whole_original_recording,0.0,ukr_dialects_14f40dc5678bd3ac85b3e330
100k,6.365090847015381,0.0,0,not_scored_no_time_aligned_reference,1.696,0.29175856709480286,1.696,"[""sigmos_overall_below_threshold"", ""sigmos_speech_below_threshold"", ""sigmos_noise_below_threshold"", ""sigmos_coloration_below_threshold"", ""ecapa_similarity_below_threshold""]",True,0,[],14.028839111328125,0.03319878503680229,100k,0.09698486328125,0,True,2.642965078353882,4.246830940246582,2.8644747734069824,2.52982497215271,1.775871753692627,3.003936529159546,2.0569334030151367,ukr_dialects,whole_original_recording,0.0,ukr_dialects_c9a613ab99857675ac59ec10
100k,6.317511558532715,0.0,0,not_scored_no_time_aligned_reference,3.0,0.3034905195236206,3.0,"[""local_high_frequency_burst"", ""sigmos_overall_below_threshold"", ""sigmos_speech_below_threshold"", ""sigmos_coloration_below_threshold"", ""ecapa_similarity_below_threshold""]",True,2,"[{""start_seconds"": 0.9, ""end_seconds"": 1.02}, {""start_seconds"": 2.68, ""end_seconds"": 2.6999999999999997}]",30.403839111328125,0.9182289838790894,100k,0.17437744140625,0,False,2.5908701419830322,3.980525016784668,2.7491796016693115,3.5268795490264893,2.1284472942352295,3.969062566757202,2.423081636428833,ukr_dialects,whole_original_recording,0.0,ukr_dialects_42c43b458a4ba7f7e394401b
100k,6.806218147277832,0.0,0,not_scored_no_time_aligned_reference,3.0,0.3996806740760803,4.5,"[""local_high_frequency_burst"", ""sigmos_overall_below_threshold"", ""sigmos_speech_below_threshold"", ""sigmos_coloration_below_threshold"", ""ecapa_similarity_below_threshold""]",True,1,"[{""start_seconds"": 1.18, ""end_seconds"": 1.2}]",28.700782775878906,0.537731409072876,100k,0.14215087890625,1,False,2.7493419647216797,3.334106683731079,2.9366514682769775,3.505681037902832,2.2412912845611572,3.965697765350342,2.5246212482452393,ukr_dialects,whole_original_recording,1.5,ukr_dialects_42c43b458a4ba7f7e394401b
100k,7.325312614440918,0.0,0,not_scored_no_time_aligned_reference,3.0,0.41340240836143494,5.322666666666667,"[""local_high_frequency_burst"", ""sigmos_overall_below_threshold"", ""sigmos_speech_below_threshold"", ""sigmos_coloration_below_threshold"", ""ecapa_similarity_below_threshold""]",True,2,"[{""start_seconds"": 0.36, ""end_seconds"": 0.38}, {""start_seconds"": 2.7100000000000004, ""end_seconds"": 2.8}]",35.73985290527344,0.94887375831604,100k,0.193328857421875,2,False,2.9078598022460938,4.09661865234375,3.5168449878692627,4.5278520584106445,2.5125656127929688,4.632031440734863,2.7887940406799316,ukr_dialects,whole_original_recording,2.3226666666666667,ukr_dialects_42c43b458a4ba7f7e394401b
100k,7.184572696685791,0.0,0,not_scored_no_time_aligned_reference,1.856,0.4179857671260834,1.856,"[""sigmos_overall_below_threshold"", ""sigmos_speech_below_threshold"", ""ecapa_similarity_below_threshold""]",True,0,[],22.281631469726562,0.25161442160606384,100k,0.103607177734375,0,True,3.347097873687744,3.730409622192383,3.476398229598999,3.900099277496338,2.6989190578460693,3.695192337036133,2.979795217514038,ukr_dialects,whole_original_recording,0.0,ukr_dialects_0eefe6109d11f03c6f8626b6
100k,6.500286102294922,0.0,0,not_scored_no_time_aligned_reference,2.5813333333333333,0.24690239131450653,2.5813333333333333,"[""sigmos_overall_below_threshold"", ""sigmos_noise_below_threshold"", ""sigmos_coloration_below_threshold"", ""ecapa_similarity_below_threshold""]",True,0,[],21.71194839477539,0.3817487359046936,100k,0.16064453125,0,True,2.606379985809326,3.9187076091766357,3.401057004928589,2.817150592803955,2.212836742401123,3.5510687828063965,3.3688535690307617,ukr_dialects,whole_original_recording,0.0,ukr_dialects_d2ba80d943e6a61f32205558
100k,6.78855562210083,0.0,0,not_scored_no_time_aligned_reference,3.0,0.28355637192726135,3.0,"[""local_high_frequency_burst"", ""sigmos_overall_below_threshold"", ""sigmos_speech_below_threshold"", ""ecapa_similarity_below_threshold""]",True,3,"[{""start_seconds"": 0.21, ""end_seconds"": 0.27}, {""start_seconds"": 0.69, ""end_seconds"": 0.74}, {""start_seconds"": 1.6199999999999999, ""end_seconds"": 1.68}]",31.548458099365234,0.9324368238449097,100k,0.419921875,0,False,3.265691041946411,3.9269964694976807,4.184413433074951,3.04270601272583,2.128340005874634,4.513226509094238,2.6604678630828857,ukr_dialects,whole_original_recording,0.0,ukr_dialects_442b03ee21902c3d4d221437
100k,7.125757217407227,0.0,0,not_scored_no_time_aligned_reference,3.0,0.28755223751068115,4.5,"[""local_high_frequency_burst"", ""sigmos_overall_below_threshold"", ""sigmos_speech_below_threshold"", ""sigmos_coloration_below_threshold"", ""ecapa_similarity_below_threshold""]",True,2,"[{""start_seconds"": 0.12000000000000001, ""end_seconds"": 0.18000000000000002}, {""start_seconds"": 1.79, ""end_seconds"": 1.87}]",30.931316375732422,0.9324368238449097,100k,0.419921875,1,False,2.8237266540527344,3.6057982444763184,3.575294256210327,3.5619730949401855,2.379230260848999,4.128025054931641,2.9302825927734375,ukr_dialects,whole_original_recording,1.5,ukr_dialects_442b03ee21902c3d4d221437
100k,6.935319423675537,0.0,0,not_scored_no_time_aligned_reference,3.0,0.32734546065330505,6.0,"[""local_high_frequency_burst"", ""sigmos_overall_below_threshold"", ""ecapa_similarity_below_threshold""]",True,1,"[{""start_seconds"": 0.29, ""end_seconds"": 0.37}]",31.62704849243164,0.8904919624328613,100k,0.371490478515625,2,False,3.0162320137023926,3.399611234664917,3.422107696533203,3.5342090129852295,2.495656728744507,3.882692575454712,3.0241615772247314,ukr_dialects,whole_original_recording,3.0,ukr_dialects_442b03ee21902c3d4d221437
100k,6.751980304718018,0.0,0,not_scored_no_time_aligned_reference,3.0,0.31266382336616516,7.5,"[""sigmos_overall_below_threshold"", ""sigmos_speech_below_threshold"", ""sigmos_coloration_below_threshold"", ""ecapa_similarity_below_threshold""]",True,0,[],27.117782592773438,0.32817354798316956,100k,0.36920166015625,3,False,2.968245506286621,3.8724424839019775,3.2077672481536865,3.4633405208587646,2.527414560317993,3.6264917850494385,2.58186411857605,ukr_dialects,whole_original_recording,4.5,ukr_dialects_442b03ee21902c3d4d221437
100k,6.705410957336426,0.0,0,not_scored_no_time_aligned_reference,3.0,0.400250107049942,9.0,"[""local_high_frequency_burst"", ""sigmos_overall_below_threshold"", ""sigmos_speech_below_threshold"", ""sigmos_coloration_below_threshold"", ""ecapa_similarity_below_threshold""]",True,1,"[{""start_seconds"": 2.2300000000000004, ""end_seconds"": 2.3099999999999996}]",30.282238006591797,0.8595666289329529,100k,0.344451904296875,4,False,2.936039924621582,3.578378200531006,3.3148984909057617,3.0672008991241455,2.0318822860717773,3.5375945568084717,2.2367026805877686,ukr_dialects,whole_original_recording,6.0,ukr_dialects_442b03ee21902c3d4d221437
100k,7.076328277587891,0.0,0,not_scored_no_time_aligned_reference,3.0,0.33968493342399597,10.5,"[""local_high_frequency_burst"", ""sigmos_overall_below_threshold"", ""sigmos_speech_below_threshold"", ""sigmos_coloration_below_threshold"", ""ecapa_similarity_below_threshold""]",True,1,"[{""start_seconds"": 0.73, ""end_seconds"": 0.81}]",30.282238006591797,0.8595666289329529,100k,0.36456298828125,5,False,2.6824488639831543,4.672192573547363,3.981786012649536,3.577373743057251,2.445659637451172,4.432936668395996,2.9792747497558594,ukr_dialects,whole_original_recording,7.5,ukr_dialects_442b03ee21902c3d4d221437
100k,6.831886291503906,0.0,0,not_scored_no_time_aligned_reference,3.0,0.26445358991622925,12.0,"[""local_high_frequency_burst"", ""sigmos_overall_below_threshold"", ""sigmos_coloration_below_threshold"", ""ecapa_similarity_below_threshold""]",True,4,"[{""start_seconds"": 1.4, ""end_seconds"": 1.42}, {""start_seconds"": 1.5, ""end_seconds"": 1.55}, {""start_seconds"": 1.88, ""end_seconds"": 1.9}, {""start_seconds"": 1.93, ""end_seconds"": 1.95}]",25.303539276123047,0.7824293971061707,100k,0.36456298828125,6,False,2.548520565032959,3.8067002296447754,4.188564777374268,3.539092779159546,2.7290146350860596,4.2607879638671875,3.4092588424682617,ukr_dialects,whole_original_recording,9.0,ukr_dialects_442b03ee21902c3d4d221437
100k,6.8830647468566895,0.0,0,not_scored_no_time_aligned_reference,3.0,0.23127076029777527,13.12,"[""local_high_frequency_burst"", ""sigmos_overall_below_threshold"", ""sigmos_coloration_below_threshold"", ""ecapa_similarity_below_threshold""]",True,5,"[{""start_seconds"": 0.27999999999999997, ""end_seconds"": 0.3}, {""start_seconds"": 0.38, ""end_seconds"": 0.43}, {""start_seconds"": 0.76, ""end_seconds"": 0.78}, {""start_seconds"": 0.8099999999999999, ""end_seconds"": 0.83}, {""start_seconds"": 2.2300000000000004, ""end_seconds"": 2.28}]",26.90448760986328,0.8240204453468323,100k,0.383575439453125,7,False,2.97941255569458,4.106742858886719,4.406735420227051,3.463710069656372,2.8566532135009766,4.223815441131592,3.4179179668426514,ukr_dialects,whole_original_recording,10.12,ukr_dialects_442b03ee21902c3d4d221437
100k,6.726123809814453,0.0,0,not_scored_no_time_aligned_reference,2.784,0.3224019408226013,2.784,"[""local_high_frequency_burst"", ""sigmos_overall_below_threshold"", ""sigmos_speech_below_threshold"", ""sigmos_coloration_below_threshold"", ""ecapa_similarity_below_threshold""]",True,1,"[{""start_seconds"": 1.78, ""end_seconds"": 1.83}]",23.789968490600586,0.6821773648262024,100k,0.616485595703125,0,True,2.706559181213379,3.6481893062591553,3.1031761169433594,4.039856433868408,2.387382745742798,3.324647903442383,2.860100746154785,ukr_dialects,whole_original_recording,0.0,ukr_dialects_e4a3ec15f8d201178b55b96b
100k,6.9673614501953125,0.0,0,not_scored_no_time_aligned_reference,3.0,0.25730571150779724,3.0,"[""local_high_frequency_burst"", ""sigmos_overall_below_threshold"", ""sigmos_speech_below_threshold"", ""sigmos_coloration_below_threshold"", ""sigmos_discontinuity_below_threshold"", ""ecapa_similarity_below_threshold""]",True,1,"[{""start_seconds"": 1.1, ""end_seconds"": 1.19}]",26.82923698425293,0.8638349771499634,100k,0.48590087890625,0,False,2.939516544342041,2.8279571533203125,3.2968509197235107,3.6378092765808105,2.386888265609741,3.3391711711883545,2.5746495723724365,ukr_dialects,whole_original_recording,0.0,ukr_dialects_26bd5284900929a4d9a86064
100k,7.090457916259766,0.0,0,not_scored_no_time_aligned_reference,3.0,0.2587641775608063,3.477333333333333,"[""local_high_frequency_burst"", ""sigmos_overall_below_threshold"", ""sigmos_speech_below_threshold"", ""sigmos_coloration_below_threshold"", ""sigmos_discontinuity_below_threshold"", ""ecapa_similarity_below_threshold""]",True,1,"[{""start_seconds"": 0.62, ""end_seconds"": 0.71}]",26.938106536865234,0.850494921207428,100k,0.48590087890625,1,False,2.6405811309814453,2.9048802852630615,3.1656320095062256,3.5879955291748047,2.0837595462799072,3.5475382804870605,2.220259428024292,ukr_dialects,whole_original_recording,0.47733333333333333,ukr_dialects_26bd5284900929a4d9a86064
100k,7.102780818939209,0.0,0,not_scored_no_time_aligned_reference,2.7413333333333334,0.5174893140792847,2.7413333333333334,"[""local_high_frequency_burst"", ""sigmos_overall_below_threshold"", ""sigmos_noise_below_threshold"", ""sigmos_coloration_below_threshold"", ""ecapa_similarity_below_threshold""]",True,2,"[{""start_seconds"": 1.13, ""end_seconds"": 1.24}, {""start_seconds"": 1.5, ""end_seconds"": 1.52}]",28.26961898803711,0.819983959197998,100k,0.221923828125,0,True,2.9638004302978516,3.7914693355560303,3.373122453689575,2.923931360244751,2.5477044582366943,3.6621196269989014,3.0938754081726074,ukr_dialects,whole_original_recording,0.0,ukr_dialects_5c9b20aa91ead2216a51af30
100k,6.892819881439209,0.0,0,not_scored_no_time_aligned_reference,3.0,0.40327733755111694,3.0,"[""sigmos_overall_below_threshold"", ""sigmos_speech_below_threshold"", ""ecapa_similarity_below_threshold""]",True,0,[],24.002887725830078,0.31163761019706726,100k,0.60443115234375,0,False,3.112877368927002,3.740358352661133,3.622389793395996,3.8976569175720215,2.4186832904815674,4.038937568664551,2.7012367248535156,ukr_dialects,whole_original_recording,0.0,ukr_dialects_6403b08094c17ab1c874b596
100k,7.034951686859131,0.0,0,not_scored_no_time_aligned_reference,3.0,0.4127272963523865,3.744,"[""local_high_frequency_burst"", ""sigmos_overall_below_threshold"", ""sigmos_speech_below_threshold"", ""ecapa_similarity_below_threshold""]",True,2,"[{""start_seconds"": 2.27, ""end_seconds"": 2.2899999999999996}, {""start_seconds"": 2.49, ""end_seconds"": 2.55}]",23.308406829833984,0.6245356798171997,100k,0.54254150390625,1,False,3.0218403339385986,3.6992480754852295,3.42267107963562,3.558898448944092,2.3913931846618652,3.571157455444336,2.906867504119873,ukr_dialects,whole_original_recording,0.744,ukr_dialects_6403b08094c17ab1c874b596
100k,6.698060512542725,0.0,0,not_scored_no_time_aligned_reference,3.0,0.3061835765838623,3.0,"[""local_high_frequency_burst"", ""sigmos_overall_below_threshold"", ""sigmos_coloration_below_threshold"", ""ecapa_similarity_below_threshold""]",True,2,"[{""start_seconds"": 1.75, ""end_seconds"": 1.82}, {""start_seconds"": 1.9, ""end_seconds"": 1.96}]",30.616130828857422,0.8463671207427979,100k,0.19903564453125,0,False,2.9494802951812744,3.4366016387939453,3.7432608604431152,4.246659278869629,2.831149101257324,3.690145969390869,3.3067307472229004,ukr_dialects,whole_original_recording,0.0,ukr_dialects_93b487a5c9809179531e12cb
100k,7.343050479888916,0.0,0,not_scored_no_time_aligned_reference,3.0,0.25087687373161316,3.989333333333333,"[""local_high_frequency_burst"", ""sigmos_overall_below_threshold"", ""ecapa_similarity_below_threshold""]",True,4,"[{""start_seconds"": 0.76, ""end_seconds"": 0.83}, {""start_seconds"": 0.91, ""end_seconds"": 0.97}, {""start_seconds"": 2.16, ""end_seconds"": 2.2199999999999998}, {""start_seconds"": 2.72, ""end_seconds"": 2.78}]",34.321502685546875,0.9002044796943665,100k,0.175811767578125,1,False,3.0292599201202393,3.5917224884033203,4.357219696044922,3.9527344703674316,2.7774622440338135,4.111752986907959,3.2321903705596924,ukr_dialects,whole_original_recording,0.9893333333333333,ukr_dialects_93b487a5c9809179531e12cb
120k,7.737890243530273,0.0,0,not_scored_no_time_aligned_reference,2.6453333333333333,0.4604722559452057,2.6453333333333333,"[""local_high_frequency_burst"", ""sigmos_overall_below_threshold"", ""sigmos_speech_below_threshold"", ""sigmos_coloration_below_threshold"", ""ecapa_similarity_below_threshold""]",True,2,"[{""start_seconds"": 1.09, ""end_seconds"": 1.14}, {""start_seconds"": 1.74, ""end_seconds"": 1.77}]",33.30345916748047,0.8492897748947144,120k,0.33734130859375,0,True,2.5116121768951416,3.3357598781585693,3.2356109619140625,4.255550384521484,2.6191720962524414,3.845015048980713,2.838186502456665,common_voice_available_uk,whole_original_recording,0.0,common_voice_available_uk_c02c7293451907b932c31154
120k,7.474395751953125,0.0,0,not_scored_no_time_aligned_reference,3.0,0.4235268533229828,3.0,"[""local_high_frequency_burst"", ""sigmos_overall_below_threshold"", ""ecapa_similarity_below_threshold""]",True,1,"[{""start_seconds"": 1.89, ""end_seconds"": 1.92}]",31.587055206298828,0.6185983419418335,120k,0.465728759765625,0,False,3.0907158851623535,4.610349655151367,3.273656129837036,4.603728294372559,2.719937324523926,3.797006368637085,3.1631951332092285,common_voice_available_uk,whole_original_recording,0.0,common_voice_available_uk_a8a1cc063c9dd80b0b56c7f8
120k,7.7209296226501465,0.0,0,not_scored_no_time_aligned_reference,3.0,0.4010021984577179,4.16,"[""local_high_frequency_burst"", ""sigmos_coloration_below_threshold"", ""ecapa_similarity_below_threshold""]",True,4,"[{""start_seconds"": 0.73, ""end_seconds"": 0.76}, {""start_seconds"": 1.9999999999999998, ""end_seconds"": 2.0199999999999996}, {""start_seconds"": 2.49, ""end_seconds"": 2.51}, {""start_seconds"": 2.66, ""end_seconds"": 2.6799999999999997}]",35.85566711425781,0.6185983419418335,120k,0.38580322265625,1,False,2.8180434703826904,4.370165824890137,3.908449411392212,4.500952243804932,3.065577983856201,4.190783500671387,3.616922616958618,common_voice_available_uk,whole_original_recording,1.16,common_voice_available_uk_a8a1cc063c9dd80b0b56c7f8
120k,7.555005073547363,0.0,0,not_scored_no_time_aligned_reference,3.0,0.32689419388771057,3.0,"[""local_high_frequency_burst"", ""sigmos_overall_below_threshold"", ""sigmos_speech_below_threshold"", ""sigmos_coloration_below_threshold"", ""ecapa_similarity_below_threshold""]",True,1,"[{""start_seconds"": 2.5300000000000002, ""end_seconds"": 2.55}]",34.93634033203125,0.4799475371837616,120k,0.46295166015625,0,False,1.9648993015289307,4.075445175170898,3.441082239151001,4.207033157348633,2.064063787460327,3.543105125427246,2.3303096294403076,common_voice_available_uk,whole_original_recording,0.0,common_voice_available_uk_ab529abf3847a142fef6f153
120k,7.581669807434082,0.0,0,not_scored_no_time_aligned_reference,3.0,0.3551672101020813,4.096,"[""local_high_frequency_burst"", ""sigmos_overall_below_threshold"", ""sigmos_speech_below_threshold"", ""sigmos_coloration_below_threshold"", ""ecapa_similarity_below_threshold""]",True,3,"[{""start_seconds"": 1.42, ""end_seconds"": 1.45}, {""start_seconds"": 2.52, ""end_seconds"": 2.5399999999999996}, {""start_seconds"": 2.5700000000000003, ""end_seconds"": 2.6199999999999997}]",36.569679260253906,0.9119993448257446,120k,0.41094970703125,1,False,2.595529317855835,3.7412641048431396,3.7084264755249023,3.9616129398345947,2.629929542541504,3.702141523361206,2.8155524730682373,common_voice_available_uk,whole_original_recording,1.096,common_voice_available_uk_ab529abf3847a142fef6f153
120k,7.61892032623291,0.0,0,not_scored_no_time_aligned_reference,3.0,0.4513617157936096,3.0,"[""local_high_frequency_burst"", ""sigmos_overall_below_threshold"", ""ecapa_similarity_below_threshold""]",True,2,"[{""start_seconds"": 0.57, ""end_seconds"": 0.63}, {""start_seconds"": 2.3800000000000003, ""end_seconds"": 2.4299999999999997}]",46.44273376464844,0.7499415874481201,120k,0.27728271484375,0,False,3.2569057941436768,3.922689914703369,4.038928508758545,4.202495574951172,2.8344767093658447,3.937861680984497,3.316502571105957,common_voice_available_uk,whole_original_recording,0.0,common_voice_available_uk_5c4ff259010d8b52a316058f
120k,7.65626335144043,0.0,0,not_scored_no_time_aligned_reference,3.0,0.414339542388916,4.5,"[""local_high_frequency_burst"", ""sigmos_overall_below_threshold"", ""sigmos_coloration_below_threshold"", ""ecapa_similarity_below_threshold""]",True,2,"[{""start_seconds"": 0.88, ""end_seconds"": 0.93}, {""start_seconds"": 1.69, ""end_seconds"": 1.71}]",31.846797943115234,0.6857053637504578,120k,0.27728271484375,1,False,2.66546368598938,4.177905082702637,3.966036319732666,4.595406532287598,2.683466911315918,4.557389259338379,3.2993485927581787,common_voice_available_uk,whole_original_recording,1.5,common_voice_available_uk_5c4ff259010d8b52a316058f
120k,7.691581726074219,0.0,0,not_scored_no_time_aligned_reference,3.0,0.3922872841358185,6.0,"[""local_high_frequency_burst"", ""sigmos_overall_below_threshold"", ""ecapa_similarity_below_threshold""]",True,2,"[{""start_seconds"": 0.19, ""end_seconds"": 0.21000000000000002}, {""start_seconds"": 1.42, ""end_seconds"": 1.45}]",29.229930877685547,0.6649929285049438,120k,0.196929931640625,2,False,3.1844263076782227,3.790576696395874,3.6282050609588623,3.7906265258789062,2.907482624053955,4.388051986694336,3.115004777908325,common_voice_available_uk,whole_original_recording,3.0,common_voice_available_uk_5c4ff259010d8b52a316058f
120k,7.763427734375,0.0,0,not_scored_no_time_aligned_reference,3.0,0.4032946228981018,6.08,"[""local_high_frequency_burst"", ""ecapa_similarity_below_threshold""]",True,2,"[{""start_seconds"": 0.11, ""end_seconds"": 0.13}, {""start_seconds"": 1.34, ""end_seconds"": 1.37}]",29.229930877685547,0.6649929285049438,120k,0.196929931640625,3,False,3.452491044998169,3.6502950191497803,3.4211220741271973,3.7854411602020264,3.023854970932007,4.072083473205566,3.390094518661499,common_voice_available_uk,whole_original_recording,3.08,common_voice_available_uk_5c4ff259010d8b52a316058f
120k,7.089194297790527,0.0,0,not_scored_no_time_aligned_reference,3.0,0.3778661787509918,3.0,"[""sigmos_overall_below_threshold"", ""sigmos_speech_below_threshold"", ""sigmos_coloration_below_threshold"", ""ecapa_similarity_below_threshold""]",True,0,[],39.64936065673828,0.5827123522758484,120k,0.54742431640625,0,False,2.5884575843811035,3.5372838973999023,4.065256118774414,3.9730701446533203,2.622307062149048,4.174753189086914,2.9842498302459717,common_voice_available_uk,whole_original_recording,0.0,common_voice_available_uk_f743bedc97953f615983a239
120k,7.42729377746582,0.0,0,not_scored_no_time_aligned_reference,3.0,0.449340283870697,4.5,"[""ecapa_similarity_below_threshold""]",True,0,[],34.412723541259766,0.44386860728263855,120k,0.49822998046875,1,False,3.5923402309417725,3.9883248805999756,3.468031406402588,4.447315216064453,3.033268690109253,4.634143829345703,3.345527172088623,common_voice_available_uk,whole_original_recording,1.5,common_voice_available_uk_f743bedc97953f615983a239
120k,7.543837547302246,0.0,0,not_scored_no_time_aligned_reference,3.0,0.46645358204841614,5.482666666666667,"[""sigmos_overall_below_threshold"", ""sigmos_speech_below_threshold"", ""ecapa_similarity_below_threshold""]",True,0,[],35.181209564208984,0.4167155623435974,120k,0.49822998046875,2,False,3.177495241165161,3.542259931564331,3.3114593029022217,4.199913024902344,2.5151617527008057,4.211791038513184,2.9838149547576904,common_voice_available_uk,whole_original_recording,2.482666666666667,common_voice_available_uk_f743bedc97953f615983a239
120k,6.869162559509277,0.0,0,not_scored_no_time_aligned_reference,3.0,0.26529547572135925,3.0,"[""local_high_frequency_burst"", ""sigmos_overall_below_threshold"", ""sigmos_speech_below_threshold"", ""sigmos_coloration_below_threshold"", ""ecapa_similarity_below_threshold""]",True,2,"[{""start_seconds"": 0.64, ""end_seconds"": 0.74}, {""start_seconds"": 2.3200000000000003, ""end_seconds"": 2.34}]",34.2675895690918,0.8719627261161804,120k,0.30517578125,0,False,2.869349479675293,3.6331660747528076,3.4037530422210693,3.5957789421081543,2.395941734313965,3.7453935146331787,2.7225139141082764,common_voice_available_uk,whole_original_recording,0.0,common_voice_available_uk_8385beef90995b59e1a74f50
120k,7.307328224182129,0.0,0,not_scored_no_time_aligned_reference,3.0,0.3076076805591583,3.989333333333333,"[""local_high_frequency_burst"", ""sigmos_overall_below_threshold"", ""sigmos_speech_below_threshold"", ""sigmos_coloration_below_threshold"", ""ecapa_similarity_below_threshold""]",True,2,"[{""start_seconds"": 1.33, ""end_seconds"": 1.35}, {""start_seconds"": 2.49, ""end_seconds"": 2.5799999999999996}]",40.46147155761719,0.9190488457679749,120k,0.30517578125,1,False,2.591190814971924,3.658066511154175,3.4716901779174805,3.221118450164795,2.017005205154419,4.180208206176758,2.3304543495178223,common_voice_available_uk,whole_original_recording,0.9893333333333333,common_voice_available_uk_8385beef90995b59e1a74f50
120k,6.646836280822754,0.0,0,not_scored_no_time_aligned_reference,3.0,0.4039875268936157,3.0,"[""sigmos_overall_below_threshold"", ""sigmos_speech_below_threshold"", ""sigmos_coloration_below_threshold"", ""ecapa_similarity_below_threshold""]",True,0,[],25.874588012695312,0.7764291763305664,120k,0.08740234375,0,False,2.5299606323242188,3.2244553565979004,3.490612745285034,4.002412796020508,2.2371914386749268,4.260724067687988,2.620922327041626,common_voice_available_uk,whole_original_recording,0.0,common_voice_available_uk_5df6da1d671744faf0228008
120k,6.840390682220459,0.0,0,not_scored_no_time_aligned_reference,3.0,0.3957083821296692,3.5733333333333333,"[""local_high_frequency_burst"", ""sigmos_overall_below_threshold"", ""sigmos_speech_below_threshold"", ""ecapa_similarity_below_threshold""]",True,1,"[{""start_seconds"": 2.4000000000000004, ""end_seconds"": 2.42}]",37.43169403076172,0.8106899261474609,120k,0.0728759765625,1,False,3.097039222717285,3.6261446475982666,3.6792964935302734,3.708303451538086,2.624976396560669,4.490459442138672,2.9319186210632324,common_voice_available_uk,whole_original_recording,0.5733333333333334,common_voice_available_uk_5df6da1d671744faf0228008
120k,6.7957892417907715,0.0,0,not_scored_no_time_aligned_reference,3.0,0.3078117370605469,3.0,"[""local_high_frequency_burst"", ""sigmos_overall_below_threshold"", ""sigmos_speech_below_threshold"", ""sigmos_coloration_below_threshold"", ""ecapa_similarity_below_threshold""]",True,2,"[{""start_seconds"": 0.39, ""end_seconds"": 0.41000000000000003}, {""start_seconds"": 2.75, ""end_seconds"": 2.82}]",42.936317443847656,0.9407772421836853,120k,0.2559814453125,0,False,2.6408700942993164,3.6883702278137207,3.9058103561401367,4.474053382873535,2.6511001586914062,3.8134682178497314,2.856015682220459,common_voice_available_uk,whole_original_recording,0.0,common_voice_available_uk_dc9184e104ead558fbc5c7b7
120k,7.241620063781738,0.0,0,not_scored_no_time_aligned_reference,3.0,0.39259374141693115,4.096,"[""local_high_frequency_burst"", ""sigmos_overall_below_threshold"", ""sigmos_speech_below_threshold"", ""sigmos_coloration_below_threshold"", ""ecapa_similarity_below_threshold""]",True,2,"[{""start_seconds"": 1.66, ""end_seconds"": 1.73}, {""start_seconds"": 2.66, ""end_seconds"": 2.69}]",41.26869201660156,0.9403958320617676,120k,0.2559814453125,1,False,2.571187973022461,4.176257133483887,3.610226631164551,4.721675395965576,2.5209579467773438,4.1247711181640625,2.818847179412842,common_voice_available_uk,whole_original_recording,1.096,common_voice_available_uk_dc9184e104ead558fbc5c7b7
120k,6.979118347167969,0.0,0,not_scored_no_time_aligned_reference,2.037333333333333,0.30703186988830566,2.037333333333333,"[""ecapa_similarity_below_threshold""]",True,0,[],32.97400665283203,0.12680397927761078,120k,0.387939453125,0,True,3.0789477825164795,4.090286731719971,4.066896915435791,3.7761290073394775,3.0483100414276123,3.8280770778656006,3.445552110671997,common_voice_available_uk,whole_original_recording,0.0,common_voice_available_uk_25496b7e922861903ae70344
120k,7.155278205871582,0.0,0,not_scored_no_time_aligned_reference,3.0,0.23036620020866394,3.0,"[""sigmos_overall_below_threshold"", ""sigmos_speech_below_threshold"", ""ecapa_similarity_below_threshold""]",True,0,[],26.482295989990234,0.39825063943862915,120k,0.272552490234375,0,False,3.4262313842773438,3.519458055496216,3.4631083011627197,3.3017818927764893,2.1750261783599854,3.4771671295166016,2.5531039237976074,common_voice_available_uk,whole_original_recording,0.0,common_voice_available_uk_1093ca3ef2555953dd84f3f8
120k,7.354244709014893,0.0,0,not_scored_no_time_aligned_reference,3.0,0.31897008419036865,4.128,"[""sigmos_overall_below_threshold"", ""sigmos_speech_below_threshold"", ""ecapa_similarity_below_threshold""]",True,0,[],28.117523193359375,0.3915832042694092,120k,0.272552490234375,1,False,3.045802116394043,4.205905914306641,3.3622121810913086,3.4129183292388916,2.322305202484131,4.004543781280518,2.64101243019104,common_voice_available_uk,whole_original_recording,1.128,common_voice_available_uk_1093ca3ef2555953dd84f3f8
120k,7.693333625793457,0.0,0,not_scored_no_time_aligned_reference,2.997333333333333,0.29590335488319397,2.997333333333333,"[""local_high_frequency_burst"", ""sigmos_overall_below_threshold"", ""ecapa_similarity_below_threshold""]",True,1,"[{""start_seconds"": 1.9999999999999998, ""end_seconds"": 2.0199999999999996}]",34.44215393066406,0.5342996716499329,120k,0.763885498046875,0,True,3.103193521499634,3.6270017623901367,3.5310163497924805,3.999114990234375,2.715325117111206,3.9958126544952393,3.0693819522857666,common_voice_available_uk,whole_original_recording,0.0,common_voice_available_uk_fdbb9a5975ea1f367f937a09
120k,7.317691326141357,0.0,0,not_scored_no_time_aligned_reference,3.0,0.3991764187812805,3.0,"[""local_high_frequency_burst"", ""sigmos_coloration_below_threshold"", ""ecapa_similarity_below_threshold""]",True,1,"[{""start_seconds"": 2.0700000000000003, ""end_seconds"": 2.11}]",34.584625244140625,0.7345417141914368,120k,0.191864013671875,0,False,2.7017993927001953,4.156452178955078,4.041627883911133,4.359397888183594,3.1375174522399902,4.4330925941467285,3.6094508171081543,fleurs_uk,whole_original_recording,0.0,fleurs_uk_350d3947d45f086529521fa8
120k,7.615396499633789,0.0,0,not_scored_no_time_aligned_reference,3.0,0.4136446416378021,4.5,"[""local_high_frequency_burst"", ""sigmos_overall_below_threshold"", ""sigmos_speech_below_threshold"", ""sigmos_coloration_below_threshold"", ""ecapa_similarity_below_threshold""]",True,2,"[{""start_seconds"": 0.57, ""end_seconds"": 0.61}, {""start_seconds"": 2.49, ""end_seconds"": 2.51}]",34.584625244140625,0.7345417141914368,120k,0.191864013671875,1,False,2.6649117469787598,3.468554973602295,3.5524985790252686,3.001540184020996,2.8472208976745605,4.428709983825684,2.904167890548706,fleurs_uk,whole_original_recording,1.5,fleurs_uk_350d3947d45f086529521fa8
120k,7.735383033752441,0.0,0,not_scored_no_time_aligned_reference,3.0,0.4203096330165863,6.0,"[""local_high_frequency_burst"", ""sigmos_overall_below_threshold"", ""sigmos_coloration_below_threshold"", ""ecapa_similarity_below_threshold""]",True,2,"[{""start_seconds"": 0.99, ""end_seconds"": 1.01}, {""start_seconds"": 1.67, ""end_seconds"": 1.71}]",30.072757720947266,0.7392541766166687,120k,0.157989501953125,2,False,2.8149640560150146,4.089962959289551,3.6745545864105225,4.144434928894043,2.7422807216644287,3.613095760345459,3.315607786178589,fleurs_uk,whole_original_recording,3.0,fleurs_uk_350d3947d45f086529521fa8
120k,7.535583019256592,0.0,0,not_scored_no_time_aligned_reference,3.0,0.4083116054534912,7.264,"[""local_high_frequency_burst"", ""sigmos_overall_below_threshold"", ""sigmos_speech_below_threshold"", ""sigmos_coloration_below_threshold"", ""ecapa_similarity_below_threshold""]",True,1,"[{""start_seconds"": 0.41, ""end_seconds"": 0.44}]",28.486148834228516,0.6405181288719177,120k,0.167724609375,3,False,2.719245672225952,3.833730936050415,4.185282230377197,3.735476016998291,2.1975834369659424,3.9049031734466553,2.509006977081299,fleurs_uk,whole_original_recording,4.264,fleurs_uk_350d3947d45f086529521fa8
120k,6.983157634735107,0.0,0,not_scored_no_time_aligned_reference,3.0,0.4778169095516205,3.0,"[""sigmos_overall_below_threshold"", ""sigmos_speech_below_threshold"", ""sigmos_coloration_below_threshold"", ""ecapa_similarity_below_threshold""]",True,0,[],32.18402862548828,0.9313991665840149,120k,0.183135986328125,0,False,2.5941078662872314,4.466531276702881,3.6392405033111572,4.016732215881348,2.095189094543457,4.424594879150391,2.335005760192871,fleurs_uk,whole_original_recording,0.0,fleurs_uk_bc037eb72dd327b4cd78664e
120k,6.796053886413574,0.0,0,not_scored_no_time_aligned_reference,3.0,0.5190181136131287,4.5,"[""local_high_frequency_burst"", ""sigmos_overall_below_threshold"", ""sigmos_speech_below_threshold"", ""sigmos_coloration_below_threshold"", ""ecapa_similarity_below_threshold""]",True,3,"[{""start_seconds"": 1.46, ""end_seconds"": 1.51}, {""start_seconds"": 1.85, ""end_seconds"": 1.92}, {""start_seconds"": 2.43, ""end_seconds"": 2.4899999999999998}]",34.45432662963867,0.9313990473747253,120k,0.183135986328125,1,False,2.8914084434509277,3.8155086040496826,3.5538551807403564,3.606091260910034,2.286787986755371,4.375214576721191,2.530341625213623,fleurs_uk,whole_original_recording,1.5,fleurs_uk_bc037eb72dd327b4cd78664e
120k,7.269242286682129,0.0,0,not_scored_no_time_aligned_reference,3.0,0.47766947746276855,6.0,"[""local_high_frequency_burst"", ""sigmos_overall_below_threshold"", ""sigmos_speech_below_threshold"", ""sigmos_coloration_below_threshold"", ""ecapa_similarity_below_threshold""]",True,2,"[{""start_seconds"": 0.35, ""end_seconds"": 0.42}, {""start_seconds"": 0.9299999999999999, ""end_seconds"": 0.99}]",31.446029663085938,0.918248176574707,120k,0.175201416015625,2,False,2.4345650672912598,3.894968271255493,3.6276767253875732,3.742565393447876,1.9906370639801025,3.7535929679870605,2.3384132385253906,fleurs_uk,whole_original_recording,3.0,fleurs_uk_bc037eb72dd327b4cd78664e
120k,6.980716228485107,0.0,0,not_scored_no_time_aligned_reference,3.0,0.44923335313796997,7.5,"[""sigmos_overall_below_threshold"", ""sigmos_speech_below_threshold"", ""ecapa_similarity_below_threshold""]",True,0,[],27.460784912109375,0.2602090537548065,120k,0.188720703125,3,False,3.05060076713562,3.5901389122009277,3.15392804145813,4.223291397094727,2.2798774242401123,4.20672607421875,2.4293930530548096,fleurs_uk,whole_original_recording,4.5,fleurs_uk_bc037eb72dd327b4cd78664e
120k,6.935567378997803,0.0,0,not_scored_no_time_aligned_reference,3.0,0.4226284921169281,8.661333333333333,"[""local_high_frequency_burst"", ""sigmos_overall_below_threshold"", ""sigmos_speech_below_threshold"", ""sigmos_coloration_below_threshold"", ""ecapa_similarity_below_threshold""]",True,2,"[{""start_seconds"": 2.1900000000000004, ""end_seconds"": 2.2399999999999998}, {""start_seconds"": 2.3600000000000003, ""end_seconds"": 2.42}]",30.84808349609375,0.8664169907569885,120k,0.188720703125,4,False,2.207503080368042,3.5370471477508545,3.647045135498047,3.583350896835327,2.1464619636535645,3.2285213470458984,2.3874430656433105,fleurs_uk,whole_original_recording,5.661333333333333,fleurs_uk_bc037eb72dd327b4cd78664e
120k,7.091342926025391,0.0,0,not_scored_no_time_aligned_reference,3.0,0.43140339851379395,3.0,"[""sigmos_overall_below_threshold"", ""sigmos_coloration_below_threshold"", ""ecapa_similarity_below_threshold""]",True,0,[],25.33222198486328,0.9382399916648865,120k,0.073486328125,0,False,2.6411561965942383,3.557563304901123,3.2839231491088867,4.200689315795898,2.8615524768829346,4.180415153503418,3.230121374130249,fleurs_uk,whole_original_recording,0.0,fleurs_uk_7904a0562b1ddbc92534b1fe
120k,7.318883419036865,0.0,0,not_scored_no_time_aligned_reference,3.0,0.442585289478302,4.5,"[""sigmos_overall_below_threshold"", ""sigmos_speech_below_threshold"", ""sigmos_coloration_below_threshold"", ""sigmos_discontinuity_below_threshold"", ""ecapa_similarity_below_threshold""]",True,0,[],24.468860626220703,0.9382399916648865,120k,0.069122314453125,1,False,2.508068799972534,2.742138385772705,3.1009249687194824,3.5781350135803223,1.893963098526001,3.7759926319122314,2.418233633041382,fleurs_uk,whole_original_recording,1.5,fleurs_uk_7904a0562b1ddbc92534b1fe
120k,7.2183098793029785,0.0,0,not_scored_no_time_aligned_reference,3.0,0.49602189660072327,6.0,"[""sigmos_overall_below_threshold"", ""sigmos_speech_below_threshold"", ""sigmos_coloration_below_threshold"", ""ecapa_similarity_below_threshold""]",True,0,[],31.55255889892578,0.8920640349388123,120k,0.074798583984375,2,False,2.391920328140259,3.729517698287964,2.900031805038452,3.8215460777282715,2.1652355194091797,4.175940990447998,2.4111998081207275,fleurs_uk,whole_original_recording,3.0,fleurs_uk_7904a0562b1ddbc92534b1fe
120k,6.436433792114258,0.0,0,not_scored_no_time_aligned_reference,3.0,0.46737441420555115,7.5,"[""sigmos_overall_below_threshold"", ""sigmos_speech_below_threshold"", ""sigmos_coloration_below_threshold"", ""ecapa_similarity_below_threshold""]",True,0,[],31.88640594482422,0.8920640349388123,120k,0.074798583984375,3,False,2.2160134315490723,3.901373863220215,3.3106000423431396,3.906651258468628,2.4380385875701904,4.009154319763184,2.9977502822875977,fleurs_uk,whole_original_recording,4.5,fleurs_uk_7904a0562b1ddbc92534b1fe
120k,6.614842891693115,0.0,0,not_scored_no_time_aligned_reference,3.0,0.41300949454307556,9.0,"[""sigmos_overall_below_threshold"", ""sigmos_speech_below_threshold"", ""sigmos_coloration_below_threshold"", ""ecapa_similarity_below_threshold""]",True,0,[],22.323326110839844,0.9334450364112854,120k,0.057647705078125,4,False,2.1633150577545166,4.246121406555176,3.6035220623016357,4.000797271728516,2.44210147857666,3.9117558002471924,2.804304838180542,fleurs_uk,whole_original_recording,6.0,fleurs_uk_7904a0562b1ddbc92534b1fe
120k,6.681546688079834,0.0,0,not_scored_no_time_aligned_reference,3.0,0.4230797588825226,10.5,"[""sigmos_overall_below_threshold"", ""sigmos_speech_below_threshold"", ""sigmos_coloration_below_threshold"", ""ecapa_similarity_below_threshold""]",True,0,[],26.542736053466797,0.9334450364112854,120k,0.057647705078125,5,False,2.0151822566986084,3.7619893550872803,3.2140724658966064,3.617190361022949,2.256584882736206,3.801254987716675,2.682960271835327,fleurs_uk,whole_original_recording,7.5,fleurs_uk_7904a0562b1ddbc92534b1fe
120k,7.064981937408447,0.0,0,not_scored_no_time_aligned_reference,3.0,0.406289666891098,12.0,"[""sigmos_overall_below_threshold"", ""sigmos_speech_below_threshold"", ""sigmos_coloration_below_threshold"", ""ecapa_similarity_below_threshold""]",True,0,[],28.741668701171875,0.9057738184928894,120k,0.060546875,6,False,2.2416951656341553,4.424529075622559,2.80336856842041,3.1581766605377197,2.444885492324829,4.46138334274292,2.972379684448242,fleurs_uk,whole_original_recording,9.0,fleurs_uk_7904a0562b1ddbc92534b1fe
120k,7.010729789733887,0.0,0,not_scored_no_time_aligned_reference,3.0,0.4190925061702728,12.021333333333333,"[""sigmos_overall_below_threshold"", ""sigmos_speech_below_threshold"", ""sigmos_coloration_below_threshold"", ""ecapa_similarity_below_threshold""]",True,0,[],28.102886199951172,0.9119563698768616,120k,0.060546875,7,False,2.6096620559692383,3.9128215312957764,2.8760414123535156,3.583059787750244,2.1186652183532715,4.199542999267578,2.441580295562744,fleurs_uk,whole_original_recording,9.021333333333333,fleurs_uk_7904a0562b1ddbc92534b1fe
120k,6.919867038726807,0.0,0,not_scored_no_time_aligned_reference,3.0,0.3580077886581421,3.0,"[""local_high_frequency_burst"", ""sigmos_overall_below_threshold"", ""sigmos_speech_below_threshold"", ""sigmos_coloration_below_threshold"", ""ecapa_similarity_below_threshold""]",True,2,"[{""start_seconds"": 0.74, ""end_seconds"": 0.8}, {""start_seconds"": 0.87, ""end_seconds"": 0.9400000000000001}]",30.467592239379883,0.9047775268554688,120k,0.25665283203125,0,False,2.3138065338134766,3.9677629470825195,3.868242025375366,3.993879556655884,2.1200404167175293,3.5300965309143066,2.506788969039917,fleurs_uk,whole_original_recording,0.0,fleurs_uk_ac4c585497c3180ca5d0edae
120k,7.06552791595459,0.0,0,not_scored_no_time_aligned_reference,3.0,0.3907560110092163,4.5,"[""local_high_frequency_burst"", ""sigmos_overall_below_threshold"", ""sigmos_speech_below_threshold"", ""sigmos_coloration_below_threshold"", ""ecapa_similarity_below_threshold""]",True,1,"[{""start_seconds"": 2.74, ""end_seconds"": 2.78}]",24.266681671142578,0.8112185597419739,120k,0.283782958984375,1,False,2.7152788639068604,3.5843868255615234,3.382375955581665,3.5701355934143066,1.942746639251709,3.6937661170959473,2.2856314182281494,fleurs_uk,whole_original_recording,1.5,fleurs_uk_ac4c585497c3180ca5d0edae
120k,6.731540679931641,0.0,0,not_scored_no_time_aligned_reference,3.0,0.358647882938385,6.0,"[""local_high_frequency_burst"", ""sigmos_overall_below_threshold"", ""sigmos_speech_below_threshold"", ""sigmos_coloration_below_threshold"", ""ecapa_similarity_below_threshold""]",True,1,"[{""start_seconds"": 1.24, ""end_seconds"": 1.28}]",25.433345794677734,0.8112185597419739,120k,0.283782958984375,2,False,2.579878807067871,3.8752222061157227,3.40378999710083,3.5522029399871826,2.464050531387329,4.028685569763184,2.6473212242126465,fleurs_uk,whole_original_recording,3.0,fleurs_uk_ac4c585497c3180ca5d0edae
120k,6.911418914794922,0.0,0,not_scored_no_time_aligned_reference,3.0,0.33021244406700134,7.5,"[""local_high_frequency_burst"", ""sigmos_overall_below_threshold"", ""sigmos_coloration_below_threshold"", ""ecapa_similarity_below_threshold""]",True,1,"[{""start_seconds"": 1.64, ""end_seconds"": 1.71}]",50.17982482910156,0.9275679588317871,120k,0.249481201171875,3,False,2.836228370666504,3.6992108821868896,3.8497719764709473,4.160449028015137,2.7030301094055176,4.38386344909668,3.133572816848755,fleurs_uk,whole_original_recording,4.5,fleurs_uk_ac4c585497c3180ca5d0edae
120k,6.928791522979736,0.0,0,not_scored_no_time_aligned_reference,3.0,0.3371122479438782,9.0,"[""local_high_frequency_burst"", ""sigmos_overall_below_threshold"", ""sigmos_speech_below_threshold"", ""sigmos_coloration_below_threshold"", ""ecapa_similarity_below_threshold""]",True,1,"[{""start_seconds"": 0.13999999999999999, ""end_seconds"": 0.21000000000000002}]",29.787395477294922,0.9275679588317871,120k,0.249176025390625,4,False,2.784825563430786,3.5987660884857178,3.398571729660034,4.039327621459961,2.374687433242798,4.148547172546387,2.6408145427703857,fleurs_uk,whole_original_recording,6.0,fleurs_uk_ac4c585497c3180ca5d0edae
120k,6.911952972412109,0.0,0,not_scored_no_time_aligned_reference,3.0,0.32154959440231323,10.5,"[""local_high_frequency_burst"", ""sigmos_overall_below_threshold"", ""sigmos_speech_below_threshold"", ""sigmos_noise_below_threshold"", ""sigmos_coloration_below_threshold"", ""ecapa_similarity_below_threshold""]",True,1,"[{""start_seconds"": 2.5, ""end_seconds"": 2.5999999999999996}]",29.98001480102539,0.9025808572769165,120k,0.25250244140625,5,False,2.8529908657073975,3.1436383724212646,3.5798416137695312,2.9196105003356934,2.0319149494171143,4.1764726638793945,2.4215705394744873,fleurs_uk,whole_original_recording,7.5,fleurs_uk_ac4c585497c3180ca5d0edae
120k,7.156125545501709,0.0,0,not_scored_no_time_aligned_reference,3.0,0.40418294072151184,12.0,"[""local_high_frequency_burst"", ""sigmos_overall_below_threshold"", ""ecapa_similarity_below_threshold""]",True,2,"[{""start_seconds"": 1.0, ""end_seconds"": 1.1}, {""start_seconds"": 1.44, ""end_seconds"": 1.52}]",39.230716705322266,0.9025808572769165,120k,0.25250244140625,6,False,3.0990357398986816,3.883479356765747,3.487034797668457,3.284987688064575,2.954791784286499,4.219202995300293,3.438624620437622,fleurs_uk,whole_original_recording,9.0,fleurs_uk_ac4c585497c3180ca5d0edae
120k,6.856722354888916,0.0,0,not_scored_no_time_aligned_reference,3.0,0.4296727776527405,13.5,"[""sigmos_overall_below_threshold"", ""sigmos_speech_below_threshold"", ""sigmos_coloration_below_threshold"", ""ecapa_similarity_below_threshold""]",True,0,[],21.940338134765625,0.49327337741851807,120k,0.2369384765625,7,False,2.1177597045898438,4.497023582458496,3.444657564163208,4.074711322784424,2.4106881618499756,4.287567138671875,2.895280122756958,fleurs_uk,whole_original_recording,10.5,fleurs_uk_ac4c585497c3180ca5d0edae
120k,7.100146293640137,0.0,0,not_scored_no_time_aligned_reference,3.0,0.3687809705734253,14.848,"[""ecapa_similarity_below_threshold""]",True,0,[],35.1131706237793,0.17444157600402832,120k,0.223114013671875,8,False,3.008803367614746,4.092243194580078,4.0869035720825195,4.185524940490723,3.1602869033813477,4.18557596206665,3.5738794803619385,fleurs_uk,whole_original_recording,11.848,fleurs_uk_ac4c585497c3180ca5d0edae
120k,7.115477561950684,0.0,0,not_scored_no_time_aligned_reference,3.0,0.40462055802345276,3.0,"[""local_high_frequency_burst"", ""sigmos_overall_below_threshold"", ""sigmos_coloration_below_threshold"", ""ecapa_similarity_below_threshold""]",True,3,"[{""start_seconds"": 0.73, ""end_seconds"": 0.75}, {""start_seconds"": 0.79, ""end_seconds"": 0.8200000000000001}, {""start_seconds"": 0.84, ""end_seconds"": 0.86}]",32.21258544921875,0.91340172290802,120k,0.08734130859375,0,False,2.4173576831817627,3.649632215499878,3.3600223064422607,3.5936052799224854,2.573345184326172,3.533095121383667,3.4537603855133057,fleurs_uk,whole_original_recording,0.0,fleurs_uk_225ede107a48491a57745bb8
120k,7.204215049743652,0.0,0,not_scored_no_time_aligned_reference,3.0,0.47001099586486816,4.5,"[""sigmos_overall_below_threshold"", ""sigmos_speech_below_threshold"", ""sigmos_coloration_below_threshold"", ""ecapa_similarity_below_threshold""]",True,0,[],21.171554565429688,0.8994853496551514,120k,0.08734130859375,1,False,2.4891469478607178,4.377501964569092,3.4105145931243896,3.5327818393707275,2.0796267986297607,4.670619964599609,2.3528499603271484,fleurs_uk,whole_original_recording,1.5,fleurs_uk_225ede107a48491a57745bb8
120k,7.0650739669799805,0.0,0,not_scored_no_time_aligned_reference,3.0,0.4426972270011902,6.0,"[""sigmos_overall_below_threshold"", ""sigmos_speech_below_threshold"", ""sigmos_coloration_below_threshold"", ""ecapa_similarity_below_threshold""]",True,0,[],24.067298889160156,0.9211859107017517,120k,0.077484130859375,2,False,2.3318610191345215,3.7609782218933105,3.1680402755737305,3.059422492980957,2.0458180904388428,4.075150012969971,2.323086738586426,fleurs_uk,whole_original_recording,3.0,fleurs_uk_225ede107a48491a57745bb8
120k,7.103923797607422,0.0,0,not_scored_no_time_aligned_reference,3.0,0.4411005675792694,7.5,"[""sigmos_overall_below_threshold"", ""sigmos_coloration_below_threshold"", ""ecapa_similarity_below_threshold""]",True,0,[],23.83938980102539,0.9211859107017517,120k,0.084228515625,3,False,2.947659492492676,3.4089415073394775,3.3700428009033203,3.6381547451019287,2.827301025390625,3.524418354034424,3.2820889949798584,fleurs_uk,whole_original_recording,4.5,fleurs_uk_225ede107a48491a57745bb8
120k,7.241455554962158,0.0,0,not_scored_no_time_aligned_reference,3.0,0.4260272979736328,9.0,"[""sigmos_overall_below_threshold"", ""sigmos_coloration_below_threshold"", ""ecapa_similarity_below_threshold""]",True,0,[],39.094825744628906,0.830778181552887,120k,0.087554931640625,4,False,2.47837495803833,4.085712909698486,3.4991979598999023,4.403465747833252,2.686894178390503,4.1660919189453125,3.077993631362915,fleurs_uk,whole_original_recording,6.0,fleurs_uk_225ede107a48491a57745bb8
120k,7.038946628570557,0.0,0,not_scored_no_time_aligned_reference,3.0,0.43770480155944824,10.5,"[""sigmos_overall_below_threshold"", ""sigmos_speech_below_threshold"", ""sigmos_coloration_below_threshold"", ""ecapa_similarity_below_threshold""]",True,0,[],25.12164306640625,0.18723399937152863,120k,0.087554931640625,5,False,2.645648241043091,3.935443639755249,3.694880962371826,4.31088924407959,2.426422595977783,4.068025588989258,2.7601001262664795,fleurs_uk,whole_original_recording,7.5,fleurs_uk_225ede107a48491a57745bb8
120k,6.811962604522705,0.0,0,not_scored_no_time_aligned_reference,3.0,0.4597919285297394,12.0,"[""sigmos_overall_below_threshold"", ""sigmos_coloration_below_threshold"", ""ecapa_similarity_below_threshold""]",True,0,[],25.44283676147461,0.2824316918849945,120k,0.05657958984375,6,False,2.8352444171905518,3.527406930923462,3.6055798530578613,3.8640918731689453,2.6133925914764404,3.968947410583496,3.0392487049102783,fleurs_uk,whole_original_recording,9.0,fleurs_uk_225ede107a48491a57745bb8
120k,7.0136895179748535,0.0,0,not_scored_no_time_aligned_reference,3.0,0.4693009853363037,12.469333333333333,"[""sigmos_overall_below_threshold"", ""sigmos_speech_below_threshold"", ""sigmos_coloration_below_threshold"", ""ecapa_similarity_below_threshold""]",True,0,[],23.904613494873047,0.27550220489501953,120k,0.05657958984375,7,False,2.393205404281616,3.2833244800567627,3.602485418319702,4.006171703338623,1.9793493747711182,4.251926422119141,2.437608242034912,fleurs_uk,whole_original_recording,9.469333333333333,fleurs_uk_225ede107a48491a57745bb8
120k,7.339629173278809,0.0,0,not_scored_no_time_aligned_reference,3.0,0.2982040047645569,3.0,"[""local_high_frequency_burst"", ""sigmos_overall_below_threshold"", ""sigmos_coloration_below_threshold"", ""ecapa_similarity_below_threshold""]",True,5,"[{""start_seconds"": 0.29, ""end_seconds"": 0.31}, {""start_seconds"": 0.45, ""end_seconds"": 0.5}, {""start_seconds"": 1.15, ""end_seconds"": 1.22}, {""start_seconds"": 1.44, ""end_seconds"": 1.5}, {""start_seconds"": 1.7, ""end_seconds"": 1.72}]",41.11777877807617,0.8370991349220276,120k,0.5650634765625,0,False,2.5712835788726807,3.3254482746124268,3.5653083324432373,3.8511836528778076,2.5775015354156494,3.700436592102051,3.216566562652588,fleurs_uk,whole_original_recording,0.0,fleurs_uk_86eeeca26010ecd282f2be86
120k,7.535358905792236,0.0,0,not_scored_no_time_aligned_reference,3.0,0.35479822754859924,4.5,"[""local_high_frequency_burst"", ""sigmos_overall_below_threshold"", ""sigmos_speech_below_threshold"", ""ecapa_similarity_below_threshold""]",True,1,"[{""start_seconds"": 0.19999999999999998, ""end_seconds"": 0.22}]",30.545581817626953,0.48863205313682556,120k,0.5162353515625,1,False,3.044863700866699,3.471038579940796,3.531632423400879,3.5496246814727783,2.5154953002929688,3.902587890625,2.8101704120635986,fleurs_uk,whole_original_recording,1.5,fleurs_uk_86eeeca26010ecd282f2be86
120k,7.5152435302734375,0.0,0,not_scored_no_time_aligned_reference,3.0,0.35073724389076233,6.0,"[""local_high_frequency_burst"", ""sigmos_overall_below_threshold"", ""ecapa_similarity_below_threshold""]",True,1,"[{""start_seconds"": 2.12, ""end_seconds"": 2.1599999999999997}]",28.481094360351562,0.48489633202552795,120k,0.6817626953125,2,False,3.383265495300293,3.736471176147461,3.70270037651062,3.5843420028686523,2.898634672164917,3.913566827774048,3.535905599594116,fleurs_uk,whole_original_recording,3.0,fleurs_uk_86eeeca26010ecd282f2be86
120k,7.1056694984436035,0.0,0,not_scored_no_time_aligned_reference,3.0,0.25802940130233765,7.5,"[""local_high_frequency_burst"", ""sigmos_overall_below_threshold"", ""sigmos_speech_below_threshold"", ""sigmos_coloration_below_threshold"", ""ecapa_similarity_below_threshold""]",True,2,"[{""start_seconds"": 0.62, ""end_seconds"": 0.66}, {""start_seconds"": 2.6700000000000004, ""end_seconds"": 2.7199999999999998}]",28.481094360351562,0.5515257716178894,120k,0.6817626953125,3,False,2.515825033187866,4.099966049194336,3.648707389831543,4.363490104675293,2.1589839458465576,4.1257405281066895,2.693343162536621,fleurs_uk,whole_original_recording,4.5,fleurs_uk_86eeeca26010ecd282f2be86
120k,7.3103132247924805,0.0,0,not_scored_no_time_aligned_reference,3.0,0.24394264817237854,7.904,"[""local_high_frequency_burst"", ""sigmos_overall_below_threshold"", ""sigmos_coloration_below_threshold"", ""ecapa_similarity_below_threshold""]",True,3,"[{""start_seconds"": 0.22999999999999998, ""end_seconds"": 0.25}, {""start_seconds"": 2.27, ""end_seconds"": 2.32}, {""start_seconds"": 2.56, ""end_seconds"": 2.59}]",33.14723205566406,0.5666397213935852,120k,0.62841796875,4,False,2.237058401107788,4.0673112869262695,4.212355613708496,4.039812088012695,2.865311861038208,4.044703006744385,3.6776013374328613,fleurs_uk,whole_original_recording,4.904,fleurs_uk_86eeeca26010ecd282f2be86
120k,6.781374931335449,0.0,0,not_scored_no_time_aligned_reference,3.0,0.5187714099884033,3.0,"[""sigmos_overall_below_threshold"", ""sigmos_speech_below_threshold"", ""sigmos_coloration_below_threshold"", ""ecapa_similarity_below_threshold""]",True,0,[],31.39678955078125,0.9227139353752136,120k,0.065887451171875,0,False,2.620573043823242,4.222143650054932,3.301623821258545,4.11186408996582,2.3339245319366455,3.859809637069702,2.6459076404571533,fleurs_uk,whole_original_recording,0.0,fleurs_uk_425f732c83e777999a23f231
120k,6.979727268218994,0.0,0,not_scored_no_time_aligned_reference,3.0,0.5269672870635986,4.5,"[""sigmos_overall_below_threshold"", ""sigmos_speech_below_threshold"", ""sigmos_coloration_below_threshold"", ""ecapa_similarity_below_threshold""]",True,0,[],32.198883056640625,0.9227139353752136,120k,0.058502197265625,1,False,2.7307708263397217,3.6519930362701416,3.8390493392944336,3.4855682849884033,2.125096321105957,3.54750394821167,2.638709545135498,fleurs_uk,whole_original_recording,1.5,fleurs_uk_425f732c83e777999a23f231
120k,6.6688408851623535,0.0,0,not_scored_no_time_aligned_reference,3.0,0.4812142848968506,6.0,"[""sigmos_overall_below_threshold"", ""sigmos_speech_below_threshold"", ""sigmos_coloration_below_threshold"", ""ecapa_similarity_below_threshold""]",True,0,[],37.380043029785156,0.8538702726364136,120k,0.055999755859375,2,False,2.866814136505127,3.9855949878692627,2.9408490657806396,4.14691162109375,2.162899971008301,4.123481750488281,2.689397096633911,fleurs_uk,whole_original_recording,3.0,fleurs_uk_425f732c83e777999a23f231
120k,6.854788303375244,0.0,0,not_scored_no_time_aligned_reference,3.0,0.551567018032074,7.5,"[""local_high_frequency_burst"", ""sigmos_overall_below_threshold"", ""sigmos_coloration_below_threshold"", ""ecapa_similarity_below_threshold""]",True,3,"[{""start_seconds"": 1.55, ""end_seconds"": 1.57}, {""start_seconds"": 2.0300000000000002, ""end_seconds"": 2.05}, {""start_seconds"": 2.79, ""end_seconds"": 2.8099999999999996}]",35.77284240722656,0.9319086670875549,120k,0.057220458984375,3,False,2.778681755065918,3.463996648788452,4.021134376525879,3.8100552558898926,2.657832145690918,4.257149696350098,3.329124927520752,fleurs_uk,whole_original_recording,4.5,fleurs_uk_425f732c83e777999a23f231
120k,6.7028422355651855,0.0,0,not_scored_no_time_aligned_reference,3.0,0.49740833044052124,9.0,"[""local_high_frequency_burst"", ""sigmos_overall_below_threshold"", ""sigmos_coloration_below_threshold"", ""ecapa_similarity_below_threshold""]",True,3,"[{""start_seconds"": 0.53, ""end_seconds"": 0.55}, {""start_seconds"": 1.29, ""end_seconds"": 1.31}, {""start_seconds"": 2.0900000000000003, ""end_seconds"": 2.11}]",31.22356414794922,0.9428355693817139,120k,0.057220458984375,4,False,2.2678356170654297,3.9370667934417725,4.264889717102051,3.120093584060669,2.6201183795928955,4.70603084564209,3.1999754905700684,fleurs_uk,whole_original_recording,6.0,fleurs_uk_425f732c83e777999a23f231
120k,6.776334762573242,0.0,0,not_scored_no_time_aligned_reference,3.0,0.5140935182571411,9.664,"[""local_high_frequency_burst"", ""sigmos_overall_below_threshold"", ""sigmos_speech_below_threshold"", ""sigmos_coloration_below_threshold"", ""ecapa_similarity_below_threshold""]",True,2,"[{""start_seconds"": 0.63, ""end_seconds"": 0.65}, {""start_seconds"": 1.43, ""end_seconds"": 1.45}]",30.667625427246094,0.9333268404006958,120k,0.057220458984375,5,False,2.2756810188293457,3.75734281539917,3.5055458545684814,3.7111458778381348,2.136679172515869,4.532344818115234,2.445535182952881,fleurs_uk,whole_original_recording,6.664,fleurs_uk_425f732c83e777999a23f231
120k,6.965966701507568,0.0,0,not_scored_no_time_aligned_reference,3.0,0.448066383600235,3.0,"[""sigmos_overall_below_threshold"", ""ecapa_similarity_below_threshold""]",True,0,[],48.24817657470703,0.9404987096786499,120k,0.09735107421875,0,False,3.0373361110687256,3.7338552474975586,4.0314178466796875,3.83978009223938,2.541691303253174,3.620535135269165,3.0938713550567627,fleurs_uk,whole_original_recording,0.0,fleurs_uk_ce9eb2666cb7cc32803ed074
120k,6.498485088348389,0.0,0,not_scored_no_time_aligned_reference,3.0,0.5363690257072449,4.5,"[""local_high_frequency_burst"", ""sigmos_overall_below_threshold"", ""sigmos_speech_below_threshold"", ""sigmos_coloration_below_threshold"", ""ecapa_similarity_below_threshold""]",True,4,"[{""start_seconds"": 2.0100000000000002, ""end_seconds"": 2.03}, {""start_seconds"": 2.06, ""end_seconds"": 2.11}, {""start_seconds"": 2.39, ""end_seconds"": 2.4099999999999997}, {""start_seconds"": 2.43, ""end_seconds"": 2.4499999999999997}]",29.431835174560547,0.9382942318916321,120k,0.087127685546875,1,False,2.642962694168091,3.967804431915283,4.377078533172607,4.36203145980835,2.3600220680236816,3.9062540531158447,2.7552881240844727,fleurs_uk,whole_original_recording,1.5,fleurs_uk_ce9eb2666cb7cc32803ed074
120k,6.898168563842773,0.0,0,not_scored_no_time_aligned_reference,3.0,0.46542468667030334,6.0,"[""local_high_frequency_burst"", ""sigmos_overall_below_threshold"", ""sigmos_coloration_below_threshold"", ""ecapa_similarity_below_threshold""]",True,5,"[{""start_seconds"": 0.51, ""end_seconds"": 0.53}, {""start_seconds"": 0.5599999999999999, ""end_seconds"": 0.61}, {""start_seconds"": 0.89, ""end_seconds"": 0.91}, {""start_seconds"": 0.9299999999999999, ""end_seconds"": 0.95}, {""start_seconds"": 2.0700000000000003, ""end_seconds"": 2.0999999999999996}]",26.517555236816406,0.9367480874061584,120k,0.074676513671875,2,False,2.345794200897217,3.4346959590911865,3.677539825439453,3.3563177585601807,2.56282901763916,4.270704746246338,3.287684917449951,fleurs_uk,whole_original_recording,3.0,fleurs_uk_ce9eb2666cb7cc32803ed074
120k,7.061105251312256,0.0,0,not_scored_no_time_aligned_reference,3.0,0.3921574652194977,7.5,"[""local_high_frequency_burst"", ""sigmos_overall_below_threshold"", ""sigmos_coloration_below_threshold"", ""ecapa_similarity_below_threshold""]",True,1,"[{""start_seconds"": 0.57, ""end_seconds"": 0.6}]",28.207801818847656,0.8688185811042786,120k,0.0797119140625,3,False,2.383701801300049,3.935702323913574,3.8693184852600098,4.167682647705078,2.612588882446289,3.5145692825317383,3.1638734340667725,fleurs_uk,whole_original_recording,4.5,fleurs_uk_ce9eb2666cb7cc32803ed074
120k,7.162410736083984,0.0,0,not_scored_no_time_aligned_reference,3.0,0.4205170273780823,9.0,"[""sigmos_overall_below_threshold"", ""sigmos_speech_below_threshold"", ""sigmos_coloration_below_threshold"", ""ecapa_similarity_below_threshold""]",True,0,[],29.660987854003906,0.9045506119728088,120k,0.0797119140625,4,False,2.5906758308410645,4.891146659851074,3.6025712490081787,4.336396217346191,2.3419363498687744,4.192019462585449,2.9573724269866943,fleurs_uk,whole_original_recording,6.0,fleurs_uk_ce9eb2666cb7cc32803ed074
120k,7.131906986236572,0.0,0,not_scored_no_time_aligned_reference,3.0,0.43854114413261414,9.312,"[""sigmos_overall_below_threshold"", ""sigmos_coloration_below_threshold"", ""ecapa_similarity_below_threshold""]",True,0,[],29.52923583984375,0.8972862362861633,120k,0.0797119140625,5,False,2.5958456993103027,4.475766181945801,3.716505765914917,4.27004337310791,2.6793758869171143,4.6978020668029785,3.2487034797668457,fleurs_uk,whole_original_recording,6.312,fleurs_uk_ce9eb2666cb7cc32803ed074
120k,7.121618270874023,0.0,0,not_scored_no_time_aligned_reference,3.0,0.48022979497909546,3.0,"[""local_high_frequency_burst"", ""sigmos_coloration_below_threshold"", ""ecapa_similarity_below_threshold""]",True,2,"[{""start_seconds"": 0.35, ""end_seconds"": 0.42}, {""start_seconds"": 1.18, ""end_seconds"": 1.2}]",30.131507873535156,0.9429383873939514,120k,0.065216064453125,0,False,2.4761288166046143,4.075775623321533,3.8770642280578613,4.359346389770508,3.1154122352600098,4.619417190551758,3.528472900390625,fleurs_uk,whole_original_recording,0.0,fleurs_uk_f4828dcb8786670103766b29
120k,7.367114543914795,0.0,0,not_scored_no_time_aligned_reference,3.0,0.38741835951805115,4.5,"[""sigmos_overall_below_threshold"", ""sigmos_coloration_below_threshold"", ""ecapa_similarity_below_threshold""]",True,0,[],26.472793579101562,0.3381427228450775,120k,0.061126708984375,1,False,2.1864776611328125,4.066455841064453,2.7797696590423584,3.9841463565826416,2.654103994369507,3.933729887008667,3.249223470687866,fleurs_uk,whole_original_recording,1.5,fleurs_uk_f4828dcb8786670103766b29
120k,7.141698837280273,0.0,0,not_scored_no_time_aligned_reference,3.0,0.43908360600471497,6.0,"[""sigmos_overall_below_threshold"", ""sigmos_coloration_below_threshold"", ""ecapa_similarity_below_threshold""]",True,0,[],24.03937530517578,0.3381427228450775,120k,0.063568115234375,2,False,2.8167476654052734,3.781203269958496,3.1077709197998047,3.9151782989501953,2.8377387523651123,4.001482009887695,3.3503310680389404,fleurs_uk,whole_original_recording,3.0,fleurs_uk_f4828dcb8786670103766b29
120k,7.055349826812744,0.0,0,not_scored_no_time_aligned_reference,3.0,0.4216645658016205,6.56,"[""sigmos_overall_below_threshold"", ""sigmos_coloration_below_threshold"", ""ecapa_similarity_below_threshold""]",True,0,[],31.682170867919922,0.24195031821727753,120k,0.063568115234375,3,False,2.239506244659424,4.313625335693359,3.077702522277832,4.480382919311523,2.595754861831665,4.385407447814941,3.146331787109375,fleurs_uk,whole_original_recording,3.56,fleurs_uk_f4828dcb8786670103766b29
120k,7.045696258544922,0.0,0,not_scored_no_time_aligned_reference,3.0,0.5148279666900635,3.0,"[""local_high_frequency_burst"", ""sigmos_overall_below_threshold"", ""sigmos_speech_below_threshold"", ""sigmos_coloration_below_threshold"", ""ecapa_similarity_below_threshold""]",True,1,"[{""start_seconds"": 1.91, ""end_seconds"": 1.93}]",31.125091552734375,0.9313351511955261,120k,0.07342529296875,0,False,2.4360709190368652,3.4390671253204346,3.490703582763672,3.602421283721924,2.466376781463623,3.769465446472168,2.9452264308929443,fleurs_uk,whole_original_recording,0.0,fleurs_uk_780f47de1ad7de01b058a990
120k,7.031468868255615,0.0,0,not_scored_no_time_aligned_reference,3.0,0.518400251865387,4.5,"[""local_high_frequency_burst"", ""sigmos_overall_below_threshold"", ""sigmos_speech_below_threshold"", ""sigmos_coloration_below_threshold"", ""ecapa_similarity_below_threshold""]",True,4,"[{""start_seconds"": 0.41, ""end_seconds"": 0.43}, {""start_seconds"": 2.1900000000000004, ""end_seconds"": 2.2199999999999998}, {""start_seconds"": 2.5500000000000003, ""end_seconds"": 2.5799999999999996}, {""start_seconds"": 2.6, ""end_seconds"": 2.63}]",32.97874069213867,0.949276864528656,120k,0.0660400390625,1,False,2.733919382095337,3.6755239963531494,3.5978238582611084,3.7400333881378174,2.487004280090332,4.216354846954346,2.832948923110962,fleurs_uk,whole_original_recording,1.5,fleurs_uk_780f47de1ad7de01b058a990
120k,6.974780082702637,0.0,0,not_scored_no_time_aligned_reference,3.0,0.4898271858692169,6.0,"[""local_high_frequency_burst"", ""sigmos_overall_below_threshold"", ""sigmos_speech_below_threshold"", ""sigmos_coloration_below_threshold"", ""ecapa_similarity_below_threshold""]",True,4,"[{""start_seconds"": 0.69, ""end_seconds"": 0.72}, {""start_seconds"": 1.05, ""end_seconds"": 1.08}, {""start_seconds"": 1.1, ""end_seconds"": 1.1300000000000001}, {""start_seconds"": 1.57, ""end_seconds"": 1.59}]",30.646072387695312,0.949276864528656,120k,0.077178955078125,2,False,2.1848957538604736,3.532217025756836,3.9500932693481445,3.8739383220672607,2.1383931636810303,3.7640953063964844,2.665081024169922,fleurs_uk,whole_original_recording,3.0,fleurs_uk_780f47de1ad7de01b058a990
120k,6.891295433044434,0.0,0,not_scored_no_time_aligned_reference,3.0,0.45473000407218933,7.5,"[""local_high_frequency_burst"", ""sigmos_overall_below_threshold"", ""sigmos_coloration_below_threshold"", ""ecapa_similarity_below_threshold""]",True,2,"[{""start_seconds"": 0.07, ""end_seconds"": 0.09}, {""start_seconds"": 2.06, ""end_seconds"": 2.09}]",26.326618194580078,0.9411970376968384,120k,0.077178955078125,3,False,2.628260850906372,3.8618791103363037,3.143113374710083,4.039827346801758,2.7219204902648926,4.036214828491211,3.367030382156372,fleurs_uk,whole_original_recording,4.5,fleurs_uk_780f47de1ad7de01b058a990
120k,7.189289569854736,0.0,0,not_scored_no_time_aligned_reference,3.0,0.48382601141929626,9.0,"[""local_high_frequency_burst"", ""sigmos_overall_below_threshold"", ""sigmos_speech_below_threshold"", ""sigmos_coloration_below_threshold"", ""ecapa_similarity_below_threshold""]",True,2,"[{""start_seconds"": 0.5599999999999999, ""end_seconds"": 0.59}, {""start_seconds"": 2.4800000000000004, ""end_seconds"": 2.51}]",28.830718994140625,0.9363211989402771,120k,0.065216064453125,4,False,2.5379486083984375,3.6463139057159424,3.5026028156280518,3.769157648086548,2.5917699337005615,3.9565470218658447,2.910980701446533,fleurs_uk,whole_original_recording,6.0,fleurs_uk_780f47de1ad7de01b058a990
120k,7.312616348266602,0.0,0,not_scored_no_time_aligned_reference,3.0,0.5184715986251831,10.058666666666667,"[""local_high_frequency_burst"", ""sigmos_overall_below_threshold"", ""sigmos_speech_below_threshold"", ""sigmos_coloration_below_threshold"", ""ecapa_similarity_below_threshold""]",True,1,"[{""start_seconds"": 1.42, ""end_seconds"": 1.45}]",28.782169342041016,0.9274538159370422,120k,0.065216064453125,5,False,2.644252300262451,3.71547794342041,3.402480363845825,4.127067565917969,2.6024348735809326,4.065846920013428,2.86873197555542,fleurs_uk,whole_original_recording,7.058666666666666,fleurs_uk_780f47de1ad7de01b058a990
120k,6.998642921447754,0.0,0,not_scored_no_time_aligned_reference,3.0,0.37234288454055786,3.0,"[""local_high_frequency_burst"", ""sigmos_overall_below_threshold"", ""sigmos_coloration_below_threshold"", ""ecapa_similarity_below_threshold""]",True,3,"[{""start_seconds"": 1.54, ""end_seconds"": 1.57}, {""start_seconds"": 1.61, ""end_seconds"": 1.6300000000000001}, {""start_seconds"": 2.6500000000000004, ""end_seconds"": 2.67}]",35.173160552978516,0.8898831009864807,120k,0.0743408203125,0,False,2.650275468826294,4.292461395263672,3.583406686782837,4.0919036865234375,2.7004330158233643,4.106197357177734,3.4195141792297363,fleurs_uk,whole_original_recording,0.0,fleurs_uk_67c2c97145359eb3d6b5d976
120k,6.902443885803223,0.0,0,not_scored_no_time_aligned_reference,3.0,0.31858837604522705,4.5,"[""local_high_frequency_burst"", ""sigmos_overall_below_threshold"", ""sigmos_speech_below_threshold"", ""sigmos_coloration_below_threshold"", ""ecapa_similarity_below_threshold""]",True,4,"[{""start_seconds"": 0.04, ""end_seconds"": 0.06999999999999999}, {""start_seconds"": 0.11, ""end_seconds"": 0.13}, {""start_seconds"": 1.15, ""end_seconds"": 1.17}, {""start_seconds"": 1.55, ""end_seconds"": 1.58}]",25.596229553222656,0.9293021559715271,120k,0.0640869140625,1,False,1.7639102935791016,4.386064529418945,3.028553009033203,4.345544815063477,1.853841781616211,4.218383312225342,2.0876197814941406,fleurs_uk,whole_original_recording,1.5,fleurs_uk_67c2c97145359eb3d6b5d976
120k,7.0720391273498535,0.0,0,not_scored_no_time_aligned_reference,3.0,0.3885710537433624,6.0,"[""local_high_frequency_burst"", ""sigmos_overall_below_threshold"", ""sigmos_speech_below_threshold"", ""sigmos_coloration_below_threshold"", ""ecapa_similarity_below_threshold""]",True,1,"[{""start_seconds"": 0.049999999999999996, ""end_seconds"": 0.08}]",25.596229553222656,0.9293021559715271,120k,0.061248779296875,2,False,2.1330597400665283,3.4763598442077637,3.2297136783599854,3.8018858432769775,2.10577654838562,3.7606005668640137,2.60945463180542,fleurs_uk,whole_original_recording,3.0,fleurs_uk_67c2c97145359eb3d6b5d976
120k,6.95985746383667,0.0,0,not_scored_no_time_aligned_reference,3.0,0.4274962544441223,7.5,"[""sigmos_overall_below_threshold"", ""sigmos_speech_below_threshold"", ""sigmos_coloration_below_threshold"", ""ecapa_similarity_below_threshold""]",True,0,[],36.06837463378906,0.17503304779529572,120k,0.061248779296875,3,False,2.182715654373169,4.006638526916504,3.431920051574707,3.980790615081787,2.313877820968628,3.676520586013794,2.9312782287597656,fleurs_uk,whole_original_recording,4.5,fleurs_uk_67c2c97145359eb3d6b5d976
120k,7.180232048034668,0.0,0,not_scored_no_time_aligned_reference,3.0,0.38862642645835876,9.0,"[""sigmos_overall_below_threshold"", ""sigmos_speech_below_threshold"", ""sigmos_coloration_below_threshold"", ""ecapa_similarity_below_threshold""]",True,0,[],22.848419189453125,0.12963056564331055,120k,0.061187744140625,4,False,2.4976048469543457,4.0595550537109375,3.4823527336120605,3.5557169914245605,2.1561601161956787,4.031612396240234,2.550969362258911,fleurs_uk,whole_original_recording,6.0,fleurs_uk_67c2c97145359eb3d6b5d976
120k,7.038092136383057,0.0,0,not_scored_no_time_aligned_reference,3.0,0.3264695405960083,10.5,"[""sigmos_overall_below_threshold"", ""sigmos_speech_below_threshold"", ""sigmos_coloration_below_threshold"", ""ecapa_similarity_below_threshold""]",True,0,[],35.362937927246094,0.0719180703163147,120k,0.061187744140625,5,False,2.5065557956695557,4.083358287811279,2.7457258701324463,4.229090690612793,2.0454347133636475,3.8708126544952393,2.471006393432617,fleurs_uk,whole_original_recording,7.5,fleurs_uk_67c2c97145359eb3d6b5d976
120k,6.956989288330078,0.0,0,not_scored_no_time_aligned_reference,3.0,0.3710289001464844,12.0,"[""sigmos_overall_below_threshold"", ""sigmos_speech_below_threshold"", ""sigmos_coloration_below_threshold"", ""ecapa_similarity_below_threshold""]",True,0,[],27.91122055053711,0.34877291321754456,120k,0.0540771484375,6,False,2.9075536727905273,3.981916904449463,3.75577449798584,3.439854145050049,2.422137498855591,4.4064178466796875,2.98386549949646,fleurs_uk,whole_original_recording,9.0,fleurs_uk_67c2c97145359eb3d6b5d976
120k,6.921044826507568,0.0,0,not_scored_no_time_aligned_reference,3.0,0.43109479546546936,13.173333333333334,"[""sigmos_overall_below_threshold"", ""sigmos_coloration_below_threshold"", ""ecapa_similarity_below_threshold""]",True,0,[],27.85759735107422,0.25371676683425903,120k,0.053253173828125,7,False,2.6055350303649902,3.9833221435546875,3.5007662773132324,4.184109687805176,2.690535068511963,4.206328392028809,3.359678268432617,fleurs_uk,whole_original_recording,10.173333333333334,fleurs_uk_67c2c97145359eb3d6b5d976
120k,7.102631568908691,0.0,0,not_scored_no_time_aligned_reference,3.0,0.32417675852775574,3.0,"[""local_high_frequency_burst"", ""sigmos_overall_below_threshold"", ""ecapa_similarity_below_threshold""]",True,5,"[{""start_seconds"": 0.1, ""end_seconds"": 0.14}, {""start_seconds"": 1.68, ""end_seconds"": 1.74}, {""start_seconds"": 2.1700000000000004, ""end_seconds"": 2.28}, {""start_seconds"": 2.4800000000000004, ""end_seconds"": 2.53}, {""start_seconds"": 2.89, ""end_seconds"": 2.98}]",24.399681091308594,0.947796106338501,120k,0.439849853515625,0,False,3.0907602310180664,4.145541191101074,3.454242467880249,3.0124313831329346,2.2441446781158447,3.58705472946167,3.0673210620880127,opentts_lada,whole_original_recording,0.0,opentts_lada_895ec772c58479ef40c211f8
120k,7.223915100097656,0.0,0,not_scored_no_time_aligned_reference,3.0,0.23697713017463684,4.074666666666666,"[""local_high_frequency_burst"", ""sigmos_overall_below_threshold"", ""sigmos_speech_below_threshold"", ""sigmos_noise_below_threshold"", ""ecapa_similarity_below_threshold""]",True,5,"[{""start_seconds"": 0.6, ""end_seconds"": 0.67}, {""start_seconds"": 1.1, ""end_seconds"": 1.21}, {""start_seconds"": 1.41, ""end_seconds"": 1.46}, {""start_seconds"": 1.81, ""end_seconds"": 1.91}, {""start_seconds"": 2.2100000000000004, ""end_seconds"": 2.3299999999999996}]",26.124874114990234,0.9482975602149963,120k,0.439849853515625,1,False,3.3737616539001465,3.621443271636963,3.030971050262451,2.462583065032959,2.3401968479156494,4.221074104309082,2.37880277633667,opentts_lada,whole_original_recording,1.0746666666666667,opentts_lada_895ec772c58479ef40c211f8
120k,6.915119171142578,0.0,0,not_scored_no_time_aligned_reference,2.752,0.31669893860816956,2.752,"[""sigmos_overall_below_threshold"", ""sigmos_speech_below_threshold"", ""ecapa_similarity_below_threshold""]",True,0,[],27.944313049316406,0.27548322081565857,120k,0.427001953125,0,True,3.438293695449829,4.105446815490723,2.8671770095825195,3.924762010574341,2.3411858081817627,3.693085193634033,2.7421202659606934,opentts_lada,whole_original_recording,0.0,opentts_lada_0a51f08f878361f67c7b8d39
120k,7.46605110168457,0.0,0,not_scored_no_time_aligned_reference,3.0,0.34050294756889343,3.0,"[""local_high_frequency_burst"", ""sigmos_overall_below_threshold"", ""sigmos_speech_below_threshold"", ""ecapa_similarity_below_threshold""]",True,1,"[{""start_seconds"": 2.0300000000000002, ""end_seconds"": 2.1199999999999997}]",29.79045867919922,0.8524206876754761,120k,0.4432373046875,0,False,3.2476561069488525,3.21213698387146,3.158773183822632,3.7652595043182373,2.402280807495117,3.3241615295410156,2.8550970554351807,opentts_lada,whole_original_recording,0.0,opentts_lada_03ff7e81e8e7ddc1ff567207
120k,7.393502235412598,0.0,0,not_scored_no_time_aligned_reference,3.0,0.39728426933288574,3.968,"[""local_high_frequency_burst"", ""sigmos_overall_below_threshold"", ""sigmos_speech_below_threshold"", ""ecapa_similarity_below_threshold""]",True,1,"[{""start_seconds"": 1.06, ""end_seconds"": 1.15}]",49.33997344970703,0.8487996459007263,120k,0.4432373046875,1,False,3.362138032913208,3.4420931339263916,3.876558780670166,3.912860155105591,2.23899507522583,3.6741292476654053,2.5247457027435303,opentts_lada,whole_original_recording,0.968,opentts_lada_03ff7e81e8e7ddc1ff567207
120k,7.959012508392334,0.0,0,not_scored_no_time_aligned_reference,3.0,0.19070231914520264,3.0,"[""sigmos_overall_below_threshold"", ""sigmos_discontinuity_below_threshold"", ""ecapa_similarity_below_threshold""]",True,0,[],42.30647277832031,0.4212682843208313,120k,0.32763671875,0,False,3.2059154510498047,2.9881293773651123,3.0004820823669434,3.6530849933624268,2.5277979373931885,3.5993857383728027,3.0789947509765625,opentts_lada,whole_original_recording,0.0,opentts_lada_4f6898f32fa7c0bffacc0eb8
120k,7.765063762664795,0.0,0,not_scored_no_time_aligned_reference,3.0,0.2651081085205078,4.5,"[""sigmos_overall_below_threshold"", ""sigmos_speech_below_threshold"", ""sigmos_coloration_below_threshold"", ""sigmos_discontinuity_below_threshold"", ""ecapa_similarity_below_threshold""]",True,0,[],33.395809173583984,0.3516849875450134,120k,0.32763671875,1,False,2.120549201965332,2.93058705329895,2.862645387649536,3.7057416439056396,1.7835304737091064,3.5607733726501465,2.21640682220459,opentts_lada,whole_original_recording,1.5,opentts_lada_4f6898f32fa7c0bffacc0eb8
120k,7.472466468811035,0.0,0,not_scored_no_time_aligned_reference,3.0,0.05759795010089874,5.6,"[""sigmos_overall_below_threshold"", ""sigmos_speech_below_threshold"", ""sigmos_coloration_below_threshold"", ""sigmos_discontinuity_below_threshold"", ""ecapa_similarity_below_threshold""]",True,0,[],27.598506927490234,0.1661190390586853,120k,0.147796630859375,2,False,2.834519863128662,1.7447946071624756,2.825632095336914,3.6410090923309326,1.8626232147216797,3.258535861968994,2.0745596885681152,opentts_lada,whole_original_recording,2.6,opentts_lada_4f6898f32fa7c0bffacc0eb8
120k,6.817347526550293,0.0,0,not_scored_no_time_aligned_reference,2.2186666666666666,0.3953011929988861,2.2186666666666666,"[""local_high_frequency_burst"", ""sigmos_overall_below_threshold"", ""ecapa_similarity_below_threshold""]",True,1,"[{""start_seconds"": 1.51, ""end_seconds"": 1.6}]",29.64572525024414,0.7937880754470825,120k,0.419525146484375,0,True,3.770453691482544,4.314742565155029,3.742729902267456,3.127645492553711,2.8703925609588623,4.612085342407227,3.7012667655944824,opentts_lada,whole_original_recording,0.0,opentts_lada_3f12d88f92635c6568c06e01
120k,7.216728687286377,0.0,0,not_scored_no_time_aligned_reference,2.6986666666666665,0.19833992421627045,2.6986666666666665,"[""local_high_frequency_burst"", ""sigmos_overall_below_threshold"", ""sigmos_speech_below_threshold"", ""sigmos_coloration_below_threshold"", ""ecapa_similarity_below_threshold""]",True,1,"[{""start_seconds"": 0.86, ""end_seconds"": 0.96}]",35.218101501464844,0.9088671803474426,120k,0.454010009765625,0,True,2.6981308460235596,3.76086688041687,3.339953899383545,3.9070656299591064,2.2982125282287598,4.170936584472656,2.6592178344726562,opentts_lada,whole_original_recording,0.0,opentts_lada_98366f80048a9cc5c7db5a69
120k,7.972506523132324,0.0,0,not_scored_no_time_aligned_reference,3.0,0.176532581448555,3.0,"[""local_high_frequency_burst"", ""sigmos_overall_below_threshold"", ""sigmos_speech_below_threshold"", ""ecapa_similarity_below_threshold""]",True,3,"[{""start_seconds"": 1.33, ""end_seconds"": 1.41}, {""start_seconds"": 1.92, ""end_seconds"": 1.99}, {""start_seconds"": 2.24, ""end_seconds"": 2.36}]",29.332569122314453,0.841619074344635,120k,0.399322509765625,0,False,3.514893054962158,3.3328793048858643,3.4903624057769775,3.9153642654418945,2.477060317993164,3.6298253536224365,2.9043426513671875,opentts_lada,whole_original_recording,0.0,opentts_lada_62b7ba749f09ce58e99f5fa5
120k,7.9223527908325195,0.0,0,not_scored_no_time_aligned_reference,3.0,0.14940235018730164,3.7653333333333334,"[""local_high_frequency_burst"", ""sigmos_overall_below_threshold"", ""sigmos_speech_below_threshold"", ""sigmos_coloration_below_threshold"", ""ecapa_similarity_below_threshold""]",True,4,"[{""start_seconds"": 0.5599999999999999, ""end_seconds"": 0.64}, {""start_seconds"": 1.16, ""end_seconds"": 1.22}, {""start_seconds"": 1.48, ""end_seconds"": 1.5}, {""start_seconds"": 1.53, ""end_seconds"": 1.59}]",28.010173797607422,0.8725280165672302,120k,0.399322509765625,1,False,2.5533194541931152,3.516820192337036,3.2703616619110107,3.6122124195098877,2.2161779403686523,3.6891260147094727,2.387338638305664,opentts_lada,whole_original_recording,0.7653333333333333,opentts_lada_62b7ba749f09ce58e99f5fa5
120k,7.162240982055664,0.0,0,not_scored_no_time_aligned_reference,3.0,0.2938297688961029,3.0,"[""local_high_frequency_burst"", ""sigmos_overall_below_threshold"", ""sigmos_speech_below_threshold"", ""sigmos_noise_below_threshold"", ""sigmos_coloration_below_threshold"", ""ecapa_similarity_below_threshold""]",True,4,"[{""start_seconds"": 0.33999999999999997, ""end_seconds"": 0.43}, {""start_seconds"": 1.14, ""end_seconds"": 1.21}, {""start_seconds"": 1.4, ""end_seconds"": 1.46}, {""start_seconds"": 2.3400000000000003, ""end_seconds"": 2.3899999999999997}]",23.363933563232422,0.9311211109161377,120k,0.270263671875,0,False,2.345583438873291,3.949681043624878,3.4802074432373047,2.301884174346924,1.6386241912841797,3.4951364994049072,2.0783891677856445,opentts_lada,whole_original_recording,0.0,opentts_lada_0662ad46c52346128cb62973
120k,7.371837139129639,0.0,0,not_scored_no_time_aligned_reference,3.0,0.2786020338535309,3.584,"[""local_high_frequency_burst"", ""sigmos_overall_below_threshold"", ""sigmos_speech_below_threshold"", ""sigmos_noise_below_threshold"", ""sigmos_coloration_below_threshold"", ""ecapa_similarity_below_threshold""]",True,4,"[{""start_seconds"": 0.5599999999999999, ""end_seconds"": 0.63}, {""start_seconds"": 0.82, ""end_seconds"": 0.88}, {""start_seconds"": 1.75, ""end_seconds"": 1.81}, {""start_seconds"": 2.68, ""end_seconds"": 2.7699999999999996}]",36.685447692871094,0.9516676664352417,120k,0.321502685546875,1,False,2.008335590362549,3.2651920318603516,3.4315059185028076,2.674055337905884,1.9108128547668457,3.612104892730713,2.505984306335449,opentts_lada,whole_original_recording,0.584,opentts_lada_0662ad46c52346128cb62973
120k,7.245351791381836,0.0,0,not_scored_no_time_aligned_reference,2.1973333333333334,0.17233926057815552,2.1973333333333334,"[""local_high_frequency_burst"", ""sigmos_overall_below_threshold"", ""sigmos_speech_below_threshold"", ""sigmos_coloration_below_threshold"", ""ecapa_similarity_below_threshold""]",True,2,"[{""start_seconds"": 0.79, ""end_seconds"": 0.83}, {""start_seconds"": 1.51, ""end_seconds"": 1.59}]",28.456687927246094,0.870186448097229,120k,0.351654052734375,0,True,2.765801429748535,3.978537082672119,3.0721848011016846,3.2258825302124023,2.3596911430358887,3.9831111431121826,2.5928027629852295,opentts_lada,whole_original_recording,0.0,opentts_lada_d678cf4acf3877e75ae20b50
120k,7.685887336730957,0.0,0,not_scored_no_time_aligned_reference,2.976,0.3976803123950958,2.976,"[""local_high_frequency_burst"", ""sigmos_overall_below_threshold"", ""sigmos_coloration_below_threshold"", ""ecapa_similarity_below_threshold""]",True,3,"[{""start_seconds"": 0.73, ""end_seconds"": 0.76}, {""start_seconds"": 1.23, ""end_seconds"": 1.29}, {""start_seconds"": 1.89, ""end_seconds"": 1.97}]",35.79802322387695,0.8083236813545227,120k,0.367706298828125,0,True,2.1573574542999268,4.181931018829346,3.5446057319641113,4.064272880554199,2.4478938579559326,4.362177848815918,3.0634937286376953,opentts_lada,whole_original_recording,0.0,opentts_lada_084278046b1dac222cef1a1b
120k,6.989907264709473,0.0,0,not_scored_no_time_aligned_reference,3.0,0.24442127346992493,3.0,"[""local_high_frequency_burst"", ""sigmos_overall_below_threshold"", ""sigmos_speech_below_threshold"", ""sigmos_noise_below_threshold"", ""sigmos_coloration_below_threshold"", ""ecapa_similarity_below_threshold""]",True,3,"[{""start_seconds"": 0.35, ""end_seconds"": 0.41000000000000003}, {""start_seconds"": 1.63, ""end_seconds"": 1.74}, {""start_seconds"": 2.2300000000000004, ""end_seconds"": 2.26}]",24.15634536743164,0.902594804763794,120k,0.381378173828125,0,False,2.5944626331329346,4.036534309387207,3.232536792755127,2.310321569442749,1.784881591796875,3.436844825744629,2.2041499614715576,opentts_lada,whole_original_recording,0.0,opentts_lada_711415c65ab804a2a0a9672a
120k,7.270650386810303,0.0,0,not_scored_no_time_aligned_reference,3.0,0.21974578499794006,4.010666666666666,"[""local_high_frequency_burst"", ""sigmos_overall_below_threshold"", ""sigmos_speech_below_threshold"", ""ecapa_similarity_below_threshold""]",True,5,"[{""start_seconds"": 0.62, ""end_seconds"": 0.73}, {""start_seconds"": 1.22, ""end_seconds"": 1.25}, {""start_seconds"": 2.14, ""end_seconds"": 2.21}, {""start_seconds"": 2.3000000000000003, ""end_seconds"": 2.36}, {""start_seconds"": 2.5100000000000002, ""end_seconds"": 2.6199999999999997}]",24.4324951171875,0.9386969804763794,120k,0.352569580078125,1,False,3.0891506671905518,3.656205177307129,3.3521921634674072,3.019878387451172,2.2396974563598633,3.5417351722717285,2.896533727645874,opentts_lada,whole_original_recording,1.0106666666666666,opentts_lada_711415c65ab804a2a0a9672a
120k,7.122725009918213,0.0,0,not_scored_no_time_aligned_reference,2.2506666666666666,0.21170683205127716,2.2506666666666666,"[""local_high_frequency_burst"", ""sigmos_overall_below_threshold"", ""ecapa_similarity_below_threshold""]",True,2,"[{""start_seconds"": 1.67, ""end_seconds"": 1.69}, {""start_seconds"": 1.72, ""end_seconds"": 1.75}]",25.850967407226562,0.8748897910118103,120k,0.2581787109375,0,True,3.0587656497955322,3.3597397804260254,3.437389373779297,3.3511502742767334,2.9831361770629883,3.473236322402954,3.289854049682617,opentts_mykyta,whole_original_recording,0.0,opentts_mykyta_3cfe71029778dc75286e6568
120k,7.634009838104248,0.0,0,not_scored_no_time_aligned_reference,2.026666666666667,0.34889501333236694,2.026666666666667,"[""local_high_frequency_burst"", ""ecapa_similarity_below_threshold""]",True,1,"[{""start_seconds"": 1.48, ""end_seconds"": 1.52}]",29.48562240600586,0.7507498860359192,120k,0.228240966796875,0,True,3.202422857284546,4.217462539672852,3.5835764408111572,4.251184940338135,3.0047409534454346,3.0580966472625732,3.2584500312805176,opentts_mykyta,whole_original_recording,0.0,opentts_mykyta_f7e6c7e1532a595b707f9d2b
120k,7.106980323791504,0.0,0,not_scored_no_time_aligned_reference,3.0,0.3076627552509308,3.0,"[""local_high_frequency_burst"", ""sigmos_coloration_below_threshold"", ""ecapa_similarity_below_threshold""]",True,2,"[{""start_seconds"": 1.51, ""end_seconds"": 1.53}, {""start_seconds"": 1.83, ""end_seconds"": 1.87}]",26.198040008544922,0.5844706892967224,120k,0.156524658203125,0,False,2.961900234222412,3.8610496520996094,3.9278321266174316,3.918566942214966,3.0188136100769043,4.031344413757324,3.5354394912719727,opentts_mykyta,whole_original_recording,0.0,opentts_mykyta_18fac11688c53adf4ff7227a
120k,7.108237266540527,0.0,0,not_scored_no_time_aligned_reference,3.0,0.29749566316604614,4.5,"[""local_high_frequency_burst"", ""ecapa_similarity_below_threshold""]",True,4,"[{""start_seconds"": 0.33, ""end_seconds"": 0.37}, {""start_seconds"": 2.14, ""end_seconds"": 2.23}, {""start_seconds"": 2.3600000000000003, ""end_seconds"": 2.3899999999999997}, {""start_seconds"": 2.5500000000000003, ""end_seconds"": 2.6199999999999997}]",26.545032501220703,0.8942766189575195,120k,0.158721923828125,1,False,3.3637046813964844,3.7025952339172363,3.985201835632324,3.9066808223724365,3.1318464279174805,4.424461841583252,3.4610514640808105,opentts_mykyta,whole_original_recording,1.5,opentts_mykyta_18fac11688c53adf4ff7227a
120k,7.35489559173584,0.0,0,not_scored_no_time_aligned_reference,3.0,0.3934466242790222,5.824,"[""local_high_frequency_burst"", ""sigmos_overall_below_threshold"", ""sigmos_coloration_below_threshold"", ""ecapa_similarity_below_threshold""]",True,4,"[{""start_seconds"": 0.82, ""end_seconds"": 0.9}, {""start_seconds"": 1.04, ""end_seconds"": 1.07}, {""start_seconds"": 1.23, ""end_seconds"": 1.29}, {""start_seconds"": 2.25, ""end_seconds"": 2.2899999999999996}]",34.19221878051758,0.882932186126709,120k,0.158721923828125,2,False,2.8331515789031982,3.8578457832336426,4.220684051513672,3.659548044204712,2.869042158126831,4.093247413635254,3.3395681381225586,opentts_mykyta,whole_original_recording,2.824,opentts_mykyta_18fac11688c53adf4ff7227a
120k,7.430400848388672,0.0,0,not_scored_no_time_aligned_reference,1.6746666666666667,0.31782063841819763,1.6746666666666667,"[""local_high_frequency_burst"", ""sigmos_overall_below_threshold"", ""sigmos_coloration_below_threshold"", ""ecapa_similarity_below_threshold""]",True,1,"[{""start_seconds"": 0.85, ""end_seconds"": 1.03}]",40.687843322753906,0.8514630794525146,120k,0.365509033203125,0,True,2.9348766803741455,3.9322738647460938,3.2090015411376953,4.616560935974121,2.6156601905822754,3.226998805999756,3.4884746074676514,opentts_mykyta,whole_original_recording,0.0,opentts_mykyta_cac2b4f75c8cdeb7fb0eb9c2
120k,7.050205230712891,0.0,0,not_scored_no_time_aligned_reference,2.026666666666667,0.21826228499412537,2.026666666666667,"[""ecapa_similarity_below_threshold""]",True,0,[],32.90620422363281,0.16787436604499817,120k,0.152313232421875,0,True,3.1359431743621826,3.743568181991577,3.69382381439209,4.141712188720703,3.0228259563446045,3.4069316387176514,3.3600292205810547,opentts_mykyta,whole_original_recording,0.0,opentts_mykyta_e1b43c1007a9fdaca1fe7af8
120k,7.773124694824219,0.0,0,not_scored_no_time_aligned_reference,2.016,0.31425708532333374,2.016,"[""local_high_frequency_burst"", ""ecapa_similarity_below_threshold""]",True,1,"[{""start_seconds"": 1.5, ""end_seconds"": 1.6}]",33.67725372314453,0.8923088908195496,120k,0.2396240234375,0,True,3.1127748489379883,3.9858193397521973,3.5171496868133545,4.26213264465332,3.1118671894073486,4.415130615234375,3.3625168800354004,opentts_mykyta,whole_original_recording,0.0,opentts_mykyta_6c752b188ec3ba596f61f823
120k,7.5929460525512695,0.0,0,not_scored_no_time_aligned_reference,2.7626666666666666,0.20379216969013214,2.7626666666666666,"[""local_high_frequency_burst"", ""ecapa_similarity_below_threshold""]",True,1,"[{""start_seconds"": 0.25, ""end_seconds"": 0.31}]",44.278446197509766,0.6551066040992737,120k,0.3046875,0,True,3.6081690788269043,3.8108932971954346,3.828078031539917,3.9660396575927734,3.0672149658203125,3.5508224964141846,3.508993148803711,opentts_mykyta,whole_original_recording,0.0,opentts_mykyta_41ce75384704cf49b41d0d0c
120k,7.427365303039551,0.0,0,not_scored_no_time_aligned_reference,3.0,0.2596682608127594,3.0,"[""local_high_frequency_burst"", ""sigmos_overall_below_threshold"", ""sigmos_coloration_below_threshold"", ""ecapa_similarity_below_threshold""]",True,3,"[{""start_seconds"": 0.5, ""end_seconds"": 0.58}, {""start_seconds"": 0.72, ""end_seconds"": 0.8200000000000001}, {""start_seconds"": 1.54, ""end_seconds"": 1.61}]",24.239185333251953,0.9055755138397217,120k,0.232147216796875,0,False,2.955177068710327,3.6471800804138184,3.724993944168091,3.439350128173828,2.9657654762268066,3.565765380859375,3.15395450592041,opentts_mykyta,whole_original_recording,0.0,opentts_mykyta_e7f36626bee9886eb7ee3b87
120k,7.381897449493408,0.0,0,not_scored_no_time_aligned_reference,3.0,0.2976159453392029,4.5,"[""local_high_frequency_burst"", ""sigmos_overall_below_threshold"", ""ecapa_similarity_below_threshold""]",True,1,"[{""start_seconds"": 0.04, ""end_seconds"": 0.09999999999999999}]",26.08907699584961,0.7877904176712036,120k,0.18243408203125,1,False,3.0704407691955566,4.064787864685059,4.001777648925781,4.255809783935547,2.713650703430176,3.9290060997009277,3.0242133140563965,opentts_mykyta,whole_original_recording,1.5,opentts_mykyta_e7f36626bee9886eb7ee3b87
120k,7.363306522369385,0.0,0,not_scored_no_time_aligned_reference,3.0,0.2965761423110962,4.554666666666667,"[""sigmos_overall_below_threshold"", ""sigmos_speech_below_threshold"", ""ecapa_similarity_below_threshold""]",True,0,[],27.824981689453125,0.7742641568183899,120k,0.18243408203125,2,False,3.2828779220581055,3.841474771499634,3.5116541385650635,4.184479236602783,2.735459327697754,3.8490138053894043,2.9870214462280273,opentts_mykyta,whole_original_recording,1.5546666666666666,opentts_mykyta_e7f36626bee9886eb7ee3b87
120k,7.496670722961426,0.0,0,not_scored_no_time_aligned_reference,2.08,0.32027408480644226,2.08,"[""local_high_frequency_burst"", ""sigmos_overall_below_threshold"", ""ecapa_similarity_below_threshold""]",True,2,"[{""start_seconds"": 1.0, ""end_seconds"": 1.07}, {""start_seconds"": 1.66, ""end_seconds"": 1.68}]",29.384841918945312,0.7150540947914124,120k,0.2108154296875,0,True,3.3196861743927,3.9255125522613525,3.5360004901885986,3.697760820388794,2.9080777168273926,3.770007610321045,3.3272457122802734,opentts_mykyta,whole_original_recording,0.0,opentts_mykyta_c2f414fc0fe7a2a70b94b0fc
120k,7.38525915145874,0.0,0,not_scored_no_time_aligned_reference,3.0,0.331181138753891,3.0,"[""local_high_frequency_burst"", ""ecapa_similarity_below_threshold""]",True,3,"[{""start_seconds"": 0.57, ""end_seconds"": 0.66}, {""start_seconds"": 1.42, ""end_seconds"": 1.44}, {""start_seconds"": 2.91, ""end_seconds"": 2.9299999999999997}]",30.58121109008789,0.890781819820404,120k,0.211456298828125,0,False,3.0470807552337646,4.080415725708008,3.633364677429199,3.7017059326171875,3.0988216400146484,4.037505149841309,3.496854782104492,opentts_mykyta,whole_original_recording,0.0,opentts_mykyta_4c8852d972aac68c073f1810
120k,7.6103715896606445,0.0,0,not_scored_no_time_aligned_reference,3.0,0.4063887298107147,3.9146666666666667,"[""local_high_frequency_burst"", ""sigmos_overall_below_threshold"", ""sigmos_coloration_below_threshold"", ""ecapa_similarity_below_threshold""]",True,2,"[{""start_seconds"": 0.51, ""end_seconds"": 0.53}, {""start_seconds"": 1.99, ""end_seconds"": 2.0199999999999996}]",30.316661834716797,0.6538293361663818,120k,0.190338134765625,1,False,2.7405636310577393,4.073200225830078,3.8637051582336426,4.184764385223389,2.8026950359344482,3.896296977996826,3.3202931880950928,opentts_mykyta,whole_original_recording,0.9146666666666666,opentts_mykyta_4c8852d972aac68c073f1810
120k,7.391797065734863,0.0,0,not_scored_no_time_aligned_reference,1.8346666666666667,0.4091373682022095,1.8346666666666667,"[""sigmos_overall_below_threshold"", ""sigmos_coloration_below_threshold"", ""ecapa_similarity_below_threshold""]",True,0,[],24.816211700439453,0.08612217009067535,120k,0.24652099609375,0,True,2.558323383331299,4.256931781768799,3.749037981033325,4.060712814331055,2.844289779663086,3.3394691944122314,3.1477291584014893,opentts_mykyta,whole_original_recording,0.0,opentts_mykyta_09c96b64ccb1a8b04800b653
120k,6.970235347747803,0.0,0,not_scored_no_time_aligned_reference,3.0,0.42694342136383057,3.0,"[""local_high_frequency_burst"", ""sigmos_overall_below_threshold"", ""ecapa_similarity_below_threshold""]",True,1,"[{""start_seconds"": 2.41, ""end_seconds"": 2.5}]",28.23944854736328,0.9046777486801147,120k,0.195037841796875,0,False,3.0722179412841797,3.940495252609253,3.6436803340911865,3.8395683765411377,2.748776912689209,4.120220184326172,3.086026430130005,opentts_tetiana,whole_original_recording,0.0,opentts_tetiana_88d98a6a4cea4fe77639349f
120k,7.275189399719238,0.0,0,not_scored_no_time_aligned_reference,3.0,0.4044349789619446,4.5,"[""local_high_frequency_burst"", ""sigmos_overall_below_threshold"", ""sigmos_coloration_below_threshold"", ""ecapa_similarity_below_threshold""]",True,1,"[{""start_seconds"": 0.91, ""end_seconds"": 1.0}]",26.625717163085938,0.9046777486801147,120k,0.184112548828125,1,False,2.4920437335968018,3.642888307571411,3.2993104457855225,4.0389404296875,2.6306874752044678,4.144992828369141,3.075831890106201,opentts_tetiana,whole_original_recording,1.5,opentts_tetiana_88d98a6a4cea4fe77639349f
120k,7.508399963378906,0.0,0,not_scored_no_time_aligned_reference,3.0,0.4043422341346741,5.717333333333333,"[""local_high_frequency_burst"", ""sigmos_overall_below_threshold"", ""ecapa_similarity_below_threshold""]",True,1,"[{""start_seconds"": 2.43, ""end_seconds"": 2.53}]",24.220787048339844,0.9147086143493652,120k,0.184112548828125,2,False,3.3408021926879883,3.8927133083343506,3.6794350147247314,4.137061595916748,2.7388088703155518,4.47074556350708,3.302293539047241,opentts_tetiana,whole_original_recording,2.7173333333333334,opentts_tetiana_88d98a6a4cea4fe77639349f
120k,7.295588493347168,0.0,0,not_scored_no_time_aligned_reference,3.0,0.5522612929344177,3.0,"[""local_high_frequency_burst"", ""sigmos_overall_below_threshold"", ""sigmos_coloration_below_threshold"", ""ecapa_similarity_below_threshold""]",True,3,"[{""start_seconds"": 0.92, ""end_seconds"": 0.98}, {""start_seconds"": 1.07, ""end_seconds"": 1.15}, {""start_seconds"": 1.78, ""end_seconds"": 1.87}]",35.34525680541992,0.9173499345779419,120k,0.16912841796875,0,False,2.9203438758850098,4.692014694213867,3.598109483718872,3.9570374488830566,2.840935468673706,4.554620742797852,3.164295196533203,opentts_tetiana,whole_original_recording,0.0,opentts_tetiana_7a3d5f861fd8ad8683c1c939
120k,7.377525806427002,0.0,0,not_scored_no_time_aligned_reference,3.0,0.5894181728363037,4.5,"[""local_high_frequency_burst"", ""ecapa_similarity_below_threshold""]",True,2,"[{""start_seconds"": 0.27999999999999997, ""end_seconds"": 0.37}, {""start_seconds"": 2.0900000000000003, ""end_seconds"": 2.1999999999999997}]",26.032798767089844,0.8836972117424011,120k,0.16912841796875,1,False,3.1721014976501465,4.224211692810059,3.58436918258667,3.778663396835327,3.2787883281707764,4.492682933807373,3.759272575378418,opentts_tetiana,whole_original_recording,1.5,opentts_tetiana_7a3d5f861fd8ad8683c1c939
120k,7.431875705718994,0.0,0,not_scored_no_time_aligned_reference,3.0,0.615709662437439,4.917333333333334,"[""local_high_frequency_burst"", ""ecapa_similarity_below_threshold""]",True,1,"[{""start_seconds"": 1.68, ""end_seconds"": 1.79}]",24.088653564453125,0.8910143971443176,120k,0.16912841796875,2,False,3.2588508129119873,3.773895502090454,4.302695274353027,3.678863525390625,3.1402480602264404,4.249185562133789,3.5043084621429443,opentts_tetiana,whole_original_recording,1.9173333333333333,opentts_tetiana_7a3d5f861fd8ad8683c1c939
120k,7.348871231079102,0.0,0,not_scored_no_time_aligned_reference,2.7626666666666666,0.5309429168701172,2.7626666666666666,"[""local_high_frequency_burst"", ""sigmos_overall_below_threshold"", ""sigmos_coloration_below_threshold"", ""ecapa_similarity_below_threshold""]",True,3,"[{""start_seconds"": 0.92, ""end_seconds"": 1.0}, {""start_seconds"": 1.75, ""end_seconds"": 1.82}, {""start_seconds"": 2.1100000000000003, ""end_seconds"": 2.19}]",25.51171875,0.9542787671089172,120k,0.183807373046875,0,True,2.5347495079040527,3.8415687084198,3.1181395053863525,3.8868980407714844,2.5637264251708984,3.6283369064331055,3.091435670852661,opentts_tetiana,whole_original_recording,0.0,opentts_tetiana_eafdc1b4bd0bf7b30f79865c
120k,7.463261127471924,0.0,0,not_scored_no_time_aligned_reference,3.0,0.5542272925376892,3.0,"[""local_high_frequency_burst"", ""ecapa_similarity_below_threshold""]",True,3,"[{""start_seconds"": 0.37, ""end_seconds"": 0.4}, {""start_seconds"": 0.71, ""end_seconds"": 0.77}, {""start_seconds"": 1.77, ""end_seconds"": 1.87}]",33.22113800048828,0.9224724173545837,120k,0.1895751953125,0,False,3.3633968830108643,3.8103058338165283,3.648991584777832,3.641024112701416,3.11769437789917,3.869307041168213,3.466538906097412,opentts_tetiana,whole_original_recording,0.0,opentts_tetiana_7a6a7481c484173c5e147f52
120k,7.474106788635254,0.0,0,not_scored_no_time_aligned_reference,3.0,0.5383720993995667,4.352,"[""local_high_frequency_burst"", ""sigmos_overall_below_threshold"", ""ecapa_similarity_below_threshold""]",True,1,"[{""start_seconds"": 0.42, ""end_seconds"": 0.52}]",35.6260871887207,0.9311237931251526,120k,0.1895751953125,1,False,3.121875524520874,4.418113708496094,4.294577121734619,3.781942844390869,2.7994091510772705,4.197038650512695,3.1681790351867676,opentts_tetiana,whole_original_recording,1.352,opentts_tetiana_7a6a7481c484173c5e147f52
120k,7.294856548309326,0.0,0,not_scored_no_time_aligned_reference,3.0,0.49508458375930786,3.0,"[""sigmos_overall_below_threshold"", ""sigmos_speech_below_threshold"", ""sigmos_coloration_below_threshold"", ""ecapa_similarity_below_threshold""]",True,0,[],32.50796127319336,0.5415486097335815,120k,0.172943115234375,0,False,2.2507174015045166,3.901693344116211,3.9849209785461426,4.640665054321289,2.268070936203003,4.2601213455200195,2.674084186553955,opentts_tetiana,whole_original_recording,0.0,opentts_tetiana_9bdcd2e0876228264c2a5bfb
120k,7.3599853515625,0.0,0,not_scored_no_time_aligned_reference,3.0,0.4916492998600006,3.1466666666666665,"[""sigmos_overall_below_threshold"", ""sigmos_speech_below_threshold"", ""sigmos_coloration_below_threshold"", ""ecapa_similarity_below_threshold""]",True,0,[],30.105499267578125,0.5810338854789734,120k,0.172943115234375,1,False,1.926295518875122,3.9183456897735596,3.8181798458099365,4.41087532043457,1.9467759132385254,3.9360861778259277,2.47650408744812,opentts_tetiana,whole_original_recording,0.14666666666666667,opentts_tetiana_9bdcd2e0876228264c2a5bfb
120k,7.415774345397949,0.0,0,not_scored_no_time_aligned_reference,2.986666666666667,0.3990715444087982,2.986666666666667,"[""sigmos_overall_below_threshold"", ""sigmos_speech_below_threshold"", ""sigmos_coloration_below_threshold"", ""ecapa_similarity_below_threshold""]",True,0,[],30.0804443359375,0.3704206645488739,120k,0.177703857421875,0,True,2.6548213958740234,4.119982719421387,4.137921333312988,3.7952303886413574,2.312655210494995,3.918727159500122,2.8091630935668945,opentts_tetiana,whole_original_recording,0.0,opentts_tetiana_951e7f522ed9bfd1a4a521d3
120k,7.49912691116333,0.0,0,not_scored_no_time_aligned_reference,3.0,0.3806721866130829,3.0,"[""local_high_frequency_burst"", ""sigmos_overall_below_threshold"", ""sigmos_coloration_below_threshold"", ""ecapa_similarity_below_threshold""]",True,4,"[{""start_seconds"": 0.16999999999999998, ""end_seconds"": 0.24000000000000002}, {""start_seconds"": 1.51, ""end_seconds"": 1.6}, {""start_seconds"": 2.0900000000000003, ""end_seconds"": 2.15}, {""start_seconds"": 2.81, ""end_seconds"": 2.96}]",46.81343460083008,0.9656459093093872,120k,0.2255859375,0,False,2.839479923248291,3.9765450954437256,3.5381922721862793,4.450005531311035,2.6590535640716553,3.8435988426208496,3.13883638381958,opentts_tetiana,whole_original_recording,0.0,opentts_tetiana_13b0b750996ccf20d718f422
120k,7.514167308807373,0.0,0,not_scored_no_time_aligned_reference,3.0,0.37547963857650757,3.1253333333333333,"[""local_high_frequency_burst"", ""ecapa_similarity_below_threshold""]",True,4,"[{""start_seconds"": 0.04, ""end_seconds"": 0.12}, {""start_seconds"": 1.39, ""end_seconds"": 1.47}, {""start_seconds"": 1.96, ""end_seconds"": 2.0199999999999996}, {""start_seconds"": 2.68, ""end_seconds"": 2.8299999999999996}]",44.913291931152344,0.9550264477729797,120k,0.2255859375,1,False,3.1378254890441895,3.997368097305298,3.894667625427246,4.186140060424805,3.0092933177948,3.6972830295562744,3.354283571243286,opentts_tetiana,whole_original_recording,0.12533333333333332,opentts_tetiana_13b0b750996ccf20d718f422
120k,7.3354668617248535,0.0,0,not_scored_no_time_aligned_reference,2.7413333333333334,0.42536062002182007,2.7413333333333334,"[""ecapa_similarity_below_threshold""]",True,0,[],22.441844940185547,0.09623167663812637,120k,0.221221923828125,0,True,3.079908847808838,4.072953701019287,4.068376541137695,3.586787462234497,3.246523380279541,4.072177886962891,3.8027055263519287,opentts_tetiana,whole_original_recording,0.0,opentts_tetiana_940d13e97ac3739264027997
120k,7.2420830726623535,0.0,0,not_scored_no_time_aligned_reference,3.0,0.608522891998291,3.0,"[""local_high_frequency_burst"", ""sigmos_overall_below_threshold"", ""sigmos_coloration_below_threshold"", ""ecapa_similarity_below_threshold""]",True,1,"[{""start_seconds"": 1.26, ""end_seconds"": 1.34}]",24.018280029296875,0.9160847067832947,120k,0.183258056640625,0,False,2.704911470413208,3.487039566040039,3.8668465614318848,3.7698967456817627,2.6686208248138428,3.703587770462036,3.000401258468628,opentts_tetiana,whole_original_recording,0.0,opentts_tetiana_671bd81fff59349210ecd0c9
120k,7.288877487182617,0.0,0,not_scored_no_time_aligned_reference,3.0,0.6284032464027405,3.2,"[""local_high_frequency_burst"", ""sigmos_overall_below_threshold"", ""sigmos_speech_below_threshold"", ""sigmos_coloration_below_threshold"", ""ecapa_similarity_below_threshold""]",True,1,"[{""start_seconds"": 1.06, ""end_seconds"": 1.14}]",24.018280029296875,0.9160847067832947,120k,0.183258056640625,1,False,1.824981927871704,3.228659152984619,3.4451820850372314,3.37642240524292,2.630146026611328,3.6538712978363037,2.895742416381836,opentts_tetiana,whole_original_recording,0.2,opentts_tetiana_671bd81fff59349210ecd0c9
120k,7.591651916503906,0.0,0,not_scored_no_time_aligned_reference,3.0,0.5926663279533386,3.0,"[""local_high_frequency_burst"", ""sigmos_overall_below_threshold"", ""sigmos_speech_below_threshold"", ""sigmos_coloration_below_threshold"", ""ecapa_similarity_below_threshold""]",True,1,"[{""start_seconds"": 2.9000000000000004, ""end_seconds"": 2.98}]",29.63031005859375,0.9420570135116577,120k,0.19195556640625,0,False,2.91400146484375,3.716686725616455,4.012110710144043,4.199807643890381,2.472527027130127,4.341620922088623,2.8144712448120117,opentts_tetiana,whole_original_recording,0.0,opentts_tetiana_0a4f4eeb4c084d7aa9a1f264
120k,7.475826263427734,0.0,0,not_scored_no_time_aligned_reference,3.0,0.570902943611145,3.9146666666666667,"[""local_high_frequency_burst"", ""sigmos_overall_below_threshold"", ""sigmos_speech_below_threshold"", ""sigmos_coloration_below_threshold"", ""ecapa_similarity_below_threshold""]",True,1,"[{""start_seconds"": 1.98, ""end_seconds"": 2.07}]",30.528026580810547,0.9113034605979919,120k,0.1563720703125,1,False,2.8553125858306885,3.6514711380004883,3.907428503036499,3.41583514213562,2.6395623683929443,3.648874521255493,2.9739842414855957,opentts_tetiana,whole_original_recording,0.9146666666666666,opentts_tetiana_0a4f4eeb4c084d7aa9a1f264
120k,7.10145902633667,0.0,0,not_scored_no_time_aligned_reference,3.0,0.611635148525238,3.0,"[""local_high_frequency_burst"", ""sigmos_overall_below_threshold"", ""ecapa_similarity_below_threshold""]",True,1,"[{""start_seconds"": 2.68, ""end_seconds"": 2.6999999999999997}]",37.43061447143555,0.502299964427948,120k,0.294097900390625,0,False,3.666104316711426,3.478811025619507,4.377169609069824,4.591895580291748,2.60453200340271,3.90604305267334,3.0082972049713135,opentts_tetiana,whole_original_recording,0.0,opentts_tetiana_2a9b64026a8f8317f3b1e138
120k,7.397994041442871,0.0,0,not_scored_no_time_aligned_reference,3.0,0.563744843006134,4.5,"[""local_high_frequency_burst"", ""sigmos_overall_below_threshold"", ""ecapa_similarity_below_threshold""]",True,1,"[{""start_seconds"": 1.18, ""end_seconds"": 1.2}]",37.43061447143555,0.502299964427948,120k,0.294097900390625,1,False,3.185474157333374,3.781421661376953,3.2851345539093018,3.816377878189087,2.71417498588562,4.269409656524658,3.308694839477539,opentts_tetiana,whole_original_recording,1.5,opentts_tetiana_2a9b64026a8f8317f3b1e138
120k,7.550894260406494,0.0,0,not_scored_no_time_aligned_reference,3.0,0.13383807241916656,5.333333333333333,"[""local_high_frequency_burst"", ""sigmos_overall_below_threshold"", ""sigmos_speech_below_threshold"", ""sigmos_coloration_below_threshold"", ""ecapa_similarity_below_threshold""]",True,1,"[{""start_seconds"": 0.35, ""end_seconds"": 0.38}]",25.613948822021484,0.5122663974761963,120k,0.184844970703125,2,False,2.972893714904785,3.573742151260376,3.8726751804351807,4.176540374755859,2.5329666137695312,4.610970497131348,2.90055251121521,opentts_tetiana,whole_original_recording,2.3333333333333335,opentts_tetiana_2a9b64026a8f8317f3b1e138
120k,7.531912803649902,0.0,0,not_scored_no_time_aligned_reference,3.0,0.3587181866168976,3.0,"[""local_high_frequency_burst"", ""sigmos_overall_below_threshold"", ""sigmos_speech_below_threshold"", ""sigmos_coloration_below_threshold"", ""ecapa_similarity_below_threshold""]",True,1,"[{""start_seconds"": 2.3200000000000003, ""end_seconds"": 2.4}]",35.6246223449707,0.8934980034828186,120k,0.29571533203125,0,False,2.3846049308776855,3.9741525650024414,3.5171003341674805,4.066702365875244,2.324462890625,4.402399063110352,2.878448009490967,tg_voices_uk,whole_original_recording,0.0,tg_voices_uk_d5269cb157cc6c1a0a14a13e
120k,7.655271530151367,0.0,0,not_scored_no_time_aligned_reference,3.0,0.35947924852371216,4.5,"[""local_high_frequency_burst"", ""sigmos_overall_below_threshold"", ""ecapa_similarity_below_threshold""]",True,2,"[{""start_seconds"": 0.82, ""end_seconds"": 0.9}, {""start_seconds"": 1.91, ""end_seconds"": 1.97}]",35.6246223449707,0.8934980034828186,120k,0.269134521484375,1,False,3.02423357963562,4.322425365447998,3.453195571899414,3.8667151927948,2.7631263732910156,4.141400337219238,3.1718311309814453,tg_voices_uk,whole_original_recording,1.5,tg_voices_uk_d5269cb157cc6c1a0a14a13e
120k,7.665395259857178,0.0,0,not_scored_no_time_aligned_reference,3.0,0.38258597254753113,4.533333333333333,"[""local_high_frequency_burst"", ""ecapa_similarity_below_threshold""]",True,3,"[{""start_seconds"": 0.78, ""end_seconds"": 0.87}, {""start_seconds"": 1.88, ""end_seconds"": 1.93}, {""start_seconds"": 1.95, ""end_seconds"": 1.97}]",36.436771392822266,0.9122276306152344,120k,0.269134521484375,2,False,3.5133867263793945,3.9494171142578125,3.84859299659729,4.080533027648926,3.041290044784546,4.319055557250977,3.5380983352661133,tg_voices_uk,whole_original_recording,1.5333333333333334,tg_voices_uk_d5269cb157cc6c1a0a14a13e
120k,7.2213616371154785,0.0,0,not_scored_no_time_aligned_reference,3.0,0.4402371346950531,3.0,"[""local_high_frequency_burst"", ""ecapa_similarity_below_threshold""]",True,3,"[{""start_seconds"": 0.65, ""end_seconds"": 0.68}, {""start_seconds"": 1.45, ""end_seconds"": 1.47}, {""start_seconds"": 1.88, ""end_seconds"": 1.95}]",25.837356567382812,0.901913583278656,120k,0.570098876953125,0,False,3.1116750240325928,4.289083957672119,3.702913761138916,3.842313766479492,3.1297106742858887,4.312064170837402,3.47646427154541,tg_voices_uk,whole_original_recording,0.0,tg_voices_uk_a0e8900641824571beaf0652
120k,7.259789943695068,0.0,0,not_scored_no_time_aligned_reference,3.0,0.29737597703933716,4.5,"[""local_high_frequency_burst"", ""sigmos_overall_below_threshold"", ""sigmos_coloration_below_threshold"", ""ecapa_similarity_below_threshold""]",True,1,"[{""start_seconds"": 0.38, ""end_seconds"": 0.45}]",31.592117309570312,0.901913583278656,120k,0.441680908203125,1,False,2.578270673751831,3.7589070796966553,3.8741209506988525,4.05949592590332,2.7857789993286133,4.024815559387207,3.2007975578308105,tg_voices_uk,whole_original_recording,1.5,tg_voices_uk_a0e8900641824571beaf0652
120k,7.432979583740234,0.0,0,not_scored_no_time_aligned_reference,3.0,0.2796567678451538,5.066666666666666,"[""sigmos_overall_below_threshold"", ""ecapa_similarity_below_threshold""]",True,0,[],32.31306076049805,0.4291689693927765,120k,0.441680908203125,2,False,3.4207186698913574,3.505458354949951,3.4507639408111572,4.186428070068359,2.9393272399902344,4.411633491516113,3.0366854667663574,tg_voices_uk,whole_original_recording,2.066666666666667,tg_voices_uk_a0e8900641824571beaf0652
120k,7.198864459991455,0.0,0,not_scored_no_time_aligned_reference,3.0,0.3291318714618683,3.0,"[""sigmos_overall_below_threshold"", ""sigmos_speech_below_threshold"", ""ecapa_similarity_below_threshold""]",True,0,[],49.82981872558594,0.2936442792415619,120k,0.283477783203125,0,False,3.4325661659240723,3.6587471961975098,3.4595415592193604,4.146496772766113,2.6573755741119385,3.816190004348755,2.875624895095825,tg_voices_uk,whole_original_recording,0.0,tg_voices_uk_8cef74ffc5890af5678085c6
120k,6.926697731018066,0.0,0,not_scored_no_time_aligned_reference,3.0,0.37067922949790955,4.5,"[""local_high_frequency_burst"", ""ecapa_similarity_below_threshold""]",True,2,"[{""start_seconds"": 1.91, ""end_seconds"": 1.97}, {""start_seconds"": 2.75, ""end_seconds"": 2.78}]",35.628787994384766,0.89149010181427,120k,0.29083251953125,1,False,3.5287728309631348,4.156834125518799,3.6834657192230225,3.8067359924316406,3.0490944385528564,4.347710609436035,3.514704465866089,tg_voices_uk,whole_original_recording,1.5,tg_voices_uk_8cef74ffc5890af5678085c6
120k,7.040929317474365,0.0,0,not_scored_no_time_aligned_reference,3.0,0.4190671145915985,5.578666666666667,"[""local_high_frequency_burst"", ""sigmos_overall_below_threshold"", ""sigmos_coloration_below_threshold"", ""ecapa_similarity_below_threshold""]",True,3,"[{""start_seconds"": 0.83, ""end_seconds"": 0.9}, {""start_seconds"": 1.67, ""end_seconds"": 1.7}, {""start_seconds"": 2.2100000000000004, ""end_seconds"": 2.2699999999999996}]",35.31182098388672,0.8898153305053711,120k,0.29083251953125,2,False,2.5606420040130615,4.00521183013916,3.347975254058838,4.184706687927246,2.5776586532592773,3.634145975112915,3.0257105827331543,tg_voices_uk,whole_original_recording,2.578666666666667,tg_voices_uk_8cef74ffc5890af5678085c6
120k,7.277554988861084,0.0,0,not_scored_no_time_aligned_reference,3.0,0.3663991689682007,3.0,"[""local_high_frequency_burst"", ""sigmos_overall_below_threshold"", ""sigmos_coloration_below_threshold"", ""ecapa_similarity_below_threshold""]",True,3,"[{""start_seconds"": 0.52, ""end_seconds"": 0.5700000000000001}, {""start_seconds"": 1.03, ""end_seconds"": 1.1}, {""start_seconds"": 1.7, ""end_seconds"": 1.78}]",33.36568832397461,0.924135684967041,120k,0.25244140625,0,False,2.6794607639312744,3.750159978866577,4.105281829833984,3.096494436264038,2.5120129585266113,4.572744369506836,3.1417312622070312,tg_voices_uk,whole_original_recording,0.0,tg_voices_uk_658efbc1e369460c1629ae86
120k,7.3249664306640625,0.0,0,not_scored_no_time_aligned_reference,3.0,0.3166394531726837,3.744,"[""local_high_frequency_burst"", ""sigmos_overall_below_threshold"", ""sigmos_coloration_below_threshold"", ""ecapa_similarity_below_threshold""]",True,2,"[{""start_seconds"": 0.27999999999999997, ""end_seconds"": 0.36}, {""start_seconds"": 0.95, ""end_seconds"": 1.03}]",32.882877349853516,0.9367805123329163,120k,0.25244140625,1,False,2.830305337905884,3.108093500137329,3.8275341987609863,3.581840753555298,2.5250840187072754,3.591766119003296,3.0785930156707764,tg_voices_uk,whole_original_recording,0.744,tg_voices_uk_658efbc1e369460c1629ae86
120k,7.303072452545166,0.0,0,not_scored_no_time_aligned_reference,2.112,0.36722531914711,2.112,"[""local_high_frequency_burst"", ""sigmos_overall_below_threshold"", ""ecapa_similarity_below_threshold""]",True,2,"[{""start_seconds"": 0.32, ""end_seconds"": 0.41000000000000003}, {""start_seconds"": 0.7, ""end_seconds"": 0.78}]",31.891834259033203,0.9027862548828125,120k,0.246063232421875,0,True,3.021393299102783,3.8225646018981934,3.8296594619750977,3.86619234085083,2.751148223876953,4.309329032897949,3.0932788848876953,tg_voices_uk,whole_original_recording,0.0,tg_voices_uk_f9e95512fa5b017dfd46cf6e
120k,7.398571491241455,0.0,0,not_scored_no_time_aligned_reference,3.0,0.2890336513519287,3.0,"[""sigmos_overall_below_threshold"", ""ecapa_similarity_below_threshold""]",True,0,[],32.818206787109375,0.20850209891796112,120k,0.373748779296875,0,False,3.3874752521514893,3.965977668762207,4.031665802001953,3.497331142425537,2.9064083099365234,4.090075492858887,3.2978146076202393,tg_voices_uk,whole_original_recording,0.0,tg_voices_uk_7bcf5b98ce622bfff20ea714
120k,7.394927978515625,0.0,0,not_scored_no_time_aligned_reference,3.0,0.15869754552841187,4.5,"[""sigmos_overall_below_threshold"", ""sigmos_coloration_below_threshold"", ""ecapa_similarity_below_threshold""]",True,0,[],24.496868133544922,0.15633146464824677,120k,0.373748779296875,1,False,2.406217336654663,4.132504463195801,3.8892464637756348,3.9965100288391113,2.677478075027466,3.6074812412261963,3.3264756202697754,tg_voices_uk,whole_original_recording,1.5,tg_voices_uk_7bcf5b98ce622bfff20ea714
120k,7.403287410736084,0.0,0,not_scored_no_time_aligned_reference,3.0,0.20238059759140015,6.0,"[""sigmos_overall_below_threshold"", ""sigmos_speech_below_threshold"", ""sigmos_coloration_below_threshold"", ""ecapa_similarity_below_threshold""]",True,0,[],22.149017333984375,0.1549510508775711,120k,0.31170654296875,2,False,2.941598415374756,4.086977481842041,3.7339284420013428,3.912490129470825,2.5023841857910156,3.7241039276123047,2.7986056804656982,tg_voices_uk,whole_original_recording,3.0,tg_voices_uk_7bcf5b98ce622bfff20ea714
120k,7.617480278015137,0.0,0,not_scored_no_time_aligned_reference,3.0,0.19549895823001862,6.517333333333333,"[""sigmos_overall_below_threshold"", ""sigmos_speech_below_threshold"", ""sigmos_coloration_below_threshold"", ""ecapa_similarity_below_threshold""]",True,0,[],20.10028076171875,0.142319917678833,120k,0.31170654296875,3,False,2.0349807739257812,4.520885467529297,2.9019806385040283,3.9535369873046875,2.174912452697754,3.4069864749908447,2.4999260902404785,tg_voices_uk,whole_original_recording,3.517333333333333,tg_voices_uk_7bcf5b98ce622bfff20ea714
120k,7.039261341094971,0.0,0,not_scored_no_time_aligned_reference,3.0,0.37686747312545776,3.0,"[""sigmos_overall_below_threshold"", ""sigmos_speech_below_threshold"", ""ecapa_similarity_below_threshold""]",True,0,[],31.356689453125,0.14035345613956451,120k,0.249542236328125,0,False,3.3203182220458984,3.8179924488067627,3.653729200363159,4.006148815155029,2.716312885284424,3.5064139366149902,2.957547664642334,tg_voices_uk,whole_original_recording,0.0,tg_voices_uk_d2784c8c0d91a188adcadd00
120k,7.3967604637146,0.0,0,not_scored_no_time_aligned_reference,3.0,0.3332178592681885,3.3706666666666667,"[""sigmos_overall_below_threshold"", ""sigmos_speech_below_threshold"", ""ecapa_similarity_below_threshold""]",True,0,[],29.208477020263672,0.13736934959888458,120k,0.249542236328125,1,False,3.3866162300109863,3.7603375911712646,3.902729034423828,3.8583312034606934,2.5995032787323,3.423165798187256,2.983565092086792,tg_voices_uk,whole_original_recording,0.37066666666666664,tg_voices_uk_d2784c8c0d91a188adcadd00
120k,7.190503120422363,0.0,0,not_scored_no_time_aligned_reference,3.0,0.260497510433197,3.0,"[""sigmos_overall_below_threshold"", ""sigmos_speech_below_threshold"", ""ecapa_similarity_below_threshold""]",True,0,[],32.09370422363281,0.3263181447982788,120k,0.237335205078125,0,False,3.3476333618164062,4.548108100891113,4.022289276123047,3.887227773666382,2.5877554416656494,4.315329551696777,2.758434534072876,tg_voices_uk,whole_original_recording,0.0,tg_voices_uk_defbb978b1122cbf24a17588
120k,7.333621501922607,0.0,0,not_scored_no_time_aligned_reference,3.0,0.27087393403053284,4.298666666666667,"[""local_high_frequency_burst"", ""sigmos_overall_below_threshold"", ""ecapa_similarity_below_threshold""]",True,1,"[{""start_seconds"": 2.75, ""end_seconds"": 2.78}]",36.134918212890625,0.49284130334854126,120k,0.2237548828125,1,False,3.339320182800293,4.073592185974121,4.157583236694336,3.6375303268432617,2.820934772491455,3.7903249263763428,3.1295340061187744,tg_voices_uk,whole_original_recording,1.2986666666666666,tg_voices_uk_defbb978b1122cbf24a17588
120k,7.395312786102295,0.0,0,not_scored_no_time_aligned_reference,2.986666666666667,0.40838268399238586,2.986666666666667,"[""local_high_frequency_burst"", ""sigmos_overall_below_threshold"", ""sigmos_coloration_below_threshold"", ""ecapa_similarity_below_threshold""]",True,2,"[{""start_seconds"": 0.91, ""end_seconds"": 0.93}, {""start_seconds"": 1.0, ""end_seconds"": 1.02}]",39.32820129394531,0.4815033972263336,120k,0.328948974609375,0,True,2.999701738357544,3.8975698947906494,3.7254881858825684,4.356500625610352,2.470557689666748,3.7863681316375732,3.048602819442749,tg_voices_uk,whole_original_recording,0.0,tg_voices_uk_94c71638eb2c0cc6c0f109a7
120k,7.344949722290039,0.0,0,not_scored_no_time_aligned_reference,2.8053333333333335,0.456871896982193,2.8053333333333335,"[""local_high_frequency_burst"", ""sigmos_overall_below_threshold"", ""sigmos_coloration_below_threshold"", ""ecapa_similarity_below_threshold""]",True,1,"[{""start_seconds"": 0.49, ""end_seconds"": 0.56}]",30.02190399169922,0.7802791595458984,120k,0.159393310546875,0,True,2.562894105911255,4.323345184326172,3.388474702835083,4.231301307678223,2.646937847137451,3.5630500316619873,3.1125075817108154,tg_voices_uk,whole_original_recording,0.0,tg_voices_uk_e4166b3ab320c8897abdec5b
120k,7.328250885009766,0.0,0,not_scored_no_time_aligned_reference,2.7946666666666666,0.33555442094802856,2.7946666666666666,"[""local_high_frequency_burst"", ""sigmos_overall_below_threshold"", ""ecapa_similarity_below_threshold""]",True,2,"[{""start_seconds"": 0.35, ""end_seconds"": 0.38}, {""start_seconds"": 2.0900000000000003, ""end_seconds"": 2.15}]",34.26716613769531,0.8790481090545654,120k,0.4776611328125,0,True,3.7528648376464844,3.755197763442993,3.6784417629241943,4.264702320098877,2.6953699588775635,4.277278423309326,3.1619842052459717,tg_voices_uk,whole_original_recording,0.0,tg_voices_uk_592b1d26a9dd49fa2fa20b10
120k,7.57310676574707,0.0,0,not_scored_no_time_aligned_reference,2.88,0.32818153500556946,2.88,"[""local_high_frequency_burst"", ""sigmos_overall_below_threshold"", ""sigmos_speech_below_threshold"", ""sigmos_coloration_below_threshold"", ""ecapa_similarity_below_threshold""]",True,3,"[{""start_seconds"": 1.59, ""end_seconds"": 1.64}, {""start_seconds"": 1.68, ""end_seconds"": 1.72}, {""start_seconds"": 2.1500000000000004, ""end_seconds"": 2.21}]",37.872928619384766,0.9311246275901794,120k,0.302581787109375,0,True,2.5511696338653564,4.313148498535156,4.052353858947754,3.6622579097747803,2.41667103767395,4.31851863861084,2.7977685928344727,ua_ser,whole_original_recording,0.0,ua_ser_d6c68dfbf248fbf4692d40ce
120k,7.0612359046936035,0.0,0,not_scored_no_time_aligned_reference,2.3146666666666667,0.46241435408592224,2.3146666666666667,"[""local_high_frequency_burst"", ""sigmos_overall_below_threshold"", ""sigmos_speech_below_threshold"", ""sigmos_coloration_below_threshold"", ""ecapa_similarity_below_threshold""]",True,4,"[{""start_seconds"": 0.22, ""end_seconds"": 0.29000000000000004}, {""start_seconds"": 0.66, ""end_seconds"": 0.75}, {""start_seconds"": 1.23, ""end_seconds"": 1.28}, {""start_seconds"": 1.56, ""end_seconds"": 1.58}]",36.037052154541016,0.9081990122795105,120k,0.1920166015625,0,True,2.5234436988830566,3.990527868270874,4.099722862243652,3.0671637058258057,2.3129401206970215,4.414604663848877,2.889754056930542,ua_ser,whole_original_recording,0.0,ua_ser_4db02e303300ab157338f3d7
120k,7.434391498565674,0.0,0,not_scored_no_time_aligned_reference,3.0,0.3613218367099762,3.0,"[""local_high_frequency_burst"", ""sigmos_overall_below_threshold"", ""ecapa_similarity_below_threshold""]",True,3,"[{""start_seconds"": 1.06, ""end_seconds"": 1.1300000000000001}, {""start_seconds"": 1.41, ""end_seconds"": 1.49}, {""start_seconds"": 2.25, ""end_seconds"": 2.3}]",33.18941116333008,0.9610130786895752,120k,0.40643310546875,0,False,3.194246530532837,4.13062858581543,3.4648289680480957,4.038736343383789,2.712864875793457,4.237174034118652,3.4295947551727295,ua_ser,whole_original_recording,0.0,ua_ser_95873e561061831fe2ce3310
120k,7.389289379119873,0.0,0,not_scored_no_time_aligned_reference,3.0,0.3600553572177887,3.072,"[""local_high_frequency_burst"", ""sigmos_overall_below_threshold"", ""sigmos_speech_below_threshold"", ""ecapa_similarity_below_threshold""]",True,3,"[{""start_seconds"": 0.99, ""end_seconds"": 1.05}, {""start_seconds"": 1.33, ""end_seconds"": 1.42}, {""start_seconds"": 2.1700000000000004, ""end_seconds"": 2.23}]",33.94209289550781,0.9706257581710815,120k,0.40643310546875,1,False,3.1236822605133057,4.356510639190674,4.166017532348633,4.251382350921631,2.3059194087982178,3.829925537109375,2.8772802352905273,ua_ser,whole_original_recording,0.072,ua_ser_95873e561061831fe2ce3310
120k,7.246207237243652,0.0,0,not_scored_no_time_aligned_reference,3.0,0.30153852701187134,3.0,"[""sigmos_overall_below_threshold"", ""sigmos_speech_below_threshold"", ""sigmos_coloration_below_threshold"", ""ecapa_similarity_below_threshold""]",True,0,[],34.86016082763672,0.2043994963169098,120k,0.298309326171875,0,False,2.8513314723968506,3.49184250831604,3.7720909118652344,4.052631378173828,2.257158041000366,3.40372896194458,2.408233642578125,ua_ser,whole_original_recording,0.0,ua_ser_be9977a80fcda0f71ba3276e
120k,7.086297512054443,0.0,0,not_scored_no_time_aligned_reference,3.0,0.29172950983047485,3.072,"[""sigmos_overall_below_threshold"", ""sigmos_coloration_below_threshold"", ""ecapa_similarity_below_threshold""]",True,0,[],34.09981155395508,0.20398209989070892,120k,0.298309326171875,1,False,2.8925580978393555,3.7877659797668457,3.8673348426818848,4.01911735534668,2.6650772094726562,3.2560698986053467,3.170384407043457,ua_ser,whole_original_recording,0.072,ua_ser_be9977a80fcda0f71ba3276e
120k,7.118303298950195,0.0,0,not_scored_no_time_aligned_reference,3.0,0.3157989978790283,3.0,"[""local_high_frequency_burst"", ""sigmos_overall_below_threshold"", ""ecapa_similarity_below_threshold""]",True,1,"[{""start_seconds"": 0.61, ""end_seconds"": 0.64}]",32.780311584472656,0.6521674990653992,120k,0.345489501953125,0,False,3.060598373413086,3.955381393432617,4.3744707107543945,4.240152835845947,2.6025307178497314,3.676894187927246,3.121337413787842,ua_ser,whole_original_recording,0.0,ua_ser_c5c3ca730d3535260dae5823
120k,7.38590669631958,0.0,0,not_scored_no_time_aligned_reference,3.0,0.31376489996910095,4.053333333333334,"[""ecapa_similarity_below_threshold""]",True,0,[],33.07239532470703,0.18214772641658783,120k,0.345489501953125,1,False,3.2754437923431396,3.7451343536376953,3.7946863174438477,4.547222137451172,3.013519763946533,4.220701217651367,3.344337224960327,ua_ser,whole_original_recording,1.0533333333333332,ua_ser_c5c3ca730d3535260dae5823
120k,7.335111618041992,0.0,0,not_scored_no_time_aligned_reference,2.3146666666666667,0.30983859300613403,2.3146666666666667,"[""local_high_frequency_burst"", ""sigmos_coloration_below_threshold"", ""ecapa_similarity_below_threshold""]",True,3,"[{""start_seconds"": 0.69, ""end_seconds"": 0.71}, {""start_seconds"": 0.98, ""end_seconds"": 1.04}, {""start_seconds"": 1.9999999999999998, ""end_seconds"": 2.03}]",40.50505447387695,0.6426596641540527,120k,0.4180908203125,0,True,2.8081326484680176,3.909703493118286,3.9228615760803223,4.176615238189697,3.318420648574829,4.027409553527832,3.642986297607422,ua_ser,whole_original_recording,0.0,ua_ser_c01c2b06a83071c907a0b6f4
120k,7.372293472290039,0.0,0,not_scored_no_time_aligned_reference,2.3893333333333335,0.2129218578338623,2.3893333333333335,"[""local_high_frequency_burst"", ""sigmos_overall_below_threshold"", ""sigmos_coloration_below_threshold"", ""ecapa_similarity_below_threshold""]",True,3,"[{""start_seconds"": 0.33999999999999997, ""end_seconds"": 0.41000000000000003}, {""start_seconds"": 1.31, ""end_seconds"": 1.43}, {""start_seconds"": 1.73, ""end_seconds"": 1.84}]",35.78426742553711,0.9340607523918152,120k,0.23590087890625,0,True,2.7480690479278564,4.175867080688477,3.7645885944366455,4.5472822189331055,2.9831836223602295,4.291102409362793,3.754479169845581,ua_ser,whole_original_recording,0.0,ua_ser_ca8ff0246855dce7bf315b3e
120k,7.1988043785095215,0.0,0,not_scored_no_time_aligned_reference,2.432,0.2712884247303009,2.432,"[""local_high_frequency_burst"", ""sigmos_overall_below_threshold"", ""sigmos_coloration_below_threshold"", ""ecapa_similarity_below_threshold""]",True,1,"[{""start_seconds"": 1.35, ""end_seconds"": 1.41}]",36.4787483215332,0.9265351891517639,120k,0.237396240234375,0,True,2.211113929748535,4.082883834838867,3.3275649547576904,4.277987003326416,2.6748881340026855,4.145814895629883,3.0794007778167725,ua_ser,whole_original_recording,0.0,ua_ser_be37bb89df5984c587d20c82
120k,7.404305458068848,0.0,0,not_scored_no_time_aligned_reference,3.0,0.49746936559677124,3.0,"[""local_high_frequency_burst"", ""sigmos_overall_below_threshold"", ""sigmos_speech_below_threshold"", ""sigmos_coloration_below_threshold"", ""ecapa_similarity_below_threshold""]",True,1,"[{""start_seconds"": 1.45, ""end_seconds"": 1.53}]",31.603530883789062,0.9196662902832031,120k,0.190643310546875,0,False,2.6226181983947754,3.7949225902557373,3.831170082092285,4.185152053833008,2.498476982116699,4.044985294342041,2.952094793319702,ua_ser,whole_original_recording,0.0,ua_ser_2078f4fcf073d7a5d6bd7c09
120k,7.34763765335083,0.0,0,not_scored_no_time_aligned_reference,3.0,0.5024605393409729,3.2,"[""local_high_frequency_burst"", ""sigmos_overall_below_threshold"", ""sigmos_speech_below_threshold"", ""sigmos_coloration_below_threshold"", ""ecapa_similarity_below_threshold""]",True,2,"[{""start_seconds"": 1.25, ""end_seconds"": 1.33}, {""start_seconds"": 2.77, ""end_seconds"": 2.9}]",35.22118377685547,0.9196662902832031,120k,0.190643310546875,1,False,2.5819973945617676,3.9524855613708496,4.252852439880371,3.693725109100342,2.3791725635528564,4.377762794494629,2.9411685466766357,ua_ser,whole_original_recording,0.2,ua_ser_2078f4fcf073d7a5d6bd7c09
120k,6.924144268035889,0.0,0,not_scored_no_time_aligned_reference,3.0,0.5816889405250549,3.0,"[""local_high_frequency_burst"", ""sigmos_overall_below_threshold"", ""sigmos_speech_below_threshold"", ""sigmos_coloration_below_threshold"", ""ecapa_similarity_below_threshold""]",True,2,"[{""start_seconds"": 0.26, ""end_seconds"": 0.33}, {""start_seconds"": 2.56, ""end_seconds"": 2.5799999999999996}]",44.45997619628906,0.9163743257522583,120k,0.21160888671875,0,False,2.8383076190948486,3.2635605335235596,4.489869594573975,4.06643009185791,2.3959901332855225,4.34756326675415,2.8529727458953857,ua_ser,whole_original_recording,0.0,ua_ser_36bd6142702dc47dc2a92a52
120k,6.749550819396973,0.0,0,not_scored_no_time_aligned_reference,3.0,0.5731290578842163,3.2106666666666666,"[""local_high_frequency_burst"", ""sigmos_overall_below_threshold"", ""sigmos_speech_below_threshold"", ""sigmos_coloration_below_threshold"", ""ecapa_similarity_below_threshold""]",True,2,"[{""start_seconds"": 0.049999999999999996, ""end_seconds"": 0.12}, {""start_seconds"": 2.35, ""end_seconds"": 2.3699999999999997}]",36.02408981323242,0.9165554046630859,120k,0.21160888671875,1,False,2.7331395149230957,3.0277211666107178,3.8987412452697754,4.202608108520508,2.0951056480407715,3.9652297496795654,2.318774938583374,ua_ser,whole_original_recording,0.21066666666666667,ua_ser_36bd6142702dc47dc2a92a52
120k,7.240694046020508,0.0,0,not_scored_no_time_aligned_reference,2.2293333333333334,0.3677605986595154,2.2293333333333334,"[""local_high_frequency_burst"", ""sigmos_overall_below_threshold"", ""sigmos_coloration_below_threshold"", ""ecapa_similarity_below_threshold""]",True,2,"[{""start_seconds"": 0.76, ""end_seconds"": 0.86}, {""start_seconds"": 1.15, ""end_seconds"": 1.23}]",29.556777954101562,0.958723783493042,120k,0.36114501953125,0,True,2.409337043762207,3.7297487258911133,3.333922863006592,4.020210266113281,2.5438194274902344,4.163930416107178,3.12326717376709,ua_ser,whole_original_recording,0.0,ua_ser_cb7a724e58c70d6742da4d92
120k,6.895670413970947,0.0,0,not_scored_no_time_aligned_reference,2.538666666666667,0.3448519706726074,2.538666666666667,"[""local_high_frequency_burst"", ""sigmos_overall_below_threshold"", ""sigmos_coloration_below_threshold"", ""ecapa_similarity_below_threshold""]",True,3,"[{""start_seconds"": 0.19, ""end_seconds"": 0.26}, {""start_seconds"": 0.69, ""end_seconds"": 0.79}, {""start_seconds"": 1.52, ""end_seconds"": 1.61}]",33.33567810058594,0.9080466032028198,120k,0.18798828125,0,True,2.7109382152557373,4.522636413574219,3.6180694103240967,3.9455044269561768,2.8229188919067383,4.591240406036377,3.5973000526428223,ukr_dialects,whole_original_recording,0.0,ukr_dialects_14f40dc5678bd3ac85b3e330
120k,5.799746513366699,0.0,0,not_scored_no_time_aligned_reference,1.5786666666666667,0.25881677865982056,1.5786666666666667,"[""sigmos_overall_below_threshold"", ""sigmos_speech_below_threshold"", ""sigmos_coloration_below_threshold"", ""ecapa_similarity_below_threshold""]",True,0,[],18.033004760742188,0.1762549728155136,120k,0.083648681640625,0,True,2.305032730102539,4.238940715789795,3.070683240890503,3.4267871379852295,2.0433642864227295,3.016960382461548,2.4112660884857178,ukr_dialects,whole_original_recording,0.0,ukr_dialects_c9a613ab99857675ac59ec10
120k,6.197554588317871,0.0,0,not_scored_no_time_aligned_reference,3.0,0.4312898814678192,3.0,"[""local_high_frequency_burst"", ""sigmos_overall_below_threshold"", ""sigmos_speech_below_threshold"", ""sigmos_coloration_below_threshold"", ""ecapa_similarity_below_threshold""]",True,3,"[{""start_seconds"": 0.51, ""end_seconds"": 0.6}, {""start_seconds"": 0.95, ""end_seconds"": 1.08}, {""start_seconds"": 2.77, ""end_seconds"": 2.7899999999999996}]",28.25381088256836,0.9357629418373108,120k,0.2091064453125,0,False,2.523996114730835,4.248720169067383,2.9212701320648193,3.4914045333862305,2.3234212398529053,4.452759742736816,2.683184862136841,ukr_dialects,whole_original_recording,0.0,ukr_dialects_42c43b458a4ba7f7e394401b
120k,6.766693115234375,0.0,0,not_scored_no_time_aligned_reference,3.0,0.5236349105834961,4.5,"[""local_high_frequency_burst"", ""sigmos_overall_below_threshold"", ""sigmos_speech_below_threshold"", ""ecapa_similarity_below_threshold""]",True,1,"[{""start_seconds"": 1.27, ""end_seconds"": 1.29}]",25.907699584960938,0.4791589081287384,120k,0.189727783203125,1,False,3.2260687351226807,3.8368475437164307,3.4964401721954346,4.254358291625977,2.5640177726745605,3.7880189418792725,2.911280632019043,ukr_dialects,whole_original_recording,1.5,ukr_dialects_42c43b458a4ba7f7e394401b
120k,7.134468078613281,0.0,0,not_scored_no_time_aligned_reference,3.0,0.5032923817634583,5.1626666666666665,"[""local_high_frequency_burst"", ""sigmos_overall_below_threshold"", ""sigmos_speech_below_threshold"", ""sigmos_coloration_below_threshold"", ""ecapa_similarity_below_threshold""]",True,1,"[{""start_seconds"": 2.7300000000000004, ""end_seconds"": 2.82}]",35.32059860229492,0.9385383725166321,120k,0.189727783203125,2,False,2.729062557220459,3.58113956451416,4.103898048400879,4.2211503982543945,2.434488534927368,3.9144721031188965,2.882852792739868,ukr_dialects,whole_original_recording,2.1626666666666665,ukr_dialects_42c43b458a4ba7f7e394401b
120k,7.303183078765869,0.0,0,not_scored_no_time_aligned_reference,1.7706666666666666,0.43640097975730896,1.7706666666666666,"[""sigmos_overall_below_threshold"", ""sigmos_coloration_below_threshold"", ""ecapa_similarity_below_threshold""]",True,0,[],26.61353302001953,0.37151476740837097,120k,0.121307373046875,0,True,2.8840394020080566,4.058664321899414,3.845154285430908,4.123295783996582,2.776215076446533,3.9486336708068848,3.3281426429748535,ukr_dialects,whole_original_recording,0.0,ukr_dialects_0eefe6109d11f03c6f8626b6
120k,6.928460597991943,0.0,0,not_scored_no_time_aligned_reference,2.784,0.21501146256923676,2.784,"[""sigmos_overall_below_threshold"", ""sigmos_speech_below_threshold"", ""sigmos_coloration_below_threshold"", ""ecapa_similarity_below_threshold""]",True,0,[],23.85173797607422,0.3544327914714813,120k,0.206268310546875,0,True,2.3476309776306152,4.323390483856201,2.821049451828003,3.4780611991882324,2.05936336517334,2.718383550643921,2.6280038356781006,ukr_dialects,whole_original_recording,0.0,ukr_dialects_d2ba80d943e6a61f32205558
120k,6.968912124633789,0.0,0,not_scored_no_time_aligned_reference,3.0,0.3706560432910919,3.0,"[""local_high_frequency_burst"", ""sigmos_overall_below_threshold"", ""sigmos_coloration_below_threshold"", ""ecapa_similarity_below_threshold""]",True,3,"[{""start_seconds"": 0.22999999999999998, ""end_seconds"": 0.26}, {""start_seconds"": 0.73, ""end_seconds"": 0.76}, {""start_seconds"": 1.58, ""end_seconds"": 1.64}]",35.359439849853516,0.9301901459693909,120k,0.404449462890625,0,False,2.792034864425659,3.7792294025421143,3.643404960632324,3.9585256576538086,2.402188301086426,4.442736625671387,3.224017381668091,ukr_dialects,whole_original_recording,0.0,ukr_dialects_442b03ee21902c3d4d221437
120k,7.079482555389404,0.0,0,not_scored_no_time_aligned_reference,3.0,0.40352484583854675,4.5,"[""local_high_frequency_burst"", ""sigmos_overall_below_threshold"", ""sigmos_speech_below_threshold"", ""sigmos_coloration_below_threshold"", ""ecapa_similarity_below_threshold""]",True,2,"[{""start_seconds"": 0.08, ""end_seconds"": 0.14}, {""start_seconds"": 1.76, ""end_seconds"": 1.84}]",34.66419982910156,0.9301901459693909,120k,0.48486328125,1,False,2.8636350631713867,3.7042670249938965,3.761852979660034,3.440101146697998,2.0991530418395996,4.541934490203857,2.473191022872925,ukr_dialects,whole_original_recording,1.5,ukr_dialects_442b03ee21902c3d4d221437
120k,6.916591167449951,0.0,0,not_scored_no_time_aligned_reference,3.0,0.41639456152915955,6.0,"[""local_high_frequency_burst"", ""sigmos_overall_below_threshold"", ""sigmos_speech_below_threshold"", ""sigmos_coloration_below_threshold"", ""ecapa_similarity_below_threshold""]",True,1,"[{""start_seconds"": 0.26, ""end_seconds"": 0.34}]",36.346473693847656,0.8865504264831543,120k,0.48486328125,2,False,2.764265775680542,3.6385648250579834,3.792559862136841,4.0818915367126465,2.2459428310394287,3.7324562072753906,2.8883469104766846,ukr_dialects,whole_original_recording,3.0,ukr_dialects_442b03ee21902c3d4d221437
120k,6.836367130279541,0.0,0,not_scored_no_time_aligned_reference,3.0,0.40643808245658875,7.5,"[""sigmos_overall_below_threshold"", ""sigmos_coloration_below_threshold"", ""ecapa_similarity_below_threshold""]",True,0,[],30.786312103271484,0.2813248932361603,120k,0.40887451171875,3,False,2.6157314777374268,3.7388439178466797,3.684023380279541,3.473581075668335,2.4596660137176514,4.283967018127441,3.0361196994781494,ukr_dialects,whole_original_recording,4.5,ukr_dialects_442b03ee21902c3d4d221437
120k,7.019579887390137,0.0,0,not_scored_no_time_aligned_reference,3.0,0.3886418044567108,9.0,"[""local_high_frequency_burst"", ""sigmos_overall_below_threshold"", ""sigmos_speech_below_threshold"", ""ecapa_similarity_below_threshold""]",True,1,"[{""start_seconds"": 2.0900000000000003, ""end_seconds"": 2.17}]",32.28886032104492,0.8572474718093872,120k,0.37286376953125,4,False,3.7176554203033447,3.5084803104400635,3.554366111755371,3.6991050243377686,2.454024076461792,4.146359443664551,2.80765438079834,ukr_dialects,whole_original_recording,6.0,ukr_dialects_442b03ee21902c3d4d221437
120k,7.169086456298828,0.0,0,not_scored_no_time_aligned_reference,3.0,0.3823283612728119,10.5,"[""local_high_frequency_burst"", ""sigmos_overall_below_threshold"", ""sigmos_speech_below_threshold"", ""sigmos_coloration_below_threshold"", ""ecapa_similarity_below_threshold""]",True,2,"[{""start_seconds"": 0.59, ""end_seconds"": 0.67}, {""start_seconds"": 2.87, ""end_seconds"": 2.94}]",33.558349609375,0.8572474718093872,120k,0.43048095703125,5,False,2.9624834060668945,3.6047897338867188,3.876359224319458,3.571338415145874,2.5436267852783203,4.301161289215088,2.9716405868530273,ukr_dialects,whole_original_recording,7.5,ukr_dialects_442b03ee21902c3d4d221437
120k,7.053097724914551,0.0,0,not_scored_no_time_aligned_reference,3.0,0.3345426619052887,12.0,"[""local_high_frequency_burst"", ""sigmos_overall_below_threshold"", ""ecapa_similarity_below_threshold""]",True,1,"[{""start_seconds"": 1.3699999999999999, ""end_seconds"": 1.44}]",35.630062103271484,0.7937350273132324,120k,0.43048095703125,6,False,3.007553815841675,3.5488975048065186,3.7230889797210693,3.927865982055664,2.762863874435425,4.166215896606445,3.2925474643707275,ukr_dialects,whole_original_recording,9.0,ukr_dialects_442b03ee21902c3d4d221437
120k,7.054082870483398,0.0,0,not_scored_no_time_aligned_reference,3.0,0.3099838197231293,12.896,"[""local_high_frequency_burst"", ""sigmos_overall_below_threshold"", ""ecapa_similarity_below_threshold""]",True,2,"[{""start_seconds"": 0.47, ""end_seconds"": 0.54}, {""start_seconds"": 2.22, ""end_seconds"": 2.3}]",32.29447937011719,0.8927885293960571,120k,0.43048095703125,7,False,3.2826688289642334,4.078176498413086,4.265352249145508,4.118768215179443,2.9629554748535156,4.084969520568848,3.3425679206848145,ukr_dialects,whole_original_recording,9.896,ukr_dialects_442b03ee21902c3d4d221437
120k,6.8432536125183105,0.0,0,not_scored_no_time_aligned_reference,2.784,0.4325200915336609,2.784,"[""local_high_frequency_burst"", ""sigmos_overall_below_threshold"", ""sigmos_speech_below_threshold"", ""sigmos_coloration_below_threshold"", ""ecapa_similarity_below_threshold""]",True,1,"[{""start_seconds"": 1.78, ""end_seconds"": 1.84}]",26.529293060302734,0.6148325204849243,120k,0.753997802734375,0,True,2.879852771759033,3.1285927295684814,3.3286447525024414,3.8818671703338623,2.120781660079956,4.018714904785156,2.4968221187591553,ukr_dialects,whole_original_recording,0.0,ukr_dialects_e4a3ec15f8d201178b55b96b
120k,7.1601338386535645,0.0,0,not_scored_no_time_aligned_reference,3.0,0.295926570892334,3.0,"[""local_high_frequency_burst"", ""sigmos_overall_below_threshold"", ""sigmos_speech_below_threshold"", ""sigmos_coloration_below_threshold"", ""ecapa_similarity_below_threshold""]",True,2,"[{""start_seconds"": 1.08, ""end_seconds"": 1.17}, {""start_seconds"": 2.0500000000000003, ""end_seconds"": 2.07}]",32.52043151855469,0.8601499795913696,120k,0.57000732421875,0,False,2.6679885387420654,3.7263810634613037,3.227414846420288,4.136894226074219,2.3772668838500977,3.368312358856201,2.693617582321167,ukr_dialects,whole_original_recording,0.0,ukr_dialects_26bd5284900929a4d9a86064
120k,7.262670516967773,0.0,0,not_scored_no_time_aligned_reference,3.0,0.3123532831668854,3.4133333333333336,"[""local_high_frequency_burst"", ""sigmos_overall_below_threshold"", ""sigmos_speech_below_threshold"", ""sigmos_coloration_below_threshold"", ""ecapa_similarity_below_threshold""]",True,1,"[{""start_seconds"": 0.67, ""end_seconds"": 0.76}]",32.723968505859375,0.8806186318397522,120k,0.57000732421875,1,False,2.0047481060028076,3.31782603263855,2.858360767364502,3.6929807662963867,1.8128280639648438,3.1500751972198486,2.015460252761841,ukr_dialects,whole_original_recording,0.41333333333333333,ukr_dialects_26bd5284900929a4d9a86064
120k,7.160183429718018,0.0,0,not_scored_no_time_aligned_reference,3.0,0.5483806133270264,3.0,"[""local_high_frequency_burst"", ""sigmos_overall_below_threshold"", ""sigmos_speech_below_threshold"", ""sigmos_coloration_below_threshold"", ""ecapa_similarity_below_threshold""]",True,2,"[{""start_seconds"": 1.19, ""end_seconds"": 1.21}, {""start_seconds"": 1.25, ""end_seconds"": 1.27}]",30.83417510986328,0.5829671025276184,120k,0.23187255859375,0,False,2.403913974761963,4.393202781677246,3.613006353378296,3.7359766960144043,2.246443033218384,4.3365702629089355,2.494337558746338,ukr_dialects,whole_original_recording,0.0,ukr_dialects_5c9b20aa91ead2216a51af30
120k,7.357620716094971,0.0,0,not_scored_no_time_aligned_reference,3.0,0.5359233021736145,3.0933333333333333,"[""local_high_frequency_burst"", ""sigmos_overall_below_threshold"", ""ecapa_similarity_below_threshold""]",True,2,"[{""start_seconds"": 1.09, ""end_seconds"": 1.12}, {""start_seconds"": 1.15, ""end_seconds"": 1.17}]",30.61913299560547,0.5474783182144165,120k,0.23187255859375,1,False,3.374943256378174,4.300069332122803,3.946423292160034,3.9886245727539062,2.887800931930542,4.63523006439209,3.2486321926116943,ukr_dialects,whole_original_recording,0.09333333333333334,ukr_dialects_5c9b20aa91ead2216a51af30
120k,7.0919270515441895,0.0,0,not_scored_no_time_aligned_reference,3.0,0.46910926699638367,3.0,"[""sigmos_overall_below_threshold"", ""sigmos_speech_below_threshold"", ""ecapa_similarity_below_threshold""]",True,0,[],26.635650634765625,0.3069877624511719,120k,0.66949462890625,0,False,3.123211145401001,3.3497884273529053,3.3242220878601074,4.321657657623291,2.3613505363464355,3.4501118659973145,2.8121092319488525,ukr_dialects,whole_original_recording,0.0,ukr_dialects_6403b08094c17ab1c874b596
120k,7.159325122833252,0.0,0,not_scored_no_time_aligned_reference,3.0,0.48897725343704224,3.8506666666666667,"[""local_high_frequency_burst"", ""sigmos_overall_below_threshold"", ""ecapa_similarity_below_threshold""]",True,2,"[{""start_seconds"": 2.2600000000000002, ""end_seconds"": 2.28}, {""start_seconds"": 2.5100000000000002, ""end_seconds"": 2.5399999999999996}]",27.92209243774414,0.48545822501182556,120k,0.66949462890625,1,False,3.131378650665283,3.486694097518921,3.503276824951172,3.9598400592803955,2.4950945377349854,3.567533016204834,3.0990772247314453,ukr_dialects,whole_original_recording,0.8506666666666667,ukr_dialects_6403b08094c17ab1c874b596
120k,6.7238335609436035,0.0,0,not_scored_no_time_aligned_reference,3.0,0.35225367546081543,3.0,"[""local_high_frequency_burst"", ""sigmos_overall_below_threshold"", ""ecapa_similarity_below_threshold""]",True,2,"[{""start_seconds"": 1.75, ""end_seconds"": 1.82}, {""start_seconds"": 1.9, ""end_seconds"": 1.97}]",33.430580139160156,0.8690708875656128,120k,0.207275390625,0,False,3.003272771835327,3.434251308441162,3.6965646743774414,4.452840328216553,2.90692400932312,3.7096710205078125,3.2340240478515625,ukr_dialects,whole_original_recording,0.0,ukr_dialects_93b487a5c9809179531e12cb
120k,7.253105163574219,0.0,0,not_scored_no_time_aligned_reference,3.0,0.30384325981140137,3.968,"[""local_high_frequency_burst"", ""sigmos_overall_below_threshold"", ""sigmos_coloration_below_threshold"", ""ecapa_similarity_below_threshold""]",True,4,"[{""start_seconds"": 0.78, ""end_seconds"": 0.85}, {""start_seconds"": 0.94, ""end_seconds"": 1.0}, {""start_seconds"": 2.1300000000000003, ""end_seconds"": 2.17}, {""start_seconds"": 2.7300000000000004, ""end_seconds"": 2.78}]",37.8096923828125,0.8790030479431152,120k,0.16497802734375,1,False,2.8642385005950928,3.667391538619995,4.749462127685547,3.8365261554718018,2.803980827331543,4.554995059967041,3.380887031555176,ukr_dialects,whole_original_recording,0.968,ukr_dialects_93b487a5c9809179531e12cb
