duration_seconds,profile,sample_id,sigmos_coloration,sigmos_discontinuity,sigmos_loudness,sigmos_noise,sigmos_overall,sigmos_reverb,sigmos_speech,source_id
2.1373333333333333,normalized_original,bd744dfcb13a4bc3,3.788644313812256,4.3487749099731445,3.6302897930145264,4.010169982910156,2.9200828075408936,3.6918962001800537,3.2758867740631104,common_voice_available_uk
2.1373333333333333,full_cascade,bd744dfcb13a4bc3,3.5306315422058105,4.103207588195801,3.6596615314483643,4.143423080444336,3.102125406265259,3.723923921585083,3.7263989448547363,common_voice_available_uk
2.1373333333333333,normalized_per_item_best,bd744dfcb13a4bc3,3.5306315422058105,4.103207588195801,3.6596615314483643,4.143423080444336,3.102125406265259,3.723923921585083,3.7263989448547363,common_voice_available_uk
3.9013333333333335,normalized_original,3629efade9dc9d0e,3.9530375003814697,3.607919454574585,4.486516952514648,4.215665817260742,3.063638925552368,4.389670372009277,3.5252742767333984,common_voice_available_uk
3.9013333333333335,full_cascade,3629efade9dc9d0e,4.082447052001953,3.9420738220214844,3.6592841148376465,4.365793228149414,3.27665638923645,4.438555717468262,3.901620388031006,common_voice_available_uk
3.9013333333333335,normalized_per_item_best,3629efade9dc9d0e,4.082447052001953,3.9420738220214844,3.6592841148376465,4.365793228149414,3.27665638923645,4.438555717468262,3.901620388031006,common_voice_available_uk
2.1733333333333333,normalized_original,84647c0a102141c6,2.9378409385681152,4.291718482971191,3.50699782371521,4.053657531738281,3.0066885948181152,3.2639503479003906,3.43572998046875,common_voice_available_uk
2.1733333333333333,full_cascade,84647c0a102141c6,3.6630890369415283,3.942765474319458,3.1292412281036377,4.466574192047119,3.223376512527466,4.806469440460205,3.490718126296997,common_voice_available_uk
2.1733333333333333,normalized_per_item_best,84647c0a102141c6,3.6630890369415283,3.942765474319458,3.1292412281036377,4.466574192047119,3.223376512527466,4.806469440460205,3.490718126296997,common_voice_available_uk
4.616,normalized_original,6c03301a3071c15b,4.221928119659424,4.0892720222473145,3.8852782249450684,3.5924232006073,3.3526611328125,4.42266321182251,3.799736976623535,common_voice_available_uk
4.616,full_cascade,6c03301a3071c15b,3.763658285140991,4.759817600250244,4.403313159942627,4.146132469177246,3.6276469230651855,4.880869388580322,4.281220436096191,common_voice_available_uk
4.616,normalized_per_item_best,6c03301a3071c15b,3.763658285140991,4.759817600250244,4.403313159942627,4.146132469177246,3.6276469230651855,4.880869388580322,4.281220436096191,common_voice_available_uk
4.616,normalized_per_item_best_ge3_5,6c03301a3071c15b,3.763658285140991,4.759817600250244,4.403313159942627,4.146132469177246,3.6276469230651855,4.880869388580322,4.281220436096191,common_voice_available_uk
3.1773333333333333,normalized_original,cbfd56eb3da1a4e8,4.114516258239746,3.9177098274230957,4.828461647033691,3.6093249320983887,2.969014883041382,4.23708438873291,3.2165980339050293,common_voice_available_uk
3.1773333333333333,full_cascade,cbfd56eb3da1a4e8,4.3603291511535645,4.467170715332031,4.603662014007568,4.445456504821777,3.7340965270996094,4.749879837036133,4.315073490142822,common_voice_available_uk
3.1773333333333333,normalized_per_item_best,cbfd56eb3da1a4e8,4.3603291511535645,4.467170715332031,4.603662014007568,4.445456504821777,3.7340965270996094,4.749879837036133,4.315073490142822,common_voice_available_uk
3.1773333333333333,normalized_per_item_best_ge3_5,cbfd56eb3da1a4e8,4.3603291511535645,4.467170715332031,4.603662014007568,4.445456504821777,3.7340965270996094,4.749879837036133,4.315073490142822,common_voice_available_uk
5.790666666666667,normalized_original,24ec86e44425eb2e,2.4802894592285156,4.122158050537109,2.924717426300049,2.894043445587158,2.003629446029663,4.238442420959473,2.502025604248047,common_voice_available_uk
5.790666666666667,full_cascade,24ec86e44425eb2e,3.531975507736206,3.6859261989593506,3.7553961277008057,4.112540245056152,3.0525290966033936,3.9842495918273926,3.3984241485595703,common_voice_available_uk
5.790666666666667,normalized_per_item_best,24ec86e44425eb2e,3.531975507736206,3.6859261989593506,3.7553961277008057,4.112540245056152,3.0525290966033936,3.9842495918273926,3.3984241485595703,common_voice_available_uk
4.413333333333333,normalized_original,0135d9e7c341b143,3.6641170978546143,4.249846935272217,3.916292667388916,4.69553279876709,3.5874297618865967,4.652371406555176,3.776022434234619,common_voice_available_uk
4.413333333333333,full_cascade,0135d9e7c341b143,2.92684268951416,4.105497360229492,3.7352585792541504,4.031576156616211,2.9339935779571533,4.327887535095215,3.7688546180725098,common_voice_available_uk
4.413333333333333,normalized_per_item_best,0135d9e7c341b143,3.6641170978546143,4.249846935272217,3.916292667388916,4.69553279876709,3.5874297618865967,4.652371406555176,3.776022434234619,common_voice_available_uk
4.413333333333333,normalized_per_item_best_ge3_5,0135d9e7c341b143,3.6641170978546143,4.249846935272217,3.916292667388916,4.69553279876709,3.5874297618865967,4.652371406555176,3.776022434234619,common_voice_available_uk
5.128,normalized_original,6a5bd47b2ed86885,3.2437641620635986,4.864667892456055,4.459454536437988,4.219399452209473,3.094186544418335,3.9640252590179443,3.6737334728240967,common_voice_available_uk
5.128,full_cascade,6a5bd47b2ed86885,3.2458367347717285,4.357677459716797,4.100188732147217,4.805469512939453,2.977206230163574,4.250890254974365,3.483619213104248,common_voice_available_uk
5.128,normalized_per_item_best,6a5bd47b2ed86885,3.2437641620635986,4.864667892456055,4.459454536437988,4.219399452209473,3.094186544418335,3.9640252590179443,3.6737334728240967,common_voice_available_uk
2.1586666666666665,normalized_original,4ecfb59c39b134fc,2.967241048812866,4.013447284698486,3.3155288696289062,4.057933807373047,3.498164653778076,3.469691276550293,4.069584846496582,common_voice_available_uk
2.1586666666666665,full_cascade,4ecfb59c39b134fc,3.223956823348999,4.100469589233398,3.553288459777832,4.510324478149414,3.5653669834136963,4.531081676483154,4.0638580322265625,common_voice_available_uk
2.1586666666666665,normalized_per_item_best,4ecfb59c39b134fc,3.223956823348999,4.100469589233398,3.553288459777832,4.510324478149414,3.5653669834136963,4.531081676483154,4.0638580322265625,common_voice_available_uk
2.1586666666666665,normalized_per_item_best_ge3_5,4ecfb59c39b134fc,3.223956823348999,4.100469589233398,3.553288459777832,4.510324478149414,3.5653669834136963,4.531081676483154,4.0638580322265625,common_voice_available_uk
3.7053333333333334,normalized_original,5133ff96c7655a6a,2.2254185676574707,3.4535038471221924,3.8109304904937744,3.2739343643188477,2.475951671600342,4.469272613525391,3.098062515258789,common_voice_available_uk
3.7053333333333334,full_cascade,5133ff96c7655a6a,2.3127341270446777,3.5597689151763916,3.695345640182495,4.035045623779297,2.7050957679748535,3.929516077041626,3.0359458923339844,common_voice_available_uk
3.7053333333333334,normalized_per_item_best,5133ff96c7655a6a,2.3127341270446777,3.5597689151763916,3.695345640182495,4.035045623779297,2.7050957679748535,3.929516077041626,3.0359458923339844,common_voice_available_uk
2.8026666666666666,normalized_original,8533ec104c4a8f77,3.7579407691955566,4.0840582847595215,4.37308406829834,3.9486782550811768,3.018712043762207,3.2272136211395264,3.2270586490631104,common_voice_available_uk
2.8026666666666666,full_cascade,8533ec104c4a8f77,3.7104928493499756,4.467730522155762,3.945945978164673,4.465195655822754,3.7495031356811523,4.463735103607178,4.138286590576172,common_voice_available_uk
2.8026666666666666,normalized_per_item_best,8533ec104c4a8f77,3.7104928493499756,4.467730522155762,3.945945978164673,4.465195655822754,3.7495031356811523,4.463735103607178,4.138286590576172,common_voice_available_uk
2.8026666666666666,normalized_per_item_best_ge3_5,8533ec104c4a8f77,3.7104928493499756,4.467730522155762,3.945945978164673,4.465195655822754,3.7495031356811523,4.463735103607178,4.138286590576172,common_voice_available_uk
5.928,normalized_original,5d364a6c2903e148,3.6482772827148438,3.9356729984283447,3.8972554206848145,3.801136016845703,3.069671154022217,4.778952598571777,3.462674856185913,common_voice_available_uk
5.928,full_cascade,5d364a6c2903e148,3.6356990337371826,3.985637903213501,3.813971519470215,4.590108394622803,3.310652017593384,4.822203636169434,3.9718246459960938,common_voice_available_uk
5.928,normalized_per_item_best,5d364a6c2903e148,3.6356990337371826,3.985637903213501,3.813971519470215,4.590108394622803,3.310652017593384,4.822203636169434,3.9718246459960938,common_voice_available_uk
3.2786666666666666,normalized_original,38fd6a3a807cdb79,2.784660816192627,3.807464599609375,3.842445135116577,3.1179916858673096,2.6483709812164307,4.576986312866211,3.1105797290802,common_voice_available_uk
3.2786666666666666,full_cascade,38fd6a3a807cdb79,3.1237006187438965,3.806504011154175,3.5705223083496094,4.011186599731445,3.1952033042907715,4.2931742668151855,3.6661300659179688,common_voice_available_uk
3.2786666666666666,normalized_per_item_best,38fd6a3a807cdb79,3.1237006187438965,3.806504011154175,3.5705223083496094,4.011186599731445,3.1952033042907715,4.2931742668151855,3.6661300659179688,common_voice_available_uk
4.1146666666666665,normalized_original,ca34ec7922ab8b2d,4.051945686340332,4.241518974304199,4.311086654663086,3.3392956256866455,2.643728256225586,3.8397552967071533,3.2002668380737305,common_voice_available_uk
4.1146666666666665,full_cascade,ca34ec7922ab8b2d,3.3575406074523926,3.9507975578308105,3.5984089374542236,4.574861526489258,2.794985771179199,4.111770153045654,3.4015984535217285,common_voice_available_uk
4.1146666666666665,normalized_per_item_best,ca34ec7922ab8b2d,3.3575406074523926,3.9507975578308105,3.5984089374542236,4.574861526489258,2.794985771179199,4.111770153045654,3.4015984535217285,common_voice_available_uk
5.522666666666667,normalized_original,ab0e038430cc081c,3.678349018096924,4.023075103759766,3.708977222442627,4.303884983062744,3.4300689697265625,4.674322128295898,3.6402456760406494,common_voice_available_uk
5.522666666666667,full_cascade,ab0e038430cc081c,3.4363765716552734,3.7090446949005127,3.7669837474823,4.525794982910156,2.9228858947753906,4.649079322814941,3.686751365661621,common_voice_available_uk
5.522666666666667,normalized_per_item_best,ab0e038430cc081c,3.678349018096924,4.023075103759766,3.708977222442627,4.303884983062744,3.4300689697265625,4.674322128295898,3.6402456760406494,common_voice_available_uk
5.604,normalized_original,ff90f1ed5503526e,3.178189754486084,4.789504051208496,4.787729263305664,4.5435590744018555,3.6554417610168457,4.579919815063477,4.094572067260742,common_voice_available_uk
5.604,full_cascade,ff90f1ed5503526e,3.6409878730773926,4.253878593444824,4.45444393157959,4.191082000732422,3.2916147708892822,4.480792999267578,4.081967353820801,common_voice_available_uk
5.604,normalized_per_item_best,ff90f1ed5503526e,3.178189754486084,4.789504051208496,4.787729263305664,4.5435590744018555,3.6554417610168457,4.579919815063477,4.094572067260742,common_voice_available_uk
5.604,normalized_per_item_best_ge3_5,ff90f1ed5503526e,3.178189754486084,4.789504051208496,4.787729263305664,4.5435590744018555,3.6554417610168457,4.579919815063477,4.094572067260742,common_voice_available_uk
6.990666666666667,normalized_original,7473140318a74b25,3.4089858531951904,3.3443620204925537,4.213173866271973,3.5664892196655273,2.8466756343841553,4.527288436889648,3.2328460216522217,common_voice_available_uk
6.990666666666667,full_cascade,7473140318a74b25,3.005693197250366,3.8753859996795654,4.161152362823486,4.75104284286499,2.8278963565826416,4.3979034423828125,3.301168203353882,common_voice_available_uk
6.990666666666667,normalized_per_item_best,7473140318a74b25,3.4089858531951904,3.3443620204925537,4.213173866271973,3.5664892196655273,2.8466756343841553,4.527288436889648,3.2328460216522217,common_voice_available_uk
2.5573333333333332,normalized_original,41d4e2df38c4b189,3.0077013969421387,3.525146245956421,3.843641757965088,4.257676124572754,2.768275022506714,4.44023323059082,3.426182985305786,common_voice_available_uk
2.5573333333333332,full_cascade,41d4e2df38c4b189,2.7448770999908447,4.0979509353637695,3.4011058807373047,4.698975563049316,2.88665509223938,4.36029577255249,3.5878443717956543,common_voice_available_uk
2.5573333333333332,normalized_per_item_best,41d4e2df38c4b189,2.7448770999908447,4.0979509353637695,3.4011058807373047,4.698975563049316,2.88665509223938,4.36029577255249,3.5878443717956543,common_voice_available_uk
2.481333333333333,normalized_original,c3f9be4f84d2b726,2.9789180755615234,3.5008766651153564,3.5812392234802246,3.2804031372070312,2.939603567123413,3.469496488571167,3.335325241088867,common_voice_available_uk
2.481333333333333,full_cascade,c3f9be4f84d2b726,3.5508880615234375,3.7273759841918945,3.836775779724121,3.927259922027588,3.296506643295288,3.9264256954193115,3.4030628204345703,common_voice_available_uk
2.481333333333333,normalized_per_item_best,c3f9be4f84d2b726,3.5508880615234375,3.7273759841918945,3.836775779724121,3.927259922027588,3.296506643295288,3.9264256954193115,3.4030628204345703,common_voice_available_uk
3.336,normalized_original,b09fe4f7cea768ec,4.2919416427612305,3.819197177886963,3.416320323944092,4.25413703918457,2.9272754192352295,3.4960641860961914,3.4626283645629883,common_voice_available_uk
3.336,full_cascade,b09fe4f7cea768ec,3.7934491634368896,4.036120414733887,3.61000657081604,4.704814910888672,3.2858173847198486,4.35707950592041,3.937563180923462,common_voice_available_uk
3.336,normalized_per_item_best,b09fe4f7cea768ec,3.7934491634368896,4.036120414733887,3.61000657081604,4.704814910888672,3.2858173847198486,4.35707950592041,3.937563180923462,common_voice_available_uk
3.976,normalized_original,eb9c7a9c0d8f73a4,3.7101712226867676,4.788574695587158,2.6490848064422607,4.320882797241211,2.595951795578003,4.184465408325195,2.655791997909546,common_voice_available_uk
3.976,full_cascade,eb9c7a9c0d8f73a4,3.3521783351898193,3.9063782691955566,3.4774019718170166,4.337255477905273,2.5971899032592773,3.608617067337036,3.489281415939331,common_voice_available_uk
3.976,normalized_per_item_best,eb9c7a9c0d8f73a4,3.3521783351898193,3.9063782691955566,3.4774019718170166,4.337255477905273,2.5971899032592773,3.608617067337036,3.489281415939331,common_voice_available_uk
2.7173333333333334,normalized_original,1301ea43d77db291,3.4421586990356445,4.487724304199219,4.037771224975586,4.290787696838379,2.9068970680236816,3.3686423301696777,3.4260613918304443,common_voice_available_uk
2.7173333333333334,full_cascade,1301ea43d77db291,2.961354970932007,4.494768142700195,3.9264752864837646,4.084461212158203,3.0173637866973877,4.109952926635742,3.940906286239624,common_voice_available_uk
2.7173333333333334,normalized_per_item_best,1301ea43d77db291,2.961354970932007,4.494768142700195,3.9264752864837646,4.084461212158203,3.0173637866973877,4.109952926635742,3.940906286239624,common_voice_available_uk
8.008,normalized_original,64d83204af96c39b,3.722723960876465,3.7534842491149902,4.065117835998535,4.221270561218262,3.4877371788024902,4.549884796142578,3.900428533554077,common_voice_available_uk
8.008,full_cascade,64d83204af96c39b,3.7563493251800537,3.7699389457702637,3.708847761154175,4.080591201782227,3.4293065071105957,4.230063438415527,3.860321044921875,common_voice_available_uk
8.008,normalized_per_item_best,64d83204af96c39b,3.722723960876465,3.7534842491149902,4.065117835998535,4.221270561218262,3.4877371788024902,4.549884796142578,3.900428533554077,common_voice_available_uk
2.74,normalized_original,9674a4979706a3df,2.813455104827881,3.887272357940674,3.1796536445617676,3.148327350616455,2.9655041694641113,3.275438070297241,3.106623411178589,common_voice_available_uk
2.74,full_cascade,9674a4979706a3df,2.9959793090820312,4.07124137878418,3.6855196952819824,4.275904178619385,2.822066068649292,4.5334343910217285,3.2540414333343506,common_voice_available_uk
2.74,normalized_per_item_best,9674a4979706a3df,2.813455104827881,3.887272357940674,3.1796536445617676,3.148327350616455,2.9655041694641113,3.275438070297241,3.106623411178589,common_voice_available_uk
3.1546666666666665,normalized_original,bf550da08426634d,3.5504350662231445,3.894770383834839,4.062949180603027,3.8208324909210205,2.973775625228882,4.529021263122559,3.791222333908081,common_voice_available_uk
3.1546666666666665,full_cascade,bf550da08426634d,3.7172646522521973,3.7218570709228516,4.481252193450928,4.335248947143555,3.318108558654785,4.118600845336914,3.7947421073913574,common_voice_available_uk
3.1546666666666665,normalized_per_item_best,bf550da08426634d,3.7172646522521973,3.7218570709228516,4.481252193450928,4.335248947143555,3.318108558654785,4.118600845336914,3.7947421073913574,common_voice_available_uk
3.528,normalized_original,578ab3ffd0615d7f,3.24275803565979,4.304265022277832,3.7399277687072754,3.0565316677093506,2.5537240505218506,3.6297082901000977,3.1439061164855957,common_voice_available_uk
3.528,full_cascade,578ab3ffd0615d7f,3.9500250816345215,3.7468717098236084,3.8372159004211426,4.0694732666015625,2.8412106037139893,4.665748596191406,3.273651599884033,common_voice_available_uk
3.528,normalized_per_item_best,578ab3ffd0615d7f,3.9500250816345215,3.7468717098236084,3.8372159004211426,4.0694732666015625,2.8412106037139893,4.665748596191406,3.273651599884033,common_voice_available_uk
2.493333333333333,normalized_original,3c96bcbce614c65c,2.339698076248169,3.2548141479492188,3.7183523178100586,3.1016972064971924,2.590960741043091,3.5051894187927246,3.191922187805176,common_voice_available_uk
2.493333333333333,full_cascade,3c96bcbce614c65c,3.082237720489502,3.0396387577056885,3.64982533454895,3.8350534439086914,2.7699835300445557,4.599767684936523,3.255927562713623,common_voice_available_uk
2.493333333333333,normalized_per_item_best,3c96bcbce614c65c,3.082237720489502,3.0396387577056885,3.64982533454895,3.8350534439086914,2.7699835300445557,4.599767684936523,3.255927562713623,common_voice_available_uk
2.38,normalized_original,0fe8215e64d6622c,3.1726973056793213,4.5965895652771,3.552860975265503,3.345176935195923,3.0587422847747803,3.884993076324463,3.2618370056152344,common_voice_available_uk
2.38,full_cascade,0fe8215e64d6622c,3.548687696456909,4.263481140136719,3.9301764965057373,4.438992500305176,2.7190985679626465,4.826552391052246,3.22414493560791,common_voice_available_uk
2.38,normalized_per_item_best,0fe8215e64d6622c,3.1726973056793213,4.5965895652771,3.552860975265503,3.345176935195923,3.0587422847747803,3.884993076324463,3.2618370056152344,common_voice_available_uk
2.24,normalized_original,cf94736feb4a459c,2.812696695327759,3.797823190689087,2.9866607189178467,3.032175302505493,2.9174020290374756,3.5341005325317383,3.2073593139648438,common_voice_available_uk
2.24,full_cascade,cf94736feb4a459c,3.6221225261688232,3.7787387371063232,3.3382272720336914,4.352502822875977,3.2364625930786133,4.226166725158691,3.767207622528076,common_voice_available_uk
2.24,normalized_per_item_best,cf94736feb4a459c,3.6221225261688232,3.7787387371063232,3.3382272720336914,4.352502822875977,3.2364625930786133,4.226166725158691,3.767207622528076,common_voice_available_uk
3.688,normalized_original,1f1d91b9f7e3fe0a,2.8095686435699463,4.147492408752441,4.059864521026611,3.846182346343994,2.8290011882781982,3.764892339706421,3.4590163230895996,common_voice_available_uk
3.688,full_cascade,1f1d91b9f7e3fe0a,3.2262258529663086,3.688244581222534,3.701488971710205,3.9739744663238525,2.8479559421539307,3.6798903942108154,3.322798252105713,common_voice_available_uk
3.688,normalized_per_item_best,1f1d91b9f7e3fe0a,3.2262258529663086,3.688244581222534,3.701488971710205,3.9739744663238525,2.8479559421539307,3.6798903942108154,3.322798252105713,common_voice_available_uk
5.544,normalized_original,982c1557c707c37b,3.005472421646118,4.453804016113281,3.5747950077056885,3.790302038192749,2.3682966232299805,2.62227201461792,2.7387497425079346,common_voice_available_uk
5.544,full_cascade,982c1557c707c37b,3.643134593963623,4.335956573486328,3.1947152614593506,4.374792098999023,3.3276922702789307,4.666812896728516,4.000548839569092,common_voice_available_uk
5.544,normalized_per_item_best,982c1557c707c37b,3.643134593963623,4.335956573486328,3.1947152614593506,4.374792098999023,3.3276922702789307,4.666812896728516,4.000548839569092,common_voice_available_uk
4.221333333333333,normalized_original,3c57bf263f27ea98,3.1409075260162354,3.2253594398498535,3.4415342807769775,3.9999594688415527,2.7162680625915527,3.991769552230835,3.0708248615264893,common_voice_available_uk
4.221333333333333,full_cascade,3c57bf263f27ea98,3.141977071762085,3.3364603519439697,3.492584705352783,4.302738189697266,2.901360511779785,4.254219055175781,3.1638853549957275,common_voice_available_uk
4.221333333333333,normalized_per_item_best,3c57bf263f27ea98,3.141977071762085,3.3364603519439697,3.492584705352783,4.302738189697266,2.901360511779785,4.254219055175781,3.1638853549957275,common_voice_available_uk
5.405333333333333,normalized_original,223134094e8e5ab0,3.077333688735962,4.508086204528809,4.337691307067871,4.594107627868652,2.9232940673828125,4.001616477966309,3.345416784286499,common_voice_available_uk
5.405333333333333,full_cascade,223134094e8e5ab0,3.796560525894165,4.677563667297363,4.445677757263184,4.699260234832764,3.4236350059509277,4.853776931762695,3.6993134021759033,common_voice_available_uk
5.405333333333333,normalized_per_item_best,223134094e8e5ab0,3.796560525894165,4.677563667297363,4.445677757263184,4.699260234832764,3.4236350059509277,4.853776931762695,3.6993134021759033,common_voice_available_uk
5.512,normalized_original,52add74227b0d21d,3.291229009628296,3.8619799613952637,4.266648292541504,4.608433246612549,3.0954549312591553,4.685483455657959,3.306914806365967,common_voice_available_uk
5.512,full_cascade,52add74227b0d21d,3.4960947036743164,4.228939056396484,4.087082862854004,4.776180744171143,3.235719680786133,4.951620101928711,3.42685866355896,common_voice_available_uk
5.512,normalized_per_item_best,52add74227b0d21d,3.4960947036743164,4.228939056396484,4.087082862854004,4.776180744171143,3.235719680786133,4.951620101928711,3.42685866355896,common_voice_available_uk
5.597333333333333,normalized_original,94a9ab653ca83902,3.753223419189453,4.006287574768066,4.415803909301758,4.069866180419922,3.3312296867370605,3.806553602218628,3.607224941253662,common_voice_available_uk
5.597333333333333,full_cascade,94a9ab653ca83902,3.3844187259674072,4.367304801940918,4.908869743347168,4.491367816925049,3.7127912044525146,4.818913459777832,4.166619300842285,common_voice_available_uk
5.597333333333333,normalized_per_item_best,94a9ab653ca83902,3.3844187259674072,4.367304801940918,4.908869743347168,4.491367816925049,3.7127912044525146,4.818913459777832,4.166619300842285,common_voice_available_uk
5.597333333333333,normalized_per_item_best_ge3_5,94a9ab653ca83902,3.3844187259674072,4.367304801940918,4.908869743347168,4.491367816925049,3.7127912044525146,4.818913459777832,4.166619300842285,common_voice_available_uk
2.7,normalized_original,fc6ff47c2e709833,1.729236125946045,4.53889274597168,2.9944019317626953,2.809335947036743,2.260241985321045,3.510650396347046,2.5990188121795654,common_voice_available_uk
2.7,full_cascade,fc6ff47c2e709833,3.2178964614868164,3.813230514526367,4.034378528594971,4.793720245361328,2.862722873687744,4.671529769897461,3.5236308574676514,common_voice_available_uk
2.7,normalized_per_item_best,fc6ff47c2e709833,3.2178964614868164,3.813230514526367,4.034378528594971,4.793720245361328,2.862722873687744,4.671529769897461,3.5236308574676514,common_voice_available_uk
3.1653333333333333,normalized_original,347243982690b318,2.7650065422058105,4.518177032470703,3.797699451446533,4.3713059425354,2.583728790283203,2.5044097900390625,2.778346061706543,common_voice_available_uk
3.1653333333333333,full_cascade,347243982690b318,3.20483660697937,3.762620210647583,3.7995433807373047,4.177431106567383,3.0640323162078857,3.811640977859497,3.412919044494629,common_voice_available_uk
3.1653333333333333,normalized_per_item_best,347243982690b318,3.20483660697937,3.762620210647583,3.7995433807373047,4.177431106567383,3.0640323162078857,3.811640977859497,3.412919044494629,common_voice_available_uk
6.045333333333334,normalized_original,d8e32e33e5c1df29,3.7927587032318115,4.044803142547607,3.5122110843658447,4.074111461639404,2.821112632751465,3.015617609024048,3.1193549633026123,common_voice_available_uk
6.045333333333334,full_cascade,d8e32e33e5c1df29,3.330021858215332,3.5873515605926514,3.5206737518310547,4.285483360290527,2.7730748653411865,4.503565788269043,3.2779250144958496,common_voice_available_uk
6.045333333333334,normalized_per_item_best,d8e32e33e5c1df29,3.7927587032318115,4.044803142547607,3.5122110843658447,4.074111461639404,2.821112632751465,3.015617609024048,3.1193549633026123,common_voice_available_uk
6.205333333333333,normalized_original,a6c984dd79145032,2.051793098449707,4.926359176635742,3.814483165740967,3.8370249271392822,2.378180503845215,3.0584421157836914,3.161273717880249,common_voice_available_uk
6.205333333333333,full_cascade,a6c984dd79145032,2.521779775619507,3.740159034729004,3.4327774047851562,4.020970344543457,2.683485269546509,4.1828765869140625,3.2509970664978027,common_voice_available_uk
6.205333333333333,normalized_per_item_best,a6c984dd79145032,2.521779775619507,3.740159034729004,3.4327774047851562,4.020970344543457,2.683485269546509,4.1828765869140625,3.2509970664978027,common_voice_available_uk
5.3,normalized_original,7670a5b617e193e2,3.6747591495513916,3.6493279933929443,3.5992722511291504,3.66463565826416,3.5092873573303223,4.234210014343262,3.668156385421753,common_voice_available_uk
5.3,full_cascade,7670a5b617e193e2,4.010934829711914,4.290882587432861,3.600602626800537,4.190058708190918,3.6245837211608887,4.834599494934082,4.00277042388916,common_voice_available_uk
5.3,normalized_per_item_best,7670a5b617e193e2,4.010934829711914,4.290882587432861,3.600602626800537,4.190058708190918,3.6245837211608887,4.834599494934082,4.00277042388916,common_voice_available_uk
5.3,normalized_per_item_best_ge3_5,7670a5b617e193e2,4.010934829711914,4.290882587432861,3.600602626800537,4.190058708190918,3.6245837211608887,4.834599494934082,4.00277042388916,common_voice_available_uk
3.3533333333333335,normalized_original,5079e636f7eeb344,3.4196503162384033,3.2171409130096436,3.474567174911499,3.5374929904937744,2.46445631980896,3.83335542678833,2.728151559829712,common_voice_available_uk
3.3533333333333335,full_cascade,5079e636f7eeb344,2.92046856880188,4.085982322692871,3.4870076179504395,4.804017543792725,3.1913199424743652,4.504086494445801,3.6882402896881104,common_voice_available_uk
3.3533333333333335,normalized_per_item_best,5079e636f7eeb344,2.92046856880188,4.085982322692871,3.4870076179504395,4.804017543792725,3.1913199424743652,4.504086494445801,3.6882402896881104,common_voice_available_uk
5.501333333333333,normalized_original,b48e8f5f23dbf821,4.1298980712890625,3.751859426498413,3.4972610473632812,3.8443639278411865,2.602678060531616,3.50836443901062,2.917205810546875,common_voice_available_uk
5.501333333333333,full_cascade,b48e8f5f23dbf821,3.8125813007354736,4.063027381896973,3.0176022052764893,4.533561706542969,3.232203960418701,4.481350898742676,3.903010368347168,common_voice_available_uk
5.501333333333333,normalized_per_item_best,b48e8f5f23dbf821,3.8125813007354736,4.063027381896973,3.0176022052764893,4.533561706542969,3.232203960418701,4.481350898742676,3.903010368347168,common_voice_available_uk
3.1013333333333333,normalized_original,49b0c44ecf616df0,2.1216561794281006,3.9921958446502686,3.8043811321258545,2.693944215774536,1.814591646194458,2.404536008834839,2.362457275390625,common_voice_available_uk
3.1013333333333333,full_cascade,49b0c44ecf616df0,3.4687042236328125,4.103279113769531,3.7823171615600586,4.708029747009277,3.199737548828125,3.5902583599090576,3.554645299911499,common_voice_available_uk
3.1013333333333333,normalized_per_item_best,49b0c44ecf616df0,3.4687042236328125,4.103279113769531,3.7823171615600586,4.708029747009277,3.199737548828125,3.5902583599090576,3.554645299911499,common_voice_available_uk
4.594666666666667,normalized_original,2543d525814a0e4d,4.343435287475586,4.529918670654297,4.543072700500488,4.236494064331055,3.9693541526794434,4.7238874435424805,4.496982574462891,common_voice_available_uk
4.594666666666667,full_cascade,2543d525814a0e4d,3.706286668777466,3.9697885513305664,3.670323133468628,4.5270891189575195,3.4385948181152344,4.809229373931885,3.9755101203918457,common_voice_available_uk
4.594666666666667,normalized_per_item_best,2543d525814a0e4d,4.343435287475586,4.529918670654297,4.543072700500488,4.236494064331055,3.9693541526794434,4.7238874435424805,4.496982574462891,common_voice_available_uk
4.594666666666667,normalized_per_item_best_ge3_5,2543d525814a0e4d,4.343435287475586,4.529918670654297,4.543072700500488,4.236494064331055,3.9693541526794434,4.7238874435424805,4.496982574462891,common_voice_available_uk
3.56,normalized_original,459224798aad52a0,2.7495956420898438,3.907261848449707,3.455359697341919,2.965949773788452,2.401007890701294,3.520637273788452,2.8295483589172363,common_voice_available_uk
3.56,full_cascade,459224798aad52a0,3.701289653778076,4.200732707977295,3.878298044204712,4.718590259552002,3.2343854904174805,4.711853504180908,3.790739059448242,common_voice_available_uk
3.56,normalized_per_item_best,459224798aad52a0,3.701289653778076,4.200732707977295,3.878298044204712,4.718590259552002,3.2343854904174805,4.711853504180908,3.790739059448242,common_voice_available_uk
3.28,normalized_original,1f390e8837ce18f9,2.6886844635009766,3.518296957015991,3.383673667907715,2.5484983921051025,2.3745615482330322,3.1575570106506348,2.5754334926605225,common_voice_available_uk
3.28,full_cascade,1f390e8837ce18f9,2.8546342849731445,3.8751041889190674,3.409466505050659,4.365816593170166,2.819359064102173,4.751282691955566,3.2181880474090576,common_voice_available_uk
3.28,normalized_per_item_best,1f390e8837ce18f9,2.8546342849731445,3.8751041889190674,3.409466505050659,4.365816593170166,2.819359064102173,4.751282691955566,3.2181880474090576,common_voice_available_uk
4.466666666666667,normalized_original,183485db68701b82,3.0663962364196777,3.765272378921509,3.3311922550201416,2.480748414993286,2.4831533432006836,3.446477174758911,3.4241151809692383,common_voice_available_uk
4.466666666666667,full_cascade,183485db68701b82,3.5691049098968506,4.141373157501221,3.694336175918579,4.0507354736328125,3.141803741455078,4.372611045837402,4.153968811035156,common_voice_available_uk
4.466666666666667,normalized_per_item_best,183485db68701b82,3.5691049098968506,4.141373157501221,3.694336175918579,4.0507354736328125,3.141803741455078,4.372611045837402,4.153968811035156,common_voice_available_uk
3.368,normalized_original,f83a422bcce4495a,2.6952781677246094,4.327687740325928,4.10600471496582,3.9337477684020996,2.79671573638916,3.958040952682495,3.360999822616577,common_voice_available_uk
3.368,full_cascade,f83a422bcce4495a,3.43304705619812,4.222259521484375,3.7230913639068604,4.533404350280762,3.3460466861724854,3.993732213973999,3.775585174560547,common_voice_available_uk
3.368,normalized_per_item_best,f83a422bcce4495a,3.43304705619812,4.222259521484375,3.7230913639068604,4.533404350280762,3.3460466861724854,3.993732213973999,3.775585174560547,common_voice_available_uk
4.72,normalized_original,698677149661b1af,2.5810720920562744,4.186402320861816,3.2410545349121094,2.5813558101654053,2.0038232803344727,3.4050936698913574,2.1613352298736572,common_voice_available_uk
4.72,full_cascade,698677149661b1af,2.9906773567199707,4.389491081237793,3.7979700565338135,4.17142915725708,3.1128153800964355,4.55449914932251,3.6934595108032227,common_voice_available_uk
4.72,normalized_per_item_best,698677149661b1af,2.9906773567199707,4.389491081237793,3.7979700565338135,4.17142915725708,3.1128153800964355,4.55449914932251,3.6934595108032227,common_voice_available_uk
4.838666666666667,normalized_original,a216b947907cd6e3,3.2351534366607666,4.285588264465332,3.3317677974700928,4.453518867492676,2.864556074142456,4.46568489074707,3.198077917098999,common_voice_available_uk
4.838666666666667,full_cascade,a216b947907cd6e3,3.398496150970459,3.656528949737549,3.664461612701416,4.431766510009766,2.9951999187469482,3.9998583793640137,3.280158281326294,common_voice_available_uk
4.838666666666667,normalized_per_item_best,a216b947907cd6e3,3.398496150970459,3.656528949737549,3.664461612701416,4.431766510009766,2.9951999187469482,3.9998583793640137,3.280158281326294,common_voice_available_uk
5.48,normalized_original,1958758f315c6fed,1.8994743824005127,3.7664670944213867,3.321265697479248,2.1966328620910645,1.829188346862793,3.707855701446533,2.4911460876464844,common_voice_available_uk
5.48,full_cascade,1958758f315c6fed,3.0479650497436523,4.332009792327881,4.613083839416504,4.685230255126953,3.2104685306549072,4.59097146987915,3.7843313217163086,common_voice_available_uk
5.48,normalized_per_item_best,1958758f315c6fed,3.0479650497436523,4.332009792327881,4.613083839416504,4.685230255126953,3.2104685306549072,4.59097146987915,3.7843313217163086,common_voice_available_uk
2.8026666666666666,normalized_original,fbb09073bf2bc113,3.265563726425171,4.47468900680542,3.3737599849700928,3.6573071479797363,3.2003655433654785,4.217792510986328,3.7174196243286133,common_voice_available_uk
2.8026666666666666,full_cascade,fbb09073bf2bc113,3.3979451656341553,3.9882216453552246,4.361860275268555,3.9971489906311035,3.2113990783691406,4.417016983032227,3.708003044128418,common_voice_available_uk
2.8026666666666666,normalized_per_item_best,fbb09073bf2bc113,3.3979451656341553,3.9882216453552246,4.361860275268555,3.9971489906311035,3.2113990783691406,4.417016983032227,3.708003044128418,common_voice_available_uk
3.517333333333333,normalized_original,8642f3af30e2913b,3.137164354324341,4.100624084472656,3.12735652923584,3.815443992614746,2.753643274307251,3.3660547733306885,3.2581405639648438,common_voice_available_uk
3.517333333333333,full_cascade,8642f3af30e2913b,3.0086586475372314,4.209136486053467,4.129539966583252,4.008948802947998,3.0658109188079834,4.038618564605713,3.719085216522217,common_voice_available_uk
3.517333333333333,normalized_per_item_best,8642f3af30e2913b,3.0086586475372314,4.209136486053467,4.129539966583252,4.008948802947998,3.0658109188079834,4.038618564605713,3.719085216522217,common_voice_available_uk
2.28,normalized_original,e140008b97e6c254,3.3467559814453125,3.989715576171875,4.246430397033691,4.410373687744141,2.943429946899414,4.060949325561523,3.0739521980285645,common_voice_available_uk
2.28,full_cascade,e140008b97e6c254,3.6060354709625244,3.8185958862304688,3.126302480697632,4.848849296569824,2.8157575130462646,4.462475776672363,3.3848257064819336,common_voice_available_uk
2.28,normalized_per_item_best,e140008b97e6c254,3.3467559814453125,3.989715576171875,4.246430397033691,4.410373687744141,2.943429946899414,4.060949325561523,3.0739521980285645,common_voice_available_uk
2.4146666666666667,normalized_original,7e7f6a0e8e4dcbb7,2.4977996349334717,4.427280426025391,3.656689167022705,4.587529182434082,3.024768590927124,4.149397850036621,3.2583489418029785,common_voice_available_uk
2.4146666666666667,full_cascade,7e7f6a0e8e4dcbb7,3.399710178375244,4.424807071685791,4.046159267425537,4.375456809997559,3.0309112071990967,3.8118245601654053,3.2912065982818604,common_voice_available_uk
2.4146666666666667,normalized_per_item_best,7e7f6a0e8e4dcbb7,3.399710178375244,4.424807071685791,4.046159267425537,4.375456809997559,3.0309112071990967,3.8118245601654053,3.2912065982818604,common_voice_available_uk
4.402666666666667,normalized_original,3e1b6ee9cf5311cb,3.878493070602417,4.669689655303955,3.3365797996520996,3.911208391189575,3.2480812072753906,3.5337610244750977,4.433767318725586,common_voice_available_uk
4.402666666666667,full_cascade,3e1b6ee9cf5311cb,3.3227789402008057,4.240668296813965,3.404913902282715,4.040369033813477,3.0677125453948975,4.422296524047852,3.8738210201263428,common_voice_available_uk
4.402666666666667,normalized_per_item_best,3e1b6ee9cf5311cb,3.878493070602417,4.669689655303955,3.3365797996520996,3.911208391189575,3.2480812072753906,3.5337610244750977,4.433767318725586,common_voice_available_uk
2.2906666666666666,normalized_original,d6416741c85c4c37,2.4604763984680176,4.002516746520996,3.148409366607666,4.304404258728027,2.6776907444000244,3.2915596961975098,3.0445785522460938,common_voice_available_uk
2.2906666666666666,full_cascade,d6416741c85c4c37,3.915590286254883,4.105747222900391,3.8984897136688232,4.451896667480469,3.607943296432495,4.51288366317749,3.8556203842163086,common_voice_available_uk
2.2906666666666666,normalized_per_item_best,d6416741c85c4c37,3.915590286254883,4.105747222900391,3.8984897136688232,4.451896667480469,3.607943296432495,4.51288366317749,3.8556203842163086,common_voice_available_uk
2.2906666666666666,normalized_per_item_best_ge3_5,d6416741c85c4c37,3.915590286254883,4.105747222900391,3.8984897136688232,4.451896667480469,3.607943296432495,4.51288366317749,3.8556203842163086,common_voice_available_uk
2.3973333333333335,normalized_original,2604105ea068dbc6,3.872612237930298,3.3535783290863037,3.6622414588928223,4.169667720794678,3.0759127140045166,4.566422462463379,3.325838327407837,common_voice_available_uk
2.3973333333333335,full_cascade,2604105ea068dbc6,3.2235052585601807,3.4699699878692627,4.210423469543457,4.266571521759033,2.8813042640686035,4.637704849243164,3.354215621948242,common_voice_available_uk
2.3973333333333335,normalized_per_item_best,2604105ea068dbc6,3.872612237930298,3.3535783290863037,3.6622414588928223,4.169667720794678,3.0759127140045166,4.566422462463379,3.325838327407837,common_voice_available_uk
3.6,normalized_original,936349caad0d2f31,3.6061952114105225,4.511610984802246,4.037487983703613,3.601590156555176,3.2609550952911377,4.679195404052734,3.5268714427948,common_voice_available_uk
3.6,full_cascade,936349caad0d2f31,3.849752902984619,3.4617271423339844,3.674982786178589,4.5377655029296875,3.0699522495269775,4.7081732749938965,3.460221290588379,common_voice_available_uk
3.6,normalized_per_item_best,936349caad0d2f31,3.6061952114105225,4.511610984802246,4.037487983703613,3.601590156555176,3.2609550952911377,4.679195404052734,3.5268714427948,common_voice_available_uk
2.14,normalized_original,c5ba9a29d9559e4e,3.4731059074401855,4.126193046569824,3.3288075923919678,3.0236403942108154,2.535433769226074,2.817239761352539,3.1994447708129883,common_voice_available_uk
2.14,full_cascade,c5ba9a29d9559e4e,3.3096837997436523,3.8226571083068848,3.1925764083862305,4.231223106384277,2.6791234016418457,3.9904844760894775,3.408306837081909,common_voice_available_uk
2.14,normalized_per_item_best,c5ba9a29d9559e4e,3.3096837997436523,3.8226571083068848,3.1925764083862305,4.231223106384277,2.6791234016418457,3.9904844760894775,3.408306837081909,common_voice_available_uk
4.4,normalized_original,92cf71770b640932,2.3357911109924316,4.0388569831848145,2.9851198196411133,2.322761297225952,1.9301302433013916,3.6360366344451904,2.482489585876465,common_voice_available_uk
4.4,full_cascade,92cf71770b640932,3.297070264816284,4.12792444229126,4.018359661102295,4.197074890136719,3.2914276123046875,4.1941328048706055,4.092023849487305,common_voice_available_uk
4.4,normalized_per_item_best,92cf71770b640932,3.297070264816284,4.12792444229126,4.018359661102295,4.197074890136719,3.2914276123046875,4.1941328048706055,4.092023849487305,common_voice_available_uk
2.3546666666666667,normalized_original,ee243b80f8d270bc,3.1833715438842773,3.7644262313842773,2.961111545562744,3.622406005859375,2.447678804397583,3.1294503211975098,2.8377342224121094,common_voice_available_uk
2.3546666666666667,full_cascade,ee243b80f8d270bc,3.260620355606079,3.7909533977508545,3.4772708415985107,3.8678510189056396,2.8865764141082764,4.686096668243408,3.0512025356292725,common_voice_available_uk
2.3546666666666667,normalized_per_item_best,ee243b80f8d270bc,3.260620355606079,3.7909533977508545,3.4772708415985107,3.8678510189056396,2.8865764141082764,4.686096668243408,3.0512025356292725,common_voice_available_uk
2.2266666666666666,normalized_original,e65825d92c96e85c,3.3540563583374023,4.614565849304199,3.7803237438201904,4.423152923583984,2.9999940395355225,3.801544666290283,3.759819269180298,common_voice_available_uk
2.2266666666666666,full_cascade,e65825d92c96e85c,3.4145772457122803,4.712913990020752,3.580442190170288,4.614967346191406,3.3678152561187744,4.452484607696533,3.8526854515075684,common_voice_available_uk
2.2266666666666666,normalized_per_item_best,e65825d92c96e85c,3.4145772457122803,4.712913990020752,3.580442190170288,4.614967346191406,3.3678152561187744,4.452484607696533,3.8526854515075684,common_voice_available_uk
3.368,normalized_original,9d8a687bbf269efe,4.191449165344238,4.50779914855957,3.766911506652832,3.626661777496338,2.6934707164764404,4.249768257141113,2.922037363052368,common_voice_available_uk
3.368,full_cascade,9d8a687bbf269efe,3.6851232051849365,4.305177688598633,2.7249338626861572,4.469542503356934,2.984572649002075,4.793768882751465,3.6832966804504395,common_voice_available_uk
3.368,normalized_per_item_best,9d8a687bbf269efe,3.6851232051849365,4.305177688598633,2.7249338626861572,4.469542503356934,2.984572649002075,4.793768882751465,3.6832966804504395,common_voice_available_uk
4.505333333333334,normalized_original,09f874e3e1198079,3.6749892234802246,4.183261871337891,2.7819161415100098,2.4891343116760254,2.3542733192443848,3.25479793548584,3.126182794570923,common_voice_available_uk
4.505333333333334,full_cascade,09f874e3e1198079,4.1275434494018555,3.968365430831909,3.6191751956939697,4.567431449890137,2.740845203399658,4.304067611694336,3.2697746753692627,common_voice_available_uk
4.505333333333334,normalized_per_item_best,09f874e3e1198079,4.1275434494018555,3.968365430831909,3.6191751956939697,4.567431449890137,2.740845203399658,4.304067611694336,3.2697746753692627,common_voice_available_uk
5.273333333333333,normalized_original,7dbdb0f73921e411,2.8108346462249756,4.347411155700684,3.216574192047119,3.8404757976531982,2.4519119262695312,3.2571160793304443,2.8018929958343506,common_voice_available_uk
5.273333333333333,full_cascade,7dbdb0f73921e411,2.9238622188568115,3.8727214336395264,3.617518186569214,4.35448694229126,3.196213960647583,4.324261665344238,3.739715814590454,common_voice_available_uk
5.273333333333333,normalized_per_item_best,7dbdb0f73921e411,2.9238622188568115,3.8727214336395264,3.617518186569214,4.35448694229126,3.196213960647583,4.324261665344238,3.739715814590454,common_voice_available_uk
2.088,normalized_original,e073bf83b39678d8,3.406299114227295,3.395181179046631,3.5036044120788574,3.689547300338745,2.7007863521575928,3.978445291519165,2.921633720397949,common_voice_available_uk
2.088,full_cascade,e073bf83b39678d8,3.588350772857666,3.6397950649261475,4.136066436767578,4.299017906188965,3.109508752822876,4.328863620758057,3.5291824340820312,common_voice_available_uk
2.088,normalized_per_item_best,e073bf83b39678d8,3.588350772857666,3.6397950649261475,4.136066436767578,4.299017906188965,3.109508752822876,4.328863620758057,3.5291824340820312,common_voice_available_uk
2.152,normalized_original,4b22ce3678eb514b,3.124309539794922,3.042381763458252,4.307898044586182,4.204602241516113,2.3982579708099365,4.445910453796387,2.5269269943237305,common_voice_available_uk
2.152,full_cascade,4b22ce3678eb514b,3.4275050163269043,3.822688341140747,4.033390522003174,4.537734031677246,3.2170374393463135,4.6069488525390625,3.6996397972106934,common_voice_available_uk
2.152,normalized_per_item_best,4b22ce3678eb514b,3.4275050163269043,3.822688341140747,4.033390522003174,4.537734031677246,3.2170374393463135,4.6069488525390625,3.6996397972106934,common_voice_available_uk
3.336,normalized_original,de07ff82ae6c5dc2,3.591256618499756,3.4571478366851807,3.3466570377349854,4.354823112487793,2.841489315032959,4.096221923828125,3.4740095138549805,common_voice_available_uk
3.336,full_cascade,de07ff82ae6c5dc2,3.4924936294555664,4.006976127624512,3.233297109603882,4.406069278717041,3.116453170776367,4.370804786682129,3.4800453186035156,common_voice_available_uk
3.336,normalized_per_item_best,de07ff82ae6c5dc2,3.4924936294555664,4.006976127624512,3.233297109603882,4.406069278717041,3.116453170776367,4.370804786682129,3.4800453186035156,common_voice_available_uk
2.216,normalized_original,f6c698e842cbe8fb,3.600687026977539,3.4898645877838135,4.166324615478516,4.086358070373535,3.0985898971557617,3.9218597412109375,3.6208903789520264,common_voice_available_uk
2.216,full_cascade,f6c698e842cbe8fb,2.680986166000366,3.8470780849456787,4.610507965087891,4.41640567779541,3.14963960647583,4.38077449798584,3.5588603019714355,common_voice_available_uk
2.216,normalized_per_item_best,f6c698e842cbe8fb,2.680986166000366,3.8470780849456787,4.610507965087891,4.41640567779541,3.14963960647583,4.38077449798584,3.5588603019714355,common_voice_available_uk
3.5493333333333332,normalized_original,738b587122caeb66,4.795383453369141,4.784371852874756,4.156991004943848,3.759221076965332,3.994077444076538,4.520785331726074,4.515634059906006,common_voice_available_uk
3.5493333333333332,full_cascade,738b587122caeb66,3.164681911468506,4.505358695983887,4.043822288513184,4.732510566711426,2.631688356399536,4.640456199645996,3.2265994548797607,common_voice_available_uk
3.5493333333333332,normalized_per_item_best,738b587122caeb66,4.795383453369141,4.784371852874756,4.156991004943848,3.759221076965332,3.994077444076538,4.520785331726074,4.515634059906006,common_voice_available_uk
3.5493333333333332,normalized_per_item_best_ge3_5,738b587122caeb66,4.795383453369141,4.784371852874756,4.156991004943848,3.759221076965332,3.994077444076538,4.520785331726074,4.515634059906006,common_voice_available_uk
4.157333333333334,normalized_original,a540167ea41f6956,3.2006800174713135,3.422778606414795,3.6595168113708496,3.721968412399292,2.9794654846191406,3.3358380794525146,3.4211583137512207,common_voice_available_uk
4.157333333333334,full_cascade,a540167ea41f6956,3.3277370929718018,3.983377695083618,3.215165138244629,4.610198974609375,2.897660732269287,4.304190635681152,3.329190969467163,common_voice_available_uk
4.157333333333334,normalized_per_item_best,a540167ea41f6956,3.2006800174713135,3.422778606414795,3.6595168113708496,3.721968412399292,2.9794654846191406,3.3358380794525146,3.4211583137512207,common_voice_available_uk
2.408,normalized_original,04ebfca283f7b979,3.6320388317108154,4.299616813659668,3.842766761779785,3.7050955295562744,3.037773370742798,4.14893913269043,3.264453411102295,common_voice_available_uk
2.408,full_cascade,04ebfca283f7b979,3.3549692630767822,3.829918384552002,3.6405558586120605,4.659283638000488,3.139207601547241,4.588568687438965,3.526681661605835,common_voice_available_uk
2.408,normalized_per_item_best,04ebfca283f7b979,3.3549692630767822,3.829918384552002,3.6405558586120605,4.659283638000488,3.139207601547241,4.588568687438965,3.526681661605835,common_voice_available_uk
2.0986666666666665,normalized_original,8600fde5ece1e1ce,2.671492576599121,3.4875917434692383,3.536210536956787,3.2197163105010986,2.4733662605285645,3.6803390979766846,2.9509668350219727,common_voice_available_uk
2.0986666666666665,full_cascade,8600fde5ece1e1ce,2.4443888664245605,4.059625148773193,3.5317461490631104,4.181070804595947,2.6179206371307373,4.353436470031738,3.3139171600341797,common_voice_available_uk
2.0986666666666665,normalized_per_item_best,8600fde5ece1e1ce,2.4443888664245605,4.059625148773193,3.5317461490631104,4.181070804595947,2.6179206371307373,4.353436470031738,3.3139171600341797,common_voice_available_uk
2.9306666666666668,normalized_original,a2bc03280fea1efd,3.378784656524658,4.394786834716797,3.9531009197235107,3.7190003395080566,3.43015456199646,4.638055324554443,3.8934671878814697,common_voice_available_uk
2.9306666666666668,full_cascade,a2bc03280fea1efd,3.2426791191101074,4.507841110229492,4.576058387756348,4.770016670227051,3.6192750930786133,4.962882041931152,4.042646884918213,common_voice_available_uk
2.9306666666666668,normalized_per_item_best,a2bc03280fea1efd,3.2426791191101074,4.507841110229492,4.576058387756348,4.770016670227051,3.6192750930786133,4.962882041931152,4.042646884918213,common_voice_available_uk
2.9306666666666668,normalized_per_item_best_ge3_5,a2bc03280fea1efd,3.2426791191101074,4.507841110229492,4.576058387756348,4.770016670227051,3.6192750930786133,4.962882041931152,4.042646884918213,common_voice_available_uk
3.8053333333333335,normalized_original,190cf023178e4b18,3.461601972579956,4.220621585845947,3.8220479488372803,3.515796422958374,2.918595552444458,3.5827691555023193,3.325223922729492,common_voice_available_uk
3.8053333333333335,full_cascade,190cf023178e4b18,3.7260730266571045,3.8956398963928223,3.888709545135498,4.27006196975708,2.8939173221588135,3.927757978439331,3.336574077606201,common_voice_available_uk
3.8053333333333335,normalized_per_item_best,190cf023178e4b18,3.461601972579956,4.220621585845947,3.8220479488372803,3.515796422958374,2.918595552444458,3.5827691555023193,3.325223922729492,common_voice_available_uk
5.693333333333333,normalized_original,f2bf7d3764df7fd5,3.8558743000030518,3.848911762237549,4.233636856079102,4.409061431884766,3.2652950286865234,4.56658935546875,3.4548230171203613,common_voice_available_uk
5.693333333333333,full_cascade,f2bf7d3764df7fd5,3.642258405685425,3.5104212760925293,4.198331832885742,4.662542343139648,3.4299614429473877,4.5487213134765625,3.5876832008361816,common_voice_available_uk
5.693333333333333,normalized_per_item_best,f2bf7d3764df7fd5,3.642258405685425,3.5104212760925293,4.198331832885742,4.662542343139648,3.4299614429473877,4.5487213134765625,3.5876832008361816,common_voice_available_uk
2.3146666666666667,normalized_original,ff34d3911b4d2db0,2.6076571941375732,3.6463003158569336,3.1063528060913086,4.303544521331787,2.0661139488220215,3.232450008392334,3.168576717376709,common_voice_available_uk
2.3146666666666667,full_cascade,ff34d3911b4d2db0,3.1758620738983154,3.727602481842041,3.4976651668548584,3.615434408187866,2.3271725177764893,4.593105316162109,3.296241044998169,common_voice_available_uk
2.3146666666666667,normalized_per_item_best,ff34d3911b4d2db0,3.1758620738983154,3.727602481842041,3.4976651668548584,3.615434408187866,2.3271725177764893,4.593105316162109,3.296241044998169,common_voice_available_uk
4.381333333333333,normalized_original,e27c556ac0c8b09a,3.852450132369995,4.727230072021484,3.8788416385650635,4.597869873046875,3.562875509262085,4.0864691734313965,4.190337181091309,common_voice_available_uk
4.381333333333333,full_cascade,e27c556ac0c8b09a,3.9074432849884033,4.436457633972168,3.886183023452759,4.780623435974121,3.638676643371582,4.709921836853027,4.233767509460449,common_voice_available_uk
4.381333333333333,normalized_per_item_best,e27c556ac0c8b09a,3.9074432849884033,4.436457633972168,3.886183023452759,4.780623435974121,3.638676643371582,4.709921836853027,4.233767509460449,common_voice_available_uk
4.381333333333333,normalized_per_item_best_ge3_5,e27c556ac0c8b09a,3.9074432849884033,4.436457633972168,3.886183023452759,4.780623435974121,3.638676643371582,4.709921836853027,4.233767509460449,common_voice_available_uk
4.370666666666667,normalized_original,3259a8bb7087bd10,3.380815267562866,4.354123592376709,3.9527180194854736,2.937397003173828,2.4662532806396484,3.8858625888824463,3.0323379039764404,common_voice_available_uk
4.370666666666667,full_cascade,3259a8bb7087bd10,3.0296051502227783,4.106571197509766,4.199681282043457,3.8104615211486816,2.738797187805176,4.293214797973633,3.280360460281372,common_voice_available_uk
4.370666666666667,normalized_per_item_best,3259a8bb7087bd10,3.0296051502227783,4.106571197509766,4.199681282043457,3.8104615211486816,2.738797187805176,4.293214797973633,3.280360460281372,common_voice_available_uk
2.1306666666666665,normalized_original,a8f8f18e9e73e8b1,2.6082165241241455,4.480289936065674,3.441244602203369,4.352460861206055,2.9192845821380615,4.144667625427246,3.3913631439208984,common_voice_available_uk
2.1306666666666665,full_cascade,a8f8f18e9e73e8b1,3.496112585067749,4.006712436676025,3.433845043182373,4.001878261566162,2.7597877979278564,4.015844821929932,3.9591245651245117,common_voice_available_uk
2.1306666666666665,normalized_per_item_best,a8f8f18e9e73e8b1,2.6082165241241455,4.480289936065674,3.441244602203369,4.352460861206055,2.9192845821380615,4.144667625427246,3.3913631439208984,common_voice_available_uk
2.152,normalized_original,cf62baa6bea3511c,3.3860504627227783,3.789273977279663,4.283487319946289,3.881718397140503,3.3933560848236084,4.240880966186523,3.654155731201172,common_voice_available_uk
2.152,full_cascade,cf62baa6bea3511c,4.0706892013549805,4.154399394989014,2.767260789871216,4.179601192474365,3.5611720085144043,4.898467063903809,4.177882194519043,common_voice_available_uk
2.152,normalized_per_item_best,cf62baa6bea3511c,4.0706892013549805,4.154399394989014,2.767260789871216,4.179601192474365,3.5611720085144043,4.898467063903809,4.177882194519043,common_voice_available_uk
2.152,normalized_per_item_best_ge3_5,cf62baa6bea3511c,4.0706892013549805,4.154399394989014,2.767260789871216,4.179601192474365,3.5611720085144043,4.898467063903809,4.177882194519043,common_voice_available_uk
4.669333333333333,normalized_original,24a43c098e24f6d3,2.7984890937805176,4.095325946807861,3.8504459857940674,4.189362525939941,3.000067949295044,3.714038372039795,3.5611438751220703,common_voice_available_uk
4.669333333333333,full_cascade,24a43c098e24f6d3,3.535269021987915,3.286639928817749,3.4515838623046875,4.0166015625,2.6691524982452393,4.036041259765625,3.2180285453796387,common_voice_available_uk
4.669333333333333,normalized_per_item_best,24a43c098e24f6d3,2.7984890937805176,4.095325946807861,3.8504459857940674,4.189362525939941,3.000067949295044,3.714038372039795,3.5611438751220703,common_voice_available_uk
5.444,normalized_original,ab87cc7022597587,3.587286949157715,3.939333200454712,4.440687656402588,4.132176399230957,3.109982490539551,4.055521011352539,3.731090784072876,common_voice_available_uk
5.444,full_cascade,ab87cc7022597587,4.3676347732543945,4.770298480987549,3.0658769607543945,4.2789201736450195,3.404022216796875,4.786320686340332,4.024402618408203,common_voice_available_uk
5.444,normalized_per_item_best,ab87cc7022597587,4.3676347732543945,4.770298480987549,3.0658769607543945,4.2789201736450195,3.404022216796875,4.786320686340332,4.024402618408203,common_voice_available_uk
3.652,normalized_original,2bd6ff5c75a47b3c,3.6912357807159424,4.423594951629639,3.7871999740600586,2.6462817192077637,2.6469151973724365,4.0264692306518555,3.0387141704559326,common_voice_available_uk
3.652,full_cascade,2bd6ff5c75a47b3c,3.137181043624878,3.6487348079681396,3.751150608062744,4.609180450439453,2.865269422531128,4.400824069976807,3.366811990737915,common_voice_available_uk
3.652,normalized_per_item_best,2bd6ff5c75a47b3c,3.137181043624878,3.6487348079681396,3.751150608062744,4.609180450439453,2.865269422531128,4.400824069976807,3.366811990737915,common_voice_available_uk
6.077333333333334,normalized_original,25e5c2a8d846a852,1.5310492515563965,4.361117839813232,3.272646188735962,4.019681930541992,1.9596545696258545,3.6603715419769287,2.4326114654541016,common_voice_available_uk
6.077333333333334,full_cascade,25e5c2a8d846a852,2.7175724506378174,3.773129463195801,3.886664867401123,4.314231872558594,2.9409120082855225,4.726683616638184,3.178664445877075,common_voice_available_uk
6.077333333333334,normalized_per_item_best,25e5c2a8d846a852,2.7175724506378174,3.773129463195801,3.886664867401123,4.314231872558594,2.9409120082855225,4.726683616638184,3.178664445877075,common_voice_available_uk
2.8133333333333335,normalized_original,418a9b5fbccf4410,3.1163830757141113,3.7988595962524414,3.5068283081054688,3.5881688594818115,2.567638397216797,4.664913177490234,2.9118449687957764,common_voice_available_uk
2.8133333333333335,full_cascade,418a9b5fbccf4410,3.3922319412231445,3.879601240158081,3.92820405960083,4.174269676208496,2.983415126800537,4.21343994140625,3.196608543395996,common_voice_available_uk
2.8133333333333335,normalized_per_item_best,418a9b5fbccf4410,3.3922319412231445,3.879601240158081,3.92820405960083,4.174269676208496,2.983415126800537,4.21343994140625,3.196608543395996,common_voice_available_uk
3.24,normalized_original,ac78771565774557,3.104710340499878,4.605839252471924,3.827801465988159,3.8851115703582764,2.6697499752044678,4.283495903015137,3.1165831089019775,common_voice_available_uk
3.24,full_cascade,ac78771565774557,3.722684860229492,4.666900157928467,4.546914100646973,3.8344712257385254,2.740074872970581,4.150689125061035,2.9118382930755615,common_voice_available_uk
3.24,normalized_per_item_best,ac78771565774557,3.722684860229492,4.666900157928467,4.546914100646973,3.8344712257385254,2.740074872970581,4.150689125061035,2.9118382930755615,common_voice_available_uk
3.336,normalized_original,248a9b242b97ecd0,3.0715956687927246,3.9197068214416504,3.0623857975006104,3.845954418182373,2.7764265537261963,3.340789556503296,3.2037625312805176,common_voice_available_uk
3.336,full_cascade,248a9b242b97ecd0,2.9983792304992676,3.9935972690582275,2.844512939453125,3.9421029090881348,2.7483744621276855,3.6851792335510254,3.1352508068084717,common_voice_available_uk
3.336,normalized_per_item_best,248a9b242b97ecd0,3.0715956687927246,3.9197068214416504,3.0623857975006104,3.845954418182373,2.7764265537261963,3.340789556503296,3.2037625312805176,common_voice_available_uk
3.428,normalized_original,9de8e4748ff30aa1,3.0867083072662354,4.098005294799805,3.519014596939087,4.360201358795166,2.2656705379486084,3.517554998397827,2.5040442943573,common_voice_available_uk
3.428,full_cascade,9de8e4748ff30aa1,3.185067653656006,3.680934429168701,4.055008411407471,4.176305294036865,3.0835399627685547,4.134529113769531,3.6050004959106445,common_voice_available_uk
3.428,normalized_per_item_best,9de8e4748ff30aa1,3.185067653656006,3.680934429168701,4.055008411407471,4.176305294036865,3.0835399627685547,4.134529113769531,3.6050004959106445,common_voice_available_uk
3.7626666666666666,normalized_original,0ea058639601775d,3.299647569656372,3.517728567123413,3.319821834564209,3.64353609085083,2.7933218479156494,3.4232678413391113,3.107142210006714,common_voice_available_uk
3.7626666666666666,full_cascade,0ea058639601775d,3.69527530670166,3.8880622386932373,3.6929304599761963,4.236449718475342,3.340249538421631,4.769861221313477,3.9815316200256348,common_voice_available_uk
3.7626666666666666,normalized_per_item_best,0ea058639601775d,3.69527530670166,3.8880622386932373,3.6929304599761963,4.236449718475342,3.340249538421631,4.769861221313477,3.9815316200256348,common_voice_available_uk
4.18,normalized_original,8ff70b5855192e81,3.3678739070892334,3.6018896102905273,3.520672559738159,3.9130520820617676,2.754182815551758,3.5712268352508545,3.1499977111816406,common_voice_available_uk
4.18,full_cascade,8ff70b5855192e81,3.1365363597869873,4.1268463134765625,4.010158538818359,4.706987380981445,2.832874298095703,4.293157577514648,3.257129192352295,common_voice_available_uk
4.18,normalized_per_item_best,8ff70b5855192e81,3.1365363597869873,4.1268463134765625,4.010158538818359,4.706987380981445,2.832874298095703,4.293157577514648,3.257129192352295,common_voice_available_uk
3.005333333333333,normalized_original,97b30e2faa6675a7,3.6556341648101807,3.8800742626190186,3.578423500061035,3.893498420715332,3.025003671646118,4.570806503295898,3.436173439025879,common_voice_available_uk
3.005333333333333,full_cascade,97b30e2faa6675a7,3.4261906147003174,4.589995861053467,4.562258243560791,4.358391284942627,3.1074130535125732,4.403066635131836,3.582909107208252,common_voice_available_uk
3.005333333333333,normalized_per_item_best,97b30e2faa6675a7,3.4261906147003174,4.589995861053467,4.562258243560791,4.358391284942627,3.1074130535125732,4.403066635131836,3.582909107208252,common_voice_available_uk
2.024,normalized_original,7b859444522a56d6,3.27663254737854,3.4415555000305176,3.2328858375549316,3.954354763031006,2.9491238594055176,3.8126840591430664,3.1270909309387207,common_voice_available_uk
2.024,full_cascade,7b859444522a56d6,3.170491933822632,3.1717841625213623,4.079652786254883,4.051279544830322,2.81329345703125,4.041379451751709,3.083253860473633,common_voice_available_uk
2.024,normalized_per_item_best,7b859444522a56d6,3.27663254737854,3.4415555000305176,3.2328858375549316,3.954354763031006,2.9491238594055176,3.8126840591430664,3.1270909309387207,common_voice_available_uk
3.18,normalized_original,67984f788bbcdd8d,3.1518468856811523,4.093413352966309,3.913567543029785,3.8338053226470947,3.282951831817627,3.9193694591522217,3.639039993286133,common_voice_available_uk
3.18,full_cascade,67984f788bbcdd8d,2.86892032623291,3.3376529216766357,3.833510398864746,4.739045143127441,2.5561349391937256,4.539614677429199,3.224090099334717,common_voice_available_uk
3.18,normalized_per_item_best,67984f788bbcdd8d,3.1518468856811523,4.093413352966309,3.913567543029785,3.8338053226470947,3.282951831817627,3.9193694591522217,3.639039993286133,common_voice_available_uk
4.846666666666667,normalized_original,16ae0891ea877b7e,3.9038376808166504,4.653860092163086,4.432319641113281,3.103651523590088,2.672109842300415,4.2204060554504395,3.682441234588623,common_voice_available_uk
4.846666666666667,full_cascade,16ae0891ea877b7e,3.4284229278564453,4.5617995262146,4.059006214141846,4.280002593994141,3.3718059062957764,4.162536144256592,3.826659917831421,common_voice_available_uk
4.846666666666667,normalized_per_item_best,16ae0891ea877b7e,3.4284229278564453,4.5617995262146,4.059006214141846,4.280002593994141,3.3718059062957764,4.162536144256592,3.826659917831421,common_voice_available_uk
5.522666666666667,normalized_original,0f729ca38c51f5da,2.917868137359619,3.3833582401275635,3.2219338417053223,3.999469518661499,2.921762228012085,2.89719557762146,3.256481647491455,common_voice_available_uk
5.522666666666667,full_cascade,0f729ca38c51f5da,3.4426865577697754,4.257568836212158,3.784233808517456,4.416888236999512,3.448166608810425,3.8254122734069824,3.890111207962036,common_voice_available_uk
5.522666666666667,normalized_per_item_best,0f729ca38c51f5da,3.4426865577697754,4.257568836212158,3.784233808517456,4.416888236999512,3.448166608810425,3.8254122734069824,3.890111207962036,common_voice_available_uk
4.050666666666666,normalized_original,e5e3dcf80a7a02be,3.9764862060546875,4.226081848144531,3.9881482124328613,4.289732456207275,3.6784965991973877,3.9348387718200684,4.127569198608398,common_voice_available_uk
4.050666666666666,full_cascade,e5e3dcf80a7a02be,3.7109873294830322,3.9458980560302734,4.242175102233887,4.415960788726807,3.3839988708496094,4.585386276245117,3.7210919857025146,common_voice_available_uk
4.050666666666666,normalized_per_item_best,e5e3dcf80a7a02be,3.9764862060546875,4.226081848144531,3.9881482124328613,4.289732456207275,3.6784965991973877,3.9348387718200684,4.127569198608398,common_voice_available_uk
4.050666666666666,normalized_per_item_best_ge3_5,e5e3dcf80a7a02be,3.9764862060546875,4.226081848144531,3.9881482124328613,4.289732456207275,3.6784965991973877,3.9348387718200684,4.127569198608398,common_voice_available_uk
3.474666666666667,normalized_original,911fb24b28518351,3.5007481575012207,3.694136381149292,4.404494285583496,4.219853401184082,3.17919659614563,4.286670207977295,3.514960765838623,common_voice_available_uk
3.474666666666667,full_cascade,911fb24b28518351,3.1624631881713867,4.0367937088012695,3.7263104915618896,4.826690673828125,2.8514277935028076,4.170977592468262,3.372389793395996,common_voice_available_uk
3.474666666666667,normalized_per_item_best,911fb24b28518351,3.5007481575012207,3.694136381149292,4.404494285583496,4.219853401184082,3.17919659614563,4.286670207977295,3.514960765838623,common_voice_available_uk
3.144,normalized_original,844aa12bcd11ccdb,4.065888404846191,4.428963661193848,4.43565559387207,4.250524520874023,3.7232468128204346,4.822044849395752,4.164402008056641,common_voice_available_uk
3.144,full_cascade,844aa12bcd11ccdb,4.395673751831055,3.575186014175415,3.8623030185699463,3.8676910400390625,3.3500490188598633,4.615079879760742,4.027756690979004,common_voice_available_uk
3.144,normalized_per_item_best,844aa12bcd11ccdb,4.065888404846191,4.428963661193848,4.43565559387207,4.250524520874023,3.7232468128204346,4.822044849395752,4.164402008056641,common_voice_available_uk
3.144,normalized_per_item_best_ge3_5,844aa12bcd11ccdb,4.065888404846191,4.428963661193848,4.43565559387207,4.250524520874023,3.7232468128204346,4.822044849395752,4.164402008056641,common_voice_available_uk
5.181333333333333,normalized_original,959a1c6cab14e4d4,3.7865047454833984,3.6705782413482666,3.694729804992676,3.759575366973877,2.928358554840088,4.591205596923828,3.4902400970458984,fleurs_uk
5.181333333333333,full_cascade,959a1c6cab14e4d4,3.863203287124634,3.898874044418335,3.3838093280792236,4.115077018737793,3.4692842960357666,4.791874885559082,3.8995168209075928,fleurs_uk
5.181333333333333,normalized_per_item_best,959a1c6cab14e4d4,3.863203287124634,3.898874044418335,3.3838093280792236,4.115077018737793,3.4692842960357666,4.791874885559082,3.8995168209075928,fleurs_uk
8.712,normalized_original,fefd0259ff637326,4.007510185241699,3.9694035053253174,3.7070834636688232,2.8339622020721436,2.762816905975342,4.4832868576049805,3.3886077404022217,fleurs_uk
8.712,full_cascade,fefd0259ff637326,3.460338830947876,4.407011032104492,2.878777503967285,4.251798629760742,3.0411736965179443,4.6434173583984375,3.7043051719665527,fleurs_uk
8.712,normalized_per_item_best,fefd0259ff637326,3.460338830947876,4.407011032104492,2.878777503967285,4.251798629760742,3.0411736965179443,4.6434173583984375,3.7043051719665527,fleurs_uk
5.078666666666667,normalized_original,a381bc8d75f3eb60,3.40681529045105,4.4414472579956055,3.5625669956207275,4.3063507080078125,3.2313568592071533,4.704856872558594,3.605438232421875,fleurs_uk
5.078666666666667,full_cascade,a381bc8d75f3eb60,3.4302072525024414,3.9381494522094727,2.3174026012420654,4.409686088562012,2.880664825439453,4.517829895019531,3.9420745372772217,fleurs_uk
5.078666666666667,normalized_per_item_best,a381bc8d75f3eb60,3.40681529045105,4.4414472579956055,3.5625669956207275,4.3063507080078125,3.2313568592071533,4.704856872558594,3.605438232421875,fleurs_uk
6.564,normalized_original,5558b228f9fb7124,3.5960659980773926,4.136416435241699,4.164538860321045,3.6086370944976807,2.938464403152466,4.122355937957764,3.27026104927063,fleurs_uk
6.564,full_cascade,5558b228f9fb7124,3.3238351345062256,3.380575180053711,3.2783565521240234,4.69041109085083,3.117220640182495,4.788114547729492,3.8415231704711914,fleurs_uk
6.564,normalized_per_item_best,5558b228f9fb7124,3.3238351345062256,3.380575180053711,3.2783565521240234,4.69041109085083,3.117220640182495,4.788114547729492,3.8415231704711914,fleurs_uk
9.48,normalized_original,b30673863ffb037d,3.248427391052246,3.7259938716888428,3.456281900405884,3.1278648376464844,2.724224090576172,3.75561785697937,3.2656519412994385,fleurs_uk
9.48,full_cascade,b30673863ffb037d,3.3625664710998535,4.118293285369873,3.518152952194214,4.555609703063965,3.3534154891967773,4.618711471557617,3.6491575241088867,fleurs_uk
9.48,normalized_per_item_best,b30673863ffb037d,3.3625664710998535,4.118293285369873,3.518152952194214,4.555609703063965,3.3534154891967773,4.618711471557617,3.6491575241088867,fleurs_uk
5.618666666666667,normalized_original,c5b7866904cce653,3.197582721710205,3.513143301010132,3.3882644176483154,4.096095561981201,3.1540753841400146,3.8205971717834473,3.393737554550171,fleurs_uk
5.618666666666667,full_cascade,c5b7866904cce653,3.066211462020874,4.486477851867676,2.773627758026123,4.502802848815918,3.236530303955078,4.530466079711914,3.7752275466918945,fleurs_uk
5.618666666666667,normalized_per_item_best,c5b7866904cce653,3.066211462020874,4.486477851867676,2.773627758026123,4.502802848815918,3.236530303955078,4.530466079711914,3.7752275466918945,fleurs_uk
10.428,normalized_original,c832793e984ec4ad,3.602666139602661,3.6877667903900146,4.271831512451172,3.7534544467926025,3.0116665363311768,3.9604601860046387,3.2548916339874268,fleurs_uk
10.428,full_cascade,c832793e984ec4ad,3.5886495113372803,3.8293309211730957,3.8664298057556152,4.1879777908325195,3.3046886920928955,4.27681827545166,3.713245391845703,fleurs_uk
10.428,normalized_per_item_best,c832793e984ec4ad,3.5886495113372803,3.8293309211730957,3.8664298057556152,4.1879777908325195,3.3046886920928955,4.27681827545166,3.713245391845703,fleurs_uk
15.577333333333334,normalized_original,f74bd666161897df,3.636371374130249,3.3986551761627197,4.245237350463867,3.6378326416015625,3.002243995666504,4.156761169433594,3.494004487991333,fleurs_uk
15.577333333333334,full_cascade,f74bd666161897df,3.922084093093872,4.22446870803833,4.016260147094727,4.436995983123779,3.6502203941345215,4.429218769073486,3.9536750316619873,fleurs_uk
15.577333333333334,normalized_per_item_best,f74bd666161897df,3.922084093093872,4.22446870803833,4.016260147094727,4.436995983123779,3.6502203941345215,4.429218769073486,3.9536750316619873,fleurs_uk
15.577333333333334,normalized_per_item_best_ge3_5,f74bd666161897df,3.922084093093872,4.22446870803833,4.016260147094727,4.436995983123779,3.6502203941345215,4.429218769073486,3.9536750316619873,fleurs_uk
10.664,normalized_original,a90e40527649a849,3.1847002506256104,4.005544662475586,3.1087303161621094,3.8468685150146484,2.8076424598693848,4.4019951820373535,3.471313238143921,fleurs_uk
10.664,full_cascade,a90e40527649a849,3.314966917037964,4.75407600402832,2.1844027042388916,4.809200286865234,2.792879581451416,4.867170810699463,3.9769997596740723,fleurs_uk
10.664,normalized_per_item_best,a90e40527649a849,3.1847002506256104,4.005544662475586,3.1087303161621094,3.8468685150146484,2.8076424598693848,4.4019951820373535,3.471313238143921,fleurs_uk
4.637333333333333,normalized_original,909d184fdcd7f465,2.940351963043213,4.149306297302246,3.5183002948760986,3.6967287063598633,3.0477962493896484,4.282686233520508,3.332895517349243,fleurs_uk
4.637333333333333,full_cascade,909d184fdcd7f465,3.559295177459717,4.3950958251953125,3.2795298099517822,4.344710350036621,3.2531659603118896,4.738007545471191,3.8954691886901855,fleurs_uk
4.637333333333333,normalized_per_item_best,909d184fdcd7f465,3.559295177459717,4.3950958251953125,3.2795298099517822,4.344710350036621,3.2531659603118896,4.738007545471191,3.8954691886901855,fleurs_uk
6.2973333333333334,normalized_original,5037571598709644,3.130023956298828,2.8809430599212646,3.633759021759033,3.3509325981140137,2.0934300422668457,4.245755195617676,2.5380680561065674,fleurs_uk
6.2973333333333334,full_cascade,5037571598709644,3.9369146823883057,3.8332748413085938,4.802423477172852,4.261722564697266,3.478142261505127,4.607352256774902,3.756989002227783,fleurs_uk
6.2973333333333334,normalized_per_item_best,5037571598709644,3.9369146823883057,3.8332748413085938,4.802423477172852,4.261722564697266,3.478142261505127,4.607352256774902,3.756989002227783,fleurs_uk
13.074666666666667,normalized_original,899793d24bd70411,3.690755605697632,3.940251111984253,3.107619285583496,4.094488620758057,2.9356112480163574,4.484307289123535,3.4897360801696777,fleurs_uk
13.074666666666667,full_cascade,899793d24bd70411,3.777296304702759,4.426790714263916,2.295015335083008,4.654044151306152,2.9999852180480957,4.792497634887695,4.0780348777771,fleurs_uk
13.074666666666667,normalized_per_item_best,899793d24bd70411,3.777296304702759,4.426790714263916,2.295015335083008,4.654044151306152,2.9999852180480957,4.792497634887695,4.0780348777771,fleurs_uk
10.14,normalized_original,715676cbceb6f9c3,3.0545291900634766,3.6381125450134277,2.929473876953125,2.7578461170196533,2.746774911880493,3.3957436084747314,2.925320625305176,fleurs_uk
10.14,full_cascade,715676cbceb6f9c3,3.8126285076141357,4.481858253479004,4.116324424743652,4.573465347290039,3.750669002532959,4.282607078552246,4.1621575355529785,fleurs_uk
10.14,normalized_per_item_best,715676cbceb6f9c3,3.8126285076141357,4.481858253479004,4.116324424743652,4.573465347290039,3.750669002532959,4.282607078552246,4.1621575355529785,fleurs_uk
10.14,normalized_per_item_best_ge3_5,715676cbceb6f9c3,3.8126285076141357,4.481858253479004,4.116324424743652,4.573465347290039,3.750669002532959,4.282607078552246,4.1621575355529785,fleurs_uk
12.708,normalized_original,85ca359309837202,4.157448768615723,3.855699300765991,4.189701080322266,4.215869903564453,3.1084485054016113,3.88862943649292,3.341259717941284,fleurs_uk
12.708,full_cascade,85ca359309837202,3.6638333797454834,4.166548728942871,4.568504810333252,4.683504104614258,3.3731844425201416,4.642221927642822,3.779768228530884,fleurs_uk
12.708,normalized_per_item_best,85ca359309837202,3.6638333797454834,4.166548728942871,4.568504810333252,4.683504104614258,3.3731844425201416,4.642221927642822,3.779768228530884,fleurs_uk
10.461333333333334,normalized_original,2b1dd8402ce5d536,3.3745758533477783,3.4112582206726074,3.025317907333374,3.961838483810425,2.8318212032318115,4.366900444030762,3.1998820304870605,fleurs_uk
10.461333333333334,full_cascade,2b1dd8402ce5d536,3.708545446395874,3.9849042892456055,2.6029083728790283,4.286228179931641,3.154853343963623,4.111081123352051,3.7351126670837402,fleurs_uk
10.461333333333334,normalized_per_item_best,2b1dd8402ce5d536,3.708545446395874,3.9849042892456055,2.6029083728790283,4.286228179931641,3.154853343963623,4.111081123352051,3.7351126670837402,fleurs_uk
7.478666666666666,normalized_original,2089464e1fd713a6,3.7686142921447754,3.2813732624053955,3.4930624961853027,3.8135693073272705,2.8887743949890137,4.388190269470215,3.329807758331299,fleurs_uk
7.478666666666666,full_cascade,2089464e1fd713a6,3.52195405960083,3.855031728744507,2.98396372795105,4.660188674926758,3.325467824935913,4.693532466888428,3.6245341300964355,fleurs_uk
7.478666666666666,normalized_per_item_best,2089464e1fd713a6,3.52195405960083,3.855031728744507,2.98396372795105,4.660188674926758,3.325467824935913,4.693532466888428,3.6245341300964355,fleurs_uk
10.788,normalized_original,7079d2ab052b067c,3.708343029022217,4.065683364868164,4.525346755981445,3.7020905017852783,3.123445987701416,4.393980026245117,3.4334888458251953,fleurs_uk
10.788,full_cascade,7079d2ab052b067c,3.325928211212158,3.905933141708374,4.300445556640625,4.1396164894104,3.3687033653259277,4.297519683837891,3.8109960556030273,fleurs_uk
10.788,normalized_per_item_best,7079d2ab052b067c,3.325928211212158,3.905933141708374,4.300445556640625,4.1396164894104,3.3687033653259277,4.297519683837891,3.8109960556030273,fleurs_uk
7.222666666666667,normalized_original,fa71a8a80791f4ab,3.86563777923584,3.843336343765259,3.1975467205047607,3.527618408203125,2.5428359508514404,3.417036533355713,3.0589587688446045,fleurs_uk
7.222666666666667,full_cascade,fa71a8a80791f4ab,3.5051493644714355,3.9931020736694336,3.7956535816192627,4.227746963500977,3.289271354675293,4.081693649291992,3.800868034362793,fleurs_uk
7.222666666666667,normalized_per_item_best,fa71a8a80791f4ab,3.5051493644714355,3.9931020736694336,3.7956535816192627,4.227746963500977,3.289271354675293,4.081693649291992,3.800868034362793,fleurs_uk
14.837333333333333,normalized_original,6df018bdc9ae9404,4.160377502441406,3.3228299617767334,3.869631052017212,4.2390570640563965,3.0033631324768066,4.6006178855896,3.6153414249420166,fleurs_uk
14.837333333333333,full_cascade,6df018bdc9ae9404,3.5529444217681885,4.261863708496094,3.4970836639404297,4.4985761642456055,3.3687314987182617,4.561281204223633,3.717409133911133,fleurs_uk
14.837333333333333,normalized_per_item_best,6df018bdc9ae9404,3.5529444217681885,4.261863708496094,3.4970836639404297,4.4985761642456055,3.3687314987182617,4.561281204223633,3.717409133911133,fleurs_uk
9.038666666666666,normalized_original,bd9cfe27e08bb814,2.9613471031188965,3.9863030910491943,3.43133544921875,2.720099449157715,2.4185221195220947,3.7027690410614014,2.763087272644043,fleurs_uk
9.038666666666666,full_cascade,bd9cfe27e08bb814,3.3657243251800537,3.984715461730957,4.033064365386963,4.1797637939453125,2.917595386505127,4.472752571105957,3.3752081394195557,fleurs_uk
9.038666666666666,normalized_per_item_best,bd9cfe27e08bb814,3.3657243251800537,3.984715461730957,4.033064365386963,4.1797637939453125,2.917595386505127,4.472752571105957,3.3752081394195557,fleurs_uk
8.134666666666666,normalized_original,efd141fab8cb2a03,2.6346070766448975,3.6808621883392334,2.6628735065460205,3.016348361968994,2.6063072681427,4.165886878967285,2.7644078731536865,fleurs_uk
8.134666666666666,full_cascade,efd141fab8cb2a03,2.996713161468506,4.157586097717285,2.1325578689575195,4.5576605796813965,2.606428384780884,4.7035369873046875,3.3084652423858643,fleurs_uk
8.134666666666666,normalized_per_item_best,efd141fab8cb2a03,2.996713161468506,4.157586097717285,2.1325578689575195,4.5576605796813965,2.606428384780884,4.7035369873046875,3.3084652423858643,fleurs_uk
17.921333333333333,normalized_original,fa44e451a4684ec5,3.740760326385498,3.677557945251465,3.579486846923828,3.130340099334717,2.66736102104187,3.414778470993042,3.108485460281372,fleurs_uk
17.921333333333333,full_cascade,fa44e451a4684ec5,3.632676601409912,4.046594142913818,3.994089365005493,4.482062816619873,3.2706451416015625,4.330038070678711,3.7490885257720947,fleurs_uk
17.921333333333333,normalized_per_item_best,fa44e451a4684ec5,3.632676601409912,4.046594142913818,3.994089365005493,4.482062816619873,3.2706451416015625,4.330038070678711,3.7490885257720947,fleurs_uk
14.893333333333333,normalized_original,cbf905fca130b00c,3.1484925746917725,3.5964760780334473,3.2320773601531982,3.619317054748535,2.602147340774536,4.255090713500977,2.955597400665283,fleurs_uk
14.893333333333333,full_cascade,cbf905fca130b00c,3.6538302898406982,3.989104986190796,1.738508701324463,4.548956871032715,2.4293596744537354,4.391836166381836,3.319842576980591,fleurs_uk
14.893333333333333,normalized_per_item_best,cbf905fca130b00c,3.1484925746917725,3.5964760780334473,3.2320773601531982,3.619317054748535,2.602147340774536,4.255090713500977,2.955597400665283,fleurs_uk
11.758666666666667,normalized_original,65bab893d591c920,3.43365216255188,3.4178240299224854,4.359972953796387,3.7919063568115234,2.752807855606079,4.041771411895752,3.140275001525879,fleurs_uk
11.758666666666667,full_cascade,65bab893d591c920,4.005613327026367,4.371838092803955,4.392268180847168,4.517212867736816,3.7037160396575928,4.490839958190918,4.3236846923828125,fleurs_uk
11.758666666666667,normalized_per_item_best,65bab893d591c920,4.005613327026367,4.371838092803955,4.392268180847168,4.517212867736816,3.7037160396575928,4.490839958190918,4.3236846923828125,fleurs_uk
11.758666666666667,normalized_per_item_best_ge3_5,65bab893d591c920,4.005613327026367,4.371838092803955,4.392268180847168,4.517212867736816,3.7037160396575928,4.490839958190918,4.3236846923828125,fleurs_uk
9.48,normalized_original,ab1b2261eb178b37,3.3138904571533203,2.8592417240142822,3.309141159057617,3.8196399211883545,2.281068801879883,3.3453636169433594,2.62412428855896,fleurs_uk
9.48,full_cascade,ab1b2261eb178b37,4.01477575302124,4.651528358459473,1.3733551502227783,4.62197732925415,2.305098056793213,4.768705368041992,3.501884698867798,fleurs_uk
9.48,normalized_per_item_best,ab1b2261eb178b37,4.01477575302124,4.651528358459473,1.3733551502227783,4.62197732925415,2.305098056793213,4.768705368041992,3.501884698867798,fleurs_uk
9.948,normalized_original,15e1f33a590fa5d2,3.3563544750213623,3.754018783569336,4.31256103515625,3.9248225688934326,2.9789347648620605,4.2084736824035645,3.2932815551757812,fleurs_uk
9.948,full_cascade,15e1f33a590fa5d2,2.8394830226898193,3.8257808685302734,4.331593990325928,4.165417194366455,3.471301794052124,4.71527099609375,4.005661964416504,fleurs_uk
9.948,normalized_per_item_best,15e1f33a590fa5d2,2.8394830226898193,3.8257808685302734,4.331593990325928,4.165417194366455,3.471301794052124,4.71527099609375,4.005661964416504,fleurs_uk
8.765333333333333,normalized_original,caa96ffc8a50db0a,4.088353633880615,3.615809917449951,3.473844528198242,3.624635934829712,2.8221843242645264,4.3765106201171875,3.2861368656158447,fleurs_uk
8.765333333333333,full_cascade,caa96ffc8a50db0a,3.806072235107422,3.9147660732269287,3.6780481338500977,4.241250038146973,3.6028220653533936,4.630191802978516,4.098401069641113,fleurs_uk
8.765333333333333,normalized_per_item_best,caa96ffc8a50db0a,3.806072235107422,3.9147660732269287,3.6780481338500977,4.241250038146973,3.6028220653533936,4.630191802978516,4.098401069641113,fleurs_uk
8.765333333333333,normalized_per_item_best_ge3_5,caa96ffc8a50db0a,3.806072235107422,3.9147660732269287,3.6780481338500977,4.241250038146973,3.6028220653533936,4.630191802978516,4.098401069641113,fleurs_uk
12.698666666666666,normalized_original,53e7cf21713ad2e1,4.253043174743652,3.77668833732605,3.8057050704956055,4.313122749328613,3.656231641769409,4.532303810119629,3.9968652725219727,fleurs_uk
12.698666666666666,full_cascade,53e7cf21713ad2e1,3.6374504566192627,3.97377347946167,3.9307210445404053,4.412569046020508,3.3351855278015137,4.454550743103027,3.768763780593872,fleurs_uk
12.698666666666666,normalized_per_item_best,53e7cf21713ad2e1,4.253043174743652,3.77668833732605,3.8057050704956055,4.313122749328613,3.656231641769409,4.532303810119629,3.9968652725219727,fleurs_uk
12.698666666666666,normalized_per_item_best_ge3_5,53e7cf21713ad2e1,4.253043174743652,3.77668833732605,3.8057050704956055,4.313122749328613,3.656231641769409,4.532303810119629,3.9968652725219727,fleurs_uk
11.138666666666667,normalized_original,de98bdcd8fe80564,4.2591705322265625,3.8651833534240723,3.941697597503662,4.180646896362305,3.2637712955474854,4.392646312713623,3.759390115737915,fleurs_uk
11.138666666666667,full_cascade,de98bdcd8fe80564,3.905038833618164,4.439624309539795,3.39115834236145,4.4981231689453125,3.3205647468566895,4.761898040771484,4.073814868927002,fleurs_uk
11.138666666666667,normalized_per_item_best,de98bdcd8fe80564,3.905038833618164,4.439624309539795,3.39115834236145,4.4981231689453125,3.3205647468566895,4.761898040771484,4.073814868927002,fleurs_uk
7.44,normalized_original,6fa4a717622444f8,3.6304917335510254,3.7297632694244385,2.9928884506225586,3.095066547393799,2.7647883892059326,3.5120081901550293,3.0227556228637695,fleurs_uk
7.44,full_cascade,6fa4a717622444f8,3.537031888961792,4.4474077224731445,4.243346214294434,4.435266494750977,3.690830707550049,4.54613733291626,4.275670051574707,fleurs_uk
7.44,normalized_per_item_best,6fa4a717622444f8,3.537031888961792,4.4474077224731445,4.243346214294434,4.435266494750977,3.690830707550049,4.54613733291626,4.275670051574707,fleurs_uk
7.44,normalized_per_item_best_ge3_5,6fa4a717622444f8,3.537031888961792,4.4474077224731445,4.243346214294434,4.435266494750977,3.690830707550049,4.54613733291626,4.275670051574707,fleurs_uk
6.418666666666667,normalized_original,4a4d08bebc42b317,3.617448329925537,4.241585731506348,3.492872476577759,4.304883003234863,3.1128251552581787,4.104506015777588,3.4914426803588867,fleurs_uk
6.418666666666667,full_cascade,4a4d08bebc42b317,3.980828285217285,4.2277092933654785,3.3002026081085205,4.352384090423584,3.4831955432891846,4.339815139770508,4.146352767944336,fleurs_uk
6.418666666666667,normalized_per_item_best,4a4d08bebc42b317,3.980828285217285,4.2277092933654785,3.3002026081085205,4.352384090423584,3.4831955432891846,4.339815139770508,4.146352767944336,fleurs_uk
5.021333333333334,normalized_original,d01073aaf9fe19e1,3.9498727321624756,3.705420970916748,3.7047510147094727,3.611992359161377,2.7324936389923096,3.6812167167663574,3.135535478591919,fleurs_uk
5.021333333333334,full_cascade,d01073aaf9fe19e1,3.4585540294647217,3.9538564682006836,3.886138439178467,4.37803840637207,3.236633062362671,4.63702392578125,3.7399351596832275,fleurs_uk
5.021333333333334,normalized_per_item_best,d01073aaf9fe19e1,3.4585540294647217,3.9538564682006836,3.886138439178467,4.37803840637207,3.236633062362671,4.63702392578125,3.7399351596832275,fleurs_uk
16.52,normalized_original,22a1fd4042f42034,3.456435203552246,3.8588709831237793,3.4037868976593018,3.9134223461151123,3.2524197101593018,4.338064193725586,3.638322114944458,fleurs_uk
16.52,full_cascade,22a1fd4042f42034,3.8760948181152344,4.521903991699219,3.023207664489746,4.589877128601074,3.599730968475342,4.863395690917969,4.025445938110352,fleurs_uk
16.52,normalized_per_item_best,22a1fd4042f42034,3.8760948181152344,4.521903991699219,3.023207664489746,4.589877128601074,3.599730968475342,4.863395690917969,4.025445938110352,fleurs_uk
16.52,normalized_per_item_best_ge3_5,22a1fd4042f42034,3.8760948181152344,4.521903991699219,3.023207664489746,4.589877128601074,3.599730968475342,4.863395690917969,4.025445938110352,fleurs_uk
14.713333333333333,normalized_original,4738fc04a1e4189e,4.321170330047607,3.600639581680298,4.342582702636719,4.087287902832031,3.18526554107666,4.31087589263916,3.6767210960388184,fleurs_uk
14.713333333333333,full_cascade,4738fc04a1e4189e,3.976732015609741,4.320086479187012,4.574041366577148,4.485054016113281,4.123654365539551,4.645356178283691,4.502678871154785,fleurs_uk
14.713333333333333,normalized_per_item_best,4738fc04a1e4189e,3.976732015609741,4.320086479187012,4.574041366577148,4.485054016113281,4.123654365539551,4.645356178283691,4.502678871154785,fleurs_uk
14.713333333333333,normalized_per_item_best_ge3_5,4738fc04a1e4189e,3.976732015609741,4.320086479187012,4.574041366577148,4.485054016113281,4.123654365539551,4.645356178283691,4.502678871154785,fleurs_uk
5.996,normalized_original,fe393cbcd4c75050,3.941904306411743,3.598799467086792,3.8053152561187744,4.184436798095703,3.0428683757781982,4.616568565368652,3.566204786300659,fleurs_uk
5.996,full_cascade,fe393cbcd4c75050,3.6545512676239014,4.169063091278076,3.4753661155700684,4.005231857299805,3.36204195022583,4.798862457275391,3.8888587951660156,fleurs_uk
5.996,normalized_per_item_best,fe393cbcd4c75050,3.6545512676239014,4.169063091278076,3.4753661155700684,4.005231857299805,3.36204195022583,4.798862457275391,3.8888587951660156,fleurs_uk
8.776,normalized_original,c3f42dd599b43df9,4.256072998046875,3.625187873840332,3.536652088165283,3.506711006164551,2.9685404300689697,4.719413757324219,3.427441120147705,fleurs_uk
8.776,full_cascade,c3f42dd599b43df9,3.5807111263275146,4.373392581939697,2.918501138687134,4.230525970458984,3.1144988536834717,4.586542129516602,3.8786303997039795,fleurs_uk
8.776,normalized_per_item_best,c3f42dd599b43df9,3.5807111263275146,4.373392581939697,2.918501138687134,4.230525970458984,3.1144988536834717,4.586542129516602,3.8786303997039795,fleurs_uk
5.494666666666666,normalized_original,c990d6277b807d72,3.181925058364868,3.8075785636901855,3.4746360778808594,3.457228422164917,2.2877414226531982,3.9015145301818848,2.545372486114502,fleurs_uk
5.494666666666666,full_cascade,c990d6277b807d72,2.7938249111175537,3.5377156734466553,2.333937644958496,4.296938419342041,2.165102005004883,3.8439760208129883,3.1073546409606934,fleurs_uk
5.494666666666666,normalized_per_item_best,c990d6277b807d72,3.181925058364868,3.8075785636901855,3.4746360778808594,3.457228422164917,2.2877414226531982,3.9015145301818848,2.545372486114502,fleurs_uk
14.508,normalized_original,ee5e4637dffa94a2,3.7404897212982178,3.962348222732544,4.25997257232666,3.9710562229156494,3.066800117492676,3.665803909301758,3.3724236488342285,fleurs_uk
14.508,full_cascade,ee5e4637dffa94a2,3.5508124828338623,4.612674236297607,4.7760329246521,4.644841194152832,3.4685699939727783,4.816673755645752,3.9381649494171143,fleurs_uk
14.508,normalized_per_item_best,ee5e4637dffa94a2,3.5508124828338623,4.612674236297607,4.7760329246521,4.644841194152832,3.4685699939727783,4.816673755645752,3.9381649494171143,fleurs_uk
10.382666666666667,normalized_original,eee1753076a7de8f,3.1857190132141113,3.4314820766448975,4.104880332946777,3.6200571060180664,2.7085087299346924,3.8110122680664062,3.1225311756134033,fleurs_uk
10.382666666666667,full_cascade,eee1753076a7de8f,3.697984218597412,3.7962069511413574,4.407400131225586,4.410086631774902,3.5771687030792236,4.802469253540039,3.983299493789673,fleurs_uk
10.382666666666667,normalized_per_item_best,eee1753076a7de8f,3.697984218597412,3.7962069511413574,4.407400131225586,4.410086631774902,3.5771687030792236,4.802469253540039,3.983299493789673,fleurs_uk
10.382666666666667,normalized_per_item_best_ge3_5,eee1753076a7de8f,3.697984218597412,3.7962069511413574,4.407400131225586,4.410086631774902,3.5771687030792236,4.802469253540039,3.983299493789673,fleurs_uk
4.8,normalized_original,f52f97e9d64af685,3.4611384868621826,3.5945229530334473,3.4661026000976562,3.167536973953247,2.8547749519348145,3.4892122745513916,3.1162288188934326,fleurs_uk
4.8,full_cascade,f52f97e9d64af685,3.2225446701049805,4.162667274475098,3.1286067962646484,4.222997665405273,2.8963162899017334,4.740828514099121,3.279622793197632,fleurs_uk
4.8,normalized_per_item_best,f52f97e9d64af685,3.2225446701049805,4.162667274475098,3.1286067962646484,4.222997665405273,2.8963162899017334,4.740828514099121,3.279622793197632,fleurs_uk
7.396,normalized_original,327108867eaaa2da,2.935385227203369,2.9902827739715576,3.477670192718506,3.128714084625244,2.015493392944336,4.4209089279174805,2.4715771675109863,fleurs_uk
7.396,full_cascade,327108867eaaa2da,3.846837043762207,4.398390769958496,4.651198387145996,4.586073875427246,3.6806466579437256,4.69405460357666,4.213068008422852,fleurs_uk
7.396,normalized_per_item_best,327108867eaaa2da,3.846837043762207,4.398390769958496,4.651198387145996,4.586073875427246,3.6806466579437256,4.69405460357666,4.213068008422852,fleurs_uk
7.396,normalized_per_item_best_ge3_5,327108867eaaa2da,3.846837043762207,4.398390769958496,4.651198387145996,4.586073875427246,3.6806466579437256,4.69405460357666,4.213068008422852,fleurs_uk
10.757333333333333,normalized_original,83c307693927f61f,3.3343586921691895,3.3092200756073,3.2613651752471924,3.561394691467285,2.6310973167419434,3.7240614891052246,3.101510524749756,fleurs_uk
10.757333333333333,full_cascade,83c307693927f61f,4.21488094329834,4.145750045776367,2.1985785961151123,4.651721000671387,2.983079195022583,4.894732475280762,4.032900333404541,fleurs_uk
10.757333333333333,normalized_per_item_best,83c307693927f61f,4.21488094329834,4.145750045776367,2.1985785961151123,4.651721000671387,2.983079195022583,4.894732475280762,4.032900333404541,fleurs_uk
14.564,normalized_original,e5bb518608bfdb7d,3.7671890258789062,4.084087371826172,4.657130241394043,3.5869550704956055,2.917839288711548,4.76809024810791,3.3203418254852295,fleurs_uk
14.564,full_cascade,e5bb518608bfdb7d,3.645756244659424,4.017027854919434,4.192181587219238,4.118880271911621,3.5793795585632324,4.300361633300781,3.9830472469329834,fleurs_uk
14.564,normalized_per_item_best,e5bb518608bfdb7d,3.645756244659424,4.017027854919434,4.192181587219238,4.118880271911621,3.5793795585632324,4.300361633300781,3.9830472469329834,fleurs_uk
14.564,normalized_per_item_best_ge3_5,e5bb518608bfdb7d,3.645756244659424,4.017027854919434,4.192181587219238,4.118880271911621,3.5793795585632324,4.300361633300781,3.9830472469329834,fleurs_uk
9.906666666666666,normalized_original,5691f663ddaec5b5,4.194489479064941,3.3563296794891357,3.8944342136383057,4.002845764160156,3.1149606704711914,4.624540328979492,3.6935007572174072,fleurs_uk
9.906666666666666,full_cascade,5691f663ddaec5b5,3.7645163536071777,4.0539093017578125,3.282233953475952,4.350969314575195,3.3849563598632812,4.432438373565674,3.8889002799987793,fleurs_uk
9.906666666666666,normalized_per_item_best,5691f663ddaec5b5,3.7645163536071777,4.0539093017578125,3.282233953475952,4.350969314575195,3.3849563598632812,4.432438373565674,3.8889002799987793,fleurs_uk
5.689333333333333,normalized_original,55d68ad35312f5dd,3.185516834259033,3.0118749141693115,3.7176451683044434,3.963291645050049,2.590902090072632,4.066964626312256,2.9986536502838135,fleurs_uk
5.689333333333333,full_cascade,55d68ad35312f5dd,3.632593870162964,3.7159886360168457,3.74387788772583,4.336513519287109,3.2951998710632324,4.650031089782715,3.728363513946533,fleurs_uk
5.689333333333333,normalized_per_item_best,55d68ad35312f5dd,3.632593870162964,3.7159886360168457,3.74387788772583,4.336513519287109,3.2951998710632324,4.650031089782715,3.728363513946533,fleurs_uk
11.989333333333333,normalized_original,a27cd8f0d418a777,4.139866352081299,3.7153828144073486,3.550398349761963,4.188525199890137,3.6428027153015137,4.435817241668701,4.206133842468262,fleurs_uk
11.989333333333333,full_cascade,a27cd8f0d418a777,3.8489327430725098,4.318795680999756,2.599935293197632,4.382007598876953,3.0768418312072754,4.712810516357422,3.898393154144287,fleurs_uk
11.989333333333333,normalized_per_item_best,a27cd8f0d418a777,4.139866352081299,3.7153828144073486,3.550398349761963,4.188525199890137,3.6428027153015137,4.435817241668701,4.206133842468262,fleurs_uk
11.989333333333333,normalized_per_item_best_ge3_5,a27cd8f0d418a777,4.139866352081299,3.7153828144073486,3.550398349761963,4.188525199890137,3.6428027153015137,4.435817241668701,4.206133842468262,fleurs_uk
10.498666666666667,normalized_original,794cb4991dbc7609,3.5657083988189697,3.523486375808716,4.33705472946167,3.8968734741210938,2.874217987060547,3.4181902408599854,3.184955596923828,fleurs_uk
10.498666666666667,full_cascade,794cb4991dbc7609,3.5037569999694824,4.071663856506348,4.6234331130981445,4.497412204742432,3.5588865280151367,4.756968975067139,3.946279525756836,fleurs_uk
10.498666666666667,normalized_per_item_best,794cb4991dbc7609,3.5037569999694824,4.071663856506348,4.6234331130981445,4.497412204742432,3.5588865280151367,4.756968975067139,3.946279525756836,fleurs_uk
10.498666666666667,normalized_per_item_best_ge3_5,794cb4991dbc7609,3.5037569999694824,4.071663856506348,4.6234331130981445,4.497412204742432,3.5588865280151367,4.756968975067139,3.946279525756836,fleurs_uk
8.734666666666667,normalized_original,f33621494d6e16b1,3.281662940979004,3.374701738357544,2.8464787006378174,3.775521755218506,2.568423271179199,4.086233139038086,3.0632212162017822,fleurs_uk
8.734666666666667,full_cascade,f33621494d6e16b1,3.608851909637451,4.230953216552734,2.1067590713500977,4.598358631134033,2.7300543785095215,4.3230767250061035,3.978241205215454,fleurs_uk
8.734666666666667,normalized_per_item_best,f33621494d6e16b1,3.608851909637451,4.230953216552734,2.1067590713500977,4.598358631134033,2.7300543785095215,4.3230767250061035,3.978241205215454,fleurs_uk
8.264,normalized_original,a5f851ef061a7203,3.502798080444336,3.767862558364868,3.9052906036376953,3.6040728092193604,2.741525411605835,4.825469970703125,3.231245279312134,fleurs_uk
8.264,full_cascade,a5f851ef061a7203,2.962245464324951,4.265127182006836,4.015315055847168,4.147853851318359,3.106006383895874,4.813898086547852,3.6745240688323975,fleurs_uk
8.264,normalized_per_item_best,a5f851ef061a7203,2.962245464324951,4.265127182006836,4.015315055847168,4.147853851318359,3.106006383895874,4.813898086547852,3.6745240688323975,fleurs_uk
13.188,normalized_original,d090e200f4cc636c,3.619403123855591,3.6892199516296387,3.8818674087524414,3.4088869094848633,3.0009851455688477,3.2211692333221436,3.2962236404418945,fleurs_uk
13.188,full_cascade,d090e200f4cc636c,3.7830820083618164,3.937213897705078,4.294898509979248,4.241329193115234,3.3671419620513916,4.694128036499023,3.7467074394226074,fleurs_uk
13.188,normalized_per_item_best,d090e200f4cc636c,3.7830820083618164,3.937213897705078,4.294898509979248,4.241329193115234,3.3671419620513916,4.694128036499023,3.7467074394226074,fleurs_uk
12.772,normalized_original,e982fb32bb0b099e,3.8602705001831055,3.901127815246582,4.02503776550293,3.0141141414642334,2.9191720485687256,2.502992630004883,3.653942823410034,fleurs_uk
12.772,full_cascade,e982fb32bb0b099e,4.2475481033325195,4.528564929962158,3.992658853530884,4.668329238891602,3.922909736633301,4.773024082183838,4.304067611694336,fleurs_uk
12.772,normalized_per_item_best,e982fb32bb0b099e,4.2475481033325195,4.528564929962158,3.992658853530884,4.668329238891602,3.922909736633301,4.773024082183838,4.304067611694336,fleurs_uk
12.772,normalized_per_item_best_ge3_5,e982fb32bb0b099e,4.2475481033325195,4.528564929962158,3.992658853530884,4.668329238891602,3.922909736633301,4.773024082183838,4.304067611694336,fleurs_uk
8.221333333333334,normalized_original,1e7c62bd46d20f2f,3.1900012493133545,3.7009308338165283,3.3787336349487305,3.5636751651763916,2.6911978721618652,3.944472312927246,3.1128087043762207,fleurs_uk
8.221333333333334,full_cascade,1e7c62bd46d20f2f,2.7216973304748535,3.721811294555664,1.9499881267547607,4.08731746673584,2.417160987854004,4.577016830444336,3.374884843826294,fleurs_uk
8.221333333333334,normalized_per_item_best,1e7c62bd46d20f2f,3.1900012493133545,3.7009308338165283,3.3787336349487305,3.5636751651763916,2.6911978721618652,3.944472312927246,3.1128087043762207,fleurs_uk
5.849333333333333,normalized_original,ca507cf5283e14fe,3.331735134124756,3.852595567703247,4.085026741027832,3.7348687648773193,3.1470859050750732,4.175629615783691,3.4606339931488037,fleurs_uk
5.849333333333333,full_cascade,ca507cf5283e14fe,3.577948570251465,3.931431770324707,3.9728293418884277,4.04297399520874,3.3042235374450684,4.419552803039551,3.659090042114258,fleurs_uk
5.849333333333333,normalized_per_item_best,ca507cf5283e14fe,3.577948570251465,3.931431770324707,3.9728293418884277,4.04297399520874,3.3042235374450684,4.419552803039551,3.659090042114258,fleurs_uk
11.022666666666666,normalized_original,0467f502d836f78d,3.041424512863159,3.5296475887298584,3.065136432647705,2.564361095428467,2.299058675765991,3.3554258346557617,2.8497064113616943,fleurs_uk
11.022666666666666,full_cascade,0467f502d836f78d,3.5032801628112793,4.1639933586120605,3.993666172027588,4.3981170654296875,3.1062681674957275,4.547294616699219,3.4881081581115723,fleurs_uk
11.022666666666666,normalized_per_item_best,0467f502d836f78d,3.5032801628112793,4.1639933586120605,3.993666172027588,4.3981170654296875,3.1062681674957275,4.547294616699219,3.4881081581115723,fleurs_uk
17.64666666666667,normalized_original,333b67b57a0d2b71,3.7684144973754883,3.8395814895629883,3.445568084716797,4.068897247314453,3.174452781677246,4.717160224914551,3.659499168395996,fleurs_uk
17.64666666666667,full_cascade,333b67b57a0d2b71,3.608165740966797,4.023098945617676,3.3425354957580566,4.217860221862793,3.4064295291900635,4.419811248779297,4.000694274902344,fleurs_uk
17.64666666666667,normalized_per_item_best,333b67b57a0d2b71,3.608165740966797,4.023098945617676,3.3425354957580566,4.217860221862793,3.4064295291900635,4.419811248779297,4.000694274902344,fleurs_uk
17.945333333333334,normalized_original,ca195eb9cde9d3c7,3.4133827686309814,3.5201539993286133,3.50046443939209,3.290052652359009,2.675156354904175,3.807302713394165,3.1805317401885986,fleurs_uk
17.945333333333334,full_cascade,ca195eb9cde9d3c7,3.531116247177124,4.166491508483887,4.324232578277588,4.705873489379883,3.305513858795166,4.902591705322266,3.7559542655944824,fleurs_uk
17.945333333333334,normalized_per_item_best,ca195eb9cde9d3c7,3.531116247177124,4.166491508483887,4.324232578277588,4.705873489379883,3.305513858795166,4.902591705322266,3.7559542655944824,fleurs_uk
13.14,normalized_original,735df4c409f942b8,3.9723289012908936,3.2918343544006348,4.217788219451904,3.4317831993103027,2.9254374504089355,3.486849308013916,3.3567559719085693,fleurs_uk
13.14,full_cascade,735df4c409f942b8,3.842285633087158,4.582310676574707,4.653956413269043,4.757570266723633,3.791593313217163,4.7566423416137695,4.10923957824707,fleurs_uk
13.14,normalized_per_item_best,735df4c409f942b8,3.842285633087158,4.582310676574707,4.653956413269043,4.757570266723633,3.791593313217163,4.7566423416137695,4.10923957824707,fleurs_uk
13.14,normalized_per_item_best_ge3_5,735df4c409f942b8,3.842285633087158,4.582310676574707,4.653956413269043,4.757570266723633,3.791593313217163,4.7566423416137695,4.10923957824707,fleurs_uk
6.478666666666666,normalized_original,354818c76e7c2e34,2.899880886077881,3.594986915588379,3.963737726211548,2.835686683654785,1.9463834762573242,4.073185443878174,2.512826919555664,fleurs_uk
6.478666666666666,full_cascade,354818c76e7c2e34,3.2187230587005615,4.339549541473389,4.109823703765869,4.746938228607178,3.4467012882232666,4.794551849365234,4.0039544105529785,fleurs_uk
6.478666666666666,normalized_per_item_best,354818c76e7c2e34,3.2187230587005615,4.339549541473389,4.109823703765869,4.746938228607178,3.4467012882232666,4.794551849365234,4.0039544105529785,fleurs_uk
8.669333333333332,normalized_original,a6941dfe32692f98,3.927856922149658,3.5486299991607666,3.548138380050659,4.378973960876465,3.202843189239502,4.683483600616455,3.5510544776916504,fleurs_uk
8.669333333333332,full_cascade,a6941dfe32692f98,3.5435729026794434,4.031086444854736,3.484261989593506,4.393448352813721,3.2768149375915527,4.444736480712891,3.644923686981201,fleurs_uk
8.669333333333332,normalized_per_item_best,a6941dfe32692f98,3.5435729026794434,4.031086444854736,3.484261989593506,4.393448352813721,3.2768149375915527,4.444736480712891,3.644923686981201,fleurs_uk
11.218666666666667,normalized_original,7b2374559c058ccb,3.691044569015503,4.150063514709473,4.512683868408203,4.41384220123291,3.382899284362793,4.049393653869629,3.615436315536499,fleurs_uk
11.218666666666667,full_cascade,7b2374559c058ccb,3.2366507053375244,4.189288139343262,4.272897720336914,4.239745140075684,3.156268835067749,4.5064239501953125,3.5076351165771484,fleurs_uk
11.218666666666667,normalized_per_item_best,7b2374559c058ccb,3.691044569015503,4.150063514709473,4.512683868408203,4.41384220123291,3.382899284362793,4.049393653869629,3.615436315536499,fleurs_uk
8.968,normalized_original,4033a0a142097204,3.313420057296753,3.4248838424682617,3.5057153701782227,3.5930590629577637,3.0012269020080566,3.4129652976989746,3.371488094329834,fleurs_uk
8.968,full_cascade,4033a0a142097204,3.699915647506714,4.051697731018066,3.279712438583374,4.2494635581970215,3.2340211868286133,4.5406646728515625,3.655947208404541,fleurs_uk
8.968,normalized_per_item_best,4033a0a142097204,3.699915647506714,4.051697731018066,3.279712438583374,4.2494635581970215,3.2340211868286133,4.5406646728515625,3.655947208404541,fleurs_uk
10.873333333333333,normalized_original,a52a91ca78ee3ab3,3.2443814277648926,3.3520100116729736,3.7599539756774902,2.8756208419799805,2.2212014198303223,4.133632659912109,2.825467586517334,fleurs_uk
10.873333333333333,full_cascade,a52a91ca78ee3ab3,3.757115364074707,4.087080478668213,3.8560492992401123,4.153934478759766,3.17467999458313,4.821141242980957,3.803229331970215,fleurs_uk
10.873333333333333,normalized_per_item_best,a52a91ca78ee3ab3,3.757115364074707,4.087080478668213,3.8560492992401123,4.153934478759766,3.17467999458313,4.821141242980957,3.803229331970215,fleurs_uk
9.758666666666667,normalized_original,debdc6a4c5a4f3c6,3.2690160274505615,3.3021059036254883,3.1822030544281006,4.071135520935059,2.7092785835266113,4.242664337158203,3.153700113296509,fleurs_uk
9.758666666666667,full_cascade,debdc6a4c5a4f3c6,3.4359185695648193,3.7349905967712402,2.7629899978637695,4.5240278244018555,2.923760414123535,4.53208065032959,3.6202359199523926,fleurs_uk
9.758666666666667,normalized_per_item_best,debdc6a4c5a4f3c6,3.4359185695648193,3.7349905967712402,2.7629899978637695,4.5240278244018555,2.923760414123535,4.53208065032959,3.6202359199523926,fleurs_uk
15.048,normalized_original,5eb6300304d1d12b,3.9213006496429443,3.856160879135132,3.443239212036133,3.755009174346924,3.114189386367798,3.9556989669799805,3.4599738121032715,fleurs_uk
15.048,full_cascade,5eb6300304d1d12b,3.9676833152770996,4.5795440673828125,4.770442962646484,4.834089279174805,4.039986610412598,4.901200294494629,4.308863639831543,fleurs_uk
15.048,normalized_per_item_best,5eb6300304d1d12b,3.9676833152770996,4.5795440673828125,4.770442962646484,4.834089279174805,4.039986610412598,4.901200294494629,4.308863639831543,fleurs_uk
15.048,normalized_per_item_best_ge3_5,5eb6300304d1d12b,3.9676833152770996,4.5795440673828125,4.770442962646484,4.834089279174805,4.039986610412598,4.901200294494629,4.308863639831543,fleurs_uk
18.42,normalized_original,868a3bdab88599ee,3.520843744277954,3.9669134616851807,3.123525857925415,2.824152708053589,2.73335599899292,3.8548152446746826,2.9147870540618896,fleurs_uk
18.42,full_cascade,868a3bdab88599ee,4.083379745483398,4.519221305847168,4.032340049743652,4.762723445892334,3.7265233993530273,4.8432135581970215,4.1734771728515625,fleurs_uk
18.42,normalized_per_item_best,868a3bdab88599ee,4.083379745483398,4.519221305847168,4.032340049743652,4.762723445892334,3.7265233993530273,4.8432135581970215,4.1734771728515625,fleurs_uk
18.42,normalized_per_item_best_ge3_5,868a3bdab88599ee,4.083379745483398,4.519221305847168,4.032340049743652,4.762723445892334,3.7265233993530273,4.8432135581970215,4.1734771728515625,fleurs_uk
11.04,normalized_original,8698daf0e9701268,3.349257707595825,3.752073049545288,3.1193461418151855,2.943242311477661,2.738352060317993,3.4095423221588135,3.1844165325164795,fleurs_uk
11.04,full_cascade,8698daf0e9701268,3.317126989364624,4.364356994628906,4.362177848815918,4.46623420715332,3.3911852836608887,4.586531639099121,4.044507026672363,fleurs_uk
11.04,normalized_per_item_best,8698daf0e9701268,3.317126989364624,4.364356994628906,4.362177848815918,4.46623420715332,3.3911852836608887,4.586531639099121,4.044507026672363,fleurs_uk
12.573333333333334,normalized_original,8d594f701ffd3ba4,3.824087619781494,3.6365599632263184,3.665635347366333,3.8307089805603027,3.389291286468506,4.708901405334473,3.748328685760498,fleurs_uk
12.573333333333334,full_cascade,8d594f701ffd3ba4,3.340993642807007,3.7872607707977295,3.205465793609619,4.278909206390381,3.420799493789673,4.737346172332764,4.093560218811035,fleurs_uk
12.573333333333334,normalized_per_item_best,8d594f701ffd3ba4,3.340993642807007,3.7872607707977295,3.205465793609619,4.278909206390381,3.420799493789673,4.737346172332764,4.093560218811035,fleurs_uk
10.894666666666666,normalized_original,33e0e64ffb911169,3.3187124729156494,3.5283474922180176,4.116062164306641,3.625354290008545,2.598618984222412,2.6493518352508545,3.055569648742676,fleurs_uk
10.894666666666666,full_cascade,33e0e64ffb911169,3.6617183685302734,4.1367902755737305,4.432971954345703,4.219393730163574,3.5213463306427,3.9954311847686768,3.794720411300659,fleurs_uk
10.894666666666666,normalized_per_item_best,33e0e64ffb911169,3.6617183685302734,4.1367902755737305,4.432971954345703,4.219393730163574,3.5213463306427,3.9954311847686768,3.794720411300659,fleurs_uk
10.894666666666666,normalized_per_item_best_ge3_5,33e0e64ffb911169,3.6617183685302734,4.1367902755737305,4.432971954345703,4.219393730163574,3.5213463306427,3.9954311847686768,3.794720411300659,fleurs_uk
6.828,normalized_original,cc3cbeb88a0ca00b,3.5664918422698975,4.46173095703125,3.8675477504730225,3.7098522186279297,3.1293959617614746,3.9761998653411865,3.615029811859131,fleurs_uk
6.828,full_cascade,cc3cbeb88a0ca00b,3.490349531173706,4.12220573425293,4.369187355041504,4.447074890136719,3.7316737174987793,4.432017803192139,4.3010711669921875,fleurs_uk
6.828,normalized_per_item_best,cc3cbeb88a0ca00b,3.490349531173706,4.12220573425293,4.369187355041504,4.447074890136719,3.7316737174987793,4.432017803192139,4.3010711669921875,fleurs_uk
6.828,normalized_per_item_best_ge3_5,cc3cbeb88a0ca00b,3.490349531173706,4.12220573425293,4.369187355041504,4.447074890136719,3.7316737174987793,4.432017803192139,4.3010711669921875,fleurs_uk
11.698666666666666,normalized_original,8689b5eec74f2fff,4.186070442199707,3.3851230144500732,4.099517822265625,4.008427619934082,3.1404542922973633,3.8805432319641113,3.5496621131896973,fleurs_uk
11.698666666666666,full_cascade,8689b5eec74f2fff,3.1944847106933594,4.174272537231445,4.3762311935424805,4.545305252075195,3.224628448486328,4.845068454742432,3.7770702838897705,fleurs_uk
11.698666666666666,normalized_per_item_best,8689b5eec74f2fff,3.1944847106933594,4.174272537231445,4.3762311935424805,4.545305252075195,3.224628448486328,4.845068454742432,3.7770702838897705,fleurs_uk
10.2,normalized_original,ac9151cf24a412e1,3.5391907691955566,3.55985426902771,3.109513759613037,2.4771528244018555,2.579463005065918,3.5917632579803467,2.973083257675171,fleurs_uk
10.2,full_cascade,ac9151cf24a412e1,4.242820739746094,3.9730167388916016,4.3193359375,4.519415855407715,3.7435381412506104,4.776594638824463,4.262673854827881,fleurs_uk
10.2,normalized_per_item_best,ac9151cf24a412e1,4.242820739746094,3.9730167388916016,4.3193359375,4.519415855407715,3.7435381412506104,4.776594638824463,4.262673854827881,fleurs_uk
10.2,normalized_per_item_best_ge3_5,ac9151cf24a412e1,4.242820739746094,3.9730167388916016,4.3193359375,4.519415855407715,3.7435381412506104,4.776594638824463,4.262673854827881,fleurs_uk
9.32,normalized_original,a45c10147c84d9f8,3.2864186763763428,3.7720582485198975,3.276737928390503,3.715949058532715,2.6410036087036133,4.356997489929199,3.108213186264038,fleurs_uk
9.32,full_cascade,a45c10147c84d9f8,3.7398016452789307,3.617260456085205,2.305306911468506,4.295737266540527,2.5058486461639404,4.6058220863342285,3.4483816623687744,fleurs_uk
9.32,normalized_per_item_best,a45c10147c84d9f8,3.2864186763763428,3.7720582485198975,3.276737928390503,3.715949058532715,2.6410036087036133,4.356997489929199,3.108213186264038,fleurs_uk
12.537333333333333,normalized_original,a8763d00c05c7270,3.6354334354400635,3.351182699203491,3.321383476257324,3.504667282104492,3.1211681365966797,3.7994377613067627,3.565685510635376,fleurs_uk
12.537333333333333,full_cascade,a8763d00c05c7270,3.749112129211426,4.042837619781494,2.793532371520996,4.426947593688965,3.507018804550171,4.4170026779174805,4.269042015075684,fleurs_uk
12.537333333333333,normalized_per_item_best,a8763d00c05c7270,3.749112129211426,4.042837619781494,2.793532371520996,4.426947593688965,3.507018804550171,4.4170026779174805,4.269042015075684,fleurs_uk
12.537333333333333,normalized_per_item_best_ge3_5,a8763d00c05c7270,3.749112129211426,4.042837619781494,2.793532371520996,4.426947593688965,3.507018804550171,4.4170026779174805,4.269042015075684,fleurs_uk
14.002666666666666,normalized_original,69aafe87d955ba4b,3.6610589027404785,3.7517929077148438,3.5687670707702637,3.6237282752990723,2.945711612701416,4.238726615905762,3.3597590923309326,fleurs_uk
14.002666666666666,full_cascade,69aafe87d955ba4b,3.3418188095092773,4.431926727294922,3.365645408630371,4.430994987487793,3.1227574348449707,4.592455863952637,3.6877527236938477,fleurs_uk
14.002666666666666,normalized_per_item_best,69aafe87d955ba4b,3.3418188095092773,4.431926727294922,3.365645408630371,4.430994987487793,3.1227574348449707,4.592455863952637,3.6877527236938477,fleurs_uk
10.926666666666666,normalized_original,f654a2482168dbd9,3.181119203567505,3.652627944946289,3.1968605518341064,4.2180047035217285,2.3164634704589844,2.140225410461426,2.9719583988189697,fleurs_uk
10.926666666666666,full_cascade,f654a2482168dbd9,4.181775093078613,4.467050075531006,3.708359956741333,4.463482856750488,3.598345994949341,4.8667073249816895,4.281608581542969,fleurs_uk
10.926666666666666,normalized_per_item_best,f654a2482168dbd9,4.181775093078613,4.467050075531006,3.708359956741333,4.463482856750488,3.598345994949341,4.8667073249816895,4.281608581542969,fleurs_uk
10.926666666666666,normalized_per_item_best_ge3_5,f654a2482168dbd9,4.181775093078613,4.467050075531006,3.708359956741333,4.463482856750488,3.598345994949341,4.8667073249816895,4.281608581542969,fleurs_uk
14.734666666666667,normalized_original,f16b002601063e11,3.568314790725708,3.806342601776123,4.051490783691406,3.774271011352539,2.6380372047424316,4.175379753112793,3.150684356689453,fleurs_uk
14.734666666666667,full_cascade,f16b002601063e11,3.5176451206207275,4.054440498352051,4.388226509094238,4.192488670349121,3.238081693649292,4.384961128234863,3.508538246154785,fleurs_uk
14.734666666666667,normalized_per_item_best,f16b002601063e11,3.5176451206207275,4.054440498352051,4.388226509094238,4.192488670349121,3.238081693649292,4.384961128234863,3.508538246154785,fleurs_uk
11.606666666666667,normalized_original,584722206ba5ea87,3.673640251159668,3.881070375442505,3.476450204849243,3.35557222366333,3.294649600982666,4.6435956954956055,3.941533088684082,fleurs_uk
11.606666666666667,full_cascade,584722206ba5ea87,3.1086719036102295,4.654182434082031,2.8664395809173584,4.61185359954834,3.2893948554992676,4.8117780685424805,4.050791263580322,fleurs_uk
11.606666666666667,normalized_per_item_best,584722206ba5ea87,3.673640251159668,3.881070375442505,3.476450204849243,3.35557222366333,3.294649600982666,4.6435956954956055,3.941533088684082,fleurs_uk
6.458666666666667,normalized_original,222a96e0d7dd0ce7,4.196219444274902,3.7391974925994873,3.9215047359466553,4.375766754150391,3.3165340423583984,4.717947959899902,3.619840621948242,fleurs_uk
6.458666666666667,full_cascade,222a96e0d7dd0ce7,3.40832257270813,4.386837959289551,3.4783828258514404,4.521847248077393,3.6367027759552,4.653190612792969,4.0204315185546875,fleurs_uk
6.458666666666667,normalized_per_item_best,222a96e0d7dd0ce7,3.40832257270813,4.386837959289551,3.4783828258514404,4.521847248077393,3.6367027759552,4.653190612792969,4.0204315185546875,fleurs_uk
6.458666666666667,normalized_per_item_best_ge3_5,222a96e0d7dd0ce7,3.40832257270813,4.386837959289551,3.4783828258514404,4.521847248077393,3.6367027759552,4.653190612792969,4.0204315185546875,fleurs_uk
11.844,normalized_original,4046a6918cbc6198,3.2474985122680664,3.8141603469848633,2.7026174068450928,3.9514811038970947,2.898390769958496,4.4608869552612305,3.2761664390563965,fleurs_uk
11.844,full_cascade,4046a6918cbc6198,3.3197357654571533,4.059047698974609,1.7085084915161133,4.727489948272705,2.288926601409912,4.815079689025879,3.4369308948516846,fleurs_uk
11.844,normalized_per_item_best,4046a6918cbc6198,3.2474985122680664,3.8141603469848633,2.7026174068450928,3.9514811038970947,2.898390769958496,4.4608869552612305,3.2761664390563965,fleurs_uk
4.818666666666667,normalized_original,f0495e9522a7580f,3.6770596504211426,3.6940808296203613,3.4242300987243652,3.833601713180542,2.5413708686828613,4.29918909072876,2.900358200073242,fleurs_uk
4.818666666666667,full_cascade,f0495e9522a7580f,3.5876965522766113,3.4904329776763916,2.33001446723938,4.1757612228393555,2.6216249465942383,4.192044258117676,3.395843267440796,fleurs_uk
4.818666666666667,normalized_per_item_best,f0495e9522a7580f,3.5876965522766113,3.4904329776763916,2.33001446723938,4.1757612228393555,2.6216249465942383,4.192044258117676,3.395843267440796,fleurs_uk
7.705333333333333,normalized_original,d3c65f60de08cc59,3.1499264240264893,4.043829917907715,3.5848593711853027,3.3259873390197754,2.724160671234131,3.5000247955322266,3.210932970046997,fleurs_uk
7.705333333333333,full_cascade,d3c65f60de08cc59,3.47068190574646,4.039097785949707,4.195418357849121,4.264206886291504,3.491530179977417,4.629139423370361,3.9643714427948,fleurs_uk
7.705333333333333,normalized_per_item_best,d3c65f60de08cc59,3.47068190574646,4.039097785949707,4.195418357849121,4.264206886291504,3.491530179977417,4.629139423370361,3.9643714427948,fleurs_uk
5.213333333333333,normalized_original,804a5cfa9e39d4c0,3.496042251586914,4.132638931274414,3.365658760070801,3.003192901611328,2.793571710586548,4.243412494659424,3.157954692840576,fleurs_uk
5.213333333333333,full_cascade,804a5cfa9e39d4c0,3.6130597591400146,3.804497241973877,2.951575517654419,3.7324705123901367,3.1619396209716797,4.750572681427002,3.946183443069458,fleurs_uk
5.213333333333333,normalized_per_item_best,804a5cfa9e39d4c0,3.6130597591400146,3.804497241973877,2.951575517654419,3.7324705123901367,3.1619396209716797,4.750572681427002,3.946183443069458,fleurs_uk
12.2,normalized_original,d9356cbfb7795081,3.6673429012298584,3.434708595275879,2.870922565460205,2.8395252227783203,2.5438292026519775,3.243077039718628,2.99157977104187,fleurs_uk
12.2,full_cascade,d9356cbfb7795081,3.731980562210083,3.7143359184265137,3.822211742401123,4.337123870849609,3.1578173637390137,4.775903701782227,3.4678542613983154,fleurs_uk
12.2,normalized_per_item_best,d9356cbfb7795081,3.731980562210083,3.7143359184265137,3.822211742401123,4.337123870849609,3.1578173637390137,4.775903701782227,3.4678542613983154,fleurs_uk
11.818666666666667,normalized_original,a137d8e70532b244,3.4447004795074463,4.180150032043457,3.701861619949341,3.5220162868499756,3.108262062072754,4.226007461547852,3.5860743522644043,fleurs_uk
11.818666666666667,full_cascade,a137d8e70532b244,2.847287654876709,4.317185401916504,4.695038795471191,4.809711456298828,3.4095346927642822,4.769255638122559,3.739668130874634,fleurs_uk
11.818666666666667,normalized_per_item_best,a137d8e70532b244,2.847287654876709,4.317185401916504,4.695038795471191,4.809711456298828,3.4095346927642822,4.769255638122559,3.739668130874634,fleurs_uk
9.96,normalized_original,b47e47b723203d93,3.4206416606903076,4.209482669830322,3.021108627319336,2.761918306350708,2.8419532775878906,3.6305251121520996,3.1033146381378174,fleurs_uk
9.96,full_cascade,b47e47b723203d93,3.8057141304016113,4.293262481689453,4.185908317565918,4.521651268005371,3.3020846843719482,4.570103645324707,4.0234270095825195,fleurs_uk
9.96,normalized_per_item_best,b47e47b723203d93,3.8057141304016113,4.293262481689453,4.185908317565918,4.521651268005371,3.3020846843719482,4.570103645324707,4.0234270095825195,fleurs_uk
10.764,normalized_original,d4455526189dee42,3.1035168170928955,3.8152859210968018,3.7435710430145264,3.77955961227417,2.90803599357605,4.155705451965332,3.340174674987793,fleurs_uk
10.764,full_cascade,d4455526189dee42,3.1179850101470947,4.607291221618652,1.925682783126831,4.8631415367126465,2.5895371437072754,4.5791521072387695,3.766085624694824,fleurs_uk
10.764,normalized_per_item_best,d4455526189dee42,3.1035168170928955,3.8152859210968018,3.7435710430145264,3.77955961227417,2.90803599357605,4.155705451965332,3.340174674987793,fleurs_uk
6.749333333333333,normalized_original,e677a32e926ce1d5,3.967428207397461,3.9572975635528564,3.2918858528137207,4.423208236694336,3.2112951278686523,4.511703014373779,3.5857486724853516,fleurs_uk
6.749333333333333,full_cascade,e677a32e926ce1d5,3.6991872787475586,4.3747358322143555,3.1418707370758057,4.720990180969238,3.3757238388061523,4.322059631347656,4.070505619049072,fleurs_uk
6.749333333333333,normalized_per_item_best,e677a32e926ce1d5,3.6991872787475586,4.3747358322143555,3.1418707370758057,4.720990180969238,3.3757238388061523,4.322059631347656,4.070505619049072,fleurs_uk
14.681333333333333,normalized_original,1c3410a58f3482b4,3.7019078731536865,3.1719791889190674,3.9409868717193604,3.5836191177368164,2.8463847637176514,3.9300625324249268,3.384422779083252,fleurs_uk
14.681333333333333,full_cascade,1c3410a58f3482b4,3.758963108062744,4.440387725830078,4.577530860900879,4.859330177307129,3.7800803184509277,4.832170486450195,4.268662929534912,fleurs_uk
14.681333333333333,normalized_per_item_best,1c3410a58f3482b4,3.758963108062744,4.440387725830078,4.577530860900879,4.859330177307129,3.7800803184509277,4.832170486450195,4.268662929534912,fleurs_uk
14.681333333333333,normalized_per_item_best_ge3_5,1c3410a58f3482b4,3.758963108062744,4.440387725830078,4.577530860900879,4.859330177307129,3.7800803184509277,4.832170486450195,4.268662929534912,fleurs_uk
6.429333333333333,normalized_original,88157b1754b1f7fc,3.6310911178588867,3.6065385341644287,3.4234633445739746,3.4482100009918213,3.060817241668701,3.411898374557495,3.4761645793914795,fleurs_uk
6.429333333333333,full_cascade,88157b1754b1f7fc,3.294522285461426,4.2466721534729,3.9601712226867676,4.676087856292725,3.4643688201904297,4.475900650024414,3.9344022274017334,fleurs_uk
6.429333333333333,normalized_per_item_best,88157b1754b1f7fc,3.294522285461426,4.2466721534729,3.9601712226867676,4.676087856292725,3.4643688201904297,4.475900650024414,3.9344022274017334,fleurs_uk
12.118666666666666,normalized_original,d60a45ed449aa919,3.4597456455230713,3.638681411743164,3.676109552383423,3.7400119304656982,2.748039484024048,3.7040908336639404,3.0745396614074707,fleurs_uk
12.118666666666666,full_cascade,d60a45ed449aa919,3.3930277824401855,3.937041759490967,4.432183265686035,4.3325324058532715,3.187321901321411,4.6269850730896,3.637576103210449,fleurs_uk
12.118666666666666,normalized_per_item_best,d60a45ed449aa919,3.3930277824401855,3.937041759490967,4.432183265686035,4.3325324058532715,3.187321901321411,4.6269850730896,3.637576103210449,fleurs_uk
7.44,normalized_original,51a1f94f96449920,3.6564440727233887,3.6887526512145996,3.3329179286956787,2.403263568878174,2.327915906906128,3.7560040950775146,2.684319257736206,fleurs_uk
7.44,full_cascade,51a1f94f96449920,3.964644193649292,4.560089111328125,3.9812233448028564,4.081354141235352,3.4275190830230713,4.399840354919434,3.949894905090332,fleurs_uk
7.44,normalized_per_item_best,51a1f94f96449920,3.964644193649292,4.560089111328125,3.9812233448028564,4.081354141235352,3.4275190830230713,4.399840354919434,3.949894905090332,fleurs_uk
13.096,normalized_original,4e3c5ab1819b3e25,3.6756064891815186,3.4847519397735596,3.749025583267212,3.7281334400177,3.1728525161743164,4.549731254577637,3.6778323650360107,fleurs_uk
13.096,full_cascade,4e3c5ab1819b3e25,3.4848389625549316,4.553143501281738,3.3766536712646484,4.561387062072754,3.027984857559204,4.857263565063477,3.948840618133545,fleurs_uk
13.096,normalized_per_item_best,4e3c5ab1819b3e25,3.6756064891815186,3.4847519397735596,3.749025583267212,3.7281334400177,3.1728525161743164,4.549731254577637,3.6778323650360107,fleurs_uk
10.916,normalized_original,92ed791b24f80b91,3.7149434089660645,4.136404037475586,4.047689437866211,3.6797289848327637,3.017479181289673,4.323482513427734,3.7278566360473633,fleurs_uk
10.916,full_cascade,92ed791b24f80b91,4.1131367683410645,4.863503456115723,4.344118118286133,4.531747817993164,4.03256893157959,4.735326290130615,4.36548376083374,fleurs_uk
10.916,normalized_per_item_best,92ed791b24f80b91,4.1131367683410645,4.863503456115723,4.344118118286133,4.531747817993164,4.03256893157959,4.735326290130615,4.36548376083374,fleurs_uk
10.916,normalized_per_item_best_ge3_5,92ed791b24f80b91,4.1131367683410645,4.863503456115723,4.344118118286133,4.531747817993164,4.03256893157959,4.735326290130615,4.36548376083374,fleurs_uk
10.464,normalized_original,9402e75a29af9903,3.063081741333008,3.1979048252105713,2.941114664077759,3.9047701358795166,2.3886606693267822,3.8821935653686523,2.628124713897705,fleurs_uk
10.464,full_cascade,9402e75a29af9903,2.541834831237793,4.364149570465088,2.0011050701141357,4.324785232543945,2.6192779541015625,4.502503395080566,3.789332151412964,fleurs_uk
10.464,normalized_per_item_best,9402e75a29af9903,2.541834831237793,4.364149570465088,2.0011050701141357,4.324785232543945,2.6192779541015625,4.502503395080566,3.789332151412964,fleurs_uk
10.696,normalized_original,079895761aba879c,3.5809175968170166,3.699601173400879,3.1594583988189697,3.9764785766601562,3.3137574195861816,4.336256980895996,3.8288040161132812,fleurs_uk
10.696,full_cascade,079895761aba879c,3.188764810562134,4.543460845947266,2.285257339477539,4.740706443786621,2.6874077320098877,4.778773307800293,3.8531856536865234,fleurs_uk
10.696,normalized_per_item_best,079895761aba879c,3.5809175968170166,3.699601173400879,3.1594583988189697,3.9764785766601562,3.3137574195861816,4.336256980895996,3.8288040161132812,fleurs_uk
5.96,normalized_original,10cdf3773f922512,3.3743724822998047,4.025758743286133,3.361556053161621,3.978757858276367,3.129206895828247,4.597646713256836,3.5234298706054688,fleurs_uk
5.96,full_cascade,10cdf3773f922512,3.5468430519104004,4.805024147033691,2.560335874557495,4.642097473144531,3.435532808303833,4.560352802276611,4.311939239501953,fleurs_uk
5.96,normalized_per_item_best,10cdf3773f922512,3.5468430519104004,4.805024147033691,2.560335874557495,4.642097473144531,3.435532808303833,4.560352802276611,4.311939239501953,fleurs_uk
10.937333333333333,normalized_original,8f3c95d98fcf2542,3.206387758255005,2.6786022186279297,3.1448752880096436,4.007252216339111,2.270622968673706,3.9332151412963867,2.683762550354004,fleurs_uk
10.937333333333333,full_cascade,8f3c95d98fcf2542,3.652301073074341,4.315333843231201,1.810833215713501,4.582054138183594,2.6694319248199463,4.735631942749023,3.911423683166504,fleurs_uk
10.937333333333333,normalized_per_item_best,8f3c95d98fcf2542,3.652301073074341,4.315333843231201,1.810833215713501,4.582054138183594,2.6694319248199463,4.735631942749023,3.911423683166504,fleurs_uk
8.557333333333334,normalized_original,3c418e8b71f5cea6,3.9519593715667725,4.018613338470459,3.6612141132354736,3.944122791290283,3.472991466522217,3.934357166290283,4.046451568603516,fleurs_uk
8.557333333333334,full_cascade,3c418e8b71f5cea6,3.7411818504333496,4.6670989990234375,3.542440891265869,4.567025184631348,3.746286153793335,4.628302574157715,4.310860633850098,fleurs_uk
8.557333333333334,normalized_per_item_best,3c418e8b71f5cea6,3.7411818504333496,4.6670989990234375,3.542440891265869,4.567025184631348,3.746286153793335,4.628302574157715,4.310860633850098,fleurs_uk
8.557333333333334,normalized_per_item_best_ge3_5,3c418e8b71f5cea6,3.7411818504333496,4.6670989990234375,3.542440891265869,4.567025184631348,3.746286153793335,4.628302574157715,4.310860633850098,fleurs_uk
12.505333333333333,normalized_original,21c35569bc050375,3.8276679515838623,3.8756487369537354,4.614789962768555,3.5471484661102295,3.2398760318756104,4.37025260925293,3.941042184829712,fleurs_uk
12.505333333333333,full_cascade,21c35569bc050375,3.803309679031372,4.102293014526367,4.591418266296387,4.6095428466796875,3.579033374786377,4.501762390136719,3.902287721633911,fleurs_uk
12.505333333333333,normalized_per_item_best,21c35569bc050375,3.803309679031372,4.102293014526367,4.591418266296387,4.6095428466796875,3.579033374786377,4.501762390136719,3.902287721633911,fleurs_uk
12.505333333333333,normalized_per_item_best_ge3_5,21c35569bc050375,3.803309679031372,4.102293014526367,4.591418266296387,4.6095428466796875,3.579033374786377,4.501762390136719,3.902287721633911,fleurs_uk
3.6026666666666665,normalized_original,cf89152cdd4870d0,3.8441593647003174,4.0187273025512695,4.07810115814209,4.180069446563721,2.9614036083221436,3.5898051261901855,3.313462495803833,fleurs_uk
3.6026666666666665,full_cascade,cf89152cdd4870d0,3.6294949054718018,3.55025315284729,4.279842376708984,4.704668045043945,3.1932148933410645,4.737519264221191,3.697486400604248,fleurs_uk
3.6026666666666665,normalized_per_item_best,cf89152cdd4870d0,3.6294949054718018,3.55025315284729,4.279842376708984,4.704668045043945,3.1932148933410645,4.737519264221191,3.697486400604248,fleurs_uk
2.7493333333333334,normalized_original,eb898a121f485b26,3.1816651821136475,4.327179431915283,3.2395925521850586,4.787322521209717,2.9283785820007324,4.373249053955078,3.7045786380767822,opentts_lada
2.7493333333333334,full_cascade,eb898a121f485b26,2.808548927307129,4.281496524810791,3.5454390048980713,4.612232208251953,2.760340452194214,3.9134769439697266,3.4820237159729004,opentts_lada
2.7493333333333334,normalized_per_item_best,eb898a121f485b26,3.1816651821136475,4.327179431915283,3.2395925521850586,4.787322521209717,2.9283785820007324,4.373249053955078,3.7045786380767822,opentts_lada
4.04,normalized_original,e8449482430bafd8,3.1383159160614014,4.063608646392822,3.173685312271118,2.146981954574585,2.1252918243408203,4.108477592468262,3.139407157897949,opentts_lada
4.04,full_cascade,e8449482430bafd8,3.70202374458313,4.32138729095459,3.7374606132507324,3.100360870361328,2.8284435272216797,4.237305641174316,3.592442512512207,opentts_lada
4.04,normalized_per_item_best,e8449482430bafd8,3.70202374458313,4.32138729095459,3.7374606132507324,3.100360870361328,2.8284435272216797,4.237305641174316,3.592442512512207,opentts_lada
2.536,normalized_original,21bb6688a0a1113f,3.125328779220581,3.9600324630737305,2.0089380741119385,3.616267204284668,2.391056537628174,3.5551249980926514,3.49923038482666,opentts_lada
2.536,full_cascade,21bb6688a0a1113f,3.0468504428863525,4.559788703918457,3.401888370513916,4.143219947814941,2.5130326747894287,4.192511558532715,3.704464912414551,opentts_lada
2.536,normalized_per_item_best,21bb6688a0a1113f,3.0468504428863525,4.559788703918457,3.401888370513916,4.143219947814941,2.5130326747894287,4.192511558532715,3.704464912414551,opentts_lada
2.002666666666667,normalized_original,0dd5f5a8f9a09cc5,3.0151681900024414,4.161638259887695,2.9140820503234863,3.3103134632110596,2.3782637119293213,3.590860366821289,3.5587193965911865,opentts_lada
2.002666666666667,full_cascade,0dd5f5a8f9a09cc5,3.300997018814087,4.381012916564941,3.9376745223999023,3.889064311981201,2.183443546295166,3.9843080043792725,3.8173651695251465,opentts_lada
2.002666666666667,normalized_per_item_best,0dd5f5a8f9a09cc5,3.0151681900024414,4.161638259887695,2.9140820503234863,3.3103134632110596,2.3782637119293213,3.590860366821289,3.5587193965911865,opentts_lada
3.9226666666666667,normalized_original,a62f0a11f72e0935,3.7752552032470703,4.109630107879639,3.1467976570129395,4.248324871063232,2.8700850009918213,4.152069091796875,3.601799488067627,opentts_lada
3.9226666666666667,full_cascade,a62f0a11f72e0935,3.4653306007385254,4.508413791656494,3.4544596672058105,4.373414993286133,3.3215200901031494,4.490908145904541,3.902390241622925,opentts_lada
3.9226666666666667,normalized_per_item_best,a62f0a11f72e0935,3.4653306007385254,4.508413791656494,3.4544596672058105,4.373414993286133,3.3215200901031494,4.490908145904541,3.902390241622925,opentts_lada
2.3013333333333335,normalized_original,7a5dcfae51994d97,2.930410146713257,4.478044509887695,3.218118190765381,2.7236058712005615,2.315849542617798,3.520010232925415,3.354599714279175,opentts_lada
2.3013333333333335,full_cascade,7a5dcfae51994d97,2.757607936859131,4.0655903816223145,3.3672494888305664,3.650569438934326,2.669315814971924,3.8710527420043945,3.239424228668213,opentts_lada
2.3013333333333335,normalized_per_item_best,7a5dcfae51994d97,2.757607936859131,4.0655903816223145,3.3672494888305664,3.650569438934326,2.669315814971924,3.8710527420043945,3.239424228668213,opentts_lada
4.605333333333333,normalized_original,6a0d36c4b3017098,3.200004816055298,4.0908894538879395,3.029513120651245,4.252192974090576,3.190753698348999,3.6360607147216797,3.7803409099578857,opentts_lada
4.605333333333333,full_cascade,6a0d36c4b3017098,3.0464417934417725,4.444311618804932,3.5974574089050293,4.1667070388793945,3.0233819484710693,3.814091444015503,4.088009834289551,opentts_lada
4.605333333333333,normalized_per_item_best,6a0d36c4b3017098,3.200004816055298,4.0908894538879395,3.029513120651245,4.252192974090576,3.190753698348999,3.6360607147216797,3.7803409099578857,opentts_lada
3.7946666666666666,normalized_original,ed7746419b367042,3.2402803897857666,4.349987030029297,3.0457403659820557,3.2197213172912598,3.0097484588623047,3.8754279613494873,3.771934747695923,opentts_lada
3.7946666666666666,full_cascade,ed7746419b367042,3.3294501304626465,4.1100640296936035,3.197479248046875,3.711212158203125,2.951744556427002,4.212990760803223,3.467618227005005,opentts_lada
3.7946666666666666,normalized_per_item_best,ed7746419b367042,3.2402803897857666,4.349987030029297,3.0457403659820557,3.2197213172912598,3.0097484588623047,3.8754279613494873,3.771934747695923,opentts_lada
2.8453333333333335,normalized_original,14cfdbc496752bee,3.4664113521575928,3.902289390563965,3.51235294342041,4.557560920715332,2.998612880706787,4.13505220413208,3.4711878299713135,opentts_lada
2.8453333333333335,full_cascade,14cfdbc496752bee,3.4274377822875977,3.858135223388672,3.369638204574585,4.579724311828613,3.032275915145874,4.1862568855285645,3.4123764038085938,opentts_lada
2.8453333333333335,normalized_per_item_best,14cfdbc496752bee,3.4274377822875977,3.858135223388672,3.369638204574585,4.579724311828613,3.032275915145874,4.1862568855285645,3.4123764038085938,opentts_lada
2.952,normalized_original,b3a0725d52e4df4a,3.4416897296905518,3.9575464725494385,3.439032793045044,3.8600919246673584,2.8079466819763184,3.9356396198272705,3.937922239303589,opentts_lada
2.952,full_cascade,b3a0725d52e4df4a,3.461730480194092,4.252505302429199,3.622446298599243,4.221473693847656,3.2548842430114746,4.4491047859191895,4.277700424194336,opentts_lada
2.952,normalized_per_item_best,b3a0725d52e4df4a,3.461730480194092,4.252505302429199,3.622446298599243,4.221473693847656,3.2548842430114746,4.4491047859191895,4.277700424194336,opentts_lada
4.616,normalized_original,2c77c8ce4c9a8e81,3.320500373840332,3.7850208282470703,2.9606971740722656,3.8532533645629883,2.5422940254211426,4.358217716217041,3.080850839614868,opentts_lada
4.616,full_cascade,2c77c8ce4c9a8e81,3.4417777061462402,4.507270812988281,2.4683573246002197,4.093319892883301,2.735588312149048,4.885331153869629,3.6511712074279785,opentts_lada
4.616,normalized_per_item_best,2c77c8ce4c9a8e81,3.4417777061462402,4.507270812988281,2.4683573246002197,4.093319892883301,2.735588312149048,4.885331153869629,3.6511712074279785,opentts_lada
2.0453333333333332,normalized_original,13376eeaa2862f39,4.174464225769043,4.349312782287598,3.9587254524230957,4.178071022033691,3.256645441055298,4.004188060760498,3.826016664505005,opentts_lada
2.0453333333333332,full_cascade,13376eeaa2862f39,3.5373172760009766,4.557062149047852,3.3789327144622803,4.303619384765625,3.1808412075042725,3.9037961959838867,4.008040428161621,opentts_lada
2.0453333333333332,normalized_per_item_best,13376eeaa2862f39,4.174464225769043,4.349312782287598,3.9587254524230957,4.178071022033691,3.256645441055298,4.004188060760498,3.826016664505005,opentts_lada
3.816,normalized_original,fd0881c5cac462ed,2.6917757987976074,3.98825740814209,3.3536839485168457,4.779829025268555,2.6671717166900635,3.774454116821289,3.6523165702819824,opentts_lada
3.816,full_cascade,fd0881c5cac462ed,3.04152250289917,4.610379219055176,3.36830472946167,4.824039936065674,3.020115613937378,4.04641056060791,3.7748844623565674,opentts_lada
3.816,normalized_per_item_best,fd0881c5cac462ed,3.04152250289917,4.610379219055176,3.36830472946167,4.824039936065674,3.020115613937378,4.04641056060791,3.7748844623565674,opentts_lada
2.2266666666666666,normalized_original,8f098940e429bdf0,2.600367784500122,4.5466461181640625,3.1503775119781494,4.272407531738281,2.8811914920806885,4.020397663116455,3.715174674987793,opentts_lada
2.2266666666666666,full_cascade,8f098940e429bdf0,2.887730121612549,4.475338459014893,4.154036521911621,4.028409957885742,2.722778797149658,4.269930839538574,3.4363179206848145,opentts_lada
2.2266666666666666,normalized_per_item_best,8f098940e429bdf0,2.600367784500122,4.5466461181640625,3.1503775119781494,4.272407531738281,2.8811914920806885,4.020397663116455,3.715174674987793,opentts_lada
5.448,normalized_original,6883c011c9ab0f41,3.8101418018341064,4.083949565887451,2.299323797225952,3.904262065887451,2.4668028354644775,4.204896926879883,3.5340895652770996,opentts_lada
5.448,full_cascade,6883c011c9ab0f41,3.444751501083374,4.093077659606934,2.8893492221832275,4.015027046203613,2.6837871074676514,4.757620811462402,3.25903058052063,opentts_lada
5.448,normalized_per_item_best,6883c011c9ab0f41,3.444751501083374,4.093077659606934,2.8893492221832275,4.015027046203613,2.6837871074676514,4.757620811462402,3.25903058052063,opentts_lada
4.701333333333333,normalized_original,15c1b955fd45d0cb,2.7768094539642334,4.48685359954834,3.55421781539917,3.4155466556549072,2.875108003616333,4.219571113586426,3.4123311042785645,opentts_lada
4.701333333333333,full_cascade,15c1b955fd45d0cb,3.2529070377349854,4.295489311218262,3.3409059047698975,4.066450595855713,3.1845595836639404,4.114686965942383,3.6166114807128906,opentts_lada
4.701333333333333,normalized_per_item_best,15c1b955fd45d0cb,3.2529070377349854,4.295489311218262,3.3409059047698975,4.066450595855713,3.1845595836639404,4.114686965942383,3.6166114807128906,opentts_lada
2.44,normalized_original,d87767e09ae3c0a7,3.4020485877990723,4.331615447998047,3.022156000137329,4.153395652770996,3.0206174850463867,4.014958381652832,3.4007673263549805,opentts_lada
2.44,full_cascade,d87767e09ae3c0a7,2.778712272644043,4.774249076843262,3.0685698986053467,4.652736186981201,2.748380661010742,4.554080486297607,3.71673321723938,opentts_lada
2.44,normalized_per_item_best,d87767e09ae3c0a7,3.4020485877990723,4.331615447998047,3.022156000137329,4.153395652770996,3.0206174850463867,4.014958381652832,3.4007673263549805,opentts_lada
3.752,normalized_original,8de6fd86720527cf,3.080916404724121,4.575442314147949,2.8356332778930664,3.4059300422668457,2.4475886821746826,4.1960320472717285,3.7030653953552246,opentts_lada
3.752,full_cascade,8de6fd86720527cf,2.6631548404693604,4.786253929138184,3.061882257461548,3.981768846511841,2.634648084640503,3.901528835296631,3.334296941757202,opentts_lada
3.752,normalized_per_item_best,8de6fd86720527cf,2.6631548404693604,4.786253929138184,3.061882257461548,3.981768846511841,2.634648084640503,3.901528835296631,3.334296941757202,opentts_lada
3.304,normalized_original,0d420c948e3fca43,3.375425338745117,4.0251007080078125,3.1434385776519775,4.346705436706543,2.7242062091827393,4.062389373779297,3.3172049522399902,opentts_lada
3.304,full_cascade,0d420c948e3fca43,3.1271612644195557,3.713787794113159,2.903764009475708,4.669912338256836,2.4836838245391846,3.989990711212158,3.032493829727173,opentts_lada
3.304,normalized_per_item_best,0d420c948e3fca43,3.375425338745117,4.0251007080078125,3.1434385776519775,4.346705436706543,2.7242062091827393,4.062389373779297,3.3172049522399902,opentts_lada
3.624,normalized_original,b7c03ad16de492da,3.934627056121826,4.124676704406738,2.9195187091827393,3.3746304512023926,2.601646661758423,4.079166412353516,4.027722358703613,opentts_lada
3.624,full_cascade,b7c03ad16de492da,3.66039776802063,4.284721374511719,3.6967787742614746,3.933967113494873,2.733757257461548,3.953119993209839,4.066898822784424,opentts_lada
3.624,normalized_per_item_best,b7c03ad16de492da,3.66039776802063,4.284721374511719,3.6967787742614746,3.933967113494873,2.733757257461548,3.953119993209839,4.066898822784424,opentts_lada
2.034666666666667,normalized_original,0f5525a960cd2733,3.5616090297698975,3.803492546081543,3.8697702884674072,4.286493301391602,2.8749337196350098,3.774496555328369,3.4612462520599365,opentts_lada
2.034666666666667,full_cascade,0f5525a960cd2733,3.501214027404785,4.066807746887207,3.5515296459198,4.184055328369141,3.0155296325683594,4.465892791748047,3.7148802280426025,opentts_lada
2.034666666666667,normalized_per_item_best,0f5525a960cd2733,3.501214027404785,4.066807746887207,3.5515296459198,4.184055328369141,3.0155296325683594,4.465892791748047,3.7148802280426025,opentts_lada
4.584,normalized_original,faefb12a08a739b4,3.4993300437927246,4.081287384033203,2.887665033340454,3.364680767059326,2.588388204574585,4.521305561065674,4.008164405822754,opentts_lada
4.584,full_cascade,faefb12a08a739b4,3.414778470993042,4.193929672241211,3.726299524307251,4.090946197509766,2.9364774227142334,4.503276824951172,4.100193500518799,opentts_lada
4.584,normalized_per_item_best,faefb12a08a739b4,3.414778470993042,4.193929672241211,3.726299524307251,4.090946197509766,2.9364774227142334,4.503276824951172,4.100193500518799,opentts_lada
2.376,normalized_original,c0cf2c236786cfe1,3.5246849060058594,4.58436393737793,2.97759747505188,3.4347336292266846,2.5148375034332275,4.00385856628418,4.001443862915039,opentts_lada
2.376,full_cascade,c0cf2c236786cfe1,3.341754198074341,4.6239542961120605,2.811302423477173,4.22019100189209,3.119729518890381,4.0478410720825195,3.7383358478546143,opentts_lada
2.376,normalized_per_item_best,c0cf2c236786cfe1,3.341754198074341,4.6239542961120605,2.811302423477173,4.22019100189209,3.119729518890381,4.0478410720825195,3.7383358478546143,opentts_lada
2.6,normalized_original,a1cc283cf940e383,3.2812116146087646,4.702645778656006,2.7480664253234863,3.85086989402771,2.862861156463623,4.283008575439453,3.901137351989746,opentts_lada
2.6,full_cascade,a1cc283cf940e383,3.5256974697113037,4.533509254455566,3.426579236984253,4.056633949279785,3.0992772579193115,3.637937307357788,4.1056013107299805,opentts_lada
2.6,normalized_per_item_best,a1cc283cf940e383,3.5256974697113037,4.533509254455566,3.426579236984253,4.056633949279785,3.0992772579193115,3.637937307357788,4.1056013107299805,opentts_lada
2.3973333333333335,normalized_original,23c007617141ed90,3.7328312397003174,4.120243549346924,2.801163673400879,3.4464356899261475,2.087455987930298,3.526120662689209,3.5800325870513916,opentts_lada
2.3973333333333335,full_cascade,23c007617141ed90,3.0469136238098145,4.187621116638184,3.004997730255127,4.190573215484619,2.6068098545074463,4.080100059509277,3.6358890533447266,opentts_lada
2.3973333333333335,normalized_per_item_best,23c007617141ed90,3.0469136238098145,4.187621116638184,3.004997730255127,4.190573215484619,2.6068098545074463,4.080100059509277,3.6358890533447266,opentts_lada
4.626666666666667,normalized_original,812f332833a170a3,3.7775931358337402,4.317830562591553,2.7859933376312256,4.399273872375488,2.929255485534668,4.431967735290527,4.048360824584961,opentts_lada
4.626666666666667,full_cascade,812f332833a170a3,3.8027687072753906,4.568170547485352,3.2828831672668457,4.435837745666504,2.8730154037475586,4.143181324005127,3.355515718460083,opentts_lada
4.626666666666667,normalized_per_item_best,812f332833a170a3,3.7775931358337402,4.317830562591553,2.7859933376312256,4.399273872375488,2.929255485534668,4.431967735290527,4.048360824584961,opentts_lada
3.005333333333333,normalized_original,fac6abf113898efb,3.114717483520508,4.058605194091797,2.7885749340057373,3.2489898204803467,2.6576476097106934,3.973145008087158,3.378084897994995,opentts_lada
3.005333333333333,full_cascade,fac6abf113898efb,2.6848692893981934,4.804272651672363,2.7670950889587402,3.2219672203063965,2.2765073776245117,4.233386993408203,3.217761754989624,opentts_lada
3.005333333333333,normalized_per_item_best,fac6abf113898efb,3.114717483520508,4.058605194091797,2.7885749340057373,3.2489898204803467,2.6576476097106934,3.973145008087158,3.378084897994995,opentts_lada
2.2693333333333334,normalized_original,e9a72a1613b465ae,3.9435107707977295,4.5421857833862305,3.485409736633301,4.015261650085449,2.9110023975372314,4.699700832366943,4.348082542419434,opentts_lada
2.2693333333333334,full_cascade,e9a72a1613b465ae,3.7214624881744385,4.566059112548828,3.2732434272766113,4.692120552062988,2.6880781650543213,4.824942588806152,4.208254337310791,opentts_lada
2.2693333333333334,normalized_per_item_best,e9a72a1613b465ae,3.9435107707977295,4.5421857833862305,3.485409736633301,4.015261650085449,2.9110023975372314,4.699700832366943,4.348082542419434,opentts_lada
4.925333333333334,normalized_original,3370cc314324afd0,3.8055484294891357,4.259273529052734,2.8390655517578125,4.528176307678223,2.791900873184204,4.327132701873779,3.79341983795166,opentts_lada
4.925333333333334,full_cascade,3370cc314324afd0,3.698319435119629,4.49777364730835,2.8433446884155273,4.617184162139893,2.69852352142334,4.289289951324463,3.909306049346924,opentts_lada
4.925333333333334,normalized_per_item_best,3370cc314324afd0,3.8055484294891357,4.259273529052734,2.8390655517578125,4.528176307678223,2.791900873184204,4.327132701873779,3.79341983795166,opentts_lada
4.157333333333334,normalized_original,ec2af6a0a797fee2,3.6471991539001465,3.982987880706787,3.4354658126831055,3.590055465698242,2.722580671310425,4.444015026092529,3.7546660900115967,opentts_lada
4.157333333333334,full_cascade,ec2af6a0a797fee2,3.4824037551879883,4.438422203063965,3.3163998126983643,4.11060094833374,3.342473030090332,4.273599624633789,3.86409854888916,opentts_lada
4.157333333333334,normalized_per_item_best,ec2af6a0a797fee2,3.4824037551879883,4.438422203063965,3.3163998126983643,4.11060094833374,3.342473030090332,4.273599624633789,3.86409854888916,opentts_lada
3.272,normalized_original,5f9e3d1b5205c791,3.398773193359375,3.83658504486084,3.093597650527954,3.415451765060425,3.051987648010254,4.179976940155029,3.716444730758667,opentts_lada
3.272,full_cascade,5f9e3d1b5205c791,2.981003999710083,4.286311149597168,3.3028526306152344,3.8077170848846436,2.833198308944702,4.07454776763916,3.798309564590454,opentts_lada
3.272,normalized_per_item_best,5f9e3d1b5205c791,3.398773193359375,3.83658504486084,3.093597650527954,3.415451765060425,3.051987648010254,4.179976940155029,3.716444730758667,opentts_lada
2.344,normalized_original,36d8c7ae4a7d8fcc,3.9302172660827637,4.330471992492676,2.592700481414795,3.7070248126983643,3.022814989089966,4.334395408630371,4.0518903732299805,opentts_lada
2.344,full_cascade,36d8c7ae4a7d8fcc,4.013576507568359,4.655055999755859,2.572838068008423,3.148250102996826,2.1971874237060547,4.779139518737793,3.475611686706543,opentts_lada
2.344,normalized_per_item_best,36d8c7ae4a7d8fcc,3.9302172660827637,4.330471992492676,2.592700481414795,3.7070248126983643,3.022814989089966,4.334395408630371,4.0518903732299805,opentts_lada
3.997333333333333,normalized_original,5d9cc95c0c3b48cb,2.6857078075408936,4.378039836883545,3.089914321899414,3.089756965637207,2.48366117477417,4.230130195617676,3.001538038253784,opentts_lada
3.997333333333333,full_cascade,5d9cc95c0c3b48cb,2.9740521907806396,4.610332489013672,2.9293160438537598,4.129413604736328,2.4235479831695557,4.334024429321289,2.671236515045166,opentts_lada
3.997333333333333,normalized_per_item_best,5d9cc95c0c3b48cb,2.6857078075408936,4.378039836883545,3.089914321899414,3.089756965637207,2.48366117477417,4.230130195617676,3.001538038253784,opentts_lada
4.594666666666667,normalized_original,a7cd21518394e414,3.371610403060913,4.5774335861206055,2.824446439743042,3.8197972774505615,3.019239902496338,4.530786514282227,4.017675399780273,opentts_lada
4.594666666666667,full_cascade,a7cd21518394e414,2.7729527950286865,4.4858903884887695,2.812349557876587,4.128255844116211,2.6714060306549072,4.2770185470581055,3.383631467819214,opentts_lada
4.594666666666667,normalized_per_item_best,a7cd21518394e414,3.371610403060913,4.5774335861206055,2.824446439743042,3.8197972774505615,3.019239902496338,4.530786514282227,4.017675399780273,opentts_lada
5.725333333333333,normalized_original,8398aa249a64e7dd,3.5377421379089355,3.7597310543060303,2.6020729541778564,4.192170143127441,2.4369444847106934,4.216773509979248,2.7969460487365723,opentts_lada
5.725333333333333,full_cascade,8398aa249a64e7dd,3.6819849014282227,4.610398292541504,2.875166416168213,3.7919225692749023,3.2764041423797607,4.639787673950195,4.027152061462402,opentts_lada
5.725333333333333,normalized_per_item_best,8398aa249a64e7dd,3.6819849014282227,4.610398292541504,2.875166416168213,3.7919225692749023,3.2764041423797607,4.639787673950195,4.027152061462402,opentts_lada
3.2506666666666666,normalized_original,8fe3928a78329cf5,4.085509300231934,4.658897876739502,2.3798413276672363,4.354839324951172,2.7756948471069336,4.452001571655273,4.0983991622924805,opentts_lada
3.2506666666666666,full_cascade,8fe3928a78329cf5,3.5468673706054688,4.629306316375732,3.581043004989624,4.586836814880371,2.7617814540863037,4.83720588684082,3.6598381996154785,opentts_lada
3.2506666666666666,normalized_per_item_best,8fe3928a78329cf5,4.085509300231934,4.658897876739502,2.3798413276672363,4.354839324951172,2.7756948471069336,4.452001571655273,4.0983991622924805,opentts_lada
2.0773333333333333,normalized_original,89af8e11c37988c5,4.2464752197265625,4.273841381072998,3.0751051902770996,4.137139797210693,3.2747244834899902,4.550322532653809,3.7717883586883545,opentts_lada
2.0773333333333333,full_cascade,89af8e11c37988c5,3.727540969848633,4.13759183883667,2.8839821815490723,4.364985942840576,3.335259199142456,4.439620018005371,4.068115234375,opentts_lada
2.0773333333333333,normalized_per_item_best,89af8e11c37988c5,3.727540969848633,4.13759183883667,2.8839821815490723,4.364985942840576,3.335259199142456,4.439620018005371,4.068115234375,opentts_lada
3.037333333333333,normalized_original,37660310fa3b4d6d,3.236355781555176,4.724687576293945,3.13209867477417,3.7961056232452393,2.6569809913635254,4.185811519622803,3.181281089782715,opentts_lada
3.037333333333333,full_cascade,37660310fa3b4d6d,2.9386186599731445,4.3798041343688965,3.0866827964782715,4.568778038024902,2.7916696071624756,4.37774133682251,3.197209119796753,opentts_lada
3.037333333333333,normalized_per_item_best,37660310fa3b4d6d,2.9386186599731445,4.3798041343688965,3.0866827964782715,4.568778038024902,2.7916696071624756,4.37774133682251,3.197209119796753,opentts_lada
4.1466666666666665,normalized_original,ae86e1b727ab4994,3.6982736587524414,4.056190013885498,2.9924051761627197,3.8393874168395996,2.392634868621826,4.369481086730957,3.270963668823242,opentts_lada
4.1466666666666665,full_cascade,ae86e1b727ab4994,3.3633413314819336,4.345741271972656,3.3969361782073975,4.7029571533203125,2.765676259994507,4.317929267883301,3.199796438217163,opentts_lada
4.1466666666666665,normalized_per_item_best,ae86e1b727ab4994,3.3633413314819336,4.345741271972656,3.3969361782073975,4.7029571533203125,2.765676259994507,4.317929267883301,3.199796438217163,opentts_lada
3.005333333333333,normalized_original,c23113a06a84767d,3.8818306922912598,4.361823558807373,2.1330513954162598,4.418107032775879,2.7516777515411377,3.8350350856781006,3.8119962215423584,opentts_lada
3.005333333333333,full_cascade,c23113a06a84767d,3.4086740016937256,4.208237648010254,2.900616407394409,4.175613880157471,2.934032678604126,4.2167253494262695,3.719235420227051,opentts_lada
3.005333333333333,normalized_per_item_best,c23113a06a84767d,3.4086740016937256,4.208237648010254,2.900616407394409,4.175613880157471,2.934032678604126,4.2167253494262695,3.719235420227051,opentts_lada
2.248,normalized_original,2e1312c52e3a30c1,3.207947015762329,4.115148544311523,3.0373830795288086,3.615176200866699,2.6579558849334717,4.294785976409912,3.8177952766418457,opentts_lada
2.248,full_cascade,2e1312c52e3a30c1,3.2714736461639404,4.001197814941406,3.3158366680145264,4.10026741027832,3.061220407485962,3.909437417984009,3.741244316101074,opentts_lada
2.248,normalized_per_item_best,2e1312c52e3a30c1,3.2714736461639404,4.001197814941406,3.3158366680145264,4.10026741027832,3.061220407485962,3.909437417984009,3.741244316101074,opentts_lada
2.696,normalized_original,cb52983eab2b2756,3.1875369548797607,3.868938684463501,3.50138258934021,3.437861680984497,2.814406394958496,4.07783317565918,3.4007253646850586,opentts_lada
2.696,full_cascade,cb52983eab2b2756,3.489121437072754,3.9567220211029053,3.3812415599823,4.012444019317627,3.1071674823760986,4.320931434631348,3.6284754276275635,opentts_lada
2.696,normalized_per_item_best,cb52983eab2b2756,3.489121437072754,3.9567220211029053,3.3812415599823,4.012444019317627,3.1071674823760986,4.320931434631348,3.6284754276275635,opentts_lada
2.984,normalized_original,c136c6d30b2df2ce,3.2173197269439697,4.139765739440918,3.202694892883301,3.805220603942871,2.5662856101989746,4.051278114318848,3.9590396881103516,opentts_lada
2.984,full_cascade,c136c6d30b2df2ce,3.2361743450164795,3.9730777740478516,3.3253660202026367,3.8067448139190674,2.7892069816589355,4.026636123657227,3.187824249267578,opentts_lada
2.984,normalized_per_item_best,c136c6d30b2df2ce,3.2361743450164795,3.9730777740478516,3.3253660202026367,3.8067448139190674,2.7892069816589355,4.026636123657227,3.187824249267578,opentts_lada
3.965333333333333,normalized_original,b4e8a408cefc180c,3.3371527194976807,3.643587589263916,3.0386576652526855,3.2684009075164795,3.0786969661712646,4.026821136474609,3.692094087600708,opentts_lada
3.965333333333333,full_cascade,b4e8a408cefc180c,3.6167235374450684,3.981647253036499,3.2799174785614014,4.019083023071289,3.355015277862549,4.525450706481934,3.894794225692749,opentts_lada
3.965333333333333,normalized_per_item_best,b4e8a408cefc180c,3.6167235374450684,3.981647253036499,3.2799174785614014,4.019083023071289,3.355015277862549,4.525450706481934,3.894794225692749,opentts_lada
2.8453333333333335,normalized_original,63b846f0797232dd,3.4128623008728027,3.8698740005493164,3.560657024383545,3.9238247871398926,2.870018243789673,4.140587329864502,3.8576042652130127,opentts_lada
2.8453333333333335,full_cascade,63b846f0797232dd,3.216179132461548,3.9438040256500244,3.907691717147827,4.399069786071777,2.8284473419189453,4.061281204223633,3.840407609939575,opentts_lada
2.8453333333333335,normalized_per_item_best,63b846f0797232dd,3.4128623008728027,3.8698740005493164,3.560657024383545,3.9238247871398926,2.870018243789673,4.140587329864502,3.8576042652130127,opentts_lada
3.7413333333333334,normalized_original,8572e866f1dc645a,3.2690181732177734,3.9256885051727295,3.2133238315582275,3.293948173522949,2.6977927684783936,4.044437408447266,3.560448408126831,opentts_lada
3.7413333333333334,full_cascade,8572e866f1dc645a,3.5263571739196777,4.284053802490234,3.1147661209106445,3.59283447265625,3.2101054191589355,3.9614593982696533,3.954824209213257,opentts_lada
3.7413333333333334,normalized_per_item_best,8572e866f1dc645a,3.5263571739196777,4.284053802490234,3.1147661209106445,3.59283447265625,3.2101054191589355,3.9614593982696533,3.954824209213257,opentts_lada
4.772,normalized_original,b47d33d39090f18c,2.5823912620544434,3.403942108154297,2.719438314437866,2.531770706176758,2.236609935760498,3.7335751056671143,2.5949254035949707,opentts_lada
4.772,full_cascade,b47d33d39090f18c,3.6976406574249268,4.444153785705566,2.9314064979553223,3.825986623764038,2.841456651687622,4.741818904876709,3.721194267272949,opentts_lada
4.772,normalized_per_item_best,b47d33d39090f18c,3.6976406574249268,4.444153785705566,2.9314064979553223,3.825986623764038,2.841456651687622,4.741818904876709,3.721194267272949,opentts_lada
2.013333333333333,normalized_original,ae7464dd19369d7c,3.1374080181121826,3.7525033950805664,3.1735262870788574,4.550197124481201,3.220158100128174,3.9747543334960938,3.593332290649414,opentts_lada
2.013333333333333,full_cascade,ae7464dd19369d7c,2.5617401599884033,3.69885516166687,3.3800594806671143,4.7139692306518555,2.5376803874969482,4.363986015319824,3.323477029800415,opentts_lada
2.013333333333333,normalized_per_item_best,ae7464dd19369d7c,3.1374080181121826,3.7525033950805664,3.1735262870788574,4.550197124481201,3.220158100128174,3.9747543334960938,3.593332290649414,opentts_lada
2.7706666666666666,normalized_original,1392e9cab03d35ac,3.6456079483032227,4.160512924194336,3.483412265777588,4.436437606811523,3.025678873062134,4.17576789855957,3.9762110710144043,opentts_lada
2.7706666666666666,full_cascade,1392e9cab03d35ac,3.4548346996307373,4.041766166687012,3.7349514961242676,4.287672519683838,3.4885833263397217,4.086581230163574,4.1639509201049805,opentts_lada
2.7706666666666666,normalized_per_item_best,1392e9cab03d35ac,3.4548346996307373,4.041766166687012,3.7349514961242676,4.287672519683838,3.4885833263397217,4.086581230163574,4.1639509201049805,opentts_lada
2.7493333333333334,normalized_original,0d8baee843210a93,4.033511161804199,4.333520889282227,2.606722831726074,4.358087539672852,2.7412703037261963,4.250754356384277,3.498713970184326,opentts_lada
2.7493333333333334,full_cascade,0d8baee843210a93,2.910459518432617,4.344910144805908,2.671382188796997,3.606757402420044,2.5760231018066406,3.7446067333221436,2.973888635635376,opentts_lada
2.7493333333333334,normalized_per_item_best,0d8baee843210a93,4.033511161804199,4.333520889282227,2.606722831726074,4.358087539672852,2.7412703037261963,4.250754356384277,3.498713970184326,opentts_lada
2.013333333333333,normalized_original,8ef25dfa5c938f24,3.3622655868530273,3.4217042922973633,2.735997438430786,3.191373348236084,3.113053321838379,3.5680344104766846,3.4883077144622803,opentts_lada
2.013333333333333,full_cascade,8ef25dfa5c938f24,3.7897164821624756,3.9762699604034424,2.7114617824554443,4.3354172706604,2.8819782733917236,4.5760931968688965,3.6982946395874023,opentts_lada
2.013333333333333,normalized_per_item_best,8ef25dfa5c938f24,3.3622655868530273,3.4217042922973633,2.735997438430786,3.191373348236084,3.113053321838379,3.5680344104766846,3.4883077144622803,opentts_lada
4.04,normalized_original,40ca8ab75d42caf5,2.8604063987731934,4.291731834411621,2.85132098197937,3.8220412731170654,2.3840408325195312,4.22103214263916,3.2529633045196533,opentts_lada
4.04,full_cascade,40ca8ab75d42caf5,3.687317371368408,4.772629737854004,2.9624364376068115,4.360262870788574,2.976696491241455,4.177524089813232,3.566132068634033,opentts_lada
4.04,normalized_per_item_best,40ca8ab75d42caf5,3.687317371368408,4.772629737854004,2.9624364376068115,4.360262870788574,2.976696491241455,4.177524089813232,3.566132068634033,opentts_lada
3.592,normalized_original,c3a385cebac82c87,4.014096260070801,4.767881870269775,3.3901150226593018,3.4241020679473877,2.9202654361724854,4.473728179931641,4.394596099853516,opentts_lada
3.592,full_cascade,c3a385cebac82c87,2.855234146118164,4.625743865966797,3.0274085998535156,4.225912570953369,2.810495615005493,4.456250190734863,4.160305976867676,opentts_lada
3.592,normalized_per_item_best,c3a385cebac82c87,4.014096260070801,4.767881870269775,3.3901150226593018,3.4241020679473877,2.9202654361724854,4.473728179931641,4.394596099853516,opentts_lada
5.714666666666667,normalized_original,50b57b7a80c645f6,4.007472515106201,4.697299957275391,4.083532333374023,3.747709035873413,3.5392658710479736,4.206623077392578,4.4313883781433105,opentts_lada
5.714666666666667,full_cascade,50b57b7a80c645f6,3.6239988803863525,4.061511516571045,3.7530603408813477,4.180747985839844,3.537775754928589,4.240490913391113,4.0611162185668945,opentts_lada
5.714666666666667,normalized_per_item_best,50b57b7a80c645f6,4.007472515106201,4.697299957275391,4.083532333374023,3.747709035873413,3.5392658710479736,4.206623077392578,4.4313883781433105,opentts_lada
5.714666666666667,normalized_per_item_best_ge3_5,50b57b7a80c645f6,4.007472515106201,4.697299957275391,4.083532333374023,3.747709035873413,3.5392658710479736,4.206623077392578,4.4313883781433105,opentts_lada
4.232,normalized_original,8050544d45d48e02,3.326531410217285,4.346960544586182,3.0950918197631836,2.9141924381256104,2.677107810974121,3.844205379486084,3.7455408573150635,opentts_lada
4.232,full_cascade,8050544d45d48e02,2.922698974609375,4.857454299926758,3.4772651195526123,3.875234603881836,2.7881641387939453,4.8410844802856445,3.88800048828125,opentts_lada
4.232,normalized_per_item_best,8050544d45d48e02,2.922698974609375,4.857454299926758,3.4772651195526123,3.875234603881836,2.7881641387939453,4.8410844802856445,3.88800048828125,opentts_lada
2.546666666666667,normalized_original,f1a3a5a7e7156e30,3.2369539737701416,4.014540672302246,2.2694506645202637,3.4095871448516846,2.213641405105591,4.588531494140625,3.2865264415740967,opentts_lada
2.546666666666667,full_cascade,f1a3a5a7e7156e30,2.970867872238159,3.825361490249634,2.9569482803344727,3.7369892597198486,2.0824217796325684,4.460203647613525,3.031672954559326,opentts_lada
2.546666666666667,normalized_per_item_best,f1a3a5a7e7156e30,3.2369539737701416,4.014540672302246,2.2694506645202637,3.4095871448516846,2.213641405105591,4.588531494140625,3.2865264415740967,opentts_lada
2.376,normalized_original,367cf4190991df76,3.9931557178497314,3.6778042316436768,2.86582612991333,4.0820207595825195,2.5670840740203857,4.231372833251953,3.5219907760620117,opentts_lada
2.376,full_cascade,367cf4190991df76,4.032501220703125,4.584891319274902,3.560884714126587,3.6305301189422607,2.6402158737182617,4.572536468505859,3.676058292388916,opentts_lada
2.376,normalized_per_item_best,367cf4190991df76,4.032501220703125,4.584891319274902,3.560884714126587,3.6305301189422607,2.6402158737182617,4.572536468505859,3.676058292388916,opentts_lada
5.032,normalized_original,38f52c8e92c8c314,3.4201483726501465,4.569649696350098,3.5310425758361816,4.096895217895508,3.1143062114715576,4.307132720947266,4.116764068603516,opentts_lada
5.032,full_cascade,38f52c8e92c8c314,3.8176586627960205,4.455621719360352,3.439364433288574,3.8543598651885986,3.3512587547302246,4.318660736083984,4.297086715698242,opentts_lada
5.032,normalized_per_item_best,38f52c8e92c8c314,3.8176586627960205,4.455621719360352,3.439364433288574,3.8543598651885986,3.3512587547302246,4.318660736083984,4.297086715698242,opentts_lada
3.9013333333333335,normalized_original,9563831fae486725,3.4615347385406494,4.653672695159912,3.3462212085723877,4.357916831970215,2.49690318107605,3.882955551147461,3.5574934482574463,opentts_lada
3.9013333333333335,full_cascade,9563831fae486725,3.2054872512817383,4.641008377075195,2.7913594245910645,4.073365211486816,2.8263115882873535,4.584407806396484,3.94956111907959,opentts_lada
3.9013333333333335,normalized_per_item_best,9563831fae486725,3.2054872512817383,4.641008377075195,2.7913594245910645,4.073365211486816,2.8263115882873535,4.584407806396484,3.94956111907959,opentts_lada
3.421333333333333,normalized_original,500da6c2d85b4239,3.842353105545044,4.4521636962890625,2.6018199920654297,3.8061084747314453,2.729703187942505,4.293944358825684,4.183653831481934,opentts_lada
3.421333333333333,full_cascade,500da6c2d85b4239,3.3325467109680176,3.866539478302002,3.1312615871429443,4.090089321136475,2.8440439701080322,4.138024806976318,3.276578664779663,opentts_lada
3.421333333333333,normalized_per_item_best,500da6c2d85b4239,3.3325467109680176,3.866539478302002,3.1312615871429443,4.090089321136475,2.8440439701080322,4.138024806976318,3.276578664779663,opentts_lada
2.9306666666666668,normalized_original,6d435c25ec88193a,3.152628183364868,3.9089348316192627,2.811253547668457,3.960296869277954,2.373598098754883,3.9584712982177734,3.2133901119232178,opentts_lada
2.9306666666666668,full_cascade,6d435c25ec88193a,3.3781368732452393,3.6845803260803223,2.875613212585449,4.092312812805176,2.4938738346099854,3.9314703941345215,3.497736930847168,opentts_lada
2.9306666666666668,normalized_per_item_best,6d435c25ec88193a,3.3781368732452393,3.6845803260803223,2.875613212585449,4.092312812805176,2.4938738346099854,3.9314703941345215,3.497736930847168,opentts_lada
3.464,normalized_original,754d3aa83fff6c31,3.4170055389404297,4.311483383178711,3.8551759719848633,3.0589089393615723,2.47798490524292,4.363473892211914,3.562992572784424,opentts_lada
3.464,full_cascade,754d3aa83fff6c31,3.0981638431549072,4.4646897315979,3.474763870239258,3.4149904251098633,2.467341661453247,4.305840015411377,3.92573881149292,opentts_lada
3.464,normalized_per_item_best,754d3aa83fff6c31,3.4170055389404297,4.311483383178711,3.8551759719848633,3.0589089393615723,2.47798490524292,4.363473892211914,3.562992572784424,opentts_lada
3.8586666666666667,normalized_original,c6033c8f5d1b61f0,2.870605707168579,3.8749918937683105,3.4245102405548096,3.3863606452941895,2.4917824268341064,4.269650459289551,3.344170093536377,opentts_lada
3.8586666666666667,full_cascade,c6033c8f5d1b61f0,3.0438296794891357,4.036088466644287,3.725813627243042,3.9162416458129883,2.9383888244628906,4.098360061645508,3.728922128677368,opentts_lada
3.8586666666666667,normalized_per_item_best,c6033c8f5d1b61f0,3.0438296794891357,4.036088466644287,3.725813627243042,3.9162416458129883,2.9383888244628906,4.098360061645508,3.728922128677368,opentts_lada
3.464,normalized_original,4115fa4f711a73c3,3.625110626220703,4.317594528198242,3.5182619094848633,3.6324965953826904,2.867814302444458,4.094204425811768,3.955867290496826,opentts_lada
3.464,full_cascade,4115fa4f711a73c3,3.1307525634765625,4.775753974914551,3.66991925239563,4.084205627441406,3.051222324371338,4.629256725311279,3.7605652809143066,opentts_lada
3.464,normalized_per_item_best,4115fa4f711a73c3,3.1307525634765625,4.775753974914551,3.66991925239563,4.084205627441406,3.051222324371338,4.629256725311279,3.7605652809143066,opentts_lada
2.546666666666667,normalized_original,22aae211e4a9f6bb,3.289944648742676,4.433516979217529,3.1012775897979736,4.298994064331055,2.9705286026000977,4.668328285217285,3.6514410972595215,opentts_lada
2.546666666666667,full_cascade,22aae211e4a9f6bb,3.493590831756592,4.785232067108154,2.572389602661133,4.5298967361450195,2.671402931213379,4.687885284423828,2.9140219688415527,opentts_lada
2.546666666666667,normalized_per_item_best,22aae211e4a9f6bb,3.289944648742676,4.433516979217529,3.1012775897979736,4.298994064331055,2.9705286026000977,4.668328285217285,3.6514410972595215,opentts_lada
2.8453333333333335,normalized_original,afcd21da27e9d366,3.7676689624786377,4.452325820922852,2.4262120723724365,2.947835683822632,2.526341676712036,3.984898805618286,3.5475926399230957,opentts_lada
2.8453333333333335,full_cascade,afcd21da27e9d366,3.2418124675750732,4.342856407165527,3.300077438354492,4.441105365753174,3.0283913612365723,4.001341819763184,3.98769211769104,opentts_lada
2.8453333333333335,normalized_per_item_best,afcd21da27e9d366,3.2418124675750732,4.342856407165527,3.300077438354492,4.441105365753174,3.0283913612365723,4.001341819763184,3.98769211769104,opentts_lada
4.882666666666666,normalized_original,2cfc2221e4930a13,3.6624643802642822,4.343199729919434,3.0840725898742676,3.906097412109375,3.015390634536743,4.316239356994629,3.7220802307128906,opentts_lada
4.882666666666666,full_cascade,2cfc2221e4930a13,3.1444919109344482,4.672930717468262,3.3445353507995605,4.397988319396973,3.029299020767212,4.834901332855225,3.4632081985473633,opentts_lada
4.882666666666666,normalized_per_item_best,2cfc2221e4930a13,3.1444919109344482,4.672930717468262,3.3445353507995605,4.397988319396973,3.029299020767212,4.834901332855225,3.4632081985473633,opentts_lada
4.082666666666666,normalized_original,60a88bb5a86a6769,3.5242929458618164,4.034036636352539,3.142460346221924,3.588514566421509,2.65545916557312,3.9594132900238037,3.836087226867676,opentts_lada
4.082666666666666,full_cascade,60a88bb5a86a6769,3.1790528297424316,4.57161808013916,3.964505910873413,4.383671760559082,2.8751819133758545,3.8681085109710693,3.861151933670044,opentts_lada
4.082666666666666,normalized_per_item_best,60a88bb5a86a6769,3.1790528297424316,4.57161808013916,3.964505910873413,4.383671760559082,2.8751819133758545,3.8681085109710693,3.861151933670044,opentts_lada
2.12,normalized_original,993562ae800f5241,3.1991896629333496,4.446493148803711,3.7024357318878174,3.9427599906921387,2.833158016204834,4.072969913482666,3.5653324127197266,opentts_lada
2.12,full_cascade,993562ae800f5241,3.274688243865967,3.743380308151245,3.636230945587158,4.417343616485596,2.8048486709594727,3.9898810386657715,3.3264100551605225,opentts_lada
2.12,normalized_per_item_best,993562ae800f5241,3.1991896629333496,4.446493148803711,3.7024357318878174,3.9427599906921387,2.833158016204834,4.072969913482666,3.5653324127197266,opentts_lada
2.6533333333333333,normalized_original,1638d7672e185d8d,3.790841579437256,4.216059684753418,3.935319423675537,4.035204887390137,3.3349874019622803,3.7004706859588623,4.205389976501465,opentts_lada
2.6533333333333333,full_cascade,1638d7672e185d8d,3.6903929710388184,4.00227165222168,3.99432110786438,4.38063907623291,3.863579750061035,4.526628494262695,4.332341194152832,opentts_lada
2.6533333333333333,normalized_per_item_best,1638d7672e185d8d,3.6903929710388184,4.00227165222168,3.99432110786438,4.38063907623291,3.863579750061035,4.526628494262695,4.332341194152832,opentts_lada
2.6533333333333333,normalized_per_item_best_ge3_5,1638d7672e185d8d,3.6903929710388184,4.00227165222168,3.99432110786438,4.38063907623291,3.863579750061035,4.526628494262695,4.332341194152832,opentts_lada
2.2906666666666666,normalized_original,e54cb0321b792fb3,2.9776968955993652,4.420365810394287,3.5532326698303223,4.003658294677734,2.9470183849334717,4.174101829528809,3.435145616531372,opentts_lada
2.2906666666666666,full_cascade,e54cb0321b792fb3,3.025688409805298,4.513371467590332,3.5028810501098633,3.9257566928863525,3.1729347705841064,4.487914085388184,3.667531967163086,opentts_lada
2.2906666666666666,normalized_per_item_best,e54cb0321b792fb3,3.025688409805298,4.513371467590332,3.5028810501098633,3.9257566928863525,3.1729347705841064,4.487914085388184,3.667531967163086,opentts_lada
2.248,normalized_original,d2ce58ca31ea83b0,3.0510714054107666,3.7324671745300293,3.508408784866333,3.6903128623962402,2.402339458465576,3.814697742462158,2.8758866786956787,opentts_lada
2.248,full_cascade,d2ce58ca31ea83b0,3.686800718307495,3.545910358428955,3.330146312713623,3.389801025390625,2.687138795852661,3.7944729328155518,3.342458724975586,opentts_lada
2.248,normalized_per_item_best,d2ce58ca31ea83b0,3.686800718307495,3.545910358428955,3.330146312713623,3.389801025390625,2.687138795852661,3.7944729328155518,3.342458724975586,opentts_lada
4.690666666666667,normalized_original,5304f7031602317a,3.1710946559906006,4.310952186584473,3.3381381034851074,4.089994430541992,2.6028761863708496,4.3276448249816895,3.8204073905944824,opentts_lada
4.690666666666667,full_cascade,5304f7031602317a,3.368061065673828,4.325342178344727,3.5804402828216553,4.380087852478027,3.2559473514556885,4.572038650512695,3.6077322959899902,opentts_lada
4.690666666666667,normalized_per_item_best,5304f7031602317a,3.368061065673828,4.325342178344727,3.5804402828216553,4.380087852478027,3.2559473514556885,4.572038650512695,3.6077322959899902,opentts_lada
3.6453333333333333,normalized_original,6631f5ca7fe6482d,3.0803534984588623,4.497979640960693,2.527125597000122,3.81349515914917,2.850219488143921,4.225015163421631,3.250591516494751,opentts_lada
3.6453333333333333,full_cascade,6631f5ca7fe6482d,2.7953591346740723,4.828862190246582,2.4594814777374268,3.5374984741210938,2.391608953475952,4.612187385559082,3.083855628967285,opentts_lada
3.6453333333333333,normalized_per_item_best,6631f5ca7fe6482d,3.0803534984588623,4.497979640960693,2.527125597000122,3.81349515914917,2.850219488143921,4.225015163421631,3.250591516494751,opentts_lada
3.144,normalized_original,3ffe87a8fbd2ba55,3.2334721088409424,4.533901214599609,3.240576982498169,4.424431800842285,2.968301773071289,3.9848592281341553,3.4012835025787354,opentts_lada
3.144,full_cascade,3ffe87a8fbd2ba55,3.1900858879089355,4.564929008483887,3.2663023471832275,4.447671890258789,3.294187068939209,4.343925476074219,3.674435615539551,opentts_lada
3.144,normalized_per_item_best,3ffe87a8fbd2ba55,3.1900858879089355,4.564929008483887,3.2663023471832275,4.447671890258789,3.294187068939209,4.343925476074219,3.674435615539551,opentts_lada
2.2693333333333334,normalized_original,d97c3ffd13bab92d,3.668079376220703,4.618589878082275,2.4644076824188232,3.3011999130249023,2.34110689163208,3.7738986015319824,3.6948912143707275,opentts_lada
2.2693333333333334,full_cascade,d97c3ffd13bab92d,3.709203004837036,4.488354682922363,3.9642720222473145,3.9386541843414307,2.976811647415161,4.1374688148498535,4.119390487670898,opentts_lada
2.2693333333333334,normalized_per_item_best,d97c3ffd13bab92d,3.709203004837036,4.488354682922363,3.9642720222473145,3.9386541843414307,2.976811647415161,4.1374688148498535,4.119390487670898,opentts_lada
5.384,normalized_original,e9811b7c2ddd4e3b,3.203636884689331,4.208165168762207,3.109443426132202,4.451128959655762,2.9497804641723633,4.226216793060303,3.7102301120758057,opentts_lada
5.384,full_cascade,e9811b7c2ddd4e3b,3.168245315551758,4.20762300491333,3.496938467025757,4.531721115112305,3.074436664581299,4.212247371673584,3.676764965057373,opentts_lada
5.384,normalized_per_item_best,e9811b7c2ddd4e3b,3.168245315551758,4.20762300491333,3.496938467025757,4.531721115112305,3.074436664581299,4.212247371673584,3.676764965057373,opentts_lada
2.4506666666666668,normalized_original,db9a783efaeefc90,2.509340524673462,4.192972183227539,3.056926965713501,3.572690010070801,2.9135735034942627,4.091073989868164,3.758631467819214,opentts_lada
2.4506666666666668,full_cascade,db9a783efaeefc90,3.3082401752471924,4.738136291503906,2.8377792835235596,3.797701835632324,2.913318634033203,3.903437614440918,3.9641075134277344,opentts_lada
2.4506666666666668,normalized_per_item_best,db9a783efaeefc90,2.509340524673462,4.192972183227539,3.056926965713501,3.572690010070801,2.9135735034942627,4.091073989868164,3.758631467819214,opentts_lada
4.04,normalized_original,3faa153457aa9053,3.553075075149536,4.123135566711426,3.3502089977264404,3.9731569290161133,3.201554298400879,4.530276298522949,3.5509579181671143,opentts_lada
4.04,full_cascade,3faa153457aa9053,3.1132028102874756,4.645994186401367,3.110532522201538,4.293433666229248,2.8148958683013916,4.333458423614502,3.54732084274292,opentts_lada
4.04,normalized_per_item_best,3faa153457aa9053,3.553075075149536,4.123135566711426,3.3502089977264404,3.9731569290161133,3.201554298400879,4.530276298522949,3.5509579181671143,opentts_lada
3.4426666666666668,normalized_original,0b791c8fee95553d,3.459073066711426,4.181722640991211,2.9581804275512695,4.392460823059082,2.8372304439544678,4.161643028259277,4.029961109161377,opentts_lada
3.4426666666666668,full_cascade,0b791c8fee95553d,3.228280544281006,4.788271427154541,2.8948662281036377,4.716178894042969,3.0505642890930176,4.403738975524902,4.189087867736816,opentts_lada
3.4426666666666668,normalized_per_item_best,0b791c8fee95553d,3.228280544281006,4.788271427154541,2.8948662281036377,4.716178894042969,3.0505642890930176,4.403738975524902,4.189087867736816,opentts_lada
3.517333333333333,normalized_original,e951bb2bb584ed3b,3.5404891967773438,4.228806495666504,3.3866682052612305,3.9315009117126465,2.974384069442749,4.150821685791016,3.6845874786376953,opentts_lada
3.517333333333333,full_cascade,e951bb2bb584ed3b,3.6547210216522217,3.916496992111206,3.4516358375549316,4.333014011383057,3.6838765144348145,4.087099075317383,3.939742088317871,opentts_lada
3.517333333333333,normalized_per_item_best,e951bb2bb584ed3b,3.6547210216522217,3.916496992111206,3.4516358375549316,4.333014011383057,3.6838765144348145,4.087099075317383,3.939742088317871,opentts_lada
3.517333333333333,normalized_per_item_best_ge3_5,e951bb2bb584ed3b,3.6547210216522217,3.916496992111206,3.4516358375549316,4.333014011383057,3.6838765144348145,4.087099075317383,3.939742088317871,opentts_lada
2.6853333333333333,normalized_original,de17a05f28fba27d,2.615206480026245,3.674285650253296,3.3545939922332764,2.930781841278076,2.64719295501709,3.5597593784332275,3.1955392360687256,opentts_lada
2.6853333333333333,full_cascade,de17a05f28fba27d,3.1858949661254883,4.322710990905762,3.214487075805664,3.982916831970215,2.947248935699463,4.277924537658691,3.585904121398926,opentts_lada
2.6853333333333333,normalized_per_item_best,de17a05f28fba27d,3.1858949661254883,4.322710990905762,3.214487075805664,3.982916831970215,2.947248935699463,4.277924537658691,3.585904121398926,opentts_lada
4.168,normalized_original,a46c4e3dd06a9aaf,3.337956666946411,4.870255470275879,2.8050057888031006,4.308415412902832,3.142207384109497,4.597318649291992,3.3439908027648926,opentts_lada
4.168,full_cascade,a46c4e3dd06a9aaf,3.110915422439575,4.764656066894531,3.523164987564087,4.376616477966309,2.9983465671539307,4.6716461181640625,3.914792776107788,opentts_lada
4.168,normalized_per_item_best,a46c4e3dd06a9aaf,3.337956666946411,4.870255470275879,2.8050057888031006,4.308415412902832,3.142207384109497,4.597318649291992,3.3439908027648926,opentts_lada
4.349333333333333,normalized_original,3239037655f3c62b,3.635819673538208,3.8188300132751465,3.429070234298706,4.1562347412109375,2.737626314163208,4.064884185791016,3.6447579860687256,opentts_lada
4.349333333333333,full_cascade,3239037655f3c62b,3.0539519786834717,3.9757230281829834,3.562387704849243,4.201716423034668,2.8707761764526367,4.129476547241211,3.519629955291748,opentts_lada
4.349333333333333,normalized_per_item_best,3239037655f3c62b,3.0539519786834717,3.9757230281829834,3.562387704849243,4.201716423034668,2.8707761764526367,4.129476547241211,3.519629955291748,opentts_lada
2.066666666666667,normalized_original,0926bee71f6de28a,3.439401865005493,3.7310242652893066,3.475736618041992,4.078425407409668,3.305882453918457,3.8381130695343018,3.6453497409820557,opentts_lada
2.066666666666667,full_cascade,0926bee71f6de28a,3.3948466777801514,3.8321621417999268,3.1914942264556885,4.085834980010986,3.1638333797454834,3.8494229316711426,3.465782880783081,opentts_lada
2.066666666666667,normalized_per_item_best,0926bee71f6de28a,3.439401865005493,3.7310242652893066,3.475736618041992,4.078425407409668,3.305882453918457,3.8381130695343018,3.6453497409820557,opentts_lada
4.072,normalized_original,15216fcd52dfed59,3.3585364818573,3.7627668380737305,2.5133683681488037,4.283419609069824,2.8537819385528564,4.195210933685303,3.2757151126861572,opentts_lada
4.072,full_cascade,15216fcd52dfed59,3.3795454502105713,3.868185043334961,3.081228494644165,3.995133399963379,2.8630292415618896,4.116840362548828,3.4638657569885254,opentts_lada
4.072,normalized_per_item_best,15216fcd52dfed59,3.3795454502105713,3.868185043334961,3.081228494644165,3.995133399963379,2.8630292415618896,4.116840362548828,3.4638657569885254,opentts_lada
4.264,normalized_original,b2d2f9b372cebb9a,3.6020164489746094,4.304490089416504,3.4329586029052734,4.052532196044922,2.8310368061065674,4.437949180603027,4.021103858947754,opentts_lada
4.264,full_cascade,b2d2f9b372cebb9a,3.859592914581299,4.165096759796143,3.4887003898620605,4.097320556640625,3.3544185161590576,4.623385429382324,4.020730495452881,opentts_lada
4.264,normalized_per_item_best,b2d2f9b372cebb9a,3.859592914581299,4.165096759796143,3.4887003898620605,4.097320556640625,3.3544185161590576,4.623385429382324,4.020730495452881,opentts_lada
2.1413333333333333,normalized_original,6a7781dfa09ea82e,3.2274017333984375,3.817276954650879,2.390159845352173,2.913792610168457,2.4145264625549316,3.480224132537842,3.559203863143921,opentts_lada
2.1413333333333333,full_cascade,6a7781dfa09ea82e,3.429607391357422,3.8375067710876465,2.670159339904785,3.8174281120300293,2.2261295318603516,3.5975239276885986,3.3365864753723145,opentts_lada
2.1413333333333333,normalized_per_item_best,6a7781dfa09ea82e,3.2274017333984375,3.817276954650879,2.390159845352173,2.913792610168457,2.4145264625549316,3.480224132537842,3.559203863143921,opentts_lada
2.184,normalized_original,1f0ad04adc6756b7,3.800051212310791,4.341089248657227,1.9258689880371094,4.068992614746094,2.943262815475464,3.873568296432495,4.18406867980957,opentts_lada
2.184,full_cascade,1f0ad04adc6756b7,3.4963672161102295,4.067543983459473,2.944995641708374,4.364080429077148,2.9842052459716797,3.9800021648406982,4.053066253662109,opentts_lada
2.184,normalized_per_item_best,1f0ad04adc6756b7,3.4963672161102295,4.067543983459473,2.944995641708374,4.364080429077148,2.9842052459716797,3.9800021648406982,4.053066253662109,opentts_lada
4.093333333333334,normalized_original,e576487c8a8d17b7,2.5295968055725098,4.226950645446777,2.848400592803955,4.066620349884033,2.2904934883117676,4.209464073181152,3.722097873687744,opentts_lada
4.093333333333334,full_cascade,e576487c8a8d17b7,3.0928874015808105,4.786508560180664,3.1980717182159424,4.0194854736328125,2.8461878299713135,3.9065544605255127,3.596696376800537,opentts_lada
4.093333333333334,normalized_per_item_best,e576487c8a8d17b7,3.0928874015808105,4.786508560180664,3.1980717182159424,4.0194854736328125,2.8461878299713135,3.9065544605255127,3.596696376800537,opentts_lada
3.4426666666666668,normalized_original,c38700278b6b82f4,3.6809072494506836,4.656981945037842,2.866475820541382,4.592648506164551,2.9552953243255615,4.359753608703613,4.250044822692871,opentts_lada
3.4426666666666668,full_cascade,c38700278b6b82f4,3.219768762588501,4.154238700866699,3.2357099056243896,4.387516498565674,2.9646787643432617,4.126232624053955,3.8722097873687744,opentts_lada
3.4426666666666668,normalized_per_item_best,c38700278b6b82f4,3.219768762588501,4.154238700866699,3.2357099056243896,4.387516498565674,2.9646787643432617,4.126232624053955,3.8722097873687744,opentts_lada
3.005333333333333,normalized_original,d93fc4c98890ebf0,3.7322049140930176,4.202441215515137,2.621886968612671,2.9987127780914307,2.5356271266937256,4.225457191467285,3.7060434818267822,opentts_lada
3.005333333333333,full_cascade,d93fc4c98890ebf0,2.926630973815918,4.372878551483154,3.934455633163452,4.569087028503418,2.6961212158203125,4.44270133972168,3.3852429389953613,opentts_lada
3.005333333333333,normalized_per_item_best,d93fc4c98890ebf0,2.926630973815918,4.372878551483154,3.934455633163452,4.569087028503418,2.6961212158203125,4.44270133972168,3.3852429389953613,opentts_lada
2.664,normalized_original,f7e215626f22d612,3.7232906818389893,4.0060505867004395,2.721376657485962,4.25888729095459,3.060781717300415,4.157112121582031,3.628744602203369,opentts_lada
2.664,full_cascade,f7e215626f22d612,3.684126853942871,4.037127494812012,3.060793876647949,4.51625919342041,2.7117884159088135,4.610696792602539,3.671473264694214,opentts_lada
2.664,normalized_per_item_best,f7e215626f22d612,3.7232906818389893,4.0060505867004395,2.721376657485962,4.25888729095459,3.060781717300415,4.157112121582031,3.628744602203369,opentts_lada
2.9306666666666668,normalized_original,f03f962b4c44f815,3.1106863021850586,4.443490505218506,3.3602068424224854,4.334077835083008,3.0761592388153076,4.5608930587768555,3.7383615970611572,opentts_lada
2.9306666666666668,full_cascade,f03f962b4c44f815,3.4854936599731445,4.284214973449707,3.4835100173950195,4.427200794219971,3.142549514770508,4.488415241241455,3.6938371658325195,opentts_lada
2.9306666666666668,normalized_per_item_best,f03f962b4c44f815,3.4854936599731445,4.284214973449707,3.4835100173950195,4.427200794219971,3.142549514770508,4.488415241241455,3.6938371658325195,opentts_lada
4.221333333333333,normalized_original,eb744d66547433cf,3.496647834777832,4.197869300842285,2.431767463684082,3.6532607078552246,2.399167060852051,4.274664878845215,3.844959020614624,opentts_lada
4.221333333333333,full_cascade,eb744d66547433cf,2.9739186763763428,4.43922233581543,2.669196605682373,3.126931667327881,2.4373724460601807,4.266283988952637,3.7898612022399902,opentts_lada
4.221333333333333,normalized_per_item_best,eb744d66547433cf,2.9739186763763428,4.43922233581543,2.669196605682373,3.126931667327881,2.4373724460601807,4.266283988952637,3.7898612022399902,opentts_lada
2.024,normalized_original,cc9834c73af666b8,3.923755168914795,4.2407684326171875,3.6076302528381348,4.464584827423096,2.844712018966675,3.4865074157714844,3.6915035247802734,opentts_lada
2.024,full_cascade,cc9834c73af666b8,2.844752311706543,4.598310947418213,3.6153523921966553,4.733420372009277,3.0650811195373535,4.336493492126465,4.0828447341918945,opentts_lada
2.024,normalized_per_item_best,cc9834c73af666b8,2.844752311706543,4.598310947418213,3.6153523921966553,4.733420372009277,3.0650811195373535,4.336493492126465,4.0828447341918945,opentts_lada
2.6853333333333333,normalized_original,346d44fa77ff8baa,3.250035047531128,3.745844602584839,3.1165199279785156,3.6837215423583984,3.0520987510681152,3.8335273265838623,3.6178650856018066,opentts_lada
2.6853333333333333,full_cascade,346d44fa77ff8baa,3.584089756011963,4.428136825561523,3.4672439098358154,3.8357889652252197,3.870335578918457,4.322758674621582,4.619804382324219,opentts_lada
2.6853333333333333,normalized_per_item_best,346d44fa77ff8baa,3.584089756011963,4.428136825561523,3.4672439098358154,3.8357889652252197,3.870335578918457,4.322758674621582,4.619804382324219,opentts_lada
2.6853333333333333,normalized_per_item_best_ge3_5,346d44fa77ff8baa,3.584089756011963,4.428136825561523,3.4672439098358154,3.8357889652252197,3.870335578918457,4.322758674621582,4.619804382324219,opentts_lada
2.632,normalized_original,fd4fada003f9d13c,3.0250778198242188,4.561790466308594,2.7995941638946533,3.9406578540802,3.2606680393218994,3.4896392822265625,4.173856735229492,opentts_lada
2.632,full_cascade,fd4fada003f9d13c,3.666266441345215,4.798008918762207,3.728402853012085,4.284658432006836,3.321925640106201,4.0700483322143555,4.014787673950195,opentts_lada
2.632,normalized_per_item_best,fd4fada003f9d13c,3.666266441345215,4.798008918762207,3.728402853012085,4.284658432006836,3.321925640106201,4.0700483322143555,4.014787673950195,opentts_lada
4.157333333333334,normalized_original,b77683880022388b,3.039170742034912,4.297720909118652,2.6421711444854736,3.8041582107543945,2.7886786460876465,4.248213768005371,3.8350627422332764,opentts_lada
4.157333333333334,full_cascade,b77683880022388b,3.27365779876709,4.770646095275879,3.036008596420288,3.474533796310425,2.7619965076446533,4.7136549949646,3.9393296241760254,opentts_lada
4.157333333333334,normalized_per_item_best,b77683880022388b,3.039170742034912,4.297720909118652,2.6421711444854736,3.8041582107543945,2.7886786460876465,4.248213768005371,3.8350627422332764,opentts_lada
4.349333333333333,normalized_original,ceffff0097a3c337,3.527663230895996,4.00083065032959,3.5714900493621826,4.029462814331055,3.063661575317383,3.8655190467834473,3.7242043018341064,opentts_lada
4.349333333333333,full_cascade,ceffff0097a3c337,3.2656400203704834,4.176514625549316,3.6213033199310303,4.564796447753906,3.0331857204437256,4.405328750610352,3.631377696990967,opentts_lada
4.349333333333333,normalized_per_item_best,ceffff0097a3c337,3.527663230895996,4.00083065032959,3.5714900493621826,4.029462814331055,3.063661575317383,3.8655190467834473,3.7242043018341064,opentts_lada
2.9053333333333335,normalized_original,d9142a1825f6670e,4.0097455978393555,4.605607986450195,4.456206321716309,4.801147937774658,3.9470248222351074,4.732222557067871,4.2039923667907715,opentts_mykyta
2.9053333333333335,full_cascade,d9142a1825f6670e,3.5018699169158936,4.3968610763549805,4.1890974044799805,4.4259443283081055,3.4008145332336426,4.403870105743408,3.8794193267822266,opentts_mykyta
2.9053333333333335,normalized_per_item_best,d9142a1825f6670e,4.0097455978393555,4.605607986450195,4.456206321716309,4.801147937774658,3.9470248222351074,4.732222557067871,4.2039923667907715,opentts_mykyta
2.9053333333333335,normalized_per_item_best_ge3_5,d9142a1825f6670e,4.0097455978393555,4.605607986450195,4.456206321716309,4.801147937774658,3.9470248222351074,4.732222557067871,4.2039923667907715,opentts_mykyta
2.514666666666667,normalized_original,58a476fc30599f00,2.894137382507324,4.581823348999023,2.978555917739868,3.7716994285583496,2.5461792945861816,3.715549945831299,2.949213981628418,opentts_mykyta
2.514666666666667,full_cascade,58a476fc30599f00,2.8304197788238525,4.374680995941162,3.1985182762145996,4.140454292297363,2.6248092651367188,4.641245365142822,3.1607308387756348,opentts_mykyta
2.514666666666667,normalized_per_item_best,58a476fc30599f00,2.8304197788238525,4.374680995941162,3.1985182762145996,4.140454292297363,2.6248092651367188,4.641245365142822,3.1607308387756348,opentts_mykyta
6.6546666666666665,normalized_original,a873e806b8130af9,4.548640251159668,4.351444244384766,4.053539276123047,4.181421279907227,3.9385786056518555,4.479804515838623,4.681643486022949,opentts_mykyta
6.6546666666666665,full_cascade,a873e806b8130af9,3.770838975906372,4.104462623596191,3.4662418365478516,4.071601867675781,3.7117650508880615,4.622529983520508,4.244853973388672,opentts_mykyta
6.6546666666666665,normalized_per_item_best,a873e806b8130af9,4.548640251159668,4.351444244384766,4.053539276123047,4.181421279907227,3.9385786056518555,4.479804515838623,4.681643486022949,opentts_mykyta
6.6546666666666665,normalized_per_item_best_ge3_5,a873e806b8130af9,4.548640251159668,4.351444244384766,4.053539276123047,4.181421279907227,3.9385786056518555,4.479804515838623,4.681643486022949,opentts_mykyta
6.109333333333334,normalized_original,46aa2e4062987a5d,4.054594993591309,4.341831684112549,4.227687835693359,4.484133720397949,3.5968220233917236,4.521674156188965,3.9191367626190186,opentts_mykyta
6.109333333333334,full_cascade,46aa2e4062987a5d,3.836012840270996,3.737321138381958,4.2032880783081055,4.388302326202393,3.294949531555176,4.516345024108887,3.7602133750915527,opentts_mykyta
6.109333333333334,normalized_per_item_best,46aa2e4062987a5d,4.054594993591309,4.341831684112549,4.227687835693359,4.484133720397949,3.5968220233917236,4.521674156188965,3.9191367626190186,opentts_mykyta
6.109333333333334,normalized_per_item_best_ge3_5,46aa2e4062987a5d,4.054594993591309,4.341831684112549,4.227687835693359,4.484133720397949,3.5968220233917236,4.521674156188965,3.9191367626190186,opentts_mykyta
4.253333333333333,normalized_original,3a2012d91c2c6df9,3.4378716945648193,4.218233108520508,4.087307929992676,4.057367324829102,3.5831644535064697,4.214455604553223,4.212964057922363,opentts_mykyta
4.253333333333333,full_cascade,3a2012d91c2c6df9,3.4392762184143066,3.690746545791626,3.472587823867798,3.8893113136291504,3.4915740489959717,3.902726411819458,3.732334613800049,opentts_mykyta
4.253333333333333,normalized_per_item_best,3a2012d91c2c6df9,3.4378716945648193,4.218233108520508,4.087307929992676,4.057367324829102,3.5831644535064697,4.214455604553223,4.212964057922363,opentts_mykyta
4.253333333333333,normalized_per_item_best_ge3_5,3a2012d91c2c6df9,3.4378716945648193,4.218233108520508,4.087307929992676,4.057367324829102,3.5831644535064697,4.214455604553223,4.212964057922363,opentts_mykyta
4.584,normalized_original,1853fc4b9f791b61,4.103203296661377,4.230151176452637,4.648820877075195,4.126363277435303,3.3714067935943604,4.278125286102295,3.9279425144195557,opentts_mykyta
4.584,full_cascade,1853fc4b9f791b61,3.508061408996582,4.368206977844238,3.8304529190063477,4.05207633972168,3.651214361190796,4.266112327575684,4.063577651977539,opentts_mykyta
4.584,normalized_per_item_best,1853fc4b9f791b61,3.508061408996582,4.368206977844238,3.8304529190063477,4.05207633972168,3.651214361190796,4.266112327575684,4.063577651977539,opentts_mykyta
4.584,normalized_per_item_best_ge3_5,1853fc4b9f791b61,3.508061408996582,4.368206977844238,3.8304529190063477,4.05207633972168,3.651214361190796,4.266112327575684,4.063577651977539,opentts_mykyta
3.6026666666666665,normalized_original,1f1ae89bb0ffb8b8,2.9563019275665283,4.075085639953613,3.6009676456451416,4.189043998718262,2.9230403900146484,3.965186595916748,3.5895872116088867,opentts_mykyta
3.6026666666666665,full_cascade,1f1ae89bb0ffb8b8,3.634033203125,3.503242254257202,3.922975540161133,4.04294490814209,3.3765697479248047,4.448612213134766,3.588744640350342,opentts_mykyta
3.6026666666666665,normalized_per_item_best,1f1ae89bb0ffb8b8,3.634033203125,3.503242254257202,3.922975540161133,4.04294490814209,3.3765697479248047,4.448612213134766,3.588744640350342,opentts_mykyta
5.469333333333333,normalized_original,11a93ede4910d3dd,4.482539176940918,3.7720935344696045,3.424020767211914,4.322686195373535,3.5276224613189697,4.3233842849731445,4.330533027648926,opentts_mykyta
5.469333333333333,full_cascade,11a93ede4910d3dd,3.6698596477508545,3.9685349464416504,4.135637283325195,4.5146589279174805,3.736896514892578,4.889530658721924,4.144230842590332,opentts_mykyta
5.469333333333333,normalized_per_item_best,11a93ede4910d3dd,3.6698596477508545,3.9685349464416504,4.135637283325195,4.5146589279174805,3.736896514892578,4.889530658721924,4.144230842590332,opentts_mykyta
5.469333333333333,normalized_per_item_best_ge3_5,11a93ede4910d3dd,3.6698596477508545,3.9685349464416504,4.135637283325195,4.5146589279174805,3.736896514892578,4.889530658721924,4.144230842590332,opentts_mykyta
3.2613333333333334,normalized_original,93bfc7f74dde98e1,2.9179468154907227,4.671639442443848,4.037303924560547,4.031430244445801,3.1620595455169678,4.575992584228516,3.9776525497436523,opentts_mykyta
3.2613333333333334,full_cascade,93bfc7f74dde98e1,3.8882343769073486,4.512285232543945,4.316995620727539,4.266165733337402,3.7426555156707764,4.791871070861816,4.197945594787598,opentts_mykyta
3.2613333333333334,normalized_per_item_best,93bfc7f74dde98e1,3.8882343769073486,4.512285232543945,4.316995620727539,4.266165733337402,3.7426555156707764,4.791871070861816,4.197945594787598,opentts_mykyta
3.2613333333333334,normalized_per_item_best_ge3_5,93bfc7f74dde98e1,3.8882343769073486,4.512285232543945,4.316995620727539,4.266165733337402,3.7426555156707764,4.791871070861816,4.197945594787598,opentts_mykyta
2.034666666666667,normalized_original,c227e2b3fb38f248,3.6773266792297363,4.110831260681152,4.047530174255371,4.410688400268555,3.9810101985931396,4.029437065124512,4.297417640686035,opentts_mykyta
2.034666666666667,full_cascade,c227e2b3fb38f248,3.295187473297119,3.97438645362854,3.96164608001709,4.34225606918335,3.7673048973083496,4.090909481048584,4.124921798706055,opentts_mykyta
2.034666666666667,normalized_per_item_best,c227e2b3fb38f248,3.6773266792297363,4.110831260681152,4.047530174255371,4.410688400268555,3.9810101985931396,4.029437065124512,4.297417640686035,opentts_mykyta
2.034666666666667,normalized_per_item_best_ge3_5,c227e2b3fb38f248,3.6773266792297363,4.110831260681152,4.047530174255371,4.410688400268555,3.9810101985931396,4.029437065124512,4.297417640686035,opentts_mykyta
2.312,normalized_original,8e1d3dd1aac3927d,4.237401008605957,4.932765960693359,4.493130207061768,4.7417402267456055,4.2490620613098145,4.505639553070068,4.493440628051758,opentts_mykyta
2.312,full_cascade,8e1d3dd1aac3927d,3.779459238052368,4.271378517150879,4.2481794357299805,4.358009338378906,3.828179359436035,4.234393119812012,4.413105010986328,opentts_mykyta
2.312,normalized_per_item_best,8e1d3dd1aac3927d,4.237401008605957,4.932765960693359,4.493130207061768,4.7417402267456055,4.2490620613098145,4.505639553070068,4.493440628051758,opentts_mykyta
2.312,normalized_per_item_best_ge3_5,8e1d3dd1aac3927d,4.237401008605957,4.932765960693359,4.493130207061768,4.7417402267456055,4.2490620613098145,4.505639553070068,4.493440628051758,opentts_mykyta
3.6026666666666665,normalized_original,26bdebf13abce380,3.79510498046875,4.355032444000244,4.050592422485352,4.030799388885498,3.477491855621338,4.2763166427612305,3.964351177215576,opentts_mykyta
3.6026666666666665,full_cascade,26bdebf13abce380,3.7189033031463623,4.527702331542969,4.024051666259766,4.293526649475098,3.4114904403686523,4.26549768447876,3.8965377807617188,opentts_mykyta
3.6026666666666665,normalized_per_item_best,26bdebf13abce380,3.79510498046875,4.355032444000244,4.050592422485352,4.030799388885498,3.477491855621338,4.2763166427612305,3.964351177215576,opentts_mykyta
5.149333333333334,normalized_original,068c6b39972a03f6,3.927896499633789,4.545756816864014,4.7821855545043945,4.055039405822754,3.8629965782165527,4.297579765319824,4.299955368041992,opentts_mykyta
5.149333333333334,full_cascade,068c6b39972a03f6,3.7324986457824707,4.444704055786133,4.539070129394531,4.115673065185547,4.083901405334473,4.819802284240723,4.593960285186768,opentts_mykyta
5.149333333333334,normalized_per_item_best,068c6b39972a03f6,3.7324986457824707,4.444704055786133,4.539070129394531,4.115673065185547,4.083901405334473,4.819802284240723,4.593960285186768,opentts_mykyta
5.149333333333334,normalized_per_item_best_ge3_5,068c6b39972a03f6,3.7324986457824707,4.444704055786133,4.539070129394531,4.115673065185547,4.083901405334473,4.819802284240723,4.593960285186768,opentts_mykyta
2.8626666666666667,normalized_original,33d5751b554e65c1,3.765935182571411,3.977647542953491,3.8760602474212646,4.619331359863281,3.359266519546509,4.140664577484131,3.56015682220459,opentts_mykyta
2.8626666666666667,full_cascade,33d5751b554e65c1,3.480323553085327,4.191550254821777,3.379561424255371,4.202963352203369,3.2177085876464844,4.739659309387207,3.481264591217041,opentts_mykyta
2.8626666666666667,normalized_per_item_best,33d5751b554e65c1,3.765935182571411,3.977647542953491,3.8760602474212646,4.619331359863281,3.359266519546509,4.140664577484131,3.56015682220459,opentts_mykyta
4.04,normalized_original,d411f0cb05023318,4.237434387207031,4.487729072570801,3.952268123626709,3.9221792221069336,4.256494045257568,3.7982659339904785,4.563859939575195,opentts_mykyta
4.04,full_cascade,d411f0cb05023318,3.806797504425049,3.869546890258789,3.6621720790863037,3.9199750423431396,3.6800482273101807,4.110743999481201,4.154473304748535,opentts_mykyta
4.04,normalized_per_item_best,d411f0cb05023318,4.237434387207031,4.487729072570801,3.952268123626709,3.9221792221069336,4.256494045257568,3.7982659339904785,4.563859939575195,opentts_mykyta
4.04,normalized_per_item_best_ge3_5,d411f0cb05023318,4.237434387207031,4.487729072570801,3.952268123626709,3.9221792221069336,4.256494045257568,3.7982659339904785,4.563859939575195,opentts_mykyta
4.1466666666666665,normalized_original,83e20366aa3cd58e,3.6681485176086426,4.172334671020508,4.152836322784424,4.11004638671875,3.4780027866363525,4.392439842224121,4.190720558166504,opentts_mykyta
4.1466666666666665,full_cascade,83e20366aa3cd58e,3.743232250213623,4.005609512329102,3.9282584190368652,4.259899139404297,3.990650177001953,4.662749290466309,4.369492530822754,opentts_mykyta
4.1466666666666665,normalized_per_item_best,83e20366aa3cd58e,3.743232250213623,4.005609512329102,3.9282584190368652,4.259899139404297,3.990650177001953,4.662749290466309,4.369492530822754,opentts_mykyta
4.1466666666666665,normalized_per_item_best_ge3_5,83e20366aa3cd58e,3.743232250213623,4.005609512329102,3.9282584190368652,4.259899139404297,3.990650177001953,4.662749290466309,4.369492530822754,opentts_mykyta
3.1866666666666665,normalized_original,0fa020189e7c14d7,4.231728553771973,4.739076614379883,4.593625068664551,4.269376754760742,3.8922932147979736,4.620635509490967,4.469192028045654,opentts_mykyta
3.1866666666666665,full_cascade,0fa020189e7c14d7,3.4273509979248047,4.173110485076904,3.5727219581604004,4.130864143371582,3.723738670349121,4.350155353546143,4.304173469543457,opentts_mykyta
3.1866666666666665,normalized_per_item_best,0fa020189e7c14d7,4.231728553771973,4.739076614379883,4.593625068664551,4.269376754760742,3.8922932147979736,4.620635509490967,4.469192028045654,opentts_mykyta
3.1866666666666665,normalized_per_item_best_ge3_5,0fa020189e7c14d7,4.231728553771973,4.739076614379883,4.593625068664551,4.269376754760742,3.8922932147979736,4.620635509490967,4.469192028045654,opentts_mykyta
3.2293333333333334,normalized_original,b218e5f5481f2829,4.07177734375,4.585640907287598,4.337006568908691,4.2565412521362305,3.927783966064453,4.569890022277832,4.305355548858643,opentts_mykyta
3.2293333333333334,full_cascade,b218e5f5481f2829,3.050980567932129,4.446242332458496,4.561789035797119,4.490150451660156,3.4016923904418945,4.587696075439453,3.985307455062866,opentts_mykyta
3.2293333333333334,normalized_per_item_best,b218e5f5481f2829,4.07177734375,4.585640907287598,4.337006568908691,4.2565412521362305,3.927783966064453,4.569890022277832,4.305355548858643,opentts_mykyta
3.2293333333333334,normalized_per_item_best_ge3_5,b218e5f5481f2829,4.07177734375,4.585640907287598,4.337006568908691,4.2565412521362305,3.927783966064453,4.569890022277832,4.305355548858643,opentts_mykyta
5.533333333333333,normalized_original,893ac17a096d2adf,3.709914445877075,4.24173641204834,4.347386360168457,4.511505126953125,3.310177803039551,3.6675336360931396,3.8919498920440674,opentts_mykyta
5.533333333333333,full_cascade,893ac17a096d2adf,3.6734089851379395,4.083500862121582,4.218350887298584,4.154836654663086,3.751340866088867,4.588773727416992,4.211434841156006,opentts_mykyta
5.533333333333333,normalized_per_item_best,893ac17a096d2adf,3.6734089851379395,4.083500862121582,4.218350887298584,4.154836654663086,3.751340866088867,4.588773727416992,4.211434841156006,opentts_mykyta
5.533333333333333,normalized_per_item_best_ge3_5,893ac17a096d2adf,3.6734089851379395,4.083500862121582,4.218350887298584,4.154836654663086,3.751340866088867,4.588773727416992,4.211434841156006,opentts_mykyta
3.8906666666666667,normalized_original,8683742dfe90c138,3.889256238937378,4.274831771850586,3.9470832347869873,4.034965515136719,2.8536570072174072,3.56410551071167,3.243441581726074,opentts_mykyta
3.8906666666666667,full_cascade,8683742dfe90c138,3.8966410160064697,4.249039649963379,3.620724678039551,4.312469482421875,3.4982824325561523,4.0039143562316895,3.6842398643493652,opentts_mykyta
3.8906666666666667,normalized_per_item_best,8683742dfe90c138,3.8966410160064697,4.249039649963379,3.620724678039551,4.312469482421875,3.4982824325561523,4.0039143562316895,3.6842398643493652,opentts_mykyta
5.448,normalized_original,cab9c4d164655544,3.934654474258423,4.497467041015625,4.452296257019043,4.328068733215332,3.662630558013916,4.397632598876953,4.152369499206543,opentts_mykyta
5.448,full_cascade,cab9c4d164655544,3.7639541625976562,3.817490577697754,4.361164093017578,4.3730878829956055,3.594223976135254,4.457635402679443,3.9513909816741943,opentts_mykyta
5.448,normalized_per_item_best,cab9c4d164655544,3.934654474258423,4.497467041015625,4.452296257019043,4.328068733215332,3.662630558013916,4.397632598876953,4.152369499206543,opentts_mykyta
5.448,normalized_per_item_best_ge3_5,cab9c4d164655544,3.934654474258423,4.497467041015625,4.452296257019043,4.328068733215332,3.662630558013916,4.397632598876953,4.152369499206543,opentts_mykyta
5.256,normalized_original,71f0271b5dfe44f8,3.69787859916687,4.194895267486572,3.261976480484009,3.7353734970092773,3.0720815658569336,3.771235942840576,3.9887607097625732,opentts_mykyta
5.256,full_cascade,71f0271b5dfe44f8,3.651414632797241,3.9976983070373535,3.762948513031006,4.276203155517578,3.3563804626464844,4.477066993713379,3.981743097305298,opentts_mykyta
5.256,normalized_per_item_best,71f0271b5dfe44f8,3.651414632797241,3.9976983070373535,3.762948513031006,4.276203155517578,3.3563804626464844,4.477066993713379,3.981743097305298,opentts_mykyta
5.501333333333333,normalized_original,d1b2cd8e8e3b9e91,3.701801061630249,4.0048441886901855,3.839369535446167,4.187999248504639,3.653618335723877,4.522194862365723,4.1588664054870605,opentts_mykyta
5.501333333333333,full_cascade,d1b2cd8e8e3b9e91,3.263265609741211,4.133509635925293,3.7612557411193848,4.256033897399902,3.371976613998413,4.389941692352295,3.9274861812591553,opentts_mykyta
5.501333333333333,normalized_per_item_best,d1b2cd8e8e3b9e91,3.701801061630249,4.0048441886901855,3.839369535446167,4.187999248504639,3.653618335723877,4.522194862365723,4.1588664054870605,opentts_mykyta
5.501333333333333,normalized_per_item_best_ge3_5,d1b2cd8e8e3b9e91,3.701801061630249,4.0048441886901855,3.839369535446167,4.187999248504639,3.653618335723877,4.522194862365723,4.1588664054870605,opentts_mykyta
2.1306666666666665,normalized_original,6057d3ad2ee84619,3.236208438873291,4.548067092895508,4.2162251472473145,4.697044372558594,3.057570457458496,3.8596906661987305,3.5508604049682617,opentts_mykyta
2.1306666666666665,full_cascade,6057d3ad2ee84619,3.3531582355499268,3.893071413040161,4.481618404388428,4.674164772033691,3.3703720569610596,4.718845367431641,3.829854726791382,opentts_mykyta
2.1306666666666665,normalized_per_item_best,6057d3ad2ee84619,3.3531582355499268,3.893071413040161,4.481618404388428,4.674164772033691,3.3703720569610596,4.718845367431641,3.829854726791382,opentts_mykyta
2.7453333333333334,normalized_original,e482532f1c169286,4.084866523742676,4.537479877471924,3.6124160289764404,4.618239879608154,3.7637569904327393,4.775447368621826,4.508482456207275,opentts_mykyta
2.7453333333333334,full_cascade,e482532f1c169286,3.7926254272460938,4.723844528198242,3.1386306285858154,4.870467185974121,3.3985583782196045,4.126437187194824,3.5693020820617676,opentts_mykyta
2.7453333333333334,normalized_per_item_best,e482532f1c169286,4.084866523742676,4.537479877471924,3.6124160289764404,4.618239879608154,3.7637569904327393,4.775447368621826,4.508482456207275,opentts_mykyta
2.7453333333333334,normalized_per_item_best_ge3_5,e482532f1c169286,4.084866523742676,4.537479877471924,3.6124160289764404,4.618239879608154,3.7637569904327393,4.775447368621826,4.508482456207275,opentts_mykyta
2.28,normalized_original,b60e2ca45d3ebc8a,3.9446825981140137,4.45857048034668,3.9705660343170166,4.626264572143555,2.662398099899292,3.6403615474700928,2.863246440887451,opentts_mykyta
2.28,full_cascade,b60e2ca45d3ebc8a,4.181144714355469,4.47902250289917,4.361046314239502,4.478063106536865,3.3284690380096436,4.734572410583496,3.5994303226470947,opentts_mykyta
2.28,normalized_per_item_best,b60e2ca45d3ebc8a,4.181144714355469,4.47902250289917,4.361046314239502,4.478063106536865,3.3284690380096436,4.734572410583496,3.5994303226470947,opentts_mykyta
3.6133333333333333,normalized_original,af8eeb0bdaaf6faf,4.168018817901611,3.8739664554595947,4.2203474044799805,4.5833234786987305,3.833052396774292,4.410032272338867,4.271138668060303,opentts_mykyta
3.6133333333333333,full_cascade,af8eeb0bdaaf6faf,3.749209403991699,3.9339115619659424,4.521162509918213,4.062374591827393,3.624973773956299,4.774700164794922,3.8714699745178223,opentts_mykyta
3.6133333333333333,normalized_per_item_best,af8eeb0bdaaf6faf,4.168018817901611,3.8739664554595947,4.2203474044799805,4.5833234786987305,3.833052396774292,4.410032272338867,4.271138668060303,opentts_mykyta
3.6133333333333333,normalized_per_item_best_ge3_5,af8eeb0bdaaf6faf,4.168018817901611,3.8739664554595947,4.2203474044799805,4.5833234786987305,3.833052396774292,4.410032272338867,4.271138668060303,opentts_mykyta
4.5906666666666665,normalized_original,38f2f5441396d96c,3.90211820602417,4.455312728881836,4.42281436920166,4.330403804779053,3.5852603912353516,3.7748000621795654,4.323288440704346,opentts_mykyta
4.5906666666666665,full_cascade,38f2f5441396d96c,3.7925806045532227,4.297658920288086,4.206554889678955,3.823218822479248,3.418276786804199,3.9736990928649902,4.082895278930664,opentts_mykyta
4.5906666666666665,normalized_per_item_best,38f2f5441396d96c,3.90211820602417,4.455312728881836,4.42281436920166,4.330403804779053,3.5852603912353516,3.7748000621795654,4.323288440704346,opentts_mykyta
4.5906666666666665,normalized_per_item_best_ge3_5,38f2f5441396d96c,3.90211820602417,4.455312728881836,4.42281436920166,4.330403804779053,3.5852603912353516,3.7748000621795654,4.323288440704346,opentts_mykyta
2.7173333333333334,normalized_original,d944b26bf4c847b1,4.135728359222412,3.998159170150757,3.6896374225616455,3.8365559577941895,3.3005940914154053,4.656495571136475,4.102926254272461,opentts_mykyta
2.7173333333333334,full_cascade,d944b26bf4c847b1,3.7814249992370605,4.678282737731934,4.057329177856445,4.336599349975586,3.7910830974578857,4.430180549621582,4.265644550323486,opentts_mykyta
2.7173333333333334,normalized_per_item_best,d944b26bf4c847b1,3.7814249992370605,4.678282737731934,4.057329177856445,4.336599349975586,3.7910830974578857,4.430180549621582,4.265644550323486,opentts_mykyta
2.7173333333333334,normalized_per_item_best_ge3_5,d944b26bf4c847b1,3.7814249992370605,4.678282737731934,4.057329177856445,4.336599349975586,3.7910830974578857,4.430180549621582,4.265644550323486,opentts_mykyta
3.18,normalized_original,bb95b943aaeb4c5e,3.0874321460723877,4.426005840301514,4.173900604248047,4.389473915100098,3.2938191890716553,4.253121376037598,3.6406145095825195,opentts_mykyta
3.18,full_cascade,bb95b943aaeb4c5e,3.7412400245666504,4.5864763259887695,4.352443695068359,4.118212699890137,3.6051807403564453,4.822994709014893,4.006279945373535,opentts_mykyta
3.18,normalized_per_item_best,bb95b943aaeb4c5e,3.7412400245666504,4.5864763259887695,4.352443695068359,4.118212699890137,3.6051807403564453,4.822994709014893,4.006279945373535,opentts_mykyta
3.18,normalized_per_item_best_ge3_5,bb95b943aaeb4c5e,3.7412400245666504,4.5864763259887695,4.352443695068359,4.118212699890137,3.6051807403564453,4.822994709014893,4.006279945373535,opentts_mykyta
2.728,normalized_original,ce673f8d30ab8f12,3.3577792644500732,4.244291305541992,4.371720790863037,4.6060471534729,3.7106423377990723,3.9369699954986572,3.9537155628204346,opentts_mykyta
2.728,full_cascade,ce673f8d30ab8f12,3.1303937435150146,4.557100296020508,4.3832011222839355,4.000532627105713,3.5469064712524414,4.355735778808594,4.096922874450684,opentts_mykyta
2.728,normalized_per_item_best,ce673f8d30ab8f12,3.3577792644500732,4.244291305541992,4.371720790863037,4.6060471534729,3.7106423377990723,3.9369699954986572,3.9537155628204346,opentts_mykyta
2.728,normalized_per_item_best_ge3_5,ce673f8d30ab8f12,3.3577792644500732,4.244291305541992,4.371720790863037,4.6060471534729,3.7106423377990723,3.9369699954986572,3.9537155628204346,opentts_mykyta
6.930666666666666,normalized_original,eb7ee2068c5040e2,3.414762258529663,4.148778915405273,4.035044193267822,4.415647506713867,3.2018563747406006,3.8997347354888916,4.0357160568237305,opentts_mykyta
6.930666666666666,full_cascade,eb7ee2068c5040e2,3.5809926986694336,4.1454877853393555,4.402272701263428,4.208354949951172,3.5020627975463867,4.544854164123535,3.8164236545562744,opentts_mykyta
6.930666666666666,normalized_per_item_best,eb7ee2068c5040e2,3.5809926986694336,4.1454877853393555,4.402272701263428,4.208354949951172,3.5020627975463867,4.544854164123535,3.8164236545562744,opentts_mykyta
6.930666666666666,normalized_per_item_best_ge3_5,eb7ee2068c5040e2,3.5809926986694336,4.1454877853393555,4.402272701263428,4.208354949951172,3.5020627975463867,4.544854164123535,3.8164236545562744,opentts_mykyta
2.3653333333333335,normalized_original,650a0b090c1c3aa2,3.4629719257354736,4.2138471603393555,3.7030441761016846,4.2349653244018555,3.322909116744995,3.7766358852386475,3.7273523807525635,opentts_mykyta
2.3653333333333335,full_cascade,650a0b090c1c3aa2,3.2300121784210205,3.9948768615722656,3.445483922958374,4.033565521240234,3.538174867630005,4.54263973236084,4.042851448059082,opentts_mykyta
2.3653333333333335,normalized_per_item_best,650a0b090c1c3aa2,3.2300121784210205,3.9948768615722656,3.445483922958374,4.033565521240234,3.538174867630005,4.54263973236084,4.042851448059082,opentts_mykyta
2.3653333333333335,normalized_per_item_best_ge3_5,650a0b090c1c3aa2,3.2300121784210205,3.9948768615722656,3.445483922958374,4.033565521240234,3.538174867630005,4.54263973236084,4.042851448059082,opentts_mykyta
2.493333333333333,normalized_original,54128cb05339f5b0,3.8719284534454346,4.552574157714844,4.54549503326416,4.084054470062256,3.618905782699585,4.732366561889648,3.9158833026885986,opentts_mykyta
2.493333333333333,full_cascade,54128cb05339f5b0,4.115873336791992,3.959211826324463,3.806845188140869,4.736854553222656,3.754462242126465,4.693045616149902,4.128279685974121,opentts_mykyta
2.493333333333333,normalized_per_item_best,54128cb05339f5b0,4.115873336791992,3.959211826324463,3.806845188140869,4.736854553222656,3.754462242126465,4.693045616149902,4.128279685974121,opentts_mykyta
2.493333333333333,normalized_per_item_best_ge3_5,54128cb05339f5b0,4.115873336791992,3.959211826324463,3.806845188140869,4.736854553222656,3.754462242126465,4.693045616149902,4.128279685974121,opentts_mykyta
2.2906666666666666,normalized_original,cc5d36cab9c23040,3.3227646350860596,4.354814529418945,3.6759350299835205,4.097455024719238,3.3708317279815674,4.177641868591309,3.994757652282715,opentts_mykyta
2.2906666666666666,full_cascade,cc5d36cab9c23040,3.6841771602630615,4.291440010070801,3.8748555183410645,4.549949645996094,3.4181079864501953,4.598729610443115,4.016803741455078,opentts_mykyta
2.2906666666666666,normalized_per_item_best,cc5d36cab9c23040,3.6841771602630615,4.291440010070801,3.8748555183410645,4.549949645996094,3.4181079864501953,4.598729610443115,4.016803741455078,opentts_mykyta
5.48,normalized_original,89a174d7aca41048,4.327406883239746,4.3111114501953125,4.793113708496094,4.467586994171143,3.8262598514556885,4.532253265380859,4.2329864501953125,opentts_mykyta
5.48,full_cascade,89a174d7aca41048,3.6894752979278564,3.823500871658325,4.096735000610352,4.316533088684082,3.287977933883667,4.544829368591309,3.6759274005889893,opentts_mykyta
5.48,normalized_per_item_best,89a174d7aca41048,4.327406883239746,4.3111114501953125,4.793113708496094,4.467586994171143,3.8262598514556885,4.532253265380859,4.2329864501953125,opentts_mykyta
5.48,normalized_per_item_best_ge3_5,89a174d7aca41048,4.327406883239746,4.3111114501953125,4.793113708496094,4.467586994171143,3.8262598514556885,4.532253265380859,4.2329864501953125,opentts_mykyta
5.768,normalized_original,40710901d6cb8262,3.41869854927063,4.689806938171387,3.9622442722320557,4.344144344329834,3.554471015930176,4.062334060668945,4.1199140548706055,opentts_mykyta
5.768,full_cascade,40710901d6cb8262,3.2687225341796875,4.321203231811523,3.732076644897461,4.377647399902344,3.863839864730835,4.68499755859375,4.342462062835693,opentts_mykyta
5.768,normalized_per_item_best,40710901d6cb8262,3.2687225341796875,4.321203231811523,3.732076644897461,4.377647399902344,3.863839864730835,4.68499755859375,4.342462062835693,opentts_mykyta
5.768,normalized_per_item_best_ge3_5,40710901d6cb8262,3.2687225341796875,4.321203231811523,3.732076644897461,4.377647399902344,3.863839864730835,4.68499755859375,4.342462062835693,opentts_mykyta
2.82,normalized_original,ec6d1dbdf3184832,3.4280588626861572,4.480989456176758,4.327225685119629,4.525078773498535,3.8944480419158936,4.100478649139404,4.440928936004639,opentts_mykyta
2.82,full_cascade,ec6d1dbdf3184832,3.8199238777160645,4.405255317687988,3.998939037322998,4.454063892364502,3.632563829421997,4.356775283813477,3.962297201156616,opentts_mykyta
2.82,normalized_per_item_best,ec6d1dbdf3184832,3.4280588626861572,4.480989456176758,4.327225685119629,4.525078773498535,3.8944480419158936,4.100478649139404,4.440928936004639,opentts_mykyta
2.82,normalized_per_item_best_ge3_5,ec6d1dbdf3184832,3.4280588626861572,4.480989456176758,4.327225685119629,4.525078773498535,3.8944480419158936,4.100478649139404,4.440928936004639,opentts_mykyta
2.6746666666666665,normalized_original,9a04b60abe51ab96,3.796884536743164,4.60015344619751,3.8804304599761963,4.4022417068481445,3.7637293338775635,3.713348865509033,4.194921493530273,opentts_mykyta
2.6746666666666665,full_cascade,9a04b60abe51ab96,3.9777474403381348,4.433259010314941,4.045938014984131,4.379425048828125,3.9344420433044434,4.607861518859863,4.446497917175293,opentts_mykyta
2.6746666666666665,normalized_per_item_best,9a04b60abe51ab96,3.9777474403381348,4.433259010314941,4.045938014984131,4.379425048828125,3.9344420433044434,4.607861518859863,4.446497917175293,opentts_mykyta
2.6746666666666665,normalized_per_item_best_ge3_5,9a04b60abe51ab96,3.9777474403381348,4.433259010314941,4.045938014984131,4.379425048828125,3.9344420433044434,4.607861518859863,4.446497917175293,opentts_mykyta
4.210666666666667,normalized_original,1020265fb84912cd,3.9410736560821533,4.544713020324707,3.9449079036712646,4.214420318603516,3.7822842597961426,4.312674522399902,4.308418273925781,opentts_mykyta
4.210666666666667,full_cascade,1020265fb84912cd,3.5696675777435303,4.484020233154297,3.9237771034240723,4.796415328979492,3.873263120651245,4.488581657409668,4.3766937255859375,opentts_mykyta
4.210666666666667,normalized_per_item_best,1020265fb84912cd,3.5696675777435303,4.484020233154297,3.9237771034240723,4.796415328979492,3.873263120651245,4.488581657409668,4.3766937255859375,opentts_mykyta
4.210666666666667,normalized_per_item_best_ge3_5,1020265fb84912cd,3.5696675777435303,4.484020233154297,3.9237771034240723,4.796415328979492,3.873263120651245,4.488581657409668,4.3766937255859375,opentts_mykyta
2.376,normalized_original,28cdbef953fe3a3d,3.712038040161133,4.647404670715332,4.185018539428711,4.334954261779785,3.449084520339966,3.732283115386963,4.0970306396484375,opentts_mykyta
2.376,full_cascade,28cdbef953fe3a3d,3.4848268032073975,4.56380033493042,3.414487361907959,4.224964618682861,3.5502068996429443,4.176787376403809,4.361135959625244,opentts_mykyta
2.376,normalized_per_item_best,28cdbef953fe3a3d,3.4848268032073975,4.56380033493042,3.414487361907959,4.224964618682861,3.5502068996429443,4.176787376403809,4.361135959625244,opentts_mykyta
2.376,normalized_per_item_best_ge3_5,28cdbef953fe3a3d,3.4848268032073975,4.56380033493042,3.414487361907959,4.224964618682861,3.5502068996429443,4.176787376403809,4.361135959625244,opentts_mykyta
2.8666666666666667,normalized_original,816a74e16fd172b3,3.381837844848633,3.800240993499756,3.9254183769226074,3.9914140701293945,2.9738569259643555,3.6702420711517334,3.256141185760498,opentts_mykyta
2.8666666666666667,full_cascade,816a74e16fd172b3,3.188507080078125,3.788655996322632,3.847264051437378,4.208934783935547,3.1681113243103027,4.219654560089111,3.534954071044922,opentts_mykyta
2.8666666666666667,normalized_per_item_best,816a74e16fd172b3,3.188507080078125,3.788655996322632,3.847264051437378,4.208934783935547,3.1681113243103027,4.219654560089111,3.534954071044922,opentts_mykyta
4.445333333333333,normalized_original,3ae6136844cf3860,4.031635284423828,4.379650115966797,4.742556571960449,4.181686878204346,3.955979824066162,4.605764389038086,4.4854021072387695,opentts_mykyta
4.445333333333333,full_cascade,3ae6136844cf3860,3.8592774868011475,4.088136672973633,4.248648166656494,4.0073041915893555,3.6068899631500244,4.804175853729248,3.9030494689941406,opentts_mykyta
4.445333333333333,normalized_per_item_best,3ae6136844cf3860,4.031635284423828,4.379650115966797,4.742556571960449,4.181686878204346,3.955979824066162,4.605764389038086,4.4854021072387695,opentts_mykyta
4.445333333333333,normalized_per_item_best_ge3_5,3ae6136844cf3860,4.031635284423828,4.379650115966797,4.742556571960449,4.181686878204346,3.955979824066162,4.605764389038086,4.4854021072387695,opentts_mykyta
2.4506666666666668,normalized_original,45c74b66f4e52208,3.525078535079956,4.628818035125732,3.6084258556365967,4.647420883178711,3.4610588550567627,4.843325614929199,4.009199619293213,opentts_mykyta
2.4506666666666668,full_cascade,45c74b66f4e52208,3.439000129699707,4.820958614349365,4.136213302612305,4.239612579345703,3.828733205795288,4.781199932098389,4.174159049987793,opentts_mykyta
2.4506666666666668,normalized_per_item_best,45c74b66f4e52208,3.439000129699707,4.820958614349365,4.136213302612305,4.239612579345703,3.828733205795288,4.781199932098389,4.174159049987793,opentts_mykyta
2.4506666666666668,normalized_per_item_best_ge3_5,45c74b66f4e52208,3.439000129699707,4.820958614349365,4.136213302612305,4.239612579345703,3.828733205795288,4.781199932098389,4.174159049987793,opentts_mykyta
4.84,normalized_original,24853fa87a94d515,4.20078182220459,4.192775726318359,3.292764902114868,4.446437835693359,3.4065611362457275,3.7455894947052,4.1099090576171875,opentts_mykyta
4.84,full_cascade,24853fa87a94d515,3.665177345275879,4.6803178787231445,4.240407943725586,4.623917102813721,3.4798076152801514,4.802312850952148,3.8876283168792725,opentts_mykyta
4.84,normalized_per_item_best,24853fa87a94d515,3.665177345275879,4.6803178787231445,4.240407943725586,4.623917102813721,3.4798076152801514,4.802312850952148,3.8876283168792725,opentts_mykyta
5.96,normalized_original,ae9b420e7bff1109,4.342657089233398,4.701876640319824,4.57509183883667,4.381302833557129,4.005609035491943,4.781298637390137,4.34398078918457,opentts_mykyta
5.96,full_cascade,ae9b420e7bff1109,3.79257869720459,4.312747478485107,4.4457268714904785,4.59669303894043,3.7515087127685547,4.641845703125,3.9259135723114014,opentts_mykyta
5.96,normalized_per_item_best,ae9b420e7bff1109,4.342657089233398,4.701876640319824,4.57509183883667,4.381302833557129,4.005609035491943,4.781298637390137,4.34398078918457,opentts_mykyta
5.96,normalized_per_item_best_ge3_5,ae9b420e7bff1109,4.342657089233398,4.701876640319824,4.57509183883667,4.381302833557129,4.005609035491943,4.781298637390137,4.34398078918457,opentts_mykyta
4.392,normalized_original,665b5819f3675c27,2.8785972595214844,4.308958530426025,3.2748448848724365,4.096096038818359,3.544545888900757,4.633760452270508,3.9224953651428223,opentts_mykyta
4.392,full_cascade,665b5819f3675c27,3.292595148086548,3.871222496032715,3.780761480331421,4.084258079528809,3.6902263164520264,4.739524841308594,4.009067535400391,opentts_mykyta
4.392,normalized_per_item_best,665b5819f3675c27,3.292595148086548,3.871222496032715,3.780761480331421,4.084258079528809,3.6902263164520264,4.739524841308594,4.009067535400391,opentts_mykyta
4.392,normalized_per_item_best_ge3_5,665b5819f3675c27,3.292595148086548,3.871222496032715,3.780761480331421,4.084258079528809,3.6902263164520264,4.739524841308594,4.009067535400391,opentts_mykyta
2.521333333333333,normalized_original,8d75b459ab38ab77,4.002802848815918,4.22840690612793,3.3017895221710205,4.2803239822387695,3.5903406143188477,4.111794948577881,3.992173910140991,opentts_mykyta
2.521333333333333,full_cascade,8d75b459ab38ab77,3.350292205810547,4.175127983093262,3.306165933609009,4.539384365081787,3.389615535736084,4.128610610961914,3.9296681880950928,opentts_mykyta
2.521333333333333,normalized_per_item_best,8d75b459ab38ab77,4.002802848815918,4.22840690612793,3.3017895221710205,4.2803239822387695,3.5903406143188477,4.111794948577881,3.992173910140991,opentts_mykyta
2.521333333333333,normalized_per_item_best_ge3_5,8d75b459ab38ab77,4.002802848815918,4.22840690612793,3.3017895221710205,4.2803239822387695,3.5903406143188477,4.111794948577881,3.992173910140991,opentts_mykyta
3.66,normalized_original,d9495281ebad598c,3.930753231048584,4.601710319519043,4.421604633331299,4.731076240539551,4.072696685791016,4.051618576049805,4.3796467781066895,opentts_mykyta
3.66,full_cascade,d9495281ebad598c,3.7041711807250977,4.864890098571777,3.973845958709717,4.9037981033325195,4.004103183746338,4.459319114685059,4.433775424957275,opentts_mykyta
3.66,normalized_per_item_best,d9495281ebad598c,3.930753231048584,4.601710319519043,4.421604633331299,4.731076240539551,4.072696685791016,4.051618576049805,4.3796467781066895,opentts_mykyta
3.66,normalized_per_item_best_ge3_5,d9495281ebad598c,3.930753231048584,4.601710319519043,4.421604633331299,4.731076240539551,4.072696685791016,4.051618576049805,4.3796467781066895,opentts_mykyta
4.584,normalized_original,702d94d54b2de6ea,4.042026519775391,4.728567123413086,4.313806533813477,4.781285285949707,3.6597907543182373,4.209809303283691,4.233419418334961,opentts_mykyta
4.584,full_cascade,702d94d54b2de6ea,3.8540287017822266,4.345795631408691,4.268036842346191,4.288299560546875,3.739137649536133,4.724658489227295,4.257284641265869,opentts_mykyta
4.584,normalized_per_item_best,702d94d54b2de6ea,3.8540287017822266,4.345795631408691,4.268036842346191,4.288299560546875,3.739137649536133,4.724658489227295,4.257284641265869,opentts_mykyta
4.584,normalized_per_item_best_ge3_5,702d94d54b2de6ea,3.8540287017822266,4.345795631408691,4.268036842346191,4.288299560546875,3.739137649536133,4.724658489227295,4.257284641265869,opentts_mykyta
2.28,normalized_original,759503caf060248e,4.207436561584473,4.882007122039795,4.057624816894531,4.159328460693359,3.9723610877990723,3.9808356761932373,4.276594638824463,opentts_mykyta
2.28,full_cascade,759503caf060248e,4.1038923263549805,4.32509183883667,4.435032844543457,4.301814556121826,3.5028741359710693,4.411808967590332,4.323528289794922,opentts_mykyta
2.28,normalized_per_item_best,759503caf060248e,4.207436561584473,4.882007122039795,4.057624816894531,4.159328460693359,3.9723610877990723,3.9808356761932373,4.276594638824463,opentts_mykyta
2.28,normalized_per_item_best_ge3_5,759503caf060248e,4.207436561584473,4.882007122039795,4.057624816894531,4.159328460693359,3.9723610877990723,3.9808356761932373,4.276594638824463,opentts_mykyta
5.96,normalized_original,9aa6e3a376121857,4.264106750488281,4.112717628479004,3.622215509414673,3.8066344261169434,3.1317121982574463,4.411575794219971,4.201240539550781,opentts_mykyta
5.96,full_cascade,9aa6e3a376121857,3.454394578933716,4.387336730957031,4.017390251159668,4.389601230621338,3.4819071292877197,4.627705097198486,4.130403518676758,opentts_mykyta
5.96,normalized_per_item_best,9aa6e3a376121857,3.454394578933716,4.387336730957031,4.017390251159668,4.389601230621338,3.4819071292877197,4.627705097198486,4.130403518676758,opentts_mykyta
2.2906666666666666,normalized_original,6eb6a11b059b40ed,3.257659435272217,3.965627670288086,3.659985303878784,4.46928596496582,3.3398685455322266,3.9801645278930664,3.758730411529541,opentts_mykyta
2.2906666666666666,full_cascade,6eb6a11b059b40ed,3.249070167541504,3.7062065601348877,3.5234768390655518,4.046112060546875,3.2915263175964355,4.078127861022949,3.613463878631592,opentts_mykyta
2.2906666666666666,normalized_per_item_best,6eb6a11b059b40ed,3.257659435272217,3.965627670288086,3.659985303878784,4.46928596496582,3.3398685455322266,3.9801645278930664,3.758730411529541,opentts_mykyta
7.698666666666667,normalized_original,c3d00006e0bfca7f,4.384392738342285,4.034478187561035,4.461895942687988,4.275622844696045,3.911489963531494,4.172565460205078,4.421023845672607,opentts_mykyta
7.698666666666667,full_cascade,c3d00006e0bfca7f,3.795031785964966,3.886807918548584,4.31519889831543,4.08287239074707,3.90923810005188,4.597115516662598,4.420173645019531,opentts_mykyta
7.698666666666667,normalized_per_item_best,c3d00006e0bfca7f,4.384392738342285,4.034478187561035,4.461895942687988,4.275622844696045,3.911489963531494,4.172565460205078,4.421023845672607,opentts_mykyta
7.698666666666667,normalized_per_item_best_ge3_5,c3d00006e0bfca7f,4.384392738342285,4.034478187561035,4.461895942687988,4.275622844696045,3.911489963531494,4.172565460205078,4.421023845672607,opentts_mykyta
2.962666666666667,normalized_original,172b480844041235,4.300691604614258,4.149557113647461,3.579030752182007,4.339038848876953,3.9692492485046387,4.180210113525391,4.320127964019775,opentts_mykyta
2.962666666666667,full_cascade,172b480844041235,4.0624189376831055,3.8211896419525146,3.801955223083496,4.402065277099609,3.5306098461151123,4.581584930419922,3.788938522338867,opentts_mykyta
2.962666666666667,normalized_per_item_best,172b480844041235,4.300691604614258,4.149557113647461,3.579030752182007,4.339038848876953,3.9692492485046387,4.180210113525391,4.320127964019775,opentts_mykyta
2.962666666666667,normalized_per_item_best_ge3_5,172b480844041235,4.300691604614258,4.149557113647461,3.579030752182007,4.339038848876953,3.9692492485046387,4.180210113525391,4.320127964019775,opentts_mykyta
3.965333333333333,normalized_original,3e5148008feaa9d6,4.117790222167969,4.245638370513916,4.783909797668457,4.147322654724121,3.526132583618164,4.227505683898926,4.158229351043701,opentts_mykyta
3.965333333333333,full_cascade,3e5148008feaa9d6,3.975153684616089,4.187267303466797,4.453509330749512,4.331974506378174,4.06969690322876,4.7544331550598145,4.506971836090088,opentts_mykyta
3.965333333333333,normalized_per_item_best,3e5148008feaa9d6,3.975153684616089,4.187267303466797,4.453509330749512,4.331974506378174,4.06969690322876,4.7544331550598145,4.506971836090088,opentts_mykyta
3.965333333333333,normalized_per_item_best_ge3_5,3e5148008feaa9d6,3.975153684616089,4.187267303466797,4.453509330749512,4.331974506378174,4.06969690322876,4.7544331550598145,4.506971836090088,opentts_mykyta
4.626666666666667,normalized_original,779b30fd4a6ef945,3.8395931720733643,4.057590007781982,3.7292726039886475,4.271771430969238,3.4073991775512695,3.728363275527954,3.8820345401763916,opentts_mykyta
4.626666666666667,full_cascade,779b30fd4a6ef945,3.1970126628875732,4.131777286529541,4.263140678405762,4.762392044067383,3.613187313079834,4.132901668548584,3.9399428367614746,opentts_mykyta
4.626666666666667,normalized_per_item_best,779b30fd4a6ef945,3.1970126628875732,4.131777286529541,4.263140678405762,4.762392044067383,3.613187313079834,4.132901668548584,3.9399428367614746,opentts_mykyta
4.626666666666667,normalized_per_item_best_ge3_5,779b30fd4a6ef945,3.1970126628875732,4.131777286529541,4.263140678405762,4.762392044067383,3.613187313079834,4.132901668548584,3.9399428367614746,opentts_mykyta
2.2266666666666666,normalized_original,c2022c0fb7fb3cbb,3.807281017303467,4.079687595367432,4.082815170288086,4.115975379943848,3.8797550201416016,4.082304000854492,4.328436851501465,opentts_mykyta
2.2266666666666666,full_cascade,c2022c0fb7fb3cbb,3.2989659309387207,4.108030319213867,4.155999183654785,3.9316868782043457,3.5650973320007324,4.635833740234375,4.256910800933838,opentts_mykyta
2.2266666666666666,normalized_per_item_best,c2022c0fb7fb3cbb,3.807281017303467,4.079687595367432,4.082815170288086,4.115975379943848,3.8797550201416016,4.082304000854492,4.328436851501465,opentts_mykyta
2.2266666666666666,normalized_per_item_best_ge3_5,c2022c0fb7fb3cbb,3.807281017303467,4.079687595367432,4.082815170288086,4.115975379943848,3.8797550201416016,4.082304000854492,4.328436851501465,opentts_mykyta
3.8586666666666667,normalized_original,0e70b22afd9d6907,3.6214120388031006,4.8035736083984375,3.3283653259277344,4.767148494720459,3.87092924118042,3.6728248596191406,4.106043815612793,opentts_mykyta
3.8586666666666667,full_cascade,0e70b22afd9d6907,3.6923022270202637,4.388440132141113,3.8561105728149414,4.245441436767578,3.6831777095794678,4.504321098327637,3.988985061645508,opentts_mykyta
3.8586666666666667,normalized_per_item_best,0e70b22afd9d6907,3.6214120388031006,4.8035736083984375,3.3283653259277344,4.767148494720459,3.87092924118042,3.6728248596191406,4.106043815612793,opentts_mykyta
3.8586666666666667,normalized_per_item_best_ge3_5,0e70b22afd9d6907,3.6214120388031006,4.8035736083984375,3.3283653259277344,4.767148494720459,3.87092924118042,3.6728248596191406,4.106043815612793,opentts_mykyta
4.328,normalized_original,0b4fcd3172eb7286,3.929028272628784,3.971313714981079,4.112401008605957,4.549830913543701,3.802877187728882,4.302264213562012,4.205772399902344,opentts_mykyta
4.328,full_cascade,0b4fcd3172eb7286,3.6830129623413086,3.9635846614837646,4.275940418243408,4.247702598571777,3.571568489074707,4.6918487548828125,3.988283634185791,opentts_mykyta
4.328,normalized_per_item_best,0b4fcd3172eb7286,3.929028272628784,3.971313714981079,4.112401008605957,4.549830913543701,3.802877187728882,4.302264213562012,4.205772399902344,opentts_mykyta
4.328,normalized_per_item_best_ge3_5,0b4fcd3172eb7286,3.929028272628784,3.971313714981079,4.112401008605957,4.549830913543701,3.802877187728882,4.302264213562012,4.205772399902344,opentts_mykyta
5.6146666666666665,normalized_original,b341789359dce578,3.8862900733947754,4.409821510314941,3.405956268310547,4.57420539855957,3.6020960807800293,4.06982421875,3.969499111175537,opentts_mykyta
5.6146666666666665,full_cascade,b341789359dce578,3.7704014778137207,4.3974504470825195,3.9489011764526367,4.559671878814697,3.3372862339019775,3.978914499282837,3.8144307136535645,opentts_mykyta
5.6146666666666665,normalized_per_item_best,b341789359dce578,3.8862900733947754,4.409821510314941,3.405956268310547,4.57420539855957,3.6020960807800293,4.06982421875,3.969499111175537,opentts_mykyta
5.6146666666666665,normalized_per_item_best_ge3_5,b341789359dce578,3.8862900733947754,4.409821510314941,3.405956268310547,4.57420539855957,3.6020960807800293,4.06982421875,3.969499111175537,opentts_mykyta
3.521333333333333,normalized_original,56af01b39e804540,3.3626856803894043,4.426382064819336,3.198207378387451,4.578510284423828,2.910125732421875,4.051441669464111,3.5056114196777344,opentts_mykyta
3.521333333333333,full_cascade,56af01b39e804540,3.4180948734283447,4.395323276519775,4.1460652351379395,4.245787143707275,3.603419065475464,4.417271614074707,4.246544361114502,opentts_mykyta
3.521333333333333,normalized_per_item_best,56af01b39e804540,3.4180948734283447,4.395323276519775,4.1460652351379395,4.245787143707275,3.603419065475464,4.417271614074707,4.246544361114502,opentts_mykyta
3.521333333333333,normalized_per_item_best_ge3_5,56af01b39e804540,3.4180948734283447,4.395323276519775,4.1460652351379395,4.245787143707275,3.603419065475464,4.417271614074707,4.246544361114502,opentts_mykyta
3.176,normalized_original,08cd68b8108e009a,4.209559917449951,4.490979194641113,4.049123764038086,4.535709381103516,3.8762781620025635,4.1981377601623535,4.238511085510254,opentts_mykyta
3.176,full_cascade,08cd68b8108e009a,4.098090171813965,3.9965929985046387,3.7812981605529785,4.611198425292969,3.6880688667297363,4.203594207763672,4.16417121887207,opentts_mykyta
3.176,normalized_per_item_best,08cd68b8108e009a,4.209559917449951,4.490979194641113,4.049123764038086,4.535709381103516,3.8762781620025635,4.1981377601623535,4.238511085510254,opentts_mykyta
3.176,normalized_per_item_best_ge3_5,08cd68b8108e009a,4.209559917449951,4.490979194641113,4.049123764038086,4.535709381103516,3.8762781620025635,4.1981377601623535,4.238511085510254,opentts_mykyta
2.0453333333333332,normalized_original,1225dbcf200ac14c,3.6328847408294678,4.321774959564209,3.74178147315979,4.452625274658203,3.6991889476776123,3.586705446243286,4.18239688873291,opentts_mykyta
2.0453333333333332,full_cascade,1225dbcf200ac14c,3.442164421081543,3.832414150238037,4.162176609039307,4.118597984313965,3.5480778217315674,3.9345784187316895,3.748194456100464,opentts_mykyta
2.0453333333333332,normalized_per_item_best,1225dbcf200ac14c,3.6328847408294678,4.321774959564209,3.74178147315979,4.452625274658203,3.6991889476776123,3.586705446243286,4.18239688873291,opentts_mykyta
2.0453333333333332,normalized_per_item_best_ge3_5,1225dbcf200ac14c,3.6328847408294678,4.321774959564209,3.74178147315979,4.452625274658203,3.6991889476776123,3.586705446243286,4.18239688873291,opentts_mykyta
6.538666666666667,normalized_original,7faeadec8c57496d,3.1306819915771484,4.345594882965088,4.111041069030762,4.2273359298706055,3.1856396198272705,3.9718472957611084,3.8250155448913574,opentts_mykyta
6.538666666666667,full_cascade,7faeadec8c57496d,3.6068224906921387,4.181022644042969,4.118481159210205,4.764947414398193,3.6282804012298584,4.320584297180176,3.9827115535736084,opentts_mykyta
6.538666666666667,normalized_per_item_best,7faeadec8c57496d,3.6068224906921387,4.181022644042969,4.118481159210205,4.764947414398193,3.6282804012298584,4.320584297180176,3.9827115535736084,opentts_mykyta
6.538666666666667,normalized_per_item_best_ge3_5,7faeadec8c57496d,3.6068224906921387,4.181022644042969,4.118481159210205,4.764947414398193,3.6282804012298584,4.320584297180176,3.9827115535736084,opentts_mykyta
2.152,normalized_original,fe82a6bad6876302,3.3735060691833496,4.412200450897217,4.104907989501953,4.1624603271484375,3.632511854171753,4.050989627838135,4.102912902832031,opentts_mykyta
2.152,full_cascade,fe82a6bad6876302,3.905088186264038,4.572141647338867,3.9735360145568848,4.32009220123291,3.744765281677246,4.755224227905273,4.363076210021973,opentts_mykyta
2.152,normalized_per_item_best,fe82a6bad6876302,3.905088186264038,4.572141647338867,3.9735360145568848,4.32009220123291,3.744765281677246,4.755224227905273,4.363076210021973,opentts_mykyta
2.152,normalized_per_item_best_ge3_5,fe82a6bad6876302,3.905088186264038,4.572141647338867,3.9735360145568848,4.32009220123291,3.744765281677246,4.755224227905273,4.363076210021973,opentts_mykyta
4.018666666666666,normalized_original,857380e9a1187eb1,4.208664417266846,4.712122917175293,3.6811540126800537,4.592643737792969,3.695244789123535,4.57762336730957,4.1311492919921875,opentts_mykyta
4.018666666666666,full_cascade,857380e9a1187eb1,3.3474080562591553,3.9037201404571533,3.7979085445404053,4.138967990875244,3.2590270042419434,3.9155843257904053,3.6183691024780273,opentts_mykyta
4.018666666666666,normalized_per_item_best,857380e9a1187eb1,4.208664417266846,4.712122917175293,3.6811540126800537,4.592643737792969,3.695244789123535,4.57762336730957,4.1311492919921875,opentts_mykyta
4.018666666666666,normalized_per_item_best_ge3_5,857380e9a1187eb1,4.208664417266846,4.712122917175293,3.6811540126800537,4.592643737792969,3.695244789123535,4.57762336730957,4.1311492919921875,opentts_mykyta
5.8533333333333335,normalized_original,460b4d2feca22ce8,3.7213375568389893,4.189610481262207,3.280275821685791,3.9819998741149902,3.2030556201934814,3.778331995010376,4.150635719299316,opentts_mykyta
5.8533333333333335,full_cascade,460b4d2feca22ce8,3.6750872135162354,4.035423278808594,3.954125165939331,4.084814071655273,2.9898736476898193,4.2774658203125,3.7809815406799316,opentts_mykyta
5.8533333333333335,normalized_per_item_best,460b4d2feca22ce8,3.7213375568389893,4.189610481262207,3.280275821685791,3.9819998741149902,3.2030556201934814,3.778331995010376,4.150635719299316,opentts_mykyta
5.597333333333333,normalized_original,b62f01cd9805b14d,3.4896178245544434,4.840085029602051,4.558342933654785,4.038256645202637,3.2057440280914307,3.9535179138183594,3.6689717769622803,opentts_mykyta
5.597333333333333,full_cascade,b62f01cd9805b14d,2.7145450115203857,3.960540294647217,4.141273021697998,3.910169839859009,3.101228713989258,3.838226556777954,3.5334558486938477,opentts_mykyta
5.597333333333333,normalized_per_item_best,b62f01cd9805b14d,3.4896178245544434,4.840085029602051,4.558342933654785,4.038256645202637,3.2057440280914307,3.9535179138183594,3.6689717769622803,opentts_mykyta
6.770666666666667,normalized_original,f4d8e81a756dff64,4.3654561042785645,4.7655558586120605,4.155050277709961,4.74021053314209,4.191354751586914,4.56879997253418,4.523440837860107,opentts_mykyta
6.770666666666667,full_cascade,f4d8e81a756dff64,4.283217430114746,4.203986644744873,3.675241470336914,4.355565071105957,3.5895168781280518,4.547685623168945,4.240020275115967,opentts_mykyta
6.770666666666667,normalized_per_item_best,f4d8e81a756dff64,4.3654561042785645,4.7655558586120605,4.155050277709961,4.74021053314209,4.191354751586914,4.56879997253418,4.523440837860107,opentts_mykyta
6.770666666666667,normalized_per_item_best_ge3_5,f4d8e81a756dff64,4.3654561042785645,4.7655558586120605,4.155050277709961,4.74021053314209,4.191354751586914,4.56879997253418,4.523440837860107,opentts_mykyta
2.1946666666666665,normalized_original,146cb3c3efe048dc,3.9643545150756836,4.740204334259033,3.2334887981414795,4.3712263107299805,3.708303928375244,4.3720784187316895,4.264925956726074,opentts_mykyta
2.1946666666666665,full_cascade,146cb3c3efe048dc,3.6438801288604736,4.485692977905273,3.315314769744873,4.056416034698486,3.417909860610962,4.330304145812988,3.5809977054595947,opentts_mykyta
2.1946666666666665,normalized_per_item_best,146cb3c3efe048dc,3.9643545150756836,4.740204334259033,3.2334887981414795,4.3712263107299805,3.708303928375244,4.3720784187316895,4.264925956726074,opentts_mykyta
2.1946666666666665,normalized_per_item_best_ge3_5,146cb3c3efe048dc,3.9643545150756836,4.740204334259033,3.2334887981414795,4.3712263107299805,3.708303928375244,4.3720784187316895,4.264925956726074,opentts_mykyta
5.128,normalized_original,24653ff6f29be580,3.9508509635925293,4.362708568572998,3.595839262008667,4.5624589920043945,3.558346748352051,4.208906650543213,3.9839606285095215,opentts_mykyta
5.128,full_cascade,24653ff6f29be580,3.593190908432007,4.238978862762451,3.004699230194092,4.34565544128418,3.530210494995117,4.668036460876465,4.2518463134765625,opentts_mykyta
5.128,normalized_per_item_best,24653ff6f29be580,3.9508509635925293,4.362708568572998,3.595839262008667,4.5624589920043945,3.558346748352051,4.208906650543213,3.9839606285095215,opentts_mykyta
5.128,normalized_per_item_best_ge3_5,24653ff6f29be580,3.9508509635925293,4.362708568572998,3.595839262008667,4.5624589920043945,3.558346748352051,4.208906650543213,3.9839606285095215,opentts_mykyta
2.504,normalized_original,9a1b36f9c0d29651,4.1078996658325195,4.4085588455200195,4.0516462326049805,4.564522743225098,3.8814821243286133,4.665977478027344,4.26123046875,opentts_mykyta
2.504,full_cascade,9a1b36f9c0d29651,3.482548713684082,4.567997932434082,4.1501970291137695,4.418489456176758,3.4030532836914062,4.6631574630737305,3.864210605621338,opentts_mykyta
2.504,normalized_per_item_best,9a1b36f9c0d29651,4.1078996658325195,4.4085588455200195,4.0516462326049805,4.564522743225098,3.8814821243286133,4.665977478027344,4.26123046875,opentts_mykyta
2.504,normalized_per_item_best_ge3_5,9a1b36f9c0d29651,4.1078996658325195,4.4085588455200195,4.0516462326049805,4.564522743225098,3.8814821243286133,4.665977478027344,4.26123046875,opentts_mykyta
4.925333333333334,normalized_original,e60157d50f82490e,3.708258867263794,4.103524208068848,3.5034327507019043,3.833315849304199,3.005006790161133,3.884047269821167,4.233474254608154,opentts_mykyta
4.925333333333334,full_cascade,e60157d50f82490e,3.6079766750335693,3.9233498573303223,3.780449867248535,3.927449941635132,3.292839765548706,4.006112098693848,3.8741509914398193,opentts_mykyta
4.925333333333334,normalized_per_item_best,e60157d50f82490e,3.6079766750335693,3.9233498573303223,3.780449867248535,3.927449941635132,3.292839765548706,4.006112098693848,3.8741509914398193,opentts_mykyta
3.3893333333333335,normalized_original,0ade7737eb81422c,3.29644775390625,4.892670154571533,4.119466781616211,4.185726165771484,3.8186659812927246,4.879386901855469,4.269662857055664,opentts_mykyta
3.3893333333333335,full_cascade,0ade7737eb81422c,3.7364490032196045,4.0755157470703125,4.220325469970703,4.2740349769592285,4.024264812469482,4.7519073486328125,4.364898681640625,opentts_mykyta
3.3893333333333335,normalized_per_item_best,0ade7737eb81422c,3.7364490032196045,4.0755157470703125,4.220325469970703,4.2740349769592285,4.024264812469482,4.7519073486328125,4.364898681640625,opentts_mykyta
3.3893333333333335,normalized_per_item_best_ge3_5,0ade7737eb81422c,3.7364490032196045,4.0755157470703125,4.220325469970703,4.2740349769592285,4.024264812469482,4.7519073486328125,4.364898681640625,opentts_mykyta
2.344,normalized_original,8ffb075bfd746701,4.102108955383301,4.205012798309326,4.403423309326172,4.034946441650391,3.74729323387146,4.352413177490234,4.193404674530029,opentts_mykyta
2.344,full_cascade,8ffb075bfd746701,3.92462420463562,3.884730100631714,3.617274045944214,4.553781986236572,3.764446496963501,4.726266384124756,3.9793343544006348,opentts_mykyta
2.344,normalized_per_item_best,8ffb075bfd746701,3.92462420463562,3.884730100631714,3.617274045944214,4.553781986236572,3.764446496963501,4.726266384124756,3.9793343544006348,opentts_mykyta
2.344,normalized_per_item_best_ge3_5,8ffb075bfd746701,3.92462420463562,3.884730100631714,3.617274045944214,4.553781986236572,3.764446496963501,4.726266384124756,3.9793343544006348,opentts_mykyta
2.7173333333333334,normalized_original,106e7c8fab0b530d,2.870549440383911,4.391909599304199,4.42335319519043,3.754936456680298,3.1638176441192627,3.987569808959961,3.840376853942871,opentts_mykyta
2.7173333333333334,full_cascade,106e7c8fab0b530d,3.3870081901550293,3.8065075874328613,3.980848789215088,4.066473960876465,3.345341682434082,3.8344814777374268,3.6318492889404297,opentts_mykyta
2.7173333333333334,normalized_per_item_best,106e7c8fab0b530d,3.3870081901550293,3.8065075874328613,3.980848789215088,4.066473960876465,3.345341682434082,3.8344814777374268,3.6318492889404297,opentts_mykyta
2.3546666666666667,normalized_original,ce0ee1553b19271d,4.185737609863281,4.753065586090088,2.854539632797241,4.593198776245117,2.7665209770202637,3.2571802139282227,3.4811179637908936,opentts_mykyta
2.3546666666666667,full_cascade,ce0ee1553b19271d,3.973335027694702,4.192716121673584,3.695370674133301,4.470478057861328,3.935412645339966,4.617714881896973,4.263521194458008,opentts_mykyta
2.3546666666666667,normalized_per_item_best,ce0ee1553b19271d,3.973335027694702,4.192716121673584,3.695370674133301,4.470478057861328,3.935412645339966,4.617714881896973,4.263521194458008,opentts_mykyta
2.3546666666666667,normalized_per_item_best_ge3_5,ce0ee1553b19271d,3.973335027694702,4.192716121673584,3.695370674133301,4.470478057861328,3.935412645339966,4.617714881896973,4.263521194458008,opentts_mykyta
2.0773333333333333,normalized_original,31d99722613515de,3.874983549118042,4.502466201782227,4.184109687805176,4.56849479675293,3.956861972808838,4.198644638061523,4.2113494873046875,opentts_mykyta
2.0773333333333333,full_cascade,31d99722613515de,3.6278297901153564,4.264798164367676,4.357783317565918,4.382483005523682,3.5075137615203857,4.623554229736328,3.7992427349090576,opentts_mykyta
2.0773333333333333,normalized_per_item_best,31d99722613515de,3.874983549118042,4.502466201782227,4.184109687805176,4.56849479675293,3.956861972808838,4.198644638061523,4.2113494873046875,opentts_mykyta
2.0773333333333333,normalized_per_item_best_ge3_5,31d99722613515de,3.874983549118042,4.502466201782227,4.184109687805176,4.56849479675293,3.956861972808838,4.198644638061523,4.2113494873046875,opentts_mykyta
3.570666666666667,normalized_original,165d7ac4539ea550,3.427543878555298,4.240887641906738,3.810944080352783,4.504245281219482,3.2169620990753174,4.298013687133789,3.4897804260253906,opentts_mykyta
3.570666666666667,full_cascade,165d7ac4539ea550,3.3515470027923584,4.099133491516113,3.6254384517669678,4.475054740905762,2.8514389991760254,4.429795265197754,3.5514163970947266,opentts_mykyta
3.570666666666667,normalized_per_item_best,165d7ac4539ea550,3.427543878555298,4.240887641906738,3.810944080352783,4.504245281219482,3.2169620990753174,4.298013687133789,3.4897804260253906,opentts_mykyta
2.824,normalized_original,3e36471d7291de19,3.681252956390381,4.303526878356934,3.9180169105529785,4.3814697265625,3.252727508544922,3.9034171104431152,3.5239405632019043,opentts_mykyta
2.824,full_cascade,3e36471d7291de19,3.648827314376831,4.206940174102783,4.233119964599609,4.225630760192871,3.5305354595184326,4.64548397064209,3.877549409866333,opentts_mykyta
2.824,normalized_per_item_best,3e36471d7291de19,3.648827314376831,4.206940174102783,4.233119964599609,4.225630760192871,3.5305354595184326,4.64548397064209,3.877549409866333,opentts_mykyta
2.824,normalized_per_item_best_ge3_5,3e36471d7291de19,3.648827314376831,4.206940174102783,4.233119964599609,4.225630760192871,3.5305354595184326,4.64548397064209,3.877549409866333,opentts_mykyta
4.541333333333333,normalized_original,e939d57085d2c25f,3.662330150604248,4.67528772354126,4.128931999206543,4.367642879486084,3.6813302040100098,4.311727523803711,4.224320411682129,opentts_mykyta
4.541333333333333,full_cascade,e939d57085d2c25f,3.649017095565796,4.256656169891357,3.952975034713745,4.256549835205078,3.8786864280700684,4.726230621337891,4.412814617156982,opentts_mykyta
4.541333333333333,normalized_per_item_best,e939d57085d2c25f,3.649017095565796,4.256656169891357,3.952975034713745,4.256549835205078,3.8786864280700684,4.726230621337891,4.412814617156982,opentts_mykyta
4.541333333333333,normalized_per_item_best_ge3_5,e939d57085d2c25f,3.649017095565796,4.256656169891357,3.952975034713745,4.256549835205078,3.8786864280700684,4.726230621337891,4.412814617156982,opentts_mykyta
2.9306666666666668,normalized_original,641f35120a841c0e,3.658310890197754,4.2758684158325195,4.069772243499756,4.588286399841309,3.179488182067871,3.696514844894409,3.5017616748809814,opentts_mykyta
2.9306666666666668,full_cascade,641f35120a841c0e,3.182675838470459,4.322354793548584,3.3164710998535156,4.360128402709961,3.4207706451416016,4.366900444030762,3.8035731315612793,opentts_mykyta
2.9306666666666668,normalized_per_item_best,641f35120a841c0e,3.182675838470459,4.322354793548584,3.3164710998535156,4.360128402709961,3.4207706451416016,4.366900444030762,3.8035731315612793,opentts_mykyta
3.5813333333333333,normalized_original,dc15931f26708709,3.224416494369507,4.058667182922363,4.283108711242676,3.9262139797210693,3.3701560497283936,3.908864736557007,3.868466854095459,opentts_mykyta
3.5813333333333333,full_cascade,dc15931f26708709,2.7611663341522217,3.768139600753784,4.448154449462891,4.229153633117676,2.968451499938965,4.272219657897949,3.9148495197296143,opentts_mykyta
3.5813333333333333,normalized_per_item_best,dc15931f26708709,3.224416494369507,4.058667182922363,4.283108711242676,3.9262139797210693,3.3701560497283936,3.908864736557007,3.868466854095459,opentts_mykyta
6.738666666666667,normalized_original,b464d316ca24d760,3.862900733947754,4.0923171043396,4.186812400817871,4.452091693878174,3.298330068588257,4.556962490081787,3.6235971450805664,opentts_mykyta
6.738666666666667,full_cascade,b464d316ca24d760,3.5736501216888428,4.046689987182617,4.402585983276367,4.58241605758667,3.5583810806274414,4.631045341491699,3.9309184551239014,opentts_mykyta
6.738666666666667,normalized_per_item_best,b464d316ca24d760,3.5736501216888428,4.046689987182617,4.402585983276367,4.58241605758667,3.5583810806274414,4.631045341491699,3.9309184551239014,opentts_mykyta
6.738666666666667,normalized_per_item_best_ge3_5,b464d316ca24d760,3.5736501216888428,4.046689987182617,4.402585983276367,4.58241605758667,3.5583810806274414,4.631045341491699,3.9309184551239014,opentts_mykyta
2.2266666666666666,normalized_original,4c8cc187ea79f48d,3.4925119876861572,4.149197578430176,3.876284122467041,4.637889862060547,3.1912357807159424,3.8434979915618896,3.4445974826812744,opentts_mykyta
2.2266666666666666,full_cascade,4c8cc187ea79f48d,3.129988193511963,4.349758625030518,3.415598154067993,4.495304107666016,3.121051549911499,4.7588582038879395,3.6587908267974854,opentts_mykyta
2.2266666666666666,normalized_per_item_best,4c8cc187ea79f48d,3.4925119876861572,4.149197578430176,3.876284122467041,4.637889862060547,3.1912357807159424,3.8434979915618896,3.4445974826812744,opentts_mykyta
3.688,normalized_original,b9915342e8142107,3.3683502674102783,4.089806079864502,4.51059103012085,4.493663787841797,3.2827181816101074,4.123412132263184,3.6522715091705322,opentts_mykyta
3.688,full_cascade,b9915342e8142107,2.9937498569488525,4.494486331939697,3.9895975589752197,4.542778015136719,3.2732300758361816,4.13677978515625,3.8318076133728027,opentts_mykyta
3.688,normalized_per_item_best,b9915342e8142107,3.3683502674102783,4.089806079864502,4.51059103012085,4.493663787841797,3.2827181816101074,4.123412132263184,3.6522715091705322,opentts_mykyta
2.5866666666666664,normalized_original,08e5267f9131bcc9,3.4178056716918945,4.108616828918457,3.9472100734710693,4.161369323730469,3.1178600788116455,3.7923502922058105,3.4488513469696045,opentts_mykyta
2.5866666666666664,full_cascade,08e5267f9131bcc9,3.746929407119751,4.004365921020508,4.629145622253418,4.3609819412231445,3.2963931560516357,4.419634819030762,3.5756969451904297,opentts_mykyta
2.5866666666666664,normalized_per_item_best,08e5267f9131bcc9,3.746929407119751,4.004365921020508,4.629145622253418,4.3609819412231445,3.2963931560516357,4.419634819030762,3.5756969451904297,opentts_mykyta
5.341333333333333,normalized_original,6e78035caa846668,3.954011917114258,4.69179630279541,4.0668816566467285,4.709771156311035,3.8438949584960938,4.204685211181641,3.9703571796417236,opentts_mykyta
5.341333333333333,full_cascade,6e78035caa846668,3.3037664890289307,4.644717216491699,4.625537872314453,4.151966094970703,3.402506113052368,4.7710795402526855,3.959221601486206,opentts_mykyta
5.341333333333333,normalized_per_item_best,6e78035caa846668,3.954011917114258,4.69179630279541,4.0668816566467285,4.709771156311035,3.8438949584960938,4.204685211181641,3.9703571796417236,opentts_mykyta
5.341333333333333,normalized_per_item_best_ge3_5,6e78035caa846668,3.954011917114258,4.69179630279541,4.0668816566467285,4.709771156311035,3.8438949584960938,4.204685211181641,3.9703571796417236,opentts_mykyta
2.0453333333333332,normalized_original,47ee75a2844099fb,4.669436454772949,3.9233298301696777,4.237566947937012,3.6784777641296387,3.0755016803741455,3.9240992069244385,3.9585132598876953,opentts_mykyta
2.0453333333333332,full_cascade,47ee75a2844099fb,2.8849594593048096,4.027509689331055,3.2380614280700684,3.6951775550842285,2.4052541255950928,4.475497245788574,3.5852460861206055,opentts_mykyta
2.0453333333333332,normalized_per_item_best,47ee75a2844099fb,4.669436454772949,3.9233298301696777,4.237566947937012,3.6784777641296387,3.0755016803741455,3.9240992069244385,3.9585132598876953,opentts_mykyta
2.408,normalized_original,c98198390609c516,3.104545831680298,4.5551958084106445,4.3420562744140625,4.510259628295898,3.32301926612854,3.993792772293091,3.99900221824646,opentts_mykyta
2.408,full_cascade,c98198390609c516,2.368675470352173,4.438615322113037,4.172536849975586,4.306827545166016,2.96783447265625,4.687229156494141,3.538806915283203,opentts_mykyta
2.408,normalized_per_item_best,c98198390609c516,3.104545831680298,4.5551958084106445,4.3420562744140625,4.510259628295898,3.32301926612854,3.993792772293091,3.99900221824646,opentts_mykyta
5.149333333333334,normalized_original,e348d2067b490046,3.9342708587646484,4.180903911590576,4.029004096984863,4.5086445808410645,3.912597894668579,4.322997093200684,4.276719093322754,opentts_mykyta
5.149333333333334,full_cascade,e348d2067b490046,3.5716047286987305,3.7401633262634277,3.924675703048706,4.132568836212158,3.477565050125122,3.977133274078369,3.9033470153808594,opentts_mykyta
5.149333333333334,normalized_per_item_best,e348d2067b490046,3.9342708587646484,4.180903911590576,4.029004096984863,4.5086445808410645,3.912597894668579,4.322997093200684,4.276719093322754,opentts_mykyta
5.149333333333334,normalized_per_item_best_ge3_5,e348d2067b490046,3.9342708587646484,4.180903911590576,4.029004096984863,4.5086445808410645,3.912597894668579,4.322997093200684,4.276719093322754,opentts_mykyta
2.344,normalized_original,9032257b1f1d3074,3.761540412902832,4.228222846984863,3.8540241718292236,3.7285218238830566,3.305406093597412,3.893270969390869,4.056225776672363,opentts_mykyta
2.344,full_cascade,9032257b1f1d3074,3.2358036041259766,3.7975430488586426,3.830329656600952,3.998659133911133,3.576357364654541,4.1388750076293945,3.90518856048584,opentts_mykyta
2.344,normalized_per_item_best,9032257b1f1d3074,3.2358036041259766,3.7975430488586426,3.830329656600952,3.998659133911133,3.576357364654541,4.1388750076293945,3.90518856048584,opentts_mykyta
2.344,normalized_per_item_best_ge3_5,9032257b1f1d3074,3.2358036041259766,3.7975430488586426,3.830329656600952,3.998659133911133,3.576357364654541,4.1388750076293945,3.90518856048584,opentts_mykyta
2.013333333333333,normalized_original,b5f32e27533dab40,3.507417917251587,4.225988864898682,4.25629997253418,4.535374641418457,3.511457681655884,4.278159141540527,4.167966365814209,opentts_mykyta
2.013333333333333,full_cascade,b5f32e27533dab40,2.9682111740112305,4.429146766662598,4.198971748352051,4.366028785705566,3.5526344776153564,4.41804313659668,4.252471923828125,opentts_mykyta
2.013333333333333,normalized_per_item_best,b5f32e27533dab40,2.9682111740112305,4.429146766662598,4.198971748352051,4.366028785705566,3.5526344776153564,4.41804313659668,4.252471923828125,opentts_mykyta
2.013333333333333,normalized_per_item_best_ge3_5,b5f32e27533dab40,2.9682111740112305,4.429146766662598,4.198971748352051,4.366028785705566,3.5526344776153564,4.41804313659668,4.252471923828125,opentts_mykyta
2.969333333333333,normalized_original,f023cbba44d138eb,3.7698605060577393,4.031028747558594,3.8991665840148926,4.636778831481934,3.0119431018829346,3.9828712940216064,3.5205581188201904,opentts_mykyta
2.969333333333333,full_cascade,f023cbba44d138eb,4.033664226531982,4.709560394287109,4.248569488525391,4.660677433013916,3.819838523864746,4.887770652770996,4.151857852935791,opentts_mykyta
2.969333333333333,normalized_per_item_best,f023cbba44d138eb,4.033664226531982,4.709560394287109,4.248569488525391,4.660677433013916,3.819838523864746,4.887770652770996,4.151857852935791,opentts_mykyta
2.969333333333333,normalized_per_item_best_ge3_5,f023cbba44d138eb,4.033664226531982,4.709560394287109,4.248569488525391,4.660677433013916,3.819838523864746,4.887770652770996,4.151857852935791,opentts_mykyta
2.2266666666666666,normalized_original,62bb8e5a39453ae3,3.5275609493255615,3.931169033050537,3.9654879570007324,4.378940105438232,3.001296043395996,3.401230812072754,3.3550095558166504,opentts_mykyta
2.2266666666666666,full_cascade,62bb8e5a39453ae3,3.7639987468719482,3.9240458011627197,4.1889872550964355,4.2209272384643555,3.212148427963257,4.4326934814453125,3.491767168045044,opentts_mykyta
2.2266666666666666,normalized_per_item_best,62bb8e5a39453ae3,3.7639987468719482,3.9240458011627197,4.1889872550964355,4.2209272384643555,3.212148427963257,4.4326934814453125,3.491767168045044,opentts_mykyta
4.466666666666667,normalized_original,e68afd9ed334cd51,3.626871347427368,3.8370840549468994,4.044806003570557,3.854219913482666,3.3935444355010986,3.9446380138397217,3.7584002017974854,opentts_mykyta
4.466666666666667,full_cascade,e68afd9ed334cd51,2.7804791927337646,4.185135364532471,4.2057390213012695,4.157687187194824,3.5108330249786377,4.073548316955566,4.240018844604492,opentts_mykyta
4.466666666666667,normalized_per_item_best,e68afd9ed334cd51,2.7804791927337646,4.185135364532471,4.2057390213012695,4.157687187194824,3.5108330249786377,4.073548316955566,4.240018844604492,opentts_mykyta
4.466666666666667,normalized_per_item_best_ge3_5,e68afd9ed334cd51,2.7804791927337646,4.185135364532471,4.2057390213012695,4.157687187194824,3.5108330249786377,4.073548316955566,4.240018844604492,opentts_mykyta
2.74,normalized_original,9c159ddda6fb6cb7,3.9063940048217773,4.556922912597656,3.6334917545318604,4.396364688873291,3.7776358127593994,4.016057014465332,4.122496604919434,opentts_mykyta
2.74,full_cascade,9c159ddda6fb6cb7,3.828075885772705,4.231810569763184,4.207283973693848,4.188068866729736,3.454115867614746,4.639782905578613,3.9327218532562256,opentts_mykyta
2.74,normalized_per_item_best,9c159ddda6fb6cb7,3.9063940048217773,4.556922912597656,3.6334917545318604,4.396364688873291,3.7776358127593994,4.016057014465332,4.122496604919434,opentts_mykyta
2.74,normalized_per_item_best_ge3_5,9c159ddda6fb6cb7,3.9063940048217773,4.556922912597656,3.6334917545318604,4.396364688873291,3.7776358127593994,4.016057014465332,4.122496604919434,opentts_mykyta
3.417333333333333,normalized_original,1e9806d17e5573c9,3.470367908477783,4.11787748336792,3.3255205154418945,4.19927978515625,2.862400770187378,3.224848985671997,3.4062297344207764,opentts_mykyta
3.417333333333333,full_cascade,1e9806d17e5573c9,4.073648929595947,4.032509803771973,3.465700387954712,4.603650093078613,3.608628273010254,4.4838409423828125,4.087161064147949,opentts_mykyta
3.417333333333333,normalized_per_item_best,1e9806d17e5573c9,4.073648929595947,4.032509803771973,3.465700387954712,4.603650093078613,3.608628273010254,4.4838409423828125,4.087161064147949,opentts_mykyta
3.417333333333333,normalized_per_item_best_ge3_5,1e9806d17e5573c9,4.073648929595947,4.032509803771973,3.465700387954712,4.603650093078613,3.608628273010254,4.4838409423828125,4.087161064147949,opentts_mykyta
2.408,normalized_original,d4352057d9d22eb1,3.5749192237854004,4.505646705627441,3.9818856716156006,4.065891265869141,3.386378049850464,3.5118730068206787,3.900714159011841,opentts_mykyta
2.408,full_cascade,d4352057d9d22eb1,3.4133944511413574,4.415835857391357,3.797607183456421,3.930896759033203,3.5479681491851807,4.160440921783447,4.401682376861572,opentts_mykyta
2.408,normalized_per_item_best,d4352057d9d22eb1,3.4133944511413574,4.415835857391357,3.797607183456421,3.930896759033203,3.5479681491851807,4.160440921783447,4.401682376861572,opentts_mykyta
2.408,normalized_per_item_best_ge3_5,d4352057d9d22eb1,3.4133944511413574,4.415835857391357,3.797607183456421,3.930896759033203,3.5479681491851807,4.160440921783447,4.401682376861572,opentts_mykyta
3.6986666666666665,normalized_original,69aa62f12d1bb5a3,4.169891357421875,3.7243425846099854,3.617870807647705,4.741231441497803,3.3417837619781494,4.648991107940674,3.623326063156128,opentts_tetiana
3.6986666666666665,full_cascade,69aa62f12d1bb5a3,3.6617085933685303,4.390069007873535,4.289749622344971,4.658496856689453,3.689074754714966,4.742645263671875,4.127292156219482,opentts_tetiana
3.6986666666666665,normalized_per_item_best,69aa62f12d1bb5a3,3.6617085933685303,4.390069007873535,4.289749622344971,4.658496856689453,3.689074754714966,4.742645263671875,4.127292156219482,opentts_tetiana
3.6986666666666665,normalized_per_item_best_ge3_5,69aa62f12d1bb5a3,3.6617085933685303,4.390069007873535,4.289749622344971,4.658496856689453,3.689074754714966,4.742645263671875,4.127292156219482,opentts_tetiana
2.013333333333333,normalized_original,2fddf33762c8114f,3.628446102142334,4.452134132385254,3.328165054321289,4.721575736999512,3.905768632888794,4.238334655761719,4.41923713684082,opentts_tetiana
2.013333333333333,full_cascade,2fddf33762c8114f,3.4090940952301025,4.977149963378906,3.9148600101470947,4.70317268371582,3.827544689178467,4.575325965881348,4.233016014099121,opentts_tetiana
2.013333333333333,normalized_per_item_best,2fddf33762c8114f,3.628446102142334,4.452134132385254,3.328165054321289,4.721575736999512,3.905768632888794,4.238334655761719,4.41923713684082,opentts_tetiana
2.013333333333333,normalized_per_item_best_ge3_5,2fddf33762c8114f,3.628446102142334,4.452134132385254,3.328165054321289,4.721575736999512,3.905768632888794,4.238334655761719,4.41923713684082,opentts_tetiana
2.3866666666666667,normalized_original,4013357b3fe2c12f,3.5717198848724365,4.723073959350586,3.144054651260376,3.9080610275268555,3.203136920928955,4.187438011169434,4.20539665222168,opentts_tetiana
2.3866666666666667,full_cascade,4013357b3fe2c12f,2.6613636016845703,4.383364677429199,3.614934206008911,4.055062770843506,2.4888181686401367,3.8273534774780273,3.092283248901367,opentts_tetiana
2.3866666666666667,normalized_per_item_best,4013357b3fe2c12f,3.5717198848724365,4.723073959350586,3.144054651260376,3.9080610275268555,3.203136920928955,4.187438011169434,4.20539665222168,opentts_tetiana
2.376,normalized_original,fe953367bcd1e8e7,3.855398654937744,4.098110675811768,4.334415435791016,4.512146949768066,3.3244426250457764,4.807541847229004,3.7623791694641113,opentts_tetiana
2.376,full_cascade,fe953367bcd1e8e7,3.0864312648773193,4.272126197814941,4.113502502441406,4.572711944580078,3.1167356967926025,4.841114044189453,3.827965497970581,opentts_tetiana
2.376,normalized_per_item_best,fe953367bcd1e8e7,3.855398654937744,4.098110675811768,4.334415435791016,4.512146949768066,3.3244426250457764,4.807541847229004,3.7623791694641113,opentts_tetiana
5.544,normalized_original,2358d7481f29ecb9,3.860837459564209,3.876873254776001,3.9434447288513184,4.499965667724609,3.5915331840515137,4.517254829406738,3.891897678375244,opentts_tetiana
5.544,full_cascade,2358d7481f29ecb9,3.3585073947906494,4.40602970123291,4.309879302978516,4.148815155029297,3.442694664001465,4.191065788269043,3.8326966762542725,opentts_tetiana
5.544,normalized_per_item_best,2358d7481f29ecb9,3.860837459564209,3.876873254776001,3.9434447288513184,4.499965667724609,3.5915331840515137,4.517254829406738,3.891897678375244,opentts_tetiana
5.544,normalized_per_item_best_ge3_5,2358d7481f29ecb9,3.860837459564209,3.876873254776001,3.9434447288513184,4.499965667724609,3.5915331840515137,4.517254829406738,3.891897678375244,opentts_tetiana
2.792,normalized_original,bc4220dedb2b39a0,4.284974098205566,4.064509391784668,3.9179532527923584,4.091897010803223,3.7502288818359375,4.173619270324707,4.368373870849609,opentts_tetiana
2.792,full_cascade,bc4220dedb2b39a0,3.2371885776519775,4.050273418426514,3.364588737487793,4.011309623718262,3.1602542400360107,4.1264801025390625,3.8031022548675537,opentts_tetiana
2.792,normalized_per_item_best,bc4220dedb2b39a0,4.284974098205566,4.064509391784668,3.9179532527923584,4.091897010803223,3.7502288818359375,4.173619270324707,4.368373870849609,opentts_tetiana
2.792,normalized_per_item_best_ge3_5,bc4220dedb2b39a0,4.284974098205566,4.064509391784668,3.9179532527923584,4.091897010803223,3.7502288818359375,4.173619270324707,4.368373870849609,opentts_tetiana
2.0773333333333333,normalized_original,7f83c375a3ce348d,3.4007158279418945,4.414933204650879,3.1864748001098633,3.8946142196655273,3.4218671321868896,4.2992143630981445,4.142650604248047,opentts_tetiana
2.0773333333333333,full_cascade,7f83c375a3ce348d,3.5536959171295166,4.5899658203125,3.644707202911377,4.193780422210693,3.356989860534668,4.385314464569092,3.991415500640869,opentts_tetiana
2.0773333333333333,normalized_per_item_best,7f83c375a3ce348d,3.4007158279418945,4.414933204650879,3.1864748001098633,3.8946142196655273,3.4218671321868896,4.2992143630981445,4.142650604248047,opentts_tetiana
5.352,normalized_original,b1ea5292bccd0671,3.3509633541107178,4.301839828491211,3.9968185424804688,4.616556167602539,3.2127022743225098,4.3735504150390625,3.774071455001831,opentts_tetiana
5.352,full_cascade,b1ea5292bccd0671,3.8138482570648193,4.59515380859375,4.3330488204956055,4.709465026855469,3.833780288696289,4.755527496337891,4.291365623474121,opentts_tetiana
5.352,normalized_per_item_best,b1ea5292bccd0671,3.8138482570648193,4.59515380859375,4.3330488204956055,4.709465026855469,3.833780288696289,4.755527496337891,4.291365623474121,opentts_tetiana
5.352,normalized_per_item_best_ge3_5,b1ea5292bccd0671,3.8138482570648193,4.59515380859375,4.3330488204956055,4.709465026855469,3.833780288696289,4.755527496337891,4.291365623474121,opentts_tetiana
4.008,normalized_original,88dd01cd49ab14d9,3.7038493156433105,4.121336936950684,4.033145904541016,4.565496921539307,3.731288194656372,4.688990592956543,4.034290790557861,opentts_tetiana
4.008,full_cascade,88dd01cd49ab14d9,3.49070143699646,3.6493072509765625,3.543210029602051,4.141746520996094,3.297499656677246,4.183488845825195,3.6998448371887207,opentts_tetiana
4.008,normalized_per_item_best,88dd01cd49ab14d9,3.7038493156433105,4.121336936950684,4.033145904541016,4.565496921539307,3.731288194656372,4.688990592956543,4.034290790557861,opentts_tetiana
4.008,normalized_per_item_best_ge3_5,88dd01cd49ab14d9,3.7038493156433105,4.121336936950684,4.033145904541016,4.565496921539307,3.731288194656372,4.688990592956543,4.034290790557861,opentts_tetiana
3.9546666666666668,normalized_original,6c92f017a55d40e3,4.116801738739014,3.959895133972168,4.086093902587891,4.457779884338379,3.027684450149536,3.794221878051758,4.086236000061035,opentts_tetiana
3.9546666666666668,full_cascade,6c92f017a55d40e3,3.6845431327819824,4.546689033508301,3.8626599311828613,4.405963897705078,3.5475893020629883,4.341642379760742,4.326383590698242,opentts_tetiana
3.9546666666666668,normalized_per_item_best,6c92f017a55d40e3,3.6845431327819824,4.546689033508301,3.8626599311828613,4.405963897705078,3.5475893020629883,4.341642379760742,4.326383590698242,opentts_tetiana
3.9546666666666668,normalized_per_item_best_ge3_5,6c92f017a55d40e3,3.6845431327819824,4.546689033508301,3.8626599311828613,4.405963897705078,3.5475893020629883,4.341642379760742,4.326383590698242,opentts_tetiana
2.376,normalized_original,bf443762b49ae701,3.9182755947113037,3.9636080265045166,3.1002511978149414,4.04401159286499,3.263889789581299,4.016141414642334,4.232194423675537,opentts_tetiana
2.376,full_cascade,bf443762b49ae701,3.500960111618042,4.22054386138916,3.825612783432007,4.031154632568359,3.306077718734741,4.520214080810547,3.8634555339813232,opentts_tetiana
2.376,normalized_per_item_best,bf443762b49ae701,3.500960111618042,4.22054386138916,3.825612783432007,4.031154632568359,3.306077718734741,4.520214080810547,3.8634555339813232,opentts_tetiana
2.504,normalized_original,7b166b9d0dc1973a,3.096522569656372,3.6604998111724854,3.6066691875457764,3.891512632369995,2.7963461875915527,3.642543077468872,3.4965927600860596,opentts_tetiana
2.504,full_cascade,7b166b9d0dc1973a,3.6798863410949707,3.749484062194824,3.6012985706329346,4.358078956604004,3.50087571144104,4.540353775024414,3.9962728023529053,opentts_tetiana
2.504,normalized_per_item_best,7b166b9d0dc1973a,3.6798863410949707,3.749484062194824,3.6012985706329346,4.358078956604004,3.50087571144104,4.540353775024414,3.9962728023529053,opentts_tetiana
2.504,normalized_per_item_best_ge3_5,7b166b9d0dc1973a,3.6798863410949707,3.749484062194824,3.6012985706329346,4.358078956604004,3.50087571144104,4.540353775024414,3.9962728023529053,opentts_tetiana
2.2586666666666666,normalized_original,5416fd85919c0a15,3.4720089435577393,4.331260681152344,4.540287971496582,4.370152473449707,2.7405388355255127,4.672746658325195,3.6285953521728516,opentts_tetiana
2.2586666666666666,full_cascade,5416fd85919c0a15,3.5062761306762695,4.1411590576171875,4.284401893615723,4.404424667358398,3.0372326374053955,4.677234649658203,3.3607940673828125,opentts_tetiana
2.2586666666666666,normalized_per_item_best,5416fd85919c0a15,3.5062761306762695,4.1411590576171875,4.284401893615723,4.404424667358398,3.0372326374053955,4.677234649658203,3.3607940673828125,opentts_tetiana
2.2693333333333334,normalized_original,fee4ee249024ec1e,3.7438998222351074,3.903306722640991,4.087072372436523,4.004364490509033,3.351811170578003,4.326233863830566,4.099959373474121,opentts_tetiana
2.2693333333333334,full_cascade,fee4ee249024ec1e,3.252200126647949,3.706475257873535,4.226362228393555,3.952291250228882,3.0915884971618652,3.9792325496673584,3.6696372032165527,opentts_tetiana
2.2693333333333334,normalized_per_item_best,fee4ee249024ec1e,3.7438998222351074,3.903306722640991,4.087072372436523,4.004364490509033,3.351811170578003,4.326233863830566,4.099959373474121,opentts_tetiana
2.184,normalized_original,db66d78beb3f1e12,3.9018146991729736,4.575397491455078,3.8801517486572266,4.432927131652832,3.5780551433563232,4.3910980224609375,4.328976631164551,opentts_tetiana
2.184,full_cascade,db66d78beb3f1e12,3.3859777450561523,4.445082187652588,3.881516933441162,4.656435966491699,3.54036283493042,4.240317344665527,4.34132194519043,opentts_tetiana
2.184,normalized_per_item_best,db66d78beb3f1e12,3.9018146991729736,4.575397491455078,3.8801517486572266,4.432927131652832,3.5780551433563232,4.3910980224609375,4.328976631164551,opentts_tetiana
2.184,normalized_per_item_best_ge3_5,db66d78beb3f1e12,3.9018146991729736,4.575397491455078,3.8801517486572266,4.432927131652832,3.5780551433563232,4.3910980224609375,4.328976631164551,opentts_tetiana
2.632,normalized_original,a4d20c904d039c3c,3.39121150970459,4.5990753173828125,3.8406457901000977,4.405333995819092,3.4838929176330566,4.082515716552734,4.1428728103637695,opentts_tetiana
2.632,full_cascade,a4d20c904d039c3c,4.125222206115723,4.18087100982666,4.157609462738037,4.396650314331055,3.6720454692840576,4.545278549194336,4.121591567993164,opentts_tetiana
2.632,normalized_per_item_best,a4d20c904d039c3c,4.125222206115723,4.18087100982666,4.157609462738037,4.396650314331055,3.6720454692840576,4.545278549194336,4.121591567993164,opentts_tetiana
2.632,normalized_per_item_best_ge3_5,a4d20c904d039c3c,4.125222206115723,4.18087100982666,4.157609462738037,4.396650314331055,3.6720454692840576,4.545278549194336,4.121591567993164,opentts_tetiana
3.9013333333333335,normalized_original,e1efaab5dc0d3951,3.679198980331421,3.9986541271209717,4.019037246704102,4.659938812255859,3.394803047180176,4.817590713500977,3.683114767074585,opentts_tetiana
3.9013333333333335,full_cascade,e1efaab5dc0d3951,3.3084933757781982,3.981783390045166,4.070419788360596,4.414304733276367,3.6224772930145264,4.2724199295043945,4.07241678237915,opentts_tetiana
3.9013333333333335,normalized_per_item_best,e1efaab5dc0d3951,3.3084933757781982,3.981783390045166,4.070419788360596,4.414304733276367,3.6224772930145264,4.2724199295043945,4.07241678237915,opentts_tetiana
3.9013333333333335,normalized_per_item_best_ge3_5,e1efaab5dc0d3951,3.3084933757781982,3.981783390045166,4.070419788360596,4.414304733276367,3.6224772930145264,4.2724199295043945,4.07241678237915,opentts_tetiana
5.725333333333333,normalized_original,459946afe3d52514,3.568305730819702,4.496991157531738,3.7451674938201904,3.805631160736084,3.0216383934020996,4.614144325256348,3.793907642364502,opentts_tetiana
5.725333333333333,full_cascade,459946afe3d52514,3.8731086254119873,4.205741882324219,3.8658411502838135,4.265759468078613,3.701521635055542,4.791985511779785,4.097736358642578,opentts_tetiana
5.725333333333333,normalized_per_item_best,459946afe3d52514,3.8731086254119873,4.205741882324219,3.8658411502838135,4.265759468078613,3.701521635055542,4.791985511779785,4.097736358642578,opentts_tetiana
5.725333333333333,normalized_per_item_best_ge3_5,459946afe3d52514,3.8731086254119873,4.205741882324219,3.8658411502838135,4.265759468078613,3.701521635055542,4.791985511779785,4.097736358642578,opentts_tetiana
5.874666666666666,normalized_original,3ff7e27f7339a49d,3.484819173812866,4.170229911804199,3.5622212886810303,4.3345489501953125,3.357008934020996,4.533425331115723,3.709646701812744,opentts_tetiana
5.874666666666666,full_cascade,3ff7e27f7339a49d,3.5653510093688965,4.223284721374512,4.151987552642822,4.394134521484375,3.4628641605377197,4.57573127746582,3.9175145626068115,opentts_tetiana
5.874666666666666,normalized_per_item_best,3ff7e27f7339a49d,3.5653510093688965,4.223284721374512,4.151987552642822,4.394134521484375,3.4628641605377197,4.57573127746582,3.9175145626068115,opentts_tetiana
3.208,normalized_original,499279273b190180,3.8459889888763428,4.291469573974609,4.153946399688721,4.434073448181152,3.5133728981018066,3.8406853675842285,3.749135971069336,opentts_tetiana
3.208,full_cascade,499279273b190180,3.6968159675598145,4.358572006225586,3.8542535305023193,4.745821952819824,3.5202767848968506,4.144482612609863,3.800569772720337,opentts_tetiana
3.208,normalized_per_item_best,499279273b190180,3.6968159675598145,4.358572006225586,3.8542535305023193,4.745821952819824,3.5202767848968506,4.144482612609863,3.800569772720337,opentts_tetiana
3.208,normalized_per_item_best_ge3_5,499279273b190180,3.6968159675598145,4.358572006225586,3.8542535305023193,4.745821952819824,3.5202767848968506,4.144482612609863,3.800569772720337,opentts_tetiana
4.434666666666667,normalized_original,61fc9fdf75d88c36,3.4755513668060303,4.639436721801758,3.9030838012695312,4.842501640319824,3.721022367477417,4.831912040710449,4.216238975524902,opentts_tetiana
4.434666666666667,full_cascade,61fc9fdf75d88c36,2.9133403301239014,3.945024013519287,4.410624980926514,4.736533164978027,3.2544872760772705,4.835163116455078,3.9696967601776123,opentts_tetiana
4.434666666666667,normalized_per_item_best,61fc9fdf75d88c36,3.4755513668060303,4.639436721801758,3.9030838012695312,4.842501640319824,3.721022367477417,4.831912040710449,4.216238975524902,opentts_tetiana
4.434666666666667,normalized_per_item_best_ge3_5,61fc9fdf75d88c36,3.4755513668060303,4.639436721801758,3.9030838012695312,4.842501640319824,3.721022367477417,4.831912040710449,4.216238975524902,opentts_tetiana
5.970666666666666,normalized_original,b64ca386085e5daa,3.875499963760376,4.173159599304199,3.927950620651245,4.619750022888184,3.7652933597564697,4.637887954711914,4.042801380157471,opentts_tetiana
5.970666666666666,full_cascade,b64ca386085e5daa,3.2154035568237305,4.105871200561523,4.249823570251465,4.550691604614258,3.3278110027313232,4.4478936195373535,3.913496494293213,opentts_tetiana
5.970666666666666,normalized_per_item_best,b64ca386085e5daa,3.875499963760376,4.173159599304199,3.927950620651245,4.619750022888184,3.7652933597564697,4.637887954711914,4.042801380157471,opentts_tetiana
5.970666666666666,normalized_per_item_best_ge3_5,b64ca386085e5daa,3.875499963760376,4.173159599304199,3.927950620651245,4.619750022888184,3.7652933597564697,4.637887954711914,4.042801380157471,opentts_tetiana
6.173333333333333,normalized_original,946d8018677820ed,4.359622001647949,4.318769454956055,4.544125556945801,4.865574836730957,3.842817783355713,4.463086128234863,4.389276504516602,opentts_tetiana
6.173333333333333,full_cascade,946d8018677820ed,3.657942295074463,4.352194309234619,4.293989181518555,4.264479160308838,3.8586130142211914,4.544346809387207,4.426992416381836,opentts_tetiana
6.173333333333333,normalized_per_item_best,946d8018677820ed,3.657942295074463,4.352194309234619,4.293989181518555,4.264479160308838,3.8586130142211914,4.544346809387207,4.426992416381836,opentts_tetiana
6.173333333333333,normalized_per_item_best_ge3_5,946d8018677820ed,3.657942295074463,4.352194309234619,4.293989181518555,4.264479160308838,3.8586130142211914,4.544346809387207,4.426992416381836,opentts_tetiana
4.434666666666667,normalized_original,859e40bc01bb7b75,3.931518793106079,4.229460716247559,3.819988965988159,3.83809494972229,3.562879800796509,4.2560577392578125,4.209419250488281,opentts_tetiana
4.434666666666667,full_cascade,859e40bc01bb7b75,3.8203206062316895,4.301089286804199,4.062211036682129,4.420791149139404,3.9425406455993652,4.3976006507873535,4.4705352783203125,opentts_tetiana
4.434666666666667,normalized_per_item_best,859e40bc01bb7b75,3.8203206062316895,4.301089286804199,4.062211036682129,4.420791149139404,3.9425406455993652,4.3976006507873535,4.4705352783203125,opentts_tetiana
4.434666666666667,normalized_per_item_best_ge3_5,859e40bc01bb7b75,3.8203206062316895,4.301089286804199,4.062211036682129,4.420791149139404,3.9425406455993652,4.3976006507873535,4.4705352783203125,opentts_tetiana
4.1466666666666665,normalized_original,68193da121bd8ff3,3.635035991668701,4.130550384521484,3.599069833755493,4.475961685180664,3.788241386413574,4.156872272491455,4.243232250213623,opentts_tetiana
4.1466666666666665,full_cascade,68193da121bd8ff3,3.464994430541992,4.0772809982299805,3.706403970718384,4.355184555053711,3.6265790462493896,4.296212196350098,4.139616966247559,opentts_tetiana
4.1466666666666665,normalized_per_item_best,68193da121bd8ff3,3.635035991668701,4.130550384521484,3.599069833755493,4.475961685180664,3.788241386413574,4.156872272491455,4.243232250213623,opentts_tetiana
4.1466666666666665,normalized_per_item_best_ge3_5,68193da121bd8ff3,3.635035991668701,4.130550384521484,3.599069833755493,4.475961685180664,3.788241386413574,4.156872272491455,4.243232250213623,opentts_tetiana
2.8666666666666667,normalized_original,8295344a595567ca,3.1434860229492188,4.241965293884277,3.687089681625366,3.6565322875976562,3.235856771469116,3.936121940612793,3.6560091972351074,opentts_tetiana
2.8666666666666667,full_cascade,8295344a595567ca,3.6935536861419678,4.306108474731445,4.335074424743652,4.368008613586426,3.6904263496398926,4.590400695800781,4.199241638183594,opentts_tetiana
2.8666666666666667,normalized_per_item_best,8295344a595567ca,3.6935536861419678,4.306108474731445,4.335074424743652,4.368008613586426,3.6904263496398926,4.590400695800781,4.199241638183594,opentts_tetiana
2.8666666666666667,normalized_per_item_best_ge3_5,8295344a595567ca,3.6935536861419678,4.306108474731445,4.335074424743652,4.368008613586426,3.6904263496398926,4.590400695800781,4.199241638183594,opentts_tetiana
3.848,normalized_original,9e2468dbf1c72078,3.4895451068878174,4.0166401863098145,3.6174468994140625,4.503763198852539,3.3586366176605225,4.092863082885742,3.7600555419921875,opentts_tetiana
3.848,full_cascade,9e2468dbf1c72078,3.700777769088745,4.515260219573975,3.9795074462890625,4.357785224914551,3.785710334777832,4.623900413513184,4.273314476013184,opentts_tetiana
3.848,normalized_per_item_best,9e2468dbf1c72078,3.700777769088745,4.515260219573975,3.9795074462890625,4.357785224914551,3.785710334777832,4.623900413513184,4.273314476013184,opentts_tetiana
3.848,normalized_per_item_best_ge3_5,9e2468dbf1c72078,3.700777769088745,4.515260219573975,3.9795074462890625,4.357785224914551,3.785710334777832,4.623900413513184,4.273314476013184,opentts_tetiana
5.298666666666667,normalized_original,6097f5f5350b6e17,3.2041804790496826,4.283348083496094,3.9569482803344727,3.8378207683563232,3.287592887878418,4.223142147064209,4.2486572265625,opentts_tetiana
5.298666666666667,full_cascade,6097f5f5350b6e17,3.4440765380859375,3.9954705238342285,3.807034492492676,4.253146171569824,3.157395362854004,4.524402618408203,3.695158004760742,opentts_tetiana
5.298666666666667,normalized_per_item_best,6097f5f5350b6e17,3.2041804790496826,4.283348083496094,3.9569482803344727,3.8378207683563232,3.287592887878418,4.223142147064209,4.2486572265625,opentts_tetiana
3.336,normalized_original,e9238b21c870beaa,3.634603977203369,3.7785580158233643,3.995340347290039,4.585864067077637,3.2530689239501953,4.276213645935059,3.5796093940734863,opentts_tetiana
3.336,full_cascade,e9238b21c870beaa,3.4862594604492188,3.802724599838257,3.7681539058685303,4.263035774230957,3.1195108890533447,4.490312099456787,3.757263422012329,opentts_tetiana
3.336,normalized_per_item_best,e9238b21c870beaa,3.634603977203369,3.7785580158233643,3.995340347290039,4.585864067077637,3.2530689239501953,4.276213645935059,3.5796093940734863,opentts_tetiana
2.7706666666666666,normalized_original,9379781954c6f1d8,4.14455509185791,4.35725736618042,4.546969890594482,4.176355838775635,3.511993169784546,4.787060737609863,4.333728790283203,opentts_tetiana
2.7706666666666666,full_cascade,9379781954c6f1d8,3.460703134536743,3.8535878658294678,4.081393241882324,4.304991722106934,3.364320755004883,4.762943744659424,3.914458751678467,opentts_tetiana
2.7706666666666666,normalized_per_item_best,9379781954c6f1d8,4.14455509185791,4.35725736618042,4.546969890594482,4.176355838775635,3.511993169784546,4.787060737609863,4.333728790283203,opentts_tetiana
2.7706666666666666,normalized_per_item_best_ge3_5,9379781954c6f1d8,4.14455509185791,4.35725736618042,4.546969890594482,4.176355838775635,3.511993169784546,4.787060737609863,4.333728790283203,opentts_tetiana
2.184,normalized_original,2a3c80b50e3009f0,3.186140537261963,3.9539794921875,3.8351237773895264,4.255436897277832,3.320422887802124,4.0562334060668945,3.758118152618408,opentts_tetiana
2.184,full_cascade,2a3c80b50e3009f0,3.490912675857544,4.156981468200684,3.9456534385681152,4.211977005004883,3.4716689586639404,4.360722541809082,3.96014142036438,opentts_tetiana
2.184,normalized_per_item_best,2a3c80b50e3009f0,3.490912675857544,4.156981468200684,3.9456534385681152,4.211977005004883,3.4716689586639404,4.360722541809082,3.96014142036438,opentts_tetiana
2.888,normalized_original,8604fdddfe4c48dd,3.871920108795166,3.798724889755249,4.039812088012695,4.29547119140625,3.3329880237579346,4.672340393066406,3.6887123584747314,opentts_tetiana
2.888,full_cascade,8604fdddfe4c48dd,3.4700374603271484,3.6463754177093506,4.18826961517334,3.984431028366089,3.259087562561035,3.981722354888916,3.521907329559326,opentts_tetiana
2.888,normalized_per_item_best,8604fdddfe4c48dd,3.871920108795166,3.798724889755249,4.039812088012695,4.29547119140625,3.3329880237579346,4.672340393066406,3.6887123584747314,opentts_tetiana
4.210666666666667,normalized_original,69d1cc2407bc6c03,3.405087471008301,4.095002174377441,3.5517513751983643,4.2912397384643555,3.054800271987915,4.128439903259277,3.523437976837158,opentts_tetiana
4.210666666666667,full_cascade,69d1cc2407bc6c03,2.684645891189575,4.773722171783447,3.6192896366119385,4.5361127853393555,3.087181806564331,4.4164533615112305,3.8030011653900146,opentts_tetiana
4.210666666666667,normalized_per_item_best,69d1cc2407bc6c03,2.684645891189575,4.773722171783447,3.6192896366119385,4.5361127853393555,3.087181806564331,4.4164533615112305,3.8030011653900146,opentts_tetiana
5.437333333333333,normalized_original,0143eb9645fe77e0,3.3945133686065674,4.2530999183654785,3.107987403869629,4.516214847564697,3.1607134342193604,4.586606025695801,3.45987606048584,opentts_tetiana
5.437333333333333,full_cascade,0143eb9645fe77e0,3.641277551651001,4.047337055206299,3.724015235900879,4.373226165771484,3.6457202434539795,4.726590156555176,4.10285758972168,opentts_tetiana
5.437333333333333,normalized_per_item_best,0143eb9645fe77e0,3.641277551651001,4.047337055206299,3.724015235900879,4.373226165771484,3.6457202434539795,4.726590156555176,4.10285758972168,opentts_tetiana
5.437333333333333,normalized_per_item_best_ge3_5,0143eb9645fe77e0,3.641277551651001,4.047337055206299,3.724015235900879,4.373226165771484,3.6457202434539795,4.726590156555176,4.10285758972168,opentts_tetiana
4.957333333333334,normalized_original,1b7ca199d0cb0e62,4.321697235107422,4.7794365882873535,4.225228786468506,4.559009552001953,4.063433647155762,4.61705207824707,4.439663887023926,opentts_tetiana
4.957333333333334,full_cascade,1b7ca199d0cb0e62,3.223940134048462,4.273669242858887,3.980795383453369,4.604207515716553,3.3833770751953125,4.50394344329834,4.024545669555664,opentts_tetiana
4.957333333333334,normalized_per_item_best,1b7ca199d0cb0e62,4.321697235107422,4.7794365882873535,4.225228786468506,4.559009552001953,4.063433647155762,4.61705207824707,4.439663887023926,opentts_tetiana
4.957333333333334,normalized_per_item_best_ge3_5,1b7ca199d0cb0e62,4.321697235107422,4.7794365882873535,4.225228786468506,4.559009552001953,4.063433647155762,4.61705207824707,4.439663887023926,opentts_tetiana
3.6773333333333333,normalized_original,89ae889a44d5c4a2,3.500037908554077,4.2283525466918945,3.814223527908325,4.2680840492248535,3.7980902194976807,4.838301181793213,4.457433700561523,opentts_tetiana
3.6773333333333333,full_cascade,89ae889a44d5c4a2,3.6873137950897217,4.805722236633301,3.8839528560638428,4.693911075592041,3.8412628173828125,4.878091812133789,4.4294939041137695,opentts_tetiana
3.6773333333333333,normalized_per_item_best,89ae889a44d5c4a2,3.6873137950897217,4.805722236633301,3.8839528560638428,4.693911075592041,3.8412628173828125,4.878091812133789,4.4294939041137695,opentts_tetiana
3.6773333333333333,normalized_per_item_best_ge3_5,89ae889a44d5c4a2,3.6873137950897217,4.805722236633301,3.8839528560638428,4.693911075592041,3.8412628173828125,4.878091812133789,4.4294939041137695,opentts_tetiana
5.042666666666666,normalized_original,193ee9ae8fe3bbfb,4.129220962524414,4.504785537719727,4.185348987579346,4.35562801361084,3.457063913345337,4.620408058166504,4.252307415008545,opentts_tetiana
5.042666666666666,full_cascade,193ee9ae8fe3bbfb,3.9607255458831787,4.382428169250488,4.193723678588867,4.533411979675293,3.87227463722229,4.7791547775268555,4.387393951416016,opentts_tetiana
5.042666666666666,normalized_per_item_best,193ee9ae8fe3bbfb,3.9607255458831787,4.382428169250488,4.193723678588867,4.533411979675293,3.87227463722229,4.7791547775268555,4.387393951416016,opentts_tetiana
5.042666666666666,normalized_per_item_best_ge3_5,193ee9ae8fe3bbfb,3.9607255458831787,4.382428169250488,4.193723678588867,4.533411979675293,3.87227463722229,4.7791547775268555,4.387393951416016,opentts_tetiana
3.3573333333333335,normalized_original,02749462d9239370,3.0638020038604736,4.364104270935059,3.755017042160034,4.648462295532227,3.251173257827759,4.445216178894043,3.716275691986084,opentts_tetiana
3.3573333333333335,full_cascade,02749462d9239370,3.4186666011810303,4.039661884307861,3.4751408100128174,4.344149589538574,3.332206964492798,4.401883602142334,3.7676169872283936,opentts_tetiana
3.3573333333333335,normalized_per_item_best,02749462d9239370,3.4186666011810303,4.039661884307861,3.4751408100128174,4.344149589538574,3.332206964492798,4.401883602142334,3.7676169872283936,opentts_tetiana
3.2613333333333334,normalized_original,19050e6fd81455e8,3.3017897605895996,4.303544521331787,4.048281669616699,3.8410966396331787,2.7485342025756836,4.149158477783203,3.476135015487671,opentts_tetiana
3.2613333333333334,full_cascade,19050e6fd81455e8,3.359679698944092,4.122542381286621,4.062583923339844,4.0616350173950195,2.557973861694336,4.691728591918945,3.4437167644500732,opentts_tetiana
3.2613333333333334,normalized_per_item_best,19050e6fd81455e8,3.3017897605895996,4.303544521331787,4.048281669616699,3.8410966396331787,2.7485342025756836,4.149158477783203,3.476135015487671,opentts_tetiana
3.1013333333333333,normalized_original,c1b469d85d055d45,3.9274959564208984,3.8168270587921143,4.388606071472168,4.332441329956055,3.6528267860412598,4.504551887512207,4.099794864654541,opentts_tetiana
3.1013333333333333,full_cascade,c1b469d85d055d45,3.730285167694092,4.064208030700684,3.8801681995391846,4.103856086730957,3.505242109298706,4.620477676391602,4.107558250427246,opentts_tetiana
3.1013333333333333,normalized_per_item_best,c1b469d85d055d45,3.9274959564208984,3.8168270587921143,4.388606071472168,4.332441329956055,3.6528267860412598,4.504551887512207,4.099794864654541,opentts_tetiana
3.1013333333333333,normalized_per_item_best_ge3_5,c1b469d85d055d45,3.9274959564208984,3.8168270587921143,4.388606071472168,4.332441329956055,3.6528267860412598,4.504551887512207,4.099794864654541,opentts_tetiana
8.192,normalized_original,1e1b5cdab1a0dcfd,3.736285924911499,4.698392868041992,3.986299991607666,4.479470729827881,3.4320733547210693,4.441656112670898,3.990309715270996,opentts_tetiana
8.192,full_cascade,1e1b5cdab1a0dcfd,3.6091420650482178,3.7069125175476074,4.111207962036133,4.460869312286377,3.031890630722046,4.472797393798828,3.4124755859375,opentts_tetiana
8.192,normalized_per_item_best,1e1b5cdab1a0dcfd,3.736285924911499,4.698392868041992,3.986299991607666,4.479470729827881,3.4320733547210693,4.441656112670898,3.990309715270996,opentts_tetiana
2.2053333333333334,normalized_original,e116b5fec3fc501a,3.8529937267303467,4.347602844238281,3.3196592330932617,4.217390060424805,3.3483052253723145,4.1060686111450195,4.2963457107543945,opentts_tetiana
2.2053333333333334,full_cascade,e116b5fec3fc501a,3.786558151245117,3.755138397216797,4.080222129821777,3.9713783264160156,3.388303756713867,3.8515751361846924,3.7998194694519043,opentts_tetiana
2.2053333333333334,normalized_per_item_best,e116b5fec3fc501a,3.786558151245117,3.755138397216797,4.080222129821777,3.9713783264160156,3.388303756713867,3.8515751361846924,3.7998194694519043,opentts_tetiana
2.1093333333333333,normalized_original,e8ecb91a8db5f101,3.863960027694702,4.801614761352539,3.8150079250335693,4.337595462799072,3.716975212097168,4.010283470153809,4.461733818054199,opentts_tetiana
2.1093333333333333,full_cascade,e8ecb91a8db5f101,3.394040822982788,4.917532920837402,3.666905641555786,4.243609428405762,3.761476755142212,4.606956958770752,4.496466159820557,opentts_tetiana
2.1093333333333333,normalized_per_item_best,e8ecb91a8db5f101,3.394040822982788,4.917532920837402,3.666905641555786,4.243609428405762,3.761476755142212,4.606956958770752,4.496466159820557,opentts_tetiana
2.1093333333333333,normalized_per_item_best_ge3_5,e8ecb91a8db5f101,3.394040822982788,4.917532920837402,3.666905641555786,4.243609428405762,3.761476755142212,4.606956958770752,4.496466159820557,opentts_tetiana
2.888,normalized_original,1c1b3c40bdff7da4,3.3720366954803467,3.9434306621551514,3.7500622272491455,4.528871536254883,2.699561357498169,4.819852828979492,3.3636810779571533,opentts_tetiana
2.888,full_cascade,1c1b3c40bdff7da4,3.3126654624938965,4.05763578414917,3.7933404445648193,4.68900728225708,2.861952543258667,4.526679039001465,3.3347041606903076,opentts_tetiana
2.888,normalized_per_item_best,1c1b3c40bdff7da4,3.3126654624938965,4.05763578414917,3.7933404445648193,4.68900728225708,2.861952543258667,4.526679039001465,3.3347041606903076,opentts_tetiana
5.896,normalized_original,989d0e13d74863b2,3.4318041801452637,4.598796844482422,4.594514846801758,4.092421531677246,3.5161492824554443,4.73126220703125,4.220410346984863,opentts_tetiana
5.896,full_cascade,989d0e13d74863b2,3.589500904083252,4.192957878112793,4.615137100219727,4.360294818878174,3.4197747707366943,4.482017993927002,4.15728759765625,opentts_tetiana
5.896,normalized_per_item_best,989d0e13d74863b2,3.4318041801452637,4.598796844482422,4.594514846801758,4.092421531677246,3.5161492824554443,4.73126220703125,4.220410346984863,opentts_tetiana
5.896,normalized_per_item_best_ge3_5,989d0e13d74863b2,3.4318041801452637,4.598796844482422,4.594514846801758,4.092421531677246,3.5161492824554443,4.73126220703125,4.220410346984863,opentts_tetiana
2.973333333333333,normalized_original,f6d754017472b88b,3.4686670303344727,3.601173162460327,4.170525550842285,4.451642036437988,3.0683982372283936,3.8209028244018555,3.5062758922576904,opentts_tetiana
2.973333333333333,full_cascade,f6d754017472b88b,3.4643325805664062,3.6809730529785156,4.063365936279297,4.209041595458984,3.26973295211792,4.122320175170898,3.587970733642578,opentts_tetiana
2.973333333333333,normalized_per_item_best,f6d754017472b88b,3.4643325805664062,3.6809730529785156,4.063365936279297,4.209041595458984,3.26973295211792,4.122320175170898,3.587970733642578,opentts_tetiana
3.1546666666666665,normalized_original,b3539b2152304982,3.996220827102661,4.344732761383057,4.192883491516113,4.755196571350098,3.295515298843384,4.8306884765625,3.7127721309661865,opentts_tetiana
3.1546666666666665,full_cascade,b3539b2152304982,3.5747954845428467,3.6793081760406494,3.431760311126709,4.209113597869873,3.036958694458008,4.195312023162842,3.5681099891662598,opentts_tetiana
3.1546666666666665,normalized_per_item_best,b3539b2152304982,3.996220827102661,4.344732761383057,4.192883491516113,4.755196571350098,3.295515298843384,4.8306884765625,3.7127721309661865,opentts_tetiana
4.765333333333333,normalized_original,bcbc8ecf63883fb5,3.276700019836426,4.140732288360596,4.135815620422363,4.403678894042969,3.2931582927703857,4.08576774597168,4.04521369934082,opentts_tetiana
4.765333333333333,full_cascade,bcbc8ecf63883fb5,3.29549241065979,4.401866436004639,4.1715874671936035,4.220911979675293,3.4138591289520264,4.434316635131836,3.8835320472717285,opentts_tetiana
4.765333333333333,normalized_per_item_best,bcbc8ecf63883fb5,3.29549241065979,4.401866436004639,4.1715874671936035,4.220911979675293,3.4138591289520264,4.434316635131836,3.8835320472717285,opentts_tetiana
3.272,normalized_original,52633a8fe28a5f7e,3.1979546546936035,3.906698703765869,3.287569046020508,4.409460067749023,3.531491756439209,3.883965492248535,4.0238037109375,opentts_tetiana
3.272,full_cascade,52633a8fe28a5f7e,2.981055498123169,4.070184707641602,3.6704599857330322,4.7844133377075195,3.24263072013855,4.51418399810791,3.9986586570739746,opentts_tetiana
3.272,normalized_per_item_best,52633a8fe28a5f7e,3.1979546546936035,3.906698703765869,3.287569046020508,4.409460067749023,3.531491756439209,3.883965492248535,4.0238037109375,opentts_tetiana
3.272,normalized_per_item_best_ge3_5,52633a8fe28a5f7e,3.1979546546936035,3.906698703765869,3.287569046020508,4.409460067749023,3.531491756439209,3.883965492248535,4.0238037109375,opentts_tetiana
3.474666666666667,normalized_original,248453bd3d5bc9d6,3.476473808288574,4.066339492797852,4.518226146697998,4.1228437423706055,3.477750062942505,4.367298126220703,4.299335479736328,opentts_tetiana
3.474666666666667,full_cascade,248453bd3d5bc9d6,3.3525238037109375,4.716733455657959,4.104757308959961,4.245767593383789,3.569514751434326,4.745673179626465,4.435420989990234,opentts_tetiana
3.474666666666667,normalized_per_item_best,248453bd3d5bc9d6,3.3525238037109375,4.716733455657959,4.104757308959961,4.245767593383789,3.569514751434326,4.745673179626465,4.435420989990234,opentts_tetiana
3.474666666666667,normalized_per_item_best_ge3_5,248453bd3d5bc9d6,3.3525238037109375,4.716733455657959,4.104757308959961,4.245767593383789,3.569514751434326,4.745673179626465,4.435420989990234,opentts_tetiana
3.7733333333333334,normalized_original,6c1b26cdb98675eb,3.6179819107055664,4.066100597381592,4.048395156860352,4.35020112991333,3.3898732662200928,4.394372940063477,4.004579544067383,opentts_tetiana
3.7733333333333334,full_cascade,6c1b26cdb98675eb,3.6785616874694824,3.956822156906128,4.251157760620117,4.100326061248779,3.6762895584106445,4.367283821105957,4.114527702331543,opentts_tetiana
3.7733333333333334,normalized_per_item_best,6c1b26cdb98675eb,3.6785616874694824,3.956822156906128,4.251157760620117,4.100326061248779,3.6762895584106445,4.367283821105957,4.114527702331543,opentts_tetiana
3.7733333333333334,normalized_per_item_best_ge3_5,6c1b26cdb98675eb,3.6785616874694824,3.956822156906128,4.251157760620117,4.100326061248779,3.6762895584106445,4.367283821105957,4.114527702331543,opentts_tetiana
5.672,normalized_original,cd37b0cdc57fb83a,3.3580405712127686,3.933422327041626,3.705883502960205,4.440619945526123,3.1761605739593506,4.152024269104004,3.5860376358032227,opentts_tetiana
5.672,full_cascade,cd37b0cdc57fb83a,3.537733793258667,4.2729082107543945,3.7985453605651855,4.474837303161621,3.4703385829925537,4.665935039520264,4.095940589904785,opentts_tetiana
5.672,normalized_per_item_best,cd37b0cdc57fb83a,3.537733793258667,4.2729082107543945,3.7985453605651855,4.474837303161621,3.4703385829925537,4.665935039520264,4.095940589904785,opentts_tetiana
4.1146666666666665,normalized_original,56b3dcf62366b901,3.6537883281707764,4.354384899139404,3.7769813537597656,4.658231735229492,3.6563377380371094,3.9236249923706055,4.230401515960693,opentts_tetiana
4.1146666666666665,full_cascade,56b3dcf62366b901,3.934234142303467,4.41549015045166,3.890665054321289,4.777491569519043,3.745290756225586,4.696502685546875,4.243512153625488,opentts_tetiana
4.1146666666666665,normalized_per_item_best,56b3dcf62366b901,3.934234142303467,4.41549015045166,3.890665054321289,4.777491569519043,3.745290756225586,4.696502685546875,4.243512153625488,opentts_tetiana
4.1146666666666665,normalized_per_item_best_ge3_5,56b3dcf62366b901,3.934234142303467,4.41549015045166,3.890665054321289,4.777491569519043,3.745290756225586,4.696502685546875,4.243512153625488,opentts_tetiana
4.722666666666667,normalized_original,5567c17d1664afde,3.3453779220581055,4.62285041809082,3.806760311126709,4.512963771820068,3.447239637374878,4.6715826988220215,3.8592677116394043,opentts_tetiana
4.722666666666667,full_cascade,5567c17d1664afde,3.91436767578125,4.656093597412109,4.173191070556641,4.504729270935059,3.862227201461792,4.8382463455200195,4.334688186645508,opentts_tetiana
4.722666666666667,normalized_per_item_best,5567c17d1664afde,3.91436767578125,4.656093597412109,4.173191070556641,4.504729270935059,3.862227201461792,4.8382463455200195,4.334688186645508,opentts_tetiana
4.722666666666667,normalized_per_item_best_ge3_5,5567c17d1664afde,3.91436767578125,4.656093597412109,4.173191070556641,4.504729270935059,3.862227201461792,4.8382463455200195,4.334688186645508,opentts_tetiana
3.56,normalized_original,42e09cdd9bd73577,3.6754400730133057,3.969743490219116,3.6046903133392334,4.409873962402344,3.3706138134002686,4.315950393676758,3.862692356109619,opentts_tetiana
3.56,full_cascade,42e09cdd9bd73577,3.3496055603027344,4.042792797088623,3.72672963142395,4.319164752960205,3.3355114459991455,4.5050859451293945,3.7397332191467285,opentts_tetiana
3.56,normalized_per_item_best,42e09cdd9bd73577,3.6754400730133057,3.969743490219116,3.6046903133392334,4.409873962402344,3.3706138134002686,4.315950393676758,3.862692356109619,opentts_tetiana
3.933333333333333,normalized_original,93a34b9e6a293a63,3.827435255050659,4.521745681762695,4.019624710083008,4.200209617614746,3.753948211669922,4.432828903198242,4.188449382781982,opentts_tetiana
3.933333333333333,full_cascade,93a34b9e6a293a63,3.656308889389038,4.393806457519531,4.33504581451416,4.306516647338867,3.69155216217041,4.696930885314941,4.1594133377075195,opentts_tetiana
3.933333333333333,normalized_per_item_best,93a34b9e6a293a63,3.827435255050659,4.521745681762695,4.019624710083008,4.200209617614746,3.753948211669922,4.432828903198242,4.188449382781982,opentts_tetiana
3.933333333333333,normalized_per_item_best_ge3_5,93a34b9e6a293a63,3.827435255050659,4.521745681762695,4.019624710083008,4.200209617614746,3.753948211669922,4.432828903198242,4.188449382781982,opentts_tetiana
4.562666666666667,normalized_original,a436afe8019dd6e6,3.378696918487549,4.312278747558594,4.557202339172363,4.255936622619629,3.172135829925537,4.499932289123535,4.0075788497924805,opentts_tetiana
4.562666666666667,full_cascade,a436afe8019dd6e6,3.812899589538574,4.4371538162231445,4.424092769622803,4.448447227478027,3.634282112121582,4.57336950302124,4.437495231628418,opentts_tetiana
4.562666666666667,normalized_per_item_best,a436afe8019dd6e6,3.812899589538574,4.4371538162231445,4.424092769622803,4.448447227478027,3.634282112121582,4.57336950302124,4.437495231628418,opentts_tetiana
4.562666666666667,normalized_per_item_best_ge3_5,a436afe8019dd6e6,3.812899589538574,4.4371538162231445,4.424092769622803,4.448447227478027,3.634282112121582,4.57336950302124,4.437495231628418,opentts_tetiana
2.2586666666666666,normalized_original,5d09e242043295b6,3.3412435054779053,4.765565872192383,4.131717205047607,4.552639961242676,3.173551321029663,3.743116617202759,3.9674594402313232,opentts_tetiana
2.2586666666666666,full_cascade,5d09e242043295b6,2.4968807697296143,4.419894218444824,4.258489608764648,4.770985126495361,3.0601704120635986,4.226543426513672,3.806544065475464,opentts_tetiana
2.2586666666666666,normalized_per_item_best,5d09e242043295b6,3.3412435054779053,4.765565872192383,4.131717205047607,4.552639961242676,3.173551321029663,3.743116617202759,3.9674594402313232,opentts_tetiana
3.656,normalized_original,8b41685a32cf90a7,3.4557838439941406,4.478926181793213,4.224678993225098,4.70506477355957,3.3855082988739014,4.134048938751221,4.148992538452148,opentts_tetiana
3.656,full_cascade,8b41685a32cf90a7,3.2131049633026123,4.331249237060547,3.750931978225708,4.603794097900391,3.237152099609375,4.552724838256836,3.9946320056915283,opentts_tetiana
3.656,normalized_per_item_best,8b41685a32cf90a7,3.4557838439941406,4.478926181793213,4.224678993225098,4.70506477355957,3.3855082988739014,4.134048938751221,4.148992538452148,opentts_tetiana
3.464,normalized_original,91240b7e497809fb,3.8064568042755127,3.943135976791382,3.58848237991333,4.195329666137695,3.461308717727661,4.297978401184082,3.8750064373016357,opentts_tetiana
3.464,full_cascade,91240b7e497809fb,4.016589641571045,4.0453081130981445,3.3213117122650146,4.729631423950195,3.477525472640991,4.612977027893066,4.072992324829102,opentts_tetiana
3.464,normalized_per_item_best,91240b7e497809fb,4.016589641571045,4.0453081130981445,3.3213117122650146,4.729631423950195,3.477525472640991,4.612977027893066,4.072992324829102,opentts_tetiana
3.517333333333333,normalized_original,0e2d7d05aa72dde7,3.5652730464935303,3.8549675941467285,4.169878005981445,4.101888656616211,3.21905255317688,3.9561808109283447,3.60451602935791,opentts_tetiana
3.517333333333333,full_cascade,0e2d7d05aa72dde7,3.6767940521240234,4.011590957641602,4.3217315673828125,4.297691345214844,3.259202003479004,4.525954246520996,3.678837537765503,opentts_tetiana
3.517333333333333,normalized_per_item_best,0e2d7d05aa72dde7,3.6767940521240234,4.011590957641602,4.3217315673828125,4.297691345214844,3.259202003479004,4.525954246520996,3.678837537765503,opentts_tetiana
2.3013333333333335,normalized_original,a8406d897e716af5,3.854346990585327,4.559731483459473,4.129246711730957,4.720146179199219,3.579028844833374,4.647950172424316,4.282495498657227,opentts_tetiana
2.3013333333333335,full_cascade,a8406d897e716af5,3.496025562286377,3.865722179412842,3.883399724960327,3.7883758544921875,3.4689197540283203,4.6707868576049805,3.886929750442505,opentts_tetiana
2.3013333333333335,normalized_per_item_best,a8406d897e716af5,3.854346990585327,4.559731483459473,4.129246711730957,4.720146179199219,3.579028844833374,4.647950172424316,4.282495498657227,opentts_tetiana
2.3013333333333335,normalized_per_item_best_ge3_5,a8406d897e716af5,3.854346990585327,4.559731483459473,4.129246711730957,4.720146179199219,3.579028844833374,4.647950172424316,4.282495498657227,opentts_tetiana
3.24,normalized_original,77b50dee243d0c2d,3.6008639335632324,4.472681045532227,3.5893659591674805,4.537686347961426,2.889796018600464,4.51255989074707,3.824549436569214,opentts_tetiana
3.24,full_cascade,77b50dee243d0c2d,3.330481767654419,4.556924819946289,3.9504358768463135,4.788114070892334,3.3047683238983154,4.307933807373047,4.006181240081787,opentts_tetiana
3.24,normalized_per_item_best,77b50dee243d0c2d,3.330481767654419,4.556924819946289,3.9504358768463135,4.788114070892334,3.3047683238983154,4.307933807373047,4.006181240081787,opentts_tetiana
3.752,normalized_original,dd0092ad2a86266e,3.761167049407959,4.703063488006592,4.345487594604492,4.510674476623535,3.8753020763397217,4.749203681945801,4.527346611022949,opentts_tetiana
3.752,full_cascade,dd0092ad2a86266e,3.0884909629821777,4.339007377624512,4.237812042236328,4.720274925231934,3.4299519062042236,4.512870788574219,3.942456007003784,opentts_tetiana
3.752,normalized_per_item_best,dd0092ad2a86266e,3.761167049407959,4.703063488006592,4.345487594604492,4.510674476623535,3.8753020763397217,4.749203681945801,4.527346611022949,opentts_tetiana
3.752,normalized_per_item_best_ge3_5,dd0092ad2a86266e,3.761167049407959,4.703063488006592,4.345487594604492,4.510674476623535,3.8753020763397217,4.749203681945801,4.527346611022949,opentts_tetiana
4.317333333333333,normalized_original,76df0f4029032371,3.383910655975342,3.8253674507141113,3.983029365539551,4.288191795349121,3.0237245559692383,3.864154577255249,3.3936784267425537,opentts_tetiana
4.317333333333333,full_cascade,76df0f4029032371,3.586336612701416,4.152657508850098,3.816210985183716,4.091107368469238,3.2471723556518555,4.232110023498535,3.6995935440063477,opentts_tetiana
4.317333333333333,normalized_per_item_best,76df0f4029032371,3.586336612701416,4.152657508850098,3.816210985183716,4.091107368469238,3.2471723556518555,4.232110023498535,3.6995935440063477,opentts_tetiana
3.7733333333333334,normalized_original,3262642bc54e60b2,3.3324310779571533,4.494782447814941,3.90163516998291,4.365338325500488,2.8590521812438965,4.345101356506348,3.6249032020568848,opentts_tetiana
3.7733333333333334,full_cascade,3262642bc54e60b2,3.519068479537964,4.263034820556641,3.7059428691864014,4.262012004852295,3.432241201400757,4.381889820098877,4.133772850036621,opentts_tetiana
3.7733333333333334,normalized_per_item_best,3262642bc54e60b2,3.519068479537964,4.263034820556641,3.7059428691864014,4.262012004852295,3.432241201400757,4.381889820098877,4.133772850036621,opentts_tetiana
3.1653333333333333,normalized_original,f0f1e00645a9ae0c,3.4184019565582275,3.978634834289551,3.702620267868042,4.352290153503418,3.2825963497161865,3.9804635047912598,3.9868500232696533,opentts_tetiana
3.1653333333333333,full_cascade,f0f1e00645a9ae0c,3.60266375541687,4.2226338386535645,4.013642311096191,4.077575206756592,3.5095837116241455,4.587284088134766,4.315489768981934,opentts_tetiana
3.1653333333333333,normalized_per_item_best,f0f1e00645a9ae0c,3.60266375541687,4.2226338386535645,4.013642311096191,4.077575206756592,3.5095837116241455,4.587284088134766,4.315489768981934,opentts_tetiana
3.1653333333333333,normalized_per_item_best_ge3_5,f0f1e00645a9ae0c,3.60266375541687,4.2226338386535645,4.013642311096191,4.077575206756592,3.5095837116241455,4.587284088134766,4.315489768981934,opentts_tetiana
2.696,normalized_original,6b7e760c05f10343,3.3177380561828613,4.84189510345459,3.99387526512146,4.200064659118652,3.473973512649536,4.704194068908691,3.784071207046509,opentts_tetiana
2.696,full_cascade,6b7e760c05f10343,3.2915236949920654,4.660068035125732,3.825871229171753,4.034463882446289,3.4029746055603027,4.865750312805176,3.876664400100708,opentts_tetiana
2.696,normalized_per_item_best,6b7e760c05f10343,3.3177380561828613,4.84189510345459,3.99387526512146,4.200064659118652,3.473973512649536,4.704194068908691,3.784071207046509,opentts_tetiana
4.274666666666667,normalized_original,3212b7cac1a07f62,3.50825834274292,3.7244818210601807,3.4491047859191895,4.083539009094238,3.495950698852539,3.4209842681884766,4.10860013961792,opentts_tetiana
4.274666666666667,full_cascade,3212b7cac1a07f62,3.8676750659942627,4.362661361694336,3.914523124694824,4.120359897613525,3.600306510925293,4.537647247314453,4.261216640472412,opentts_tetiana
4.274666666666667,normalized_per_item_best,3212b7cac1a07f62,3.8676750659942627,4.362661361694336,3.914523124694824,4.120359897613525,3.600306510925293,4.537647247314453,4.261216640472412,opentts_tetiana
4.274666666666667,normalized_per_item_best_ge3_5,3212b7cac1a07f62,3.8676750659942627,4.362661361694336,3.914523124694824,4.120359897613525,3.600306510925293,4.537647247314453,4.261216640472412,opentts_tetiana
4.573333333333333,normalized_original,ddb4b0992794a754,3.4991345405578613,3.783217191696167,3.9875662326812744,4.651852607727051,3.32414174079895,4.709481239318848,3.604980230331421,opentts_tetiana
4.573333333333333,full_cascade,ddb4b0992794a754,3.667952299118042,3.937866687774658,4.426240921020508,4.350004196166992,3.2287709712982178,4.397820472717285,3.6959433555603027,opentts_tetiana
4.573333333333333,normalized_per_item_best,ddb4b0992794a754,3.4991345405578613,3.783217191696167,3.9875662326812744,4.651852607727051,3.32414174079895,4.709481239318848,3.604980230331421,opentts_tetiana
5.1386666666666665,normalized_original,5fc38e14b23a74a7,3.491414785385132,4.014670372009277,4.427270889282227,3.8331727981567383,2.956169843673706,4.5072431564331055,3.4445321559906006,opentts_tetiana
5.1386666666666665,full_cascade,5fc38e14b23a74a7,3.5562169551849365,4.175808429718018,4.56689453125,4.339256286621094,3.5147783756256104,4.813881874084473,3.748305320739746,opentts_tetiana
5.1386666666666665,normalized_per_item_best,5fc38e14b23a74a7,3.5562169551849365,4.175808429718018,4.56689453125,4.339256286621094,3.5147783756256104,4.813881874084473,3.748305320739746,opentts_tetiana
5.1386666666666665,normalized_per_item_best_ge3_5,5fc38e14b23a74a7,3.5562169551849365,4.175808429718018,4.56689453125,4.339256286621094,3.5147783756256104,4.813881874084473,3.748305320739746,opentts_tetiana
3.112,normalized_original,e726cd177b517677,3.0499444007873535,4.127364158630371,4.135952949523926,4.189138889312744,2.86767578125,4.2150139808654785,3.6606547832489014,opentts_tetiana
3.112,full_cascade,e726cd177b517677,3.183898687362671,4.35235071182251,3.9687516689300537,4.543439865112305,3.2794065475463867,4.35122537612915,3.8316032886505127,opentts_tetiana
3.112,normalized_per_item_best,e726cd177b517677,3.183898687362671,4.35235071182251,3.9687516689300537,4.543439865112305,3.2794065475463867,4.35122537612915,3.8316032886505127,opentts_tetiana
3.421333333333333,normalized_original,d15f0fed2f188d89,3.793898105621338,4.212904930114746,3.4029250144958496,4.458871364593506,3.6841721534729004,4.411645889282227,4.144638538360596,opentts_tetiana
3.421333333333333,full_cascade,d15f0fed2f188d89,3.1402854919433594,4.53422737121582,3.396204710006714,4.874495029449463,3.616109609603882,4.583901882171631,3.948690176010132,opentts_tetiana
3.421333333333333,normalized_per_item_best,d15f0fed2f188d89,3.793898105621338,4.212904930114746,3.4029250144958496,4.458871364593506,3.6841721534729004,4.411645889282227,4.144638538360596,opentts_tetiana
3.421333333333333,normalized_per_item_best_ge3_5,d15f0fed2f188d89,3.793898105621338,4.212904930114746,3.4029250144958496,4.458871364593506,3.6841721534729004,4.411645889282227,4.144638538360596,opentts_tetiana
4.317333333333333,normalized_original,c3a5d2ccdd8f047d,2.9526078701019287,4.513225555419922,3.816443681716919,4.285007476806641,3.048720598220825,4.549673080444336,3.957111358642578,opentts_tetiana
4.317333333333333,full_cascade,c3a5d2ccdd8f047d,3.648218870162964,4.860484600067139,4.111879825592041,4.596890926361084,3.754145860671997,4.911080360412598,4.506595611572266,opentts_tetiana
4.317333333333333,normalized_per_item_best,c3a5d2ccdd8f047d,3.648218870162964,4.860484600067139,4.111879825592041,4.596890926361084,3.754145860671997,4.911080360412598,4.506595611572266,opentts_tetiana
4.317333333333333,normalized_per_item_best_ge3_5,c3a5d2ccdd8f047d,3.648218870162964,4.860484600067139,4.111879825592041,4.596890926361084,3.754145860671997,4.911080360412598,4.506595611572266,opentts_tetiana
5.757333333333333,normalized_original,c6dad82b12822296,3.082949638366699,4.435182094573975,3.47686505317688,4.016972541809082,3.3636085987091064,4.89813232421875,3.843837022781372,opentts_tetiana
5.757333333333333,full_cascade,c6dad82b12822296,3.539233922958374,4.587757110595703,4.055506229400635,4.511786460876465,3.717674732208252,4.8812761306762695,4.364592552185059,opentts_tetiana
5.757333333333333,normalized_per_item_best,c6dad82b12822296,3.539233922958374,4.587757110595703,4.055506229400635,4.511786460876465,3.717674732208252,4.8812761306762695,4.364592552185059,opentts_tetiana
5.757333333333333,normalized_per_item_best_ge3_5,c6dad82b12822296,3.539233922958374,4.587757110595703,4.055506229400635,4.511786460876465,3.717674732208252,4.8812761306762695,4.364592552185059,opentts_tetiana
3.058666666666667,normalized_original,d92a7ba054aef551,2.5270955562591553,4.403663635253906,3.843194007873535,4.284753322601318,2.7850165367126465,3.7133564949035645,3.3974766731262207,opentts_tetiana
3.058666666666667,full_cascade,d92a7ba054aef551,3.531609296798706,4.366629600524902,3.2387897968292236,4.577241897583008,2.9798190593719482,4.718731880187988,3.3562521934509277,opentts_tetiana
3.058666666666667,normalized_per_item_best,d92a7ba054aef551,3.531609296798706,4.366629600524902,3.2387897968292236,4.577241897583008,2.9798190593719482,4.718731880187988,3.3562521934509277,opentts_tetiana
5.757333333333333,normalized_original,404e82ff92d09c49,4.152462005615234,4.331153869628906,3.724658250808716,4.665504455566406,3.6454713344573975,4.483314514160156,4.066320419311523,opentts_tetiana
5.757333333333333,full_cascade,404e82ff92d09c49,3.5988526344299316,4.2066473960876465,3.859745740890503,4.625181198120117,3.382511615753174,4.443163871765137,3.743525981903076,opentts_tetiana
5.757333333333333,normalized_per_item_best,404e82ff92d09c49,4.152462005615234,4.331153869628906,3.724658250808716,4.665504455566406,3.6454713344573975,4.483314514160156,4.066320419311523,opentts_tetiana
5.757333333333333,normalized_per_item_best_ge3_5,404e82ff92d09c49,4.152462005615234,4.331153869628906,3.724658250808716,4.665504455566406,3.6454713344573975,4.483314514160156,4.066320419311523,opentts_tetiana
2.344,normalized_original,928ef336870c1d95,2.901162624359131,4.746402740478516,4.215662002563477,4.403831958770752,2.7459161281585693,3.3665931224823,4.018030166625977,opentts_tetiana
2.344,full_cascade,928ef336870c1d95,4.038561820983887,4.355371952056885,3.945950984954834,4.22602653503418,3.3224868774414062,4.410032749176025,4.1392011642456055,opentts_tetiana
2.344,normalized_per_item_best,928ef336870c1d95,4.038561820983887,4.355371952056885,3.945950984954834,4.22602653503418,3.3224868774414062,4.410032749176025,4.1392011642456055,opentts_tetiana
5.298666666666667,normalized_original,320ccf7987bbf476,3.6340765953063965,4.620420455932617,3.7903339862823486,3.9712746143341064,3.4105045795440674,3.764772891998291,3.978417158126831,opentts_tetiana
5.298666666666667,full_cascade,320ccf7987bbf476,3.681906223297119,4.091360092163086,3.784257173538208,4.159390449523926,3.255741596221924,4.153325080871582,3.771127223968506,opentts_tetiana
5.298666666666667,normalized_per_item_best,320ccf7987bbf476,3.6340765953063965,4.620420455932617,3.7903339862823486,3.9712746143341064,3.4105045795440674,3.764772891998291,3.978417158126831,opentts_tetiana
6.301333333333333,normalized_original,d63cfac7a758aa49,4.088306427001953,4.628437042236328,4.485798358917236,4.538523197174072,3.713510751724243,4.387490272521973,4.4934892654418945,opentts_tetiana
6.301333333333333,full_cascade,d63cfac7a758aa49,3.85821795463562,4.496431350708008,4.446254730224609,4.3959150314331055,3.8678455352783203,4.6513214111328125,4.448047161102295,opentts_tetiana
6.301333333333333,normalized_per_item_best,d63cfac7a758aa49,3.85821795463562,4.496431350708008,4.446254730224609,4.3959150314331055,3.8678455352783203,4.6513214111328125,4.448047161102295,opentts_tetiana
6.301333333333333,normalized_per_item_best_ge3_5,d63cfac7a758aa49,3.85821795463562,4.496431350708008,4.446254730224609,4.3959150314331055,3.8678455352783203,4.6513214111328125,4.448047161102295,opentts_tetiana
3.8693333333333335,normalized_original,6eecc0d6fd16d1ba,2.9502930641174316,4.309807777404785,3.5101776123046875,4.62041711807251,2.9904067516326904,3.8303842544555664,3.726942539215088,opentts_tetiana
3.8693333333333335,full_cascade,6eecc0d6fd16d1ba,3.1035282611846924,3.831730604171753,3.60791015625,4.26533842086792,3.3247697353363037,3.7721903324127197,4.013062953948975,opentts_tetiana
3.8693333333333335,normalized_per_item_best,6eecc0d6fd16d1ba,3.1035282611846924,3.831730604171753,3.60791015625,4.26533842086792,3.3247697353363037,3.7721903324127197,4.013062953948975,opentts_tetiana
2.664,normalized_original,fabd7d8790334054,3.7338554859161377,3.653623342514038,3.4369680881500244,4.132892608642578,2.8384323120117188,3.9190011024475098,3.582534074783325,opentts_tetiana
2.664,full_cascade,fabd7d8790334054,3.350982189178467,4.460358142852783,3.5972189903259277,4.467831611633301,3.1365232467651367,4.6257171630859375,4.2403974533081055,opentts_tetiana
2.664,normalized_per_item_best,fabd7d8790334054,3.350982189178467,4.460358142852783,3.5972189903259277,4.467831611633301,3.1365232467651367,4.6257171630859375,4.2403974533081055,opentts_tetiana
4.189333333333333,normalized_original,27c7bdd1a2d0ea4d,3.6231284141540527,3.711251974105835,3.8463826179504395,4.474037170410156,3.157057523727417,4.135464668273926,3.7112884521484375,opentts_tetiana
4.189333333333333,full_cascade,27c7bdd1a2d0ea4d,3.717261791229248,3.7359375953674316,3.683682918548584,4.242254257202148,3.339914321899414,4.708131313323975,3.9705333709716797,opentts_tetiana
4.189333333333333,normalized_per_item_best,27c7bdd1a2d0ea4d,3.717261791229248,3.7359375953674316,3.683682918548584,4.242254257202148,3.339914321899414,4.708131313323975,3.9705333709716797,opentts_tetiana
3.2293333333333334,normalized_original,f950c22fb87d55d6,2.9387052059173584,4.433773517608643,3.9626832008361816,4.475067138671875,2.7883806228637695,4.52038049697876,3.7750043869018555,opentts_tetiana
3.2293333333333334,full_cascade,f950c22fb87d55d6,3.4097907543182373,4.232917785644531,3.8605003356933594,4.238622665405273,3.316627025604248,4.496993541717529,3.738041639328003,opentts_tetiana
3.2293333333333334,normalized_per_item_best,f950c22fb87d55d6,3.4097907543182373,4.232917785644531,3.8605003356933594,4.238622665405273,3.316627025604248,4.496993541717529,3.738041639328003,opentts_tetiana
3.506666666666667,normalized_original,dda6c4b2479d2318,3.424792766571045,4.260988235473633,3.939967155456543,4.4511399269104,3.431690216064453,4.696636199951172,3.9395649433135986,opentts_tetiana
3.506666666666667,full_cascade,dda6c4b2479d2318,3.088834762573242,4.580621719360352,4.267863750457764,4.319027900695801,3.298691511154175,4.661656379699707,3.9564261436462402,opentts_tetiana
3.506666666666667,normalized_per_item_best,dda6c4b2479d2318,3.424792766571045,4.260988235473633,3.939967155456543,4.4511399269104,3.431690216064453,4.696636199951172,3.9395649433135986,opentts_tetiana
2.6426666666666665,normalized_original,1ddfcc4fb227a7e9,3.1644182205200195,4.423809051513672,3.4704902172088623,4.232626438140869,2.8515617847442627,4.311819076538086,3.8805594444274902,opentts_tetiana
2.6426666666666665,full_cascade,1ddfcc4fb227a7e9,2.833153247833252,4.108329772949219,3.714771270751953,4.260476112365723,3.2524783611297607,4.378393650054932,3.678473711013794,opentts_tetiana
2.6426666666666665,normalized_per_item_best,1ddfcc4fb227a7e9,2.833153247833252,4.108329772949219,3.714771270751953,4.260476112365723,3.2524783611297607,4.378393650054932,3.678473711013794,opentts_tetiana
4.445333333333333,normalized_original,642a0b4005aa2e95,3.6259331703186035,4.269388675689697,3.9885175228118896,4.092351913452148,3.6905884742736816,4.1129255294799805,4.0793657302856445,opentts_tetiana
4.445333333333333,full_cascade,642a0b4005aa2e95,3.336212158203125,4.225486755371094,3.918686628341675,4.478056907653809,3.6830363273620605,4.295179843902588,4.217109680175781,opentts_tetiana
4.445333333333333,normalized_per_item_best,642a0b4005aa2e95,3.6259331703186035,4.269388675689697,3.9885175228118896,4.092351913452148,3.6905884742736816,4.1129255294799805,4.0793657302856445,opentts_tetiana
4.445333333333333,normalized_per_item_best_ge3_5,642a0b4005aa2e95,3.6259331703186035,4.269388675689697,3.9885175228118896,4.092351913452148,3.6905884742736816,4.1129255294799805,4.0793657302856445,opentts_tetiana
4.125333333333334,normalized_original,53094efed47fb1df,3.8186867237091064,3.739734172821045,3.7866759300231934,4.458076477050781,3.1138644218444824,4.2352447509765625,3.4648995399475098,opentts_tetiana
4.125333333333334,full_cascade,53094efed47fb1df,3.2868027687072754,3.7510852813720703,3.171544075012207,4.54036808013916,2.797895669937134,4.472682952880859,3.329455852508545,opentts_tetiana
4.125333333333334,normalized_per_item_best,53094efed47fb1df,3.8186867237091064,3.739734172821045,3.7866759300231934,4.458076477050781,3.1138644218444824,4.2352447509765625,3.4648995399475098,opentts_tetiana
2.92,normalized_original,8f871c64da1f9b76,3.8991634845733643,4.035086154937744,3.0787265300750732,4.2957682609558105,3.6285488605499268,4.326456069946289,4.1843719482421875,opentts_tetiana
2.92,full_cascade,8f871c64da1f9b76,3.7614402770996094,4.427292823791504,3.71091628074646,4.686916351318359,3.6933929920196533,4.538475513458252,4.353999614715576,opentts_tetiana
2.92,normalized_per_item_best,8f871c64da1f9b76,3.7614402770996094,4.427292823791504,3.71091628074646,4.686916351318359,3.6933929920196533,4.538475513458252,4.353999614715576,opentts_tetiana
2.92,normalized_per_item_best_ge3_5,8f871c64da1f9b76,3.7614402770996094,4.427292823791504,3.71091628074646,4.686916351318359,3.6933929920196533,4.538475513458252,4.353999614715576,opentts_tetiana
4.914666666666666,normalized_original,32cc8406425d69b5,3.432163715362549,4.357061386108398,4.304203033447266,3.860224723815918,3.2101452350616455,4.452859401702881,4.050506591796875,opentts_tetiana
4.914666666666666,full_cascade,32cc8406425d69b5,3.214193105697632,4.511709213256836,4.47648286819458,4.648088455200195,3.6226491928100586,4.4431562423706055,4.156142234802246,opentts_tetiana
4.914666666666666,normalized_per_item_best,32cc8406425d69b5,3.214193105697632,4.511709213256836,4.47648286819458,4.648088455200195,3.6226491928100586,4.4431562423706055,4.156142234802246,opentts_tetiana
4.914666666666666,normalized_per_item_best_ge3_5,32cc8406425d69b5,3.214193105697632,4.511709213256836,4.47648286819458,4.648088455200195,3.6226491928100586,4.4431562423706055,4.156142234802246,opentts_tetiana
2.3546666666666667,normalized_original,436fd629fef8f0ae,3.425236701965332,3.5957295894622803,3.8386518955230713,4.259805679321289,3.0196950435638428,3.897887706756592,3.5296804904937744,opentts_tetiana
2.3546666666666667,full_cascade,436fd629fef8f0ae,3.70666766166687,4.284902572631836,4.3769211769104,4.191006183624268,3.641911506652832,4.282135009765625,4.019001007080078,opentts_tetiana
2.3546666666666667,normalized_per_item_best,436fd629fef8f0ae,3.70666766166687,4.284902572631836,4.3769211769104,4.191006183624268,3.641911506652832,4.282135009765625,4.019001007080078,opentts_tetiana
2.3546666666666667,normalized_per_item_best_ge3_5,436fd629fef8f0ae,3.70666766166687,4.284902572631836,4.3769211769104,4.191006183624268,3.641911506652832,4.282135009765625,4.019001007080078,opentts_tetiana
2.514666666666667,normalized_original,135ed3c3ae5837f8,3.5336899757385254,4.613081455230713,4.432522773742676,4.119512557983398,3.167353391647339,4.544119834899902,4.131816864013672,opentts_tetiana
2.514666666666667,full_cascade,135ed3c3ae5837f8,3.6917717456817627,4.7076191902160645,3.7228174209594727,4.507818222045898,3.447014093399048,4.803212642669678,4.36210823059082,opentts_tetiana
2.514666666666667,normalized_per_item_best,135ed3c3ae5837f8,3.6917717456817627,4.7076191902160645,3.7228174209594727,4.507818222045898,3.447014093399048,4.803212642669678,4.36210823059082,opentts_tetiana
5.128,normalized_original,b60ea5a3487fd1ae,4.2113189697265625,4.166172027587891,4.278255939483643,3.8926525115966797,3.416416883468628,4.459080696105957,4.242258548736572,opentts_tetiana
5.128,full_cascade,b60ea5a3487fd1ae,3.9807333946228027,4.479646682739258,4.417187213897705,3.898808240890503,3.736391544342041,4.598104476928711,4.147492408752441,opentts_tetiana
5.128,normalized_per_item_best,b60ea5a3487fd1ae,3.9807333946228027,4.479646682739258,4.417187213897705,3.898808240890503,3.736391544342041,4.598104476928711,4.147492408752441,opentts_tetiana
5.128,normalized_per_item_best_ge3_5,b60ea5a3487fd1ae,3.9807333946228027,4.479646682739258,4.417187213897705,3.898808240890503,3.736391544342041,4.598104476928711,4.147492408752441,opentts_tetiana
2.1413333333333333,normalized_original,720ee61b33ce69b4,3.6119208335876465,4.021775245666504,3.9982614517211914,4.117178916931152,3.467406749725342,3.862396001815796,3.8834218978881836,opentts_tetiana
2.1413333333333333,full_cascade,720ee61b33ce69b4,3.120249032974243,4.118496894836426,3.7760069370269775,4.3508830070495605,3.0751912593841553,4.260585784912109,3.448913335800171,opentts_tetiana
2.1413333333333333,normalized_per_item_best,720ee61b33ce69b4,3.6119208335876465,4.021775245666504,3.9982614517211914,4.117178916931152,3.467406749725342,3.862396001815796,3.8834218978881836,opentts_tetiana
6.738666666666667,normalized_original,4c9f5813ca9056a2,3.5502846240997314,4.095869064331055,3.835249423980713,4.273502826690674,3.428239345550537,4.19074821472168,3.7451412677764893,opentts_tetiana
6.738666666666667,full_cascade,4c9f5813ca9056a2,3.5236003398895264,3.952739953994751,3.8008432388305664,4.222650051116943,3.2876603603363037,4.253536224365234,3.698455572128296,opentts_tetiana
6.738666666666667,normalized_per_item_best,4c9f5813ca9056a2,3.5502846240997314,4.095869064331055,3.835249423980713,4.273502826690674,3.428239345550537,4.19074821472168,3.7451412677764893,opentts_tetiana
4.84,normalized_original,8679673b1593264e,3.9087681770324707,4.5259857177734375,3.3573546409606934,3.932177782058716,3.1867237091064453,4.631336212158203,4.145375728607178,opentts_tetiana
4.84,full_cascade,8679673b1593264e,3.3707756996154785,4.053321361541748,3.638530969619751,4.231706619262695,3.0758984088897705,3.749844789505005,3.488265037536621,opentts_tetiana
4.84,normalized_per_item_best,8679673b1593264e,3.9087681770324707,4.5259857177734375,3.3573546409606934,3.932177782058716,3.1867237091064453,4.631336212158203,4.145375728607178,opentts_tetiana
2.3546666666666667,normalized_original,2731484c2e7f95be,3.295424699783325,3.9752602577209473,4.101207733154297,4.39667272567749,2.9354865550994873,4.633059024810791,3.663748264312744,opentts_tetiana
2.3546666666666667,full_cascade,2731484c2e7f95be,3.063505172729492,4.520713806152344,4.311894416809082,4.269060134887695,3.067166566848755,4.778205871582031,3.485513687133789,opentts_tetiana
2.3546666666666667,normalized_per_item_best,2731484c2e7f95be,3.063505172729492,4.520713806152344,4.311894416809082,4.269060134887695,3.067166566848755,4.778205871582031,3.485513687133789,opentts_tetiana
5.8,normalized_original,ad6b911003f52646,4.32128381729126,4.645239353179932,4.290038108825684,4.701910018920898,4.273876190185547,4.464642524719238,4.597990989685059,opentts_tetiana
5.8,full_cascade,ad6b911003f52646,3.9206929206848145,4.2928056716918945,3.6661598682403564,4.697218894958496,3.5001373291015625,4.497607231140137,3.9729506969451904,opentts_tetiana
5.8,normalized_per_item_best,ad6b911003f52646,4.32128381729126,4.645239353179932,4.290038108825684,4.701910018920898,4.273876190185547,4.464642524719238,4.597990989685059,opentts_tetiana
5.8,normalized_per_item_best_ge3_5,ad6b911003f52646,4.32128381729126,4.645239353179932,4.290038108825684,4.701910018920898,4.273876190185547,4.464642524719238,4.597990989685059,opentts_tetiana
2.6,normalized_original,7f676601dcced195,3.7241291999816895,4.192261695861816,4.152519226074219,3.6656975746154785,3.591752767562866,4.570379257202148,4.214231491088867,opentts_tetiana
2.6,full_cascade,7f676601dcced195,3.043997049331665,4.036336421966553,4.415405750274658,4.076358318328857,3.4405972957611084,4.235137462615967,3.9832005500793457,opentts_tetiana
2.6,normalized_per_item_best,7f676601dcced195,3.7241291999816895,4.192261695861816,4.152519226074219,3.6656975746154785,3.591752767562866,4.570379257202148,4.214231491088867,opentts_tetiana
2.6,normalized_per_item_best_ge3_5,7f676601dcced195,3.7241291999816895,4.192261695861816,4.152519226074219,3.6656975746154785,3.591752767562866,4.570379257202148,4.214231491088867,opentts_tetiana
2.1733333333333333,normalized_original,378359aa39452278,3.2028238773345947,3.9054338932037354,3.7322521209716797,4.228476047515869,3.353207588195801,4.109673500061035,3.8275668621063232,opentts_tetiana
2.1733333333333333,full_cascade,378359aa39452278,3.2552196979522705,4.434446334838867,4.489114284515381,4.366576194763184,3.5979702472686768,4.44822359085083,4.216716766357422,opentts_tetiana
2.1733333333333333,normalized_per_item_best,378359aa39452278,3.2552196979522705,4.434446334838867,4.489114284515381,4.366576194763184,3.5979702472686768,4.44822359085083,4.216716766357422,opentts_tetiana
2.1733333333333333,normalized_per_item_best_ge3_5,378359aa39452278,3.2552196979522705,4.434446334838867,4.489114284515381,4.366576194763184,3.5979702472686768,4.44822359085083,4.216716766357422,opentts_tetiana
3.1013333333333333,normalized_original,59ade686dfc9f541,2.7679548263549805,3.7626967430114746,3.1977431774139404,4.240451812744141,2.2585294246673584,3.436941385269165,2.714970350265503,tg_voices_uk
3.1013333333333333,full_cascade,59ade686dfc9f541,3.180433511734009,4.066795825958252,4.083710670471191,4.507833003997803,2.788029670715332,3.9631307125091553,3.488677978515625,tg_voices_uk
3.1013333333333333,normalized_per_item_best,59ade686dfc9f541,3.180433511734009,4.066795825958252,4.083710670471191,4.507833003997803,2.788029670715332,3.9631307125091553,3.488677978515625,tg_voices_uk
3.8213333333333335,normalized_original,5a30e97954c5364f,3.922896146774292,3.8656973838806152,4.013983249664307,4.251162528991699,3.548375368118286,4.222022533416748,3.6661899089813232,tg_voices_uk
3.8213333333333335,full_cascade,5a30e97954c5364f,3.2368645668029785,3.757194757461548,4.163941383361816,4.226790428161621,3.1341845989227295,3.7556347846984863,3.451700448989868,tg_voices_uk
3.8213333333333335,normalized_per_item_best,5a30e97954c5364f,3.922896146774292,3.8656973838806152,4.013983249664307,4.251162528991699,3.548375368118286,4.222022533416748,3.6661899089813232,tg_voices_uk
3.8213333333333335,normalized_per_item_best_ge3_5,5a30e97954c5364f,3.922896146774292,3.8656973838806152,4.013983249664307,4.251162528991699,3.548375368118286,4.222022533416748,3.6661899089813232,tg_voices_uk
4.701333333333333,normalized_original,4ba9fb21ee3f5893,3.335296869277954,4.340962886810303,4.220306873321533,4.318730354309082,2.6413793563842773,3.274292469024658,3.1235692501068115,tg_voices_uk
4.701333333333333,full_cascade,4ba9fb21ee3f5893,3.3928091526031494,3.8520658016204834,3.8698654174804688,3.945556879043579,3.353665828704834,4.639833927154541,3.800246238708496,tg_voices_uk
4.701333333333333,normalized_per_item_best,4ba9fb21ee3f5893,3.3928091526031494,3.8520658016204834,3.8698654174804688,3.945556879043579,3.353665828704834,4.639833927154541,3.800246238708496,tg_voices_uk
2.3735,normalized_original,2c82d3133d9b1bf7,3.3210792541503906,4.377572059631348,3.000281810760498,4.006847381591797,3.1842916011810303,3.8981428146362305,3.787557601928711,tg_voices_uk
2.3735,full_cascade,2c82d3133d9b1bf7,2.833749294281006,4.156525611877441,3.871793508529663,4.449152946472168,3.189204692840576,3.9940836429595947,3.766864061355591,tg_voices_uk
2.3735,normalized_per_item_best,2c82d3133d9b1bf7,2.833749294281006,4.156525611877441,3.871793508529663,4.449152946472168,3.189204692840576,3.9940836429595947,3.766864061355591,tg_voices_uk
4.1335,normalized_original,ae14f41f9aeea63a,2.8382391929626465,3.1395254135131836,3.23756742477417,2.4955313205718994,2.480290174484253,3.365358829498291,3.0128509998321533,tg_voices_uk
4.1335,full_cascade,ae14f41f9aeea63a,3.2979929447174072,4.5169901847839355,4.295934677124023,4.419984817504883,3.7235803604125977,4.801596164703369,4.256901741027832,tg_voices_uk
4.1335,normalized_per_item_best,ae14f41f9aeea63a,3.2979929447174072,4.5169901847839355,4.295934677124023,4.419984817504883,3.7235803604125977,4.801596164703369,4.256901741027832,tg_voices_uk
4.1335,normalized_per_item_best_ge3_5,ae14f41f9aeea63a,3.2979929447174072,4.5169901847839355,4.295934677124023,4.419984817504883,3.7235803604125977,4.801596164703369,4.256901741027832,tg_voices_uk
3.3735,normalized_original,3060dfb5ad8622fe,3.0056629180908203,3.629828691482544,3.9505412578582764,3.7441344261169434,2.817474365234375,3.6716370582580566,3.1444902420043945,tg_voices_uk
3.3735,full_cascade,3060dfb5ad8622fe,3.194293737411499,4.155547142028809,4.299642562866211,4.719019889831543,3.044276237487793,4.184670448303223,3.6665098667144775,tg_voices_uk
3.3735,normalized_per_item_best,3060dfb5ad8622fe,3.194293737411499,4.155547142028809,4.299642562866211,4.719019889831543,3.044276237487793,4.184670448303223,3.6665098667144775,tg_voices_uk
4.552,normalized_original,437115bddff90aac,4.007769584655762,4.95914363861084,3.9962029457092285,3.9426968097686768,3.0482726097106934,3.7918317317962646,4.409697532653809,tg_voices_uk
4.552,full_cascade,437115bddff90aac,3.5319361686706543,4.28214693069458,4.405576705932617,4.56422233581543,3.3410463333129883,4.667914390563965,4.0115766525268555,tg_voices_uk
4.552,normalized_per_item_best,437115bddff90aac,3.5319361686706543,4.28214693069458,4.405576705932617,4.56422233581543,3.3410463333129883,4.667914390563965,4.0115766525268555,tg_voices_uk
5.7135,normalized_original,2bf8f4ca350a8335,3.523042917251587,4.15108060836792,3.6530380249023438,3.8770382404327393,2.910170555114746,3.795509099960327,3.710153818130493,tg_voices_uk
5.7135,full_cascade,2bf8f4ca350a8335,4.286187171936035,4.043181419372559,3.3840575218200684,4.4582319259643555,3.268063545227051,4.375088691711426,4.113786697387695,tg_voices_uk
5.7135,normalized_per_item_best,2bf8f4ca350a8335,4.286187171936035,4.043181419372559,3.3840575218200684,4.4582319259643555,3.268063545227051,4.375088691711426,4.113786697387695,tg_voices_uk
12.2335,normalized_original,ae2089eb986e145a,3.8140902519226074,4.355434894561768,3.6998603343963623,2.911951780319214,2.8651702404022217,4.159768104553223,3.42637038230896,tg_voices_uk
12.2335,full_cascade,ae2089eb986e145a,3.3619065284729004,4.517954349517822,4.6843085289001465,4.7385101318359375,3.4778311252593994,4.793608665466309,3.9199135303497314,tg_voices_uk
12.2335,normalized_per_item_best,ae2089eb986e145a,3.3619065284729004,4.517954349517822,4.6843085289001465,4.7385101318359375,3.4778311252593994,4.793608665466309,3.9199135303497314,tg_voices_uk
8.690666666666667,normalized_original,201c870f2e07fc7a,3.6393284797668457,4.125201225280762,3.9205760955810547,3.656851291656494,2.717296838760376,3.678865671157837,3.682492733001709,tg_voices_uk
8.690666666666667,full_cascade,201c870f2e07fc7a,3.805020809173584,4.210722923278809,3.4501564502716064,4.537519454956055,2.458270311355591,4.564541339874268,2.9656593799591064,tg_voices_uk
8.690666666666667,normalized_per_item_best,201c870f2e07fc7a,3.6393284797668457,4.125201225280762,3.9205760955810547,3.656851291656494,2.717296838760376,3.678865671157837,3.682492733001709,tg_voices_uk
2.884,normalized_original,1573392baf542b95,3.6158339977264404,3.560269594192505,4.047472953796387,4.000424385070801,2.9913549423217773,4.108987808227539,3.4807350635528564,tg_voices_uk
2.884,full_cascade,1573392baf542b95,3.3095059394836426,3.237844467163086,3.9097023010253906,4.0869598388671875,3.074552297592163,4.318093776702881,3.3643672466278076,tg_voices_uk
2.884,normalized_per_item_best,1573392baf542b95,3.3095059394836426,3.237844467163086,3.9097023010253906,4.0869598388671875,3.074552297592163,4.318093776702881,3.3643672466278076,tg_voices_uk
2.489333333333333,normalized_original,a343c3b60397f081,4.1339592933654785,4.68753719329834,4.176776885986328,4.614439964294434,3.433812141418457,3.701083183288574,4.044083595275879,tg_voices_uk
2.489333333333333,full_cascade,a343c3b60397f081,3.4156479835510254,4.1474690437316895,3.6519992351531982,4.198540687561035,3.162090301513672,4.391777992248535,3.838934898376465,tg_voices_uk
2.489333333333333,normalized_per_item_best,a343c3b60397f081,4.1339592933654785,4.68753719329834,4.176776885986328,4.614439964294434,3.433812141418457,3.701083183288574,4.044083595275879,tg_voices_uk
5.22,normalized_original,dd4dfdc4d7d9cd0c,3.4072325229644775,3.8672714233398438,3.6583950519561768,4.076250076293945,2.990405797958374,3.7844460010528564,3.4738609790802,tg_voices_uk
5.22,full_cascade,dd4dfdc4d7d9cd0c,3.5349178314208984,3.9946255683898926,3.5744810104370117,4.433419227600098,3.0236170291900635,4.6459760665893555,3.557814359664917,tg_voices_uk
5.22,normalized_per_item_best,dd4dfdc4d7d9cd0c,3.5349178314208984,3.9946255683898926,3.5744810104370117,4.433419227600098,3.0236170291900635,4.6459760665893555,3.557814359664917,tg_voices_uk
8.004,normalized_original,453f4ba9b461f99f,3.8129570484161377,4.070225715637207,4.111148834228516,3.1682677268981934,2.6076061725616455,4.103856086730957,3.5475072860717773,tg_voices_uk
8.004,full_cascade,453f4ba9b461f99f,3.644359588623047,3.8295376300811768,3.9134607315063477,4.015663146972656,3.1637985706329346,4.712566375732422,3.6307005882263184,tg_voices_uk
8.004,normalized_per_item_best,453f4ba9b461f99f,3.644359588623047,3.8295376300811768,3.9134607315063477,4.015663146972656,3.1637985706329346,4.712566375732422,3.6307005882263184,tg_voices_uk
2.5935,normalized_original,8f9bd30121a7c414,2.81449556350708,4.432984352111816,3.9598937034606934,2.9784910678863525,2.4347777366638184,4.1133012771606445,2.939934253692627,tg_voices_uk
2.5935,full_cascade,8f9bd30121a7c414,3.6348252296447754,4.183174133300781,4.091833591461182,4.388960361480713,3.71417236328125,4.934082984924316,4.170539855957031,tg_voices_uk
2.5935,normalized_per_item_best,8f9bd30121a7c414,3.6348252296447754,4.183174133300781,4.091833591461182,4.388960361480713,3.71417236328125,4.934082984924316,4.170539855957031,tg_voices_uk
2.5935,normalized_per_item_best_ge3_5,8f9bd30121a7c414,3.6348252296447754,4.183174133300781,4.091833591461182,4.388960361480713,3.71417236328125,4.934082984924316,4.170539855957031,tg_voices_uk
4.1786666666666665,normalized_original,55126c0808de1dca,3.237715244293213,4.198451042175293,3.5163729190826416,3.379150867462158,2.6876373291015625,3.346266269683838,3.2086360454559326,tg_voices_uk
4.1786666666666665,full_cascade,55126c0808de1dca,3.6770942211151123,4.656430244445801,4.152502059936523,4.475052833557129,3.921107769012451,4.801686763763428,4.431788921356201,tg_voices_uk
4.1786666666666665,normalized_per_item_best,55126c0808de1dca,3.6770942211151123,4.656430244445801,4.152502059936523,4.475052833557129,3.921107769012451,4.801686763763428,4.431788921356201,tg_voices_uk
4.1786666666666665,normalized_per_item_best_ge3_5,55126c0808de1dca,3.6770942211151123,4.656430244445801,4.152502059936523,4.475052833557129,3.921107769012451,4.801686763763428,4.431788921356201,tg_voices_uk
5.356166666666667,normalized_original,1f5c4d9d94584166,3.267772674560547,4.824958324432373,4.207481384277344,3.3572378158569336,2.9640111923217773,3.879909038543701,3.810439109802246,tg_voices_uk
5.356166666666667,full_cascade,1f5c4d9d94584166,3.236931085586548,4.53538179397583,4.231105327606201,4.176846981048584,3.522068500518799,4.641232490539551,4.192354679107666,tg_voices_uk
5.356166666666667,normalized_per_item_best,1f5c4d9d94584166,3.236931085586548,4.53538179397583,4.231105327606201,4.176846981048584,3.522068500518799,4.641232490539551,4.192354679107666,tg_voices_uk
5.356166666666667,normalized_per_item_best_ge3_5,1f5c4d9d94584166,3.236931085586548,4.53538179397583,4.231105327606201,4.176846981048584,3.522068500518799,4.641232490539551,4.192354679107666,tg_voices_uk
2.6746666666666665,normalized_original,7e635aa19e714fce,3.6902353763580322,4.109331130981445,4.073250770568848,4.108332633972168,3.2503902912139893,4.391552448272705,3.519096851348877,tg_voices_uk
2.6746666666666665,full_cascade,7e635aa19e714fce,3.002054452896118,4.23463249206543,3.3953490257263184,4.023751258850098,3.2193448543548584,3.8584659099578857,3.6059746742248535,tg_voices_uk
2.6746666666666665,normalized_per_item_best,7e635aa19e714fce,3.6902353763580322,4.109331130981445,4.073250770568848,4.108332633972168,3.2503902912139893,4.391552448272705,3.519096851348877,tg_voices_uk
4.3773333333333335,normalized_original,8430672c813e7b8f,3.5360686779022217,3.0887181758880615,3.3962998390197754,3.6724493503570557,2.667755126953125,4.466213226318359,3.119239330291748,tg_voices_uk
4.3773333333333335,full_cascade,8430672c813e7b8f,3.879523515701294,3.741978645324707,4.243170738220215,4.439292907714844,3.6353039741516113,4.7358717918396,4.195167541503906,tg_voices_uk
4.3773333333333335,normalized_per_item_best,8430672c813e7b8f,3.879523515701294,3.741978645324707,4.243170738220215,4.439292907714844,3.6353039741516113,4.7358717918396,4.195167541503906,tg_voices_uk
4.3773333333333335,normalized_per_item_best_ge3_5,8430672c813e7b8f,3.879523515701294,3.741978645324707,4.243170738220215,4.439292907714844,3.6353039741516113,4.7358717918396,4.195167541503906,tg_voices_uk
2.472,normalized_original,7d520c9452cdfc46,2.7725272178649902,3.586775302886963,3.153146266937256,3.5828683376312256,2.1308014392852783,3.7864201068878174,2.4936509132385254,tg_voices_uk
2.472,full_cascade,7d520c9452cdfc46,3.323745012283325,3.85720157623291,3.1568617820739746,4.63198184967041,2.957542657852173,4.543248176574707,3.623265504837036,tg_voices_uk
2.472,normalized_per_item_best,7d520c9452cdfc46,3.323745012283325,3.85720157623291,3.1568617820739746,4.63198184967041,2.957542657852173,4.543248176574707,3.623265504837036,tg_voices_uk
3.4135,normalized_original,3e685b190ba45f40,4.415421485900879,4.166039943695068,4.059295654296875,4.4293694496154785,3.9094793796539307,4.383404731750488,4.392483234405518,tg_voices_uk
3.4135,full_cascade,3e685b190ba45f40,3.3841047286987305,4.120528221130371,3.32411789894104,4.48042106628418,3.1333553791046143,4.720325469970703,3.635227680206299,tg_voices_uk
3.4135,normalized_per_item_best,3e685b190ba45f40,4.415421485900879,4.166039943695068,4.059295654296875,4.4293694496154785,3.9094793796539307,4.383404731750488,4.392483234405518,tg_voices_uk
3.4135,normalized_per_item_best_ge3_5,3e685b190ba45f40,4.415421485900879,4.166039943695068,4.059295654296875,4.4293694496154785,3.9094793796539307,4.383404731750488,4.392483234405518,tg_voices_uk
3.474666666666667,normalized_original,0da85bf49f563322,2.6929829120635986,3.9115006923675537,3.9301490783691406,3.3771018981933594,2.196930170059204,3.5896494388580322,2.4258437156677246,tg_voices_uk
3.474666666666667,full_cascade,0da85bf49f563322,3.6317553520202637,3.8134777545928955,4.029081344604492,4.387850761413574,3.406257390975952,4.649847030639648,3.9507293701171875,tg_voices_uk
3.474666666666667,normalized_per_item_best,0da85bf49f563322,3.6317553520202637,3.8134777545928955,4.029081344604492,4.387850761413574,3.406257390975952,4.649847030639648,3.9507293701171875,tg_voices_uk
3.1801666666666666,normalized_original,7771c2336bd98b36,3.6524741649627686,4.73806095123291,4.548220157623291,3.3427562713623047,3.1861417293548584,4.413331985473633,4.007051467895508,tg_voices_uk
3.1801666666666666,full_cascade,7771c2336bd98b36,2.6964030265808105,3.7951369285583496,3.9216556549072266,4.272611141204834,2.951730251312256,4.203319549560547,3.4009358882904053,tg_voices_uk
3.1801666666666666,normalized_per_item_best,7771c2336bd98b36,3.6524741649627686,4.73806095123291,4.548220157623291,3.3427562713623047,3.1861417293548584,4.413331985473633,4.007051467895508,tg_voices_uk
3.0335,normalized_original,80d1e80731f94de5,4.030637264251709,4.2460808753967285,4.550677299499512,3.934464454650879,3.600146532058716,3.950892448425293,3.8454835414886475,tg_voices_uk
3.0335,full_cascade,80d1e80731f94de5,3.260647773742676,3.758882522583008,4.082548141479492,4.167527675628662,3.2684736251831055,4.182492256164551,3.8695242404937744,tg_voices_uk
3.0335,normalized_per_item_best,80d1e80731f94de5,4.030637264251709,4.2460808753967285,4.550677299499512,3.934464454650879,3.600146532058716,3.950892448425293,3.8454835414886475,tg_voices_uk
3.0335,normalized_per_item_best_ge3_5,80d1e80731f94de5,4.030637264251709,4.2460808753967285,4.550677299499512,3.934464454650879,3.600146532058716,3.950892448425293,3.8454835414886475,tg_voices_uk
3.8053333333333335,normalized_original,55de86debdfa6538,3.265476942062378,3.8256149291992188,3.3812763690948486,3.585946559906006,2.923595905303955,3.861419677734375,3.3527026176452637,tg_voices_uk
3.8053333333333335,full_cascade,55de86debdfa6538,3.388162136077881,3.815025568008423,3.6487135887145996,4.4462738037109375,3.299290180206299,4.40604829788208,3.752570867538452,tg_voices_uk
3.8053333333333335,normalized_per_item_best,55de86debdfa6538,3.388162136077881,3.815025568008423,3.6487135887145996,4.4462738037109375,3.299290180206299,4.40604829788208,3.752570867538452,tg_voices_uk
2.0668333333333333,normalized_original,92161c225505cef3,3.625472068786621,4.580945014953613,4.412452697753906,3.161742925643921,2.9614856243133545,3.791116714477539,3.300832986831665,tg_voices_uk
2.0668333333333333,full_cascade,92161c225505cef3,2.307299852371216,4.252601623535156,3.8917341232299805,3.246419906616211,2.636582136154175,4.507884979248047,3.1184356212615967,tg_voices_uk
2.0668333333333333,normalized_per_item_best,92161c225505cef3,3.625472068786621,4.580945014953613,4.412452697753906,3.161742925643921,2.9614856243133545,3.791116714477539,3.300832986831665,tg_voices_uk
3.001333333333333,normalized_original,c32331f6933db117,3.983544111251831,3.7164463996887207,2.883944034576416,4.285910606384277,3.136800765991211,3.619110107421875,3.891157865524292,tg_voices_uk
3.001333333333333,full_cascade,c32331f6933db117,3.5379345417022705,4.057027816772461,3.8176982402801514,4.596626281738281,3.074418544769287,4.485876083374023,3.630981683731079,tg_voices_uk
3.001333333333333,normalized_per_item_best,c32331f6933db117,3.983544111251831,3.7164463996887207,2.883944034576416,4.285910606384277,3.136800765991211,3.619110107421875,3.891157865524292,tg_voices_uk
2.4466666666666668,normalized_original,dff69328d8d33467,2.832926034927368,4.898305892944336,4.257709503173828,4.482265472412109,3.4253313541412354,4.524858474731445,4.133303642272949,tg_voices_uk
2.4466666666666668,full_cascade,dff69328d8d33467,3.975844383239746,4.28615140914917,3.790940046310425,4.279922008514404,3.506612777709961,4.575896263122559,4.130124568939209,tg_voices_uk
2.4466666666666668,normalized_per_item_best,dff69328d8d33467,3.975844383239746,4.28615140914917,3.790940046310425,4.279922008514404,3.506612777709961,4.575896263122559,4.130124568939209,tg_voices_uk
2.4466666666666668,normalized_per_item_best_ge3_5,dff69328d8d33467,3.975844383239746,4.28615140914917,3.790940046310425,4.279922008514404,3.506612777709961,4.575896263122559,4.130124568939209,tg_voices_uk
4.232166666666667,normalized_original,b077e47d42dcdaa2,3.3743767738342285,4.119383811950684,3.41438364982605,3.0029430389404297,2.590271234512329,3.3679845333099365,3.1592066287994385,tg_voices_uk
4.232166666666667,full_cascade,b077e47d42dcdaa2,3.823882579803467,3.6055376529693604,4.439492702484131,4.294797420501709,3.253854990005493,4.124764442443848,3.823613166809082,tg_voices_uk
4.232166666666667,normalized_per_item_best,b077e47d42dcdaa2,3.823882579803467,3.6055376529693604,4.439492702484131,4.294797420501709,3.253854990005493,4.124764442443848,3.823613166809082,tg_voices_uk
2.9935,normalized_original,e9b78993f1c0e88e,2.4406421184539795,3.4895269870758057,3.8930413722991943,3.6477274894714355,2.291517972946167,3.7974798679351807,2.9179372787475586,tg_voices_uk
2.9935,full_cascade,e9b78993f1c0e88e,2.8795342445373535,3.8075368404388428,3.818023920059204,4.2088775634765625,2.3370745182037354,4.108013153076172,2.652254343032837,tg_voices_uk
2.9935,normalized_per_item_best,e9b78993f1c0e88e,2.8795342445373535,3.8075368404388428,3.818023920059204,4.2088775634765625,2.3370745182037354,4.108013153076172,2.652254343032837,tg_voices_uk
2.2906666666666666,normalized_original,7849f87d6989d8de,3.2055439949035645,4.654615879058838,3.751357316970825,4.072182655334473,3.3391146659851074,4.176058769226074,3.771606206893921,tg_voices_uk
2.2906666666666666,full_cascade,7849f87d6989d8de,3.988835573196411,3.872905731201172,4.236591339111328,4.198235034942627,3.684943437576294,3.9959683418273926,4.065081596374512,tg_voices_uk
2.2906666666666666,normalized_per_item_best,7849f87d6989d8de,3.988835573196411,3.872905731201172,4.236591339111328,4.198235034942627,3.684943437576294,3.9959683418273926,4.065081596374512,tg_voices_uk
2.2906666666666666,normalized_per_item_best_ge3_5,7849f87d6989d8de,3.988835573196411,3.872905731201172,4.236591339111328,4.198235034942627,3.684943437576294,3.9959683418273926,4.065081596374512,tg_voices_uk
2.5853333333333333,normalized_original,ac936925e682db33,3.154329776763916,4.358509540557861,3.951158285140991,2.5570881366729736,2.5434775352478027,3.4437856674194336,3.387382745742798,tg_voices_uk
2.5853333333333333,full_cascade,ac936925e682db33,3.756593704223633,4.263973712921143,3.387807846069336,4.192926406860352,2.9268696308135986,3.770160436630249,3.3583316802978516,tg_voices_uk
2.5853333333333333,normalized_per_item_best,ac936925e682db33,3.756593704223633,4.263973712921143,3.387807846069336,4.192926406860352,2.9268696308135986,3.770160436630249,3.3583316802978516,tg_voices_uk
6.4535,normalized_original,f8d46eb306eedb2a,3.2650744915008545,4.162996292114258,2.69184947013855,1.9579360485076904,1.9955940246582031,3.749974012374878,2.784827709197998,tg_voices_uk
6.4535,full_cascade,f8d46eb306eedb2a,3.7782387733459473,4.370295524597168,4.054832458496094,4.706827163696289,3.553821563720703,4.647951126098633,3.923947811126709,tg_voices_uk
6.4535,normalized_per_item_best,f8d46eb306eedb2a,3.7782387733459473,4.370295524597168,4.054832458496094,4.706827163696289,3.553821563720703,4.647951126098633,3.923947811126709,tg_voices_uk
6.4535,normalized_per_item_best_ge3_5,f8d46eb306eedb2a,3.7782387733459473,4.370295524597168,4.054832458496094,4.706827163696289,3.553821563720703,4.647951126098633,3.923947811126709,tg_voices_uk
2.3135,normalized_original,99dfde6bbdae21df,3.884193181991577,4.683523654937744,3.7306694984436035,2.4306113719940186,2.655280590057373,4.454564094543457,3.338879346847534,tg_voices_uk
2.3135,full_cascade,99dfde6bbdae21df,3.6367604732513428,4.551620960235596,4.26692008972168,4.335354804992676,3.555283308029175,4.645886421203613,3.732593297958374,tg_voices_uk
2.3135,normalized_per_item_best,99dfde6bbdae21df,3.6367604732513428,4.551620960235596,4.26692008972168,4.335354804992676,3.555283308029175,4.645886421203613,3.732593297958374,tg_voices_uk
2.3135,normalized_per_item_best_ge3_5,99dfde6bbdae21df,3.6367604732513428,4.551620960235596,4.26692008972168,4.335354804992676,3.555283308029175,4.645886421203613,3.732593297958374,tg_voices_uk
5.6735,normalized_original,e63ca37142e403df,3.209287643432617,4.135287284851074,3.0414915084838867,2.1014156341552734,2.5414845943450928,4.458097457885742,3.7889912128448486,tg_voices_uk
5.6735,full_cascade,e63ca37142e403df,3.5175302028656006,3.2971034049987793,3.217315673828125,4.3410186767578125,3.00168514251709,4.339344501495361,3.3835794925689697,tg_voices_uk
5.6735,normalized_per_item_best,e63ca37142e403df,3.5175302028656006,3.2971034049987793,3.217315673828125,4.3410186767578125,3.00168514251709,4.339344501495361,3.3835794925689697,tg_voices_uk
7.5735,normalized_original,3459e9ecf4a5ab88,3.7555809020996094,4.125957489013672,4.300196647644043,3.432459831237793,2.658292531967163,3.403947114944458,3.342674493789673,tg_voices_uk
7.5735,full_cascade,3459e9ecf4a5ab88,3.436030626296997,4.454817295074463,3.976689338684082,4.4516425132751465,3.187148332595825,4.5970587730407715,3.7407379150390625,tg_voices_uk
7.5735,normalized_per_item_best,3459e9ecf4a5ab88,3.436030626296997,4.454817295074463,3.976689338684082,4.4516425132751465,3.187148332595825,4.5970587730407715,3.7407379150390625,tg_voices_uk
5.225333333333333,normalized_original,5ef8bb577dfc820f,3.747438430786133,4.267094612121582,3.751413345336914,3.8772337436676025,3.4051737785339355,4.399346351623535,3.700326919555664,tg_voices_uk
5.225333333333333,full_cascade,5ef8bb577dfc820f,3.381328821182251,3.874265670776367,3.7235841751098633,3.9776089191436768,3.4010040760040283,4.514954566955566,3.6707868576049805,tg_voices_uk
5.225333333333333,normalized_per_item_best,5ef8bb577dfc820f,3.747438430786133,4.267094612121582,3.751413345336914,3.8772337436676025,3.4051737785339355,4.399346351623535,3.700326919555664,tg_voices_uk
3.6093333333333333,normalized_original,4f17bca587d2ff0d,3.3641085624694824,4.14588737487793,4.076999187469482,3.8428447246551514,2.95004940032959,2.7496471405029297,3.3557043075561523,tg_voices_uk
3.6093333333333333,full_cascade,4f17bca587d2ff0d,3.580522298812866,3.7623274326324463,4.060445785522461,4.152074813842773,2.8186771869659424,4.555459022521973,3.1889443397521973,tg_voices_uk
3.6093333333333333,normalized_per_item_best,4f17bca587d2ff0d,3.3641085624694824,4.14588737487793,4.076999187469482,3.8428447246551514,2.95004940032959,2.7496471405029297,3.3557043075561523,tg_voices_uk
3.8441666666666667,normalized_original,4d7b9e5933acc2cc,3.075065851211548,4.7093048095703125,4.022328853607178,3.711162567138672,2.893002510070801,4.627518653869629,3.8326995372772217,tg_voices_uk
3.8441666666666667,full_cascade,4d7b9e5933acc2cc,3.338543176651001,4.331274509429932,3.2796528339385986,4.303206443786621,3.125333547592163,4.230637550354004,3.532470703125,tg_voices_uk
3.8441666666666667,normalized_per_item_best,4d7b9e5933acc2cc,3.338543176651001,4.331274509429932,3.2796528339385986,4.303206443786621,3.125333547592163,4.230637550354004,3.532470703125,tg_voices_uk
2.062666666666667,normalized_original,d0f08e189a6a5ff2,2.8037962913513184,4.452738285064697,3.5097594261169434,3.105764150619507,2.3972461223602295,2.840282917022705,2.7101590633392334,tg_voices_uk
2.062666666666667,full_cascade,d0f08e189a6a5ff2,2.8503429889678955,4.692741870880127,3.857891798019409,4.276191711425781,3.238182306289673,4.139767169952393,3.748995542526245,tg_voices_uk
2.062666666666667,normalized_per_item_best,d0f08e189a6a5ff2,2.8503429889678955,4.692741870880127,3.857891798019409,4.276191711425781,3.238182306289673,4.139767169952393,3.748995542526245,tg_voices_uk
5.9535,normalized_original,35e7a78e78b39a8a,4.493715763092041,4.5869245529174805,4.475707530975342,3.8148486614227295,3.935042381286621,4.734240531921387,4.570043563842773,tg_voices_uk
5.9535,full_cascade,35e7a78e78b39a8a,4.035733222961426,4.116549968719482,4.036714553833008,4.612608909606934,3.723356008529663,4.869169235229492,4.011608123779297,tg_voices_uk
5.9535,normalized_per_item_best,35e7a78e78b39a8a,4.493715763092041,4.5869245529174805,4.475707530975342,3.8148486614227295,3.935042381286621,4.734240531921387,4.570043563842773,tg_voices_uk
5.9535,normalized_per_item_best_ge3_5,35e7a78e78b39a8a,4.493715763092041,4.5869245529174805,4.475707530975342,3.8148486614227295,3.935042381286621,4.734240531921387,4.570043563842773,tg_voices_uk
3.3735,normalized_original,a8dc57ce6c88a19d,2.312978982925415,3.9158902168273926,2.887042999267578,4.185996055603027,2.757798194885254,3.542278289794922,2.9338738918304443,tg_voices_uk
3.3735,full_cascade,a8dc57ce6c88a19d,2.967600107192993,3.902693271636963,4.140154838562012,4.142526626586914,3.0706534385681152,4.58408260345459,3.5843329429626465,tg_voices_uk
3.3735,normalized_per_item_best,a8dc57ce6c88a19d,2.967600107192993,3.902693271636963,4.140154838562012,4.142526626586914,3.0706534385681152,4.58408260345459,3.5843329429626465,tg_voices_uk
2.8295,normalized_original,942dc23a4f307676,4.238738059997559,4.036401748657227,4.162192344665527,3.205767869949341,3.2189784049987793,4.092709541320801,3.559743881225586,tg_voices_uk
2.8295,full_cascade,942dc23a4f307676,4.1330671310424805,4.1186113357543945,3.3362207412719727,4.339112281799316,3.588259220123291,4.171321392059326,4.205071926116943,tg_voices_uk
2.8295,normalized_per_item_best,942dc23a4f307676,4.1330671310424805,4.1186113357543945,3.3362207412719727,4.339112281799316,3.588259220123291,4.171321392059326,4.205071926116943,tg_voices_uk
2.8295,normalized_per_item_best_ge3_5,942dc23a4f307676,4.1330671310424805,4.1186113357543945,3.3362207412719727,4.339112281799316,3.588259220123291,4.171321392059326,4.205071926116943,tg_voices_uk
3.6946666666666665,normalized_original,9ad058e84a7cee1a,4.185478210449219,4.462190628051758,4.315845489501953,4.170604705810547,3.773317575454712,4.100882530212402,4.348950386047363,tg_voices_uk
3.6946666666666665,full_cascade,9ad058e84a7cee1a,2.9566690921783447,4.257351875305176,4.3660736083984375,3.8896753787994385,3.0691163539886475,4.669897079467773,3.9271907806396484,tg_voices_uk
3.6946666666666665,normalized_per_item_best,9ad058e84a7cee1a,4.185478210449219,4.462190628051758,4.315845489501953,4.170604705810547,3.773317575454712,4.100882530212402,4.348950386047363,tg_voices_uk
3.6946666666666665,normalized_per_item_best_ge3_5,9ad058e84a7cee1a,4.185478210449219,4.462190628051758,4.315845489501953,4.170604705810547,3.773317575454712,4.100882530212402,4.348950386047363,tg_voices_uk
2.7335,normalized_original,34109ff078e8ebbc,3.235708475112915,3.726386070251465,3.975663423538208,3.8050007820129395,2.5243773460388184,3.8555309772491455,2.8505630493164062,tg_voices_uk
2.7335,full_cascade,34109ff078e8ebbc,3.6581032276153564,4.375446319580078,3.890781879425049,4.644061088562012,3.611116647720337,4.295018196105957,3.8951900005340576,tg_voices_uk
2.7335,normalized_per_item_best,34109ff078e8ebbc,3.6581032276153564,4.375446319580078,3.890781879425049,4.644061088562012,3.611116647720337,4.295018196105957,3.8951900005340576,tg_voices_uk
2.7335,normalized_per_item_best_ge3_5,34109ff078e8ebbc,3.6581032276153564,4.375446319580078,3.890781879425049,4.644061088562012,3.611116647720337,4.295018196105957,3.8951900005340576,tg_voices_uk
7.602666666666667,normalized_original,9a834c7b2a4361d9,3.57939076423645,4.321861267089844,4.483132362365723,3.667876958847046,2.7576792240142822,4.274778366088867,3.0527548789978027,tg_voices_uk
7.602666666666667,full_cascade,9a834c7b2a4361d9,3.5571024417877197,4.358794212341309,3.9669559001922607,3.885103702545166,3.0231332778930664,4.715946197509766,3.4871978759765625,tg_voices_uk
7.602666666666667,normalized_per_item_best,9a834c7b2a4361d9,3.5571024417877197,4.358794212341309,3.9669559001922607,3.885103702545166,3.0231332778930664,4.715946197509766,3.4871978759765625,tg_voices_uk
2.493333333333333,normalized_original,8c76532e76531c31,3.1831188201904297,4.180047035217285,4.205972194671631,3.341979503631592,2.416995048522949,3.71547794342041,3.0789144039154053,tg_voices_uk
2.493333333333333,full_cascade,8c76532e76531c31,3.7231624126434326,4.362679481506348,3.9895520210266113,4.636678695678711,3.315826177597046,4.573989391326904,3.7599546909332275,tg_voices_uk
2.493333333333333,normalized_per_item_best,8c76532e76531c31,3.7231624126434326,4.362679481506348,3.9895520210266113,4.636678695678711,3.315826177597046,4.573989391326904,3.7599546909332275,tg_voices_uk
3.3135,normalized_original,0f11cf153c9d4cf0,3.0586154460906982,4.490372657775879,3.1399154663085938,3.001201629638672,2.990156888961792,4.194822788238525,3.2715601921081543,tg_voices_uk
3.3135,full_cascade,0f11cf153c9d4cf0,3.642880439758301,3.9843153953552246,3.375873565673828,4.279191970825195,3.0064408779144287,4.259665489196777,3.6323812007904053,tg_voices_uk
3.3135,normalized_per_item_best,0f11cf153c9d4cf0,3.642880439758301,3.9843153953552246,3.375873565673828,4.279191970825195,3.0064408779144287,4.259665489196777,3.6323812007904053,tg_voices_uk
2.4735,normalized_original,e1304f2e88eab378,2.5094845294952393,4.199288368225098,3.487452745437622,3.4154226779937744,2.903604030609131,3.88280987739563,3.392603874206543,tg_voices_uk
2.4735,full_cascade,e1304f2e88eab378,2.940544605255127,3.733553647994995,3.7580180168151855,4.024285316467285,3.28206205368042,4.489389419555664,3.802518844604492,tg_voices_uk
2.4735,normalized_per_item_best,e1304f2e88eab378,2.940544605255127,3.733553647994995,3.7580180168151855,4.024285316467285,3.28206205368042,4.489389419555664,3.802518844604492,tg_voices_uk
7.7335,normalized_original,49a0f944677d8954,3.436711311340332,3.964986801147461,4.079708099365234,3.59368634223938,3.118455171585083,4.393986701965332,3.311706304550171,tg_voices_uk
7.7335,full_cascade,49a0f944677d8954,4.06911563873291,4.493443965911865,4.550712585449219,4.797548294067383,3.8302156925201416,4.830340385437012,4.0189337730407715,tg_voices_uk
7.7335,normalized_per_item_best,49a0f944677d8954,4.06911563873291,4.493443965911865,4.550712585449219,4.797548294067383,3.8302156925201416,4.830340385437012,4.0189337730407715,tg_voices_uk
7.7335,normalized_per_item_best_ge3_5,49a0f944677d8954,4.06911563873291,4.493443965911865,4.550712585449219,4.797548294067383,3.8302156925201416,4.830340385437012,4.0189337730407715,tg_voices_uk
4.2135,normalized_original,f82c3035011a7926,2.7327749729156494,4.746002197265625,3.5543501377105713,3.468651533126831,2.8597238063812256,3.376324415206909,3.6476213932037354,tg_voices_uk
4.2135,full_cascade,f82c3035011a7926,3.113964557647705,3.9843642711639404,4.195344924926758,4.13080358505249,3.050187349319458,4.012969970703125,3.8205137252807617,tg_voices_uk
4.2135,normalized_per_item_best,f82c3035011a7926,3.113964557647705,3.9843642711639404,4.195344924926758,4.13080358505249,3.050187349319458,4.012969970703125,3.8205137252807617,tg_voices_uk
2.5335,normalized_original,c3843c5f27f25bc9,3.6887001991271973,3.6693713665008545,3.479107618331909,3.0334136486053467,2.2653920650482178,3.339205741882324,2.7263166904449463,tg_voices_uk
2.5335,full_cascade,c3843c5f27f25bc9,3.2471489906311035,4.202856540679932,3.513667583465576,4.587078094482422,3.502533197402954,3.9660205841064453,4.14448881149292,tg_voices_uk
2.5335,normalized_per_item_best,c3843c5f27f25bc9,3.2471489906311035,4.202856540679932,3.513667583465576,4.587078094482422,3.502533197402954,3.9660205841064453,4.14448881149292,tg_voices_uk
2.5335,normalized_per_item_best_ge3_5,c3843c5f27f25bc9,3.2471489906311035,4.202856540679932,3.513667583465576,4.587078094482422,3.502533197402954,3.9660205841064453,4.14448881149292,tg_voices_uk
8.4335,normalized_original,20b69eec04f09874,3.243945360183716,4.209339141845703,3.2924561500549316,3.0787830352783203,2.324279308319092,3.283381700515747,2.7002828121185303,tg_voices_uk
8.4335,full_cascade,20b69eec04f09874,3.629324197769165,4.1089653968811035,4.08358907699585,3.954019069671631,3.4127838611602783,4.630448341369629,3.8983993530273438,tg_voices_uk
8.4335,normalized_per_item_best,20b69eec04f09874,3.629324197769165,4.1089653968811035,4.08358907699585,3.954019069671631,3.4127838611602783,4.630448341369629,3.8983993530273438,tg_voices_uk
2.002666666666667,normalized_original,416b4bec03137c4c,4.997011184692383,4.995985984802246,4.986266136169434,4.018784046173096,4.999700546264648,4.051210403442383,4.999519348144531,tg_voices_uk
2.002666666666667,full_cascade,416b4bec03137c4c,4.221549987792969,4.877696990966797,4.4022955894470215,4.065837383270264,3.9204277992248535,4.865325927734375,4.631518363952637,tg_voices_uk
2.002666666666667,normalized_per_item_best,416b4bec03137c4c,4.997011184692383,4.995985984802246,4.986266136169434,4.018784046173096,4.999700546264648,4.051210403442383,4.999519348144531,tg_voices_uk
2.002666666666667,normalized_per_item_best_ge3_5,416b4bec03137c4c,4.997011184692383,4.995985984802246,4.986266136169434,4.018784046173096,4.999700546264648,4.051210403442383,4.999519348144531,tg_voices_uk
4.7935,normalized_original,2e6bf590e008cf51,3.0146656036376953,3.5076451301574707,4.121559143066406,3.5471079349517822,2.499321222305298,3.256767749786377,3.204482078552246,tg_voices_uk
4.7935,full_cascade,2e6bf590e008cf51,3.3266124725341797,3.836226224899292,3.6577842235565186,4.322303295135498,2.8324832916259766,3.7788496017456055,3.218637704849243,tg_voices_uk
4.7935,normalized_per_item_best,2e6bf590e008cf51,3.3266124725341797,3.836226224899292,3.6577842235565186,4.322303295135498,2.8324832916259766,3.7788496017456055,3.218637704849243,tg_voices_uk
3.6361666666666665,normalized_original,d3754eb4100330cb,3.0343565940856934,4.498806953430176,4.3564581871032715,3.2933895587921143,2.8289170265197754,4.648999214172363,3.3285818099975586,tg_voices_uk
3.6361666666666665,full_cascade,d3754eb4100330cb,2.894218921661377,4.4588422775268555,4.02974796295166,4.615840911865234,3.4338912963867188,4.784531116485596,3.7998952865600586,tg_voices_uk
3.6361666666666665,normalized_per_item_best,d3754eb4100330cb,2.894218921661377,4.4588422775268555,4.02974796295166,4.615840911865234,3.4338912963867188,4.784531116485596,3.7998952865600586,tg_voices_uk
5.086833333333334,normalized_original,827fe93c88e27b5b,3.908870220184326,3.82440185546875,3.8269622325897217,3.680828094482422,2.5803139209747314,3.2893714904785156,3.1484882831573486,tg_voices_uk
5.086833333333334,full_cascade,827fe93c88e27b5b,3.7244625091552734,4.2635931968688965,3.4879512786865234,4.5399274826049805,2.982578754425049,4.821575164794922,3.941685199737549,tg_voices_uk
5.086833333333334,normalized_per_item_best,827fe93c88e27b5b,3.7244625091552734,4.2635931968688965,3.4879512786865234,4.5399274826049805,2.982578754425049,4.821575164794922,3.941685199737549,tg_voices_uk
2.7453333333333334,normalized_original,86a39f7f2712239b,3.6411542892456055,3.561204433441162,3.5563220977783203,3.8159070014953613,3.2519116401672363,3.634154796600342,3.821354866027832,tg_voices_uk
2.7453333333333334,full_cascade,86a39f7f2712239b,3.578308343887329,4.416682720184326,4.161491870880127,4.6230268478393555,2.964588165283203,4.271389484405518,3.6319315433502197,tg_voices_uk
2.7453333333333334,normalized_per_item_best,86a39f7f2712239b,3.6411542892456055,3.561204433441162,3.5563220977783203,3.8159070014953613,3.2519116401672363,3.634154796600342,3.821354866027832,tg_voices_uk
8.0735,normalized_original,568b4a5c107767da,3.6360669136047363,4.222207069396973,3.9655184745788574,3.554452419281006,3.120694160461426,4.023258209228516,3.605238199234009,tg_voices_uk
8.0735,full_cascade,568b4a5c107767da,3.5871975421905518,4.356690406799316,4.726375579833984,4.625507354736328,3.7662839889526367,4.621302127838135,4.102572441101074,tg_voices_uk
8.0735,normalized_per_item_best,568b4a5c107767da,3.5871975421905518,4.356690406799316,4.726375579833984,4.625507354736328,3.7662839889526367,4.621302127838135,4.102572441101074,tg_voices_uk
8.0735,normalized_per_item_best_ge3_5,568b4a5c107767da,3.5871975421905518,4.356690406799316,4.726375579833984,4.625507354736328,3.7662839889526367,4.621302127838135,4.102572441101074,tg_voices_uk
2.3721666666666668,normalized_original,69241b4e5656715f,3.068472385406494,4.851241588592529,3.3841540813446045,3.2530744075775146,2.151945114135742,3.1964378356933594,2.309513807296753,tg_voices_uk
2.3721666666666668,full_cascade,69241b4e5656715f,4.416031360626221,4.7748565673828125,3.513695478439331,4.709655284881592,3.304241895675659,4.347114562988281,3.689021348953247,tg_voices_uk
2.3721666666666668,normalized_per_item_best,69241b4e5656715f,4.416031360626221,4.7748565673828125,3.513695478439331,4.709655284881592,3.304241895675659,4.347114562988281,3.689021348953247,tg_voices_uk
2.1413333333333333,normalized_original,803122a38c01d1fb,2.3946754932403564,4.427224159240723,3.758244514465332,3.3382644653320312,2.17924427986145,3.7322757244110107,2.6428351402282715,tg_voices_uk
2.1413333333333333,full_cascade,803122a38c01d1fb,3.1991305351257324,4.198992729187012,4.235139846801758,4.003215789794922,2.8951542377471924,4.761024475097656,3.4887681007385254,tg_voices_uk
2.1413333333333333,normalized_per_item_best,803122a38c01d1fb,3.1991305351257324,4.198992729187012,4.235139846801758,4.003215789794922,2.8951542377471924,4.761024475097656,3.4887681007385254,tg_voices_uk
2.9135,normalized_original,e8ae32ee9004fd33,3.0099213123321533,4.6789751052856445,2.9870710372924805,2.5289037227630615,2.4987146854400635,3.6115264892578125,2.8675551414489746,tg_voices_uk
2.9135,full_cascade,e8ae32ee9004fd33,2.989736795425415,3.8017005920410156,3.7048110961914062,4.035588264465332,2.8059256076812744,4.040571212768555,3.227349281311035,tg_voices_uk
2.9135,normalized_per_item_best,e8ae32ee9004fd33,2.989736795425415,3.8017005920410156,3.7048110961914062,4.035588264465332,2.8059256076812744,4.040571212768555,3.227349281311035,tg_voices_uk
4.9735,normalized_original,27789ef0611f2091,3.9362130165100098,4.240797996520996,3.4436299800872803,3.633836269378662,3.1108031272888184,3.478828191757202,3.797626256942749,tg_voices_uk
4.9735,full_cascade,27789ef0611f2091,3.3313984870910645,4.413128852844238,3.6025922298431396,4.190537452697754,3.5602145195007324,4.246518611907959,4.042712211608887,tg_voices_uk
4.9735,normalized_per_item_best,27789ef0611f2091,3.3313984870910645,4.413128852844238,3.6025922298431396,4.190537452697754,3.5602145195007324,4.246518611907959,4.042712211608887,tg_voices_uk
4.9735,normalized_per_item_best_ge3_5,27789ef0611f2091,3.3313984870910645,4.413128852844238,3.6025922298431396,4.190537452697754,3.5602145195007324,4.246518611907959,4.042712211608887,tg_voices_uk
5.732,normalized_original,88bd598f008ff157,3.0779170989990234,3.608006238937378,3.301994562149048,4.031815528869629,2.759033203125,3.6190836429595947,3.183850049972534,tg_voices_uk
5.732,full_cascade,88bd598f008ff157,3.1848721504211426,3.8203301429748535,4.486016273498535,4.596992492675781,2.9933643341064453,4.263837814331055,3.510146379470825,tg_voices_uk
5.732,normalized_per_item_best,88bd598f008ff157,3.1848721504211426,3.8203301429748535,4.486016273498535,4.596992492675781,2.9933643341064453,4.263837814331055,3.510146379470825,tg_voices_uk
4.944166666666667,normalized_original,f823e7681f9fe225,3.3005871772766113,4.4000349044799805,3.85852313041687,3.6456446647644043,2.772672653198242,4.280513763427734,3.421400547027588,tg_voices_uk
4.944166666666667,full_cascade,f823e7681f9fe225,4.227572441101074,4.29821252822876,3.5324156284332275,4.454526901245117,3.703838586807251,4.462479591369629,4.720047950744629,tg_voices_uk
4.944166666666667,normalized_per_item_best,f823e7681f9fe225,4.227572441101074,4.29821252822876,3.5324156284332275,4.454526901245117,3.703838586807251,4.462479591369629,4.720047950744629,tg_voices_uk
4.944166666666667,normalized_per_item_best_ge3_5,f823e7681f9fe225,4.227572441101074,4.29821252822876,3.5324156284332275,4.454526901245117,3.703838586807251,4.462479591369629,4.720047950744629,tg_voices_uk
4.3935,normalized_original,62cc7bd36f68a298,3.0617945194244385,4.369541168212891,4.016409873962402,3.2177560329437256,2.639925003051758,3.375739097595215,3.0080206394195557,tg_voices_uk
4.3935,full_cascade,62cc7bd36f68a298,3.352787971496582,3.8119988441467285,3.4872899055480957,4.169706344604492,2.983062744140625,4.100977897644043,3.404069423675537,tg_voices_uk
4.3935,normalized_per_item_best,62cc7bd36f68a298,3.352787971496582,3.8119988441467285,3.4872899055480957,4.169706344604492,2.983062744140625,4.100977897644043,3.404069423675537,tg_voices_uk
5.48,normalized_original,2f3cba8d9f5c9c25,3.6566526889801025,3.906508445739746,3.3436179161071777,3.6717710494995117,3.001753807067871,3.3779962062835693,3.4016289710998535,tg_voices_uk
5.48,full_cascade,2f3cba8d9f5c9c25,3.8115310668945312,4.1712727546691895,3.843374252319336,4.413046836853027,3.1512768268585205,4.322094440460205,3.6962578296661377,tg_voices_uk
5.48,normalized_per_item_best,2f3cba8d9f5c9c25,3.8115310668945312,4.1712727546691895,3.843374252319336,4.413046836853027,3.1512768268585205,4.322094440460205,3.6962578296661377,tg_voices_uk
2.030666666666667,normalized_original,a38f4072312baa2e,3.1757750511169434,4.643335342407227,4.243051052093506,4.059915542602539,3.205691337585449,3.9121334552764893,3.613459587097168,tg_voices_uk
2.030666666666667,full_cascade,a38f4072312baa2e,3.672792673110962,3.973642110824585,3.518798828125,4.843680381774902,3.079655170440674,3.9687771797180176,3.5335052013397217,tg_voices_uk
2.030666666666667,normalized_per_item_best,a38f4072312baa2e,3.1757750511169434,4.643335342407227,4.243051052093506,4.059915542602539,3.205691337585449,3.9121334552764893,3.613459587097168,tg_voices_uk
2.3935,normalized_original,9f0cc5c4c74e219b,3.985114574432373,4.143000602722168,3.523132085800171,3.137146234512329,2.9405980110168457,3.742405414581299,3.2928473949432373,tg_voices_uk
2.3935,full_cascade,9f0cc5c4c74e219b,3.330749988555908,4.650634765625,3.920905590057373,4.4207353591918945,2.8660755157470703,4.247557163238525,3.2446086406707764,tg_voices_uk
2.3935,normalized_per_item_best,9f0cc5c4c74e219b,3.985114574432373,4.143000602722168,3.523132085800171,3.137146234512329,2.9405980110168457,3.742405414581299,3.2928473949432373,tg_voices_uk
2.0135,normalized_original,31ece5d3b9b634c7,3.7230069637298584,4.595571994781494,3.5140221118927,3.8548641204833984,3.408097982406616,4.586471080780029,3.9633400440216064,tg_voices_uk
2.0135,full_cascade,31ece5d3b9b634c7,3.6567397117614746,4.103654861450195,3.3679704666137695,3.584501028060913,3.493297815322876,4.466546058654785,3.8818044662475586,tg_voices_uk
2.0135,normalized_per_item_best,31ece5d3b9b634c7,3.6567397117614746,4.103654861450195,3.3679704666137695,3.584501028060913,3.493297815322876,4.466546058654785,3.8818044662475586,tg_voices_uk
2.009333333333333,normalized_original,448c7cee04bfa8cd,3.247857093811035,4.283661365509033,4.091632843017578,3.2988522052764893,2.671588659286499,3.962026596069336,3.2456154823303223,tg_voices_uk
2.009333333333333,full_cascade,448c7cee04bfa8cd,3.6207635402679443,3.5495331287384033,3.4793291091918945,4.56697940826416,2.9992265701293945,4.616568565368652,3.5745317935943604,tg_voices_uk
2.009333333333333,normalized_per_item_best,448c7cee04bfa8cd,3.6207635402679443,3.5495331287384033,3.4793291091918945,4.56697940826416,2.9992265701293945,4.616568565368652,3.5745317935943604,tg_voices_uk
5.2575,normalized_original,593b1c8c69e1b8ce,3.587430953979492,4.748361587524414,3.8237507343292236,3.7777726650238037,3.1408796310424805,4.091092586517334,3.6898255348205566,tg_voices_uk
5.2575,full_cascade,593b1c8c69e1b8ce,3.2422399520874023,4.114330291748047,4.103941917419434,4.495811939239502,3.3045780658721924,4.793719291687012,3.994837522506714,tg_voices_uk
5.2575,normalized_per_item_best,593b1c8c69e1b8ce,3.2422399520874023,4.114330291748047,4.103941917419434,4.495811939239502,3.3045780658721924,4.793719291687012,3.994837522506714,tg_voices_uk
7.2735,normalized_original,51d1c15b3e70b3a4,3.2613766193389893,4.378233909606934,4.053668975830078,3.2376461029052734,2.6494219303131104,3.7795655727386475,3.001063346862793,tg_voices_uk
7.2735,full_cascade,51d1c15b3e70b3a4,3.6218180656433105,3.8176589012145996,4.301966667175293,4.357184410095215,3.441636085510254,4.375824928283691,3.64632248878479,tg_voices_uk
7.2735,normalized_per_item_best,51d1c15b3e70b3a4,3.6218180656433105,3.8176589012145996,4.301966667175293,4.357184410095215,3.441636085510254,4.375824928283691,3.64632248878479,tg_voices_uk
2.4146666666666667,normalized_original,bfba3cb5e21bbd3a,3.002669334411621,4.535550117492676,3.519925594329834,3.3749802112579346,2.7043633460998535,3.363327741622925,3.476083755493164,tg_voices_uk
2.4146666666666667,full_cascade,bfba3cb5e21bbd3a,2.6948330402374268,4.386379241943359,4.269762992858887,3.986368179321289,2.416720151901245,4.837618827819824,3.1940908432006836,tg_voices_uk
2.4146666666666667,normalized_per_item_best,bfba3cb5e21bbd3a,3.002669334411621,4.535550117492676,3.519925594329834,3.3749802112579346,2.7043633460998535,3.363327741622925,3.476083755493164,tg_voices_uk
5.6535,normalized_original,962c90bf6df6db11,3.0781052112579346,4.635795593261719,3.0767476558685303,2.5762336254119873,2.3451011180877686,3.0992820262908936,2.659318447113037,tg_voices_uk
5.6535,full_cascade,962c90bf6df6db11,3.455977439880371,4.557762145996094,3.3209729194641113,4.279147624969482,3.1263203620910645,4.8502197265625,3.923800230026245,tg_voices_uk
5.6535,normalized_per_item_best,962c90bf6df6db11,3.455977439880371,4.557762145996094,3.3209729194641113,4.279147624969482,3.1263203620910645,4.8502197265625,3.923800230026245,tg_voices_uk
2.1413333333333333,normalized_original,4a499ff6ee15bc09,3.580936908721924,3.8483638763427734,4.057620525360107,3.924142360687256,3.301347017288208,3.3669300079345703,3.731509208679199,tg_voices_uk
2.1413333333333333,full_cascade,4a499ff6ee15bc09,3.6175272464752197,4.596606254577637,4.751917362213135,4.047536849975586,3.6612751483917236,4.727112770080566,4.132809638977051,tg_voices_uk
2.1413333333333333,normalized_per_item_best,4a499ff6ee15bc09,3.6175272464752197,4.596606254577637,4.751917362213135,4.047536849975586,3.6612751483917236,4.727112770080566,4.132809638977051,tg_voices_uk
2.1413333333333333,normalized_per_item_best_ge3_5,4a499ff6ee15bc09,3.6175272464752197,4.596606254577637,4.751917362213135,4.047536849975586,3.6612751483917236,4.727112770080566,4.132809638977051,tg_voices_uk
5.4735,normalized_original,1bb191727cf865aa,3.281545877456665,4.381648540496826,4.1238508224487305,2.9776806831359863,2.3132171630859375,4.262779235839844,3.047854423522949,tg_voices_uk
5.4735,full_cascade,1bb191727cf865aa,3.6558918952941895,3.9771547317504883,4.474143981933594,4.149289131164551,2.9313931465148926,4.5833234786987305,3.337554693222046,tg_voices_uk
5.4735,normalized_per_item_best,1bb191727cf865aa,3.6558918952941895,3.9771547317504883,4.474143981933594,4.149289131164551,2.9313931465148926,4.5833234786987305,3.337554693222046,tg_voices_uk
4.978666666666666,normalized_original,7afbfeda4a1943d5,3.8605945110321045,4.487414360046387,3.8746938705444336,4.646644115447998,3.5094854831695557,4.064962387084961,4.066649436950684,tg_voices_uk
4.978666666666666,full_cascade,7afbfeda4a1943d5,3.9587957859039307,4.2405266761779785,4.1342668533325195,4.489213943481445,3.5620739459991455,4.800984859466553,3.9879236221313477,tg_voices_uk
4.978666666666666,normalized_per_item_best,7afbfeda4a1943d5,3.9587957859039307,4.2405266761779785,4.1342668533325195,4.489213943481445,3.5620739459991455,4.800984859466553,3.9879236221313477,tg_voices_uk
4.978666666666666,normalized_per_item_best_ge3_5,7afbfeda4a1943d5,3.9587957859039307,4.2405266761779785,4.1342668533325195,4.489213943481445,3.5620739459991455,4.800984859466553,3.9879236221313477,tg_voices_uk
2.12,normalized_original,5b3899af8f752319,4.41031551361084,4.631962776184082,4.027822494506836,4.574397087097168,3.326416254043579,4.696189880371094,4.308791160583496,tg_voices_uk
2.12,full_cascade,5b3899af8f752319,3.444641351699829,4.221565246582031,4.1508989334106445,4.190193176269531,3.1385557651519775,4.478548049926758,4.428618431091309,tg_voices_uk
2.12,normalized_per_item_best,5b3899af8f752319,4.41031551361084,4.631962776184082,4.027822494506836,4.574397087097168,3.326416254043579,4.696189880371094,4.308791160583496,tg_voices_uk
7.3335,normalized_original,6e233d493552ff0e,3.6712687015533447,4.9228925704956055,3.7100841999053955,4.69061279296875,3.6035878658294678,3.425959348678589,3.8295326232910156,tg_voices_uk
7.3335,full_cascade,6e233d493552ff0e,3.33528995513916,4.175516128540039,4.012529373168945,4.5287370681762695,2.9632575511932373,4.253594875335693,3.3339664936065674,tg_voices_uk
7.3335,normalized_per_item_best,6e233d493552ff0e,3.6712687015533447,4.9228925704956055,3.7100841999053955,4.69061279296875,3.6035878658294678,3.425959348678589,3.8295326232910156,tg_voices_uk
7.3335,normalized_per_item_best_ge3_5,6e233d493552ff0e,3.6712687015533447,4.9228925704956055,3.7100841999053955,4.69061279296875,3.6035878658294678,3.425959348678589,3.8295326232910156,tg_voices_uk
3.5935,normalized_original,874ee0fbe04650eb,3.911212682723999,4.717409610748291,3.827425479888916,3.120941638946533,3.16434645652771,4.309608459472656,4.002925872802734,tg_voices_uk
3.5935,full_cascade,874ee0fbe04650eb,3.725532293319702,4.292675971984863,4.117038726806641,4.240349769592285,3.5608127117156982,4.43326473236084,4.14666748046875,tg_voices_uk
3.5935,normalized_per_item_best,874ee0fbe04650eb,3.725532293319702,4.292675971984863,4.117038726806641,4.240349769592285,3.5608127117156982,4.43326473236084,4.14666748046875,tg_voices_uk
3.5935,normalized_per_item_best_ge3_5,874ee0fbe04650eb,3.725532293319702,4.292675971984863,4.117038726806641,4.240349769592285,3.5608127117156982,4.43326473236084,4.14666748046875,tg_voices_uk
2.4146666666666667,normalized_original,a65b7736466b6639,3.146998643875122,3.567363739013672,3.945713758468628,3.728576183319092,2.643812656402588,4.23723030090332,3.0591444969177246,tg_voices_uk
2.4146666666666667,full_cascade,a65b7736466b6639,3.026892900466919,3.9422764778137207,3.7894043922424316,3.9412155151367188,2.7895052433013916,4.499429702758789,3.2862465381622314,tg_voices_uk
2.4146666666666667,normalized_per_item_best,a65b7736466b6639,3.026892900466919,3.9422764778137207,3.7894043922424316,3.9412155151367188,2.7895052433013916,4.499429702758789,3.2862465381622314,tg_voices_uk
2.28,normalized_original,71c2601a98290420,3.452071189880371,4.494621276855469,4.015259742736816,3.6774075031280518,3.223005771636963,4.431352615356445,3.7719273567199707,tg_voices_uk
2.28,full_cascade,71c2601a98290420,3.4285712242126465,4.122738838195801,3.789173126220703,4.186180591583252,2.9036715030670166,4.277068138122559,3.4123103618621826,tg_voices_uk
2.28,normalized_per_item_best,71c2601a98290420,3.452071189880371,4.494621276855469,4.015259742736816,3.6774075031280518,3.223005771636963,4.431352615356445,3.7719273567199707,tg_voices_uk
8.0535,normalized_original,ee1bcfca55685f89,3.761373281478882,3.844186782836914,4.289726257324219,3.5992348194122314,2.91841197013855,4.157595634460449,3.2828526496887207,tg_voices_uk
8.0535,full_cascade,ee1bcfca55685f89,3.9889707565307617,4.003230094909668,4.20295524597168,4.119674205780029,3.708209276199341,4.722714424133301,4.236865997314453,tg_voices_uk
8.0535,normalized_per_item_best,ee1bcfca55685f89,3.9889707565307617,4.003230094909668,4.20295524597168,4.119674205780029,3.708209276199341,4.722714424133301,4.236865997314453,tg_voices_uk
8.0535,normalized_per_item_best_ge3_5,ee1bcfca55685f89,3.9889707565307617,4.003230094909668,4.20295524597168,4.119674205780029,3.708209276199341,4.722714424133301,4.236865997314453,tg_voices_uk
4.274666666666667,normalized_original,688ca135f008a4bb,3.5904977321624756,4.094283103942871,3.7539541721343994,3.5044472217559814,2.7434427738189697,3.154686212539673,3.227550745010376,tg_voices_uk
4.274666666666667,full_cascade,688ca135f008a4bb,3.089468479156494,3.351128101348877,4.189266204833984,3.9728763103485107,3.0469226837158203,4.455636501312256,3.2972795963287354,tg_voices_uk
4.274666666666667,normalized_per_item_best,688ca135f008a4bb,3.089468479156494,3.351128101348877,4.189266204833984,3.9728763103485107,3.0469226837158203,4.455636501312256,3.2972795963287354,tg_voices_uk
7.982666666666667,normalized_original,3dce096c4a44842f,3.5589847564697266,4.052453994750977,4.1934404373168945,3.483985185623169,2.679737091064453,4.23307991027832,3.134155035018921,tg_voices_uk
7.982666666666667,full_cascade,3dce096c4a44842f,3.623272657394409,4.075448989868164,4.138864517211914,4.186996936798096,3.311289072036743,4.608968734741211,3.9584336280822754,tg_voices_uk
7.982666666666667,normalized_per_item_best,3dce096c4a44842f,3.623272657394409,4.075448989868164,4.138864517211914,4.186996936798096,3.311289072036743,4.608968734741211,3.9584336280822754,tg_voices_uk
2.4335,normalized_original,f6175f23c57e2bd0,4.1845197677612305,4.456274032592773,4.114466667175293,2.926311492919922,3.0252442359924316,4.316616058349609,3.585190534591675,tg_voices_uk
2.4335,full_cascade,f6175f23c57e2bd0,3.1335396766662598,3.866580009460449,3.60368013381958,4.143253326416016,3.332149028778076,4.217371940612793,3.868565559387207,tg_voices_uk
2.4335,normalized_per_item_best,f6175f23c57e2bd0,3.1335396766662598,3.866580009460449,3.60368013381958,4.143253326416016,3.332149028778076,4.217371940612793,3.868565559387207,tg_voices_uk
4.466833333333334,normalized_original,fae330cef3ec5625,3.7638094425201416,4.001280784606934,3.874175786972046,4.010474681854248,3.11055064201355,3.4998950958251953,3.5179755687713623,tg_voices_uk
4.466833333333334,full_cascade,fae330cef3ec5625,4.132845878601074,3.8905527591705322,4.1487884521484375,4.395963668823242,3.703134536743164,4.101556301116943,4.139270782470703,tg_voices_uk
4.466833333333334,normalized_per_item_best,fae330cef3ec5625,4.132845878601074,3.8905527591705322,4.1487884521484375,4.395963668823242,3.703134536743164,4.101556301116943,4.139270782470703,tg_voices_uk
4.466833333333334,normalized_per_item_best_ge3_5,fae330cef3ec5625,4.132845878601074,3.8905527591705322,4.1487884521484375,4.395963668823242,3.703134536743164,4.101556301116943,4.139270782470703,tg_voices_uk
2.6826666666666665,normalized_original,68560aaf280b0585,3.0508179664611816,4.321793079376221,3.8914096355438232,3.553558111190796,3.153090000152588,3.748708724975586,3.5766067504882812,tg_voices_uk
2.6826666666666665,full_cascade,68560aaf280b0585,3.4870338439941406,4.65077018737793,4.1919755935668945,4.381556510925293,3.700507879257202,4.3678131103515625,4.310705184936523,tg_voices_uk
2.6826666666666665,normalized_per_item_best,68560aaf280b0585,3.4870338439941406,4.65077018737793,4.1919755935668945,4.381556510925293,3.700507879257202,4.3678131103515625,4.310705184936523,tg_voices_uk
2.6826666666666665,normalized_per_item_best_ge3_5,68560aaf280b0585,3.4870338439941406,4.65077018737793,4.1919755935668945,4.381556510925293,3.700507879257202,4.3678131103515625,4.310705184936523,tg_voices_uk
2.5853333333333333,normalized_original,4558986978112bdc,2.955888032913208,3.5570263862609863,3.965567111968994,3.018407106399536,2.510378360748291,3.850663423538208,3.000586748123169,tg_voices_uk
2.5853333333333333,full_cascade,4558986978112bdc,3.8066022396087646,3.763740301132202,4.189394950866699,3.9979407787323,3.405768394470215,4.519186973571777,3.72896409034729,tg_voices_uk
2.5853333333333333,normalized_per_item_best,4558986978112bdc,3.8066022396087646,3.763740301132202,4.189394950866699,3.9979407787323,3.405768394470215,4.519186973571777,3.72896409034729,tg_voices_uk
3.364,normalized_original,015ce2877dca09b6,3.007242202758789,4.149405479431152,3.0936059951782227,3.064880132675171,2.7378969192504883,3.0588581562042236,3.433567523956299,tg_voices_uk
3.364,full_cascade,015ce2877dca09b6,3.756742238998413,4.130683898925781,3.1125576496124268,4.066578388214111,2.9343318939208984,4.526876449584961,3.251836061477661,tg_voices_uk
3.364,normalized_per_item_best,015ce2877dca09b6,3.756742238998413,4.130683898925781,3.1125576496124268,4.066578388214111,2.9343318939208984,4.526876449584961,3.251836061477661,tg_voices_uk
2.0535,normalized_original,0494a2a8da2ae831,3.413848876953125,4.362112998962402,3.8817405700683594,3.3119285106658936,2.7189953327178955,3.2862253189086914,3.2183408737182617,tg_voices_uk
2.0535,full_cascade,0494a2a8da2ae831,3.524224042892456,3.8553402423858643,4.259648323059082,4.581322193145752,3.515394926071167,4.527907371520996,3.539735794067383,tg_voices_uk
2.0535,normalized_per_item_best,0494a2a8da2ae831,3.524224042892456,3.8553402423858643,4.259648323059082,4.581322193145752,3.515394926071167,4.527907371520996,3.539735794067383,tg_voices_uk
2.0535,normalized_per_item_best_ge3_5,0494a2a8da2ae831,3.524224042892456,3.8553402423858643,4.259648323059082,4.581322193145752,3.515394926071167,4.527907371520996,3.539735794067383,tg_voices_uk
3.208,normalized_original,1d1a2eb127fef6c1,3.960284948348999,4.149245262145996,4.078415870666504,3.923283576965332,3.0941977500915527,4.660294532775879,3.6275057792663574,tg_voices_uk
3.208,full_cascade,1d1a2eb127fef6c1,2.736924171447754,3.6766769886016846,3.703230381011963,3.960826873779297,2.960742235183716,4.267687797546387,3.2203903198242188,tg_voices_uk
3.208,normalized_per_item_best,1d1a2eb127fef6c1,3.960284948348999,4.149245262145996,4.078415870666504,3.923283576965332,3.0941977500915527,4.660294532775879,3.6275057792663574,tg_voices_uk
2.973333333333333,normalized_original,b1147de288dda47b,3.4855499267578125,4.24892520904541,4.361775875091553,3.6541130542755127,2.5809895992279053,4.4705400466918945,3.7326016426086426,tg_voices_uk
2.973333333333333,full_cascade,b1147de288dda47b,3.3640823364257812,4.148961067199707,4.014710426330566,4.396073818206787,3.033618927001953,4.086167335510254,3.7623488903045654,tg_voices_uk
2.973333333333333,normalized_per_item_best,b1147de288dda47b,3.3640823364257812,4.148961067199707,4.014710426330566,4.396073818206787,3.033618927001953,4.086167335510254,3.7623488903045654,tg_voices_uk
2.3135,normalized_original,c5bc392fbdf84ad7,4.279207229614258,4.524809837341309,3.7209584712982178,4.339149475097656,3.132662534713745,3.472531795501709,4.232816696166992,tg_voices_uk
2.3135,full_cascade,c5bc392fbdf84ad7,3.8754382133483887,4.2797136306762695,3.903381824493408,4.260193824768066,3.0395524501800537,4.792680740356445,3.630527973175049,tg_voices_uk
2.3135,normalized_per_item_best,c5bc392fbdf84ad7,4.279207229614258,4.524809837341309,3.7209584712982178,4.339149475097656,3.132662534713745,3.472531795501709,4.232816696166992,tg_voices_uk
6.632,normalized_original,91e27cdcc0bb2033,3.1488654613494873,4.058890342712402,3.8782639503479004,3.961421251296997,2.797187566757202,4.028106212615967,3.430201292037964,tg_voices_uk
6.632,full_cascade,91e27cdcc0bb2033,3.6747374534606934,4.198431968688965,4.257189750671387,4.542356491088867,3.314828395843506,3.6549272537231445,3.6140050888061523,tg_voices_uk
6.632,normalized_per_item_best,91e27cdcc0bb2033,3.6747374534606934,4.198431968688965,4.257189750671387,4.542356491088867,3.314828395843506,3.6549272537231445,3.6140050888061523,tg_voices_uk
2.4186666666666667,normalized_original,ad387df59a236c45,4.47742223739624,3.7297704219818115,2.262970209121704,3.6430423259735107,3.045642375946045,3.089967727661133,3.535186529159546,tg_voices_uk
2.4186666666666667,full_cascade,ad387df59a236c45,3.066707134246826,3.5362937450408936,3.104215145111084,3.975883960723877,2.527006149291992,4.134838104248047,2.83039927482605,tg_voices_uk
2.4186666666666667,normalized_per_item_best,ad387df59a236c45,4.47742223739624,3.7297704219818115,2.262970209121704,3.6430423259735107,3.045642375946045,3.089967727661133,3.535186529159546,tg_voices_uk
2.013333333333333,normalized_original,69a34776de65ca8e,3.939431667327881,3.9205760955810547,3.823960542678833,4.509653091430664,3.216999053955078,4.51413106918335,3.433708429336548,tg_voices_uk
2.013333333333333,full_cascade,69a34776de65ca8e,3.590881824493408,3.932648181915283,3.5778868198394775,4.610617637634277,3.4423046112060547,4.196949005126953,4.171277046203613,tg_voices_uk
2.013333333333333,normalized_per_item_best,69a34776de65ca8e,3.590881824493408,3.932648181915283,3.5778868198394775,4.610617637634277,3.4423046112060547,4.196949005126953,4.171277046203613,tg_voices_uk
2.8135,normalized_original,34a7195683ba3c42,3.5909721851348877,4.4408369064331055,4.342923641204834,3.5796358585357666,2.9739887714385986,3.9634320735931396,3.3786494731903076,tg_voices_uk
2.8135,full_cascade,34a7195683ba3c42,3.4474294185638428,3.9490857124328613,4.465143203735352,4.434737205505371,3.1361162662506104,4.367554664611816,3.6398191452026367,tg_voices_uk
2.8135,normalized_per_item_best,34a7195683ba3c42,3.4474294185638428,3.9490857124328613,4.465143203735352,4.434737205505371,3.1361162662506104,4.367554664611816,3.6398191452026367,tg_voices_uk
2.1053333333333333,normalized_original,b1b5312393f01c46,4.007910251617432,4.313783645629883,3.507922887802124,4.435038089752197,3.5099966526031494,4.032924652099609,4.308358192443848,tg_voices_uk
2.1053333333333333,full_cascade,b1b5312393f01c46,2.922948122024536,4.054014205932617,3.9034900665283203,4.150572776794434,3.1915762424468994,4.5032806396484375,3.968247413635254,tg_voices_uk
2.1053333333333333,normalized_per_item_best,b1b5312393f01c46,4.007910251617432,4.313783645629883,3.507922887802124,4.435038089752197,3.5099966526031494,4.032924652099609,4.308358192443848,tg_voices_uk
2.1053333333333333,normalized_per_item_best_ge3_5,b1b5312393f01c46,4.007910251617432,4.313783645629883,3.507922887802124,4.435038089752197,3.5099966526031494,4.032924652099609,4.308358192443848,tg_voices_uk
2.95525,normalized_original,3d266a831e90d335,3.6204423904418945,3.8983492851257324,3.5198535919189453,2.979274034500122,2.496616840362549,3.1378908157348633,3.0690019130706787,ua_ser
2.95525,full_cascade,3d266a831e90d335,3.7601568698883057,3.710728883743286,4.326056480407715,3.738097667694092,2.7481529712677,4.379755020141602,3.368945837020874,ua_ser
2.95525,normalized_per_item_best,3d266a831e90d335,3.7601568698883057,3.710728883743286,4.326056480407715,3.738097667694092,2.7481529712677,4.379755020141602,3.368945837020874,ua_ser
2.803625,normalized_original,9f745e229d10784b,3.603994607925415,3.7817986011505127,3.5584170818328857,3.810410737991333,3.0470104217529297,3.94488525390625,3.3838987350463867,ua_ser
2.803625,full_cascade,9f745e229d10784b,3.5297014713287354,4.220421314239502,3.7836968898773193,4.604816436767578,3.06230092048645,3.9556937217712402,3.416067600250244,ua_ser
2.803625,normalized_per_item_best,9f745e229d10784b,3.5297014713287354,4.220421314239502,3.7836968898773193,4.604816436767578,3.06230092048645,3.9556937217712402,3.416067600250244,ua_ser
2.304,normalized_original,a78886575d348f74,3.8780620098114014,3.5111496448516846,4.152933120727539,3.3074965476989746,2.2202415466308594,3.6917338371276855,2.8192102909088135,ua_ser
2.304,full_cascade,a78886575d348f74,2.9866459369659424,3.0798161029815674,3.4366230964660645,4.125432968139648,2.654374837875366,3.8673481941223145,3.075052499771118,ua_ser
2.304,normalized_per_item_best,a78886575d348f74,2.9866459369659424,3.0798161029815674,3.4366230964660645,4.125432968139648,2.654374837875366,3.8673481941223145,3.075052499771118,ua_ser
2.742,normalized_original,b4ee8d66216948ee,2.241508960723877,4.248636245727539,3.1449763774871826,2.1723246574401855,1.9429683685302734,3.260890007019043,2.580901622772217,ua_ser
2.742,full_cascade,b4ee8d66216948ee,2.8232884407043457,4.2172346115112305,4.2340803146362305,4.039565086364746,3.0724198818206787,4.244600772857666,3.510906457901001,ua_ser
2.742,normalized_per_item_best,b4ee8d66216948ee,2.8232884407043457,4.2172346115112305,4.2340803146362305,4.039565086364746,3.0724198818206787,4.244600772857666,3.510906457901001,ua_ser
2.3027083333333334,normalized_original,18087c3a908cfea9,3.2382171154022217,3.5213022232055664,3.037649393081665,2.2749502658843994,2.2304935455322266,3.709151029586792,3.3875598907470703,ua_ser
2.3027083333333334,full_cascade,18087c3a908cfea9,3.4435532093048096,4.439353942871094,4.046314239501953,4.5278472900390625,3.1499292850494385,4.561124801635742,3.8719282150268555,ua_ser
2.3027083333333334,normalized_per_item_best,18087c3a908cfea9,3.4435532093048096,4.439353942871094,4.046314239501953,4.5278472900390625,3.1499292850494385,4.561124801635742,3.8719282150268555,ua_ser
4.336833333333334,normalized_original,836387254fd4ca1a,4.008684158325195,4.774988651275635,3.9070236682891846,4.448168754577637,3.4219980239868164,4.735755920410156,3.8715665340423584,ua_ser
4.336833333333334,full_cascade,836387254fd4ca1a,3.1528210639953613,3.8450472354888916,4.472324371337891,4.016008377075195,3.068336248397827,4.266583442687988,3.779489517211914,ua_ser
4.336833333333334,normalized_per_item_best,836387254fd4ca1a,4.008684158325195,4.774988651275635,3.9070236682891846,4.448168754577637,3.4219980239868164,4.735755920410156,3.8715665340423584,ua_ser
2.548,normalized_original,0593e655648ddfad,3.3757665157318115,3.964010715484619,3.9847588539123535,3.6375861167907715,2.7955515384674072,4.328755855560303,2.8979363441467285,ua_ser
2.548,full_cascade,0593e655648ddfad,3.209101676940918,3.75818133354187,4.090203285217285,3.587498188018799,3.0844779014587402,4.51617431640625,3.570469617843628,ua_ser
2.548,normalized_per_item_best,0593e655648ddfad,3.209101676940918,3.75818133354187,4.090203285217285,3.587498188018799,3.0844779014587402,4.51617431640625,3.570469617843628,ua_ser
3.67875,normalized_original,ca4f931206a8a29c,3.699537515640259,3.9468677043914795,3.4581620693206787,2.910245180130005,3.013472557067871,3.831279754638672,3.975390911102295,ua_ser
3.67875,full_cascade,ca4f931206a8a29c,3.2012298107147217,4.154482841491699,3.7597603797912598,4.585790157318115,3.3520917892456055,4.542367935180664,3.761753797531128,ua_ser
3.67875,normalized_per_item_best,ca4f931206a8a29c,3.2012298107147217,4.154482841491699,3.7597603797912598,4.585790157318115,3.3520917892456055,4.542367935180664,3.761753797531128,ua_ser
3.20625,normalized_original,a86527ce460d5853,3.3267385959625244,3.6082613468170166,3.1242783069610596,2.95206618309021,2.561866044998169,3.97493314743042,3.0463593006134033,ua_ser
3.20625,full_cascade,a86527ce460d5853,3.4395713806152344,3.7670791149139404,3.5654046535491943,4.457549571990967,3.3390965461730957,4.470024108886719,4.00192928314209,ua_ser
3.20625,normalized_per_item_best,a86527ce460d5853,3.4395713806152344,3.7670791149139404,3.5654046535491943,4.457549571990967,3.3390965461730957,4.470024108886719,4.00192928314209,ua_ser
3.3453333333333335,normalized_original,d34fe67295b53ab3,3.6821157932281494,3.1085572242736816,3.3389809131622314,1.7902336120605469,2.305320978164673,3.5961742401123047,2.8151350021362305,ua_ser
3.3453333333333335,full_cascade,d34fe67295b53ab3,3.3045177459716797,3.826474189758301,4.461065292358398,4.3134636878967285,3.076430320739746,3.959524631500244,3.87431263923645,ua_ser
3.3453333333333335,normalized_per_item_best,d34fe67295b53ab3,3.3045177459716797,3.826474189758301,4.461065292358398,4.3134636878967285,3.076430320739746,3.959524631500244,3.87431263923645,ua_ser
2.28125,normalized_original,6781c55f86ce67a0,3.6509287357330322,4.399838924407959,3.320650577545166,3.028195381164551,2.3895528316497803,3.0445470809936523,3.072251558303833,ua_ser
2.28125,full_cascade,6781c55f86ce67a0,3.7023229598999023,3.597607374191284,3.576382637023926,4.090426445007324,2.8165600299835205,3.8896450996398926,3.694467067718506,ua_ser
2.28125,normalized_per_item_best,6781c55f86ce67a0,3.7023229598999023,3.597607374191284,3.576382637023926,4.090426445007324,2.8165600299835205,3.8896450996398926,3.694467067718506,ua_ser
2.818,normalized_original,9abe21701d8300f2,3.232550859451294,4.149774551391602,3.9650285243988037,3.435960292816162,2.949226140975952,4.451143264770508,3.4911694526672363,ua_ser
2.818,full_cascade,9abe21701d8300f2,3.156560182571411,4.244274139404297,4.225478172302246,4.6136064529418945,2.9805045127868652,4.678328037261963,3.4617385864257812,ua_ser
2.818,normalized_per_item_best,9abe21701d8300f2,3.156560182571411,4.244274139404297,4.225478172302246,4.6136064529418945,2.9805045127868652,4.678328037261963,3.4617385864257812,ua_ser
2.59375,normalized_original,5bdc248dbac9a5b6,3.329507350921631,4.110132217407227,3.0924675464630127,3.3489389419555664,2.825206756591797,3.281151294708252,3.0935795307159424,ua_ser
2.59375,full_cascade,5bdc248dbac9a5b6,3.590090274810791,3.925924062728882,4.051647186279297,4.2416791915893555,3.3731677532196045,3.983625888824463,3.7574524879455566,ua_ser
2.59375,normalized_per_item_best,5bdc248dbac9a5b6,3.590090274810791,3.925924062728882,4.051647186279297,4.2416791915893555,3.3731677532196045,3.983625888824463,3.7574524879455566,ua_ser
2.0248333333333335,normalized_original,70a9b8589969bf9e,2.9264230728149414,4.502163887023926,3.6817476749420166,3.97757887840271,2.511697769165039,3.9608113765716553,2.5922420024871826,ua_ser
2.0248333333333335,full_cascade,70a9b8589969bf9e,3.6889700889587402,3.9230594635009766,3.47119402885437,4.271940231323242,2.659687042236328,4.212029457092285,3.134350538253784,ua_ser
2.0248333333333335,normalized_per_item_best,70a9b8589969bf9e,3.6889700889587402,3.9230594635009766,3.47119402885437,4.271940231323242,2.659687042236328,4.212029457092285,3.134350538253784,ua_ser
3.072,normalized_original,ef6f31ec38e2ba31,3.137894868850708,4.222725868225098,3.089888095855713,3.1782455444335938,2.138718605041504,3.7525272369384766,2.29042649269104,ua_ser
3.072,full_cascade,ef6f31ec38e2ba31,3.153716564178467,3.418091058731079,3.5524704456329346,4.27930212020874,2.8794031143188477,4.588875770568848,3.4817497730255127,ua_ser
3.072,normalized_per_item_best,ef6f31ec38e2ba31,3.153716564178467,3.418091058731079,3.5524704456329346,4.27930212020874,2.8794031143188477,4.588875770568848,3.4817497730255127,ua_ser
2.51525,normalized_original,58b5f26093b11b52,3.633531093597412,3.8442728519439697,3.1404459476470947,3.0121147632598877,2.572118043899536,3.518869400024414,3.0591256618499756,ua_ser
2.51525,full_cascade,58b5f26093b11b52,3.8230056762695312,3.04858136177063,3.5669984817504883,4.257636547088623,2.7717018127441406,3.4538586139678955,3.5150625705718994,ua_ser
2.51525,normalized_per_item_best,58b5f26093b11b52,3.8230056762695312,3.04858136177063,3.5669984817504883,4.257636547088623,2.7717018127441406,3.4538586139678955,3.5150625705718994,ua_ser
2.18,normalized_original,aac5ba3d4c7f0b02,3.515580892562866,3.143354892730713,3.6060314178466797,3.4754178524017334,2.505479574203491,3.866823673248291,2.735896348953247,ua_ser
2.18,full_cascade,aac5ba3d4c7f0b02,3.3876724243164062,3.321284532546997,4.595722198486328,3.6017963886260986,2.462193012237549,3.8244471549987793,2.664578676223755,ua_ser
2.18,normalized_per_item_best,aac5ba3d4c7f0b02,3.515580892562866,3.143354892730713,3.6060314178466797,3.4754178524017334,2.505479574203491,3.866823673248291,2.735896348953247,ua_ser
4.0244583333333335,normalized_original,58eee0eb0e5d10fd,3.2260231971740723,4.392033100128174,3.1210100650787354,2.3383045196533203,2.5455353260040283,3.6700170040130615,3.069088935852051,ua_ser
4.0244583333333335,full_cascade,58eee0eb0e5d10fd,4.209542274475098,4.598545074462891,4.551787376403809,4.540406227111816,3.38637375831604,4.621880531311035,4.11686897277832,ua_ser
4.0244583333333335,normalized_per_item_best,58eee0eb0e5d10fd,4.209542274475098,4.598545074462891,4.551787376403809,4.540406227111816,3.38637375831604,4.621880531311035,4.11686897277832,ua_ser
3.1017083333333333,normalized_original,3114b59a1dddc877,3.6281137466430664,4.191858768463135,3.316882848739624,3.9065513610839844,2.8119747638702393,3.9612064361572266,3.2780208587646484,ua_ser
3.1017083333333333,full_cascade,3114b59a1dddc877,4.036338806152344,3.928762197494507,3.756542444229126,4.156185626983643,3.649561643600464,4.512482166290283,3.9795031547546387,ua_ser
3.1017083333333333,normalized_per_item_best,3114b59a1dddc877,4.036338806152344,3.928762197494507,3.756542444229126,4.156185626983643,3.649561643600464,4.512482166290283,3.9795031547546387,ua_ser
3.1017083333333333,normalized_per_item_best_ge3_5,3114b59a1dddc877,4.036338806152344,3.928762197494507,3.756542444229126,4.156185626983643,3.649561643600464,4.512482166290283,3.9795031547546387,ua_ser
2.432,normalized_original,d5dd48a9b47cae15,3.15012788772583,2.281101703643799,3.4467310905456543,3.2812819480895996,1.864689826965332,3.9660158157348633,2.346554756164551,ua_ser
2.432,full_cascade,d5dd48a9b47cae15,3.1697449684143066,3.863866090774536,3.567136287689209,3.7140979766845703,2.938494920730591,4.278923988342285,3.817866325378418,ua_ser
2.432,normalized_per_item_best,d5dd48a9b47cae15,3.1697449684143066,3.863866090774536,3.567136287689209,3.7140979766845703,2.938494920730591,4.278923988342285,3.817866325378418,ua_ser
2.180625,normalized_original,0782b89dc09f07ca,3.423527479171753,3.57802414894104,3.4695446491241455,2.102743148803711,2.2197494506835938,3.4842710494995117,3.04607892036438,ua_ser
2.180625,full_cascade,0782b89dc09f07ca,3.5794785022735596,3.979229211807251,2.927992820739746,4.317625999450684,2.890255928039551,3.4887168407440186,3.4399056434631348,ua_ser
2.180625,normalized_per_item_best,0782b89dc09f07ca,3.5794785022735596,3.979229211807251,2.927992820739746,4.317625999450684,2.890255928039551,3.4887168407440186,3.4399056434631348,ua_ser
2.55425,normalized_original,4fa0c8aa9fbd58a8,3.0447657108306885,3.5651824474334717,2.863081216812134,2.6382596492767334,2.110673189163208,3.0907251834869385,2.6742162704467773,ua_ser
2.55425,full_cascade,4fa0c8aa9fbd58a8,3.24705171585083,2.6950747966766357,3.9290740489959717,4.363624572753906,2.596331834793091,4.183506488800049,2.692850112915039,ua_ser
2.55425,normalized_per_item_best,4fa0c8aa9fbd58a8,3.24705171585083,2.6950747966766357,3.9290740489959717,4.363624572753906,2.596331834793091,4.183506488800049,2.692850112915039,ua_ser
2.432,normalized_original,7ca79417ff847026,2.8797833919525146,3.098538398742676,3.363619565963745,2.6636440753936768,2.5619845390319824,2.845477342605591,2.7293519973754883,ua_ser
2.432,full_cascade,7ca79417ff847026,3.1305336952209473,4.002941131591797,4.1200127601623535,4.326939582824707,3.1482086181640625,4.417367935180664,3.7223198413848877,ua_ser
2.432,normalized_per_item_best,7ca79417ff847026,3.1305336952209473,4.002941131591797,4.1200127601623535,4.326939582824707,3.1482086181640625,4.417367935180664,3.7223198413848877,ua_ser
2.514,normalized_original,9b49305c687397b4,3.1285483837127686,3.991931915283203,2.8803024291992188,4.330761909484863,2.7743353843688965,3.522437810897827,3.07462477684021,ua_ser
2.514,full_cascade,9b49305c687397b4,2.981708288192749,4.06614875793457,2.6337060928344727,4.200349807739258,2.565776824951172,2.959275007247925,3.01606822013855,ua_ser
2.514,normalized_per_item_best,9b49305c687397b4,3.1285483837127686,3.991931915283203,2.8803024291992188,4.330761909484863,2.7743353843688965,3.522437810897827,3.07462477684021,ua_ser
2.581875,normalized_original,c0ff44009f1d582b,3.272015333175659,4.593594551086426,3.6065714359283447,3.8298227787017822,2.659520149230957,4.054944038391113,3.161651372909546,ua_ser
2.581875,full_cascade,c0ff44009f1d582b,3.6559760570526123,4.904265403747559,4.1224164962768555,4.536304473876953,3.5009071826934814,4.1874284744262695,4.189730644226074,ua_ser
2.581875,normalized_per_item_best,c0ff44009f1d582b,3.6559760570526123,4.904265403747559,4.1224164962768555,4.536304473876953,3.5009071826934814,4.1874284744262695,4.189730644226074,ua_ser
2.581875,normalized_per_item_best_ge3_5,c0ff44009f1d582b,3.6559760570526123,4.904265403747559,4.1224164962768555,4.536304473876953,3.5009071826934814,4.1874284744262695,4.189730644226074,ua_ser
3.416875,normalized_original,bd8ee5e7d31ae146,3.408519983291626,3.703399896621704,3.0152549743652344,3.6619417667388916,2.4179439544677734,2.5922980308532715,2.9210171699523926,ua_ser
3.416875,full_cascade,bd8ee5e7d31ae146,2.9960668087005615,3.7678728103637695,4.110245704650879,4.165995121002197,2.9459280967712402,4.040153503417969,3.3505444526672363,ua_ser
3.416875,normalized_per_item_best,bd8ee5e7d31ae146,2.9960668087005615,3.7678728103637695,4.110245704650879,4.165995121002197,2.9459280967712402,4.040153503417969,3.3505444526672363,ua_ser
2.6319583333333334,normalized_original,e4ea07bd6ff3d635,2.8395631313323975,3.5777246952056885,3.367016077041626,1.3993446826934814,1.8201446533203125,2.7307543754577637,2.983912467956543,ua_ser
2.6319583333333334,full_cascade,e4ea07bd6ff3d635,3.601440668106079,4.036223411560059,4.382473945617676,3.759392261505127,3.083693265914917,4.405767917633057,3.7044854164123535,ua_ser
2.6319583333333334,normalized_per_item_best,e4ea07bd6ff3d635,3.601440668106079,4.036223411560059,4.382473945617676,3.759392261505127,3.083693265914917,4.405767917633057,3.7044854164123535,ua_ser
2.153875,normalized_original,8bc611ba615a4311,3.2142727375030518,3.8786239624023438,2.992222547531128,3.399306535720825,2.428520679473877,3.316713333129883,2.643551826477051,ua_ser
2.153875,full_cascade,8bc611ba615a4311,3.6304752826690674,4.6268720626831055,4.115053176879883,4.608394145965576,3.086357831954956,3.9441282749176025,3.6202714443206787,ua_ser
2.153875,normalized_per_item_best,8bc611ba615a4311,3.6304752826690674,4.6268720626831055,4.115053176879883,4.608394145965576,3.086357831954956,3.9441282749176025,3.6202714443206787,ua_ser
2.3625,normalized_original,e333b6260ad8a588,2.9805150032043457,3.661074638366699,3.9020559787750244,3.695760726928711,2.8167965412139893,4.1296281814575195,3.1598708629608154,ua_ser
2.3625,full_cascade,e333b6260ad8a588,3.056668996810913,4.102234840393066,3.681443214416504,4.466587066650391,3.1556735038757324,4.142726421356201,3.8432483673095703,ua_ser
2.3625,normalized_per_item_best,e333b6260ad8a588,3.056668996810913,4.102234840393066,3.681443214416504,4.466587066650391,3.1556735038757324,4.142726421356201,3.8432483673095703,ua_ser
2.8015,normalized_original,7d10601c621333fb,3.672349452972412,4.356792449951172,3.906867504119873,3.3985989093780518,3.179034948348999,3.6616241931915283,3.6886849403381348,ua_ser
2.8015,full_cascade,7d10601c621333fb,3.2958202362060547,4.3042755126953125,4.2252936363220215,4.16503381729126,3.298203945159912,4.039305210113525,3.707172393798828,ua_ser
2.8015,normalized_per_item_best,7d10601c621333fb,3.2958202362060547,4.3042755126953125,4.2252936363220215,4.16503381729126,3.298203945159912,4.039305210113525,3.707172393798828,ua_ser
2.548125,normalized_original,43d91fefabe96223,3.4419472217559814,4.564422607421875,3.699399471282959,2.6157925128936768,2.097292900085449,3.063429594039917,3.354672431945801,ua_ser
2.548125,full_cascade,43d91fefabe96223,3.2445485591888428,3.5778303146362305,2.909342050552368,3.3930044174194336,2.101386308670044,3.4486260414123535,2.993130683898926,ua_ser
2.548125,normalized_per_item_best,43d91fefabe96223,3.2445485591888428,3.5778303146362305,2.909342050552368,3.3930044174194336,2.101386308670044,3.4486260414123535,2.993130683898926,ua_ser
2.33525,normalized_original,b22923f08cac12d4,3.483314275741577,4.6366987228393555,3.2231340408325195,2.385176420211792,2.504420757293701,3.6443161964416504,3.1912665367126465,ua_ser
2.33525,full_cascade,b22923f08cac12d4,3.7783596515655518,4.526412010192871,3.616072416305542,3.908900737762451,3.2489562034606934,4.425355911254883,3.8073861598968506,ua_ser
2.33525,normalized_per_item_best,b22923f08cac12d4,3.7783596515655518,4.526412010192871,3.616072416305542,3.908900737762451,3.2489562034606934,4.425355911254883,3.8073861598968506,ua_ser
2.271333333333333,normalized_original,5b6269d4fed7ccdd,3.3823049068450928,4.241156578063965,2.7159972190856934,2.4742183685302734,1.5067071914672852,3.061805486679077,1.8741934299468994,ua_ser
2.271333333333333,full_cascade,5b6269d4fed7ccdd,3.0255725383758545,4.443859100341797,3.905879497528076,3.5915329456329346,2.6028199195861816,4.775330543518066,3.5349905490875244,ua_ser
2.271333333333333,normalized_per_item_best,5b6269d4fed7ccdd,3.0255725383758545,4.443859100341797,3.905879497528076,3.5915329456329346,2.6028199195861816,4.775330543518066,3.5349905490875244,ua_ser
2.311875,normalized_original,a70ab834f6ce953d,3.1834805011749268,3.707517385482788,3.547435760498047,3.1758830547332764,2.511436939239502,3.683856964111328,3.2073538303375244,ua_ser
2.311875,full_cascade,a70ab834f6ce953d,3.6362051963806152,4.434240341186523,3.5248165130615234,4.205011367797852,2.967087984085083,4.385210990905762,3.800473213195801,ua_ser
2.311875,normalized_per_item_best,a70ab834f6ce953d,3.6362051963806152,4.434240341186523,3.5248165130615234,4.205011367797852,2.967087984085083,4.385210990905762,3.800473213195801,ua_ser
3.00375,normalized_original,541577e82eaed72c,3.628114700317383,4.058583736419678,3.928180694580078,4.258777141571045,3.047250986099243,4.455329418182373,3.534475803375244,ua_ser
3.00375,full_cascade,541577e82eaed72c,3.158147096633911,3.9582881927490234,4.2848591804504395,4.792181015014648,2.7989039421081543,4.461686611175537,3.909820079803467,ua_ser
3.00375,normalized_per_item_best,541577e82eaed72c,3.628114700317383,4.058583736419678,3.928180694580078,4.258777141571045,3.047250986099243,4.455329418182373,3.534475803375244,ua_ser
4.471875,normalized_original,d39f374b06904f0f,3.621349334716797,3.4130892753601074,4.009551048278809,4.0788679122924805,2.7845139503479004,4.55372953414917,3.560681104660034,ua_ser
4.471875,full_cascade,d39f374b06904f0f,4.0768914222717285,3.474614143371582,4.41782283782959,4.147815704345703,3.0194435119628906,4.4415717124938965,3.4479246139526367,ua_ser
4.471875,normalized_per_item_best,d39f374b06904f0f,4.0768914222717285,3.474614143371582,4.41782283782959,4.147815704345703,3.0194435119628906,4.4415717124938965,3.4479246139526367,ua_ser
2.343958333333333,normalized_original,19ffee07e35a6234,3.1585474014282227,4.690219879150391,4.148289203643799,4.382740497589111,3.221036911010742,3.775874376296997,3.7688398361206055,ua_ser
2.343958333333333,full_cascade,19ffee07e35a6234,3.5899229049682617,4.542959213256836,3.6876776218414307,4.5294084548950195,3.500889778137207,4.038468360900879,4.185413837432861,ua_ser
2.343958333333333,normalized_per_item_best,19ffee07e35a6234,3.5899229049682617,4.542959213256836,3.6876776218414307,4.5294084548950195,3.500889778137207,4.038468360900879,4.185413837432861,ua_ser
2.343958333333333,normalized_per_item_best_ge3_5,19ffee07e35a6234,3.5899229049682617,4.542959213256836,3.6876776218414307,4.5294084548950195,3.500889778137207,4.038468360900879,4.185413837432861,ua_ser
2.6632083333333334,normalized_original,3ec62c9173577600,2.9492874145507812,4.053750991821289,3.316659927368164,3.1700429916381836,2.4936740398406982,4.575278282165527,2.859550952911377,ua_ser
2.6632083333333334,full_cascade,3ec62c9173577600,3.068434238433838,3.9772238731384277,3.5833652019500732,4.328051567077637,2.6704349517822266,4.30912446975708,3.3292274475097656,ua_ser
2.6632083333333334,normalized_per_item_best,3ec62c9173577600,3.068434238433838,3.9772238731384277,3.5833652019500732,4.328051567077637,2.6704349517822266,4.30912446975708,3.3292274475097656,ua_ser
2.316125,normalized_original,757812da0cf15f8e,3.499148368835449,3.7076358795166016,3.590454339981079,3.590045928955078,2.7661330699920654,3.7643332481384277,3.2935831546783447,ua_ser
2.316125,full_cascade,757812da0cf15f8e,2.6447083950042725,4.195650100708008,2.137162208557129,3.9361701011657715,2.1045587062835693,3.7380640506744385,2.9571282863616943,ua_ser
2.316125,normalized_per_item_best,757812da0cf15f8e,3.499148368835449,3.7076358795166016,3.590454339981079,3.590045928955078,2.7661330699920654,3.7643332481384277,3.2935831546783447,ua_ser
2.433333333333333,normalized_original,04c4c7dc06b94da8,3.5814359188079834,4.2422194480896,3.494075298309326,1.958439826965332,2.0807337760925293,3.508859634399414,2.805427074432373,ua_ser
2.433333333333333,full_cascade,04c4c7dc06b94da8,3.332108974456787,4.178640842437744,4.110306739807129,3.7796530723571777,2.7584848403930664,4.372246742248535,4.002931118011475,ua_ser
2.433333333333333,normalized_per_item_best,04c4c7dc06b94da8,3.332108974456787,4.178640842437744,4.110306739807129,3.7796530723571777,2.7584848403930664,4.372246742248535,4.002931118011475,ua_ser
2.3,normalized_original,e801b3f088696656,3.060184955596924,3.5048933029174805,2.945577621459961,2.1823418140411377,2.351613998413086,3.060879707336426,2.9487311840057373,ua_ser
2.3,full_cascade,e801b3f088696656,3.051129102706909,3.1499099731445312,3.4227492809295654,4.162962436676025,2.792051315307617,3.8489089012145996,3.3708276748657227,ua_ser
2.3,normalized_per_item_best,e801b3f088696656,3.051129102706909,3.1499099731445312,3.4227492809295654,4.162962436676025,2.792051315307617,3.8489089012145996,3.3708276748657227,ua_ser
2.784375,normalized_original,15b2d2eaa7874652,3.257000684738159,3.6938133239746094,3.305414915084839,1.8726558685302734,1.7069792747497559,3.90108060836792,2.707188367843628,ua_ser
2.784375,full_cascade,15b2d2eaa7874652,3.470041513442993,2.863865375518799,3.3719429969787598,4.57548713684082,2.862966299057007,4.241125106811523,2.901763677597046,ua_ser
2.784375,normalized_per_item_best,15b2d2eaa7874652,3.470041513442993,2.863865375518799,3.3719429969787598,4.57548713684082,2.862966299057007,4.241125106811523,2.901763677597046,ua_ser
2.176,normalized_original,695662ccff496a1d,2.93786883354187,3.982534408569336,3.5968844890594482,3.1897144317626953,2.4029598236083984,3.6052405834198,2.829559803009033,ua_ser
2.176,full_cascade,695662ccff496a1d,2.9489998817443848,3.669790029525757,3.851757287979126,4.106777667999268,2.536205530166626,4.247057914733887,3.0580379962921143,ua_ser
2.176,normalized_per_item_best,695662ccff496a1d,2.9489998817443848,3.669790029525757,3.851757287979126,4.106777667999268,2.536205530166626,4.247057914733887,3.0580379962921143,ua_ser
2.148625,normalized_original,b906c61e2ad5a262,3.1965606212615967,3.9751360416412354,2.6066670417785645,2.1783664226531982,2.679598808288574,3.5933735370635986,2.9962761402130127,ua_ser
2.148625,full_cascade,b906c61e2ad5a262,3.7194507122039795,3.47310209274292,2.97805118560791,3.9711198806762695,2.8171133995056152,4.166143417358398,3.3507282733917236,ua_ser
2.148625,normalized_per_item_best,b906c61e2ad5a262,3.7194507122039795,3.47310209274292,2.97805118560791,3.9711198806762695,2.8171133995056152,4.166143417358398,3.3507282733917236,ua_ser
4.251333333333333,normalized_original,0ef7f42f655f2a11,3.590697765350342,3.7247111797332764,3.4563891887664795,3.212512731552124,2.5368034839630127,3.8171753883361816,3.4150493144989014,ua_ser
4.251333333333333,full_cascade,0ef7f42f655f2a11,3.821624994277954,3.9643306732177734,3.6836724281311035,4.134095191955566,3.350499391555786,4.56110954284668,3.874767780303955,ua_ser
4.251333333333333,normalized_per_item_best,0ef7f42f655f2a11,3.821624994277954,3.9643306732177734,3.6836724281311035,4.134095191955566,3.350499391555786,4.56110954284668,3.874767780303955,ua_ser
3.0973333333333333,normalized_original,00d2f52a40fc6586,3.210474729537964,4.505990505218506,3.502664804458618,3.509981870651245,2.7102928161621094,4.35774564743042,3.4522509574890137,ua_ser
3.0973333333333333,full_cascade,00d2f52a40fc6586,2.678104877471924,4.505877494812012,3.3187167644500732,4.715633869171143,2.6930835247039795,4.318464279174805,3.058958053588867,ua_ser
3.0973333333333333,normalized_per_item_best,00d2f52a40fc6586,3.210474729537964,4.505990505218506,3.502664804458618,3.509981870651245,2.7102928161621094,4.35774564743042,3.4522509574890137,ua_ser
2.581875,normalized_original,568dab3a2129f2cf,3.7445762157440186,4.461261749267578,3.4653477668762207,3.8086917400360107,2.8981456756591797,3.5231199264526367,3.5158536434173584,ua_ser
2.581875,full_cascade,568dab3a2129f2cf,3.8415825366973877,3.989753246307373,4.751688003540039,4.555523872375488,3.2005534172058105,4.30128288269043,3.6647732257843018,ua_ser
2.581875,normalized_per_item_best,568dab3a2129f2cf,3.8415825366973877,3.989753246307373,4.751688003540039,4.555523872375488,3.2005534172058105,4.30128288269043,3.6647732257843018,ua_ser
2.162125,normalized_original,2d9cbb4700b84c4a,3.244307518005371,3.7599360942840576,2.410426616668701,2.785916805267334,2.4210102558135986,2.7987632751464844,3.3610475063323975,ua_ser
2.162125,full_cascade,2d9cbb4700b84c4a,3.4786126613616943,3.63862943649292,4.156978130340576,4.165194511413574,3.025832414627075,4.385363578796387,3.6517417430877686,ua_ser
2.162125,normalized_per_item_best,2d9cbb4700b84c4a,3.4786126613616943,3.63862943649292,4.156978130340576,4.165194511413574,3.025832414627075,4.385363578796387,3.6517417430877686,ua_ser
2.325083333333333,normalized_original,93864d5cb7bd8791,3.0573744773864746,3.803802728652954,2.8979909420013428,3.1431093215942383,2.4458260536193848,3.446502208709717,2.733839750289917,ua_ser
2.325083333333333,full_cascade,93864d5cb7bd8791,4.060787677764893,3.6720497608184814,3.8317248821258545,4.069086074829102,3.1751723289489746,4.533753871917725,3.595083236694336,ua_ser
2.325083333333333,normalized_per_item_best,93864d5cb7bd8791,4.060787677764893,3.6720497608184814,3.8317248821258545,4.069086074829102,3.1751723289489746,4.533753871917725,3.595083236694336,ua_ser
2.4538333333333333,normalized_original,7f35bf53f2cbccc0,2.807185173034668,4.3612799644470215,2.4899652004241943,2.233109474182129,2.2387778759002686,3.9865853786468506,2.4167072772979736,ua_ser
2.4538333333333333,full_cascade,7f35bf53f2cbccc0,2.3134377002716064,3.3693504333496094,2.652740716934204,4.393687725067139,1.7946522235870361,4.292431831359863,2.332582712173462,ua_ser
2.4538333333333333,normalized_per_item_best,7f35bf53f2cbccc0,2.807185173034668,4.3612799644470215,2.4899652004241943,2.233109474182129,2.2387778759002686,3.9865853786468506,2.4167072772979736,ua_ser
2.210625,normalized_original,2b5a0a4398f05eb9,2.7401349544525146,2.573251485824585,3.392591714859009,1.9578957557678223,1.4664804935455322,3.4799301624298096,1.9623181819915771,ua_ser
2.210625,full_cascade,2b5a0a4398f05eb9,2.789926290512085,4.329384803771973,3.996612071990967,4.455748081207275,3.1091248989105225,4.002163887023926,3.713823080062866,ua_ser
2.210625,normalized_per_item_best,2b5a0a4398f05eb9,2.789926290512085,4.329384803771973,3.996612071990967,4.455748081207275,3.1091248989105225,4.002163887023926,3.713823080062866,ua_ser
2.3190833333333334,normalized_original,6c5a196b3a1dcb26,2.8973803520202637,4.555980205535889,2.404952049255371,2.1516778469085693,1.6220035552978516,2.7616002559661865,2.295415163040161,ua_ser
2.3190833333333334,full_cascade,6c5a196b3a1dcb26,3.3910434246063232,4.271657466888428,3.7439889907836914,3.7458231449127197,2.897590160369873,3.604078531265259,3.2898361682891846,ua_ser
2.3190833333333334,normalized_per_item_best,6c5a196b3a1dcb26,3.3910434246063232,4.271657466888428,3.7439889907836914,3.7458231449127197,2.897590160369873,3.604078531265259,3.2898361682891846,ua_ser
2.6518333333333333,normalized_original,f7753b7ddb38c36d,2.990572214126587,3.537470817565918,2.1867763996124268,2.015899419784546,2.3849575519561768,3.548128366470337,2.5203959941864014,ua_ser
2.6518333333333333,full_cascade,f7753b7ddb38c36d,3.7746105194091797,4.190201759338379,4.287125587463379,4.039551734924316,3.6996161937713623,4.621718406677246,4.15621280670166,ua_ser
2.6518333333333333,normalized_per_item_best,f7753b7ddb38c36d,3.7746105194091797,4.190201759338379,4.287125587463379,4.039551734924316,3.6996161937713623,4.621718406677246,4.15621280670166,ua_ser
2.6518333333333333,normalized_per_item_best_ge3_5,f7753b7ddb38c36d,3.7746105194091797,4.190201759338379,4.287125587463379,4.039551734924316,3.6996161937713623,4.621718406677246,4.15621280670166,ua_ser
2.185208333333333,normalized_original,a602cf7755b3964f,2.939260959625244,3.324075937271118,3.1213011741638184,2.7878711223602295,1.9236133098602295,3.649169683456421,2.4246561527252197,ua_ser
2.185208333333333,full_cascade,a602cf7755b3964f,3.115173101425171,3.878178358078003,3.809992790222168,4.5026350021362305,2.8770573139190674,4.217936038970947,3.676368236541748,ua_ser
2.185208333333333,normalized_per_item_best,a602cf7755b3964f,3.115173101425171,3.878178358078003,3.809992790222168,4.5026350021362305,2.8770573139190674,4.217936038970947,3.676368236541748,ua_ser
2.7855,normalized_original,47dc0a795c5ad36f,3.7445943355560303,4.094954490661621,4.270621299743652,4.230057239532471,3.2430737018585205,4.440979480743408,3.2960493564605713,ua_ser
2.7855,full_cascade,47dc0a795c5ad36f,4.199197769165039,4.05460262298584,3.060302257537842,4.597634315490723,3.555680274963379,4.344470024108887,4.083280563354492,ua_ser
2.7855,normalized_per_item_best,47dc0a795c5ad36f,4.199197769165039,4.05460262298584,3.060302257537842,4.597634315490723,3.555680274963379,4.344470024108887,4.083280563354492,ua_ser
2.7855,normalized_per_item_best_ge3_5,47dc0a795c5ad36f,4.199197769165039,4.05460262298584,3.060302257537842,4.597634315490723,3.555680274963379,4.344470024108887,4.083280563354492,ua_ser
3.27375,normalized_original,74e1ee12f1f05863,3.047243595123291,4.770275115966797,3.8343122005462646,4.056910514831543,2.7744064331054688,4.242613792419434,3.070673942565918,ua_ser
3.27375,full_cascade,74e1ee12f1f05863,3.3668506145477295,3.888960361480713,4.050241470336914,4.415801525115967,2.888528347015381,4.034670829772949,3.223477840423584,ua_ser
3.27375,normalized_per_item_best,74e1ee12f1f05863,3.3668506145477295,3.888960361480713,4.050241470336914,4.415801525115967,2.888528347015381,4.034670829772949,3.223477840423584,ua_ser
3.4662083333333333,normalized_original,e57fa4bf7f28ac8d,2.888836622238159,4.784619331359863,3.045952558517456,3.4397847652435303,2.4782071113586426,2.469787120819092,3.4667766094207764,ua_ser
3.4662083333333333,full_cascade,e57fa4bf7f28ac8d,4.221534252166748,4.309161186218262,4.191492080688477,4.382070541381836,3.9131970405578613,4.742753982543945,4.332287788391113,ua_ser
3.4662083333333333,normalized_per_item_best,e57fa4bf7f28ac8d,4.221534252166748,4.309161186218262,4.191492080688477,4.382070541381836,3.9131970405578613,4.742753982543945,4.332287788391113,ua_ser
3.4662083333333333,normalized_per_item_best_ge3_5,e57fa4bf7f28ac8d,4.221534252166748,4.309161186218262,4.191492080688477,4.382070541381836,3.9131970405578613,4.742753982543945,4.332287788391113,ua_ser
2.03,normalized_original,ff3f4fed8815497a,2.283081531524658,4.583405494689941,2.8474223613739014,1.9122669696807861,1.305112600326538,2.430734872817993,1.892852783203125,ua_ser
2.03,full_cascade,ff3f4fed8815497a,3.1505558490753174,4.820168495178223,3.3845880031585693,4.458555221557617,3.7358038425445557,4.8907670974731445,4.1519670486450195,ua_ser
2.03,normalized_per_item_best,ff3f4fed8815497a,3.1505558490753174,4.820168495178223,3.3845880031585693,4.458555221557617,3.7358038425445557,4.8907670974731445,4.1519670486450195,ua_ser
2.03,normalized_per_item_best_ge3_5,ff3f4fed8815497a,3.1505558490753174,4.820168495178223,3.3845880031585693,4.458555221557617,3.7358038425445557,4.8907670974731445,4.1519670486450195,ua_ser
2.378458333333333,normalized_original,1f4aff1ea7c9e835,3.341362237930298,4.272323131561279,3.7863690853118896,3.383350133895874,2.912372589111328,3.654369831085205,3.4243569374084473,ua_ser
2.378458333333333,full_cascade,1f4aff1ea7c9e835,2.9812917709350586,3.7145090103149414,3.8558523654937744,4.119599342346191,2.4483745098114014,3.668644666671753,3.527627944946289,ua_ser
2.378458333333333,normalized_per_item_best,1f4aff1ea7c9e835,3.341362237930298,4.272323131561279,3.7863690853118896,3.383350133895874,2.912372589111328,3.654369831085205,3.4243569374084473,ua_ser
3.0407083333333333,normalized_original,53c06bfa319664c0,3.167532205581665,4.658636569976807,3.2800066471099854,2.5916125774383545,2.7853775024414062,3.7346012592315674,3.0993499755859375,ua_ser
3.0407083333333333,full_cascade,53c06bfa319664c0,3.513239860534668,4.076868534088135,4.376349925994873,3.996616840362549,2.993800163269043,3.9488067626953125,3.4510395526885986,ua_ser
3.0407083333333333,normalized_per_item_best,53c06bfa319664c0,3.513239860534668,4.076868534088135,4.376349925994873,3.996616840362549,2.993800163269043,3.9488067626953125,3.4510395526885986,ua_ser
2.531,normalized_original,57872d6abf3e8e0a,3.108747720718384,2.695462465286255,4.072233200073242,3.3373563289642334,2.108717918395996,4.514328479766846,2.670112371444702,ua_ser
2.531,full_cascade,57872d6abf3e8e0a,3.8477373123168945,2.9222676753997803,4.345322608947754,4.265878200531006,2.9655275344848633,3.9730119705200195,3.2723422050476074,ua_ser
2.531,normalized_per_item_best,57872d6abf3e8e0a,3.8477373123168945,2.9222676753997803,4.345322608947754,4.265878200531006,2.9655275344848633,3.9730119705200195,3.2723422050476074,ua_ser
2.2492083333333333,normalized_original,32aaf7503b6cd3df,2.679530620574951,2.2696831226348877,2.4959287643432617,3.7619876861572266,2.25588321685791,3.8283865451812744,2.3413479328155518,ua_ser
2.2492083333333333,full_cascade,32aaf7503b6cd3df,2.5609078407287598,4.388768672943115,2.0210325717926025,3.5725691318511963,1.96000337600708,3.787493944168091,2.7770016193389893,ua_ser
2.2492083333333333,normalized_per_item_best,32aaf7503b6cd3df,2.679530620574951,2.2696831226348877,2.4959287643432617,3.7619876861572266,2.25588321685791,3.8283865451812744,2.3413479328155518,ua_ser
2.097,normalized_original,8a11f9741aa8e2f1,2.631117820739746,3.7016990184783936,2.9685938358306885,1.7250335216522217,1.5244126319885254,3.4155852794647217,1.9254157543182373,ua_ser
2.097,full_cascade,8a11f9741aa8e2f1,2.8417742252349854,4.320871353149414,3.428644895553589,4.136514663696289,2.776110887527466,4.650726318359375,3.233419179916382,ua_ser
2.097,normalized_per_item_best,8a11f9741aa8e2f1,2.8417742252349854,4.320871353149414,3.428644895553589,4.136514663696289,2.776110887527466,4.650726318359375,3.233419179916382,ua_ser
2.2,normalized_original,fa3f4e9b373fa1f7,3.6070656776428223,4.308867454528809,3.0824201107025146,3.4902472496032715,2.0289368629455566,2.1173410415649414,2.617774248123169,ua_ser
2.2,full_cascade,fa3f4e9b373fa1f7,3.525045871734619,4.397216796875,3.6276094913482666,4.371894359588623,3.236056089401245,3.787505626678467,3.7997827529907227,ua_ser
2.2,normalized_per_item_best,fa3f4e9b373fa1f7,3.525045871734619,4.397216796875,3.6276094913482666,4.371894359588623,3.236056089401245,3.787505626678467,3.7997827529907227,ua_ser
2.432,normalized_original,28420ad22b688e99,3.2665138244628906,4.012815475463867,4.207574844360352,3.131207227706909,2.6714117527008057,3.817603588104248,3.702582359313965,ua_ser
2.432,full_cascade,28420ad22b688e99,3.695679187774658,4.6916279792785645,4.063340187072754,3.8467936515808105,3.1592137813568115,4.609968185424805,4.407663345336914,ua_ser
2.432,normalized_per_item_best,28420ad22b688e99,3.695679187774658,4.6916279792785645,4.063340187072754,3.8467936515808105,3.1592137813568115,4.609968185424805,4.407663345336914,ua_ser
2.037625,normalized_original,729cc5141afe01f8,3.0786585807800293,2.869769811630249,3.4339959621429443,2.240879535675049,2.216507911682129,3.6715750694274902,2.71024751663208,ua_ser
2.037625,full_cascade,729cc5141afe01f8,3.0639615058898926,3.5408380031585693,3.3880531787872314,4.4439849853515625,2.298464059829712,4.368590831756592,2.388049840927124,ua_ser
2.037625,normalized_per_item_best,729cc5141afe01f8,3.0639615058898926,3.5408380031585693,3.3880531787872314,4.4439849853515625,2.298464059829712,4.368590831756592,2.388049840927124,ua_ser
2.749125,normalized_original,6d16d28a433f5eed,2.9453535079956055,4.218192100524902,3.065159797668457,3.1265292167663574,2.1130218505859375,3.6326475143432617,2.4760468006134033,ua_ser
2.749125,full_cascade,6d16d28a433f5eed,3.0287742614746094,3.561049699783325,4.439298629760742,3.9698586463928223,2.7940618991851807,4.598790168762207,3.1880991458892822,ua_ser
2.749125,normalized_per_item_best,6d16d28a433f5eed,3.0287742614746094,3.561049699783325,4.439298629760742,3.9698586463928223,2.7940618991851807,4.598790168762207,3.1880991458892822,ua_ser
2.176,normalized_original,01ffd913ca35a85a,3.427501678466797,3.9218909740448,3.8089311122894287,2.6518235206604004,2.7812044620513916,3.8191936016082764,3.3495354652404785,ua_ser
2.176,full_cascade,01ffd913ca35a85a,3.800288677215576,4.377589702606201,4.056704521179199,4.275468826293945,3.0311293601989746,4.465878486633301,3.449411153793335,ua_ser
2.176,normalized_per_item_best,01ffd913ca35a85a,3.800288677215576,4.377589702606201,4.056704521179199,4.275468826293945,3.0311293601989746,4.465878486633301,3.449411153793335,ua_ser
3.2,normalized_original,01acdc595005cacc,2.755868673324585,4.282780647277832,2.7729296684265137,2.3783273696899414,1.9719798564910889,2.8814783096313477,2.696603536605835,ua_ser
3.2,full_cascade,01acdc595005cacc,3.5487191677093506,3.5251169204711914,3.796618938446045,3.782496452331543,2.6737027168273926,4.0410614013671875,3.625483751296997,ua_ser
3.2,normalized_per_item_best,01acdc595005cacc,3.5487191677093506,3.5251169204711914,3.796618938446045,3.782496452331543,2.6737027168273926,4.0410614013671875,3.625483751296997,ua_ser
2.377,normalized_original,c3d00b149ec47080,2.4786691665649414,3.5554606914520264,3.3942055702209473,1.696302890777588,1.8577861785888672,3.442537784576416,2.9136948585510254,ua_ser
2.377,full_cascade,c3d00b149ec47080,3.3884940147399902,3.8646912574768066,3.6618998050689697,4.244109153747559,2.4750843048095703,3.96178936958313,3.6390490531921387,ua_ser
2.377,normalized_per_item_best,c3d00b149ec47080,3.3884940147399902,3.8646912574768066,3.6618998050689697,4.244109153747559,2.4750843048095703,3.96178936958313,3.6390490531921387,ua_ser
2.432,normalized_original,edf503cc844ba0d3,2.9581334590911865,3.6274302005767822,3.7949042320251465,2.098402500152588,2.0739219188690186,3.862011194229126,2.9532597064971924,ua_ser
2.432,full_cascade,edf503cc844ba0d3,3.5591304302215576,4.621833324432373,3.682424783706665,4.6261396408081055,3.008784055709839,3.9910247325897217,4.21354866027832,ua_ser
2.432,normalized_per_item_best,edf503cc844ba0d3,3.5591304302215576,4.621833324432373,3.682424783706665,4.6261396408081055,3.008784055709839,3.9910247325897217,4.21354866027832,ua_ser
2.6489583333333333,normalized_original,87d83788cc6a7e28,2.7933835983276367,4.474410533905029,3.2662107944488525,3.1113739013671875,2.2921535968780518,3.446225643157959,2.805527925491333,ua_ser
2.6489583333333333,full_cascade,87d83788cc6a7e28,2.501648426055908,4.575088024139404,3.448408603668213,4.623620986938477,2.736737012863159,4.023537635803223,3.3880465030670166,ua_ser
2.6489583333333333,normalized_per_item_best,87d83788cc6a7e28,2.501648426055908,4.575088024139404,3.448408603668213,4.623620986938477,2.736737012863159,4.023537635803223,3.3880465030670166,ua_ser
2.56,normalized_original,509bccd5148742ca,2.910869836807251,3.8875789642333984,3.6101014614105225,2.992621421813965,1.9296526908874512,3.356215476989746,2.2221100330352783,ua_ser
2.56,full_cascade,509bccd5148742ca,3.4343669414520264,3.6323485374450684,4.050341606140137,4.310525894165039,3.0359928607940674,3.7863852977752686,3.5552988052368164,ua_ser
2.56,normalized_per_item_best,509bccd5148742ca,3.4343669414520264,3.6323485374450684,4.050341606140137,4.310525894165039,3.0359928607940674,3.7863852977752686,3.5552988052368164,ua_ser
4.9275,normalized_original,2b49bc0c5d89e67a,3.9981184005737305,3.867311477661133,4.012423992156982,4.225504398345947,2.9596495628356934,4.835433483123779,3.392805576324463,ua_ser
4.9275,full_cascade,2b49bc0c5d89e67a,3.2579798698425293,3.578648567199707,3.8508594036102295,4.434693336486816,3.0301387310028076,4.721038818359375,3.3693833351135254,ua_ser
4.9275,normalized_per_item_best,2b49bc0c5d89e67a,3.2579798698425293,3.578648567199707,3.8508594036102295,4.434693336486816,3.0301387310028076,4.721038818359375,3.3693833351135254,ua_ser
2.548,normalized_original,a6213b90c70f0ff3,3.5557403564453125,3.515641450881958,3.7445223331451416,4.301143646240234,3.073270797729492,4.24276876449585,3.57161021232605,ua_ser
2.548,full_cascade,a6213b90c70f0ff3,3.4722518920898438,3.9964420795440674,4.236754417419434,4.524400234222412,3.570868968963623,4.3019561767578125,4.078277587890625,ua_ser
2.548,normalized_per_item_best,a6213b90c70f0ff3,3.4722518920898438,3.9964420795440674,4.236754417419434,4.524400234222412,3.570868968963623,4.3019561767578125,4.078277587890625,ua_ser
2.548,normalized_per_item_best_ge3_5,a6213b90c70f0ff3,3.4722518920898438,3.9964420795440674,4.236754417419434,4.524400234222412,3.570868968963623,4.3019561767578125,4.078277587890625,ua_ser
3.07125,normalized_original,1331cdba582b5a20,2.5600922107696533,3.883885383605957,3.079850435256958,3.4583933353424072,2.2304904460906982,4.350498199462891,3.0396265983581543,ua_ser
3.07125,full_cascade,1331cdba582b5a20,3.175579786300659,4.061344146728516,3.822869300842285,4.116083145141602,3.079713821411133,4.71525764465332,3.6482365131378174,ua_ser
3.07125,normalized_per_item_best,1331cdba582b5a20,3.175579786300659,4.061344146728516,3.822869300842285,4.116083145141602,3.079713821411133,4.71525764465332,3.6482365131378174,ua_ser
2.0,normalized_original,9359e4f30d603a21,3.4081761837005615,4.212871074676514,2.3805696964263916,2.1638317108154297,1.8799798488616943,2.1402931213378906,2.2567713260650635,ua_ser
2.0,full_cascade,9359e4f30d603a21,3.2036919593811035,3.7834925651550293,3.566499710083008,3.284954071044922,2.162752389907837,4.154932022094727,3.0496554374694824,ua_ser
2.0,normalized_per_item_best,9359e4f30d603a21,3.2036919593811035,3.7834925651550293,3.566499710083008,3.284954071044922,2.162752389907837,4.154932022094727,3.0496554374694824,ua_ser
2.986875,normalized_original,679966d55e8e6024,2.753636360168457,2.946789026260376,2.6714205741882324,1.4969651699066162,2.137099266052246,3.1785800457000732,2.5868895053863525,ua_ser
2.986875,full_cascade,679966d55e8e6024,4.155189514160156,3.8304433822631836,4.230688095092773,4.863559722900391,3.8126776218414307,4.310561656951904,4.079250335693359,ua_ser
2.986875,normalized_per_item_best,679966d55e8e6024,4.155189514160156,3.8304433822631836,4.230688095092773,4.863559722900391,3.8126776218414307,4.310561656951904,4.079250335693359,ua_ser
2.986875,normalized_per_item_best_ge3_5,679966d55e8e6024,4.155189514160156,3.8304433822631836,4.230688095092773,4.863559722900391,3.8126776218414307,4.310561656951904,4.079250335693359,ua_ser
3.2335833333333333,normalized_original,966bcf69ce24929e,2.9797439575195312,4.806692123413086,3.8916454315185547,3.2085633277893066,3.0576279163360596,4.0483784675598145,3.8067479133605957,ua_ser
3.2335833333333333,full_cascade,966bcf69ce24929e,3.8156750202178955,4.337306499481201,4.192906379699707,4.659615516662598,3.6471705436706543,4.56458854675293,3.936962842941284,ua_ser
3.2335833333333333,normalized_per_item_best,966bcf69ce24929e,3.8156750202178955,4.337306499481201,4.192906379699707,4.659615516662598,3.6471705436706543,4.56458854675293,3.936962842941284,ua_ser
3.2335833333333333,normalized_per_item_best_ge3_5,966bcf69ce24929e,3.8156750202178955,4.337306499481201,4.192906379699707,4.659615516662598,3.6471705436706543,4.56458854675293,3.936962842941284,ua_ser
2.81975,normalized_original,157355cf2bf9948d,3.1535098552703857,3.477142095565796,3.111506223678589,2.733083963394165,1.8901393413543701,2.791470766067505,2.4086623191833496,ua_ser
2.81975,full_cascade,157355cf2bf9948d,3.5287182331085205,4.2811279296875,3.5716428756713867,3.9285616874694824,3.4473414421081543,4.154090404510498,3.8447556495666504,ua_ser
2.81975,normalized_per_item_best,157355cf2bf9948d,3.5287182331085205,4.2811279296875,3.5716428756713867,3.9285616874694824,3.4473414421081543,4.154090404510498,3.8447556495666504,ua_ser
2.716875,normalized_original,05376696eff3f338,3.1339735984802246,3.595860719680786,3.619105339050293,3.8266050815582275,2.760338068008423,4.326223373413086,3.0027387142181396,ua_ser
2.716875,full_cascade,05376696eff3f338,3.2441415786743164,3.64751935005188,4.247857570648193,4.539523124694824,3.2675583362579346,4.573159694671631,3.8121824264526367,ua_ser
2.716875,normalized_per_item_best,05376696eff3f338,3.2441415786743164,3.64751935005188,4.247857570648193,4.539523124694824,3.2675583362579346,4.573159694671631,3.8121824264526367,ua_ser
2.0925,normalized_original,a9c3ed1fe6845469,3.2578368186950684,3.6203043460845947,3.2127411365509033,3.794267416000366,2.7161970138549805,3.415658473968506,3.019304037094116,ua_ser
2.0925,full_cascade,a9c3ed1fe6845469,3.8404810428619385,3.958914279937744,4.332122802734375,4.750798225402832,3.401399850845337,3.80222749710083,3.888404607772827,ua_ser
2.0925,normalized_per_item_best,a9c3ed1fe6845469,3.8404810428619385,3.958914279937744,4.332122802734375,4.750798225402832,3.401399850845337,3.80222749710083,3.888404607772827,ua_ser
2.59025,normalized_original,b529b739bf077d08,3.1534037590026855,3.8943569660186768,2.839116334915161,2.134312868118286,2.6768898963928223,3.4199953079223633,3.2625036239624023,ua_ser
2.59025,full_cascade,b529b739bf077d08,3.8115155696868896,3.7764031887054443,2.9800097942352295,3.6279869079589844,2.7697200775146484,3.7355072498321533,4.012436866760254,ua_ser
2.59025,normalized_per_item_best,b529b739bf077d08,3.8115155696868896,3.7764031887054443,2.9800097942352295,3.6279869079589844,2.7697200775146484,3.7355072498321533,4.012436866760254,ua_ser
2.26125,normalized_original,d68511dc1fc2bdcb,2.7456235885620117,4.65408992767334,3.6248691082000732,2.5137808322906494,2.455772876739502,3.8665733337402344,3.28824782371521,ua_ser
2.26125,full_cascade,d68511dc1fc2bdcb,3.643784999847412,4.604172706604004,4.191114902496338,3.369636058807373,2.8739395141601562,3.9769792556762695,4.099216461181641,ua_ser
2.26125,normalized_per_item_best,d68511dc1fc2bdcb,3.643784999847412,4.604172706604004,4.191114902496338,3.369636058807373,2.8739395141601562,3.9769792556762695,4.099216461181641,ua_ser
2.716875,normalized_original,69310569deb34f07,3.122810125350952,2.9291329383850098,2.6203484535217285,2.403573751449585,2.369381904602051,3.0334420204162598,2.9228076934814453,ua_ser
2.716875,full_cascade,69310569deb34f07,2.887600898742676,4.16151237487793,4.295361518859863,4.679957389831543,3.179811477661133,4.211036205291748,3.878859519958496,ua_ser
2.716875,normalized_per_item_best,69310569deb34f07,2.887600898742676,4.16151237487793,4.295361518859863,4.679957389831543,3.179811477661133,4.211036205291748,3.878859519958496,ua_ser
2.688,normalized_original,852b72f0266145ba,2.398336410522461,3.2788147926330566,2.9958465099334717,1.772226333618164,1.3837854862213135,2.607591152191162,2.124821901321411,ua_ser
2.688,full_cascade,852b72f0266145ba,3.709132432937622,3.793386220932007,4.297217845916748,4.389632225036621,3.118549108505249,4.047990322113037,3.3753886222839355,ua_ser
2.688,normalized_per_item_best,852b72f0266145ba,3.709132432937622,3.793386220932007,4.297217845916748,4.389632225036621,3.118549108505249,4.047990322113037,3.3753886222839355,ua_ser
3.8,normalized_original,60a290aaf923919a,3.1218953132629395,4.088984966278076,2.80458402633667,3.161315441131592,2.1589818000793457,2.5366973876953125,3.2132484912872314,ua_ser
3.8,full_cascade,60a290aaf923919a,3.08721923828125,4.235439777374268,4.448677062988281,4.193782329559326,3.119795560836792,4.668601036071777,3.8430817127227783,ua_ser
3.8,normalized_per_item_best,60a290aaf923919a,3.08721923828125,4.235439777374268,4.448677062988281,4.193782329559326,3.119795560836792,4.668601036071777,3.8430817127227783,ua_ser
3.54375,normalized_original,b5d1f05c0444e84e,3.0904593467712402,3.6351606845855713,3.3325066566467285,2.676159381866455,2.2862982749938965,3.713590621948242,2.715175151824951,ua_ser
3.54375,full_cascade,b5d1f05c0444e84e,3.4961447715759277,3.6880996227264404,3.869993209838867,4.279049873352051,3.194866895675659,4.090981483459473,3.5516793727874756,ua_ser
3.54375,normalized_per_item_best,b5d1f05c0444e84e,3.4961447715759277,3.6880996227264404,3.869993209838867,4.279049873352051,3.194866895675659,4.090981483459473,3.5516793727874756,ua_ser
2.3685,normalized_original,2a4bc72c4adcaf1f,3.245619535446167,3.9587340354919434,3.1208839416503906,2.191786527633667,1.8589792251586914,2.909477710723877,2.3800458908081055,ua_ser
2.3685,full_cascade,2a4bc72c4adcaf1f,3.394510507583618,4.192629814147949,4.20374870300293,4.488741874694824,2.9835526943206787,4.746222496032715,3.4651358127593994,ua_ser
2.3685,normalized_per_item_best,2a4bc72c4adcaf1f,3.394510507583618,4.192629814147949,4.20374870300293,4.488741874694824,2.9835526943206787,4.746222496032715,3.4651358127593994,ua_ser
2.048,normalized_original,6a0b75596ff7a4da,3.867006301879883,4.432731628417969,3.5492703914642334,3.845446825027466,3.08435320854187,4.526564121246338,3.440645694732666,ua_ser
2.048,full_cascade,6a0b75596ff7a4da,3.411410093307495,3.9692482948303223,4.098970413208008,4.0091705322265625,2.889531373977661,4.469091415405273,3.5624310970306396,ua_ser
2.048,normalized_per_item_best,6a0b75596ff7a4da,3.867006301879883,4.432731628417969,3.5492703914642334,3.845446825027466,3.08435320854187,4.526564121246338,3.440645694732666,ua_ser
3.763,normalized_original,686bb112f920104c,2.847579002380371,3.161433458328247,3.2295799255371094,1.715770959854126,1.8707053661346436,3.709388494491577,2.6811320781707764,ua_ser
3.763,full_cascade,686bb112f920104c,3.1653056144714355,3.155137062072754,3.444209575653076,3.867292642593384,2.1629717350006104,4.367378234863281,2.5709598064422607,ua_ser
3.763,normalized_per_item_best,686bb112f920104c,3.1653056144714355,3.155137062072754,3.444209575653076,3.867292642593384,2.1629717350006104,4.367378234863281,2.5709598064422607,ua_ser
2.1974583333333335,normalized_original,babb3ecc4f6decd1,2.0498533248901367,3.4034628868103027,2.9405431747436523,2.8419647216796875,1.5996992588043213,4.540436744689941,1.948474645614624,ua_ser
2.1974583333333335,full_cascade,babb3ecc4f6decd1,3.5493085384368896,3.1243972778320312,4.15132999420166,3.517742872238159,2.649430513381958,3.7397351264953613,3.102631092071533,ua_ser
2.1974583333333335,normalized_per_item_best,babb3ecc4f6decd1,3.5493085384368896,3.1243972778320312,4.15132999420166,3.517742872238159,2.649430513381958,3.7397351264953613,3.102631092071533,ua_ser
3.498875,normalized_original,95066237ea583bc3,3.299128770828247,3.084132432937622,3.2890655994415283,3.469773769378662,2.762573003768921,4.0448198318481445,2.9341044425964355,ua_ser
3.498875,full_cascade,95066237ea583bc3,3.211057662963867,4.20555305480957,4.274058818817139,4.452004432678223,3.312302589416504,4.48472785949707,3.805471420288086,ua_ser
3.498875,normalized_per_item_best,95066237ea583bc3,3.211057662963867,4.20555305480957,4.274058818817139,4.452004432678223,3.312302589416504,4.48472785949707,3.805471420288086,ua_ser
2.77625,normalized_original,0c528ab86210ee04,3.545555591583252,3.554713249206543,3.4196512699127197,3.079110860824585,2.8082025051116943,4.011011123657227,3.360999345779419,ua_ser
2.77625,full_cascade,0c528ab86210ee04,3.528447151184082,3.6786043643951416,3.8594179153442383,4.105863094329834,3.125128746032715,4.242542743682861,3.69504451751709,ua_ser
2.77625,normalized_per_item_best,0c528ab86210ee04,3.528447151184082,3.6786043643951416,3.8594179153442383,4.105863094329834,3.125128746032715,4.242542743682861,3.69504451751709,ua_ser
2.3550833333333334,normalized_original,caea7fd720cfc08e,3.0737102031707764,3.631169319152832,3.079439401626587,1.431729793548584,1.6447293758392334,2.922032594680786,2.889752149581909,ua_ser
2.3550833333333334,full_cascade,caea7fd720cfc08e,3.1286795139312744,3.971406936645508,3.3074841499328613,4.223085403442383,2.9987850189208984,3.7372636795043945,3.45920467376709,ua_ser
2.3550833333333334,normalized_per_item_best,caea7fd720cfc08e,3.1286795139312744,3.971406936645508,3.3074841499328613,4.223085403442383,2.9987850189208984,3.7372636795043945,3.45920467376709,ua_ser
2.176,normalized_original,d02b08892d93f141,3.3522608280181885,3.5914735794067383,4.373465538024902,3.6021745204925537,2.8915462493896484,3.7844436168670654,3.1247947216033936,ua_ser
2.176,full_cascade,d02b08892d93f141,3.2476608753204346,3.868657350540161,4.164028167724609,3.8497300148010254,2.9945359230041504,4.3817338943481445,3.5309886932373047,ua_ser
2.176,normalized_per_item_best,d02b08892d93f141,3.2476608753204346,3.868657350540161,4.164028167724609,3.8497300148010254,2.9945359230041504,4.3817338943481445,3.5309886932373047,ua_ser
2.048,normalized_original,993fa09da2be2867,3.281085729598999,4.741662979125977,3.9534497261047363,2.078146457672119,2.462172031402588,3.733846426010132,3.28326678276062,ua_ser
2.048,full_cascade,993fa09da2be2867,3.1852853298187256,3.9251301288604736,3.4790492057800293,3.6290829181671143,2.7483389377593994,3.7641074657440186,3.9047093391418457,ua_ser
2.048,normalized_per_item_best,993fa09da2be2867,3.1852853298187256,3.9251301288604736,3.4790492057800293,3.6290829181671143,2.7483389377593994,3.7641074657440186,3.9047093391418457,ua_ser
2.3625,normalized_original,79c7278ac03ee9f0,3.3611955642700195,3.7154135704040527,3.500781536102295,3.6813793182373047,2.620973587036133,3.850372076034546,3.094012975692749,ua_ser
2.3625,full_cascade,79c7278ac03ee9f0,2.7416582107543945,4.464505195617676,2.9047505855560303,4.288789749145508,2.365029811859131,3.803889036178589,3.0760068893432617,ua_ser
2.3625,normalized_per_item_best,79c7278ac03ee9f0,3.3611955642700195,3.7154135704040527,3.500781536102295,3.6813793182373047,2.620973587036133,3.850372076034546,3.094012975692749,ua_ser
2.5295,normalized_original,5b18ec06d2865d22,3.351372003555298,3.983992099761963,3.0832760334014893,3.2835779190063477,2.405627727508545,3.9714279174804688,2.9479031562805176,ua_ser
2.5295,full_cascade,5b18ec06d2865d22,3.804661512374878,4.454085350036621,3.4796736240386963,3.917121171951294,3.0648984909057617,4.553454875946045,4.057259559631348,ua_ser
2.5295,normalized_per_item_best,5b18ec06d2865d22,3.804661512374878,4.454085350036621,3.4796736240386963,3.917121171951294,3.0648984909057617,4.553454875946045,4.057259559631348,ua_ser
2.919375,normalized_original,7b37a173fad7b143,3.8265442848205566,3.7421224117279053,3.773606061935425,4.265789985656738,2.9786159992218018,3.3014144897460938,3.3397886753082275,ua_ser
2.919375,full_cascade,7b37a173fad7b143,3.352708101272583,4.466498374938965,4.306300163269043,4.2997026443481445,3.4222373962402344,4.5290727615356445,4.175474166870117,ua_ser
2.919375,normalized_per_item_best,7b37a173fad7b143,3.352708101272583,4.466498374938965,4.306300163269043,4.2997026443481445,3.4222373962402344,4.5290727615356445,4.175474166870117,ua_ser
2.27,normalized_original,a73071d89696b39a,3.66677188873291,3.6598668098449707,2.4784340858459473,3.3651444911956787,2.157846450805664,2.473055362701416,3.184781789779663,ukr_dialects
2.27,full_cascade,a73071d89696b39a,3.0526063442230225,4.317385673522949,3.357912302017212,4.3050031661987305,3.0850346088409424,4.674316883087158,3.5875256061553955,ukr_dialects
2.27,normalized_per_item_best,a73071d89696b39a,3.0526063442230225,4.317385673522949,3.357912302017212,4.3050031661987305,3.0850346088409424,4.674316883087158,3.5875256061553955,ukr_dialects
10.176,normalized_original,0d903a219416e592,4.080584526062012,4.180726051330566,2.719902753829956,3.6978676319122314,3.438014030456543,4.267840385437012,3.7787704467773438,ukr_dialects
10.176,full_cascade,0d903a219416e592,3.7309396266937256,4.526524543762207,3.6412289142608643,4.547667980194092,3.446812152862549,4.560503959655762,3.818042039871216,ukr_dialects
10.176,normalized_per_item_best,0d903a219416e592,3.7309396266937256,4.526524543762207,3.6412289142608643,4.547667980194092,3.446812152862549,4.560503959655762,3.818042039871216,ukr_dialects
6.41,normalized_original,a237faa0e9bc87dd,3.6697821617126465,3.7278943061828613,3.2483489513397217,2.610504627227783,2.5091443061828613,3.4759511947631836,2.8001484870910645,ukr_dialects
6.41,full_cascade,a237faa0e9bc87dd,3.5598676204681396,4.054800033569336,3.8718574047088623,4.806759357452393,3.697197914123535,4.615025997161865,3.9927260875701904,ukr_dialects
6.41,normalized_per_item_best,a237faa0e9bc87dd,3.5598676204681396,4.054800033569336,3.8718574047088623,4.806759357452393,3.697197914123535,4.615025997161865,3.9927260875701904,ukr_dialects
6.41,normalized_per_item_best_ge3_5,a237faa0e9bc87dd,3.5598676204681396,4.054800033569336,3.8718574047088623,4.806759357452393,3.697197914123535,4.615025997161865,3.9927260875701904,ukr_dialects
15.616,normalized_original,54eeef47799137c1,4.201416015625,4.495229244232178,2.5960144996643066,4.337778568267822,3.1334376335144043,4.76370906829834,3.347201108932495,ukr_dialects
15.616,full_cascade,54eeef47799137c1,4.129238605499268,4.2539896965026855,2.9734792709350586,4.429170608520508,3.282201051712036,4.693517684936523,3.65629243850708,ukr_dialects
15.616,normalized_per_item_best,54eeef47799137c1,4.129238605499268,4.2539896965026855,2.9734792709350586,4.429170608520508,3.282201051712036,4.693517684936523,3.65629243850708,ukr_dialects
4.224,normalized_original,9bab0aa3a629938d,3.5059194564819336,4.431584358215332,2.8493497371673584,4.613654136657715,2.8142030239105225,3.8053011894226074,3.4892578125,ukr_dialects
4.224,full_cascade,9bab0aa3a629938d,3.617516040802002,3.6024012565612793,3.530413866043091,4.341495513916016,2.9732918739318848,4.584101676940918,3.1988654136657715,ukr_dialects
4.224,normalized_per_item_best,9bab0aa3a629938d,3.617516040802002,3.6024012565612793,3.530413866043091,4.341495513916016,2.9732918739318848,4.584101676940918,3.1988654136657715,ukr_dialects
5.883666666666667,normalized_original,41159136ebf7f7a3,2.9592363834381104,4.062793254852295,3.854649543762207,3.396589756011963,2.7127249240875244,3.481513261795044,3.0967752933502197,ukr_dialects
5.883666666666667,full_cascade,41159136ebf7f7a3,2.9952616691589355,3.769110918045044,3.692166566848755,4.413730621337891,2.899322271347046,4.244839668273926,3.5320591926574707,ukr_dialects
5.883666666666667,normalized_per_item_best,41159136ebf7f7a3,2.9952616691589355,3.769110918045044,3.692166566848755,4.413730621337891,2.899322271347046,4.244839668273926,3.5320591926574707,ukr_dialects
2.36,normalized_original,8e7ec197983fb8d3,3.3028831481933594,3.9990620613098145,3.014819860458374,3.9803755283355713,2.9220211505889893,3.344386577606201,3.7263569831848145,ukr_dialects
2.36,full_cascade,8e7ec197983fb8d3,3.713622570037842,4.300081253051758,2.698780059814453,4.521458148956299,2.6553473472595215,3.724893808364868,3.2769477367401123,ukr_dialects
2.36,normalized_per_item_best,8e7ec197983fb8d3,3.3028831481933594,3.9990620613098145,3.014819860458374,3.9803755283355713,2.9220211505889893,3.344386577606201,3.7263569831848145,ukr_dialects
5.056,normalized_original,7b15981516e06ca9,4.023311138153076,4.313540458679199,2.601102113723755,4.394191741943359,2.8675591945648193,4.494806289672852,3.2760188579559326,ukr_dialects
5.056,full_cascade,7b15981516e06ca9,4.391108512878418,4.123695373535156,2.677643060684204,4.553167819976807,3.1269993782043457,4.7203474044799805,3.674309492111206,ukr_dialects
5.056,normalized_per_item_best,7b15981516e06ca9,4.391108512878418,4.123695373535156,2.677643060684204,4.553167819976807,3.1269993782043457,4.7203474044799805,3.674309492111206,ukr_dialects
4.6,normalized_original,ecccb25e97188c6c,3.7489426136016846,4.411555290222168,3.020803451538086,2.187415361404419,2.462057113647461,3.62038254737854,3.133335828781128,ukr_dialects
4.6,full_cascade,ecccb25e97188c6c,2.796067953109741,3.6206161975860596,3.9591236114501953,4.708803653717041,2.6115777492523193,4.031795978546143,3.0865085124969482,ukr_dialects
4.6,normalized_per_item_best,ecccb25e97188c6c,2.796067953109741,3.6206161975860596,3.9591236114501953,4.708803653717041,2.6115777492523193,4.031795978546143,3.0865085124969482,ukr_dialects
6.78,normalized_original,2f668652e951fd93,2.8938632011413574,4.260965824127197,3.083437204360962,2.1430327892303467,2.1277236938476562,3.206972122192383,3.3675100803375244,ukr_dialects
6.78,full_cascade,2f668652e951fd93,4.046165466308594,4.658167839050293,4.143877029418945,4.607869625091553,3.7106964588165283,4.552583694458008,4.259185791015625,ukr_dialects
6.78,normalized_per_item_best,2f668652e951fd93,4.046165466308594,4.658167839050293,4.143877029418945,4.607869625091553,3.7106964588165283,4.552583694458008,4.259185791015625,ukr_dialects
6.78,normalized_per_item_best_ge3_5,2f668652e951fd93,4.046165466308594,4.658167839050293,4.143877029418945,4.607869625091553,3.7106964588165283,4.552583694458008,4.259185791015625,ukr_dialects
2.4466666666666668,normalized_original,86fbe1ea16af07cd,3.166649341583252,4.3891448974609375,3.0738508701324463,3.766216993331909,2.3315837383270264,3.257411479949951,2.5923354625701904,ukr_dialects
2.4466666666666668,full_cascade,86fbe1ea16af07cd,3.590169668197632,4.143672466278076,3.615722417831421,4.409722328186035,3.390899896621704,4.605320930480957,3.951329469680786,ukr_dialects
2.4466666666666668,normalized_per_item_best,86fbe1ea16af07cd,3.590169668197632,4.143672466278076,3.615722417831421,4.409722328186035,3.390899896621704,4.605320930480957,3.951329469680786,ukr_dialects
15.92,normalized_original,242bb56bb37571ba,3.675384521484375,3.6470718383789062,3.641836404800415,2.751981735229492,2.6088459491729736,3.25264048576355,3.3431482315063477,ukr_dialects
15.92,full_cascade,242bb56bb37571ba,3.7099123001098633,4.683524131774902,4.565779685974121,4.908097267150879,3.6469388008117676,4.872472763061523,3.9149529933929443,ukr_dialects
15.92,normalized_per_item_best,242bb56bb37571ba,3.7099123001098633,4.683524131774902,4.565779685974121,4.908097267150879,3.6469388008117676,4.872472763061523,3.9149529933929443,ukr_dialects
15.92,normalized_per_item_best_ge3_5,242bb56bb37571ba,3.7099123001098633,4.683524131774902,4.565779685974121,4.908097267150879,3.6469388008117676,4.872472763061523,3.9149529933929443,ukr_dialects
7.808,normalized_original,e50d0d4b1c00b856,3.891859292984009,4.341091156005859,3.0503718852996826,4.428252220153809,3.4037983417510986,4.379554748535156,3.9198901653289795,ukr_dialects
7.808,full_cascade,e50d0d4b1c00b856,3.5859413146972656,3.770005226135254,3.6821248531341553,4.017564296722412,3.1274702548980713,4.737787246704102,3.593705654144287,ukr_dialects
7.808,normalized_per_item_best,e50d0d4b1c00b856,3.891859292984009,4.341091156005859,3.0503718852996826,4.428252220153809,3.4037983417510986,4.379554748535156,3.9198901653289795,ukr_dialects
12.12,normalized_original,4acb82bc34643fb8,3.2884063720703125,4.331735134124756,2.4485995769500732,1.9478743076324463,2.0028879642486572,2.7472641468048096,2.743136167526245,ukr_dialects
12.12,full_cascade,4acb82bc34643fb8,3.66937255859375,4.447458267211914,4.08493709564209,4.757645606994629,3.503666639328003,4.850064277648926,3.851797103881836,ukr_dialects
12.12,normalized_per_item_best,4acb82bc34643fb8,3.66937255859375,4.447458267211914,4.08493709564209,4.757645606994629,3.503666639328003,4.850064277648926,3.851797103881836,ukr_dialects
12.12,normalized_per_item_best_ge3_5,4acb82bc34643fb8,3.66937255859375,4.447458267211914,4.08493709564209,4.757645606994629,3.503666639328003,4.850064277648926,3.851797103881836,ukr_dialects
4.11,normalized_original,840ba85823240964,3.841106653213501,3.717099189758301,3.3404014110565186,3.048706531524658,2.567204475402832,3.547060489654541,2.8979275226593018,ukr_dialects
4.11,full_cascade,840ba85823240964,3.254249334335327,3.3120555877685547,3.2862789630889893,4.161007881164551,2.6512205600738525,3.9981372356414795,3.321732521057129,ukr_dialects
4.11,normalized_per_item_best,840ba85823240964,3.254249334335327,3.3120555877685547,3.2862789630889893,4.161007881164551,2.6512205600738525,3.9981372356414795,3.321732521057129,ukr_dialects
9.36,normalized_original,c9d0a1f87abc187b,3.4102280139923096,3.8804025650024414,3.8784022331237793,3.002293109893799,2.857339382171631,4.051447868347168,3.57970929145813,ukr_dialects
9.36,full_cascade,c9d0a1f87abc187b,3.8194258213043213,3.900466203689575,4.020651817321777,4.384971618652344,3.6951839923858643,4.57114315032959,4.048330307006836,ukr_dialects
9.36,normalized_per_item_best,c9d0a1f87abc187b,3.8194258213043213,3.900466203689575,4.020651817321777,4.384971618652344,3.6951839923858643,4.57114315032959,4.048330307006836,ukr_dialects
9.36,normalized_per_item_best_ge3_5,c9d0a1f87abc187b,3.8194258213043213,3.900466203689575,4.020651817321777,4.384971618652344,3.6951839923858643,4.57114315032959,4.048330307006836,ukr_dialects
2.1,normalized_original,6a64ff4852a96de3,3.345017671585083,3.6063497066497803,2.8938913345336914,2.6079390048980713,2.6973323822021484,3.075653076171875,3.0082406997680664,ukr_dialects
2.1,full_cascade,6a64ff4852a96de3,2.6609113216400146,3.7029900550842285,3.4398353099823,4.088493347167969,3.0601322650909424,4.368583679199219,3.462941884994507,ukr_dialects
2.1,normalized_per_item_best,6a64ff4852a96de3,2.6609113216400146,3.7029900550842285,3.4398353099823,4.088493347167969,3.0601322650909424,4.368583679199219,3.462941884994507,ukr_dialects
19.968,normalized_original,558e902c5d7d46f3,4.309947967529297,4.665017604827881,3.049511432647705,4.699396133422852,3.5405189990997314,4.897959232330322,4.067829132080078,ukr_dialects
19.968,full_cascade,558e902c5d7d46f3,3.8928534984588623,4.141223907470703,3.165388584136963,4.422889709472656,3.2662971019744873,4.654446601867676,3.7242276668548584,ukr_dialects
19.968,normalized_per_item_best,558e902c5d7d46f3,4.309947967529297,4.665017604827881,3.049511432647705,4.699396133422852,3.5405189990997314,4.897959232330322,4.067829132080078,ukr_dialects
19.968,normalized_per_item_best_ge3_5,558e902c5d7d46f3,4.309947967529297,4.665017604827881,3.049511432647705,4.699396133422852,3.5405189990997314,4.897959232330322,4.067829132080078,ukr_dialects
2.92,normalized_original,41e58a4191de07bd,3.240090847015381,4.241528034210205,4.08151912689209,3.6917901039123535,3.1096742153167725,4.48491096496582,3.9968011379241943,ukr_dialects
2.92,full_cascade,41e58a4191de07bd,3.6765429973602295,3.8097102642059326,3.625727415084839,4.306933879852295,3.0264036655426025,4.5642595291137695,3.5663697719573975,ukr_dialects
2.92,normalized_per_item_best,41e58a4191de07bd,3.240090847015381,4.241528034210205,4.08151912689209,3.6917901039123535,3.1096742153167725,4.48491096496582,3.9968011379241943,ukr_dialects
7.6,normalized_original,7f3e8a5402a396c8,2.9831361770629883,3.877920627593994,3.4660935401916504,2.3411190509796143,2.0830438137054443,2.976123332977295,2.648622751235962,ukr_dialects
7.6,full_cascade,7f3e8a5402a396c8,3.8326616287231445,4.197962760925293,4.186085224151611,4.328039169311523,3.665127992630005,4.589648246765137,4.108218193054199,ukr_dialects
7.6,normalized_per_item_best,7f3e8a5402a396c8,3.8326616287231445,4.197962760925293,4.186085224151611,4.328039169311523,3.665127992630005,4.589648246765137,4.108218193054199,ukr_dialects
7.6,normalized_per_item_best_ge3_5,7f3e8a5402a396c8,3.8326616287231445,4.197962760925293,4.186085224151611,4.328039169311523,3.665127992630005,4.589648246765137,4.108218193054199,ukr_dialects
5.2,normalized_original,314b92c52c435e0b,3.4214346408843994,3.826580286026001,2.9545280933380127,3.137812614440918,2.7333850860595703,3.0653369426727295,3.1000406742095947,ukr_dialects
5.2,full_cascade,314b92c52c435e0b,3.292649745941162,3.967973232269287,3.671053647994995,4.5798845291137695,3.161792755126953,4.547842025756836,3.746800661087036,ukr_dialects
5.2,normalized_per_item_best,314b92c52c435e0b,3.292649745941162,3.967973232269287,3.671053647994995,4.5798845291137695,3.161792755126953,4.547842025756836,3.746800661087036,ukr_dialects
7.296,normalized_original,29d771f7f65c7f6d,4.195161819458008,4.326203346252441,2.7507643699645996,4.352934837341309,3.1610779762268066,4.650441646575928,3.610846996307373,ukr_dialects
7.296,full_cascade,29d771f7f65c7f6d,3.7854082584381104,4.147413730621338,2.9789512157440186,4.235821723937988,2.929086208343506,4.462122917175293,3.3574166297912598,ukr_dialects
7.296,normalized_per_item_best,29d771f7f65c7f6d,4.195161819458008,4.326203346252441,2.7507643699645996,4.352934837341309,3.1610779762268066,4.650441646575928,3.610846996307373,ukr_dialects
6.66,normalized_original,f372269ffe3275c2,3.7127485275268555,3.729050397872925,2.567854404449463,1.0938937664031982,1.5353915691375732,3.593844413757324,3.2569432258605957,ukr_dialects
6.66,full_cascade,f372269ffe3275c2,2.859158992767334,4.495790004730225,3.1455976963043213,4.260307312011719,2.904974937438965,4.654018402099609,3.5315253734588623,ukr_dialects
6.66,normalized_per_item_best,f372269ffe3275c2,2.859158992767334,4.495790004730225,3.1455976963043213,4.260307312011719,2.904974937438965,4.654018402099609,3.5315253734588623,ukr_dialects
9.088,normalized_original,0e63f6ac4d9ba2b0,3.677536964416504,4.314606189727783,2.839822769165039,4.563982963562012,3.4448564052581787,4.518199920654297,3.749279737472534,ukr_dialects
9.088,full_cascade,0e63f6ac4d9ba2b0,4.111935615539551,4.450799465179443,2.9707212448120117,4.66482400894165,3.4768528938293457,4.824041366577148,3.993767261505127,ukr_dialects
9.088,normalized_per_item_best,0e63f6ac4d9ba2b0,4.111935615539551,4.450799465179443,2.9707212448120117,4.66482400894165,3.4768528938293457,4.824041366577148,3.993767261505127,ukr_dialects
7.35,normalized_original,3e2faddd06d54425,3.2525055408477783,4.033905982971191,3.6099252700805664,2.411832809448242,2.3803489208221436,3.2463431358337402,2.877143144607544,ukr_dialects
7.35,full_cascade,3e2faddd06d54425,4.004091262817383,4.482525825500488,4.54998779296875,4.511082172393799,3.721857786178589,4.770995140075684,4.232283592224121,ukr_dialects
7.35,normalized_per_item_best,3e2faddd06d54425,4.004091262817383,4.482525825500488,4.54998779296875,4.511082172393799,3.721857786178589,4.770995140075684,4.232283592224121,ukr_dialects
7.35,normalized_per_item_best_ge3_5,3e2faddd06d54425,4.004091262817383,4.482525825500488,4.54998779296875,4.511082172393799,3.721857786178589,4.770995140075684,4.232283592224121,ukr_dialects
19.8,normalized_original,702561049f1f39e2,3.438870429992676,3.0934600830078125,3.7562413215637207,2.7218260765075684,2.7907094955444336,4.287496566772461,3.244720458984375,ukr_dialects
19.8,full_cascade,702561049f1f39e2,3.9416191577911377,4.0421600341796875,4.254302978515625,4.604588031768799,3.7457125186920166,4.7761383056640625,4.098148345947266,ukr_dialects
19.8,normalized_per_item_best,702561049f1f39e2,3.9416191577911377,4.0421600341796875,4.254302978515625,4.604588031768799,3.7457125186920166,4.7761383056640625,4.098148345947266,ukr_dialects
19.8,normalized_per_item_best_ge3_5,702561049f1f39e2,3.9416191577911377,4.0421600341796875,4.254302978515625,4.604588031768799,3.7457125186920166,4.7761383056640625,4.098148345947266,ukr_dialects
3.31,normalized_original,e4864d2df79bd445,3.8305153846740723,4.772813320159912,3.7333314418792725,4.143002510070801,3.485694408416748,4.644784927368164,3.96952748298645,ukr_dialects
3.31,full_cascade,e4864d2df79bd445,3.950479745864868,4.5604352951049805,3.934596538543701,4.165651321411133,3.7730374336242676,4.6887359619140625,4.3173136711120605,ukr_dialects
3.31,normalized_per_item_best,e4864d2df79bd445,3.950479745864868,4.5604352951049805,3.934596538543701,4.165651321411133,3.7730374336242676,4.6887359619140625,4.3173136711120605,ukr_dialects
3.31,normalized_per_item_best_ge3_5,e4864d2df79bd445,3.950479745864868,4.5604352951049805,3.934596538543701,4.165651321411133,3.7730374336242676,4.6887359619140625,4.3173136711120605,ukr_dialects
3.78,normalized_original,9a53543d89606468,2.661733627319336,3.0683631896972656,3.0954549312591553,3.0557804107666016,2.6212949752807617,3.2384181022644043,2.908945322036743,ukr_dialects
3.78,full_cascade,9a53543d89606468,2.8741540908813477,2.9787495136260986,3.1269631385803223,4.610530376434326,2.248039722442627,4.120154857635498,2.775865077972412,ukr_dialects
3.78,normalized_per_item_best,9a53543d89606468,2.661733627319336,3.0683631896972656,3.0954549312591553,3.0557804107666016,2.6212949752807617,3.2384181022644043,2.908945322036743,ukr_dialects
10.82,normalized_original,97c99077b7b8cd1f,3.1338448524475098,4.707150459289551,3.7978129386901855,4.252386093139648,3.230518102645874,4.357582092285156,3.756509304046631,ukr_dialects
10.82,full_cascade,97c99077b7b8cd1f,3.7367618083953857,4.518132209777832,4.620698928833008,4.615988254547119,3.7186248302459717,4.890609264373779,4.125561237335205,ukr_dialects
10.82,normalized_per_item_best,97c99077b7b8cd1f,3.7367618083953857,4.518132209777832,4.620698928833008,4.615988254547119,3.7186248302459717,4.890609264373779,4.125561237335205,ukr_dialects
10.82,normalized_per_item_best_ge3_5,97c99077b7b8cd1f,3.7367618083953857,4.518132209777832,4.620698928833008,4.615988254547119,3.7186248302459717,4.890609264373779,4.125561237335205,ukr_dialects
2.32,normalized_original,9a08bccb686a9cfc,3.2471978664398193,3.5934805870056152,3.0006065368652344,2.8042802810668945,2.648869037628174,3.4163269996643066,2.807126760482788,ukr_dialects
2.32,full_cascade,9a08bccb686a9cfc,3.0407462120056152,4.083945274353027,3.696045398712158,4.171622276306152,2.8379828929901123,4.179042816162109,3.2576630115509033,ukr_dialects
2.32,normalized_per_item_best,9a08bccb686a9cfc,3.0407462120056152,4.083945274353027,3.696045398712158,4.171622276306152,2.8379828929901123,4.179042816162109,3.2576630115509033,ukr_dialects
7.069,normalized_original,4347bf5310942834,3.6187267303466797,4.410071849822998,3.856950521469116,3.3192951679229736,2.993882894515991,3.9628665447235107,3.427366018295288,ukr_dialects
7.069,full_cascade,4347bf5310942834,3.267544746398926,4.537491798400879,3.506922483444214,4.405394554138184,3.4679675102233887,4.702313423156738,4.024794578552246,ukr_dialects
7.069,normalized_per_item_best,4347bf5310942834,3.267544746398926,4.537491798400879,3.506922483444214,4.405394554138184,3.4679675102233887,4.702313423156738,4.024794578552246,ukr_dialects
4.16,normalized_original,f8bdfd7bd77fa1ce,3.6274168491363525,4.484891891479492,3.0989434719085693,4.312550067901611,2.800907611846924,4.170614719390869,3.3935141563415527,ukr_dialects
4.16,full_cascade,f8bdfd7bd77fa1ce,3.7147226333618164,4.328753471374512,2.545952081680298,4.597397804260254,2.756467342376709,4.699056625366211,3.5803840160369873,ukr_dialects
4.16,normalized_per_item_best,f8bdfd7bd77fa1ce,3.6274168491363525,4.484891891479492,3.0989434719085693,4.312550067901611,2.800907611846924,4.170614719390869,3.3935141563415527,ukr_dialects
4.53,normalized_original,822f0bcd4cb98b92,3.4643566608428955,3.787285804748535,3.067582607269287,2.4526968002319336,2.442812919616699,3.4328510761260986,2.761585235595703,ukr_dialects
4.53,full_cascade,822f0bcd4cb98b92,3.8115477561950684,4.2037248611450195,4.2582197189331055,4.45620059967041,3.501262903213501,4.194771766662598,3.959165096282959,ukr_dialects
4.53,normalized_per_item_best,822f0bcd4cb98b92,3.8115477561950684,4.2037248611450195,4.2582197189331055,4.45620059967041,3.501262903213501,4.194771766662598,3.959165096282959,ukr_dialects
4.53,normalized_per_item_best_ge3_5,822f0bcd4cb98b92,3.8115477561950684,4.2037248611450195,4.2582197189331055,4.45620059967041,3.501262903213501,4.194771766662598,3.959165096282959,ukr_dialects
11.58,normalized_original,296ccfb816eeed83,3.6138999462127686,4.012241363525391,3.7096526622772217,4.135517120361328,3.0655975341796875,3.8173019886016846,3.541065216064453,ukr_dialects
11.58,full_cascade,296ccfb816eeed83,3.7654402256011963,4.312613010406494,3.8902199268341064,4.515411376953125,3.390566110610962,4.700079917907715,4.137961387634277,ukr_dialects
11.58,normalized_per_item_best,296ccfb816eeed83,3.7654402256011963,4.312613010406494,3.8902199268341064,4.515411376953125,3.390566110610962,4.700079917907715,4.137961387634277,ukr_dialects
8.0,normalized_original,dadb51e263de4b43,2.7356772422790527,3.7806215286254883,3.404778480529785,2.3247885704040527,2.1933069229125977,3.067401885986328,2.591698408126831,ukr_dialects
8.0,full_cascade,dadb51e263de4b43,3.4443392753601074,3.4733023643493652,4.321873664855957,4.348066329956055,2.9409866333007812,4.729766368865967,3.5765092372894287,ukr_dialects
8.0,normalized_per_item_best,dadb51e263de4b43,3.4443392753601074,3.4733023643493652,4.321873664855957,4.348066329956055,2.9409866333007812,4.729766368865967,3.5765092372894287,ukr_dialects
2.94,normalized_original,c264aef7ef14b160,3.4649131298065186,3.447786331176758,3.7357921600341797,3.0910818576812744,2.569463014602661,3.2460453510284424,3.1227810382843018,ukr_dialects
2.94,full_cascade,c264aef7ef14b160,3.481163263320923,3.7241761684417725,3.9356539249420166,3.9344401359558105,3.2037153244018555,4.317255973815918,3.571836471557617,ukr_dialects
2.94,normalized_per_item_best,c264aef7ef14b160,3.481163263320923,3.7241761684417725,3.9356539249420166,3.9344401359558105,3.2037153244018555,4.317255973815918,3.571836471557617,ukr_dialects
8.825333333333333,normalized_original,ed75e77294c340d0,4.660294532775879,4.5532732009887695,3.200446367263794,4.186422824859619,3.7009642124176025,4.376245021820068,4.166057586669922,ukr_dialects
8.825333333333333,full_cascade,ed75e77294c340d0,4.188725471496582,4.022440433502197,3.328887462615967,3.959245204925537,3.2780818939208984,4.592236518859863,3.753618001937866,ukr_dialects
8.825333333333333,normalized_per_item_best,ed75e77294c340d0,4.660294532775879,4.5532732009887695,3.200446367263794,4.186422824859619,3.7009642124176025,4.376245021820068,4.166057586669922,ukr_dialects
8.825333333333333,normalized_per_item_best_ge3_5,ed75e77294c340d0,4.660294532775879,4.5532732009887695,3.200446367263794,4.186422824859619,3.7009642124176025,4.376245021820068,4.166057586669922,ukr_dialects
2.624,normalized_original,bfe785bdf79df31a,4.092838287353516,3.7942850589752197,2.9275529384613037,4.308392524719238,2.850471019744873,3.4698574542999268,3.3683922290802,ukr_dialects
2.624,full_cascade,bfe785bdf79df31a,3.054560899734497,4.082767486572266,3.3224782943725586,4.30648136138916,2.6765007972717285,3.828423261642456,3.0847465991973877,ukr_dialects
2.624,normalized_per_item_best,bfe785bdf79df31a,4.092838287353516,3.7942850589752197,2.9275529384613037,4.308392524719238,2.850471019744873,3.4698574542999268,3.3683922290802,ukr_dialects
2.24,normalized_original,e1e1d5db68276240,3.7181246280670166,3.4510397911071777,2.053812026977539,3.2763466835021973,2.712906837463379,3.6456668376922607,3.4050722122192383,ukr_dialects
2.24,full_cascade,e1e1d5db68276240,2.7160394191741943,3.488858222961426,2.845702886581421,3.742058515548706,2.142890214920044,3.877321720123291,2.62099552154541,ukr_dialects
2.24,normalized_per_item_best,e1e1d5db68276240,3.7181246280670166,3.4510397911071777,2.053812026977539,3.2763466835021973,2.712906837463379,3.6456668376922607,3.4050722122192383,ukr_dialects
7.36,normalized_original,6bb7fe1dda248aff,4.185942649841309,4.631375789642334,2.700929641723633,3.808077096939087,2.5094852447509766,4.284586429595947,2.90095853805542,ukr_dialects
7.36,full_cascade,6bb7fe1dda248aff,3.9287149906158447,4.425187587738037,3.3646910190582275,3.987990140914917,2.862509250640869,4.368453025817871,3.820816993713379,ukr_dialects
7.36,normalized_per_item_best,6bb7fe1dda248aff,3.9287149906158447,4.425187587738037,3.3646910190582275,3.987990140914917,2.862509250640869,4.368453025817871,3.820816993713379,ukr_dialects
6.54,normalized_original,5652df24fa209a85,3.6269187927246094,4.160428047180176,3.8472301959991455,3.052140712738037,2.387037515640259,3.7472732067108154,2.76880145072937,ukr_dialects
6.54,full_cascade,5652df24fa209a85,2.801638126373291,4.151737689971924,4.427073955535889,4.451099395751953,2.8259687423706055,4.309279441833496,3.3857057094573975,ukr_dialects
6.54,normalized_per_item_best,5652df24fa209a85,2.801638126373291,4.151737689971924,4.427073955535889,4.451099395751953,2.8259687423706055,4.309279441833496,3.3857057094573975,ukr_dialects
3.7586666666666666,normalized_original,263bbe5a83c21022,3.702059268951416,4.123394966125488,2.620967388153076,3.8467769622802734,2.664623260498047,3.9341628551483154,3.2738447189331055,ukr_dialects
3.7586666666666666,full_cascade,263bbe5a83c21022,3.709195613861084,4.495974540710449,3.1307358741760254,3.6260743141174316,2.547098159790039,4.831038475036621,3.6231491565704346,ukr_dialects
3.7586666666666666,normalized_per_item_best,263bbe5a83c21022,3.702059268951416,4.123394966125488,2.620967388153076,3.8467769622802734,2.664623260498047,3.9341628551483154,3.2738447189331055,ukr_dialects
2.02,normalized_original,8994f61724e32836,3.683814525604248,3.340498208999634,3.831937789916992,3.0069851875305176,2.1795992851257324,3.6956443786621094,2.5599474906921387,ukr_dialects
2.02,full_cascade,8994f61724e32836,3.554898500442505,4.059422969818115,3.754188060760498,4.044081687927246,3.088974714279175,4.561842441558838,3.2918009757995605,ukr_dialects
2.02,normalized_per_item_best,8994f61724e32836,3.554898500442505,4.059422969818115,3.754188060760498,4.044081687927246,3.088974714279175,4.561842441558838,3.2918009757995605,ukr_dialects
3.22,normalized_original,1eb21ddca0218ac0,3.8416507244110107,4.469444274902344,3.9211056232452393,3.56410551071167,3.3797006607055664,4.024145603179932,3.8844778537750244,ukr_dialects
3.22,full_cascade,1eb21ddca0218ac0,3.3012449741363525,4.490996360778809,3.6432600021362305,4.769342422485352,3.398064136505127,4.710976600646973,3.9048876762390137,ukr_dialects
3.22,normalized_per_item_best,1eb21ddca0218ac0,3.3012449741363525,4.490996360778809,3.6432600021362305,4.769342422485352,3.398064136505127,4.710976600646973,3.9048876762390137,ukr_dialects
2.04,normalized_original,64f7dfc385fd0332,2.2479519844055176,3.159160852432251,2.2840867042541504,2.159104824066162,1.7960140705108643,4.289180755615234,2.363204002380371,ukr_dialects
2.04,full_cascade,64f7dfc385fd0332,3.9570181369781494,3.902143955230713,3.8414084911346436,4.096126556396484,3.3723137378692627,4.069284915924072,3.8618903160095215,ukr_dialects
2.04,normalized_per_item_best,64f7dfc385fd0332,3.9570181369781494,3.902143955230713,3.8414084911346436,4.096126556396484,3.3723137378692627,4.069284915924072,3.8618903160095215,ukr_dialects
3.391,normalized_original,0839ab4db381da1e,3.3193514347076416,4.043061256408691,3.982121467590332,4.613020896911621,2.5398812294006348,2.8844211101531982,2.812748908996582,ukr_dialects
3.391,full_cascade,0839ab4db381da1e,3.5809097290039062,3.7252650260925293,4.005228042602539,4.479442596435547,3.2290048599243164,3.3710672855377197,3.524275779724121,ukr_dialects
3.391,normalized_per_item_best,0839ab4db381da1e,3.5809097290039062,3.7252650260925293,4.005228042602539,4.479442596435547,3.2290048599243164,3.3710672855377197,3.524275779724121,ukr_dialects
7.616,normalized_original,bf7fa24b56a90ac9,4.274285316467285,4.26887321472168,2.3308825492858887,4.468008995056152,3.35188889503479,4.465756893157959,3.8423197269439697,ukr_dialects
7.616,full_cascade,bf7fa24b56a90ac9,3.690051555633545,3.6187405586242676,3.496995449066162,3.936199188232422,3.2556915283203125,4.523122787475586,3.7635576725006104,ukr_dialects
7.616,normalized_per_item_best,bf7fa24b56a90ac9,4.274285316467285,4.26887321472168,2.3308825492858887,4.468008995056152,3.35188889503479,4.465756893157959,3.8423197269439697,ukr_dialects
6.839,normalized_original,9d313dc5c2894ba2,2.3990061283111572,3.6588542461395264,3.4630298614501953,1.9583613872528076,2.0560290813446045,3.269113540649414,2.783071279525757,ukr_dialects
6.839,full_cascade,9d313dc5c2894ba2,3.7397232055664062,4.261168956756592,4.136075973510742,4.504062652587891,3.5840747356414795,4.495192050933838,4.058272838592529,ukr_dialects
6.839,normalized_per_item_best,9d313dc5c2894ba2,3.7397232055664062,4.261168956756592,4.136075973510742,4.504062652587891,3.5840747356414795,4.495192050933838,4.058272838592529,ukr_dialects
6.839,normalized_per_item_best_ge3_5,9d313dc5c2894ba2,3.7397232055664062,4.261168956756592,4.136075973510742,4.504062652587891,3.5840747356414795,4.495192050933838,4.058272838592529,ukr_dialects
5.5,normalized_original,8a3949ca3cf2196f,3.09124493598938,3.3422696590423584,2.8784101009368896,3.5114753246307373,2.3013694286346436,3.614405632019043,2.6957476139068604,ukr_dialects
5.5,full_cascade,8a3949ca3cf2196f,2.942351818084717,3.455472946166992,2.890019655227661,4.027047157287598,2.4157087802886963,4.476658821105957,3.1674787998199463,ukr_dialects
5.5,normalized_per_item_best,8a3949ca3cf2196f,2.942351818084717,3.455472946166992,2.890019655227661,4.027047157287598,2.4157087802886963,4.476658821105957,3.1674787998199463,ukr_dialects
3.076,normalized_original,f22b87646ba1578f,2.665025234222412,4.663132667541504,3.611406087875366,4.533048152923584,3.014799118041992,3.6151371002197266,3.2607102394104004,ukr_dialects
3.076,full_cascade,f22b87646ba1578f,2.9005141258239746,4.842160224914551,3.6894783973693848,4.117646217346191,3.0564427375793457,4.857757568359375,3.6676275730133057,ukr_dialects
3.076,normalized_per_item_best,f22b87646ba1578f,2.9005141258239746,4.842160224914551,3.6894783973693848,4.117646217346191,3.0564427375793457,4.857757568359375,3.6676275730133057,ukr_dialects
6.63,normalized_original,694cc49500f2b87c,2.8499388694763184,3.3889729976654053,3.2855639457702637,2.3463616371154785,2.520825147628784,4.0055718421936035,2.962540864944458,ukr_dialects
6.63,full_cascade,694cc49500f2b87c,3.7745609283447266,4.442198753356934,4.042520523071289,4.455685615539551,3.8951618671417236,4.79226016998291,4.330842971801758,ukr_dialects
6.63,normalized_per_item_best,694cc49500f2b87c,3.7745609283447266,4.442198753356934,4.042520523071289,4.455685615539551,3.8951618671417236,4.79226016998291,4.330842971801758,ukr_dialects
6.63,normalized_per_item_best_ge3_5,694cc49500f2b87c,3.7745609283447266,4.442198753356934,4.042520523071289,4.455685615539551,3.8951618671417236,4.79226016998291,4.330842971801758,ukr_dialects
2.030666666666667,normalized_original,6a258d45765bd4c5,4.133350372314453,3.974552631378174,2.7746169567108154,4.156451225280762,2.767481565475464,4.1401567459106445,3.372791290283203,ukr_dialects
2.030666666666667,full_cascade,6a258d45765bd4c5,3.9137825965881348,4.323415756225586,2.920388698577881,4.314211845397949,2.845972776412964,4.212671279907227,3.5423834323883057,ukr_dialects
2.030666666666667,normalized_per_item_best,6a258d45765bd4c5,3.9137825965881348,4.323415756225586,2.920388698577881,4.314211845397949,2.845972776412964,4.212671279907227,3.5423834323883057,ukr_dialects
5.4,normalized_original,4353235c5f194455,3.0141687393188477,4.551905155181885,3.4308857917785645,3.2364418506622314,2.8869097232818604,3.721695899963379,3.7841737270355225,ukr_dialects
5.4,full_cascade,4353235c5f194455,3.5881507396698,4.543239593505859,3.9916486740112305,3.9441452026367188,3.11040997505188,4.617938995361328,3.724189519882202,ukr_dialects
5.4,normalized_per_item_best,4353235c5f194455,3.5881507396698,4.543239593505859,3.9916486740112305,3.9441452026367188,3.11040997505188,4.617938995361328,3.724189519882202,ukr_dialects
4.94,normalized_original,154537938649b4f0,2.525350570678711,3.283137559890747,2.8528008460998535,2.2520155906677246,2.2206223011016846,3.6295464038848877,2.451158285140991,ukr_dialects
4.94,full_cascade,154537938649b4f0,2.9519689083099365,4.301824569702148,3.498267650604248,4.125308990478516,3.0772929191589355,4.185075759887695,3.76192307472229,ukr_dialects
4.94,normalized_per_item_best,154537938649b4f0,2.9519689083099365,4.301824569702148,3.498267650604248,4.125308990478516,3.0772929191589355,4.185075759887695,3.76192307472229,ukr_dialects
8.996,normalized_original,a2da8be2193fa216,2.6992557048797607,4.495767593383789,3.0961129665374756,2.6310346126556396,2.563131809234619,3.6895127296447754,2.9891889095306396,ukr_dialects
8.996,full_cascade,a2da8be2193fa216,3.4527673721313477,3.9136464595794678,3.5267887115478516,4.161968231201172,2.741403818130493,4.460554122924805,3.2986721992492676,ukr_dialects
8.996,normalized_per_item_best,a2da8be2193fa216,3.4527673721313477,3.9136464595794678,3.5267887115478516,4.161968231201172,2.741403818130493,4.460554122924805,3.2986721992492676,ukr_dialects
2.46,normalized_original,f962b3769de914d2,2.9922125339508057,4.200146198272705,2.9730048179626465,3.9215431213378906,2.761946678161621,3.7158944606781006,3.0406715869903564,ukr_dialects
2.46,full_cascade,f962b3769de914d2,2.9788737297058105,4.1656036376953125,3.519888162612915,3.9318675994873047,3.1181273460388184,4.601569175720215,3.6832873821258545,ukr_dialects
2.46,normalized_per_item_best,f962b3769de914d2,2.9788737297058105,4.1656036376953125,3.519888162612915,3.9318675994873047,3.1181273460388184,4.601569175720215,3.6832873821258545,ukr_dialects
3.62,normalized_original,f0d2b87d5ba3b68e,2.833618640899658,4.878421783447266,3.6722676753997803,3.9360861778259277,3.276421070098877,4.030152320861816,3.5543899536132812,ukr_dialects
3.62,full_cascade,f0d2b87d5ba3b68e,2.8189809322357178,4.40098762512207,4.015446186065674,4.701981544494629,3.0751638412475586,4.234714508056641,3.604820489883423,ukr_dialects
3.62,normalized_per_item_best,f0d2b87d5ba3b68e,2.833618640899658,4.878421783447266,3.6722676753997803,3.9360861778259277,3.276421070098877,4.030152320861816,3.5543899536132812,ukr_dialects
2.88,normalized_original,f9b84ffab9cfe5dd,3.7453231811523438,4.426652908325195,2.5890581607818604,4.0643157958984375,2.989678382873535,4.486347198486328,3.494563341140747,ukr_dialects
2.88,full_cascade,f9b84ffab9cfe5dd,4.113229751586914,4.735713481903076,2.7944726943969727,4.351222991943359,3.076636552810669,4.281735420227051,4.315741539001465,ukr_dialects
2.88,normalized_per_item_best,f9b84ffab9cfe5dd,4.113229751586914,4.735713481903076,2.7944726943969727,4.351222991943359,3.076636552810669,4.281735420227051,4.315741539001465,ukr_dialects
4.356,normalized_original,30942657994cb72e,3.4545810222625732,4.767912864685059,3.0386548042297363,3.9056458473205566,2.7559010982513428,4.288577556610107,3.210732936859131,ukr_dialects
4.356,full_cascade,30942657994cb72e,3.925222158432007,3.5788490772247314,2.9613301753997803,3.936852216720581,2.8745133876800537,4.20945930480957,3.6456239223480225,ukr_dialects
4.356,normalized_per_item_best,30942657994cb72e,3.925222158432007,3.5788490772247314,2.9613301753997803,3.936852216720581,2.8745133876800537,4.20945930480957,3.6456239223480225,ukr_dialects
3.199,normalized_original,566c39695cadae26,3.036391496658325,3.3731625080108643,3.691401958465576,3.000345230102539,2.710420846939087,4.684961318969727,3.6932544708251953,ukr_dialects
3.199,full_cascade,566c39695cadae26,3.3988373279571533,3.6906139850616455,3.1788079738616943,4.491543292999268,3.116514205932617,4.40472412109375,3.5489397048950195,ukr_dialects
3.199,normalized_per_item_best,566c39695cadae26,3.3988373279571533,3.6906139850616455,3.1788079738616943,4.491543292999268,3.116514205932617,4.40472412109375,3.5489397048950195,ukr_dialects
12.029,normalized_original,c43b6871fb7abcf7,2.8939404487609863,3.709990978240967,3.470716953277588,1.9026570320129395,2.1099917888641357,2.818589448928833,2.7125675678253174,ukr_dialects
12.029,full_cascade,c43b6871fb7abcf7,3.702772855758667,3.865349531173706,3.539310932159424,3.8838133811950684,2.986191511154175,4.726192474365234,3.5203704833984375,ukr_dialects
12.029,normalized_per_item_best,c43b6871fb7abcf7,3.702772855758667,3.865349531173706,3.539310932159424,3.8838133811950684,2.986191511154175,4.726192474365234,3.5203704833984375,ukr_dialects
14.9,normalized_original,2c57b228b9d2349e,3.102202892303467,4.438357353210449,3.169888496398926,2.1788368225097656,2.284176826477051,2.980725049972534,2.9423859119415283,ukr_dialects
14.9,full_cascade,2c57b228b9d2349e,3.955045700073242,4.37211799621582,4.172613143920898,4.608399391174316,3.753805637359619,4.865410804748535,4.138599395751953,ukr_dialects
14.9,normalized_per_item_best,2c57b228b9d2349e,3.955045700073242,4.37211799621582,4.172613143920898,4.608399391174316,3.753805637359619,4.865410804748535,4.138599395751953,ukr_dialects
14.9,normalized_per_item_best_ge3_5,2c57b228b9d2349e,3.955045700073242,4.37211799621582,4.172613143920898,4.608399391174316,3.753805637359619,4.865410804748535,4.138599395751953,ukr_dialects
4.22,normalized_original,2a6e18b3e07e2956,3.8575024604797363,4.6349029541015625,4.163837432861328,4.073448657989502,3.4886932373046875,3.8396263122558594,4.172830581665039,ukr_dialects
4.22,full_cascade,2a6e18b3e07e2956,3.9407479763031006,4.479824542999268,4.177011489868164,3.876664400100708,3.615649938583374,4.558470726013184,4.080500602722168,ukr_dialects
4.22,normalized_per_item_best,2a6e18b3e07e2956,3.9407479763031006,4.479824542999268,4.177011489868164,3.876664400100708,3.615649938583374,4.558470726013184,4.080500602722168,ukr_dialects
4.22,normalized_per_item_best_ge3_5,2a6e18b3e07e2956,3.9407479763031006,4.479824542999268,4.177011489868164,3.876664400100708,3.615649938583374,4.558470726013184,4.080500602722168,ukr_dialects
2.7346666666666666,normalized_original,64326990b57264c9,3.4968011379241943,3.5128555297851562,3.5440168380737305,3.4020938873291016,2.4991848468780518,3.770659923553467,3.013613700866699,ukr_dialects
2.7346666666666666,full_cascade,64326990b57264c9,3.3755087852478027,3.7506847381591797,3.990995168685913,4.4136810302734375,2.963527202606201,4.578946113586426,3.3087146282196045,ukr_dialects
2.7346666666666666,normalized_per_item_best,64326990b57264c9,3.3755087852478027,3.7506847381591797,3.990995168685913,4.4136810302734375,2.963527202606201,4.578946113586426,3.3087146282196045,ukr_dialects
7.35,normalized_original,ab089df50f15fd9b,3.4700443744659424,4.464603900909424,3.7878005504608154,4.133738040924072,3.1323323249816895,3.6084272861480713,3.7933640480041504,ukr_dialects
7.35,full_cascade,ab089df50f15fd9b,3.9274704456329346,4.050880432128906,3.8359897136688232,4.305320739746094,3.495303153991699,4.629411697387695,4.166789531707764,ukr_dialects
7.35,normalized_per_item_best,ab089df50f15fd9b,3.9274704456329346,4.050880432128906,3.8359897136688232,4.305320739746094,3.495303153991699,4.629411697387695,4.166789531707764,ukr_dialects
5.568,normalized_original,258401e9b5844ceb,3.920353889465332,4.3193559646606445,2.368809461593628,4.01352071762085,2.244889259338379,4.246426582336426,2.8925843238830566,ukr_dialects
5.568,full_cascade,258401e9b5844ceb,3.5732932090759277,3.5804121494293213,3.218581438064575,3.0421602725982666,2.2517998218536377,3.8653368949890137,3.346525192260742,ukr_dialects
5.568,normalized_per_item_best,258401e9b5844ceb,3.5732932090759277,3.5804121494293213,3.218581438064575,3.0421602725982666,2.2517998218536377,3.8653368949890137,3.346525192260742,ukr_dialects
4.526666666666666,normalized_original,c1b3bd09e07db289,3.6867425441741943,4.775241374969482,3.110511302947998,2.9593963623046875,2.4488985538482666,3.2564754486083984,3.112658977508545,ukr_dialects
4.526666666666666,full_cascade,c1b3bd09e07db289,4.032563209533691,4.3091020584106445,2.863299608230591,4.778367042541504,2.793800115585327,4.396331787109375,3.204702377319336,ukr_dialects
4.526666666666666,normalized_per_item_best,c1b3bd09e07db289,4.032563209533691,4.3091020584106445,2.863299608230591,4.778367042541504,2.793800115585327,4.396331787109375,3.204702377319336,ukr_dialects
5.8,normalized_original,316f532261a9d135,3.6731088161468506,4.358828544616699,3.437669038772583,2.2431230545043945,2.27738356590271,2.9131226539611816,2.993685722351074,ukr_dialects
5.8,full_cascade,316f532261a9d135,2.805081605911255,4.459694862365723,4.364172458648682,4.137145042419434,3.3818342685699463,4.713281631469727,4.027281761169434,ukr_dialects
5.8,normalized_per_item_best,316f532261a9d135,2.805081605911255,4.459694862365723,4.364172458648682,4.137145042419434,3.3818342685699463,4.713281631469727,4.027281761169434,ukr_dialects
2.74,normalized_original,3eaea0949e59c63c,3.183871269226074,4.334136486053467,3.4417951107025146,2.700441837310791,2.5314857959747314,2.690079689025879,3.1079978942871094,ukr_dialects
2.74,full_cascade,3eaea0949e59c63c,3.521362543106079,3.104252338409424,4.052181243896484,4.637595176696777,2.919215202331543,3.846616744995117,3.6262619495391846,ukr_dialects
2.74,normalized_per_item_best,3eaea0949e59c63c,3.521362543106079,3.104252338409424,4.052181243896484,4.637595176696777,2.919215202331543,3.846616744995117,3.6262619495391846,ukr_dialects
3.44,normalized_original,e825ef3a856b4735,2.7274575233459473,4.03089714050293,3.0459976196289062,2.5370123386383057,2.3652405738830566,2.9987053871154785,2.820439100265503,ukr_dialects
3.44,full_cascade,e825ef3a856b4735,3.1501615047454834,3.8620030879974365,3.471342086791992,4.229484558105469,2.8174662590026855,3.9156298637390137,3.2665891647338867,ukr_dialects
3.44,normalized_per_item_best,e825ef3a856b4735,3.1501615047454834,3.8620030879974365,3.471342086791992,4.229484558105469,2.8174662590026855,3.9156298637390137,3.2665891647338867,ukr_dialects
6.34,normalized_original,c4bd25a3e37e2f75,3.642590284347534,4.259535789489746,2.572704315185547,4.424504280090332,3.009469985961914,4.5667619705200195,3.4499590396881104,ukr_dialects
6.34,full_cascade,c4bd25a3e37e2f75,3.6504409313201904,4.01344108581543,3.5446109771728516,4.541010856628418,3.1724541187286377,4.615246772766113,3.6313889026641846,ukr_dialects
6.34,normalized_per_item_best,c4bd25a3e37e2f75,3.6504409313201904,4.01344108581543,3.5446109771728516,4.541010856628418,3.1724541187286377,4.615246772766113,3.6313889026641846,ukr_dialects
2.16,normalized_original,626a1b5a7d4f1be6,2.6346516609191895,4.658191680908203,3.7965049743652344,3.7252731323242188,2.531644344329834,2.5451698303222656,2.8247170448303223,ukr_dialects
2.16,full_cascade,626a1b5a7d4f1be6,3.2892301082611084,4.89166784286499,4.027459621429443,4.835405349731445,3.1882317066192627,4.545535087585449,4.10031795501709,ukr_dialects
2.16,normalized_per_item_best,626a1b5a7d4f1be6,3.2892301082611084,4.89166784286499,4.027459621429443,4.835405349731445,3.1882317066192627,4.545535087585449,4.10031795501709,ukr_dialects
2.221,normalized_original,0778c18cc75cdb00,2.204711437225342,4.026632308959961,3.353482723236084,2.853400707244873,2.1223769187927246,4.746298789978027,2.704451084136963,ukr_dialects
2.221,full_cascade,0778c18cc75cdb00,3.277184247970581,4.43278694152832,3.8634300231933594,3.993858814239502,3.1799988746643066,4.364323616027832,3.8299713134765625,ukr_dialects
2.221,normalized_per_item_best,0778c18cc75cdb00,3.277184247970581,4.43278694152832,3.8634300231933594,3.993858814239502,3.1799988746643066,4.364323616027832,3.8299713134765625,ukr_dialects
6.26,normalized_original,9586770df2d8998d,1.9393558502197266,4.327878952026367,2.9802334308624268,1.7013952732086182,1.6803903579711914,3.0598835945129395,2.3534162044525146,ukr_dialects
6.26,full_cascade,9586770df2d8998d,3.3747780323028564,4.429925918579102,3.9100379943847656,4.693554401397705,3.7287654876708984,4.74491024017334,4.044181823730469,ukr_dialects
6.26,normalized_per_item_best,9586770df2d8998d,3.3747780323028564,4.429925918579102,3.9100379943847656,4.693554401397705,3.7287654876708984,4.74491024017334,4.044181823730469,ukr_dialects
6.26,normalized_per_item_best_ge3_5,9586770df2d8998d,3.3747780323028564,4.429925918579102,3.9100379943847656,4.693554401397705,3.7287654876708984,4.74491024017334,4.044181823730469,ukr_dialects
16.322666666666667,normalized_original,bc994a1816813eb6,4.341372966766357,4.296816825866699,4.690354347229004,4.348677635192871,3.8597424030303955,4.458303928375244,4.061895370483398,ukr_dialects
16.322666666666667,full_cascade,bc994a1816813eb6,3.4804089069366455,3.8502368927001953,4.2174201011657715,4.393593788146973,3.4374465942382812,4.633854866027832,3.8358418941497803,ukr_dialects
16.322666666666667,normalized_per_item_best,bc994a1816813eb6,4.341372966766357,4.296816825866699,4.690354347229004,4.348677635192871,3.8597424030303955,4.458303928375244,4.061895370483398,ukr_dialects
16.322666666666667,normalized_per_item_best_ge3_5,bc994a1816813eb6,4.341372966766357,4.296816825866699,4.690354347229004,4.348677635192871,3.8597424030303955,4.458303928375244,4.061895370483398,ukr_dialects
5.601333333333334,normalized_original,aabdb6483bfd2e33,3.83522891998291,4.1266021728515625,3.6618995666503906,2.395965576171875,2.59279203414917,3.303494691848755,3.1705803871154785,ukr_dialects
5.601333333333334,full_cascade,aabdb6483bfd2e33,4.094202995300293,4.289798736572266,3.638425827026367,3.4810855388641357,3.6251697540283203,4.714838027954102,4.074154376983643,ukr_dialects
5.601333333333334,normalized_per_item_best,aabdb6483bfd2e33,4.094202995300293,4.289798736572266,3.638425827026367,3.4810855388641357,3.6251697540283203,4.714838027954102,4.074154376983643,ukr_dialects
5.601333333333334,normalized_per_item_best_ge3_5,aabdb6483bfd2e33,4.094202995300293,4.289798736572266,3.638425827026367,3.4810855388641357,3.6251697540283203,4.714838027954102,4.074154376983643,ukr_dialects
7.06,normalized_original,9eb5785631635bcc,3.4684994220733643,3.5864813327789307,3.500326156616211,3.0053727626800537,2.601451873779297,2.7339842319488525,3.04947829246521,ukr_dialects
7.06,full_cascade,9eb5785631635bcc,4.124769687652588,4.352931976318359,4.154179096221924,4.631740570068359,3.768773317337036,4.618960380554199,4.364026069641113,ukr_dialects
7.06,normalized_per_item_best,9eb5785631635bcc,4.124769687652588,4.352931976318359,4.154179096221924,4.631740570068359,3.768773317337036,4.618960380554199,4.364026069641113,ukr_dialects
7.06,normalized_per_item_best_ge3_5,9eb5785631635bcc,4.124769687652588,4.352931976318359,4.154179096221924,4.631740570068359,3.768773317337036,4.618960380554199,4.364026069641113,ukr_dialects
5.76,normalized_original,d1aaed43c3f470c7,2.590179920196533,3.8056960105895996,2.786543369293213,2.1991748809814453,2.7497596740722656,3.3082563877105713,3.077720880508423,ukr_dialects
5.76,full_cascade,d1aaed43c3f470c7,3.6331305503845215,4.269607067108154,3.6148953437805176,4.488420486450195,3.6406216621398926,4.625790596008301,4.203423500061035,ukr_dialects
5.76,normalized_per_item_best,d1aaed43c3f470c7,3.6331305503845215,4.269607067108154,3.6148953437805176,4.488420486450195,3.6406216621398926,4.625790596008301,4.203423500061035,ukr_dialects
5.76,normalized_per_item_best_ge3_5,d1aaed43c3f470c7,3.6331305503845215,4.269607067108154,3.6148953437805176,4.488420486450195,3.6406216621398926,4.625790596008301,4.203423500061035,ukr_dialects
2.931,normalized_original,6fe0c19b1687d9fd,2.651103973388672,3.8565590381622314,3.118063449859619,3.617476463317871,2.935185432434082,4.025403022766113,3.3410747051239014,ukr_dialects
2.931,full_cascade,6fe0c19b1687d9fd,3.250915288925171,4.280580043792725,3.3647894859313965,4.722088813781738,3.2215144634246826,4.485919952392578,3.8863232135772705,ukr_dialects
2.931,normalized_per_item_best,6fe0c19b1687d9fd,3.250915288925171,4.280580043792725,3.3647894859313965,4.722088813781738,3.2215144634246826,4.485919952392578,3.8863232135772705,ukr_dialects
6.144,normalized_original,ebbb475ae0b3b99d,4.155115127563477,4.384804725646973,2.306217670440674,4.243100166320801,3.036961078643799,4.657804489135742,3.8936662673950195,ukr_dialects
6.144,full_cascade,ebbb475ae0b3b99d,4.4286699295043945,4.000070571899414,3.0965495109558105,4.442389488220215,3.2834622859954834,4.687798976898193,3.7449264526367188,ukr_dialects
6.144,normalized_per_item_best,ebbb475ae0b3b99d,4.4286699295043945,4.000070571899414,3.0965495109558105,4.442389488220215,3.2834622859954834,4.687798976898193,3.7449264526367188,ukr_dialects
2.88,normalized_original,0b4b8c379f2776ff,3.1761059761047363,4.22943639755249,3.7953667640686035,3.439980983734131,2.58333158493042,3.9014859199523926,2.9872641563415527,ukr_dialects
2.88,full_cascade,0b4b8c379f2776ff,3.247202157974243,4.214575290679932,3.759453296661377,4.567842960357666,2.6090621948242188,3.756641387939453,3.1786305904388428,ukr_dialects
2.88,normalized_per_item_best,0b4b8c379f2776ff,3.247202157974243,4.214575290679932,3.759453296661377,4.567842960357666,2.6090621948242188,3.756641387939453,3.1786305904388428,ukr_dialects
9.84,normalized_original,d493e655c444f5ff,2.344189167022705,3.278789520263672,3.1337060928344727,1.9636034965515137,2.3291797637939453,3.2841269969940186,3.009873628616333,ukr_dialects
9.84,full_cascade,d493e655c444f5ff,3.179384231567383,4.422182083129883,2.498272657394409,4.627446174621582,2.9207358360290527,4.721630096435547,3.93324875831604,ukr_dialects
9.84,normalized_per_item_best,d493e655c444f5ff,3.179384231567383,4.422182083129883,2.498272657394409,4.627446174621582,2.9207358360290527,4.721630096435547,3.93324875831604,ukr_dialects
5.0,normalized_original,ad367fcec6fcb05a,2.4108922481536865,3.8067352771759033,3.17350697517395,2.8998029232025146,2.8182947635650635,4.092395782470703,3.288705825805664,ukr_dialects
5.0,full_cascade,ad367fcec6fcb05a,4.165340423583984,4.148829460144043,3.6098291873931885,4.5290937423706055,3.066753625869751,4.648022174835205,3.618978500366211,ukr_dialects
5.0,normalized_per_item_best,ad367fcec6fcb05a,4.165340423583984,4.148829460144043,3.6098291873931885,4.5290937423706055,3.066753625869751,4.648022174835205,3.618978500366211,ukr_dialects
11.328,normalized_original,ac39b8868249abce,3.8623673915863037,4.1168622970581055,2.6161253452301025,4.089251518249512,2.7613422870635986,4.515911102294922,3.056319236755371,ukr_dialects
11.328,full_cascade,ac39b8868249abce,3.4641199111938477,4.344521522521973,3.3111398220062256,4.662854194641113,2.9852652549743652,4.760959148406982,3.460026502609253,ukr_dialects
11.328,normalized_per_item_best,ac39b8868249abce,3.4641199111938477,4.344521522521973,3.3111398220062256,4.662854194641113,2.9852652549743652,4.760959148406982,3.460026502609253,ukr_dialects
11.876,normalized_original,bc7742c907d24d2f,3.7129321098327637,4.791041851043701,3.78983998298645,4.360702037811279,2.9128782749176025,2.896451473236084,3.444979667663574,ukr_dialects
11.876,full_cascade,bc7742c907d24d2f,3.428718090057373,4.091773986816406,3.728734254837036,4.137821197509766,3.1340391635894775,4.783411026000977,3.5530312061309814,ukr_dialects
11.876,normalized_per_item_best,bc7742c907d24d2f,3.428718090057373,4.091773986816406,3.728734254837036,4.137821197509766,3.1340391635894775,4.783411026000977,3.5530312061309814,ukr_dialects
6.71,normalized_original,4d7035ab3ea935bb,2.96293568611145,4.425165176391602,3.3467164039611816,2.76863431930542,2.3841164112091064,3.8696582317352295,2.857463836669922,ukr_dialects
6.71,full_cascade,4d7035ab3ea935bb,3.526758909225464,4.067035675048828,3.6183106899261475,4.05073881149292,3.4891135692596436,4.32279109954834,3.8757336139678955,ukr_dialects
6.71,normalized_per_item_best,4d7035ab3ea935bb,3.526758909225464,4.067035675048828,3.6183106899261475,4.05073881149292,3.4891135692596436,4.32279109954834,3.8757336139678955,ukr_dialects
2.46,normalized_original,1dae50f6c705d197,2.227612257003784,4.798915863037109,2.05989670753479,2.40032958984375,1.4314470291137695,2.220777988433838,2.0468902587890625,ukr_dialects
2.46,full_cascade,1dae50f6c705d197,2.8687245845794678,4.2359185218811035,3.4379994869232178,4.515037536621094,2.898414134979248,4.765993118286133,3.6292974948883057,ukr_dialects
2.46,normalized_per_item_best,1dae50f6c705d197,2.8687245845794678,4.2359185218811035,3.4379994869232178,4.515037536621094,2.898414134979248,4.765993118286133,3.6292974948883057,ukr_dialects
10.432,normalized_original,549386c09d2fcf4a,4.393300533294678,4.293952465057373,2.4909310340881348,4.1399664878845215,2.952888011932373,4.390407085418701,3.6220667362213135,ukr_dialects
10.432,full_cascade,549386c09d2fcf4a,4.253312110900879,4.135190963745117,3.7383999824523926,4.338454246520996,3.004328966140747,4.648360252380371,3.5045292377471924,ukr_dialects
10.432,normalized_per_item_best,549386c09d2fcf4a,4.253312110900879,4.135190963745117,3.7383999824523926,4.338454246520996,3.004328966140747,4.648360252380371,3.5045292377471924,ukr_dialects
2.1466666666666665,normalized_original,0d5acbee36e35f4b,3.153256416320801,3.9688165187835693,3.200605869293213,3.1323399543762207,3.0236313343048096,4.432604789733887,3.2319624423980713,ukr_dialects
2.1466666666666665,full_cascade,0d5acbee36e35f4b,3.077235221862793,3.573211908340454,3.0519347190856934,4.525124549865723,2.1342592239379883,4.34807014465332,2.505521059036255,ukr_dialects
2.1466666666666665,normalized_per_item_best,0d5acbee36e35f4b,3.153256416320801,3.9688165187835693,3.200605869293213,3.1323399543762207,3.0236313343048096,4.432604789733887,3.2319624423980713,ukr_dialects
5.1,normalized_original,a6390ea60fa8955f,3.4729115962982178,3.6518466472625732,3.0525217056274414,3.246122121810913,2.758862257003784,2.985736608505249,3.137225866317749,ukr_dialects
5.1,full_cascade,a6390ea60fa8955f,3.4852123260498047,3.8171424865722656,3.4831857681274414,4.501960754394531,2.8475759029388428,4.058778762817383,3.1900687217712402,ukr_dialects
5.1,normalized_per_item_best,a6390ea60fa8955f,3.4852123260498047,3.8171424865722656,3.4831857681274414,4.501960754394531,2.8475759029388428,4.058778762817383,3.1900687217712402,ukr_dialects
10.9,normalized_original,1de226ddd11f1191,3.489354133605957,4.46122932434082,3.647962808609009,3.9629604816436768,3.272108554840088,4.204538345336914,3.7024245262145996,ukr_dialects
10.9,full_cascade,1de226ddd11f1191,3.8508331775665283,4.533357620239258,3.9260427951812744,4.596043586730957,3.6005213260650635,4.211052894592285,4.159311294555664,ukr_dialects
10.9,normalized_per_item_best,1de226ddd11f1191,3.8508331775665283,4.533357620239258,3.9260427951812744,4.596043586730957,3.6005213260650635,4.211052894592285,4.159311294555664,ukr_dialects
10.9,normalized_per_item_best_ge3_5,1de226ddd11f1191,3.8508331775665283,4.533357620239258,3.9260427951812744,4.596043586730957,3.6005213260650635,4.211052894592285,4.159311294555664,ukr_dialects
6.69,normalized_original,04413a02ee61f031,2.9878134727478027,3.3901925086975098,3.0063297748565674,2.0342209339141846,2.0631232261657715,3.006007671356201,2.7309436798095703,ukr_dialects
6.69,full_cascade,04413a02ee61f031,3.990579843521118,3.841096878051758,3.421079158782959,4.225379943847656,3.422166109085083,4.569984436035156,4.000091075897217,ukr_dialects
6.69,normalized_per_item_best,04413a02ee61f031,3.990579843521118,3.841096878051758,3.421079158782959,4.225379943847656,3.422166109085083,4.569984436035156,4.000091075897217,ukr_dialects
5.924,normalized_original,afb0639f8533a96a,4.019533157348633,4.288324356079102,2.6122069358825684,3.959695816040039,3.1614389419555664,4.5577898025512695,3.6845765113830566,ukr_dialects
5.924,full_cascade,afb0639f8533a96a,3.7699177265167236,3.925473928451538,3.074864625930786,4.135785102844238,3.0165109634399414,4.744022369384766,3.8519201278686523,ukr_dialects
5.924,normalized_per_item_best,afb0639f8533a96a,4.019533157348633,4.288324356079102,2.6122069358825684,3.959695816040039,3.1614389419555664,4.5577898025512695,3.6845765113830566,ukr_dialects
9.529333333333334,normalized_original,7265b848bca4d28e,3.8407392501831055,4.203817367553711,3.088210344314575,4.09589958190918,3.181126117706299,4.334226608276367,3.502840280532837,ukr_dialects
9.529333333333334,full_cascade,7265b848bca4d28e,4.228385925292969,4.571105003356934,3.9500491619110107,4.396786689758301,3.384202480316162,4.956546783447266,3.558706521987915,ukr_dialects
9.529333333333334,normalized_per_item_best,7265b848bca4d28e,4.228385925292969,4.571105003356934,3.9500491619110107,4.396786689758301,3.384202480316162,4.956546783447266,3.558706521987915,ukr_dialects
19.822666666666667,normalized_original,2890141f6247d55f,4.501704216003418,4.574936389923096,2.799133777618408,4.459656715393066,3.2535324096679688,4.979493141174316,3.576308488845825,ukr_dialects
19.822666666666667,full_cascade,2890141f6247d55f,3.8064563274383545,4.158585548400879,3.131237745285034,4.406631946563721,2.887667655944824,4.873202800750732,3.086031675338745,ukr_dialects
19.822666666666667,normalized_per_item_best,2890141f6247d55f,4.501704216003418,4.574936389923096,2.799133777618408,4.459656715393066,3.2535324096679688,4.979493141174316,3.576308488845825,ukr_dialects
7.45,normalized_original,a95bca27330ef230,3.5177700519561768,3.9631688594818115,3.9671106338500977,3.2582788467407227,3.17702054977417,3.298154354095459,3.686009645462036,ukr_dialects
7.45,full_cascade,a95bca27330ef230,3.795010566711426,4.248091697692871,3.875875473022461,4.403290748596191,3.4378092288970947,4.733789443969727,3.9372904300689697,ukr_dialects
7.45,normalized_per_item_best,a95bca27330ef230,3.795010566711426,4.248091697692871,3.875875473022461,4.403290748596191,3.4378092288970947,4.733789443969727,3.9372904300689697,ukr_dialects
6.699,normalized_original,858792926bd04b40,3.679029941558838,4.13798713684082,3.352559804916382,3.1871674060821533,2.7623820304870605,3.0223195552825928,3.3544743061065674,ukr_dialects
6.699,full_cascade,858792926bd04b40,3.922606945037842,4.628456115722656,4.161186218261719,4.289910793304443,3.267385959625244,4.773698329925537,3.7533469200134277,ukr_dialects
6.699,normalized_per_item_best,858792926bd04b40,3.922606945037842,4.628456115722656,4.161186218261719,4.289910793304443,3.267385959625244,4.773698329925537,3.7533469200134277,ukr_dialects
5.58,normalized_original,34298b8fbc78f285,3.4136738777160645,4.220379829406738,3.8556580543518066,3.657144069671631,2.891197443008423,4.12809944152832,3.426114082336426,ukr_dialects
5.58,full_cascade,34298b8fbc78f285,4.113287448883057,3.8193490505218506,4.165007591247559,4.571041107177734,3.779881715774536,4.860194206237793,4.151700019836426,ukr_dialects
5.58,normalized_per_item_best,34298b8fbc78f285,4.113287448883057,3.8193490505218506,4.165007591247559,4.571041107177734,3.779881715774536,4.860194206237793,4.151700019836426,ukr_dialects
5.58,normalized_per_item_best_ge3_5,34298b8fbc78f285,4.113287448883057,3.8193490505218506,4.165007591247559,4.571041107177734,3.779881715774536,4.860194206237793,4.151700019836426,ukr_dialects
3.15,normalized_original,5a9e8cef3dac3395,3.1500983238220215,3.831005334854126,3.28027606010437,2.6332507133483887,2.7071526050567627,3.5244693756103516,3.3912405967712402,ukr_dialects
3.15,full_cascade,5a9e8cef3dac3395,3.402273178100586,4.32804012298584,4.116415977478027,4.075626373291016,3.164644718170166,4.661016941070557,3.7144088745117188,ukr_dialects
3.15,normalized_per_item_best,5a9e8cef3dac3395,3.402273178100586,4.32804012298584,4.116415977478027,4.075626373291016,3.164644718170166,4.661016941070557,3.7144088745117188,ukr_dialects
11.012,normalized_original,b9787bd603a6f2a2,2.991575002670288,4.860366344451904,3.3218772411346436,4.393924713134766,3.1653056144714355,4.303149223327637,3.960775136947632,ukr_dialects
11.012,full_cascade,b9787bd603a6f2a2,3.6726934909820557,4.225980758666992,3.170340061187744,3.8495256900787354,2.6802027225494385,4.715151786804199,3.5874571800231934,ukr_dialects
11.012,normalized_per_item_best,b9787bd603a6f2a2,2.991575002670288,4.860366344451904,3.3218772411346436,4.393924713134766,3.1653056144714355,4.303149223327637,3.960775136947632,ukr_dialects
