clearervoice_sidon_deepfilternet3_wet0.5_sigmos_overall,clearervoice_sidon_deepfilternet3_wet1_sigmos_overall,clearervoice_sidon_wet0.5_sigmos_overall,clearervoice_sidon_wet1_sigmos_overall,clearervoice_wet0.5_sigmos_overall,clearervoice_wet0.75_sigmos_overall,clearervoice_wet1_sigmos_overall,deepfilternet3_peakminus3_wet0.75_sigmos_overall,deepfilternet3_peakminus3_wet1_sigmos_overall,deepfilternet3_wet0.5_sigmos_overall,deepfilternet3_wet1_sigmos_overall,duration_seconds,identity_wet1_sigmos_overall,legacy_v8_exact_sigmos_overall,normalized_original_sigmos_overall,original_sigmos_overall,retained,sample_id,selected_audio_sha256,selected_sigmos_overall,selected_variant,sidon_wet0.5_sigmos_overall,sidon_wet1_sigmos_overall,source_id
2.648209571838379,3.102125406265259,2.96144700050354,3.05972957611084,2.8652825355529785,2.7324702739715576,2.930006265640259,2.733273983001709,3.1494593620300293,2.8396153450012207,3.0785322189331055,2.1373333333333333,2.9200828075408936,2.9409401416778564,2.9200828075408936,3.0931668281555176,False,bd744dfcb13a4bc3,c4564e7c83afd6fd94f105ba8ba46b4e54a8035f6ce532a42fec433f242164d0,3.1494593620300293,deepfilternet3_peakminus3_wet1,2.672783136367798,2.6700093746185303,common_voice_available_uk
3.0868892669677734,3.27665638923645,3.2719950675964355,3.304955244064331,3.054744243621826,3.0491585731506348,3.043541669845581,2.9857232570648193,3.419856548309326,3.0130999088287354,3.421544313430786,3.9013333333333335,3.063638925552368,3.252115488052368,3.063638925552368,3.0878286361694336,False,3629efade9dc9d0e,e1e38a55c10e7b092814334cc43893067c2a9c28b36bca218d70e783b58eff61,3.421544313430786,deepfilternet3_wet1,3.1985387802124023,3.3236329555511475,common_voice_available_uk
2.8537163734436035,3.223376512527466,2.9353880882263184,3.2096481323242188,3.0137381553649902,3.0168566703796387,3.02133846282959,2.9725444316864014,2.9599506855010986,2.986565351486206,2.9757282733917236,2.1733333333333333,3.0066885948181152,3.094697952270508,3.0066885948181152,2.7286770343780518,False,84647c0a102141c6,54b26b64888c2334231d78d2e3566c477fced2df991d6be081494ec5dabf57f4,3.327483654022217,sidon_wet1,2.958672046661377,3.327483654022217,common_voice_available_uk
3.589956283569336,3.6276469230651855,3.566147804260254,3.647355318069458,3.432814121246338,3.465099811553955,3.314709424972534,3.4528093338012695,3.5374698638916016,3.3935232162475586,3.492255210876465,4.616,3.3526611328125,3.3862709999084473,3.3526611328125,3.1851558685302734,True,6c03301a3071c15b,430434786b2780c72dac662f0d0ae8e9a0c2b26e5e0567d0c71d221759fece38,3.6926493644714355,sidon_wet1,3.6160149574279785,3.6926493644714355,common_voice_available_uk
3.0358500480651855,3.7340965270996094,3.161998748779297,3.855593681335449,3.0629618167877197,3.188939094543457,3.383246660232544,3.5016229152679443,3.633000612258911,3.218658447265625,3.5636141300201416,3.1773333333333333,2.969014883041382,3.1278820037841797,2.969014883041382,3.0026283264160156,True,cbfd56eb3da1a4e8,9d8d39f597b94768892094f649457f87129f543fd0a3f766d144bbcf3f200260,3.855593681335449,clearervoice_sidon_wet1,2.92866849899292,3.630659341812134,common_voice_available_uk
2.7853176593780518,3.0525290966033936,2.6160664558410645,3.1653075218200684,1.8153889179229736,2.0839602947235107,2.6700098514556885,2.0846285820007324,2.5339691638946533,1.8810231685638428,2.5690994262695312,5.790666666666667,2.003629446029663,3.106552839279175,2.003629446029663,1.8856616020202637,False,24ec86e44425eb2e,460fdb53d8689760ea6bc72c2c53b956511d065d06860a90584956be6f7bbb64,3.1653075218200684,clearervoice_sidon_wet1,2.512967348098755,3.0445525646209717,common_voice_available_uk
2.94488263130188,2.9339935779571533,2.9937777519226074,3.073119878768921,3.580427408218384,3.5736658573150635,3.5587716102600098,3.582261085510254,3.489396810531616,3.6135506629943848,3.502418041229248,4.413333333333333,3.5874297618865967,3.0190813541412354,3.5874297618865967,3.542668104171753,True,0135d9e7c341b143,013fe471bc70f6c7b9416d116dc6fde1a99ba12c5f8e016973c1b50a65704017,3.6135506629943848,deepfilternet3_wet0.5,3.011371374130249,3.086731433868408,common_voice_available_uk
2.9078500270843506,2.977206230163574,2.767822027206421,2.9648542404174805,3.100384473800659,3.1022393703460693,3.107868194580078,3.209291458129883,3.2877471446990967,3.188964366912842,3.2690861225128174,5.128,3.094186544418335,3.193225383758545,3.094186544418335,3.095689296722412,False,6a5bd47b2ed86885,4911ae65ada92de6bab59eeb6bdc31d3e59f07ed68fb2d482f2ff678c2969577,3.2877471446990967,deepfilternet3_peakminus3_wet1,2.846956253051758,3.0192201137542725,common_voice_available_uk
3.366881847381592,3.5653669834136963,3.056471109390259,3.4678773880004883,3.411318302154541,3.2873847484588623,3.123857021331787,3.4108166694641113,3.2289531230926514,3.4868862628936768,3.2250678539276123,2.1586666666666665,3.498164653778076,2.989417552947998,3.498164653778076,3.3698861598968506,True,4ecfb59c39b134fc,46ec5e4d2eed4a5e695ee683bb4167ee309a0bfaf538d937a2ba2aba566bf273,3.5653669834136963,clearervoice_sidon_deepfilternet3_wet1,3.417807102203369,3.3943111896514893,common_voice_available_uk
2.5844337940216064,2.7050957679748535,2.685535430908203,2.5865399837493896,2.4942381381988525,2.487731695175171,2.532454013824463,2.8459794521331787,3.0285110473632812,2.6231348514556885,2.997906446456909,3.7053333333333334,2.475951671600342,2.8210701942443848,2.475951671600342,2.352478504180908,False,5133ff96c7655a6a,7273611e621a3ed4e37aa7c814d38f9b2a62de4bc803f447ee4497461576e96a,3.0285110473632812,deepfilternet3_peakminus3_wet1,2.654484272003174,2.5904312133789062,common_voice_available_uk
3.3706459999084473,3.7495031356811523,3.3206558227539062,3.5252861976623535,3.158907651901245,3.184161901473999,3.2476208209991455,3.1348929405212402,3.207163095474243,3.110447645187378,3.333158254623413,2.8026666666666666,3.018712043762207,3.5383870601654053,3.018712043762207,3.1190173625946045,True,8533ec104c4a8f77,37c4c71f754647b7992a02507dfb200b0b1b021cf2d27f18f5b936ba6031f91f,3.7495031356811523,clearervoice_sidon_deepfilternet3_wet1,3.394860029220581,3.541735887527466,common_voice_available_uk
3.0801968574523926,3.310652017593384,2.9834890365600586,3.2386598587036133,3.096562147140503,3.18448805809021,3.3750205039978027,3.0916004180908203,3.3843994140625,3.0059030055999756,3.375703811645508,6.52,3.069671154022217,3.033050298690796,3.069671154022217,3.538736343383789,True,5d364a6c2903e148,0cfd1bee55e883d6456fd365802067a304c5280433c14056f17812afed63dbe1,3.538736343383789,original,3.0358898639678955,3.283504009246826,common_voice_available_uk
2.7968523502349854,3.1952033042907715,2.503767251968384,2.9064223766326904,2.8004202842712402,2.7355916500091553,2.6165623664855957,2.6258251667022705,2.7996137142181396,2.709226369857788,2.8199758529663086,3.2786666666666666,2.6483709812164307,2.7979373931884766,2.6483709812164307,2.739816904067993,False,38fd6a3a807cdb79,e5548e574abc1ea4436c75e3a86537bab29c6cd25c4b53461e7614c35ca22da1,3.195958375930786,sidon_wet1,2.6996166706085205,3.195958375930786,common_voice_available_uk
2.418485164642334,2.794985771179199,2.220033884048462,2.6883580684661865,2.6921448707580566,2.6914920806884766,2.63468599319458,2.6240453720092773,2.727914810180664,2.61537766456604,2.729750633239746,5.04,2.643728256225586,2.550835132598877,2.643728256225586,3.1286566257476807,False,ca34ec7922ab8b2d,2ed770bf901c1c278529afe16c6c98655e78287b82e22a0ab405f15194e2c1c2,3.1286566257476807,original,2.737304449081421,2.890120267868042,common_voice_available_uk
3.245410203933716,2.9228858947753906,3.278265953063965,3.1285133361816406,3.478677749633789,3.515977382659912,3.5067200660705566,3.490027904510498,3.5023298263549805,3.4925591945648193,3.4869396686553955,5.522666666666667,3.4300689697265625,3.1822235584259033,3.4300689697265625,3.2212727069854736,True,ab0e038430cc081c,ba7093d49887766df3368b3791898629298294ddc104f98a8483d1a7a7749df0,3.515977382659912,clearervoice_wet0.75,3.0552806854248047,3.0914554595947266,common_voice_available_uk
3.234358549118042,3.2916147708892822,3.3906874656677246,3.433551549911499,3.642688512802124,3.624037027359009,3.6053380966186523,3.723059892654419,3.83660626411438,3.699793815612793,3.8051867485046387,6.06,3.6554417610168457,3.133831739425659,3.6554417610168457,3.844521999359131,True,ff90f1ed5503526e,9600c71fe16aafe26241b79da940ddf157dbc8444e3dab4e2bc3179baba5d237,3.844521999359131,original,3.2587814331054688,3.1487574577331543,common_voice_available_uk
2.9593069553375244,2.8278963565826416,2.9455208778381348,2.816152334213257,2.8353111743927,2.8172237873077393,2.8255202770233154,2.773075580596924,2.8871407508850098,2.7576842308044434,3.153411626815796,6.990666666666667,2.8466756343841553,2.730778694152832,2.8466756343841553,2.821192741394043,False,7473140318a74b25,62163c0a6b690d045862b8781e9363c3bd6d077f4ee6a3ee834ba0fa3d2c83bf,3.153411626815796,deepfilternet3_wet1,2.920545816421509,3.0734217166900635,common_voice_available_uk
2.485050916671753,2.88665509223938,2.5077643394470215,2.7215065956115723,2.7521612644195557,2.7522575855255127,2.730290174484253,2.8068840503692627,2.83271861076355,2.7848927974700928,2.8391237258911133,3.28,2.768275022506714,2.754154682159424,2.768275022506714,3.120582103729248,False,41d4e2df38c4b189,1cf620527eb3bd6af40f8cb5a2191083f630f61900e04ad6b6e23cf2e9ff99ad,3.120582103729248,original,2.7024219036102295,2.6881330013275146,common_voice_available_uk
3.041356086730957,3.296506643295288,2.9561567306518555,3.3403513431549072,2.9544355869293213,2.975910186767578,2.978332757949829,3.1949872970581055,3.260746479034424,3.066765546798706,3.2132508754730225,2.481333333333333,2.939603567123413,3.32851505279541,2.939603567123413,3.189877510070801,False,c3f9be4f84d2b726,f1e5320f0f5eb687f9564a4966ddd287c587e77a43cdb41a9915c03b31d66280,3.3403513431549072,clearervoice_sidon_wet1,2.958559513092041,3.2989697456359863,common_voice_available_uk
2.7936956882476807,3.2858173847198486,2.720386266708374,3.2566628456115723,2.962085247039795,2.986426591873169,3.0023605823516846,2.8470265865325928,2.833955764770508,2.8779239654541016,2.8371031284332275,3.336,2.9272754192352295,2.863344669342041,2.9272754192352295,3.0090134143829346,False,b09fe4f7cea768ec,6a95aad1bcf135774e52b3b04b3e6d98a4f429949d237e3ff2e90ff8006712ea,3.3179643154144287,sidon_wet1,2.6853415966033936,3.3179643154144287,common_voice_available_uk
2.7724766731262207,2.5971899032592773,2.7378804683685303,2.566762924194336,2.608962297439575,2.6086370944976807,2.6073343753814697,2.6960504055023193,2.791377544403076,2.666494607925415,2.777677297592163,3.976,2.595951795578003,3.001492738723755,2.595951795578003,2.4284584522247314,False,eb9c7a9c0d8f73a4,ca934ad8fa3efd63aaf49ed12acf3a631921fe9982964c1639fcd8d3e59df6c1,3.001492738723755,legacy_v8_exact,2.794557571411133,2.5679264068603516,common_voice_available_uk
2.9827446937561035,3.0173637866973877,2.9367570877075195,3.046213150024414,2.885838508605957,2.87437105178833,2.8668808937072754,2.93880295753479,2.8978631496429443,2.944798469543457,2.896199941635132,2.7173333333333334,2.9068970680236816,2.945650815963745,2.9068970680236816,2.9662766456604004,False,1301ea43d77db291,6ca0198d3cf7c3ed8281ab410f84807df75bd788276c2cd24483a829a9ddcf09,3.046213150024414,clearervoice_sidon_wet1,2.9638240337371826,2.955411195755005,common_voice_available_uk
3.365631103515625,3.4293065071105957,3.2749359607696533,3.313145637512207,3.5155320167541504,3.5539307594299316,3.5659358501434326,3.5897328853607178,3.641861915588379,3.5989341735839844,3.655656099319458,8.76,3.4877371788024902,3.6636886596679688,3.4877371788024902,3.6897456645965576,True,64d83204af96c39b,a881390d0e1722f20f55f9eeeb5fddfcb16cf595c4be9b112e43a53d794511d1,3.6897456645965576,original,3.2335259914398193,3.2946770191192627,common_voice_available_uk
2.9336559772491455,2.822066068649292,2.7785632610321045,3.0575966835021973,3.1868479251861572,3.012454032897949,2.6717705726623535,2.8299033641815186,2.7362163066864014,3.14538311958313,2.8417036533355713,2.74,2.9655041694641113,2.510718822479248,2.9655041694641113,2.981020927429199,False,9674a4979706a3df,8fe666843c787e92926cd23cb7c0e68b83ade26e8c32098c82e0f11e1ce5038c,3.3806803226470947,sidon_wet0.5,3.3806803226470947,3.358626127243042,common_voice_available_uk
3.3800458908081055,3.318108558654785,3.3299925327301025,3.3586173057556152,3.0008606910705566,3.0188193321228027,3.036195993423462,3.2003896236419678,3.300765037536621,3.086786985397339,3.2452869415283203,3.1546666666666665,2.973775625228882,3.411935806274414,2.973775625228882,3.1008403301239014,False,bf550da08426634d,293f065bd6b860238a88ecca7ad4f8d5f015da8e9af7ced37fa577cbc2f9e080,3.411935806274414,legacy_v8_exact,3.2610371112823486,3.369450807571411,common_voice_available_uk
2.3293087482452393,2.8412106037139893,2.3496358394622803,2.8240203857421875,2.573899745941162,2.6112141609191895,2.666950225830078,2.776564121246338,2.8555800914764404,2.7312991619110107,2.8723790645599365,3.528,2.5537240505218506,2.8865272998809814,2.5537240505218506,2.864337682723999,False,578ab3ffd0615d7f,80d707943f7929972fdc208100c78ffacab88aeef8f76ad372765a103afecb4e,2.8865272998809814,legacy_v8_exact,2.459524631500244,2.7191972732543945,common_voice_available_uk
2.332883834838867,2.7699835300445557,2.4155468940734863,2.6488864421844482,2.694417953491211,2.7111690044403076,2.655578374862671,2.7680270671844482,2.971337080001831,2.681628942489624,2.9367730617523193,2.493333333333333,2.590960741043091,3.2542266845703125,2.590960741043091,2.3608953952789307,False,3c96bcbce614c65c,0d34623b1f1eeec479fe788500c4545c39b6ed94f378a7703135332fadb24f00,3.2627646923065186,sidon_wet1,2.5347816944122314,3.2627646923065186,common_voice_available_uk
2.811002492904663,2.7190985679626465,2.7737951278686523,3.034770965576172,3.0552921295166016,3.04154634475708,3.0376224517822266,2.7244045734405518,2.6239898204803467,2.944384813308716,2.6292946338653564,2.38,3.0587422847747803,2.8133609294891357,3.0587422847747803,3.0274248123168945,False,0fe8215e64d6622c,171454c3f28c07b70ebe875dcf6cb57f44cf738e84a58e80683249859eec562d,3.1213631629943848,sidon_wet1,2.9567623138427734,3.1213631629943848,common_voice_available_uk
3.2631711959838867,3.2364625930786133,3.153718948364258,3.2572195529937744,2.8623924255371094,2.8832552433013916,2.853022813796997,2.8064582347869873,3.223743200302124,2.9849348068237305,3.2745485305786133,2.24,2.9174020290374756,3.3931260108947754,2.9174020290374756,2.932988405227661,False,cf94736feb4a459c,3a706e4bcf24e96c4396772862378dd3dcb47fcd48bd8c6d121f00018232c7af,3.3931260108947754,legacy_v8_exact,3.1759657859802246,3.20155668258667,common_voice_available_uk
2.6802406311035156,2.8479559421539307,2.612234115600586,2.7351326942443848,2.8325631618499756,2.839062213897705,2.8432960510253906,2.916118621826172,2.9610164165496826,2.903881549835205,2.972076892852783,3.688,2.8290011882781982,3.1281027793884277,2.8290011882781982,2.760632276535034,False,1f1d91b9f7e3fe0a,8215a89b5a3644974c9b5efbb4ac1010d6ce92b579603faa655d32fe3176913d,3.1281027793884277,legacy_v8_exact,2.6115193367004395,2.6762423515319824,common_voice_available_uk
2.400156259536743,3.3276922702789307,2.439622640609741,3.294745922088623,2.407033681869507,2.4390342235565186,2.4459874629974365,3.0467112064361572,3.40566086769104,2.7210264205932617,3.5111374855041504,5.544,2.3682966232299805,3.1602706909179688,2.3682966232299805,2.20271372795105,True,982c1557c707c37b,a2fef7f66740783478baee8cd066bc38b5cd724773d07ba55ba0d8add7d47620,3.5111374855041504,deepfilternet3_wet1,2.453679323196411,3.282071828842163,common_voice_available_uk
2.6169533729553223,2.901360511779785,2.5682642459869385,2.773822546005249,2.7282180786132812,2.7302253246307373,2.735753059387207,2.788573980331421,2.7957370281219482,2.8037161827087402,2.796086549758911,4.221333333333333,2.7162680625915527,2.8349967002868652,2.7162680625915527,2.5665736198425293,False,3c57bf263f27ea98,ac72f39cb4760bff2600f877f85eca8fa75b0e6252d20aa489454aaf659de765,2.901360511779785,clearervoice_sidon_deepfilternet3_wet1,2.632704973220825,2.7743475437164307,common_voice_available_uk
3.3218495845794678,3.4236350059509277,2.9728610515594482,2.992842197418213,2.9331247806549072,2.937213182449341,2.9496772289276123,3.234203577041626,3.0672500133514404,3.2059316635131836,3.0836856365203857,5.405333333333333,2.9232940673828125,3.1601719856262207,2.9232940673828125,3.3733437061309814,False,223134094e8e5ab0,519525da444a59a9bf36b86eb3e7f7fcac6f98755789f0626c75eba861e46785,3.4236350059509277,clearervoice_sidon_deepfilternet3_wet1,2.960703134536743,2.9474434852600098,common_voice_available_uk
2.910156011581421,3.235719680786133,2.908291816711426,3.047386646270752,3.1063082218170166,3.110396385192871,3.099743127822876,3.121443748474121,3.046750545501709,3.09578275680542,2.999650001525879,5.512,3.0954549312591553,3.5560619831085205,3.0954549312591553,2.8577933311462402,True,52add74227b0d21d,33da95799c0ca08fa0fba4ab2ecdd48c1c05dba77afb58e92aef62d96f9895c6,3.5560619831085205,legacy_v8_exact,2.800544500350952,3.0800774097442627,common_voice_available_uk
3.709019660949707,3.7127912044525146,3.930105447769165,3.959430456161499,3.3327906131744385,3.3404481410980225,3.3433046340942383,3.633915424346924,3.6809751987457275,3.51267409324646,3.6459710597991943,5.597333333333333,3.3312296867370605,3.2616918087005615,3.3312296867370605,3.7334742546081543,True,94a9ab653ca83902,cc44761316518facf8ba076f1c6d6d0cff1119e9988ef552c809683d967bbd33,3.959430456161499,clearervoice_sidon_wet1,3.8967628479003906,3.928929567337036,common_voice_available_uk
2.846316337585449,2.862722873687744,2.9549105167388916,3.1185853481292725,2.383336305618286,2.0762174129486084,2.451188325881958,2.42509388923645,2.5587191581726074,2.454587697982788,2.590038537979126,2.7,2.260241985321045,3.092177629470825,2.260241985321045,2.2403934001922607,False,fc6ff47c2e709833,315694809672880bad9008842ddb0a30a3bf6b1a0c84fc8a1efd37bc8cdb309a,3.1185853481292725,clearervoice_sidon_wet1,2.9570116996765137,3.1104187965393066,common_voice_available_uk
2.7560877799987793,3.0640323162078857,2.8493740558624268,2.903865098953247,2.598176956176758,2.604951858520508,2.6125433444976807,2.8284451961517334,2.907209634780884,2.683284044265747,2.8877742290496826,3.1653333333333333,2.583728790283203,3.0816142559051514,2.583728790283203,2.678581714630127,False,347243982690b318,ff93ac53e89c801de22c764816a6d4e9b2cff1b12b18ca768f6690ffa4f3b76e,3.0816142559051514,legacy_v8_exact,2.8230674266815186,2.8181395530700684,common_voice_available_uk
2.8299434185028076,2.7730748653411865,2.738295316696167,2.8963782787323,2.7631618976593018,2.718041181564331,2.7628097534179688,3.284018039703369,3.080143690109253,3.0561842918395996,3.1192307472229004,6.045333333333334,2.821112632751465,2.9317307472229004,2.821112632751465,2.6378865242004395,False,d8e32e33e5c1df29,60d9f769eabaf2d178b36b3feb4646dd31bfff03fc7d3d5d9b178c2157b27aa1,3.284018039703369,deepfilternet3_peakminus3_wet0.75,3.023052930831909,2.780900716781616,common_voice_available_uk
2.6408987045288086,2.683485269546509,2.6067299842834473,2.6128406524658203,2.382373571395874,2.3813655376434326,2.3875575065612793,2.7753348350524902,2.9176723957061768,2.624474048614502,2.8980658054351807,6.205333333333333,2.378180503845215,2.9477622509002686,2.378180503845215,2.3827948570251465,False,a6c984dd79145032,e794107316b55992cba75e15c93d3fb310db760813e6a59bb900a52ac0f47554,2.9477622509002686,legacy_v8_exact,2.6334822177886963,2.750070810317993,common_voice_available_uk
3.322101593017578,3.6245837211608887,3.2212066650390625,3.661086320877075,3.742095947265625,3.5999836921691895,3.6212098598480225,3.3976573944091797,3.636101245880127,3.659181594848633,3.6093409061431885,5.3,3.5092873573303223,3.2435901165008545,3.5092873573303223,3.5425729751586914,True,7670a5b617e193e2,be37d7855cc9185394140ef21082f2d77eebae90dfd56c3c96b5bdcf880a7c66,3.865856647491455,sidon_wet1,3.71883487701416,3.865856647491455,common_voice_available_uk
2.695348024368286,3.1913199424743652,2.6472630500793457,3.129126787185669,2.341116189956665,2.407395124435425,2.5666182041168213,2.581402540206909,2.849126100540161,2.441221237182617,2.8684449195861816,3.3533333333333335,2.46445631980896,2.8986103534698486,2.46445631980896,2.532140016555786,False,5079e636f7eeb344,a816adec06fbf143100780b9abea73b5f9f0f56971b97a6b5dc2deac041dcfce,3.229628324508667,sidon_wet1,2.98817777633667,3.229628324508667,common_voice_available_uk
2.9964358806610107,3.232203960418701,2.8696727752685547,3.384420871734619,2.6735918521881104,2.704319953918457,2.6948962211608887,3.054777145385742,3.1322970390319824,2.8587567806243896,3.129709482192993,5.501333333333333,2.602678060531616,3.126563549041748,2.602678060531616,2.520066261291504,False,b48e8f5f23dbf821,82daa550009b947717f4c5e061260b92693ffd81fb3a83a8ba44572e1c2e6437,3.384420871734619,clearervoice_sidon_wet1,3.1169748306274414,3.2255971431732178,common_voice_available_uk
2.955482006072998,3.199737548828125,2.9226768016815186,3.1854360103607178,1.9081916809082031,1.9845142364501953,2.132502794265747,1.8369956016540527,2.0884015560150146,1.9183571338653564,2.1000258922576904,3.1013333333333333,1.814591646194458,3.3677515983581543,1.814591646194458,2.2117838859558105,False,49b0c44ecf616df0,3ed860e89cfd7e861aa5ac6bcf913f5d41a16bd697b499c440bfebb257c86448,3.3677515983581543,legacy_v8_exact,3.0031239986419678,3.1412014961242676,common_voice_available_uk
3.144801616668701,3.4385948181152344,3.4809393882751465,3.340282917022705,3.9376823902130127,3.83978271484375,3.793060064315796,3.928849220275879,3.895392894744873,3.93251371383667,4.108781814575195,4.594666666666667,3.9693541526794434,3.5678834915161133,3.9693541526794434,4.01768684387207,True,2543d525814a0e4d,79a39441585a71d1dd3615ac70b385baa67fd5add72c106718579199a32f0dee,4.108781814575195,deepfilternet3_wet1,3.2571330070495605,3.375608444213867,common_voice_available_uk
2.3266353607177734,3.2343854904174805,2.248443841934204,3.226121187210083,2.7291481494903564,2.9238555431365967,2.9185945987701416,2.9287843704223633,3.8478288650512695,2.6365182399749756,3.837934732437134,3.56,2.401007890701294,2.9652488231658936,2.401007890701294,2.2897017002105713,True,459224798aad52a0,35cdf31620f8fb68d6c605bca12d32a552ea57daea854790abf2d6bf3c8898d4,3.8478288650512695,deepfilternet3_peakminus3_wet1,2.3450629711151123,3.24167799949646,common_voice_available_uk
2.527261972427368,2.819359064102173,2.917026996612549,2.8307392597198486,2.7082862854003906,2.598694086074829,2.3765997886657715,2.614819288253784,2.5647194385528564,2.6075997352600098,2.6700711250305176,3.28,2.3745615482330322,3.0990490913391113,2.3745615482330322,2.35160756111145,False,1f390e8837ce18f9,178da7aeed5c89b1eee49f4ef444f32c536a4830233a672c68286dc0b19930a7,3.0990490913391113,legacy_v8_exact,2.787898302078247,3.035118341445923,common_voice_available_uk
3.324775218963623,3.141803741455078,3.260035514831543,3.2469170093536377,2.711397886276245,2.776914119720459,3.0290117263793945,3.1357524394989014,3.225123643875122,2.8149380683898926,3.225623607635498,4.466666666666667,2.4831533432006836,3.280836343765259,2.4831533432006836,2.3483517169952393,False,183485db68701b82,50a561d5bca7e39e482fcc2c1c9bb2f9bcd081acdacb0d626aeb364f8b314d93,3.324775218963623,clearervoice_sidon_deepfilternet3_wet0.5,3.028620481491089,3.1768810749053955,common_voice_available_uk
3.4886653423309326,3.3460466861724854,3.4513509273529053,3.3204386234283447,2.9132349491119385,2.910367250442505,2.817126512527466,2.996859073638916,3.173409938812256,2.885734796524048,3.110529899597168,3.368,2.79671573638916,3.1058108806610107,2.79671573638916,3.2655954360961914,False,f83a422bcce4495a,280d329ee752bea0e1c619da52f069af10dccce75135df8a76775f0df10f6d2c,3.4886653423309326,clearervoice_sidon_deepfilternet3_wet0.5,3.418586254119873,3.0887503623962402,common_voice_available_uk
3.2773094177246094,3.1128153800964355,3.2496583461761475,3.148663282394409,2.4597935676574707,2.6218674182891846,2.4359982013702393,2.7471909523010254,2.9809670448303223,2.3250796794891357,2.9075679779052734,4.72,2.0038232803344727,3.18017840385437,2.0038232803344727,2.0131137371063232,True,698677149661b1af,2d60ed8d49bb0586c696108d93246cefd8ae0c8ecae6052bf9cbd5716765c19b,3.6138663291931152,sidon_wet1,3.288992404937744,3.6138663291931152,common_voice_available_uk
2.7438743114471436,2.9951999187469482,2.5903890132904053,2.9068236351013184,2.847163200378418,2.8406951427459717,2.8314156532287598,2.787379741668701,2.784666061401367,2.80553936958313,2.7887041568756104,4.838666666666667,2.864556074142456,3.0716962814331055,2.864556074142456,3.0349414348602295,False,a216b947907cd6e3,e9967e3d843660c3347580ccd32e8d7e3465d7b5120f9f4da8c0b0400a6acda7,3.0716962814331055,legacy_v8_exact,2.685539722442627,2.994741439819336,common_voice_available_uk
2.8907344341278076,3.2104685306549072,2.938096284866333,2.9985921382904053,2.0507071018218994,2.2912087440490723,2.523308038711548,1.998953104019165,1.959031343460083,1.9568655490875244,1.9283421039581299,5.48,1.829188346862793,3.213040828704834,1.829188346862793,2.152219295501709,False,1958758f315c6fed,e0fe0f8eedbb0c6c56d0cf04cb7850cc16e470aef0aaf86a0e3691571808cd5d,3.3954620361328125,sidon_wet1,2.922128915786743,3.3954620361328125,common_voice_available_uk
3.3057808876037598,3.2113990783691406,3.30684232711792,3.4039621353149414,3.2306482791900635,3.2105860710144043,3.170088768005371,3.209458589553833,3.210178852081299,3.2745249271392822,3.243647813796997,3.82,3.2003655433654785,3.0032196044921875,3.2003655433654785,3.407184362411499,False,fbb09073bf2bc113,e94d8d79cc6895f3c98336a3363ad3604dabfd989b158ad84f04409762207e8f,3.407184362411499,original,3.2935352325439453,3.355053663253784,common_voice_available_uk
2.9082021713256836,3.0658109188079834,2.998504161834717,3.114788055419922,2.714743137359619,2.716776132583618,2.778144598007202,2.8183255195617676,2.8873326778411865,2.742354154586792,2.9648683071136475,3.517333333333333,2.753643274307251,3.114335298538208,2.753643274307251,3.19860577583313,False,8642f3af30e2913b,a3adf860afc3636bfdeb0bf5c6745affe8bfd06e108871a88523cf9064059ee9,3.2615230083465576,sidon_wet1,3.1435129642486572,3.2615230083465576,common_voice_available_uk
2.9031975269317627,2.8157575130462646,2.9223809242248535,2.6703901290893555,2.9506571292877197,2.9627866744995117,2.960993766784668,2.807743787765503,2.8037819862365723,2.8394980430603027,2.7917613983154297,3.5,2.943429946899414,2.7157938480377197,2.943429946899414,2.990030527114868,False,e140008b97e6c254,46f3021c5b6edce50c8c301cd8c554935a38e310885578a168a2026173c5cc34,2.990030527114868,original,2.983919620513916,2.849651336669922,common_voice_available_uk
2.9983069896698,3.0309112071990967,2.8572070598602295,3.2749650478363037,2.9369091987609863,2.994565010070801,3.0559918880462646,3.154176712036133,3.2750542163848877,3.098170042037964,3.2728240489959717,2.4146666666666667,3.024768590927124,3.199643611907959,3.024768590927124,2.899552583694458,False,7e7f6a0e8e4dcbb7,da715bd7cc34cc23c82530b6a94ace521338e512194c19e2052dea7aeda2560e,3.2750542163848877,deepfilternet3_peakminus3_wet1,2.9776124954223633,3.0290634632110596,common_voice_available_uk
2.627261161804199,3.0677125453948975,2.9628264904022217,3.08206844329834,3.2387726306915283,3.230865478515625,3.21772837638855,3.38439679145813,3.5807154178619385,3.318361282348633,3.5849804878234863,5.56,3.2480812072753906,3.520660400390625,3.2480812072753906,3.7803754806518555,True,3e1b6ee9cf5311cb,90c1f20a30d4f6bc65e3581e174ae0870963cda198dd45adbbc967d637d02f91,3.7803754806518555,original,2.984792709350586,3.1465625762939453,common_voice_available_uk
2.972050189971924,3.607943296432495,2.9015166759490967,3.5339279174804688,2.6713829040527344,2.668268918991089,2.6601414680480957,2.6101839542388916,2.6889092922210693,2.616718053817749,2.7566592693328857,2.2906666666666666,2.678955316543579,3.4531052112579346,2.6776907444000244,2.9720404148101807,True,d6416741c85c4c37,d3027e6ed71f29772daaf4ac3580cc71277fcd23e45d37b970086d2885ae21b1,3.607943296432495,clearervoice_sidon_deepfilternet3_wet1,2.9718680381774902,3.406553268432617,common_voice_available_uk
2.649212121963501,2.8813042640686035,2.6263797283172607,2.95007061958313,3.089264154434204,3.093254566192627,3.0883688926696777,3.185109853744507,3.1196608543395996,3.1865458488464355,3.1340301036834717,3.64,3.0759127140045166,2.789734363555908,3.0759127140045166,3.425550937652588,False,2604105ea068dbc6,4a1666fb2e01b84bbeaebd8a21dd710dc35ef65afa6488938384ed86242cc492,3.425550937652588,original,2.635129451751709,2.877855062484741,common_voice_available_uk
3.3691599369049072,3.0699522495269775,3.461557149887085,3.0379385948181152,3.475560188293457,3.7475051879882812,3.8091862201690674,3.2754204273223877,3.1506905555725098,3.0867531299591064,3.1742095947265625,3.6,3.2609550952911377,3.06014084815979,3.2609550952911377,3.2888734340667725,True,936349caad0d2f31,793f9dbf415c26add7ac9ab71ca3f298a1fc13efd0641381faf5eba93b9f0c2f,3.8091862201690674,clearervoice_wet1,3.447643995285034,3.375997304916382,common_voice_available_uk
2.5841758251190186,2.6791234016418457,2.530161142349243,2.5956432819366455,2.791753053665161,2.6697161197662354,2.6788430213928223,2.755206823348999,2.4692795276641846,2.843487024307251,2.4896700382232666,2.14,2.535433769226074,3.1120643615722656,2.535433769226074,2.5307669639587402,False,c5ba9a29d9559e4e,10f8eaf74ea69578b4be12b8d5c2c4f32491a91a75dd49954ff10f6d3413c864,3.2996509075164795,sidon_wet1,2.8053317070007324,3.2996509075164795,common_voice_available_uk
3.229360818862915,3.2914276123046875,3.123420000076294,3.2455756664276123,2.4148313999176025,2.22575044631958,2.0433874130249023,2.419051170349121,2.688046455383301,2.5346274375915527,2.678311347961426,4.4,1.9301302433013916,3.05115008354187,1.9301302433013916,1.9272801876068115,False,92cf71770b640932,63709bb9a14a9c533d15807ef6f2554ca931ae9d592a2206bb3e872fade53834,3.3213725090026855,sidon_wet1,3.206820249557495,3.3213725090026855,common_voice_available_uk
2.7488934993743896,2.8865764141082764,2.8728766441345215,2.8526079654693604,2.448564291000366,2.4408328533172607,2.4196860790252686,2.7327816486358643,2.6794466972351074,2.492331027984619,2.669989585876465,2.3546666666666667,2.447678804397583,2.832153558731079,2.447678804397583,2.563239336013794,False,ee243b80f8d270bc,70a1699806e04ccd83654bb1d956fa4885de16641a46e71f8518d2c64968e0d7,2.8865764141082764,clearervoice_sidon_deepfilternet3_wet1,2.7964580059051514,2.872206449508667,common_voice_available_uk
3.3532814979553223,3.3678152561187744,3.447418212890625,3.40905499458313,3.2931313514709473,3.35806941986084,3.361589193344116,3.1394357681274414,3.0635313987731934,3.119377851486206,3.0671093463897705,2.2266666666666666,2.9999940395355225,2.9956257343292236,2.9999940395355225,3.1487138271331787,False,e65825d92c96e85c,c01c20fa96d72456f126e6d4b81adc07f5f9928e339854ac5ba32f835024540a,3.447418212890625,clearervoice_sidon_wet0.5,2.9864699840545654,3.277078151702881,common_voice_available_uk
2.764230966567993,2.984572649002075,2.7311134338378906,2.9054086208343506,2.7530558109283447,2.7723727226257324,2.8071985244750977,2.8980133533477783,3.0707814693450928,2.7993004322052,3.0962941646575928,3.368,2.6934707164764404,3.1401963233947754,2.6934707164764404,2.9526076316833496,False,9d8a687bbf269efe,7d8f24971fd2980fa44a80fc020be4a6a3784dfa248184920402fb780f25bdaf,3.1401963233947754,legacy_v8_exact,2.697727680206299,3.0634727478027344,common_voice_available_uk
2.2840819358825684,2.740845203399658,2.0658342838287354,2.4773504734039307,2.26469349861145,2.6738719940185547,2.730297803878784,2.4451117515563965,2.849409580230713,2.3309013843536377,2.8255715370178223,4.505333333333334,2.3542733192443848,2.9437789916992188,2.3542733192443848,2.318509340286255,False,09f874e3e1198079,e4d8f05dd94ec66723f4436403816d45de6c013660ced31757fd7ab049e91261,2.9437789916992188,legacy_v8_exact,2.306743621826172,2.799954891204834,common_voice_available_uk
2.408573865890503,3.196213960647583,2.424867868423462,3.2649874687194824,2.2291975021362305,2.346414089202881,2.5594210624694824,2.30325984954834,2.9422287940979004,2.1995956897735596,2.9527463912963867,5.273333333333333,2.4519119262695312,3.2736597061157227,2.4519119262695312,2.584848403930664,False,7dbdb0f73921e411,cf5bdd815c3a7742fcbb1894a1de39c54c6c027e4d555416ce8368bd4c5b0683,3.2736597061157227,legacy_v8_exact,2.613457441329956,3.2507951259613037,common_voice_available_uk
2.6005287170410156,3.109508752822876,2.538771629333496,2.9023549556732178,2.7473902702331543,2.7641093730926514,2.8901360034942627,2.640071153640747,2.5840518474578857,2.655449867248535,2.6145575046539307,2.088,2.7007863521575928,2.9935152530670166,2.7007863521575928,2.7532501220703125,False,e073bf83b39678d8,07018c33532834a6965329d1b2ff5befe2395754b2c35e0f1cf622dfd1d8cd55,3.109508752822876,clearervoice_sidon_deepfilternet3_wet1,2.6595866680145264,2.941225528717041,common_voice_available_uk
2.7536211013793945,3.2170374393463135,2.9483258724212646,2.943648099899292,2.3879246711730957,2.4915525913238525,2.650578260421753,2.488117218017578,2.729240655899048,2.3966681957244873,2.6523656845092773,2.152,2.3982579708099365,3.4273643493652344,2.3982579708099365,2.906561851501465,False,4b22ce3678eb514b,26ff05408c8b7d3aa2125441cb1267f9e2e60c4b1ad95cb1b14cec183b1c1e41,3.4273643493652344,legacy_v8_exact,2.7363438606262207,3.1546623706817627,common_voice_available_uk
3.076909303665161,3.116453170776367,3.163534641265869,3.0897769927978516,3.021432876586914,3.1371023654937744,3.23005747795105,3.064286470413208,2.950920343399048,3.0269289016723633,2.9997174739837646,3.336,2.841489315032959,3.0530502796173096,2.841489315032959,3.1519711017608643,False,de07ff82ae6c5dc2,cb39edbc11adabc7a636fbc11c4bfd533c6914090d048407f758ab58c326c753,3.23005747795105,clearervoice_wet1,3.192655086517334,2.987534284591675,common_voice_available_uk
2.957977533340454,3.14963960647583,2.857064962387085,2.970899820327759,3.141200065612793,3.166365146636963,3.175029754638672,3.2471256256103516,3.1620376110076904,3.214416742324829,3.165621757507324,2.216,3.0985898971557617,3.0343339443206787,3.0985898971557617,3.185530424118042,False,f6c698e842cbe8fb,0d43a06f8e2dce1098d555ee61357246f93d78b7983574083134d8c5407a720d,3.2471256256103516,deepfilternet3_peakminus3_wet0.75,2.7755494117736816,3.014413356781006,common_voice_available_uk
2.8704121112823486,2.631688356399536,2.7650434970855713,2.5542657375335693,3.9954659938812256,4.0287652015686035,4.0529890060424805,3.907409191131592,3.939127206802368,3.924267292022705,3.933659791946411,3.5493333333333332,3.994077444076538,3.1475493907928467,3.994077444076538,3.5024147033691406,True,738b587122caeb66,8df6b12aa1b7d0ccb0f248df3f3daa7ce93aad878139b086829c5c43db9509af,4.0529890060424805,clearervoice_wet1,2.8095459938049316,2.4527881145477295,common_voice_available_uk
3.077899932861328,2.897660732269287,3.076570510864258,2.9530773162841797,3.034268379211426,3.1195077896118164,3.2067134380340576,3.158200740814209,3.0708413124084473,3.046999931335449,3.1349236965179443,5.26,2.9794654846191406,3.103569746017456,2.9794654846191406,3.274965763092041,False,a540167ea41f6956,930938bb4f38fbd1882a249f622e82b0f99f37a6387a202071df26fc92383f25,3.274965763092041,original,2.9814577102661133,2.978370428085327,common_voice_available_uk
3.4186484813690186,3.139207601547241,3.4118661880493164,3.0292131900787354,3.008662223815918,2.975346803665161,2.9307899475097656,2.9815261363983154,2.988142490386963,3.007331371307373,3.019243001937866,2.408,3.037773370742798,3.215402126312256,3.037773370742798,3.1627280712127686,False,04ebfca283f7b979,da9e94e77fc74ef81dc0b5e16c34c4d34c89d7f0d5b687c186191c0e5c854e3f,3.4945356845855713,sidon_wet0.5,3.4945356845855713,3.266968250274658,common_voice_available_uk
2.545936346054077,2.6179206371307373,2.525231122970581,2.396179676055908,2.558866500854492,2.5971906185150146,2.5134642124176025,2.5806467533111572,2.6801235675811768,2.643148183822632,2.7260959148406982,2.0986666666666665,2.4733662605285645,2.557204484939575,2.4733662605285645,2.5882821083068848,False,8600fde5ece1e1ce,7816a28c344202e91dd40574017aaeb9a23838b72cae27ebc78304c56cf874e6,2.963074207305908,sidon_wet1,2.461989402770996,2.963074207305908,common_voice_available_uk
3.596893548965454,3.6192750930786133,3.6928646564483643,3.561674118041992,3.475945234298706,3.4538464546203613,3.3793904781341553,3.5464155673980713,3.560222625732422,3.5048818588256836,3.482952356338501,2.9306666666666668,3.43015456199646,3.615330457687378,3.43015456199646,3.53585147857666,True,a2bc03280fea1efd,2a255cc7ea0aa8a75fe65636dce99f0119088697d595f12cb4271c6315a98287,3.6928646564483643,clearervoice_sidon_wet0.5,3.593956708908081,3.4680347442626953,common_voice_available_uk
2.832604169845581,2.8939173221588135,2.8054771423339844,2.7739856243133545,2.916644334793091,2.9131548404693604,2.90903902053833,3.010932207107544,2.9864068031311035,2.973264455795288,2.973874807357788,3.8053333333333335,2.918595552444458,2.6665613651275635,2.918595552444458,2.738523006439209,False,190cf023178e4b18,ae1bc52c4d2dfcafd6754b5e8d7e1c08cab8b2f2a3245744e2e67441fb58b513,3.010932207107544,deepfilternet3_peakminus3_wet0.75,2.6667213439941406,2.8381083011627197,common_voice_available_uk
3.032310962677002,3.4299614429473877,3.1121535301208496,3.484827995300293,3.318732500076294,3.308891534805298,3.2622244358062744,3.2601706981658936,3.1363883018493652,3.2621347904205322,3.1483664512634277,5.693333333333333,3.2652950286865234,2.9182655811309814,3.2652950286865234,3.270273447036743,False,f2bf7d3764df7fd5,5d61b3a3cfdcf165412d16a228367fc7513c2d1450dd3d9d09c07cd8a2aad402,3.484827995300293,clearervoice_sidon_wet1,3.0161027908325195,3.235635280609131,common_voice_available_uk
2.001079797744751,2.3271725177764893,2.0904557704925537,2.345632553100586,2.440246105194092,2.3492658138275146,2.484112024307251,2.4153499603271484,2.452225685119629,2.4195563793182373,2.4690253734588623,3.1,2.0661139488220215,2.594666004180908,2.0661139488220215,2.622591257095337,False,ff34d3911b4d2db0,744d96501b9031afc863ed7686adf477c5d0644a9a1ee1c11d95d1c02f2f6827,2.622591257095337,original,2.3686001300811768,2.5550537109375,common_voice_available_uk
3.4434306621551514,3.638676643371582,3.4079411029815674,3.4908831119537354,3.5801279544830322,3.5896594524383545,3.6031508445739746,3.6661314964294434,3.662820339202881,3.6333484649658203,3.6676337718963623,4.381333333333333,3.562875509262085,3.461533546447754,3.562875509262085,3.6052138805389404,True,e27c556ac0c8b09a,fb69df8d76068b834c818901bb01728fb75f1246e7b26c222f1218b0a9733a8f,3.6676337718963623,deepfilternet3_wet1,3.4381115436553955,3.6104302406311035,common_voice_available_uk
2.678262233734131,2.738797187805176,2.628793239593506,2.8160576820373535,2.423513412475586,2.4151809215545654,2.3843111991882324,2.4125614166259766,2.8018741607666016,2.4712908267974854,2.736936330795288,4.370666666666667,2.4662532806396484,2.7395377159118652,2.4662532806396484,2.587193727493286,False,3259a8bb7087bd10,6ed9387a9de6a895b18e213c7291ff30a5de8fbbf6851c4deb0ecd31cce97f51,2.8160576820373535,clearervoice_sidon_wet1,2.5998406410217285,2.5645296573638916,common_voice_available_uk
2.9431722164154053,2.7597877979278564,2.8924410343170166,2.701223850250244,2.909564256668091,2.905022382736206,2.8955085277557373,2.93537974357605,2.811380624771118,2.928802490234375,2.848088264465332,4.08,2.9192845821380615,2.98488712310791,2.9192845821380615,3.1860198974609375,False,a8f8f18e9e73e8b1,4399eed2efce1b35a1cbb5c936a66825690b41f87c27f6f5727341b646158930,3.1860198974609375,original,2.9169275760650635,2.6976711750030518,common_voice_available_uk
3.294419527053833,3.5611720085144043,3.1936678886413574,3.5865581035614014,3.396440029144287,3.3980112075805664,3.403916120529175,3.3968207836151123,3.467839002609253,3.356657028198242,3.459929943084717,2.152,3.3933560848236084,3.410383939743042,3.3933560848236084,2.909571886062622,True,cf62baa6bea3511c,641f5498440678b7cfde82d8c194823f7544b6d988624f44ee0a93348ced4c5a,3.5865581035614014,clearervoice_sidon_wet1,2.9954726696014404,3.4640579223632812,common_voice_available_uk
2.2711095809936523,2.6691524982452393,2.3217835426330566,2.5977070331573486,2.992213726043701,2.984102487564087,2.97219181060791,3.0779552459716797,3.266052722930908,2.9795451164245605,3.2545361518859863,4.669333333333333,3.000067949295044,2.910280466079712,3.000067949295044,2.8194761276245117,False,24a43c098e24f6d3,deed197c16a4df5f466d8b7d3002e2b42e3caf44479042a82a2f67b178c4cda1,3.266052722930908,deepfilternet3_peakminus3_wet1,2.3300697803497314,2.6284339427948,common_voice_available_uk
3.1797661781311035,3.404022216796875,3.1436941623687744,3.269727945327759,3.099787950515747,3.104713201522827,3.128610849380493,3.2672994136810303,3.0384485721588135,3.2330126762390137,3.0379114151000977,5.444,3.109982490539551,3.0749351978302,3.109982490539551,3.242422580718994,False,ab87cc7022597587,f29a2f439d54c7843ec3bec8500f5058011067047834de434ccc4a7072f06323,3.404022216796875,clearervoice_sidon_deepfilternet3_wet1,3.2916815280914307,3.267841100692749,common_voice_available_uk
2.6596927642822266,2.865269422531128,2.7139580249786377,2.845447301864624,2.872412919998169,2.866480827331543,2.4841253757476807,3.0552093982696533,3.115844249725342,2.8890445232391357,3.14589524269104,3.652,2.6469151973724365,2.5745599269866943,2.6469151973724365,2.844057083129883,False,2bd6ff5c75a47b3c,97cdd0e2bf047c1edde19c6437062f2dc494619bf858aaed5d4c8cb4cc9d717b,3.14589524269104,deepfilternet3_wet1,2.8336169719696045,2.7766425609588623,common_voice_available_uk
2.8599655628204346,2.9409120082855225,2.8558645248413086,2.686109781265259,1.9753220081329346,1.985025405883789,1.9859817028045654,2.2661852836608887,2.485783576965332,2.1701297760009766,2.485313892364502,6.077333333333334,1.9596545696258545,3.015209674835205,1.9596545696258545,2.2977705001831055,False,25e5c2a8d846a852,9273e4a9b913b01e356864abe7023e9905b21e5d73efe83369cf17f7ae155ba6,3.015209674835205,legacy_v8_exact,3.01200532913208,2.667680025100708,common_voice_available_uk
3.38112473487854,2.983415126800537,3.1552603244781494,2.8033645153045654,2.483459949493408,2.62786865234375,2.592061996459961,2.7267708778381348,3.033726453781128,2.476821184158325,3.0983779430389404,2.8133333333333335,2.567638397216797,3.2390246391296387,2.567638397216797,3.012345790863037,False,418a9b5fbccf4410,9a34c907d6f5c13b4317690bc0308215f5f6d5bc2e6fe693ead27629cc33445d,3.38112473487854,clearervoice_sidon_deepfilternet3_wet0.5,2.9137463569641113,2.9158735275268555,common_voice_available_uk
2.708277463912964,2.740074872970581,2.734863758087158,2.902613878250122,2.661172866821289,2.6589105129241943,2.6643571853637695,2.6382174491882324,2.7204630374908447,2.6649837493896484,2.755462646484375,4.08,2.6697499752044678,3.0274410247802734,2.6697499752044678,3.119849681854248,False,ac78771565774557,37cdf9a8648a55e75f6e8b3e1a410ce39db6e4c545a4aac5f283471b981122ef,3.119849681854248,original,2.81742525100708,3.0192296504974365,common_voice_available_uk
2.6696860790252686,2.7483744621276855,2.637129306793213,2.5840141773223877,2.8846890926361084,2.9131088256835938,3.0416982173919678,2.8916895389556885,3.031216621398926,2.8159453868865967,3.042814254760742,3.336,2.7764265537261963,2.562814235687256,2.7764265537261963,2.6930313110351562,False,248a9b242b97ecd0,685f02f8f2d6cb79b40bcb04890b6bd390cd5fc55c7c8ca50504b9c2e9e67eab,3.042814254760742,deepfilternet3_wet1,2.6720876693725586,2.7999799251556396,common_voice_available_uk
3.234544277191162,3.0835399627685547,3.0446860790252686,2.9770584106445312,2.3646419048309326,2.355966091156006,2.4207592010498047,2.377708911895752,2.419719934463501,2.428903341293335,2.3642077445983887,3.428,2.2656705379486084,3.1416831016540527,2.2656705379486084,2.114504814147949,False,9de8e4748ff30aa1,8c9d63204eba3f1bc0ca73746ece1eb907c5db1f34f34c8a498a411e5345afb2,3.3063576221466064,sidon_wet1,3.1455652713775635,3.3063576221466064,common_voice_available_uk
2.9106979370117188,3.340249538421631,2.8511788845062256,3.0427887439727783,2.8327505588531494,2.82340407371521,2.8123648166656494,2.800692319869995,2.963625431060791,2.8311078548431396,2.95827054977417,3.7626666666666666,2.7933218479156494,3.079516887664795,2.7933218479156494,2.9008641242980957,False,0ea058639601775d,18a719444e8b50095c8e4fb2d318593fe4dabd21a71bd55cf528da2e18cbfdff,3.340249538421631,clearervoice_sidon_deepfilternet3_wet1,2.903886079788208,3.2471282482147217,common_voice_available_uk
2.4992244243621826,2.832874298095703,2.5157992839813232,2.9309024810791016,2.856673002243042,2.9394099712371826,3.0728654861450195,2.850062847137451,3.072052001953125,2.836319923400879,3.0778815746307373,4.18,2.754182815551758,2.9146950244903564,2.754182815551758,2.775181770324707,False,8ff70b5855192e81,3c3c62a5e8d0458aac4a8a7f5428a04c45aec23664b1be6fe562e53f3216fa10,3.0778815746307373,deepfilternet3_wet1,2.5463712215423584,2.736142158508301,common_voice_available_uk
3.1466143131256104,3.1074130535125732,2.978616237640381,3.003828287124634,3.024862289428711,3.033090591430664,3.054597854614258,3.287993907928467,3.2084877490997314,3.2109129428863525,3.201197385787964,3.005333333333333,3.025003671646118,3.2707457542419434,3.025003671646118,3.0161240100860596,False,97b30e2faa6675a7,a5e638302acf3104617a863c69500e78c229d7c1324b6f7f27d376cc4fcaaaa6,3.287993907928467,deepfilternet3_peakminus3_wet0.75,3.1319797039031982,3.0428056716918945,common_voice_available_uk
2.528113842010498,2.81329345703125,2.549138069152832,2.673030376434326,3.0175974369049072,3.0325307846069336,3.0411949157714844,2.840930223464966,2.522406816482544,3.0175530910491943,2.43168306350708,2.024,2.9417524337768555,2.9307687282562256,2.9491238594055176,2.2956531047821045,False,7b859444522a56d6,b1c97f57d3025768cbfeb8ab7cef458542cc6c654ef8026535d1e0fe6bbf8d88,3.0411949157714844,clearervoice_wet1,2.6659743785858154,2.621356725692749,common_voice_available_uk
3.6596627235412598,2.5561349391937256,3.6686060428619385,2.7772843837738037,3.625628709793091,3.6404271125793457,2.6528570652008057,3.4669077396392822,3.0377321243286133,3.567440986633301,3.141916513442993,3.18,3.282951831817627,2.8607285022735596,3.282951831817627,3.2924845218658447,True,67984f788bbcdd8d,db23d6b00936446cdcba31e0bf65f3bbf6a72bbdcb52442852edd7a7d00210c1,3.6686060428619385,clearervoice_sidon_wet0.5,3.6129820346832275,3.013550281524658,common_voice_available_uk
3.2384591102600098,3.3718059062957764,3.383026361465454,2.7704107761383057,2.7247300148010254,2.7983548641204834,2.968906879425049,3.068977117538452,3.4192237854003906,2.8980350494384766,3.4070727825164795,4.846666666666667,2.672109842300415,3.044239044189453,2.672109842300415,2.692415952682495,True,16ae0891ea877b7e,5beec0602c59ebb903073fbf93b18f1ab55a54e8d598c59254678cffd1cddf72,3.6032984256744385,sidon_wet0.5,3.6032984256744385,3.173351526260376,common_voice_available_uk
3.23404598236084,3.448166608810425,3.1931514739990234,3.389327049255371,2.9630789756774902,2.8933441638946533,2.916867256164551,2.8647406101226807,3.0122299194335938,2.9819183349609375,3.0742645263671875,5.522666666666667,2.921762228012085,3.48488187789917,2.921762228012085,2.7875397205352783,False,0f729ca38c51f5da,f9bbea6dc44f106afc8392a264f24cbbceff242cd40c974415ebcb35648a47e4,3.48488187789917,legacy_v8_exact,3.1345887184143066,3.39970064163208,common_voice_available_uk
3.3684375286102295,3.3839988708496094,3.2680001258850098,3.484290361404419,3.689096450805664,3.6889986991882324,3.691342353820801,3.7013039588928223,3.6605234146118164,3.707509756088257,3.6597506999969482,4.36,3.6784965991973877,3.42378830909729,3.6784965991973877,3.94094181060791,True,e5e3dcf80a7a02be,fb44b441b83074d13701eba7978d94c869e2e5320c3798b90ba8f19650d358a4,3.94094181060791,original,3.3713865280151367,3.395397424697876,common_voice_available_uk
2.9823198318481445,2.8514277935028076,3.0018320083618164,2.837747097015381,3.1974549293518066,3.2011101245880127,3.180128812789917,3.13919734954834,3.169178009033203,3.150662422180176,3.1650562286376953,4.66,3.17919659614563,2.9304039478302,3.17919659614563,3.4520797729492188,False,911fb24b28518351,b5d722142d41bef9bbfd9cb9689becce0973b91c6184ee00834481ae867c01ea,3.4520797729492188,original,3.085439443588257,2.7768516540527344,common_voice_available_uk
3.298959970474243,3.3500490188598633,3.2472128868103027,3.5383622646331787,3.720254898071289,3.7185137271881104,3.712629795074463,3.9863011837005615,3.7025954723358154,3.8625431060791016,3.700629234313965,3.144,3.7232468128204346,3.148110866546631,3.7232468128204346,3.3153164386749268,True,844aa12bcd11ccdb,7d51d0066c316552f8446bf4b0635dd849b2a2ff80755b5df831a118623d6dae,3.9863011837005615,deepfilternet3_peakminus3_wet0.75,3.2669854164123535,3.5043890476226807,common_voice_available_uk
3.469193696975708,3.4692842960357666,3.448594093322754,3.3958215713500977,2.9773976802825928,3.084064483642578,3.3490614891052246,3.094989538192749,3.3323118686676025,2.9584786891937256,3.12762713432312,5.181333333333333,2.928358554840088,3.3376715183258057,2.928358554840088,3.3554751873016357,False,959a1c6cab14e4d4,6db1e0c43332fc37c77522c5ac6b5dda4c40b3611e130b296f8841ac24504cc9,3.4692842960357666,clearervoice_sidon_deepfilternet3_wet1,3.3653435707092285,3.279024839401245,fleurs_uk
2.950676679611206,3.0411736965179443,2.947911500930786,3.0310866832733154,2.7722256183624268,2.7752301692962646,2.7833871841430664,3.0109150409698486,3.050657272338867,2.99794340133667,3.243516683578491,9.72,2.762816905975342,3.0657289028167725,2.762816905975342,3.2513768672943115,False,fefd0259ff637326,f0f423b0e8fef2d93c7b394037f344801d0586fbcdc53c1fe2457e14540f3b3b,3.2513768672943115,original,2.9965410232543945,2.9751553535461426,fleurs_uk
2.996095895767212,2.880664825439453,2.8636932373046875,2.863311290740967,3.20554518699646,3.17140793800354,3.1396167278289795,3.1976466178894043,3.284498691558838,3.2251203060150146,3.1947503089904785,5.078666666666667,3.2313568592071533,3.3325939178466797,3.2313568592071533,3.0032799243927,False,a381bc8d75f3eb60,df6fb85d836eafefa1d61f63bd1e6e0f495e4269505a7722c07ac16c7d41c590,3.3325939178466797,legacy_v8_exact,2.9614806175231934,2.7771308422088623,fleurs_uk
3.1096274852752686,3.117220640182495,3.153809070587158,2.98887300491333,2.980071544647217,2.9871790409088135,2.9771506786346436,3.10353684425354,3.0361995697021484,3.048807144165039,3.07456636428833,6.564,2.938464403152466,3.3563451766967773,2.938464403152466,3.220578193664551,False,5558b228f9fb7124,82bb6187334e9e4048af023b3593ad0390d8c0a4a6dcd141c9c12d7954fe0102,3.3563451766967773,legacy_v8_exact,3.3282840251922607,3.3190510272979736,fleurs_uk
3.16951847076416,3.3534154891967773,3.1209399700164795,3.2355756759643555,2.8107588291168213,2.8325412273406982,2.8310019969940186,2.807981491088867,3.095806837081909,2.969825506210327,3.677718162536621,9.48,2.724224090576172,3.23898983001709,2.724224090576172,3.141678810119629,True,b30673863ffb037d,d282b20cb6b248893f71de4ccbf8668526317d13797ba5052ac7cef2e3398664,3.677718162536621,deepfilternet3_wet1,3.0595786571502686,3.216705083847046,fleurs_uk
3.192262649536133,3.236530303955078,3.2007858753204346,3.273162364959717,3.1848649978637695,3.205714464187622,3.2396275997161865,3.091193675994873,3.3859779834747314,3.0263431072235107,3.1167705059051514,5.618666666666667,3.1540753841400146,3.048250675201416,3.1540753841400146,3.354055166244507,False,c5b7866904cce653,a1121200d39cc7fb9bac6483294b3d18c8fd961d28d8b052e509ad533867ff4e,3.3859779834747314,deepfilternet3_peakminus3_wet1,3.176006317138672,3.266126871109009,fleurs_uk
3.3806769847869873,3.3046886920928955,3.448335647583008,3.3464934825897217,3.0584471225738525,3.1111690998077393,3.005783796310425,3.2428760528564453,3.2536652088165283,3.1782004833221436,3.2510809898376465,10.68,3.0116665363311768,3.198343515396118,3.0116665363311768,3.648552894592285,True,c832793e984ec4ad,85ada38a475cdf4eb1c6ab2cda9bed4ac568ce4ef1ac2617b0df275deceab1d9,3.648552894592285,original,3.516969680786133,3.5455527305603027,fleurs_uk
3.7910890579223633,3.6502203941345215,3.787358522415161,3.673515558242798,3.0098297595977783,3.020878314971924,3.0770647525787354,3.436972141265869,3.6516523361206055,3.2852048873901367,3.6756391525268555,15.577333333333334,3.002243995666504,3.724010705947876,3.002243995666504,3.244079113006592,True,f74bd666161897df,9916d1ff5cbb74ffa7e405f75871170c9ad094b33229d2f3fdc28c5ab10e264a,3.831178665161133,sidon_wet0.5,3.831178665161133,3.5423145294189453,fleurs_uk
2.669872999191284,2.792879581451416,2.7562270164489746,2.710963726043701,2.8253018856048584,2.8499507904052734,2.858597755432129,2.8757734298706055,3.0647716522216797,2.7484776973724365,2.7825429439544678,10.664,2.8076424598693848,2.785991907119751,2.8076424598693848,2.85858416557312,False,a90e40527649a849,acf46a88d4b07d8f47e32b7fe2a4fcd7bd2af70b13d611ac438fc7cf8de3d314,3.0647716522216797,deepfilternet3_peakminus3_wet1,2.5962796211242676,2.602822780609131,fleurs_uk
3.2011897563934326,3.2531659603118896,3.3101255893707275,3.3921079635620117,3.0011868476867676,3.038686513900757,3.233252763748169,3.05920147895813,3.122036933898926,2.932384967803955,3.0721564292907715,4.637333333333333,3.0477962493896484,3.075324296951294,3.0477962493896484,3.367056131362915,False,909d184fdcd7f465,628030d84f63f48b2f18b866afb4c2b17d2bbe136df90d4c72021a4b50fb6bf2,3.3921079635620117,clearervoice_sidon_wet1,3.1965038776397705,3.149886131286621,fleurs_uk
3.38433837890625,3.478142261505127,3.4879863262176514,3.557168483734131,2.351860761642456,2.511429786682129,2.659541130065918,2.6567940711975098,2.7928950786590576,2.356929302215576,2.603215217590332,6.2973333333333334,2.0934300422668457,3.475618839263916,2.0934300422668457,2.301875114440918,True,5037571598709644,329ee9d7565c9e830443a00a47247a455061233679d9deaf5728d1b18185ac0c,3.557168483734131,clearervoice_sidon_wet1,3.052800178527832,3.5415053367614746,fleurs_uk
2.972893238067627,2.9999852180480957,2.78019380569458,2.782390832901001,2.9784011840820312,2.985273838043213,2.9769065380096436,3.0647482872009277,3.1078197956085205,2.9820828437805176,2.027021884918213,13.074666666666667,2.9356112480163574,2.894427537918091,2.9356112480163574,2.9302587509155273,False,899793d24bd70411,ff4ba856f16c4f72c8d7e30e93e6f10e628d5a41b0e5d47d4e767a85431fc91e,3.1078197956085205,deepfilternet3_peakminus3_wet1,2.853585720062256,2.8321242332458496,fleurs_uk
2.6961135864257812,3.750669002532959,2.6791539192199707,3.7830305099487305,2.7707889080047607,2.8455235958099365,2.5643813610076904,2.9764184951782227,3.3807899951934814,2.789004325866699,3.4307475090026855,10.14,2.746774911880493,3.126070261001587,2.746774911880493,2.753363609313965,True,715676cbceb6f9c3,c4ebf98983152ce38a3f0f3328c7011f44acf916572dfb9a5535f086a8a7e728,3.7830305099487305,clearervoice_sidon_wet1,2.7982542514801025,3.5159800052642822,fleurs_uk
3.341907262802124,3.3731844425201416,3.4440255165100098,3.3303892612457275,3.076000213623047,3.2018141746520996,3.1960909366607666,3.144867420196533,3.3440582752227783,3.1103382110595703,3.4080493450164795,12.708,3.1084485054016113,3.514627695083618,3.1084485054016113,3.3359639644622803,True,85ca359309837202,d0f6e2023075f213262a65ca142fa049dc47fdc775750ed1a85c72e3721c4aaa,3.514627695083618,legacy_v8_exact,3.124558448791504,3.1371095180511475,fleurs_uk
3.0838022232055664,3.154853343963623,2.937502861022949,3.002535820007324,2.8743088245391846,2.915928363800049,2.929398536682129,2.863879919052124,3.0419349670410156,2.898573875427246,3.372891426086426,10.461333333333334,2.8318212032318115,2.827913999557495,2.8318212032318115,3.109419107437134,False,2b1dd8402ce5d536,0d2c5a0d56100c40502415ab5f78639242f366c655d5d450439fc2d0266e629a,3.372891426086426,deepfilternet3_wet1,2.953376293182373,2.993333578109741,fleurs_uk
2.9669857025146484,3.325467824935913,3.0511209964752197,3.204658269882202,2.975398063659668,3.0678000450134277,3.017772912979126,2.96783709526062,3.0931355953216553,2.8977105617523193,3.070852756500244,7.478666666666666,2.8887743949890137,3.161989688873291,2.8887743949890137,3.0381999015808105,False,2089464e1fd713a6,144159008ac001233de9956888f1c874a3ccd907ca22610f5d6ea48b8809dc3e,3.325467824935913,clearervoice_sidon_deepfilternet3_wet1,3.052882432937622,3.134615182876587,fleurs_uk
3.296112060546875,3.3687033653259277,3.2989134788513184,3.3271164894104004,3.1211400032043457,3.1763250827789307,3.167999267578125,3.087702512741089,3.0062568187713623,3.0645968914031982,3.064955711364746,11.04,3.123445987701416,3.154978036880493,3.123445987701416,3.430734395980835,False,7079d2ab052b067c,6c825c1def098a1767e3558161705eb37b1810c311bd935dc22e0119c5cf837b,3.430734395980835,original,3.2401604652404785,3.1836845874786377,fleurs_uk
2.964405059814453,3.289271354675293,2.926835775375366,3.211327314376831,2.6339385509490967,2.6732304096221924,2.801295518875122,2.6195318698883057,2.6023154258728027,2.6447529792785645,2.6472055912017822,7.222666666666667,2.539419174194336,3.47269868850708,2.5428359508514404,2.884127616882324,False,fa71a8a80791f4ab,404ac1041c63d99d6fa3f64aafa7271ba3b87108cdf106a82a47943d89d62ee3,3.47269868850708,legacy_v8_exact,3.0579676628112793,3.4418563842773438,fleurs_uk
3.290097951889038,3.3687314987182617,3.4048497676849365,3.3566741943359375,3.15950870513916,3.272648811340332,3.321012258529663,3.184476613998413,2.889047622680664,2.910222291946411,3.0977487564086914,14.837333333333333,3.0033631324768066,2.9435486793518066,3.0033631324768066,2.9078457355499268,False,6df018bdc9ae9404,4b076205c227b710a85a3dd611f89b72bf722139bc9acd63605eb5cb1a58df96,3.4048497676849365,clearervoice_sidon_wet0.5,3.335702657699585,3.3906002044677734,fleurs_uk
2.290454149246216,2.917595386505127,2.400545597076416,2.8899598121643066,2.512113571166992,2.668839454650879,2.921449661254883,2.6936566829681396,3.0065133571624756,2.6441736221313477,2.8651275634765625,9.038666666666666,2.4185221195220947,2.9782655239105225,2.4185221195220947,2.6649556159973145,False,bd9cfe27e08bb814,cf191b3aa3620041be35d41d753ad2d3f6747be22ec4407b10067441f8b02ee3,3.0065133571624756,deepfilternet3_peakminus3_wet1,2.6227943897247314,2.9020423889160156,fleurs_uk
2.5720205307006836,2.606428384780884,2.6394476890563965,2.5735130310058594,2.6129260063171387,2.6242592334747314,2.620178461074829,2.6507041454315186,2.5300087928771973,2.6248247623443604,1.9352011680603027,8.28,2.6063072681427,2.4028751850128174,2.6063072681427,3.032992124557495,False,efd141fab8cb2a03,dc592e37aba6aa3a12b652857864de1f2a4dd868186daa5ac3b75e1da65189a6,3.032992124557495,original,2.573455810546875,2.5118401050567627,fleurs_uk
2.84671950340271,3.2706451416015625,2.8373758792877197,3.2028086185455322,2.6484878063201904,2.8524928092956543,2.971404552459717,2.642047882080078,2.8859307765960693,2.610686779022217,2.906261920928955,17.921333333333333,2.66736102104187,3.4149169921875,2.66736102104187,2.7544918060302734,False,fa44e451a4684ec5,c5efcd19bd3d819a2c00fc046bf88bb90370e42979f218de757a4afc447788ef,3.4149169921875,legacy_v8_exact,2.8748905658721924,3.2367875576019287,fleurs_uk
2.3817951679229736,2.4293596744537354,2.3495917320251465,2.397385358810425,2.597280740737915,2.5612680912017822,2.5524632930755615,2.654633045196533,2.7199199199676514,2.6164345741271973,1.7937126159667969,14.893333333333333,2.602147340774536,2.3907744884490967,2.602147340774536,2.5053298473358154,False,cbf905fca130b00c,6f862851bb5a7a00966fd879641880d895d98c5baa99166cbf37a52073cb8a38,2.7199199199676514,deepfilternet3_peakminus3_wet1,2.2550294399261475,2.2861435413360596,fleurs_uk
3.3581881523132324,3.7037160396575928,3.176067590713501,3.5693562030792236,2.776017189025879,2.809840679168701,2.8300082683563232,2.9141530990600586,3.1035046577453613,2.870615243911743,3.0475471019744873,11.758666666666667,2.752807855606079,3.3935844898223877,2.752807855606079,2.9354755878448486,True,65bab893d591c920,97eab40b18c838b42d0b81489d5ab1a1094fc89413dc3218fe63ae51ed423965,3.7037160396575928,clearervoice_sidon_deepfilternet3_wet1,3.3939309120178223,3.5452518463134766,fleurs_uk
2.3666768074035645,2.305098056793213,2.285898447036743,2.282458543777466,2.2295081615448,2.2083678245544434,2.203423023223877,2.1643295288085938,2.29707670211792,2.132894515991211,2.1567206382751465,9.48,2.281068801879883,2.4660961627960205,2.281068801879883,2.069657802581787,False,ab1b2261eb178b37,cb2b2d3371ee8f03ecc44933046f370be6507fbe5e66b245a0e58372cb089ac1,2.4660961627960205,legacy_v8_exact,2.423490047454834,2.4199414253234863,fleurs_uk
3.240946054458618,3.471301794052124,3.1723556518554688,3.257859468460083,3.069735050201416,2.9497292041778564,2.8476054668426514,2.9860939979553223,2.9462785720825195,2.938835620880127,3.0093441009521484,10.2,2.9789347648620605,3.2135019302368164,2.9789347648620605,3.472278118133545,False,15e1f33a590fa5d2,04e91d721e88eda3854ad2acc11f1e796ecd2811577cbe135c9a0eb310a450f8,3.472278118133545,original,3.0822982788085938,3.2125916481018066,fleurs_uk
3.5551981925964355,3.6028220653533936,3.723020553588867,3.673793315887451,3.0867152214050293,3.209528684616089,3.391784429550171,3.3238894939422607,3.585679769515991,3.0455894470214844,3.248006820678711,8.765333333333333,2.8221843242645264,3.6618006229400635,2.8221843242645264,3.147279977798462,True,caa96ffc8a50db0a,9de6fb737971f1570c1df31717ca06f2424fd5fa41a851678df572447ddeb0d4,3.723020553588867,clearervoice_sidon_wet0.5,3.5171186923980713,3.57015323638916,fleurs_uk
3.2811594009399414,3.3351855278015137,3.2524521350860596,3.336428165435791,3.68084979057312,3.6741385459899902,3.697284698486328,3.8171985149383545,3.609738826751709,3.7202069759368896,3.6064393520355225,12.78,3.656231641769409,3.33575177192688,3.656231641769409,3.827563524246216,True,53e7cf21713ad2e1,a2a4a261d5d854ea109b5086e42a471574f7effde3403eda876cbf165866c888,3.827563524246216,original,3.463320255279541,3.518155813217163,fleurs_uk
3.2418081760406494,3.3205647468566895,3.739100933074951,3.745079278945923,3.1034042835235596,3.1021690368652344,3.0889928340911865,3.1093921661376953,3.096813201904297,3.248154401779175,3.1925301551818848,11.138666666666667,3.2637712955474854,2.9930596351623535,3.2637712955474854,3.2776432037353516,True,de98bdcd8fe80564,bdf9aefbe77e7cc367e9f4a203ed8e2e409f077b8fd90db6cdffdb4027234527,3.745079278945923,clearervoice_sidon_wet1,3.436406373977661,3.239955186843872,fleurs_uk
3.2539687156677246,3.690830707550049,3.261768102645874,3.6747920513153076,2.947551727294922,2.925443649291992,3.2815608978271484,2.885270118713379,2.969515800476074,2.8845791816711426,2.9584083557128906,7.44,2.7647883892059326,3.4877800941467285,2.7647883892059326,2.7632076740264893,True,6fa4a717622444f8,6e46d6051c5107adc24b41dff82f4170b140e6906a7864c43ea99e74e6fbdd22,3.690830707550049,clearervoice_sidon_deepfilternet3_wet1,3.0862767696380615,3.6334691047668457,fleurs_uk
3.3551416397094727,3.4831955432891846,3.3391716480255127,3.302100658416748,3.050750494003296,3.0124659538269043,2.9960858821868896,3.0361316204071045,3.0298643112182617,3.0970098972320557,3.0120887756347656,6.418666666666667,3.1128251552581787,3.4315638542175293,3.1128251552581787,2.51828670501709,False,4a4d08bebc42b317,112c551884dcfc8f07d8c6b47d16d096e0dddb761e456c0bf1a21a120f7b9427,3.4831955432891846,clearervoice_sidon_deepfilternet3_wet1,3.3610408306121826,3.329871416091919,fleurs_uk
3.266062021255493,3.236633062362671,3.3464858531951904,3.315462589263916,2.9476451873779297,3.053626298904419,3.0251235961914062,2.955946683883667,3.034132719039917,2.9065768718719482,3.00746750831604,5.021333333333334,2.7324936389923096,3.1629481315612793,2.7324936389923096,3.0771515369415283,True,d01073aaf9fe19e1,e58b42468c78450798c88bf3d110e6f561667be8db08afd116406b43215493cd,3.522601366043091,sidon_wet0.5,3.522601366043091,3.180511236190796,fleurs_uk
3.4454257488250732,3.599730968475342,3.4070377349853516,3.612828254699707,3.2492480278015137,3.258843183517456,3.3164994716644287,3.4995460510253906,3.220115900039673,3.4001331329345703,2.871526002883911,16.52,3.2524197101593018,3.185637950897217,3.2524197101593018,3.2263567447662354,True,22a1fd4042f42034,b484f2d11504fa3b7ef3e79be1545ae5cba06ce46ee6f6fa4acf07370ffe1449,3.612828254699707,clearervoice_sidon_wet1,3.4912240505218506,3.583865165710449,fleurs_uk
3.564894914627075,4.123654365539551,3.6595468521118164,3.9432075023651123,3.1576976776123047,3.1539790630340576,3.169045925140381,3.127887487411499,3.323436737060547,3.103738784790039,3.292858123779297,14.713333333333333,3.18526554107666,3.78155779838562,3.18526554107666,2.974071502685547,True,4738fc04a1e4189e,313b8bbb50ef10b98728e237e0f6635cf02411dd4c99d820d00271c404533309,4.123654365539551,clearervoice_sidon_deepfilternet3_wet1,3.7032835483551025,3.9120655059814453,fleurs_uk
3.4175329208374023,3.36204195022583,3.4616634845733643,3.3813858032226562,3.0997958183288574,2.9843027591705322,3.1083121299743652,3.303194522857666,3.490431785583496,3.1608662605285645,3.2957608699798584,5.996,3.0428683757781982,3.0452144145965576,3.0428683757781982,2.8478751182556152,True,fe393cbcd4c75050,fa14a0ca5a17ccea67f58bc1e021169be3d658e4eb93a0e24eb6947f2662a76c,3.535710096359253,sidon_wet0.5,3.535710096359253,3.4368646144866943,fleurs_uk
3.181583881378174,3.1144988536834717,3.152254581451416,3.106876850128174,2.988232135772705,3.048511028289795,3.008452892303467,2.917048692703247,2.9740347862243652,2.951780080795288,2.9984889030456543,8.776,2.9685404300689697,2.8256568908691406,2.9685404300689697,3.1567342281341553,False,c3f42dd599b43df9,014a51ea11554ab386d745e05a4fcd34ae6212068455710e0d12a68af8fcb6a3,3.2917966842651367,sidon_wet0.5,3.2917966842651367,3.131291627883911,fleurs_uk
2.040895462036133,2.165102005004883,2.1088361740112305,2.1223838329315186,2.2809438705444336,2.28261399269104,2.281719446182251,2.1397688388824463,1.9962401390075684,2.04770565032959,2.0650436878204346,5.64,2.2877414226531982,2.3419599533081055,2.2877414226531982,2.4870593547821045,False,c990d6277b807d72,7a2ae9b49413b3335b90c6e7530416f426d095ca36d7303987ef7cd41f13e96f,2.4870593547821045,original,1.9850585460662842,1.9898145198822021,fleurs_uk
3.382833242416382,3.4685699939727783,3.456592082977295,3.2881288528442383,3.114241600036621,3.1992111206054688,3.289504051208496,3.159409523010254,3.444324254989624,3.0818214416503906,3.3281424045562744,14.508,3.066800117492676,3.3037703037261963,3.066800117492676,3.3033828735351562,True,ee5e4637dffa94a2,0d6a1d12e64c2f31e7a79ff7a07c1f62770732958de9542c21f20a227ab61e78,3.594256639480591,sidon_wet0.5,3.594256639480591,3.582703113555908,fleurs_uk
3.3938181400299072,3.5771687030792236,3.40217924118042,3.6288270950317383,2.74769926071167,2.743868827819824,2.723527431488037,2.9413187503814697,3.0848565101623535,2.836587429046631,3.073415756225586,10.382666666666667,2.7085087299346924,3.4371798038482666,2.7085087299346924,2.3970248699188232,True,eee1753076a7de8f,3cb87593f0890fb7deb33718382069b60a8cd09455bdcae708020914279048c2,3.74955677986145,sidon_wet1,3.310412883758545,3.74955677986145,fleurs_uk
2.8340322971343994,2.8963162899017334,2.941964864730835,3.2874832153320312,2.9429783821105957,2.9440131187438965,2.964129686355591,3.0846524238586426,3.264542818069458,3.0697505474090576,3.2938270568847656,4.8,2.8547749519348145,3.2478199005126953,2.8547749519348145,2.821031093597412,False,f52f97e9d64af685,a4ca45bf01c0dd51938dd1348308f1cd03f855e8f182600f0482d792374d1301,3.4394161701202393,sidon_wet1,3.1360535621643066,3.4394161701202393,fleurs_uk
3.5351223945617676,3.6806466579437256,3.5971689224243164,3.7104663848876953,2.0549697875976562,2.105844497680664,2.2010300159454346,2.5037167072296143,2.9473376274108887,2.2670888900756836,2.9190971851348877,7.396,2.015493392944336,3.215876817703247,2.015493392944336,2.2570858001708984,True,327108867eaaa2da,38479186c917f65d0539828c8170c1799b1913656b839a4527f51606838ae8a6,3.7104663848876953,clearervoice_sidon_wet1,3.6347827911376953,3.4362971782684326,fleurs_uk
3.0304882526397705,2.983079195022583,2.9172332286834717,2.982879877090454,2.624018907546997,2.6298279762268066,2.6293704509735107,2.7927539348602295,3.015503168106079,2.62505841255188,2.0923471450805664,10.757333333333333,2.6310973167419434,2.7976205348968506,2.6310973167419434,2.948049545288086,False,83c307693927f61f,8d334e72108d2adf70e35d95374af49985aa2c3c35f83bc55eaa595fdb13da6e,3.0304882526397705,clearervoice_sidon_deepfilternet3_wet0.5,2.7841928005218506,2.8155996799468994,fleurs_uk
3.610391616821289,3.5793795585632324,3.446553945541382,3.583519697189331,3.086200714111328,3.1599855422973633,3.2222914695739746,3.324864387512207,3.721961498260498,3.284911632537842,3.660181760787964,14.564,2.917839288711548,3.9217910766601562,2.917839288711548,3.0710198879241943,True,e5bb518608bfdb7d,9b2219a24bb5dbca8d646b38a16f125f49f8aa868cbf7fe600d3c2accde86631,3.9217910766601562,legacy_v8_exact,3.4559707641601562,3.605431079864502,fleurs_uk
3.325105905532837,3.3849563598632812,3.285771369934082,3.375380039215088,3.1560044288635254,3.1673054695129395,3.190964937210083,3.1403045654296875,3.245394229888916,3.216421604156494,3.7413811683654785,9.906666666666666,3.1149606704711914,3.260880947113037,3.1149606704711914,3.4332971572875977,True,5691f663ddaec5b5,9b5fdb6595a7f10dcbf09e3508f8276b1183c603b468ff7930166a9bd29a98c9,3.7413811683654785,deepfilternet3_wet1,3.430084705352783,3.549685001373291,fleurs_uk
3.276949644088745,3.2951998710632324,3.3306660652160645,3.315652370452881,2.5067758560180664,2.405672788619995,2.337435007095337,2.5746617317199707,2.630646228790283,2.501274347305298,2.4686403274536133,5.689333333333333,2.590902090072632,3.426917314529419,2.590902090072632,2.858308792114258,False,55d68ad35312f5dd,520a85f003597f10b2826459c7a2161601801d50179efec4d33af399296e8411,3.435398817062378,sidon_wet1,3.374202251434326,3.435398817062378,fleurs_uk
3.1742992401123047,3.0768418312072754,2.9729394912719727,3.1013972759246826,3.7793805599212646,3.694624185562134,3.5576632022857666,3.7852747440338135,3.741732358932495,3.657174587249756,3.70829176902771,11.989333333333333,3.6428027153015137,3.4288735389709473,3.6428027153015137,3.53610897064209,True,a27cd8f0d418a777,cc04c4c5e048abfcdf30d98f29a769fb6231e9ce350ec03c58a71b5967177848,3.7852747440338135,deepfilternet3_peakminus3_wet0.75,3.3165059089660645,3.2290637493133545,fleurs_uk
3.465449810028076,3.5588865280151367,3.4564754962921143,3.5093462467193604,2.9175174236297607,2.9075310230255127,2.858241081237793,2.970698356628418,3.019473075866699,2.931417226791382,3.0634946823120117,10.74,2.874217987060547,3.3689937591552734,2.874217987060547,3.9802489280700684,True,794cb4991dbc7609,e813501cda87f30cf7bfca5cc154b604e9c487aba5f05729bcf909c3780894d9,3.9802489280700684,original,3.200838565826416,3.426767349243164,fleurs_uk
2.6796438694000244,2.7300543785095215,2.767378330230713,2.7325334548950195,2.5423357486724854,2.534938097000122,2.515957832336426,2.7044661045074463,2.7725276947021484,2.5650458335876465,2.212322473526001,8.734666666666667,2.568423271179199,2.9620003700256348,2.568423271179199,2.8817999362945557,False,f33621494d6e16b1,585aed4228d6d679aa995a3f0f8741e85785ff3043e39546a7676b13f513f965,2.9620003700256348,legacy_v8_exact,2.51117205619812,2.4992668628692627,fleurs_uk
3.272273540496826,3.106006383895874,3.178637981414795,2.9660823345184326,2.771801233291626,2.7787859439849854,2.7881720066070557,2.904783010482788,2.968444347381592,2.8466782569885254,2.9724576473236084,8.264,2.741525411605835,3.2487940788269043,2.741525411605835,3.1784276962280273,False,a5f851ef061a7203,a18a43b018cf1fb15954186056c69fa8311e23221df02507e7ec865f003bfa33,3.272273540496826,clearervoice_sidon_deepfilternet3_wet0.5,3.2224340438842773,3.075026035308838,fleurs_uk
3.2976696491241455,3.3671419620513916,3.253814697265625,3.104185104370117,2.972388982772827,2.8142285346984863,2.8491177558898926,3.1644375324249268,3.134147882461548,3.097996950149536,3.0885984897613525,13.44,3.0009851455688477,3.3006019592285156,3.0009851455688477,3.9459471702575684,True,d090e200f4cc636c,5dc2c5aff4327cbb0451d57e8f7e3499683fdc49b7990bae47341c7e29c51acb,3.9459471702575684,original,3.154662847518921,3.1932036876678467,fleurs_uk
3.4223318099975586,3.922909736633301,3.4847025871276855,3.8510665893554688,2.9692728519439697,2.971775770187378,3.01641845703125,3.587538003921509,3.8970372676849365,3.210681438446045,3.598740816116333,12.772,2.9191720485687256,3.647761583328247,2.9191720485687256,3.2405030727386475,True,e982fb32bb0b099e,d9522d14cab75d3374f1aa2d6d45dfbfa01811f362f6c7f730000f3e706d0fc7,3.981472969055176,sidon_wet1,3.3596580028533936,3.981472969055176,fleurs_uk
2.437386989593506,2.417160987854004,2.4146828651428223,2.4241721630096436,2.696965456008911,2.6995534896850586,2.7008142471313477,2.702430009841919,2.7511415481567383,2.708462715148926,1.7547709941864014,8.221333333333334,2.6911978721618652,2.62662672996521,2.6911978721618652,2.4960293769836426,False,1e7c62bd46d20f2f,f42da4cfe0997734d6e0f35dd575dd1205618fc86b3bdf2ad5fbb92ff8dbf5e9,2.7511415481567383,deepfilternet3_peakminus3_wet1,2.40506649017334,2.3927528858184814,fleurs_uk
3.2779669761657715,3.3042235374450684,3.1659133434295654,3.2458457946777344,3.079900026321411,3.015083074569702,3.0355966091156006,3.1222763061523438,3.3266613483428955,3.0949246883392334,3.272099018096924,5.849333333333333,3.1470859050750732,3.2839043140411377,3.1470859050750732,2.948080539703369,False,ca507cf5283e14fe,e37efceadfc21c653ff32333557d2669a42f7089a667f52fcf30626803ae7368,3.3266613483428955,deepfilternet3_peakminus3_wet1,3.2198572158813477,3.2415847778320312,fleurs_uk
2.7276437282562256,3.1062681674957275,2.7267355918884277,2.9327147006988525,2.411694288253784,2.4754936695098877,2.7138724327087402,2.7199394702911377,2.7980871200561523,2.47607421875,2.8064565658569336,11.022666666666666,2.299058675765991,2.7842936515808105,2.299058675765991,2.3969507217407227,False,0467f502d836f78d,4bf91f1197c9e1284b89dc4a48bad299718600993af91a2e9f5e526f493a7e3d,3.158475875854492,sidon_wet1,2.586996078491211,3.158475875854492,fleurs_uk
3.433593511581421,3.4064295291900635,3.562948226928711,3.496476411819458,3.1477136611938477,3.2047533988952637,3.347595453262329,3.1953818798065186,3.224330425262451,3.1263365745544434,3.2454168796539307,17.64666666666667,3.174452781677246,3.054501533508301,3.174452781677246,3.2608118057250977,True,333b67b57a0d2b71,b482d5c57af387edf016cf1edfa91158f89236554a92ca68b0fc68b9798a6e9c,3.562948226928711,clearervoice_sidon_wet0.5,3.4227066040039062,3.543034553527832,fleurs_uk
3.523686170578003,3.305513858795166,3.4707577228546143,3.2517106533050537,2.6760764122009277,2.7165911197662354,2.75610613822937,2.8495566844940186,2.999359607696533,2.782524824142456,3.101050853729248,17.945333333333334,2.675156354904175,2.969064950942993,2.675156354904175,2.7757608890533447,True,ca195eb9cde9d3c7,ed39701c54b89b4fde54aebfd325ca1c3da37cba1c6388e35b169659008057bf,3.523686170578003,clearervoice_sidon_deepfilternet3_wet0.5,3.3057687282562256,3.286832571029663,fleurs_uk
3.700416088104248,3.791593313217163,3.8599517345428467,3.738157272338867,2.8521125316619873,2.890590190887451,2.99930477142334,3.038482904434204,3.322514295578003,3.1225175857543945,3.2410202026367188,13.14,2.9254374504089355,3.5376458168029785,2.9254374504089355,2.817854881286621,True,735df4c409f942b8,88205644edece16cb15b6c94907fdb89bb27d6f44dc63384fb74f2fb3d1d33eb,3.8599517345428467,clearervoice_sidon_wet0.5,3.7251057624816895,3.7104525566101074,fleurs_uk
3.119065046310425,3.4467012882232666,3.3790149688720703,3.4803428649902344,2.0320351123809814,2.077531099319458,2.1078269481658936,2.375033378601074,2.6112096309661865,2.285043239593506,2.851370096206665,6.478666666666666,1.9463834762573242,3.273547410964966,1.9463834762573242,2.3291211128234863,True,354818c76e7c2e34,460e4c7fb6c9c550e41ddc72f5b0d39f7b81ef58f6608fbb2d4157ddb0ed4cf1,3.573596477508545,sidon_wet1,3.452547550201416,3.573596477508545,fleurs_uk
3.275482177734375,3.2768149375915527,3.350743055343628,3.3937578201293945,3.2168569564819336,3.305569648742676,3.431943655014038,3.298118829727173,3.4525344371795654,3.247191905975342,3.3979625701904297,8.669333333333332,3.202843189239502,3.2557315826416016,3.202843189239502,3.49774432182312,True,a6941dfe32692f98,881d51e4359e89f29610c1bb6ebb0bdf4b23335907a1b377b5f7ba347303ec63,3.5952885150909424,sidon_wet0.5,3.5952885150909424,3.535609245300293,fleurs_uk
3.064776659011841,3.156268835067749,3.0250394344329834,3.072542667388916,3.3872575759887695,3.3774595260620117,3.2531578540802,3.2348241806030273,3.425416946411133,3.2906734943389893,3.360308885574341,11.46,3.382899284362793,2.885929822921753,3.382899284362793,3.844522714614868,True,7b2374559c058ccb,631cd6701b5afd09fd3b0030dd10ea6887d30e048ceeb2809af4f7aebe4fd795,3.844522714614868,original,3.0001134872436523,3.090146780014038,fleurs_uk
2.945028066635132,3.2340211868286133,2.8958871364593506,3.187406063079834,3.0338711738586426,3.0608747005462646,3.2270870208740234,2.943061351776123,3.125141143798828,3.0000662803649902,3.1970386505126953,8.968,3.0012269020080566,3.217083215713501,3.0012269020080566,2.860983371734619,False,4033a0a142097204,ff52722b7853d06077fdd10f0c1708d7efe1fc9dd796bf679d42134861f9185c,3.256744384765625,sidon_wet1,3.0785434246063232,3.256744384765625,fleurs_uk
3.093331813812256,3.17467999458313,3.35959792137146,3.408560276031494,2.284900665283203,2.3723220825195312,2.509946584701538,2.8038628101348877,2.772368907928467,2.6599087715148926,2.886399984359741,10.873333333333333,2.2212014198303223,3.6378512382507324,2.2212014198303223,2.8491876125335693,True,a52a91ca78ee3ab3,b63b9dfc7d471bb0a4826c4cfb6e7bb3878f69d7033bcb2358e1f3e261635f27,3.6378512382507324,legacy_v8_exact,3.274982213973999,3.3844525814056396,fleurs_uk
2.9222660064697266,2.923760414123535,2.9207303524017334,2.883129596710205,2.8338663578033447,2.897432327270508,2.914470672607422,2.907620668411255,3.0149528980255127,2.8506953716278076,2.968010425567627,9.758666666666667,2.7092785835266113,2.936744213104248,2.7092785835266113,2.644737720489502,False,debdc6a4c5a4f3c6,93c5a422a4f0cd20fc587e5d6c3ef04c2fec7353934e027e4bd3fa5c12c33f48,3.0149528980255127,deepfilternet3_peakminus3_wet1,2.903796911239624,2.8948490619659424,fleurs_uk
3.5916378498077393,4.039986610412598,3.6246159076690674,3.9884843826293945,3.280501127243042,3.318939208984375,3.193060874938965,3.1244020462036133,3.0854220390319824,3.0966556072235107,3.0995213985443115,15.048,3.114189386367798,3.6765217781066895,3.114189386367798,3.4038429260253906,True,5eb6300304d1d12b,4520a27203ea098a3842a3b8284a1c9f5e6e7c239b43e28e254f4b33335f17ee,4.039986610412598,clearervoice_sidon_deepfilternet3_wet1,3.7477309703826904,3.8334972858428955,fleurs_uk
3.118603229522705,3.7265233993530273,3.2182915210723877,3.6257803440093994,2.8547563552856445,3.0244076251983643,2.9613540172576904,2.8311493396759033,2.8821592330932617,2.814971685409546,2.8869857788085938,18.42,2.73335599899292,3.482703685760498,2.73335599899292,2.864945650100708,True,868a3bdab88599ee,ed96ea2137e697ae20fbb12af74bc82fcab67590fa65d8e05bde3b95172ab9c6,3.7265233993530273,clearervoice_sidon_deepfilternet3_wet1,3.1734399795532227,3.514948844909668,fleurs_uk
2.8657784461975098,3.3911852836608887,2.852642059326172,3.458855152130127,2.973996639251709,3.1436753273010254,3.239165782928467,3.252180814743042,3.779099702835083,2.962125301361084,3.759734869003296,11.04,2.738352060317993,3.2609264850616455,2.738352060317993,2.84867000579834,True,8698daf0e9701268,c6a8982facb3af49c8620ef7a8c602fdb506941a0b3a67cc1654ed2abd90e763,3.779099702835083,deepfilternet3_peakminus3_wet1,2.9747087955474854,3.3947110176086426,fleurs_uk
3.4106955528259277,3.420799493789673,3.3342206478118896,3.342404365539551,3.294631242752075,3.2748656272888184,3.2923388481140137,3.1351804733276367,3.362467050552368,3.28163480758667,3.1735458374023438,12.573333333333334,3.389291286468506,3.0515167713165283,3.389291286468506,3.148993492126465,False,8d594f701ffd3ba4,0d0e8755b8546fb95de87acaac3862f7933fd8fcfe453e5d9f9c447b9d73c356,3.420799493789673,clearervoice_sidon_deepfilternet3_wet1,3.1957027912139893,3.241223096847534,fleurs_uk
3.134535551071167,3.5213463306427,3.3775815963745117,3.6460745334625244,2.6000847816467285,2.5927441120147705,2.597564220428467,3.2633304595947266,3.522199869155884,2.983567476272583,3.4042160511016846,10.894666666666666,2.598618984222412,3.6264007091522217,2.598618984222412,2.718790054321289,True,33e0e64ffb911169,fad6555401327e700ed058dbf1b89f4591100525210cfcc30ce360f58307b49e,3.6460745334625244,clearervoice_sidon_wet1,3.272722005844116,3.373522996902466,fleurs_uk
3.6090903282165527,3.7316737174987793,3.5477864742279053,3.478273630142212,3.161794662475586,3.183429479598999,3.1950411796569824,3.283205032348633,3.514348030090332,3.2812674045562744,3.3456387519836426,6.828,3.1293959617614746,3.6039929389953613,3.1293959617614746,3.6527180671691895,True,cc3cbeb88a0ca00b,afb00ea9e535370210ef4b49302433ac1c1a79c6e9bcb0267a719ac412b77c22,3.7316737174987793,clearervoice_sidon_deepfilternet3_wet1,3.507809638977051,3.430034637451172,fleurs_uk
3.2193219661712646,3.224628448486328,3.3068342208862305,3.1402249336242676,3.2571096420288086,3.221214532852173,3.201317548751831,3.233062982559204,3.7621803283691406,3.2717397212982178,3.5464508533477783,11.698666666666666,3.1404542922973633,3.1733932495117188,3.1404542922973633,3.2438106536865234,True,8689b5eec74f2fff,f236bfea4ceb9380b1a46b4f24e2dce674f848de950fd94fd0bcd1bb4f13fe1b,3.7621803283691406,deepfilternet3_peakminus3_wet1,3.614328145980835,3.4003493785858154,fleurs_uk
2.5452120304107666,3.7435381412506104,2.5766570568084717,3.5553319454193115,2.661278009414673,2.7082576751708984,2.8415517807006836,2.9589498043060303,2.9685111045837402,2.7728545665740967,3.0807065963745117,10.2,2.579463005065918,3.5703325271606445,2.579463005065918,2.668008804321289,True,ac9151cf24a412e1,e0427e6b6dcdf3e1e63c93144f53b7a3068e5b401409c287488d37646b59f90e,3.7435381412506104,clearervoice_sidon_deepfilternet3_wet1,2.7684783935546875,3.4034476280212402,fleurs_uk
2.516472578048706,2.5058486461639404,2.4675281047821045,2.4424667358398438,2.640352249145508,2.643404960632324,2.648632287979126,2.7139103412628174,2.8241043090820312,2.6398818492889404,2.109147787094116,9.32,2.6410036087036133,2.3259074687957764,2.6410036087036133,2.5824480056762695,False,a45c10147c84d9f8,287d9264eb0a3f052004a38fd5ebd51b233f54c0dbd1c5531dd283f1a13b9550,2.8241043090820312,deepfilternet3_peakminus3_wet1,2.492311954498291,2.4837265014648438,fleurs_uk
3.5195152759552,3.507018804550171,3.41054368019104,3.451525926589966,3.1303563117980957,3.127476692199707,3.1400222778320312,3.2430174350738525,3.2128868103027344,3.264704704284668,3.4295389652252197,12.537333333333333,3.1211681365966797,3.3166470527648926,3.1211681365966797,3.311089277267456,True,a8763d00c05c7270,d7a6eacb91de59be5cf72031365a277f02fdb3c197fa6f15c9db9fc71bcbec05,3.5195152759552,clearervoice_sidon_deepfilternet3_wet0.5,3.3956844806671143,3.4737226963043213,fleurs_uk
3.172834634780884,3.1227574348449707,3.2030060291290283,3.1396350860595703,3.0335891246795654,3.1110177040100098,3.3274760246276855,3.155139446258545,3.3656907081604004,3.0424041748046875,3.323725700378418,14.002666666666666,2.945711612701416,3.0152194499969482,2.945711612701416,3.2850003242492676,False,69aafe87d955ba4b,ed74aef1c10aa3518e46b0ceec111c7d017860bef09b27e43c9f32b768f0ce70,3.3656907081604004,deepfilternet3_peakminus3_wet1,3.155118942260742,3.0094661712646484,fleurs_uk
3.2243642807006836,3.598345994949341,3.1687991619110107,3.6562790870666504,2.318047285079956,2.3270716667175293,2.334419012069702,2.789818286895752,3.076153039932251,2.584883689880371,3.0800833702087402,10.926666666666666,2.3164634704589844,3.845816135406494,2.3164634704589844,2.6165339946746826,True,f654a2482168dbd9,ffe0a2e1e47773260e2792dc2bec6cb1d0030b7ba5ae4b2e37d226e6dbb4fbc8,3.845816135406494,legacy_v8_exact,3.313220500946045,3.739093065261841,fleurs_uk
2.788290023803711,3.238081693649292,3.031371831893921,3.080315589904785,2.6534104347229004,2.673147439956665,2.6885488033294678,2.6817665100097656,2.999799966812134,2.700742483139038,2.899519681930542,14.734666666666667,2.6380372047424316,3.2790892124176025,2.6380372047424316,2.8387534618377686,False,f16b002601063e11,6d6dce295cb390ca0b9174a32eb2730f08810d99153ad757e07fbc318de0119b,3.2790892124176025,legacy_v8_exact,2.796998977661133,3.049861192703247,fleurs_uk
3.333120346069336,3.2893948554992676,3.3024723529815674,3.3447225093841553,3.447864294052124,3.5294172763824463,3.6138296127319336,3.720867872238159,3.795257568359375,3.414708137512207,2.079343795776367,11.606666666666667,3.294649600982666,3.14646315574646,3.294649600982666,3.097309112548828,True,584722206ba5ea87,f5ba870e3ea6a05ff1839823a63fb1f27f26d61eaa34dbf1e6d645e9c1e00d84,3.795257568359375,deepfilternet3_peakminus3_wet1,3.2397797107696533,3.2663841247558594,fleurs_uk
3.537503242492676,3.6367027759552,3.6962292194366455,3.731322765350342,3.3516252040863037,3.3980510234832764,3.414217233657837,3.4426374435424805,3.1763916015625,3.551398754119873,3.3671793937683105,6.458666666666667,3.3165340423583984,3.4974801540374756,3.3165340423583984,3.2197682857513428,True,222a96e0d7dd0ce7,4f4e46605691d1bfa3e2119f166f157cf5627c8727b2601e4bab1ef00d333be2,3.731322765350342,clearervoice_sidon_wet1,3.5121302604675293,3.597226619720459,fleurs_uk
2.3184478282928467,2.288926601409912,2.3706741333007812,2.357175827026367,2.899043083190918,2.903090476989746,2.9070417881011963,3.03841233253479,2.898923397064209,2.8899736404418945,1.7338018417358398,11.844,2.898390769958496,2.7871806621551514,2.898390769958496,2.811324119567871,False,4046a6918cbc6198,e45b05664a9a826cf578282446f679b8055f0762c1e285f64f620ac6d015885a,3.03841233253479,deepfilternet3_peakminus3_wet0.75,2.3945858478546143,2.378742218017578,fleurs_uk
2.633713722229004,2.6216249465942383,2.809175729751587,2.8484694957733154,2.5330703258514404,2.546814441680908,2.5566611289978027,2.732736587524414,2.8279643058776855,2.5439541339874268,2.5559284687042236,4.818666666666667,2.5413708686828613,2.358177900314331,2.5413708686828613,2.69112491607666,False,f0495e9522a7580f,c7cfe04b848b84ae7c9a94135179798b19361a64d0e4dab4ab3534cae5fff68b,2.8484694957733154,clearervoice_sidon_wet1,2.6301066875457764,2.6468253135681152,fleurs_uk
2.913444757461548,3.491530179977417,2.895646095275879,3.2672951221466064,2.7086260318756104,2.699221611022949,2.682528018951416,2.9673922061920166,3.278033494949341,2.948416233062744,3.4796884059906006,7.705333333333333,2.724160671234131,3.625300884246826,2.724160671234131,2.762763500213623,True,d3c65f60de08cc59,52417a50ac58cae7bedebc8eb7f920cc847257f98a34a29ea8dc7bcde4cfa06e,3.625300884246826,legacy_v8_exact,2.9719293117523193,3.362144708633423,fleurs_uk
3.1035473346710205,3.1619396209716797,2.869939088821411,2.95210599899292,2.861389636993408,2.869530200958252,2.9363760948181152,3.1324503421783447,3.152827262878418,2.924226999282837,3.108020782470703,5.213333333333333,2.793571710586548,3.2419850826263428,2.793571710586548,2.5662927627563477,False,804a5cfa9e39d4c0,9e6b9e6386f4c1a44437af959a16a3365f2d79da4f5d3ed470e4c2c1a56604a5,3.2419850826263428,legacy_v8_exact,2.949755907058716,2.9892818927764893,fleurs_uk
2.760906457901001,3.1578173637390137,2.7881698608398438,3.145730495452881,2.5962002277374268,2.5708045959472656,2.6049740314483643,2.710268497467041,2.757908344268799,2.5969533920288086,2.7871243953704834,12.2,2.5438292026519775,3.0218091011047363,2.5438292026519775,2.5487112998962402,False,d9356cbfb7795081,38c09d83ddb185f38c1af0195d3cf27428139cfef27fe908b3bc2662c8bf09f1,3.1578173637390137,clearervoice_sidon_deepfilternet3_wet1,2.6931660175323486,2.9829790592193604,fleurs_uk
2.7713100910186768,3.4095346927642822,2.9552814960479736,3.146059513092041,3.1070590019226074,3.1176257133483887,3.113166570663452,3.0204813480377197,3.1674258708953857,3.015988349914551,3.0663671493530273,12.06,3.108262062072754,3.220663547515869,3.108262062072754,3.4546542167663574,False,a137d8e70532b244,75bc4019dfcbf25b56b82738056bc389c4fda56f04840e55a7a9092234443a07,3.4546542167663574,original,3.0717151165008545,3.214237928390503,fleurs_uk
3.1213266849517822,3.3020846843719482,3.093883991241455,3.1625816822052,2.8669700622558594,2.7844738960266113,2.8672800064086914,2.8769795894622803,3.219686985015869,2.869188070297241,3.202523708343506,9.96,2.8419532775878906,3.3668861389160156,2.8419532775878906,2.883901357650757,False,b47e47b723203d93,cce1fd14958e227c869a6c2eaf411ce092d2376aa6b887cb3d02a3286b3b06bc,3.3668861389160156,legacy_v8_exact,2.7981250286102295,3.282909870147705,fleurs_uk
2.48952054977417,2.5895371437072754,2.5421693325042725,2.546482563018799,2.913621187210083,2.9461238384246826,2.9406375885009766,3.022908926010132,3.173658609390259,3.200186252593994,3.3665313720703125,10.764,2.90803599357605,2.8946943283081055,2.90803599357605,2.7842864990234375,False,d4455526189dee42,2ddf1f5a2ac724f0ce860afc0bd2258522370e3aa6cc607f0d3f9e88ff74872d,3.3665313720703125,deepfilternet3_wet1,2.520049571990967,2.4329681396484375,fleurs_uk
3.6014933586120605,3.3757238388061523,3.6606857776641846,3.5794081687927246,3.282130718231201,3.3252651691436768,3.3257529735565186,3.220458507537842,3.041591167449951,3.149854898452759,3.1352932453155518,6.749333333333333,3.2112951278686523,3.058253526687622,3.2112951278686523,3.1054816246032715,True,e677a32e926ce1d5,33e7ae5f4da1253e68578d4795cc0535c94ed600eda2635ae45adef721e7779f,3.7107717990875244,sidon_wet0.5,3.7107717990875244,3.6869425773620605,fleurs_uk
3.8359873294830322,3.7800803184509277,3.6939334869384766,3.6041786670684814,2.8848190307617188,2.8933498859405518,2.8622162342071533,3.2591841220855713,3.5412521362304688,3.086967945098877,3.577467441558838,14.681333333333333,2.8463847637176514,2.9185707569122314,2.8463847637176514,3.2631258964538574,True,1c3410a58f3482b4,d15ad94bb783ae6ab6d1440c56dbafecf77b680ee903b9def112c40b4a8add45,3.8359873294830322,clearervoice_sidon_deepfilternet3_wet0.5,3.8223726749420166,3.6541264057159424,fleurs_uk
3.4575018882751465,3.4643688201904297,3.337063789367676,3.3988327980041504,3.1678011417388916,3.2111470699310303,3.163358688354492,3.1943860054016113,3.444152593612671,3.0385444164276123,3.425326108932495,6.429333333333333,3.060817241668701,3.7438690662384033,3.060817241668701,3.2338409423828125,True,88157b1754b1f7fc,6a949aacb3bc6b122990819347440c2af372b83938519cfa1a7787bc673e9279,3.8143646717071533,sidon_wet0.5,3.8143646717071533,3.7494611740112305,fleurs_uk
2.790827989578247,3.187321901321411,2.7363617420196533,3.2054877281188965,2.917529344558716,3.0831058025360107,3.146843910217285,2.8972136974334717,3.0105514526367188,2.838618516921997,2.953223466873169,12.36,2.748039484024048,3.0981225967407227,2.748039484024048,3.3669121265411377,False,d60a45ed449aa919,11adf14e928864d41613ae04228c629195122e0e84d9c4a83835474440e88c19,3.3669121265411377,original,3.1843273639678955,3.024864912033081,fleurs_uk
2.6731982231140137,3.4275190830230713,2.6951732635498047,3.4775686264038086,2.466759443283081,2.8344216346740723,2.495753765106201,2.568331241607666,2.70233416557312,2.4760549068450928,2.688420295715332,7.44,2.327915906906128,3.5434212684631348,2.327915906906128,1.9867267608642578,True,51a1f94f96449920,a4e0028cae2574e7f61115299ea3757aad038ca06e51e43ff7d22792b7ef0890,3.8014001846313477,sidon_wet1,2.5515012741088867,3.8014001846313477,fleurs_uk
2.733738899230957,3.027984857559204,2.854172706604004,3.0756449699401855,3.1362969875335693,3.11122989654541,3.121319055557251,3.126713514328003,3.152601718902588,3.0941214561462402,3.01522159576416,13.096,3.1728525161743164,2.9735183715820312,3.1728525161743164,3.1507720947265625,False,4e3c5ab1819b3e25,c51119665ee5640f43cfba56fde7d0194e80d9ad0997c0b7b511fbd68a22b609,3.1728525161743164,normalized_original,2.8611392974853516,3.034886360168457,fleurs_uk
3.9711754322052,4.03256893157959,4.024294376373291,4.1075568199157715,2.996166944503784,3.005674362182617,3.0677807331085205,3.1896610260009766,3.3073906898498535,3.1058523654937744,3.403719663619995,10.916,3.017479181289673,4.04078483581543,3.017479181289673,3.098604202270508,True,92ed791b24f80b91,0d2771f95d229d54db221fed241822b3a39456fd2ec35ba09ea3c8d630f157e9,4.145262241363525,sidon_wet1,4.058679580688477,4.145262241363525,fleurs_uk
2.5205023288726807,2.6192779541015625,2.4245147705078125,2.436569929122925,2.424926519393921,2.437345504760742,2.400822877883911,2.525085687637329,2.4441277980804443,2.4054360389709473,2.187446355819702,10.464,2.3886606693267822,2.1365103721618652,2.3886606693267822,2.352933883666992,False,9402e75a29af9903,08bfbfcb9096838fe087f868a441ca892c28429194fe4a066238ca981e01f6ea,2.6192779541015625,clearervoice_sidon_deepfilternet3_wet1,2.264800548553467,2.3023674488067627,fleurs_uk
2.7938058376312256,2.6874077320098877,2.7258384227752686,2.649543285369873,3.3125381469726562,3.296067237854004,3.291752338409424,3.2600581645965576,3.3688254356384277,3.091219186782837,2.7442848682403564,10.696,3.3137574195861816,2.804837465286255,3.3137574195861816,3.366473913192749,False,079895761aba879c,0a6ddbc9587f2b0bd7b0b9debc91e96279efb4d56ef24da06fdc6b244f93c924,3.3688254356384277,deepfilternet3_peakminus3_wet1,2.7312257289886475,2.5815439224243164,fleurs_uk
3.3974390029907227,3.435532808303833,3.16622257232666,3.2788870334625244,3.119809150695801,3.116377830505371,3.11454176902771,3.141230583190918,3.3236656188964844,3.1310908794403076,2.2179741859436035,5.96,3.129206895828247,3.2218737602233887,3.129206895828247,3.304365396499634,False,10cdf3773f922512,ac27e92cc5d42dad2aa2c72f000409cd2248ba0240ac7043669d222735838582,3.435532808303833,clearervoice_sidon_deepfilternet3_wet1,3.069119453430176,3.1951277256011963,fleurs_uk
2.668743848800659,2.6694319248199463,2.574357748031616,2.537208318710327,2.2814931869506836,2.2851779460906982,2.2956502437591553,2.335102081298828,2.7233333587646484,2.2603237628936768,2.1393229961395264,10.937333333333333,2.270622968673706,2.4716429710388184,2.270622968673706,2.609689235687256,False,8f3c95d98fcf2542,60fa4150fc5843984e9863eca95dbaa19c8642975b27fe673ba58eace992cd80,2.7233333587646484,deepfilternet3_peakminus3_wet1,2.425337791442871,2.421588659286499,fleurs_uk
3.8285696506500244,3.746286153793335,4.012197017669678,3.8528554439544678,3.4487099647521973,3.462411642074585,3.450061559677124,3.238046646118164,3.009108066558838,3.31290602684021,3.0231313705444336,8.557333333333334,3.472991466522217,3.315511465072632,3.472991466522217,3.6737823486328125,True,3c418e8b71f5cea6,06133a646b0101578e92b170cd7955e3574ff03284a9eed537219920e98b917c,4.012197017669678,clearervoice_sidon_wet0.5,3.9687771797180176,3.8760318756103516,fleurs_uk
3.3467414379119873,3.579033374786377,3.185868263244629,3.520505666732788,3.274946451187134,3.2983319759368896,3.3267440795898438,3.428212881088257,3.71327805519104,3.4170265197753906,3.7756969928741455,12.505333333333333,3.2398760318756104,3.7530770301818848,3.2398760318756104,3.396800994873047,True,21c35569bc050375,3e2a2a93f1b6a9231eef50d7c98438b5609cbc22378363c17d750014782536c2,3.7756969928741455,deepfilternet3_wet1,3.2809858322143555,3.6609716415405273,fleurs_uk
2.8196182250976562,3.1932148933410645,2.74306058883667,3.09736967086792,2.9706852436065674,2.9753713607788086,2.9752237796783447,3.061002254486084,3.22477388381958,3.026947021484375,3.2104718685150146,4.92,2.954268455505371,3.1705708503723145,2.9614036083221436,3.241652011871338,False,cf89152cdd4870d0,c4909304cfec8f282478a8f4bb0d1752d58e963a01692ffb8fcceff7cc97dfe7,3.241652011871338,original,2.7567267417907715,3.1103122234344482,fleurs_uk
2.7510130405426025,2.760340452194214,2.667375326156616,2.7239882946014404,2.9451708793640137,2.950573205947876,2.933826208114624,2.9361488819122314,2.940173625946045,2.935979127883911,2.930321216583252,5.52,2.9283785820007324,2.488257884979248,2.9283785820007324,3.069099187850952,False,eb898a121f485b26,8b9969405fec0ebc3868ed72aae2f647c18d8af7adac98b80bd86d7336aa3d62,3.069099187850952,original,2.5510988235473633,2.6703429222106934,opentts_lada
2.681626796722412,2.8284435272216797,2.606234312057495,2.776087760925293,2.1261799335479736,2.1270084381103516,2.1370370388031006,2.181157112121582,2.414654493331909,2.164463758468628,2.441894292831421,4.04,2.1252918243408203,3.0778822898864746,2.1252918243408203,2.560267210006714,False,e8449482430bafd8,6921639796be2e9bbde6c009b950705b24fe74e642a4598ac847711d17162bd5,3.0778822898864746,legacy_v8_exact,2.600093126296997,2.8324193954467773,opentts_lada
2.5098447799682617,2.5130326747894287,2.4704084396362305,2.412055492401123,2.4052999019622803,2.4189491271972656,2.4535140991210938,2.4139351844787598,2.5740981101989746,2.387120485305786,2.571714162826538,2.536,2.391056537628174,2.7539138793945312,2.391056537628174,2.489030122756958,False,21bb6688a0a1113f,50f9a277ac0c8f89df840b621332c5ea9feca5a4307ae019274fe8f5fd670f95,2.7539138793945312,legacy_v8_exact,2.466792106628418,2.3309478759765625,opentts_lada
2.405998468399048,2.183443546295166,2.562502861022949,2.0650758743286133,2.4285504817962646,2.4618306159973145,2.4431300163269043,2.527324914932251,2.5669922828674316,2.4488589763641357,2.5473453998565674,4.44,2.3782637119293213,2.661670207977295,2.3782637119293213,3.0023248195648193,False,0dd5f5a8f9a09cc5,4c777f5b7a3e0e6edeccb87f6de05b211805eec0df6b9817325fa2ebf6349cf8,3.0023248195648193,original,2.7198410034179688,2.061033010482788,opentts_lada
3.106797456741333,3.3215200901031494,3.076606273651123,3.2397079467773438,2.844597578048706,2.8284716606140137,2.792325258255005,2.9015259742736816,2.9089481830596924,2.8990397453308105,2.9143340587615967,3.9226666666666667,2.8700850009918213,3.165224313735962,2.8700850009918213,3.052204132080078,False,a62f0a11f72e0935,2dd2b3f301b3cacc5bcaefe3761ce03215b6d5db8c1ee3a276c30adee4175b8d,3.3534491062164307,sidon_wet1,3.055973529815674,3.3534491062164307,opentts_lada
2.475221633911133,2.669315814971924,2.5603504180908203,2.544259548187256,2.3263137340545654,2.3593709468841553,2.3927500247955322,2.353789806365967,2.5545690059661865,2.2945773601531982,2.553835868835449,5.34,2.315849542617798,2.442423105239868,2.315849542617798,2.9537060260772705,False,7a5dcfae51994d97,4af788eaf99a55087292e25950585dac3d18bcbd7734bc14e70a7435fcedb528,2.9537060260772705,original,2.5142507553100586,2.5089612007141113,opentts_lada
2.9725399017333984,3.0233819484710693,2.7819950580596924,2.7807626724243164,3.1442933082580566,3.1011040210723877,2.994405746459961,3.1629533767700195,3.1205930709838867,3.1881561279296875,3.0956592559814453,4.605333333333333,3.190753698348999,2.9877800941467285,3.190753698348999,2.8524258136749268,False,6a0d36c4b3017098,ae5763d3706fc69699b4d7d24005c2ff5aa1b7d0bc1dc789744eca7c6dd6196a,3.190753698348999,normalized_original,2.8561580181121826,2.6812973022460938,opentts_lada
2.515864849090576,2.951744556427002,2.5214500427246094,2.973609209060669,3.0210280418395996,2.997126817703247,2.9601733684539795,3.000697612762451,2.9681787490844727,3.025447130203247,2.967996597290039,3.7946666666666666,3.0097484588623047,3.052844762802124,3.0097484588623047,3.0183165073394775,False,ed7746419b367042,edee787707dd810bc05a363f81bcc87b793b913293704a7afc64c0ff4d781295,3.052844762802124,legacy_v8_exact,2.521195888519287,2.956834554672241,opentts_lada
3.263214588165283,3.032275915145874,3.137190341949463,2.9494919776916504,3.0554375648498535,3.093266010284424,3.1598496437072754,3.14007568359375,3.3080215454101562,3.0821611881256104,3.311980724334717,2.8453333333333335,2.998612880706787,3.143397092819214,2.998612880706787,3.243185520172119,False,14cfdbc496752bee,4360119f573adb120eb6b4eda570984d316234c3facc8796b83a7dcd7c488235,3.311980724334717,deepfilternet3_wet1,3.2330501079559326,2.953251838684082,opentts_lada
3.105436086654663,3.2548842430114746,3.1314280033111572,3.1907455921173096,2.8026440143585205,2.797420024871826,2.803079843521118,2.776887893676758,2.7592031955718994,2.7965526580810547,2.7611210346221924,6.0,2.8079466819763184,3.0862042903900146,2.8079466819763184,3.3844237327575684,False,b3a0725d52e4df4a,fabc765d06b83e83b56d4bed6c9e53ac97b6057cb9c17a465a50b11ffefd7c9e,3.3844237327575684,original,3.0941672325134277,3.1193108558654785,opentts_lada
2.389538049697876,2.735588312149048,2.477599620819092,2.6262834072113037,2.5918097496032715,2.6335017681121826,2.672762393951416,2.5904922485351562,2.669858694076538,2.4884324073791504,2.761019229888916,6.9,2.5422940254211426,2.6311705112457275,2.5422940254211426,3.122272253036499,False,2c77c8ce4c9a8e81,f2381e5f8bc16593055974b32cdc3eece8e43262f56621c3f72de875724484f5,3.122272253036499,original,2.456616163253784,2.6990325450897217,opentts_lada
3.2291133403778076,3.1808412075042725,3.1013097763061523,2.928938150405884,3.231928586959839,3.2279467582702637,3.2283756732940674,3.4026010036468506,3.3360180854797363,3.3087387084960938,3.2899820804595947,2.0453333333333332,3.256645441055298,3.195784330368042,3.256645441055298,2.654310703277588,False,13376eeaa2862f39,612513c0db5b26981d3675be839258f2737e0ca77307f780faf0906a7d493697,3.4026010036468506,deepfilternet3_peakminus3_wet0.75,2.9821393489837646,3.0372393131256104,opentts_lada
2.455660581588745,3.020115613937378,2.4072721004486084,2.91585373878479,2.6578123569488525,2.6562092304229736,2.6399104595184326,2.6204872131347656,2.68471622467041,2.621992588043213,2.6775925159454346,3.816,2.6671717166900635,3.1498353481292725,2.6671717166900635,2.999587297439575,False,fd0881c5cac462ed,4ed08db8f561fe8d41c4befc02e95c101fefd0ee054d43a0a677c2729e390ac2,3.1498353481292725,legacy_v8_exact,2.3311877250671387,2.985029935836792,opentts_lada
2.672738552093506,2.722778797149658,2.519181728363037,2.7210731506347656,2.8916890621185303,2.9145944118499756,2.9388248920440674,2.854835033416748,2.892406940460205,2.8312137126922607,2.952148914337158,5.28,2.8811914920806885,2.9311068058013916,2.8811914920806885,2.9901087284088135,False,8f098940e429bdf0,7ff6c789066117aaf470712082d81c29e756321cbee0b5cee23a02ab7c29b8af,2.9901087284088135,original,2.4946389198303223,2.668713092803955,opentts_lada
2.4519450664520264,2.6837871074676514,2.4821207523345947,2.779963493347168,2.4761736392974854,2.487360715866089,2.4828240871429443,2.4869983196258545,2.472947120666504,2.4717326164245605,2.477970600128174,5.448,2.461550712585449,2.9295406341552734,2.4668028354644775,2.5144197940826416,False,6883c011c9ab0f41,aa3d1f5be765b1c37b6b07d9f488a9e2f18e0951aa2dbfca9bbf9b049ef6bdb0,2.9295406341552734,legacy_v8_exact,2.4992616176605225,2.8069770336151123,opentts_lada
2.818477153778076,3.1845595836639404,2.727916955947876,3.133232355117798,2.8902125358581543,2.8917596340179443,2.866297721862793,2.9592087268829346,2.989034652709961,2.939094066619873,2.988647937774658,4.701333333333333,2.875108003616333,3.1416192054748535,2.875108003616333,3.1425187587738037,False,15c1b955fd45d0cb,3c075fde9e45275e050e74ae017ed2316afd1db542d82e2e6a93371ae0b5dfa9,3.1845595836639404,clearervoice_sidon_deepfilternet3_wet1,2.7149178981781006,3.0912163257598877,opentts_lada
2.453352212905884,2.748380661010742,2.836556911468506,2.468107223510742,3.0070691108703613,3.011664867401123,3.038789749145508,3.006436347961426,3.1054060459136963,2.985511064529419,3.0830421447753906,2.44,3.0206174850463867,2.7731211185455322,3.0206174850463867,2.9221365451812744,False,d87767e09ae3c0a7,98ada66eb85b598334aaa268357f9c13b908b932d7012c89f1407ee303738455,3.1054060459136963,deepfilternet3_peakminus3_wet1,2.828699827194214,2.3905296325683594,opentts_lada
2.345536708831787,2.634648084640503,2.3106186389923096,2.5845119953155518,2.4623632431030273,2.4821741580963135,2.5031981468200684,2.4876577854156494,2.5772364139556885,2.4716315269470215,2.568901300430298,7.02,2.4475886821746826,2.9329440593719482,2.4475886821746826,3.1476666927337646,False,8de6fd86720527cf,d850a2036ce5e554f752ddb5742a0dab0b1d2289a785579475b401dc2bd21381,3.1476666927337646,original,2.321099281311035,2.6042592525482178,opentts_lada
2.54132080078125,2.4836838245391846,2.6216695308685303,2.664973020553589,2.716541051864624,2.7214250564575195,2.7399401664733887,2.6702871322631836,2.6810576915740967,2.676309108734131,2.6806297302246094,6.06,2.7242062091827393,2.627202033996582,2.7242062091827393,2.9544951915740967,False,0d420c948e3fca43,62a19aedbd723a48338bf3e4544320d6f96dc4ae514987eb988216a0d376c6e8,2.9544951915740967,original,2.5784988403320312,2.7104551792144775,opentts_lada
2.8348355293273926,2.733757257461548,2.7484564781188965,2.4874167442321777,2.62184739112854,2.637266159057617,2.6743528842926025,2.7986838817596436,2.902758836746216,2.716433525085449,2.9013803005218506,6.12,2.601646661758423,3.0113303661346436,2.601646661758423,3.1799557209014893,False,b7c03ad16de492da,701988885187f5cbf64bf8b8ea89015289e6ae42208336f638fcd96da3449c5c,3.1799557209014893,original,2.76063871383667,2.5026798248291016,opentts_lada
2.9422965049743652,3.0155296325683594,2.9540352821350098,2.8354437351226807,2.935603618621826,2.9337403774261475,2.9236230850219727,2.967289447784424,2.997093915939331,2.9679107666015625,2.990469455718994,2.034666666666667,2.8749337196350098,3.1525230407714844,2.8749337196350098,2.9668989181518555,False,0f5525a960cd2733,2917003cd0efe9cb3a3c91867372fe0ebf4daf555aa47c6fa8704c4f25bca4a3,3.1525230407714844,legacy_v8_exact,2.986086130142212,2.8854219913482666,opentts_lada
2.677915573120117,2.9364774227142334,2.6221296787261963,2.814182758331299,2.5258851051330566,2.468627691268921,2.4503586292266846,2.5204644203186035,2.5165483951568604,2.5599372386932373,2.514679193496704,4.584,2.588388204574585,2.924325466156006,2.588388204574585,2.801025629043579,False,faefb12a08a739b4,0cdb30d8d35faacec621bb84cf4e4214705ca3651752778e012e218c6b0d1b7b,2.9364774227142334,clearervoice_sidon_deepfilternet3_wet1,2.6483280658721924,2.8037285804748535,opentts_lada
2.5912973880767822,3.119729518890381,2.614795207977295,2.883784532546997,2.5049986839294434,2.4918246269226074,2.4729318618774414,2.588352918624878,2.719020128250122,2.5441012382507324,2.7154252529144287,4.68,2.5148375034332275,2.913606643676758,2.5148375034332275,3.218287706375122,False,c0cf2c236786cfe1,d0e353658edfd29a9b8873b7849df8a416745f4e6ba3434966aa79deca702a75,3.218287706375122,original,2.5936176776885986,2.7924067974090576,opentts_lada
2.6824018955230713,3.0992772579193115,2.6354634761810303,3.084928274154663,3.0072617530822754,3.079411745071411,3.12164044380188,3.2276318073272705,3.1999027729034424,3.114893913269043,3.2132036685943604,2.6,2.862861156463623,3.2200915813446045,2.862861156463623,2.7820088863372803,False,a1cc283cf940e383,d4b604821dee8396a84073d1ac0eceb7bc4089d5ffd794d17c915aec571ebe01,3.2276318073272705,deepfilternet3_peakminus3_wet0.75,2.668057441711426,3.0930769443511963,opentts_lada
2.3160345554351807,2.6068098545074463,2.3389313220977783,2.439797878265381,2.0996997356414795,2.0997352600097656,2.158982753753662,2.1885833740234375,2.4200217723846436,2.1632916927337646,2.4154043197631836,5.16,2.087455987930298,2.240971088409424,2.087455987930298,2.8034119606018066,False,23c007617141ed90,458786fdccff49d2b71c387b8620274e966138a056f0f199ebe5860b486d4ab5,2.8034119606018066,original,2.3872551918029785,2.410128593444824,opentts_lada
3.1447629928588867,2.8730154037475586,2.877938985824585,2.790795087814331,2.8294553756713867,2.7894937992095947,2.753748655319214,2.792212963104248,2.799424171447754,2.8469626903533936,2.833181619644165,4.626666666666667,2.929255485534668,2.362088680267334,2.929255485534668,2.915781259536743,False,812f332833a170a3,46426a46e10311496dd88157808aa60435eaeb44c8174b575dda6508fa0b378a,3.1447629928588867,clearervoice_sidon_deepfilternet3_wet0.5,2.840945243835449,2.759134531021118,opentts_lada
2.4923014640808105,2.2765073776245117,2.503202199935913,2.3426263332366943,2.6502652168273926,2.6556107997894287,2.667975902557373,2.691765308380127,2.7108469009399414,2.6880855560302734,2.7059860229492188,6.18,2.6576476097106934,2.8726565837860107,2.6576476097106934,2.998107671737671,False,fac6abf113898efb,29a3e58de6ecd924aab84ae6c504f9c1ebaaed64bb0113659454cd79b272a6d7,2.998107671737671,original,2.4061405658721924,2.4041991233825684,opentts_lada
2.632704973220825,2.6880781650543213,2.590380907058716,2.7456448078155518,2.857821464538574,2.8159077167510986,2.778672218322754,2.8263771533966064,2.867041826248169,2.845426082611084,2.8430349826812744,5.16,2.9110023975372314,2.6163415908813477,2.9110023975372314,3.476891040802002,False,e9a72a1613b465ae,5af3c409437483ba02e083069b968781ef7c4b5a86648d0efdd1ebb20294b5de,3.476891040802002,original,2.5257952213287354,2.698275089263916,opentts_lada
3.0364444255828857,2.69852352142334,3.0808823108673096,2.5284416675567627,2.82631778717041,2.8289382457733154,2.8148467540740967,3.0568950176239014,3.041619062423706,3.0319302082061768,3.023861885070801,7.26,2.791900873184204,2.9037179946899414,2.791900873184204,3.249415874481201,False,3370cc314324afd0,e7667f23733813cc4dd8c0f4a3702cb314a853b45a276b1b8f2781254d5f9a14,3.249415874481201,original,3.0219168663024902,2.5290772914886475,opentts_lada
3.097527027130127,3.342473030090332,3.0865581035614014,3.30238676071167,2.7753796577453613,2.80427885055542,2.8391945362091064,2.8159666061401367,2.846240520477295,2.786432981491089,2.8470637798309326,4.157333333333334,2.722580671310425,3.2553517818450928,2.722580671310425,3.083216667175293,False,ec2af6a0a797fee2,001b735e050a23daf61eea87b1905a1b511d5c2e11df7a0753762f8d87b81884,3.342473030090332,clearervoice_sidon_deepfilternet3_wet1,3.038540840148926,3.301652431488037,opentts_lada
2.9282896518707275,2.833198308944702,2.793104410171509,2.8264918327331543,3.0576162338256836,3.0840461254119873,3.116482734680176,3.0477211475372314,3.0215086936950684,3.056678295135498,3.0309319496154785,5.58,3.051987648010254,3.0913937091827393,3.051987648010254,3.1510775089263916,False,5f9e3d1b5205c791,e68e767ef92bcd49a2c171e87cc6054a040363e7c9e5993451dacf9efc59174b,3.1510775089263916,original,2.8031601905822754,2.8162434101104736,opentts_lada
2.5098602771759033,2.1971874237060547,2.44956111907959,2.062863349914551,3.033661365509033,3.038486957550049,2.977043390274048,3.1476311683654785,3.095414638519287,3.1109671592712402,3.0882318019866943,2.344,3.022814989089966,2.469428777694702,3.022814989089966,2.601682186126709,False,36d8c7ae4a7d8fcc,b49a405b82ad589a27087228a93c92cf2001f50f5e3dd90edf42802b35cd06cf,3.1476311683654785,deepfilternet3_peakminus3_wet0.75,2.411040782928467,2.0289649963378906,opentts_lada
2.5341100692749023,2.4235479831695557,2.7391464710235596,2.0847012996673584,2.496842622756958,2.4943788051605225,2.5337390899658203,2.3657922744750977,2.407543659210205,2.3868937492370605,2.4029531478881836,6.48,2.48366117477417,2.545088291168213,2.48366117477417,3.156080961227417,False,5d9cc95c0c3b48cb,a5a62c6def493b609928865ae309bdabdd51fea944763b483bc3902ebbcc319b,3.156080961227417,original,2.742854356765747,2.044760227203369,opentts_lada
2.9641475677490234,2.6714060306549072,2.963043451309204,2.3863000869750977,3.03049898147583,3.0279383659362793,3.0402581691741943,3.082155704498291,3.1932601928710938,3.065619468688965,3.188100576400757,4.594666666666667,3.019239902496338,2.6965105533599854,3.019239902496338,3.0629079341888428,False,a7cd21518394e414,0b8a9e986d0391c8f78659263b979e91daa9ab3423e7b798b35f5df6b212e2da,3.1932601928710938,deepfilternet3_peakminus3_wet1,2.9550464153289795,2.4191455841064453,opentts_lada
2.5606906414031982,3.2764041423797607,2.445749521255493,2.9929757118225098,2.4232711791992188,2.4029550552368164,2.3584141731262207,2.491248369216919,2.4350578784942627,2.4448790550231934,2.4512991905212402,5.725333333333333,2.432908296585083,3.407515525817871,2.4369444847106934,2.811452865600586,False,8398aa249a64e7dd,b8968bbf6a0cfeccfe78e44bcba939e6849e07ac2c1c66379ec94d8b40c7995b,3.407515525817871,legacy_v8_exact,2.4384491443634033,2.9836833477020264,opentts_lada
2.8054888248443604,2.7617814540863037,2.820570468902588,2.7349891662597656,2.7857820987701416,2.794942855834961,2.7899532318115234,2.8706040382385254,2.845581531524658,2.844115972518921,2.839823007583618,5.76,2.7756948471069336,2.7474749088287354,2.7756948471069336,3.683563470840454,True,8fe3928a78329cf5,7bef0ce185ebc24b43d43661d4dda6b37c847b35be93384b9a31af8f54e0018a,3.683563470840454,original,2.7680606842041016,2.5841739177703857,opentts_lada
3.277116537094116,3.335259199142456,3.3557519912719727,3.416506290435791,3.212890386581421,3.1775386333465576,3.148282051086426,3.264150619506836,3.1588096618652344,3.281519889831543,3.3140132427215576,2.0773333333333333,3.2747244834899902,3.1818015575408936,3.2747244834899902,2.746321678161621,False,89af8e11c37988c5,ea8d46b080af3124b5c8e61c050fc8145ca569022fe300e2ac091d9d0c0364a8,3.416506290435791,clearervoice_sidon_wet1,3.2902448177337646,3.3257439136505127,opentts_lada
2.6832919120788574,2.7916696071624756,2.7489538192749023,2.8462605476379395,2.671175003051758,2.6558516025543213,2.6347694396972656,2.6879630088806152,2.737887144088745,2.6835148334503174,2.734628677368164,3.037333333333333,2.6569809913635254,2.8556220531463623,2.6569809913635254,2.791022777557373,False,37660310fa3b4d6d,1cc2bafd52b8f498f4035b4faeb289c65bbcf41d8b7d33459bfc75f2dcfd06d1,2.8556220531463623,legacy_v8_exact,2.8544788360595703,2.829658269882202,opentts_lada
2.609635591506958,2.765676259994507,2.6777875423431396,2.6225786209106445,2.3684804439544678,2.377379894256592,2.3804218769073486,2.353445053100586,2.415468215942383,2.3432531356811523,2.4247725009918213,6.48,2.392634868621826,2.7347781658172607,2.392634868621826,2.818969488143921,False,ae86e1b727ab4994,ee7311a18c40aecde2f5cd36ea17718ad46c3ec541a5af255799acc6e545d1b9,2.818969488143921,original,2.6691203117370605,2.653858184814453,opentts_lada
2.9499049186706543,2.934032678604126,3.036315441131592,2.894773483276367,2.7160727977752686,2.6965014934539795,2.6985318660736084,2.6870126724243164,2.6170618534088135,2.7137622833251953,2.6484832763671875,3.005333333333333,2.754786252975464,3.1443893909454346,2.7516777515411377,2.809053897857666,False,c23113a06a84767d,3655e014d9c5dc7de671a05bb4d9283c3c4ac94ec27d3a9521571425866f5d82,3.1443893909454346,legacy_v8_exact,3.032503604888916,2.970078945159912,opentts_lada
2.7903928756713867,3.061220407485962,2.821847438812256,2.9301633834838867,2.6030654907226562,2.591867208480835,2.5758626461029053,2.491776943206787,2.4944818019866943,2.5882270336151123,2.6243739128112793,5.46,2.6579558849334717,2.938380241394043,2.6579558849334717,3.567786693572998,True,2e1312c52e3a30c1,097132da1db7a532ea1a28916da3b0f21553164fd7f5188f0442efa4e7cc46b2,3.567786693572998,original,2.8975777626037598,2.9250426292419434,opentts_lada
2.7424304485321045,3.1071674823760986,2.6777467727661133,3.032275915145874,2.841148853302002,2.859283924102783,2.8972315788269043,2.851492404937744,2.9107487201690674,2.8324697017669678,2.9038374423980713,2.696,2.814406394958496,2.871288537979126,2.814406394958496,3.0969624519348145,False,cb52983eab2b2756,5ad34fdd857d06bef96fb49d8fda8f4e625970359ef15f4218e39b7a361348cb,3.1071674823760986,clearervoice_sidon_deepfilternet3_wet1,2.6939404010772705,3.0227835178375244,opentts_lada
2.7360615730285645,2.7892069816589355,2.7553153038024902,2.8047852516174316,2.5884695053100586,2.6061289310455322,2.620396137237549,2.6309711933135986,2.733703851699829,2.6061477661132812,2.7380077838897705,5.4,2.5662856101989746,2.7691268920898438,2.5662856101989746,2.970701217651367,False,c136c6d30b2df2ce,fa81f4345b149cc9a6390858f3c0e0f6b2c8b25311989c49a95dd6f346538ea3,2.970701217651367,original,2.7415521144866943,2.868255853652954,opentts_lada
2.6992602348327637,3.355015277862549,2.722385883331299,3.2420830726623535,3.186525583267212,3.2263007164001465,3.2337350845336914,3.201488733291626,3.252957344055176,3.1701529026031494,3.252613067626953,3.965333333333333,3.0786969661712646,2.764256477355957,3.0786969661712646,2.8743679523468018,False,b4e8a408cefc180c,061cc899ef1a4d1ddd427ee142021c90da690511243b1c35ca6cf5a027956683,3.355015277862549,clearervoice_sidon_deepfilternet3_wet1,2.7113614082336426,3.2052483558654785,opentts_lada
3.1099040508270264,2.8284473419189453,3.072815418243408,2.7194361686706543,2.88246750831604,2.8848776817321777,2.8888022899627686,2.935415744781494,2.920285224914551,2.9150726795196533,2.917849540710449,5.46,2.870018243789673,2.9403676986694336,2.870018243789673,3.12748122215271,False,63b846f0797232dd,9b5b01e0d5402276957f5cb96f8d3e814c5504102a3ef20bf56256e6ef22fc74,3.12748122215271,original,3.0147109031677246,2.7778563499450684,opentts_lada
3.225944995880127,3.2101054191589355,3.0601277351379395,2.987741470336914,2.765209674835205,2.8076791763305664,2.8594284057617188,2.9367387294769287,3.113205909729004,2.845461845397949,3.1141250133514404,3.7413333333333334,2.6977927684783936,3.4606170654296875,2.6977927684783936,2.7112696170806885,False,8572e866f1dc645a,66f3d828ea09a803e7b29dd7a44b02bdba37f6bcde196e290e103f03318d1710,3.4606170654296875,legacy_v8_exact,3.0133488178253174,2.990170955657959,opentts_lada
2.1527493000030518,2.841456651687622,2.218433380126953,2.6078686714172363,2.1268908977508545,2.039613723754883,2.1192524433135986,2.214589834213257,2.327594518661499,2.1110620498657227,2.3850767612457275,4.772,2.2221152782440186,2.700593948364258,2.236609935760498,1.9715361595153809,False,b47d33d39090f18c,02dbc0566d725975a9a6dfcf2a0827eb6e5a182681554de0028a09bf7f25c436,2.841456651687622,clearervoice_sidon_deepfilternet3_wet1,2.16707181930542,2.5326738357543945,opentts_lada
2.8368310928344727,2.5376803874969482,2.8212995529174805,2.4802932739257812,3.1909446716308594,3.168898582458496,3.1461851596832275,3.189605236053467,3.1713552474975586,3.1905345916748047,3.1802284717559814,5.16,3.220158100128174,2.7023112773895264,3.220158100128174,3.383725643157959,False,ae7464dd19369d7c,734f7c786ea1f8e38c1a65ae8ff5fa4ef78db3b0ad6992105526f422ca61d300,3.383725643157959,original,2.7307519912719727,2.4541544914245605,opentts_lada
3.3693645000457764,3.4885833263397217,3.3653452396392822,3.455408811569214,3.087761163711548,3.0918240547180176,3.079420804977417,3.139110565185547,3.1060285568237305,3.187619924545288,3.0914621353149414,2.7706666666666666,3.025678873062134,3.429229497909546,3.025678873062134,3.0930418968200684,False,1392e9cab03d35ac,54780393d7293c50ca673d812cf149238241e9b37ad1dcff33ae3b0031231f3c,3.4885833263397217,clearervoice_sidon_deepfilternet3_wet1,3.3470935821533203,3.342879056930542,opentts_lada
2.6455023288726807,2.5760231018066406,2.682481527328491,2.601093053817749,2.7450520992279053,2.7757365703582764,2.8109800815582275,2.7740752696990967,2.8128507137298584,2.74643611907959,2.8155319690704346,5.34,2.7412703037261963,2.64007568359375,2.7412703037261963,3.21573543548584,False,0d8baee843210a93,e7ce130487c9c2f239554c572e4dc27a12cca13fe0e268f9536ea70d39ae6170,3.21573543548584,original,2.6717350482940674,2.563662528991699,opentts_lada
2.792168378829956,2.8819782733917236,2.749081611633301,2.8930392265319824,3.105062246322632,3.0942423343658447,3.079453468322754,3.0415782928466797,3.0687708854675293,3.0773041248321533,3.0621743202209473,4.38,3.113053321838379,2.883653163909912,3.113053321838379,3.1653599739074707,False,8ef25dfa5c938f24,c7fc934c4f8796aeb418b0e89bace3f9a9fbde548e4addeb8c20f204ab1d3f09,3.1653599739074707,original,2.8024227619171143,2.7858998775482178,opentts_lada
2.600292205810547,2.976696491241455,2.954322338104248,3.3078372478485107,2.3723092079162598,2.369340658187866,2.359673500061035,2.509956121444702,2.5213022232055664,2.5365238189697266,2.3111279010772705,4.04,2.3840408325195312,2.9848382472991943,2.3840408325195312,2.3184287548065186,False,40ca8ab75d42caf5,b32dd00f71717dcc267c53a3f649ae35c4cbd5378d26d7bb761012773d84b231,3.3153584003448486,sidon_wet1,2.937009334564209,3.3153584003448486,opentts_lada
2.638239860534668,2.810495615005493,2.7586803436279297,2.868879556655884,2.903771162033081,2.901939868927002,2.8798906803131104,2.9339592456817627,3.0431151390075684,2.9219086170196533,3.0472793579101562,6.0,2.9202654361724854,2.9746334552764893,2.9202654361724854,3.092108726501465,False,c3a385cebac82c87,bc2934516760f5491f4f8e98dd7237ae3a35eb72773915d7a3c6f9971ba73001,3.092108726501465,original,2.6241087913513184,2.785983085632324,opentts_lada
3.35325288772583,3.537775754928589,3.353847026824951,3.3838002681732178,3.5386312007904053,3.4993350505828857,3.438302516937256,3.486415386199951,3.442567825317383,3.543421983718872,3.4642465114593506,5.714666666666667,3.5392658710479736,3.5731141567230225,3.5392658710479736,3.1359732151031494,True,50b57b7a80c645f6,39eccb37626959a49a1c2bf2bba408478d5f17f122f9c282491ba088b5c445be,3.5731141567230225,legacy_v8_exact,3.3540611267089844,3.441671133041382,opentts_lada
2.599140167236328,2.7881641387939453,2.579434871673584,2.689754009246826,2.70076060295105,2.702378273010254,2.699317455291748,2.682448625564575,2.6793031692504883,2.690185785293579,2.6648077964782715,4.232,2.677107810974121,3.1002886295318604,2.677107810974121,2.535951852798462,False,8050544d45d48e02,c6f1e7a5a1abe1fc5bef141c1c154007bfa176c4ed6fea19e73d0d561f23e3f9,3.1002886295318604,legacy_v8_exact,2.546417713165283,2.7588512897491455,opentts_lada
1.7285723686218262,2.0824217796325684,1.840216875076294,2.0048859119415283,2.218675374984741,2.244615316390991,2.29962420463562,2.1754961013793945,2.304422616958618,2.180767297744751,2.317135810852051,5.4,2.213641405105591,2.2651216983795166,2.213641405105591,2.7960832118988037,False,f1a3a5a7e7156e30,4937f3a4dc6455acc8f7ddd6701b8cda041972d73561e742d580efcb22e21040,2.7960832118988037,original,1.9025204181671143,2.1576836109161377,opentts_lada
2.3573734760284424,2.6402158737182617,2.369781255722046,2.460869789123535,2.5889909267425537,2.5955843925476074,2.5737786293029785,2.580610513687134,2.6901612281799316,2.570495843887329,2.682591676712036,2.376,2.5670840740203857,3.063767910003662,2.5670840740203857,2.697876453399658,False,367cf4190991df76,bd497ab68b1a5791b9361bf60419fae59727c14040b4e5cbe27f5d2cc755cec1,3.063767910003662,legacy_v8_exact,2.3597469329833984,2.5214762687683105,opentts_lada
3.0301132202148438,3.3512587547302246,3.0903313159942627,3.2691500186920166,3.156872510910034,3.1676530838012695,3.1669023036956787,3.1231846809387207,3.0571208000183105,3.137808322906494,3.058650016784668,8.4,3.1143062114715576,3.112967014312744,3.1143062114715576,3.364104986190796,False,38f52c8e92c8c314,0a48e0aca28853ca52dfbf8b54d3adcc7bd5567fb5d7a9c25436b20f9d69feda,3.364104986190796,original,3.1572301387786865,3.26118540763855,opentts_lada
2.7563979625701904,2.8263115882873535,2.677042245864868,2.7573163509368896,2.4794750213623047,2.4835524559020996,2.493540048599243,2.5441439151763916,2.6256465911865234,2.5075817108154297,2.6201417446136475,3.9013333333333335,2.49690318107605,2.7499794960021973,2.49690318107605,2.780602216720581,False,9563831fae486725,a01f3f2171846ba87e170cba235d95c7c5bde8402341e5303ac77376eea6a4c2,2.8263115882873535,clearervoice_sidon_deepfilternet3_wet1,2.6876351833343506,2.698087453842163,opentts_lada
2.471824884414673,2.8440439701080322,2.4535269737243652,2.7460248470306396,2.816659927368164,2.8338165283203125,2.84330677986145,2.859726905822754,2.9266233444213867,2.8211123943328857,2.92429256439209,6.36,2.729703187942505,2.7374308109283447,2.729703187942505,3.006932497024536,False,500da6c2d85b4239,ed21bc84d9e5b124a81bd36fee70d0888ad65713b96fdf1dba3273c2adc44fc2,3.006932497024536,original,2.5096020698547363,2.742356061935425,opentts_lada
2.5457427501678467,2.4938738346099854,2.479966878890991,2.572624921798706,2.3580832481384277,2.3650331497192383,2.3613250255584717,2.379424810409546,2.3713815212249756,2.3717973232269287,2.363921642303467,5.34,2.373598098754883,2.7344512939453125,2.373598098754883,3.285524368286133,False,6d435c25ec88193a,427e5eb01286a666251fa9876bc5b6ab1d497275d147efe424afe714e7caf4c8,3.285524368286133,original,2.713926076889038,2.626750946044922,opentts_lada
2.290497064590454,2.467341661453247,2.2563674449920654,2.440143346786499,2.516406774520874,2.5275397300720215,2.5456106662750244,2.528313636779785,2.5884697437286377,2.5019381046295166,2.570882797241211,6.3,2.47798490524292,2.6854538917541504,2.47798490524292,3.138582706451416,False,754d3aa83fff6c31,0e6d19e96bf16443e0444e8c036cfc7d280e2598ea3a10fba8ceab0be51fe9b4,3.138582706451416,original,2.236100196838379,2.4334311485290527,opentts_lada
2.841224193572998,2.9383888244628906,2.850302219390869,2.906794309616089,2.5405566692352295,2.5452170372009277,2.557727098464966,2.5550332069396973,2.6840429306030273,2.533160924911499,2.6851439476013184,3.8586666666666667,2.4917824268341064,2.8100039958953857,2.4917824268341064,2.6547560691833496,False,c6033c8f5d1b61f0,a60475a60eda729c450f1ee4df6104298873d411eef16f21134d664e834673ab,2.9725215435028076,sidon_wet1,2.844966411590576,2.9725215435028076,opentts_lada
3.267486810684204,3.051222324371338,3.201052188873291,3.0173304080963135,2.8221468925476074,2.796931505203247,2.758394718170166,2.8143343925476074,2.809663772583008,2.8302667140960693,2.8182179927825928,3.464,2.867814302444458,3.1528549194335938,2.867814302444458,2.916322946548462,False,4115fa4f711a73c3,f05a2a84ca893644725555c5d0bf3e456178e5074508eb8e744d01a7ea8fdc48,3.267486810684204,clearervoice_sidon_deepfilternet3_wet0.5,3.161161184310913,3.0767457485198975,opentts_lada
3.0175490379333496,2.671402931213379,2.807112693786621,2.7239785194396973,2.943511724472046,2.9177768230438232,2.919163465499878,2.9793853759765625,2.925410270690918,2.912546157836914,2.921969413757324,5.1,2.9705286026000977,2.5559332370758057,2.9705286026000977,3.210618734359741,False,22aae211e4a9f6bb,3f0792cb896030689221179f35a78e54b0e30164c9a14022d5a013d0aadd6d67,3.210618734359741,original,2.8120319843292236,2.8279690742492676,opentts_lada
2.8961076736450195,3.0283913612365723,2.730255603790283,2.8459339141845703,2.4865057468414307,2.4704527854919434,2.44758939743042,2.6037023067474365,2.6042227745056152,2.5668282508850098,2.637507915496826,5.34,2.526341676712036,2.7003872394561768,2.526341676712036,3.182661771774292,False,afcd21da27e9d366,020c79ad9a48773269c58d8729064512d2488c1857dd8a825cc633e861f57d40,3.182661771774292,original,2.832449197769165,2.788682699203491,opentts_lada
2.484382152557373,3.029299020767212,2.304598093032837,3.143925428390503,2.931135416030884,2.861921787261963,2.7897932529449463,2.912794589996338,2.947279691696167,2.901862621307373,2.955514430999756,4.882666666666666,3.015390634536743,3.004943609237671,3.015390634536743,3.147832155227661,False,2cfc2221e4930a13,d36af8efa94fca7bd2f78318ffff057d22918ac36e7a92ab604ef8a0c3b57dac,3.184861898422241,sidon_wet1,2.3788692951202393,3.184861898422241,opentts_lada
2.9831180572509766,2.8751819133758545,2.9777512550354004,2.7797906398773193,2.639322519302368,2.6186320781707764,2.6337921619415283,2.6514337062835693,2.605313539505005,2.671793222427368,2.6189050674438477,6.42,2.65545916557312,3.0055885314941406,2.65545916557312,3.1227946281433105,False,60a88bb5a86a6769,acd93d9effe7a33e7c14567566677c0158b5e382b875d6bd726b828ceb305ca9,3.1227946281433105,original,2.8937582969665527,2.6647698879241943,opentts_lada
2.85168194770813,2.8048486709594727,2.9572906494140625,2.945317029953003,2.8466851711273193,2.859074115753174,2.8626701831817627,2.9161930084228516,2.849409580230713,2.8739116191864014,2.8735103607177734,2.12,2.833158016204834,3.1233954429626465,2.833158016204834,2.8983633518218994,False,993562ae800f5241,1757db5d9f107db28d47e84cdc6768f82bd2a5c9deb34f17b35748a7bd6729a3,3.1233954429626465,legacy_v8_exact,3.091308116912842,2.8874759674072266,opentts_lada
3.547126293182373,3.863579750061035,3.6155550479888916,3.4704325199127197,3.348029136657715,3.319552421569824,3.279419422149658,3.362130880355835,3.285281181335449,3.3256897926330566,3.247629165649414,2.6533333333333333,3.3349874019622803,3.212336540222168,3.3349874019622803,3.343200445175171,True,1638d7672e185d8d,314abb3acb139e8943199bc82e7522c80bd51e80d24fdb2f7438be4445b6987b,3.863579750061035,clearervoice_sidon_deepfilternet3_wet1,3.5115766525268555,3.4617857933044434,opentts_lada
2.7919812202453613,3.1729347705841064,2.7272086143493652,2.9714581966400146,2.93454647064209,2.9459052085876465,2.9771552085876465,3.0519208908081055,3.3957133293151855,2.9816300868988037,3.386993408203125,2.2906666666666666,2.9470183849334717,3.2079269886016846,2.9470183849334717,3.121899366378784,False,e54cb0321b792fb3,072ab2aa57b2e9a5cba6ba2b988618d47d0905a653f5fd3032d353cfa0904b2b,3.3957133293151855,deepfilternet3_peakminus3_wet1,2.6934006214141846,2.865201950073242,opentts_lada
2.732178211212158,2.687138795852661,2.724623203277588,2.7670042514801025,2.450052499771118,2.447484016418457,2.4001708030700684,2.546175479888916,2.584367275238037,2.423837184906006,2.474048614501953,2.248,2.402339458465576,2.7734968662261963,2.402339458465576,2.365121364593506,False,d2ce58ca31ea83b0,f8fe48d7decda3b16bbdd3e65703aaf145d1829f6dbc66a4450d20b67d8a0ddd,2.8167426586151123,sidon_wet1,2.7085843086242676,2.8167426586151123,opentts_lada
2.8073062896728516,3.2559473514556885,2.7746334075927734,3.200183868408203,2.582869052886963,2.596470355987549,2.6304049491882324,2.610766649246216,2.6444520950317383,2.594712495803833,2.6411545276641846,4.690666666666667,2.6028761863708496,3.0056560039520264,2.6028761863708496,3.1119041442871094,False,5304f7031602317a,e7e362ac9ba56a80323161bc39f90cd776b38ac0d1b3db135292bb699005559b,3.2559473514556885,clearervoice_sidon_deepfilternet3_wet1,2.8307154178619385,3.230771541595459,opentts_lada
2.770625114440918,2.391608953475952,2.6579158306121826,2.3142635822296143,2.846264362335205,2.8344061374664307,2.8145041465759277,2.8076987266540527,2.812208890914917,2.836402654647827,2.814359664916992,3.6453333333333333,2.850219488143921,2.450225353240967,2.850219488143921,2.7742645740509033,False,6631f5ca7fe6482d,7fc68f16785dd941a3998956f3ffb61f24a404dc36e4e1b1d8b96a91e14d2fbc,2.850219488143921,normalized_original,2.640721082687378,2.3647220134735107,opentts_lada
2.7524542808532715,3.294187068939209,2.647108316421509,3.319662570953369,2.950124740600586,2.963701009750366,2.9475033283233643,3.2299728393554688,3.334885358810425,2.9976367950439453,3.2974965572357178,3.144,2.968301773071289,3.237170696258545,2.968301773071289,2.732074737548828,False,3ffe87a8fbd2ba55,abe03f1d0617af4eef4d0d85295fc45734aea37ed8ab81a9ccc13cfd40cb264d,3.334885358810425,deepfilternet3_peakminus3_wet1,2.594486951828003,3.2576563358306885,opentts_lada
2.9264605045318604,2.976811647415161,2.82696270942688,2.8437654972076416,2.338310718536377,2.351461410522461,2.3525352478027344,2.3297126293182373,2.400789737701416,2.3167989253997803,2.4035985469818115,2.2693333333333334,2.34110689163208,3.493527412414551,2.34110689163208,2.5315182209014893,False,d97c3ffd13bab92d,d6dc1baa04d6baa438a35b4a408ebc132575d32cf71ac1c61a6ade5877a93603,3.493527412414551,legacy_v8_exact,2.8067948818206787,2.8363037109375,opentts_lada
2.8083150386810303,3.074436664581299,2.8227288722991943,3.0376014709472656,2.9652340412139893,2.9404845237731934,2.878269910812378,2.935988426208496,2.8627874851226807,2.9679789543151855,2.8627796173095703,8.34,2.9497804641723633,3.169203996658325,2.9497804641723633,3.2774105072021484,False,e9811b7c2ddd4e3b,072a873754a7e436f257be0a78db27f68037bb322260b94d745d4c4ab40eee27,3.2774105072021484,original,2.9270389080047607,3.0361416339874268,opentts_lada
2.9720144271850586,2.913318634033203,2.8955671787261963,2.7566580772399902,2.878190279006958,2.840071439743042,2.791677474975586,2.835698366165161,2.771578311920166,2.869108200073242,2.7635538578033447,4.92,2.9135735034942627,2.5324208736419678,2.9135735034942627,2.9833157062530518,False,db9a783efaeefc90,e77ec9dbd60935b685e6c7dccc956158a7a870c205eb4aca9a46ca3728872867,2.9833157062530518,original,2.8333752155303955,2.789008855819702,opentts_lada
2.34649395942688,2.8148958683013916,2.1940696239471436,2.698162794113159,3.236996650695801,3.2492496967315674,3.2600364685058594,3.266941785812378,3.2785489559173584,3.2516791820526123,3.2781083583831787,4.04,3.201554298400879,2.9727249145507812,3.201554298400879,3.0445451736450195,False,3faa153457aa9053,d18a16561c16b4a7ea9d3a8765c2a118d48cc510c3a9761f371254b2728550cc,3.2785489559173584,deepfilternet3_peakminus3_wet1,2.207212448120117,2.690840244293213,opentts_lada
2.6851439476013184,3.0505642890930176,2.6673295497894287,2.9769275188446045,2.841827630996704,2.845482587814331,2.868230104446411,2.875058174133301,2.8795957565307617,2.849583864212036,2.870648145675659,6.24,2.8372304439544678,3.2676706314086914,2.8372304439544678,3.4762673377990723,False,0b791c8fee95553d,9f342826cf9e8a55a7c79991ee0f382f2dff0124c620434fef591e29babd295d,3.4762673377990723,original,2.725213050842285,2.804931879043579,opentts_lada
3.4047739505767822,3.6838765144348145,3.380048990249634,3.7193832397460938,2.9819087982177734,2.986483097076416,2.984304428100586,3.0987703800201416,3.4172658920288086,2.9653801918029785,3.2519681453704834,3.517333333333333,2.974384069442749,3.2183659076690674,2.974384069442749,3.4358909130096436,True,e951bb2bb584ed3b,c13599427e893fde28e0b99b2ffd9f74066dcc9926a774c4c1f49ea38a7a1db3,3.7193832397460938,clearervoice_sidon_wet1,3.5685532093048096,3.6333727836608887,opentts_lada
2.4967899322509766,2.947248935699463,2.466919183731079,2.8758902549743652,2.60611891746521,2.5964677333831787,2.6101155281066895,2.609524726867676,2.597989559173584,2.63094162940979,2.5944597721099854,2.6853333333333333,2.64719295501709,3.006510019302368,2.64719295501709,2.90989089012146,False,de17a05f28fba27d,fbaf442f0da02a6b777502d3f8d4b9713dcd412706d21fcbae07bbe0a79a00a4,3.006510019302368,legacy_v8_exact,2.6302871704101562,2.912843942642212,opentts_lada
3.05774188041687,2.9983465671539307,3.2951581478118896,2.954045534133911,3.0561509132385254,3.0155062675476074,3.0378623008728027,2.9417343139648438,2.8530869483947754,3.066321849822998,2.8167474269866943,4.168,3.142207384109497,3.0648744106292725,3.142207384109497,2.8306756019592285,False,a46c4e3dd06a9aaf,6eef19a4b5a47ca4326a1f36786d76dfc58aa7041a9e34ba778686b952cc9917,3.2951581478118896,clearervoice_sidon_wet0.5,3.2593982219696045,2.9659409523010254,opentts_lada
2.7929890155792236,2.8707761764526367,2.7310240268707275,2.789459228515625,2.7760419845581055,2.8084566593170166,2.8430655002593994,2.8017475605010986,2.816638231277466,2.7681119441986084,2.8390681743621826,6.84,2.737626314163208,2.8241357803344727,2.737626314163208,3.097493886947632,False,3239037655f3c62b,5d9687b395a207244acd393645d5e6041c51ab214a5cec3ac7ebfc57b5f3376f,3.097493886947632,original,2.8671507835388184,2.7952330112457275,opentts_lada
3.307816505432129,3.1638333797454834,3.2031638622283936,3.1158249378204346,3.3698830604553223,3.374030113220215,3.369882106781006,3.4524450302124023,3.513944149017334,3.4390385150909424,3.467883348464966,2.066666666666667,3.305882453918457,3.230111598968506,3.305882453918457,2.61250638961792,True,0926bee71f6de28a,85050e1d0f8ae8463d0acaeb4e9ca006a3662b929aa213271fb0e14494d02849,3.513944149017334,deepfilternet3_peakminus3_wet1,3.1758217811584473,3.1485683917999268,opentts_lada
2.7217040061950684,2.8630292415618896,2.7207581996917725,2.9877750873565674,2.858215570449829,2.8512845039367676,2.8351781368255615,2.818053722381592,2.8311219215393066,2.818035840988159,2.832702398300171,4.072,2.8537819385528564,2.9119763374328613,2.8537819385528564,2.6489851474761963,False,15216fcd52dfed59,5203436159c6407146eecf9e330d91f5fee8b9ae78759beafacf260cda1b694c,2.9877750873565674,clearervoice_sidon_wet1,2.687180757522583,2.977916955947876,opentts_lada
2.908644676208496,3.3544185161590576,2.889976739883423,3.24947452545166,2.863140106201172,2.8722753524780273,2.8764638900756836,2.921839475631714,2.945887804031372,2.8915398120880127,2.9458649158477783,4.264,2.8310368061065674,3.237238645553589,2.8310368061065674,3.21006178855896,False,b2d2f9b372cebb9a,6b0ac9a9ae8e8a7658e16cc601932f2e4c273321c8b200c929240db5fabc9fc4,3.3544185161590576,clearervoice_sidon_deepfilternet3_wet1,2.7934391498565674,3.2692203521728516,opentts_lada
2.209838390350342,2.2261295318603516,2.2882463932037354,1.9662868976593018,2.4040441513061523,2.376962900161743,2.3479576110839844,2.3545339107513428,2.3632171154022217,2.384423017501831,2.3645553588867188,4.38,2.4145264625549316,2.417030096054077,2.4145264625549316,2.628197431564331,False,6a7781dfa09ea82e,ac1936020fa1adf34ad4a1685b8fa4c0e8fc0575419f9a1b54783a7e71d4034f,2.628197431564331,original,2.22270131111145,1.941438913345337,opentts_lada
2.7871768474578857,2.9842052459716797,2.800241708755493,2.8367421627044678,2.9321372509002686,2.931224822998047,2.926361322402954,2.8730061054229736,2.9286510944366455,2.9021782875061035,2.914325475692749,2.184,2.943262815475464,2.8230879306793213,2.943262815475464,2.866530418395996,False,1f0ad04adc6756b7,2874cf1279ad24ee0eb045eac9631ee7a4a663336280cd7861cd851e1e201bc2,2.9842052459716797,clearervoice_sidon_deepfilternet3_wet1,2.7718844413757324,2.790926218032837,opentts_lada
2.7528302669525146,2.8461878299713135,2.737394332885742,2.7708449363708496,2.252711772918701,2.2686705589294434,2.3146703243255615,2.3459625244140625,2.367617130279541,2.288992166519165,2.367480754852295,4.093333333333334,2.2904934883117676,3.0374298095703125,2.2904934883117676,2.721649408340454,False,e576487c8a8d17b7,883c1753e737d195a558621c49ac6d7ae4336c2fab94886e6b596d5eec52f4da,3.0374298095703125,legacy_v8_exact,2.71942400932312,2.850552558898926,opentts_lada
2.948765277862549,2.9646787643432617,2.8885254859924316,2.9012513160705566,2.9081318378448486,2.8897886276245117,2.9007012844085693,2.8156254291534424,2.7795071601867676,2.8355467319488525,2.7821078300476074,5.4,2.9552953243255615,2.9188666343688965,2.9552953243255615,3.111786365509033,False,c38700278b6b82f4,357aaa1f99342e77c98216c72a553a996e3950b4163a09582be36d9995b3ced1,3.111786365509033,original,2.9140498638153076,2.853165864944458,opentts_lada
2.5385050773620605,2.6961212158203125,2.4766018390655518,2.6894912719726562,2.5225412845611572,2.511997699737549,2.4799740314483643,2.572775363922119,2.5581037998199463,2.5316874980926514,2.5634703636169434,3.005333333333333,2.5356271266937256,2.9507434368133545,2.5356271266937256,2.920152187347412,False,d93fc4c98890ebf0,a3136871ded5c5aa3618c1dc21f0ee9beea332a331599c850de19086fa78364a,2.9507434368133545,legacy_v8_exact,2.439776659011841,2.684530019760132,opentts_lada
2.778773546218872,2.7117884159088135,2.7954039573669434,2.7145023345947266,3.058553695678711,3.089479923248291,3.1172502040863037,3.208040237426758,3.235227584838867,3.141587018966675,3.254584312438965,5.1,3.060781717300415,3.1820974349975586,3.060781717300415,3.3044559955596924,False,f7e215626f22d612,91123b42b1e96f3288c5cacba487447d5c9ede5f0dd7da4fcf4d78baf82f46a1,3.3044559955596924,original,2.8909974098205566,2.7433085441589355,opentts_lada
2.703404426574707,3.142549514770508,2.7416086196899414,3.1796510219573975,3.1132099628448486,3.135850667953491,3.1686596870422363,3.147433042526245,3.1952595710754395,3.1160542964935303,3.2046728134155273,2.9306666666666668,3.0761592388153076,3.300981044769287,3.0761592388153076,2.979132890701294,False,f03f962b4c44f815,fdc1cb8bf87be48f2a4ed620af45ebfeb9466554755935fb0437cf3bfa5f5af8,3.300981044769287,legacy_v8_exact,2.6649510860443115,3.275052309036255,opentts_lada
2.52773380279541,2.4373724460601807,2.566426992416382,2.385378122329712,2.3830206394195557,2.3736541271209717,2.3730533123016357,2.4172019958496094,2.360891103744507,2.41133713722229,2.364354133605957,6.54,2.399167060852051,2.814887285232544,2.399167060852051,3.060539960861206,False,eb744d66547433cf,19d4d1a3564087d72ded991299827ba33fe43b1be051a15085a4ca34b18d3f14,3.060539960861206,original,2.6550705432891846,2.4143872261047363,opentts_lada
3.1942591667175293,3.0650811195373535,3.224839925765991,3.094252824783325,2.8353757858276367,2.812472105026245,2.774243116378784,2.692838191986084,2.910039186477661,2.797968864440918,2.879725933074951,5.4,2.844712018966675,3.2337844371795654,2.844712018966675,3.3044211864471436,False,cc9834c73af666b8,494f75267b3f5a0edb8285a6d9d0fda40ddd447cc0b4d99051d30e69f8de39e2,3.3044211864471436,original,3.141693353652954,3.0073678493499756,opentts_lada
3.1965951919555664,3.870335578918457,3.1501996517181396,3.7586607933044434,3.043248414993286,3.0537264347076416,3.0553553104400635,3.076749086380005,3.1215121746063232,3.0608773231506348,3.1288161277770996,2.6853333333333333,3.0520987510681152,3.0994927883148193,3.0520987510681152,2.8064463138580322,True,346d44fa77ff8baa,6a27ecdaf32c09a126f4e194d0371c284f30b845c5a70439691a661daf995cd9,3.870335578918457,clearervoice_sidon_deepfilternet3_wet1,3.1540722846984863,3.796353340148926,opentts_lada
3.357247829437256,3.321925640106201,3.3677663803100586,3.316570281982422,3.377312660217285,3.4123382568359375,3.3836169242858887,3.481060266494751,3.3565757274627686,3.42582106590271,3.3840181827545166,2.632,3.2606680393218994,2.7520055770874023,3.2606680393218994,2.7889294624328613,False,fd4fada003f9d13c,9fab1755af3ce35093a3b6469ec6ba918187c23164058e8f67e6e277076779b3,3.481060266494751,deepfilternet3_peakminus3_wet0.75,3.3679935932159424,3.3224306106567383,opentts_lada
2.6859335899353027,2.7619965076446533,2.669684410095215,2.78769850730896,2.7598042488098145,2.753023624420166,2.7748732566833496,2.7633512020111084,2.793436288833618,2.748948812484741,2.793868064880371,7.38,2.7886786460876465,2.9607551097869873,2.7886786460876465,3.106837511062622,False,b77683880022388b,d46cbe02bc739a20a88534d32c682dd9f9b4be5cb01c2becd8d24c21cb1585e4,3.106837511062622,original,2.7786474227905273,2.701551914215088,opentts_lada
2.8387553691864014,3.0331857204437256,2.988736152648926,2.986534357070923,3.0237371921539307,3.000673532485962,2.970459461212158,3.0424070358276367,2.972773551940918,3.0680694580078125,2.981961250305176,4.349333333333333,3.063661575317383,3.0765221118927,3.063661575317383,2.935009479522705,False,ceffff0097a3c337,7b2b79cb1925e21f5466d5d454c083b7de8a4ffba6fa47cd4370e29a24abcae9,3.0765221118927,legacy_v8_exact,2.9748551845550537,3.021148681640625,opentts_lada
3.5368943214416504,3.4008145332336426,3.5082457065582275,3.4829728603363037,3.9094274044036865,3.879807949066162,3.844481945037842,3.850731134414673,3.7523303031921387,3.876197099685669,3.7793984413146973,2.9053333333333335,3.9470248222351074,3.3304803371429443,3.9470248222351074,3.7003934383392334,True,d9142a1825f6670e,e560ba92534cc3d52b3696678f1641c10d94de51ce1119bad2b3e496a8654d92,3.9470248222351074,normalized_original,3.5518455505371094,3.4204161167144775,opentts_mykyta
2.879781723022461,2.6248092651367188,2.783003807067871,2.8687925338745117,2.592179536819458,2.6075384616851807,2.631416082382202,2.6023201942443848,2.5866193771362305,2.589184045791626,2.579968214035034,2.514666666666667,2.5461792945861816,3.106680154800415,2.5461792945861816,2.8068807125091553,False,58a476fc30599f00,c6ab383ba7f7fe0f87505ef1daefabdd3deaa2946b77689ee8ad2757d0eb8442,3.106680154800415,legacy_v8_exact,2.5824244022369385,2.821495532989502,opentts_mykyta
3.649184226989746,3.7117650508880615,3.567307233810425,3.7803759574890137,3.942288398742676,3.961240530014038,4.015813827514648,4.004007339477539,4.054752349853516,3.9520039558410645,4.0332865715026855,7.44,3.9385786056518555,3.8113889694213867,3.9385786056518555,4.177424430847168,True,a873e806b8130af9,aaafc0f73466dfdce2bd26c1a4b15d392958d3604c3c1103b8a3c145c2f7e09f,4.177424430847168,original,3.546807289123535,3.7879979610443115,opentts_mykyta
3.4400532245635986,3.294949531555176,3.4768126010894775,3.2684810161590576,3.6207220554351807,3.638815402984619,3.652010679244995,3.6817495822906494,3.7223944664001465,3.63086199760437,3.6956238746643066,6.109333333333334,3.5968220233917236,3.315115213394165,3.5968220233917236,3.246403932571411,True,46aa2e4062987a5d,76f75071b19f1e88e905d294a1b105f672396f9eda549eb28b407f2b7e821319,3.7223944664001465,deepfilternet3_peakminus3_wet1,3.474604368209839,3.2940478324890137,opentts_mykyta
3.5505712032318115,3.4915740489959717,3.638596534729004,3.6030380725860596,3.613858222961426,3.639585494995117,3.666962146759033,3.5578255653381348,3.5969185829162598,3.5640437602996826,3.5528643131256104,5.28,3.5831644535064697,3.684312582015991,3.5831644535064697,3.695319414138794,True,3a2012d91c2c6df9,b3dd7ad8d7b4ff70408bbc94498b6d546e0dbb6ebdb01afe4915c7d4f5b0b61e,3.695319414138794,original,3.5655157566070557,3.281989336013794,opentts_mykyta
3.5857186317443848,3.651214361190796,3.5244204998016357,3.592529058456421,3.437502384185791,3.470860004425049,3.5169711112976074,3.623690366744995,3.7129740715026855,3.5631768703460693,3.7614994049072266,5.76,3.3714067935943604,3.5993478298187256,3.3714067935943604,3.8128113746643066,True,1853fc4b9f791b61,d808a416524791454ba0abbadb564441e6f8869854f29a6c23b1111076ce4f76,3.8128113746643066,original,3.5008368492126465,3.6920316219329834,opentts_mykyta
3.326781988143921,3.3765697479248047,3.273178815841675,3.3493118286132812,2.9522507190704346,2.968684196472168,2.9454593658447266,3.04042649269104,2.9950692653656006,2.9853808879852295,3.0330474376678467,3.6026666666666665,2.9230403900146484,3.264312267303467,2.9230403900146484,3.1419968605041504,False,1f1ae89bb0ffb8b8,ea08b2dc9be7f970232d4676333d6f323f6add3d25bf39e9bc9b582e150af0a7,3.3765697479248047,clearervoice_sidon_deepfilternet3_wet1,3.3017919063568115,3.1590778827667236,opentts_mykyta
3.7248284816741943,3.736896514892578,3.783417224884033,3.824458122253418,3.4913599491119385,3.507462978363037,3.506333112716675,3.535663366317749,3.6104657649993896,3.4929916858673096,3.626124858856201,5.469333333333333,3.5276224613189697,3.5304243564605713,3.5276224613189697,3.503366708755493,True,11a93ede4910d3dd,f0a8b5108c0e780a097d9c8e4ba47149bff0247b70898c86731744534544397e,3.824458122253418,clearervoice_sidon_wet1,3.823788642883301,3.725112199783325,opentts_mykyta
3.8503317832946777,3.7426555156707764,3.837812662124634,3.810645818710327,3.1905596256256104,3.210294008255005,3.2180838584899902,3.285550594329834,3.3891687393188477,3.3054823875427246,3.3448574542999268,3.2613333333333334,3.1620595455169678,3.5149896144866943,3.1620595455169678,3.5142030715942383,True,93bfc7f74dde98e1,bdcad28d5fc71d1c6dbfbdda76125fa3e9591248c8d17d525eddb9fa76adad6d,3.858595609664917,sidon_wet1,3.8217830657958984,3.858595609664917,opentts_mykyta
3.9438083171844482,3.7673048973083496,4.016305446624756,3.7413711547851562,3.9655725955963135,3.953301429748535,3.961951732635498,3.9549806118011475,3.882910966873169,3.984208583831787,3.918651819229126,2.034666666666667,3.9810101985931396,3.523529052734375,3.9810101985931396,3.350313663482666,True,c227e2b3fb38f248,b82d292fd12a01b2096f29ba6b7bf9dfbc8a09a3dc594e998516efcfe9c530d5,4.0220794677734375,sidon_wet0.5,4.0220794677734375,3.8132448196411133,opentts_mykyta
3.899892568588257,3.828179359436035,3.7728359699249268,3.8620424270629883,4.188603401184082,4.141408920288086,4.111787796020508,4.176247596740723,4.133447170257568,4.192904472351074,4.177854537963867,2.312,4.2490620613098145,3.948439359664917,4.2490620613098145,3.943288564682007,True,8e1d3dd1aac3927d,28e53dfc63556b5532fedee420c18034009d25a193c52e14e877adf455883f05,4.2490620613098145,normalized_original,3.7503645420074463,3.8506219387054443,opentts_mykyta
3.5047738552093506,3.4114904403686523,3.5361528396606445,3.484982967376709,3.4473013877868652,3.4553539752960205,3.467353105545044,3.613227605819702,3.6449122428894043,3.5386836528778076,3.639392614364624,4.26,3.477491855621338,3.588615655899048,3.477491855621338,3.7122116088867188,True,26bdebf13abce380,2a99b36b41d815f473b09f8eaa800f70928da2d9761d0fff68261924389c79bf,3.7122116088867188,original,3.6630380153656006,3.467996835708618,opentts_mykyta
4.011848449707031,4.083901405334473,3.9096083641052246,3.9570999145507812,3.8617148399353027,3.87795090675354,3.915667772293091,3.8798563480377197,3.887904644012451,3.878894090652466,3.9100983142852783,5.149333333333334,3.8629965782165527,3.745964288711548,3.8629965782165527,3.827002763748169,True,068c6b39972a03f6,97af48ac4fef8f0e427e79f8d24a9ef728376172552181105044bca832aa4efb,4.083901405334473,clearervoice_sidon_deepfilternet3_wet1,3.881326198577881,3.9933409690856934,opentts_mykyta
3.2339189052581787,3.2177085876464844,3.1901981830596924,3.1361236572265625,3.3299407958984375,3.3247008323669434,3.3016090393066406,3.252408504486084,3.2235634326934814,3.2845613956451416,3.211980104446411,3.48,3.359266519546509,2.952017307281494,3.359266519546509,3.592682123184204,True,33d5751b554e65c1,84f2343768d2e9eab4b0412e73f9f2201a765cd7bac67577163f80b1d6dc45cc,3.592682123184204,original,3.1425793170928955,3.0787127017974854,opentts_mykyta
3.532773494720459,3.6800482273101807,3.6056127548217773,3.5878963470458984,4.185787677764893,4.08807373046875,3.9877734184265137,4.038965225219727,3.9603965282440186,3.993734359741211,4.149095058441162,4.04,4.256494045257568,3.5458168983459473,4.256494045257568,3.96547269821167,True,d411f0cb05023318,c0ba6bdf31fce87e0a6637e85dd8a6a2068e343a07bd2a7e15876b3b79dde1cf,4.256494045257568,normalized_original,3.624983787536621,3.6325972080230713,opentts_mykyta
3.9470486640930176,3.990650177001953,3.973045825958252,3.9565529823303223,3.448603868484497,3.4176862239837646,3.407327175140381,3.4063034057617188,3.4803781509399414,3.4759254455566406,3.528592109680176,4.1466666666666665,3.4780027866363525,3.585981845855713,3.4780027866363525,3.731919288635254,True,83e20366aa3cd58e,8bc2ee9e3e12aec785b32038c519c1ebe79a9931410e28973a6c2cd4ef999750,3.990650177001953,clearervoice_sidon_deepfilternet3_wet1,3.8871192932128906,3.778877019882202,opentts_mykyta
3.67154860496521,3.723738670349121,3.6562869548797607,3.633863925933838,3.839116334915161,3.813541889190674,3.822620153427124,3.79946231842041,3.746297597885132,3.789301872253418,3.6626596450805664,4.44,3.8922932147979736,3.7725582122802734,3.8922932147979736,4.22585391998291,True,0fa020189e7c14d7,36280934ece0bec2cde8845a52543ef6db86cc89237bcf2532291e6ff6da4f0a,4.22585391998291,original,3.7083520889282227,3.715939521789551,opentts_mykyta
3.225306510925293,3.4016923904418945,3.1208701133728027,3.361994743347168,3.899463176727295,3.879913568496704,3.8608341217041016,3.9204487800598145,3.893697500228882,3.9096133708953857,3.836944103240967,4.74,3.927783966064453,3.499310255050659,3.927783966064453,3.9501774311065674,True,b218e5f5481f2829,235bf4cc0438ac40a52b3edb305c34819341caad4f788ee480d53fe1fc9d4c57,3.9501774311065674,original,3.290677547454834,3.4258687496185303,opentts_mykyta
3.8414430618286133,3.751340866088867,3.8038103580474854,3.586129665374756,3.352931499481201,3.3812882900238037,3.453948736190796,3.5535459518432617,3.5935916900634766,3.536360502243042,3.5106961727142334,5.533333333333333,3.310177803039551,3.7430922985076904,3.310177803039551,3.4265286922454834,True,893ac17a096d2adf,f844007ddf306eab0048121a17a229559146fbd60ebe546cd850de1835aaffa2,3.8414430618286133,clearervoice_sidon_deepfilternet3_wet0.5,3.82210111618042,3.7139837741851807,opentts_mykyta
3.1583616733551025,3.4982824325561523,3.145745277404785,3.316974639892578,2.8519513607025146,2.8565471172332764,2.8612093925476074,3.0081088542938232,3.067711114883423,2.940843105316162,3.0633039474487305,3.8906666666666667,2.8536570072174072,3.308486223220825,2.8536570072174072,3.0272719860076904,False,8683742dfe90c138,efdfe0842eeb04158718335841477a66e1829bb00bc54dfe6620b62ecf249158,3.4982824325561523,clearervoice_sidon_deepfilternet3_wet1,3.179671049118042,3.1583564281463623,opentts_mykyta
3.4819061756134033,3.594223976135254,3.345104694366455,3.5035221576690674,3.7177181243896484,3.738055467605591,3.754575490951538,3.792755365371704,3.8290321826934814,3.8213534355163574,3.88033390045166,6.48,3.662630558013916,3.6541247367858887,3.662630558013916,3.9552955627441406,True,cab9c4d164655544,25ad16741f576cd45086bd9459ee2ab4bf957e78a202658dbdd5d02c2d783548,3.9552955627441406,original,3.31247878074646,3.531041383743286,opentts_mykyta
3.3113842010498047,3.3563804626464844,3.2419254779815674,3.369236946105957,3.0618021488189697,3.1097941398620605,3.1764206886291504,3.2005724906921387,3.238140106201172,3.245270252227783,3.5220999717712402,6.48,3.0720815658569336,3.413020372390747,3.0720815658569336,3.6436779499053955,True,71f0271b5dfe44f8,c168037974abd58cf499578f303de4f12fd9159e193b4d13211a704860798d52,3.6436779499053955,original,3.2635979652404785,3.3117215633392334,opentts_mykyta
3.1790194511413574,3.371976613998413,3.1291284561157227,3.3225197792053223,3.5540144443511963,3.4954757690429688,3.4386818408966064,3.492149591445923,3.425621509552002,3.534046173095703,3.5110201835632324,5.501333333333333,3.653618335723877,2.8372552394866943,3.653618335723877,3.569424629211426,True,d1b2cd8e8e3b9e91,c9c043f750495d896df9ca06f5a5d6285a2b8c0ddeb642bfa69bd35073adf34e,3.653618335723877,normalized_original,3.2435059547424316,3.3871877193450928,opentts_mykyta
3.344283103942871,3.3703720569610596,2.9350664615631104,2.7753756046295166,3.0541961193084717,3.072863817214966,3.109614372253418,3.1585018634796143,3.2086992263793945,3.1125123500823975,3.2248237133026123,2.1306666666666665,3.057570457458496,2.8974215984344482,3.057570457458496,3.347210645675659,False,6057d3ad2ee84619,fb7b5cb904c1a889c321a29e77ceda9467eb32c3f7c4f1fe878088a2f3667835,3.3703720569610596,clearervoice_sidon_deepfilternet3_wet1,2.9369843006134033,2.681367874145508,opentts_mykyta
3.276503801345825,3.3985583782196045,3.4379913806915283,2.979975461959839,3.8474655151367188,3.9549574851989746,4.0460004806518555,3.78810453414917,3.7474253177642822,3.730759620666504,3.7744481563568115,2.7453333333333334,3.762442111968994,3.05377197265625,3.7637569904327393,3.251960515975952,True,e482532f1c169286,0c5d2df177d4ce0764005b943903b28e7e0e2ac05d27404da961686d4fcae0d1,4.0460004806518555,clearervoice_wet1,3.163712978363037,3.1913912296295166,opentts_mykyta
2.9542076587677,3.3284690380096436,2.9440927505493164,3.2757015228271484,2.643787145614624,2.637816905975342,2.6489155292510986,2.7470145225524902,2.8324813842773438,2.749635696411133,2.8714680671691895,2.28,2.662398099899292,2.9239399433135986,2.662398099899292,3.0742082595825195,False,b60e2ca45d3ebc8a,12adf0a1f42e3d386de8f517041853ad7a8c54a45e3c5098b7cad2342170e1b2,3.3284690380096436,clearervoice_sidon_deepfilternet3_wet1,2.525611400604248,3.048588514328003,opentts_mykyta
3.9533321857452393,3.624973773956299,4.018333435058594,3.486321210861206,3.806788444519043,3.7781689167022705,3.7212862968444824,3.775646924972534,3.7598419189453125,3.8126134872436523,3.807797908782959,4.74,3.833052396774292,3.472421169281006,3.833052396774292,4.159867286682129,True,af8eeb0bdaaf6faf,46a41ffa1f6d4811f567cab3d5e842ef523df11ef22dff211b0923bcaedd6b22,4.159867286682129,original,3.928098678588867,3.530571937561035,opentts_mykyta
3.85506534576416,3.418276786804199,3.7837560176849365,3.549823522567749,3.606196165084839,3.622379779815674,3.6541147232055664,3.7204957008361816,3.7581560611724854,3.6927969455718994,3.762221336364746,4.5906666666666665,3.5852603912353516,3.5603246688842773,3.5852603912353516,3.7122507095336914,True,38f2f5441396d96c,5247656caea8762f90b11fb0ef086a117ec755be92e53905230b4a4e0a6da4e8,3.85506534576416,clearervoice_sidon_deepfilternet3_wet0.5,3.8417484760284424,3.4978041648864746,opentts_mykyta
3.678334951400757,3.7910830974578857,3.718998670578003,3.7594082355499268,3.2408905029296875,3.232879877090454,3.248267889022827,3.1679608821868896,3.1467185020446777,3.3277266025543213,3.4147961139678955,2.7173333333333334,3.3005940914154053,3.8861212730407715,3.3005940914154053,3.543809652328491,True,d944b26bf4c847b1,880b2350a7ba70d936c0b1316729590695e6d171751c511f66757fb2d723e136,3.8861212730407715,legacy_v8_exact,3.772658348083496,3.7481021881103516,opentts_mykyta
3.1949408054351807,3.6051807403564453,3.423469066619873,3.5944976806640625,3.187978744506836,3.1460983753204346,3.1306817531585693,3.1768362522125244,3.3019375801086426,3.2012810707092285,3.2371139526367188,3.18,3.2938191890716553,3.3643486499786377,3.2938191890716553,3.2546792030334473,True,bb95b943aaeb4c5e,b613658c63798be88ba67f2fac5e09a240566795c53b3e73e40cfdd860c716aa,3.6051807403564453,clearervoice_sidon_deepfilternet3_wet1,2.9647955894470215,2.9569544792175293,opentts_mykyta
3.4026694297790527,3.5469064712524414,3.4528956413269043,3.4536221027374268,3.6397972106933594,3.6139113903045654,3.592254877090454,3.5528924465179443,3.488654136657715,3.6155710220336914,3.493626356124878,2.728,3.7106423377990723,3.097647190093994,3.7106423377990723,3.7022907733917236,True,ce673f8d30ab8f12,382ba36d98d467a97cd99f5d5ada4630fb4ca65c3ccb05154554159aaf17e94f,3.7106423377990723,normalized_original,3.4941234588623047,3.487502336502075,opentts_mykyta
3.6294898986816406,3.5020627975463867,3.595442533493042,3.4051153659820557,3.1784236431121826,3.1676411628723145,3.169192314147949,3.1891369819641113,3.197942018508911,3.1775355339050293,3.1899499893188477,8.22,3.2018563747406006,3.4095730781555176,3.2018563747406006,4.031274795532227,True,eb7ee2068c5040e2,4c4395017b9ad6f6c4f3837a8a21211f402162887d2c9c4ddaf6c550124874ea,4.031274795532227,original,3.6350531578063965,3.4613561630249023,opentts_mykyta
3.5079827308654785,3.538174867630005,3.4903385639190674,3.5159034729003906,3.3047478199005127,3.3046844005584717,3.293823003768921,3.2852158546447754,3.2612969875335693,3.3583486080169678,3.4861581325531006,3.36,3.322909116744995,3.4865903854370117,3.322909116744995,3.717782735824585,True,650a0b090c1c3aa2,6f61474e48266eafe05f7364d5e60f166873dbd9d5a33fc1aba84cdbcf665063,3.717782735824585,original,3.563570499420166,3.567559003829956,opentts_mykyta
3.380214214324951,3.754462242126465,3.2749245166778564,3.4284136295318604,3.621354103088379,3.619581937789917,3.600762367248535,3.6832611560821533,3.660033702850342,3.685512065887451,3.5119574069976807,2.493333333333333,3.618905782699585,3.4420993328094482,3.618905782699585,3.4920406341552734,True,54128cb05339f5b0,c9d990625407a00f09561db82d652cafc273216116d7b74dc09d3ffc9109f779,3.754462242126465,clearervoice_sidon_deepfilternet3_wet1,3.1899406909942627,3.712308645248413,opentts_mykyta
3.2107834815979004,3.4181079864501953,3.246922492980957,3.6280176639556885,3.34130597114563,3.265791416168213,3.1810789108276367,3.2875094413757324,3.2145309448242188,3.324645519256592,3.194301128387451,2.2906666666666666,3.3708317279815674,3.390178918838501,3.3708317279815674,3.5478110313415527,True,cc5d36cab9c23040,2e027ffec773d74aff7c5ae8eecf0fddc6b66ab941f39c5be828228c2418c91f,3.6280176639556885,clearervoice_sidon_wet1,3.2530181407928467,3.4114646911621094,opentts_mykyta
3.3681180477142334,3.287977933883667,3.4053516387939453,3.3004136085510254,3.885350465774536,3.9094901084899902,3.9233992099761963,3.924769163131714,3.941359281539917,3.888981580734253,3.914067506790161,5.48,3.8262598514556885,3.205275058746338,3.8262598514556885,3.294743776321411,True,89a174d7aca41048,87361f148b0d3b56eee3c74525f165d258bf2baef0ff47ee4262ffb1f77914d3,3.941359281539917,deepfilternet3_peakminus3_wet1,3.4020824432373047,3.3099777698516846,opentts_mykyta
3.804041624069214,3.863839864730835,3.839719533920288,3.812685966491699,3.5315604209899902,3.507429599761963,3.464301824569702,3.5266778469085693,3.52315354347229,3.5190000534057617,3.637409210205078,5.768,3.554471015930176,3.7912209033966064,3.554471015930176,3.7598466873168945,True,40710901d6cb8262,2824d8ae2f24a461f1078988345a10a7d447d160a8d68b1e95ee064c298db9a1,3.863839864730835,clearervoice_sidon_deepfilternet3_wet1,3.8537585735321045,3.814775228500366,opentts_mykyta
3.533235788345337,3.632563829421997,3.416329860687256,3.656146764755249,3.897042989730835,3.9189279079437256,3.9598655700683594,3.9822425842285156,3.973684787750244,3.9443488121032715,3.986036539077759,2.82,3.8944480419158936,3.3204238414764404,3.8944480419158936,3.68377423286438,True,ec6d1dbdf3184832,141ad0a10598ee35aa76b57d37d36c583a6ad989f25ce4bfdb5e62898b520ece,3.986036539077759,deepfilternet3_wet1,3.3449718952178955,3.7029285430908203,opentts_mykyta
3.517094135284424,3.9344420433044434,3.613616704940796,3.63122820854187,3.7602698802948,3.7589762210845947,3.7608253955841064,3.7837016582489014,3.842322587966919,3.710949659347534,3.8306827545166016,2.6746666666666665,3.7637293338775635,3.823662757873535,3.7637293338775635,3.431676149368286,True,9a04b60abe51ab96,5e8e845c31c7654777f683b2fb1edef0979910348ab467d1f8b9930e0dc29f39,3.9344420433044434,clearervoice_sidon_deepfilternet3_wet1,3.669748306274414,3.622994899749756,opentts_mykyta
3.8920631408691406,3.873263120651245,3.890216827392578,3.790120840072632,3.734097480773926,3.6905136108398438,3.6445000171661377,3.7305145263671875,3.7399604320526123,3.7552883625030518,3.7662172317504883,5.64,3.7822842597961426,3.884942054748535,3.7822842597961426,4.0044097900390625,True,1020265fb84912cd,0453b4223696d92e2a0c6aa5246523862286a9e9e31658d9eec01c4165932d91,4.0044097900390625,original,3.9406580924987793,3.8156914710998535,opentts_mykyta
3.2078371047973633,3.5502068996429443,3.102591037750244,3.5251994132995605,3.489591598510742,3.5250561237335205,3.542421579360962,3.5121407508850098,3.5116477012634277,3.532784938812256,3.508596658706665,2.376,3.449084520339966,3.7136402130126953,3.449084520339966,3.590174913406372,True,28cdbef953fe3a3d,e9ca1b8eeb69399548b999f1806bd3b801644893b2757cc8933338cbc42a30df,3.7136402130126953,legacy_v8_exact,2.9584810733795166,3.534623622894287,opentts_mykyta
3.2212259769439697,3.1681113243103027,3.238567590713501,3.135282516479492,2.9689157009124756,2.978062152862549,3.00321888923645,3.054576873779297,3.1330764293670654,3.138366222381592,3.23697566986084,4.2,2.9738569259643555,3.1725947856903076,2.9738569259643555,3.3278238773345947,False,816a74e16fd172b3,455c4e015efc7791d71a8f4fa75d888b3b373eb43c07f004d667d3837b9311df,3.3278238773345947,original,3.2249529361724854,3.1289212703704834,opentts_mykyta
3.668445348739624,3.6068899631500244,3.6471495628356934,3.473888635635376,3.9474806785583496,3.960885763168335,3.98181414604187,3.9282586574554443,3.894190549850464,3.95809006690979,4.053829193115234,5.52,3.955979824066162,3.651010274887085,3.955979824066162,4.089045524597168,True,3ae6136844cf3860,d58e6ddf978206b7c9907833493e6988548db92181a47d8f19dfc90196cd87cd,4.089045524597168,original,3.594008445739746,3.446004867553711,opentts_mykyta
3.731804132461548,3.828733205795288,3.7358200550079346,3.73280930519104,3.460176467895508,3.474928140640259,3.49239182472229,3.7003273963928223,3.740003824234009,3.4256131649017334,3.5333147048950195,2.4506666666666668,3.4610588550567627,3.40877366065979,3.4610588550567627,3.4602267742156982,True,45c74b66f4e52208,b21e057a7584581a0b2fd63dbbe4f8fa4922bf605317d94981ab22e10a0512c6,3.828733205795288,clearervoice_sidon_deepfilternet3_wet1,3.785898208618164,3.7371978759765625,opentts_mykyta
3.4435040950775146,3.4798076152801514,3.3589119911193848,3.4053637981414795,3.452563762664795,3.49867844581604,3.549243927001953,3.545048952102661,3.49643611907959,3.513559103012085,3.498149871826172,4.84,3.4065611362457275,3.4500226974487305,3.4065611362457275,3.3643815517425537,True,24853fa87a94d515,2851e8badc9e45281c02c89afcc3623d3cfe05c6f0b39d0408496d37323a88ae,3.549243927001953,clearervoice_wet1,3.450932502746582,3.519573211669922,opentts_mykyta
3.9003710746765137,3.7515087127685547,3.943234920501709,3.910273551940918,4.08125638961792,4.118189811706543,4.179632186889648,4.106078147888184,4.102471351623535,4.056911468505859,4.102198600769043,5.96,4.005609035491943,3.580996513366699,4.005609035491943,3.8125555515289307,True,ae9b420e7bff1109,735c241d471a83b60312cc0c98258e09f796455d982526384a40065322eb84bf,4.179632186889648,clearervoice_wet1,3.9315078258514404,3.870116710662842,opentts_mykyta
3.600036382675171,3.6902263164520264,3.5651321411132812,3.573585271835327,3.5270023345947266,3.503129243850708,3.459608554840088,3.4608240127563477,3.428182363510132,3.482452630996704,3.323256015777588,4.392,3.544545888900757,3.7548632621765137,3.544545888900757,3.6561524868011475,True,665b5819f3675c27,de8dd04b3c0f094b72280eb27859c11876c1f1acc9f3ec48f6870141382c9a84,3.7548632621765137,legacy_v8_exact,3.5387439727783203,3.5231494903564453,opentts_mykyta
3.5269384384155273,3.389615535736084,3.4086170196533203,3.326058864593506,3.5182690620422363,3.4793860912323,3.4557785987854004,3.5172910690307617,3.368582248687744,3.534107208251953,3.4401824474334717,2.521333333333333,3.5903406143188477,3.1299355030059814,3.5903406143188477,3.303189277648926,True,8d75b459ab38ab77,3f9fdfc54f77e872579b790e62dd574941a83d51b2cf7818e1e9f5b7f291a50c,3.5903406143188477,normalized_original,3.3016357421875,3.3902950286865234,opentts_mykyta
3.709752321243286,4.004103183746338,3.9987733364105225,4.1910014152526855,3.986769437789917,3.9652459621429443,3.9598193168640137,3.9990577697753906,3.9695746898651123,4.007384777069092,3.9342000484466553,3.66,4.072696685791016,4.0165205001831055,4.072696685791016,3.951099395751953,True,d9495281ebad598c,ef9309934699b24d85f54cc2108b37c6a44531b3ee35ea3ec70116df2d83594a,4.405661106109619,sidon_wet1,3.6928341388702393,4.405661106109619,opentts_mykyta
3.680588483810425,3.739137649536133,3.6858887672424316,3.700190544128418,3.546219825744629,3.516996383666992,3.5130951404571533,3.475543737411499,3.4977900981903076,3.5226664543151855,3.636770009994507,5.7,3.6597907543182373,3.625244140625,3.6597907543182373,3.919476270675659,True,702d94d54b2de6ea,1fa4693f28b96afb122115a1baab4db29146f9611988c699868b904bc5d1a632,3.919476270675659,original,3.6200735569000244,3.698259115219116,opentts_mykyta
3.6795618534088135,3.5028741359710693,3.6516776084899902,3.457587480545044,4.041266441345215,4.072603225708008,4.089076042175293,4.082099914550781,4.087283134460449,4.119686126708984,4.119564056396484,2.28,3.9723610877990723,3.847158670425415,3.9723610877990723,3.656785726547241,True,759503caf060248e,d5eb65c27f48e4e0a172cbc7ab37433582c4ad36283ece76035669eecf5db665,4.119686126708984,deepfilternet3_wet0.5,3.595935344696045,3.352813959121704,opentts_mykyta
2.954946756362915,3.4819071292877197,2.9731085300445557,3.4880194664001465,3.123042583465576,3.127624034881592,3.1357529163360596,3.1157944202423096,3.1486384868621826,3.135910749435425,3.145664930343628,7.68,3.1317121982574463,3.6422617435455322,3.1317121982574463,3.8293473720550537,True,9aa6e3a376121857,70ffdd019c727560f6c339c5b07f2d873a7d945ca8a54e3451d1442ff215e5cf,3.8293473720550537,original,3.0203611850738525,3.4761791229248047,opentts_mykyta
3.285810708999634,3.2915263175964355,3.2922587394714355,3.2731821537017822,3.3245840072631836,3.3044373989105225,3.2796449661254883,3.397893190383911,3.404759645462036,3.361621141433716,3.493276357650757,3.36,3.3398685455322266,3.3405141830444336,3.3398685455322266,3.562629461288452,True,6eb6a11b059b40ed,abd23988ab551a7773ed0bc34d6ef19c1d6a87a7e885649ef4cdbfe19971e4f7,3.562629461288452,original,3.348862886428833,3.152897834777832,opentts_mykyta
3.8859636783599854,3.90923810005188,3.9931247234344482,3.9101643562316895,3.964660882949829,3.9858357906341553,3.9959309101104736,3.983475923538208,4.122631072998047,3.932204246520996,4.080550193786621,8.7,3.911489963531494,3.6011757850646973,3.911489963531494,4.6124372482299805,True,c3d00006e0bfca7f,894c86b3befe593b02a7bdf93d31d4c44d05ed6232a6f17e56ca63f3754e42b5,4.6124372482299805,original,4.170175552368164,3.9495596885681152,opentts_mykyta
3.8168070316314697,3.5306098461151123,3.729548931121826,3.6408417224884033,3.9899611473083496,4.000647068023682,4.021304130554199,4.0243449211120605,3.9251341819763184,4.022546768188477,3.9316465854644775,2.962666666666667,3.9692492485046387,3.4554028511047363,3.9692492485046387,3.5046322345733643,True,172b480844041235,1f965f77e79b2f05ab8fe1e32f4f65dd9b28fc863e706617408bd260164adef0,4.0243449211120605,deepfilternet3_peakminus3_wet0.75,3.767561197280884,3.5914382934570312,opentts_mykyta
3.887061595916748,4.06969690322876,3.8922507762908936,3.7996010780334473,3.5803332328796387,3.5918655395507812,3.589742422103882,3.6642470359802246,3.6862854957580566,3.635171413421631,3.6881518363952637,3.965333333333333,3.526132583618164,4.194292068481445,3.526132583618164,3.2829277515411377,True,3e5148008feaa9d6,7267ba6299babca05b592dab59665f7dee2e1878acb422b514d78de32eebba64,4.194292068481445,legacy_v8_exact,3.6301462650299072,3.9096579551696777,opentts_mykyta
3.5596723556518555,3.613187313079834,3.5526788234710693,3.7477667331695557,3.3853185176849365,3.401695728302002,3.411703586578369,3.3617866039276123,3.4149272441864014,3.359044313430786,3.439333200454712,5.88,3.4073991775512695,3.4444446563720703,3.4073991775512695,4.193976879119873,True,779b30fd4a6ef945,77f2282a6214b066ea9ff62211f72c18c2c88f9efe66ccb17a3facf2e264ca7c,4.193976879119873,original,3.475315570831299,3.9030473232269287,opentts_mykyta
3.536911725997925,3.5650973320007324,3.515778064727783,3.629610300064087,3.855886697769165,3.830331325531006,3.790837287902832,3.8065247535705566,3.797498941421509,3.8494043350219727,3.887028932571411,2.2266666666666666,3.8797550201416016,4.260511875152588,3.8797550201416016,3.8417391777038574,True,c2022c0fb7fb3cbb,ba09a4f4fd786b436218cc43d5344fd46a1c9b9bd00f262c1e61a392b5d6507e,4.260511875152588,legacy_v8_exact,3.6364004611968994,3.7144665718078613,opentts_mykyta
3.7224209308624268,3.6831777095794678,3.6947219371795654,3.556697130203247,3.8548741340637207,3.8251404762268066,3.777925729751587,3.978902816772461,3.8788650035858154,3.6057121753692627,3.3820278644561768,3.8586666666666667,3.87092924118042,3.7858402729034424,3.87092924118042,3.6054983139038086,True,0e70b22afd9d6907,21f3e5f5bf2c93d9bf653f44b2c65b6a8ccfc952e45f5bf0503ec771b4442a44,3.978902816772461,deepfilternet3_peakminus3_wet0.75,3.6765928268432617,3.6065833568573,opentts_mykyta
3.501612663269043,3.571568489074707,3.4841926097869873,3.6356630325317383,3.792635440826416,3.7686634063720703,3.742957353591919,3.751399278640747,3.7238471508026123,3.8133962154388428,3.792825937271118,4.328,3.802877187728882,3.668370008468628,3.802877187728882,3.5029563903808594,True,0b4fcd3172eb7286,dd911087e993b9f2d1c7a9e84b57cbf7ad3ffc21c2672f5f141b34d47b64bd06,3.8133962154388428,deepfilternet3_wet0.5,3.5276474952697754,3.604968547821045,opentts_mykyta
3.45327091217041,3.3372862339019775,3.3416953086853027,3.374455213546753,3.600370168685913,3.5979902744293213,3.5868399143218994,3.6233325004577637,3.5713891983032227,3.6150612831115723,3.5444588661193848,5.6146666666666665,3.6020960807800293,3.3918981552124023,3.6020960807800293,3.428724527359009,True,b341789359dce578,c963f0793f517bb7c50a7163bc364aad074295b2a59b5cd2e008630156f05072,3.6233325004577637,deepfilternet3_peakminus3_wet0.75,3.264108419418335,3.412747859954834,opentts_mykyta
3.5498926639556885,3.603419065475464,3.4997200965881348,3.641916513442993,2.925544023513794,2.899000883102417,2.900731086730957,2.9920668601989746,3.065399169921875,2.9505648612976074,3.0788462162017822,3.521333333333333,2.910125732421875,3.485941171646118,2.910125732421875,3.5824875831604004,True,56af01b39e804540,2232adb6fa1b335165cd7246b7c8b11aee43049b1bc2ce5bc7010d867723cdb2,3.65290904045105,sidon_wet1,3.464360237121582,3.65290904045105,opentts_mykyta
3.4177279472351074,3.6880688667297363,3.381096124649048,3.595109462738037,3.93874454498291,3.9572532176971436,3.974973201751709,3.925549268722534,3.8283209800720215,3.9245822429656982,3.910485029220581,3.176,3.8762781620025635,3.2013304233551025,3.8762781620025635,3.496098518371582,True,08cd68b8108e009a,13f379ca0635085b40f95ed89ea9e090cda9bb542f8e70cd23c5b0d0cecc8b03,3.974973201751709,clearervoice_wet1,3.30983304977417,3.5023040771484375,opentts_mykyta
3.56583833694458,3.5480778217315674,3.4478964805603027,3.433457612991333,3.7253308296203613,3.7439475059509277,3.759744644165039,3.8082470893859863,4.034861087799072,3.9127182960510254,4.28793478012085,2.0453333333333332,3.6991889476776123,3.585613965988159,3.6991889476776123,3.6082117557525635,True,1225dbcf200ac14c,faf8990e57472964d1bf465c8aaec888f62f43b9fc61ef6450b547c1e93451c8,4.28793478012085,deepfilternet3_wet1,3.487020492553711,3.5920119285583496,opentts_mykyta
3.2180495262145996,3.6282804012298584,3.1498706340789795,3.619260311126709,3.184415340423584,3.1836607456207275,3.1819281578063965,3.2885384559631348,3.503596544265747,3.193814516067505,3.520754814147949,6.538666666666667,3.1856396198272705,3.5604653358459473,3.1856396198272705,3.414874315261841,True,7faeadec8c57496d,8d41cd665868baea61aeae095a1051474e958517e345f0f815c198239cceca70,3.6282804012298584,clearervoice_sidon_deepfilternet3_wet1,3.166377305984497,3.542165517807007,opentts_mykyta
3.832418203353882,3.744765281677246,3.867190361022949,3.8993003368377686,3.595444917678833,3.5661282539367676,3.5289971828460693,3.6457831859588623,3.56620717048645,3.667508363723755,3.596756935119629,2.152,3.632511854171753,3.627825975418091,3.632511854171753,3.527172327041626,True,fe82a6bad6876302,d6dd76f884f0a8e7db49de49fca4decd9df645f514f6b39a56c96d851fbb6669,3.8993003368377686,clearervoice_sidon_wet1,3.824012041091919,3.8292720317840576,opentts_mykyta
3.5665714740753174,3.2590270042419434,3.5664889812469482,3.298686981201172,3.669410467147827,3.6594948768615723,3.6546483039855957,3.6774892807006836,3.687086343765259,3.6584725379943848,3.6560113430023193,4.92,3.695244789123535,3.565103530883789,3.695244789123535,4.275016784667969,True,857380e9a1187eb1,757ebc1b6ae4e049e9f57c77df619654c9ea3a8ad8e9d53945930a6128ec4a00,4.275016784667969,original,3.529125690460205,3.259423017501831,opentts_mykyta
3.2485928535461426,2.9898736476898193,3.288694143295288,3.0326271057128906,3.1769649982452393,3.169919729232788,3.186739444732666,3.2074735164642334,3.2260146141052246,3.199732780456543,3.228311538696289,7.26,3.2030556201934814,3.2953109741210938,3.2030556201934814,3.598358392715454,True,460b4d2feca22ce8,6cf0ade9eea81f18436743118d575fb5aa8d96cd8a386f516205000ec585e074,3.598358392715454,original,3.3236806392669678,3.147181987762451,opentts_mykyta
3.240920305252075,3.101228713989258,3.2432587146759033,3.1431260108947754,3.215097188949585,3.2350780963897705,3.2640228271484375,3.190838575363159,3.302403211593628,3.1974456310272217,3.3471436500549316,6.9,3.2057440280914307,2.9865925312042236,3.2057440280914307,3.899083375930786,True,b62f01cd9805b14d,703e81e2b95d0fc68079b57e906e7f77ebd48e90a8e07996649dd7b620a3439a,3.899083375930786,original,3.297748565673828,3.234389066696167,opentts_mykyta
4.226053237915039,3.5895168781280518,4.169425964355469,3.5942935943603516,4.191407203674316,4.171507835388184,4.133654594421387,4.187539100646973,4.1887054443359375,4.189821243286133,4.18071985244751,6.770666666666667,4.191354751586914,3.638253927230835,4.191354751586914,4.161597728729248,True,f4d8e81a756dff64,4704ec61a9c961f7e9ad9e5fc30a3f39643853ba3b62fce29ac5e5f6d9771fd6,4.226053237915039,clearervoice_sidon_deepfilternet3_wet0.5,4.163474082946777,3.6259210109710693,opentts_mykyta
3.4778614044189453,3.417909860610962,3.4563772678375244,3.4128613471984863,3.682955026626587,3.6668753623962402,3.6465084552764893,3.666171073913574,3.6040663719177246,3.6782591342926025,3.6042304039001465,2.1946666666666665,3.708303928375244,3.1859257221221924,3.708303928375244,3.5516650676727295,True,146cb3c3efe048dc,ec3caf7ad5036ac5fea70ca65af8ce7905e4511ae61cc2daf7485198eadfbc70,3.708303928375244,normalized_original,3.3845326900482178,3.145139217376709,opentts_mykyta
3.4439609050750732,3.530210494995117,3.477362871170044,3.5262880325317383,3.5044665336608887,3.4700396060943604,3.441392183303833,3.5323472023010254,3.474189281463623,3.5912110805511475,3.6036593914031982,5.128,3.558346748352051,3.7552828788757324,3.558346748352051,3.5674543380737305,True,24653ff6f29be580,98ea6d162d9b1fb56b2b02a0d1f7f351fe28af4a330e6cf29cfc706c89a27d33,3.7552828788757324,legacy_v8_exact,3.615335464477539,3.598879337310791,opentts_mykyta
3.265907049179077,3.4030532836914062,3.3578314781188965,3.431427478790283,3.8317341804504395,3.809495210647583,3.7816097736358643,3.800034284591675,3.7593588829040527,3.823777437210083,3.730867862701416,3.3,3.8814821243286133,3.278160810470581,3.8814821243286133,4.0789031982421875,True,9a1b36f9c0d29651,e1957fe267944422b3e9b2bd5644d4faaef36b64b72b76a79228704311a197ff,4.0789031982421875,original,3.3508925437927246,3.436490058898926,opentts_mykyta
3.1144371032714844,3.292839765548706,3.14302134513855,3.501819133758545,2.986382484436035,2.9694676399230957,2.9485905170440674,3.0079782009124756,3.024977445602417,3.0028412342071533,3.030040740966797,5.7,3.005006790161133,3.213198661804199,3.005006790161133,3.7889788150787354,True,e60157d50f82490e,9cddb0711e40c609668efe0a5a58e732976c6913931bb8ece78fe53390b47585,3.7889788150787354,original,3.3144357204437256,3.564167022705078,opentts_mykyta
3.7992870807647705,4.024264812469482,3.9296207427978516,4.2027268409729,3.7512905597686768,3.7210757732391357,3.6771492958068848,3.8450546264648438,3.8048667907714844,3.791947603225708,3.4412028789520264,3.3893333333333335,3.8186659812927246,3.5473122596740723,3.8186659812927246,3.5454020500183105,True,0ade7737eb81422c,6948764a3fa8601f22de822c07c13289561d26759067077d9bb18a04c76e6dfa,4.2027268409729,clearervoice_sidon_wet1,3.7926723957061768,4.12093448638916,opentts_mykyta
3.908292531967163,3.764446496963501,4.113886833190918,3.900940418243408,3.6782026290893555,3.609282970428467,3.52986478805542,3.661054849624634,3.676128625869751,3.661658763885498,3.608351707458496,2.344,3.74729323387146,3.6520512104034424,3.74729323387146,3.5226938724517822,True,8ffb075bfd746701,f529e3b95a2706c184b4054c91b2c0e64a5f24dae85a3b24428af454be679197,4.113886833190918,clearervoice_sidon_wet0.5,3.977841377258301,3.9375782012939453,opentts_mykyta
3.2821707725524902,3.345341682434082,3.3972227573394775,3.2468225955963135,3.1613903045654297,3.162036657333374,3.1632306575775146,3.2601497173309326,3.2528059482574463,3.1901047229766846,3.277604579925537,3.54,3.1638176441192627,3.434607744216919,3.1638176441192627,3.6343491077423096,True,106e7c8fab0b530d,39d64b1ab79edeaeb2ef0107a324eae5af05e149e91b7a81004fb316f906e352,3.6343491077423096,original,3.4692904949188232,3.3271238803863525,opentts_mykyta
3.643120288848877,3.935412645339966,3.506873846054077,3.8181991577148438,2.7351505756378174,2.7147226333618164,2.697648048400879,2.781864643096924,2.8882014751434326,2.7890889644622803,2.9430553913116455,2.3546666666666667,2.7665209770202637,3.731597900390625,2.7665209770202637,3.346433162689209,True,ce0ee1553b19271d,4e025e19dfa4b0ee975a91c7eea8109c4bdc301e55281ca51f676349f164b4db,3.935412645339966,clearervoice_sidon_deepfilternet3_wet1,3.510622978210449,3.727952003479004,opentts_mykyta
3.534961223602295,3.5075137615203857,3.9519338607788086,3.8100383281707764,3.9748079776763916,3.9624619483947754,3.895881414413452,3.9684817790985107,3.977879047393799,4.016501426696777,4.062799453735352,2.0773333333333333,3.956861972808838,4.283228874206543,3.956861972808838,3.8083527088165283,True,31d99722613515de,dd0411640daf8f618c83393d8a6c35cf010437aeda219cbf736d9d99498ba7f8,4.283228874206543,legacy_v8_exact,4.155269622802734,4.163784980773926,opentts_mykyta
2.853623151779175,2.8514389991760254,2.8773770332336426,3.1482772827148438,3.1936752796173096,3.232736110687256,3.2606918811798096,3.3060672283172607,3.396824598312378,3.2174196243286133,3.409465789794922,4.98,3.2169620990753174,3.327132225036621,3.2169620990753174,3.456313133239746,False,165d7ac4539ea550,9fb3272a50f1a3771a695604987fb18e068b303c9ce6346cbc6584219efc713e,3.456313133239746,original,2.84622859954834,3.0822160243988037,opentts_mykyta
3.647597551345825,3.5305354595184326,3.672865629196167,3.4888861179351807,3.2171010971069336,3.1775143146514893,3.10311222076416,3.149447202682495,3.138230800628662,3.19893217086792,3.166948080062866,2.824,3.252727508544922,3.3060054779052734,3.252727508544922,3.2709741592407227,True,3e36471d7291de19,9af0ac3036ea6f204affca6f3659ed2e13385019c0a55ef959f35eb49b93618e,3.672865629196167,clearervoice_sidon_wet0.5,3.6138179302215576,3.4440958499908447,opentts_mykyta
3.6046133041381836,3.8786864280700684,3.554939031600952,3.848677396774292,3.661836624145508,3.6584737300872803,3.6821513175964355,3.6479623317718506,3.6523125171661377,3.6970877647399902,3.6669669151306152,4.541333333333333,3.6813302040100098,3.33571195602417,3.6813302040100098,3.731001853942871,True,e939d57085d2c25f,054fd0b96aa95f1817d6aee49a6f2490296d57be658b1181b6925bfa0c1a37aa,3.896519899368286,sidon_wet1,3.6082956790924072,3.896519899368286,opentts_mykyta
3.5920708179473877,3.4207706451416016,3.6084372997283936,3.4225876331329346,3.1763665676116943,3.1758289337158203,3.170401096343994,3.189711332321167,3.194420337677002,3.2087833881378174,3.272707223892212,2.9306666666666668,3.179488182067871,3.5522472858428955,3.179488182067871,3.3252553939819336,True,641f35120a841c0e,2cdbfe9b2e3fb22978f8c6d02c686fa0daee8c2fcff39d723e8976b6403c3451,3.6084372997283936,clearervoice_sidon_wet0.5,3.6012017726898193,3.536608934402466,opentts_mykyta
3.2735917568206787,2.968451499938965,3.3643553256988525,2.989246368408203,3.3306832313537598,3.3596231937408447,3.3733010292053223,3.4423060417175293,3.387676954269409,3.4055097103118896,3.356229305267334,4.62,3.3701560497283936,3.4113101959228516,3.3701560497283936,4.13332986831665,True,dc15931f26708709,e05815c5fc80c49f8436ae8c8eab43441954ce5590d474ecffe578eece70407f,4.13332986831665,original,3.3758039474487305,3.159883499145508,opentts_mykyta
3.4844295978546143,3.5583810806274414,3.46638822555542,3.4806931018829346,3.320615530014038,3.3426434993743896,3.347411632537842,3.370784282684326,3.402527332305908,3.363682746887207,3.459127902984619,7.98,3.298330068588257,3.277984142303467,3.298330068588257,3.7874486446380615,True,b464d316ca24d760,3698403ee9cd4f9e56a271d819b1d9a77a0908122e1566b5e002002c195a4d6b,3.7874486446380615,original,3.54923677444458,3.4554786682128906,opentts_mykyta
3.233180284500122,3.121051549911499,3.286935567855835,3.1839981079101562,3.2010653018951416,3.211318254470825,3.22111439704895,3.11000919342041,3.0329678058624268,3.1559340953826904,2.9254510402679443,3.54,3.1912357807159424,3.0898985862731934,3.1912357807159424,3.549957036972046,True,4c8cc187ea79f48d,b0edba64d95c0a3d93418d6264f710445f8628749869c113580fe0340b836fad,3.549957036972046,original,3.1854248046875,3.2320034503936768,opentts_mykyta
3.205960512161255,3.2732300758361816,3.146240711212158,3.163342237472534,3.3180365562438965,3.326382637023926,3.3377013206481934,3.2797858715057373,3.3066086769104004,3.2918968200683594,3.48518967628479,3.688,3.2827181816101074,3.216981887817383,3.2827181816101074,3.471301555633545,False,b9915342e8142107,c1947c1ce0aa27c83aa6c88441fc734515be161888fed740a04dcb87e020820e,3.48518967628479,deepfilternet3_wet1,3.1011619567871094,3.1469039916992188,opentts_mykyta
3.116023063659668,3.2963931560516357,3.1131231784820557,3.306060314178467,3.0892059803009033,3.041947603225708,3.0167901515960693,3.05336332321167,3.0101513862609863,3.0931618213653564,3.0084962844848633,2.5866666666666664,3.1178600788116455,3.4412992000579834,3.1178600788116455,3.3032851219177246,False,08e5267f9131bcc9,0700751653b3da15821486c806dd0fe6d25b8dc0c07944c8339502cb5ac14587,3.4412992000579834,legacy_v8_exact,3.080474853515625,3.1554102897644043,opentts_mykyta
3.3010973930358887,3.402506113052368,3.222635507583618,3.2291269302368164,3.822114944458008,3.804574489593506,3.793813943862915,3.8077170848846436,3.7577390670776367,3.8098740577697754,3.6838972568511963,6.42,3.8438949584960938,3.4554784297943115,3.8438949584960938,4.074845790863037,True,6e78035caa846668,1539e61dc3f9cdd7a77c158c32cf99378b41b943b93626ca3d46a1c2614e600b,4.074845790863037,original,3.310353994369507,3.1745660305023193,opentts_mykyta
2.505434274673462,2.4052541255950928,2.5526249408721924,2.308500289916992,3.0159122943878174,2.967662811279297,2.9283626079559326,2.886673927307129,2.848200559616089,2.9692208766937256,2.8450584411621094,3.48,3.0755016803741455,2.680063247680664,3.0755016803741455,3.739684820175171,True,47ee75a2844099fb,48e1a7920142c4d31ff5726df4268e02e160ea88f4f313302d747b29045678bf,3.739684820175171,original,2.353565216064453,2.442491054534912,opentts_mykyta
3.095693826675415,2.96783447265625,2.9934237003326416,2.9124927520751953,3.2734925746917725,3.238832950592041,3.2078092098236084,3.1988039016723633,3.169678211212158,3.2578396797180176,3.253605365753174,3.78,3.32301926612854,3.322693109512329,3.32301926612854,3.768599271774292,True,c98198390609c516,6767920d923d9ea57eb8c9fae8d5fa98ea00696c197ed2f36d5349acf4987421,3.768599271774292,original,2.9375743865966797,2.937042474746704,opentts_mykyta
3.458629846572876,3.477565050125122,3.513742685317993,3.5814640522003174,3.8875601291656494,3.893728733062744,3.946096181869507,3.86084246635437,3.9038870334625244,3.8619847297668457,3.873418092727661,6.48,3.912597894668579,3.553030490875244,3.912597894668579,4.161944389343262,True,e348d2067b490046,7e9c9325e29fd67e1617c436df39174d308bf6201aa9de7d650dd3f2f7ad1074,4.161944389343262,original,3.674813747406006,3.5010204315185547,opentts_mykyta
3.549140453338623,3.576357364654541,3.515632152557373,3.4924206733703613,3.2178335189819336,3.201538562774658,3.243192195892334,3.2296295166015625,3.1648244857788086,3.225961208343506,3.130687713623047,3.78,3.305406093597412,3.099050521850586,3.305406093597412,3.627257823944092,True,9032257b1f1d3074,3bc6ece41c31fbac0f2cfb1b5bcae529dac8e76d5e8b8d4c94a6f7867041a068,3.627257823944092,original,3.5467257499694824,3.4704458713531494,opentts_mykyta
3.438542127609253,3.5526344776153564,3.3677875995635986,3.592047691345215,3.51094651222229,3.501291275024414,3.5309133529663086,3.4485816955566406,3.44744610786438,3.4577438831329346,3.5410375595092773,2.013333333333333,3.511457681655884,3.782951593399048,3.511457681655884,3.4630706310272217,True,b5f32e27533dab40,347fc0f08210b25f559f1f21f6a66301184351eb2e97e139d573fba28d1c1431,3.782951593399048,legacy_v8_exact,3.660780906677246,3.5598485469818115,opentts_mykyta
3.4893105030059814,3.819838523864746,3.550154447555542,3.5851547718048096,2.9908604621887207,2.9688754081726074,2.963176727294922,3.070610761642456,3.360936403274536,2.95099139213562,3.383429527282715,2.969333333333333,3.0119431018829346,3.639871597290039,3.0119431018829346,3.0358266830444336,True,f023cbba44d138eb,7aa269e55a9498cd54aa2850dd7c152f702c1557477435a448579bf39b34f57a,3.819838523864746,clearervoice_sidon_deepfilternet3_wet1,3.5088610649108887,3.5735838413238525,opentts_mykyta
3.3635058403015137,3.212148427963257,3.450927734375,3.2869131565093994,3.0481886863708496,3.073760986328125,3.1078813076019287,3.081670045852661,3.1012260913848877,3.081653118133545,3.116521120071411,2.2266666666666666,3.001296043395996,3.1445248126983643,3.001296043395996,3.432344675064087,False,62bb8e5a39453ae3,e3e9168e1e6868cc1f4588f7e3743458a4f17dea24323a49d5fbe27fe6ade463,3.450927734375,clearervoice_sidon_wet0.5,3.3004980087280273,3.1357765197753906,opentts_mykyta
3.705990791320801,3.5108330249786377,3.716763496398926,3.5425593852996826,3.3792285919189453,3.3710885047912598,3.3623244762420654,3.351011037826538,3.4094960689544678,3.3488097190856934,3.3708090782165527,5.22,3.3935444355010986,3.194885015487671,3.3935444355010986,3.8618860244750977,True,e68afd9ed334cd51,49ba039ca2e7e9b7fb2bc4489b1a18bb2e3a7dca20770d69b5d87ecfa96011b8,3.8618860244750977,original,3.70524525642395,3.340076446533203,opentts_mykyta
3.644094944000244,3.454115867614746,3.598036527633667,3.3302876949310303,3.761587142944336,3.7521657943725586,3.689030170440674,3.759622097015381,3.795138120651245,3.744777202606201,3.795396327972412,2.74,3.7776358127593994,3.4443697929382324,3.7776358127593994,3.373486042022705,True,9c159ddda6fb6cb7,3a6baaaf6ac0369a2addd301a2d2d3db771941c0b1ccf7e0571b06331252113b,3.795396327972412,deepfilternet3_wet1,3.7569143772125244,3.447835922241211,opentts_mykyta
3.1267929077148438,3.608628273010254,3.3256704807281494,3.5555386543273926,2.8508946895599365,2.8842620849609375,2.8994321823120117,2.8299808502197266,3.121694326400757,2.761540174484253,3.146590232849121,3.417333333333333,2.862400770187378,3.319779872894287,2.862400770187378,3.13470196723938,True,1e9806d17e5573c9,5bc8447a34bb00e850d47986c1f3d68919613183c341049dcddaccf2d2c9969f,3.608628273010254,clearervoice_sidon_deepfilternet3_wet1,3.2620952129364014,3.439906358718872,opentts_mykyta
3.4150216579437256,3.5479681491851807,3.495147943496704,3.581150770187378,3.3210062980651855,3.3262834548950195,3.3416287899017334,3.3839871883392334,3.3550291061401367,3.347306728363037,3.7478275299072266,2.408,3.386378049850464,3.543764114379883,3.386378049850464,3.640995740890503,True,d4352057d9d22eb1,0923bac4d1db58e09778d8c914bb2a47d4eb9698ea90c891acb738986f1f1c96,3.7478275299072266,deepfilternet3_wet1,3.4456851482391357,3.6291425228118896,opentts_mykyta
3.2424495220184326,3.689074754714966,3.183626413345337,3.5072450637817383,3.330622434616089,3.3259754180908203,3.3248932361602783,3.288238525390625,3.321448564529419,3.3027217388153076,3.294175624847412,3.6986666666666665,3.3417837619781494,3.280007839202881,3.3417837619781494,3.2372915744781494,True,69aa62f12d1bb5a3,e794eb320724008a7739ffc3f7140111fb3dcc038f441aef71df6c2ec11b7fa3,3.689074754714966,clearervoice_sidon_deepfilternet3_wet1,3.30379056930542,3.507286310195923,opentts_tetiana
3.7195863723754883,3.827544689178467,3.845198631286621,3.754025936126709,3.7037858963012695,3.6128289699554443,3.6052465438842773,3.842231035232544,3.988321304321289,3.834740400314331,3.971290349960327,2.013333333333333,3.905768632888794,3.7241246700286865,3.905768632888794,3.740126848220825,True,2fddf33762c8114f,cac3dedbf382991b671785c9444f4cd7c8dde58939bb4338c5d62a7664bbfd8a,3.988321304321289,deepfilternet3_peakminus3_wet1,3.9341044425964355,3.812182664871216,opentts_tetiana
2.834282398223877,2.4888181686401367,2.7787585258483887,2.5625767707824707,3.1701269149780273,3.1462371349334717,3.1140425205230713,3.1120405197143555,3.1332833766937256,3.1061666011810303,3.1285314559936523,4.38,3.203136920928955,2.8411786556243896,3.203136920928955,3.3849103450775146,False,4013357b3fe2c12f,830bd31c642d1bc9a3fa8289d74c52ed8801511b90526a849fe03e9fbf584ba1,3.3849103450775146,original,2.808767080307007,2.602665901184082,opentts_tetiana
3.338397741317749,3.1167356967926025,3.300546407699585,3.1412112712860107,3.22695255279541,3.1680407524108887,3.112823486328125,3.25600528717041,3.2058730125427246,3.2313482761383057,3.200214385986328,2.376,3.3244426250457764,3.3291609287261963,3.3244426250457764,3.251906156539917,False,fe953367bcd1e8e7,83582cd2a55a0e8a3bcafc7134c3fb85d361288decd9f2f4603fc96054b9656b,3.338397741317749,clearervoice_sidon_deepfilternet3_wet0.5,3.2638192176818848,3.1090610027313232,opentts_tetiana
3.264247179031372,3.442694664001465,3.2538890838623047,3.36221981048584,3.545017957687378,3.525806188583374,3.492050886154175,3.534055471420288,3.532980442047119,3.559645652770996,3.5439844131469727,8.82,3.5915331840515137,3.102038860321045,3.5915331840515137,3.6205523014068604,True,2358d7481f29ecb9,6c1c55047647897854a40a529d339212e42d0fc1f2ff046c18bb4e41fc81b6be,3.6205523014068604,original,3.300410747528076,3.3227133750915527,opentts_tetiana
3.232217311859131,3.1602542400360107,3.3014872074127197,3.1907567977905273,3.758643865585327,3.7537567615509033,3.729085922241211,3.711914539337158,3.670541524887085,3.7398736476898193,3.666487216949463,2.792,3.7502288818359375,3.2237796783447266,3.7502288818359375,3.5591349601745605,True,bc4220dedb2b39a0,6d0eb7f1abd90558ab68c162d7d2b1fdf6855699cddb533430e28c882516c7a1,3.758643865585327,clearervoice_wet0.5,3.2761292457580566,3.1125335693359375,opentts_tetiana
3.338549852371216,3.356989860534668,3.30226731300354,3.2040200233459473,3.4800848960876465,3.485663652420044,3.52453351020813,3.5306005477905273,3.5821421146392822,3.5076284408569336,3.609997510910034,2.0773333333333333,3.4218671321868896,3.429060220718384,3.4218671321868896,3.110083818435669,True,7f83c375a3ce348d,28ccebb267c07fe2e13d8e98670f1cf3e408c184cdddf87440d6ac508afbc9ea,3.609997510910034,deepfilternet3_wet1,3.4736809730529785,3.1305832862854004,opentts_tetiana
3.686793327331543,3.833780288696289,3.561105489730835,3.932156562805176,3.1855804920196533,3.1791961193084717,3.1839237213134766,3.262002468109131,3.279218912124634,3.243070125579834,3.3095624446868896,5.352,3.2127022743225098,3.6517231464385986,3.2127022743225098,3.4455041885375977,True,b1ea5292bccd0671,18bb2060619f8db913a68b35166754c7437fbc868fb86db7e24c440cd8ea1703,3.934143543243408,sidon_wet1,3.568486213684082,3.934143543243408,opentts_tetiana
3.360210657119751,3.297499656677246,3.31003475189209,3.2429351806640625,3.678107976913452,3.6500205993652344,3.62103533744812,3.6627542972564697,3.6350600719451904,3.6625659465789795,3.6433234214782715,4.008,3.731288194656372,3.582149028778076,3.731288194656372,3.4261531829833984,True,88dd01cd49ab14d9,7741a460b1bd4684040b1ef4140ed8fd0e7350a61fdee51723779ec5c49b52ae,3.731288194656372,normalized_original,3.2059378623962402,3.2164950370788574,opentts_tetiana
3.02664852142334,3.5475893020629883,3.3086013793945312,3.6493592262268066,3.032285690307617,2.985322952270508,2.951430320739746,3.056367874145508,2.9555954933166504,3.0830702781677246,2.933884382247925,6.36,3.027684450149536,3.2872610092163086,3.027684450149536,3.772115707397461,True,6c92f017a55d40e3,dd125210cb83b2ebc4019c994252002a70a551536fe78a2b6d1fe23e49df15ec,3.772115707397461,original,3.3276240825653076,3.706089496612549,opentts_tetiana
3.2423958778381348,3.306077718734741,3.2317538261413574,3.21569561958313,3.2540316581726074,3.270918369293213,3.286665916442871,3.3150525093078613,3.33489727973938,3.305216073989868,3.3185858726501465,5.52,3.263889789581299,3.1091060638427734,3.263889789581299,3.5681426525115967,True,bf443762b49ae701,dd1e7edecc2c0b6320aedab2f632b41709492511f11c0b45aafd7de7b495709f,3.5681426525115967,original,2.9977269172668457,3.1478707790374756,opentts_tetiana
3.511042833328247,3.50087571144104,3.517768383026123,3.4347548484802246,2.7830846309661865,2.795443058013916,2.837439775466919,2.833106279373169,2.7958738803863525,2.814283609390259,2.830035924911499,2.504,2.7963461875915527,3.251595973968506,2.7963461875915527,2.9942684173583984,True,7b166b9d0dc1973a,079b08d0cd160d3b5159e7fe7102b665b2a3f2cedf9bbd53f8c18356b0a4acb7,3.5205562114715576,sidon_wet0.5,3.5205562114715576,3.333859920501709,opentts_tetiana
3.1927716732025146,3.0372326374053955,2.7938575744628906,2.8724493980407715,2.7636098861694336,2.787214517593384,2.806572914123535,2.873291254043579,2.8782575130462646,2.8371503353118896,2.9472663402557373,5.16,2.7405388355255127,2.9830431938171387,2.7405388355255127,3.416233777999878,False,5416fd85919c0a15,2dc3e23a5893fef2819d11f19085c669789db7857b31f28a5cc918a4706bd741,3.416233777999878,original,2.6841585636138916,2.8217310905456543,opentts_tetiana
3.171189785003662,3.0915884971618652,3.1526222229003906,2.9910850524902344,3.361130475997925,3.362061023712158,3.348343849182129,3.3791255950927734,3.3640739917755127,3.38742995262146,3.354175567626953,2.2693333333333334,3.351811170578003,3.1642873287200928,3.351811170578003,3.127687931060791,False,fee4ee249024ec1e,0e08d4ee7a4b882a3684913d69c0865f3587a22c0f7b7d86b9b314686873c630,3.38742995262146,deepfilternet3_wet0.5,2.9322919845581055,2.9085211753845215,opentts_tetiana
3.574631690979004,3.54036283493042,3.388295888900757,3.331010580062866,3.5924606323242188,3.614206075668335,3.654740810394287,3.607203960418701,3.6448118686676025,3.6278891563415527,3.686856269836426,2.184,3.5780551433563232,3.5395402908325195,3.5780551433563232,3.4920597076416016,True,db66d78beb3f1e12,11d47fd93cdc6339dbb0f46bd07ceeeb9b409bba27ce3d4ab486f38fcb2f757f,3.686856269836426,deepfilternet3_wet1,3.384950637817383,3.3470752239227295,opentts_tetiana
3.546241521835327,3.6720454692840576,3.5662291049957275,3.6420187950134277,3.5079517364501953,3.5149312019348145,3.5137994289398193,3.5792198181152344,3.487534523010254,3.5699949264526367,3.4211771488189697,2.632,3.4838929176330566,3.6601202487945557,3.4838929176330566,3.5272669792175293,True,a4d20c904d039c3c,2ec0ce606b794b726b6a3e74abec5149f3fd1cf1c6372ecdb4bf34f029a14140,3.6720454692840576,clearervoice_sidon_deepfilternet3_wet1,3.526529312133789,3.611393690109253,opentts_tetiana
3.4905428886413574,3.6224772930145264,3.3214845657348633,3.330946922302246,3.2855138778686523,3.2485032081604004,3.21834135055542,3.260953426361084,3.2970128059387207,3.3168110847473145,3.327035903930664,3.9013333333333335,3.394803047180176,3.442898750305176,3.394803047180176,3.323094367980957,True,e1efaab5dc0d3951,35220c89ab4e64f945d57b359da70bc93cc7093ab046248b468e239c1f40d983,3.6224772930145264,clearervoice_sidon_deepfilternet3_wet1,3.3367562294006348,3.2805802822113037,opentts_tetiana
3.3241403102874756,3.701521635055542,3.3154406547546387,3.6721434593200684,2.983076810836792,2.952890396118164,2.8918519020080566,3.067949056625366,3.1167237758636475,3.0400936603546143,3.2287490367889404,5.725333333333333,3.0216383934020996,3.2505860328674316,3.0216383934020996,3.4780707359313965,True,459946afe3d52514,7e367e17c03f9fd40f17fcb2befcea462829112f1c8a4d06060f220edc094df2,3.701521635055542,clearervoice_sidon_deepfilternet3_wet1,3.27948260307312,3.653120756149292,opentts_tetiana
3.6138572692871094,3.4628641605377197,3.8010926246643066,3.6886398792266846,3.334242105484009,3.3146448135375977,3.3035032749176025,3.211449146270752,3.2288124561309814,3.216214179992676,3.2524666786193848,5.874666666666666,3.357008934020996,3.379458427429199,3.357008934020996,3.435959577560425,True,3ff7e27f7339a49d,489db31008226b01c688b255c36957459848a8fe87d08c4cf0d66f3be52ede4a,3.8010926246643066,clearervoice_sidon_wet0.5,3.7947628498077393,3.6862666606903076,opentts_tetiana
3.351510524749756,3.5202767848968506,3.2746074199676514,3.3547635078430176,3.4230997562408447,3.3563928604125977,3.299307107925415,3.4167251586914062,3.3660504817962646,3.413935899734497,3.5012471675872803,4.92,3.5133728981018066,3.3039708137512207,3.5133728981018066,3.65086030960083,True,499279273b190180,22d670db1c55145a4f3be67299e81c9b5fb85e4ecf5d2fd8a99c7fe3a114cca2,3.65086030960083,original,3.300750970840454,3.344501256942749,opentts_tetiana
3.201296091079712,3.2544872760772705,3.079833984375,3.0642690658569336,3.7301363945007324,3.7423534393310547,3.764263153076172,3.6975255012512207,3.6767654418945312,3.696533441543579,3.5465190410614014,4.434666666666667,3.721022367477417,3.284116268157959,3.721022367477417,3.696368932723999,True,61fc9fdf75d88c36,ce3bb4496efd18cdc2afbd5094980137b3727aba73d420d1459f6b3f82d0b33f,3.764263153076172,clearervoice_wet1,3.02168607711792,3.1142256259918213,opentts_tetiana
3.375952959060669,3.3278110027313232,3.3890469074249268,3.2696073055267334,3.6748054027557373,3.6101677417755127,3.5429165363311768,3.721858263015747,3.694312572479248,3.768376588821411,3.745875835418701,5.970666666666666,3.7652933597564697,3.3354151248931885,3.7652933597564697,3.5659940242767334,True,b64ca386085e5daa,2cb043aee64b7d0005c2b9842f8f23d099a266c2e363806977e92c0a9f275bae,3.768376588821411,deepfilternet3_wet0.5,3.3930113315582275,3.263295888900757,opentts_tetiana
3.7051546573638916,3.8586130142211914,3.589327573776245,3.85906982421875,3.856400489807129,3.8722176551818848,3.88967227935791,3.9750211238861084,3.987877607345581,3.922145128250122,3.999912977218628,6.173333333333333,3.842817783355713,3.5155317783355713,3.842817783355713,3.9748144149780273,True,946d8018677820ed,e8d53d8c701933a6fdb4d0f86d20c0f8e452ba6853af70f7cd3917894ad33082,3.999912977218628,deepfilternet3_wet1,3.6813852787017822,3.9194841384887695,opentts_tetiana
3.6008317470550537,3.9425406455993652,3.5851118564605713,3.9333982467651367,3.6275017261505127,3.654926300048828,3.6957619190216064,3.619643211364746,3.7627522945404053,3.5496442317962646,3.78680157661438,4.434666666666667,3.562879800796509,3.6675679683685303,3.562879800796509,3.6205413341522217,True,859e40bc01bb7b75,2d6c01436e8591af99cfcd9c37a1377172c2d0f530e9fe05eb4e22dab17ef996,3.9425406455993652,clearervoice_sidon_deepfilternet3_wet1,3.586305618286133,3.850027322769165,opentts_tetiana
3.7061855792999268,3.6265790462493896,3.682736396789551,3.6135127544403076,3.8099656105041504,3.8100619316101074,3.79610538482666,3.8870697021484375,3.8966710567474365,3.856598377227783,3.893589496612549,4.1466666666666665,3.788241386413574,3.676410675048828,3.788241386413574,3.5110487937927246,True,68193da121bd8ff3,b30eb9601f41b12cbc5062a42de86c71f5f9a4070ebd372589fad6bd27dd5e05,3.8966710567474365,deepfilternet3_peakminus3_wet1,3.751383066177368,3.6995813846588135,opentts_tetiana
3.6902847290039062,3.6904263496398926,3.7635838985443115,3.647359609603882,3.1699540615081787,3.134751558303833,3.0922932624816895,3.2079060077667236,3.1883456707000732,3.238830804824829,3.1351065635681152,2.8666666666666667,3.235856771469116,3.47033953666687,3.235856771469116,3.400480031967163,True,8295344a595567ca,195a351430fd60e37a7ad40d3d9f24f0acae35750e1fbf6edb3bfb06b30d97dc,3.8231966495513916,sidon_wet0.5,3.8231966495513916,3.662311553955078,opentts_tetiana
3.8698809146881104,3.785710334777832,3.725900173187256,3.647759199142456,3.2944111824035645,3.256728410720825,3.219141721725464,3.3531291484832764,3.3664305210113525,3.360152006149292,3.3948960304260254,3.848,3.3586366176605225,3.607309579849243,3.3586366176605225,3.39445424079895,True,9e2468dbf1c72078,caf04c6cb5302736aa2c69b84cb422853f7d66af956467acaec73c76e9b59bf3,3.8698809146881104,clearervoice_sidon_deepfilternet3_wet0.5,3.712178945541382,3.715129852294922,opentts_tetiana
3.1536381244659424,3.157395362854004,3.007817268371582,3.32151198387146,3.345642328262329,3.301225185394287,3.243636131286621,3.4298198223114014,3.48325252532959,3.375800371170044,3.5020639896392822,7.56,3.287592887878418,3.3020119667053223,3.287592887878418,4.090019702911377,True,6097f5f5350b6e17,e8704e464ed407b276a219438ed5a4e6cbaafecdfa026abb30c92ec89b45784b,4.090019702911377,original,3.0021157264709473,3.266024112701416,opentts_tetiana
2.9396841526031494,3.1195108890533447,2.824083089828491,2.9456582069396973,3.174727201461792,3.139469861984253,3.106145143508911,3.1582417488098145,3.1374669075012207,3.190622091293335,3.1376166343688965,3.336,3.2530689239501953,3.2874982357025146,3.2530689239501953,3.119387626647949,False,e9238b21c870beaa,d1628cf20e59494bffb4085a2913a55378ab6ab2fd5620e328ea4aa095438aa7,3.2874982357025146,legacy_v8_exact,2.8251776695251465,2.687345504760742,opentts_tetiana
3.554393768310547,3.364320755004883,3.3634824752807617,3.2966058254241943,3.5966711044311523,3.6388206481933594,3.6768181324005127,3.543358087539673,3.512338638305664,3.5743486881256104,3.518583297729492,2.7706666666666666,3.511993169784546,3.5487849712371826,3.511993169784546,3.598247766494751,True,9379781954c6f1d8,0db6e3fff3346d2d5ca0c923ddc4cd3cd310f64adb3d9addc5abfe434c45b51a,3.6768181324005127,clearervoice_wet1,3.3437414169311523,3.2920236587524414,opentts_tetiana
3.3099005222320557,3.4716689586639404,3.3858132362365723,3.4277262687683105,3.3082971572875977,3.3057920932769775,3.303978204727173,3.291778326034546,3.251664876937866,3.308000326156616,3.3050217628479004,2.184,3.320422887802124,3.3420989513397217,3.320422887802124,3.083203077316284,False,2a3c80b50e3009f0,d88c21457516cdec26c517220425bcc27b0716d3bba12e800a3b09227b2a3c62,3.4716689586639404,clearervoice_sidon_deepfilternet3_wet1,3.336543321609497,3.441223621368408,opentts_tetiana
3.3332173824310303,3.259087562561035,3.2647132873535156,3.271796703338623,3.301992893218994,3.283010482788086,3.2786707878112793,3.2671396732330322,3.2832608222961426,3.292654275894165,3.364795684814453,4.68,3.3329880237579346,3.2231009006500244,3.3329880237579346,3.7166383266448975,True,8604fdddfe4c48dd,08140871bb9fdf2bcec2e20508defb2a7b9ae9810a432d313980b9a9d3c5d788,3.7166383266448975,original,3.264678716659546,3.1176817417144775,opentts_tetiana
3.137939929962158,3.087181806564331,3.0807366371154785,3.0553441047668457,3.0589890480041504,3.0508174896240234,3.010932683944702,3.048125982284546,2.975742816925049,3.0385284423828125,2.9053101539611816,8.04,3.054800271987915,3.3115830421447754,3.054800271987915,3.3970136642456055,False,69d1cc2407bc6c03,10ca7bff53f5b3487a8ad9c381d67631ed1b156995f9e3f7c6536d7cadc5b776,3.3970136642456055,original,3.115379810333252,3.1221327781677246,opentts_tetiana
3.4426584243774414,3.6457202434539795,3.445577383041382,3.525925397872925,3.116417407989502,3.0968854427337646,3.0756754875183105,3.083331346511841,3.0858709812164307,3.123805522918701,3.1371471881866455,8.82,3.1607134342193604,3.4545950889587402,3.1607134342193604,3.775827407836914,True,0143eb9645fe77e0,e81f067c46dfd33007afe1029d0203a7e59bd3d5b6adf8017782fdd83a476146,3.775827407836914,original,3.552029609680176,3.6496078968048096,opentts_tetiana
3.696958065032959,3.3833770751953125,3.67197847366333,3.336789131164551,4.039865493774414,4.029874801635742,4.041127681732178,3.9960336685180664,4.010384559631348,4.010312080383301,4.018083572387695,7.44,4.063433647155762,3.5542430877685547,4.063433647155762,4.06514835357666,True,1b7ca199d0cb0e62,ef7698257fee6cc369452fb48e4634c3c116092eafc0a6e71af9d66682cfa8e7,4.06514835357666,original,3.6851580142974854,3.2522127628326416,opentts_tetiana
4.035613059997559,3.8412628173828125,3.9039509296417236,3.8262553215026855,3.806119441986084,3.7349772453308105,3.6265206336975098,3.668809175491333,3.459198236465454,3.806133508682251,3.6619269847869873,3.6773333333333333,3.7980902194976807,3.665893793106079,3.7980902194976807,3.702751636505127,True,89ae889a44d5c4a2,58562039222e1069a77468f15d6357f06da150371c686411dd8e2b5fab796450,4.035613059997559,clearervoice_sidon_deepfilternet3_wet0.5,3.8947997093200684,3.864750862121582,opentts_tetiana
3.628697633743286,3.87227463722229,3.6548686027526855,3.9060232639312744,3.4717111587524414,3.4816648960113525,3.5186450481414795,3.5255842208862305,3.5736851692199707,3.4933669567108154,3.6321539878845215,5.042666666666666,3.457063913345337,3.7968268394470215,3.457063913345337,3.6907832622528076,True,193ee9ae8fe3bbfb,8de63072b15e444711e71fc94223a629b3d60aea75a87650a6cfd3f29fc97b05,3.953747272491455,sidon_wet1,3.657376527786255,3.953747272491455,opentts_tetiana
3.363632917404175,3.332206964492798,3.186951160430908,3.2797107696533203,3.174516201019287,3.123945474624634,3.0543293952941895,3.3293395042419434,3.296841621398926,3.340024948120117,3.352721929550171,3.3573333333333335,3.251173257827759,3.66180157661438,3.251173257827759,3.589210271835327,True,02749462d9239370,06feb83775775da9d43964dcc7a19463959f5ed2423d6a85a0e165f46776a914,3.66180157661438,legacy_v8_exact,3.2867302894592285,3.07200026512146,opentts_tetiana
2.4774270057678223,2.557973861694336,2.412808656692505,2.4071192741394043,2.703731060028076,2.690642833709717,2.6787192821502686,2.7425177097320557,2.8236470222473145,2.7698872089385986,2.825152635574341,6.12,2.7485342025756836,2.8710622787475586,2.7485342025756836,3.050908327102661,False,19050e6fd81455e8,a765ca12b59cf616391a95267f7ba377b408e56bfde58019be91e9dfecaa4e2a,3.050908327102661,original,2.4005208015441895,2.384068489074707,opentts_tetiana
3.445269823074341,3.505242109298706,3.3901264667510986,3.3068580627441406,3.6270246505737305,3.594883680343628,3.544753313064575,3.5071725845336914,3.4309093952178955,3.6223034858703613,3.478961229324341,3.1013333333333333,3.6528267860412598,3.312596559524536,3.6528267860412598,3.2543909549713135,True,c1b469d85d055d45,9e6bbc12999747d3cd999e6612db10ec6c834e0e36679a9ebca2204db20c2886,3.6528267860412598,normalized_original,3.396477699279785,3.3063504695892334,opentts_tetiana
2.9832475185394287,3.031890630722046,3.0727343559265137,3.0701284408569336,3.4874820709228516,3.4983813762664795,3.5185868740081787,3.4867966175079346,3.5105929374694824,3.536356210708618,3.5049188137054443,8.7,3.4320733547210693,3.0105791091918945,3.4320733547210693,3.647306203842163,True,1e1b5cdab1a0dcfd,aa1b7e079a675a5b32e57060519918bc4003f99a9db4ad10be98f686e61c9fa9,3.647306203842163,original,3.0417912006378174,3.077744960784912,opentts_tetiana
3.3639979362487793,3.388303756713867,3.4536521434783936,3.479668378829956,3.3666951656341553,3.3874387741088867,3.3790228366851807,3.3894102573394775,3.4084384441375732,3.4010674953460693,3.398364305496216,7.08,3.3483052253723145,3.3772590160369873,3.3483052253723145,3.520848035812378,True,e116b5fec3fc501a,3dea2f746fa5323f7759078422af209e6414b15b50e7015731590b24fd6885a9,3.520848035812378,original,3.4650003910064697,3.5148391723632812,opentts_tetiana
3.7104105949401855,3.761476755142212,3.749084949493408,3.701390266418457,3.760382652282715,3.760165214538574,3.740349292755127,3.7495813369750977,3.899099349975586,3.7776906490325928,4.006098747253418,2.1093333333333333,3.716975212097168,3.5789265632629395,3.716975212097168,3.8612172603607178,True,e8ecb91a8db5f101,5a304ea9906ce66018890b95fcfc0df0e824c2283a1c672b93af46b0ff68d7e5,4.006098747253418,deepfilternet3_wet1,3.8015100955963135,3.732175827026367,opentts_tetiana
3.1749019622802734,2.861952543258667,2.9427385330200195,2.918245792388916,2.645967483520508,2.630525827407837,2.622631788253784,2.732008218765259,2.846151113510132,2.7258994579315186,2.908463954925537,4.5,2.699561357498169,2.816354990005493,2.699561357498169,3.4740545749664307,False,1c1b3c40bdff7da4,b4a20ddb8ccaa8f16660d3d8f70c92a9bfff02c25088ba7b99c2dde825bf4b70,3.4740545749664307,original,3.02671480178833,2.8788769245147705,opentts_tetiana
3.469736337661743,3.4197747707366943,3.390949249267578,3.539076566696167,3.5160071849823,3.510730028152466,3.482975721359253,3.476637363433838,3.425708770751953,3.5487635135650635,3.4496984481811523,5.896,3.5161492824554443,3.2546703815460205,3.5161492824554443,3.3650782108306885,True,989d0e13d74863b2,e584453dd47f940dbf37e192c03a9cee1250c38d75ededdcc5f3307ce56dd1bc,3.5487635135650635,deepfilternet3_wet0.5,3.3892040252685547,3.5075035095214844,opentts_tetiana
3.1459267139434814,3.26973295211792,3.3143889904022217,3.1780128479003906,3.030484199523926,3.0016520023345947,2.9864792823791504,3.1238760948181152,3.129101276397705,3.0937204360961914,3.1005942821502686,2.973333333333333,3.0683982372283936,3.1276776790618896,3.0683982372283936,3.23513126373291,False,f6d754017472b88b,237bd2251a17cbdfdb1593063c2bd9a9ed3bd848a5ff38f1d5e5211fdf2986e8,3.393949270248413,sidon_wet0.5,3.393949270248413,3.2871861457824707,opentts_tetiana
2.8788869380950928,3.036958694458008,2.808305025100708,3.0016610622406006,3.2815117835998535,3.2684566974639893,3.2450389862060547,3.357624053955078,3.395291566848755,3.335681438446045,3.365009069442749,5.28,3.295515298843384,2.9794957637786865,3.295515298843384,3.7094242572784424,True,b3539b2152304982,63e017d1a22637185e1472294d8228889b7ba2734df06eaed012c2e9424827e3,3.7094242572784424,original,2.8148341178894043,3.0351881980895996,opentts_tetiana
3.506483554840088,3.4138591289520264,3.3311963081359863,3.221942663192749,3.271496057510376,3.244375705718994,3.193253755569458,3.139538049697876,3.0999748706817627,3.2667977809906006,3.132521629333496,4.765333333333333,3.2931582927703857,3.2474541664123535,3.2931582927703857,3.1498122215270996,True,bcbc8ecf63883fb5,f888d6a06fb35b6698a36781a102909d10e61550ba6b7c055685beba7148fecd,3.506483554840088,clearervoice_sidon_deepfilternet3_wet0.5,3.429668426513672,3.1427032947540283,opentts_tetiana
3.081932544708252,3.24263072013855,3.1606807708740234,3.2709462642669678,3.5074164867401123,3.4857921600341797,3.455965518951416,3.5871169567108154,3.531790256500244,3.5794692039489746,3.475743055343628,3.272,3.531491756439209,3.1473441123962402,3.531491756439209,3.3175621032714844,True,52633a8fe28a5f7e,d1a8fdf41ba37a0443b7ae0b1abbd06b52494e8e50c3db4589962053c2a8f908,3.5871169567108154,deepfilternet3_peakminus3_wet0.75,3.2063639163970947,3.3890979290008545,opentts_tetiana
3.641779661178589,3.569514751434326,3.618558883666992,3.63871693611145,3.417891502380371,3.387021541595459,3.358884334564209,3.388650417327881,3.3325140476226807,3.4470417499542236,3.348388433456421,3.474666666666667,3.477750062942505,3.3006112575531006,3.477750062942505,3.436284303665161,True,248453bd3d5bc9d6,872173c8476a575bcff9f46bdcc2918c15d16d1309b26019fe49aae260551aff,3.641779661178589,clearervoice_sidon_deepfilternet3_wet0.5,3.6128668785095215,3.512678861618042,opentts_tetiana
3.5031120777130127,3.6762895584106445,3.548485279083252,3.58076548576355,3.3618903160095215,3.3841307163238525,3.368912696838379,3.3891425132751465,3.40832257270813,3.355832815170288,3.469496488571167,5.7,3.3898732662200928,3.644209861755371,3.3898732662200928,3.697639226913452,True,6c1b26cdb98675eb,2aaf41f96741bee4665888aa68b0997e4b979d879bbe8d38ebdc5315800fa811,3.697639226913452,original,3.4998843669891357,3.5977158546447754,opentts_tetiana
3.233731269836426,3.4703385829925537,3.147737503051758,3.481801748275757,3.1625845432281494,3.1542441844940186,3.1347455978393555,3.148972272872925,3.1802661418914795,3.1396219730377197,3.2038016319274902,5.672,3.1761605739593506,3.4696412086486816,3.1761605739593506,3.4553496837615967,True,cd37b0cdc57fb83a,ff5030a75932293ce8ed0ec2ad0f4b9aa0fbf9454f52e2ed865c2cf9fa264bd8,3.5548083782196045,sidon_wet1,3.144150495529175,3.5548083782196045,opentts_tetiana
3.651071786880493,3.745290756225586,3.6324656009674072,3.6229941844940186,3.611520290374756,3.5931475162506104,3.5780200958251953,3.6232800483703613,3.862769365310669,3.650555372238159,3.9629387855529785,4.1146666666666665,3.6563377380371094,3.653191089630127,3.6563377380371094,3.9367194175720215,True,56b3dcf62366b901,7ae89daf96469a26187b0b8dd6f454ea8c04cf0278e64f961975f5a2c42d5cc1,3.9629387855529785,deepfilternet3_wet1,3.7284958362579346,3.712712049484253,opentts_tetiana
3.8169736862182617,3.862227201461792,3.8123340606689453,3.843095064163208,3.360227584838867,3.3341636657714844,3.3364241123199463,3.3480827808380127,3.3062615394592285,3.387185573577881,3.3189048767089844,4.722666666666667,3.447239637374878,3.321810007095337,3.447239637374878,3.7781450748443604,True,5567c17d1664afde,b1101261ecc97b7fcf12a8cf600555b85dcdf7efebb3e8b56c6bc440768976cb,3.918405532836914,sidon_wet1,3.803004264831543,3.918405532836914,opentts_tetiana
3.1493730545043945,3.3355114459991455,3.165510654449463,3.307504415512085,3.3648288249969482,3.361016273498535,3.3623180389404297,3.3987388610839844,3.4007811546325684,3.4112956523895264,3.417341947555542,3.56,3.3706138134002686,3.5484375953674316,3.3706138134002686,3.1425533294677734,True,42e09cdd9bd73577,f7579d59a8ec686d467f32bf0a473fc256e9695e059d80a0f58bf29cba7213c6,3.5484375953674316,legacy_v8_exact,3.139643669128418,3.2490572929382324,opentts_tetiana
3.714930295944214,3.69155216217041,3.623483896255493,3.662410020828247,3.7049078941345215,3.6923587322235107,3.6885931491851807,3.6284263134002686,3.706115245819092,3.6783995628356934,3.6888158321380615,3.933333333333333,3.753948211669922,3.778353214263916,3.753948211669922,3.773566246032715,True,93a34b9e6a293a63,17c28687fb7f419ff35ec3769f1ab2cd2e5005214dea5f9aa8ebe4f9d66761dc,3.778353214263916,legacy_v8_exact,3.7499072551727295,3.6475577354431152,opentts_tetiana
3.39772367477417,3.634282112121582,3.493520498275757,3.757087469100952,3.150871515274048,3.0882198810577393,3.036006450653076,3.10331130027771,3.1083619594573975,3.1481878757476807,3.1035268306732178,7.08,3.172135829925537,3.4414608478546143,3.172135829925537,4.01313591003418,True,a436afe8019dd6e6,e773c8e1ce5d3b6ec50fd7bf9c2bdfcf4a0d269e9f1f65f70e988e4b383f9aa8,4.01313591003418,original,3.5435571670532227,3.894000291824341,opentts_tetiana
2.9255847930908203,3.0601704120635986,2.9010515213012695,2.995523452758789,3.1021552085876465,3.072476863861084,3.058040142059326,3.1405389308929443,3.108532428741455,3.1411991119384766,3.1336569786071777,4.44,3.173551321029663,3.1879043579101562,3.173551321029663,3.4256796836853027,False,5d09e242043295b6,4a92b94aa51fff8e323ccd0a191b0f5fced5b624a3e17b0827409e5fa2b6c0bc,3.4256796836853027,original,2.915280342102051,3.0094096660614014,opentts_tetiana
3.40095853805542,3.237152099609375,3.262165069580078,3.302210807800293,3.345341444015503,3.303920269012451,3.2469706535339355,3.3816330432891846,3.4705464839935303,3.363218069076538,3.318988084793091,5.46,3.3855082988739014,3.3985724449157715,3.3855082988739014,3.707038402557373,True,8b41685a32cf90a7,2998fccd8b8c361176aba272d993ad5769fafdcd526bb6143218feb92d260c9e,3.707038402557373,original,3.263115644454956,3.1941030025482178,opentts_tetiana
3.482767105102539,3.477525472640991,3.4941952228546143,3.690086841583252,3.4702744483947754,3.4669246673583984,3.473513126373291,3.635343074798584,3.6980884075164795,3.521803617477417,3.5695018768310547,5.7,3.461308717727661,3.358185052871704,3.461308717727661,3.93984055519104,True,91240b7e497809fb,cea4815fce03eec97c55ed5bdc6bb5b469a0cb775c3bbf7b6a0c2ffc8464d1a0,3.93984055519104,original,3.5492067337036133,3.7125418186187744,opentts_tetiana
3.24690580368042,3.259202003479004,3.0559427738189697,3.0580122470855713,3.188636064529419,3.176886796951294,3.173604965209961,3.1904969215393066,3.213697671890259,3.2002522945404053,3.2312676906585693,5.76,3.21905255317688,3.361299991607666,3.21905255317688,3.55883526802063,True,0e2d7d05aa72dde7,73e96b6fc8ed4c3a335084efff5eecc7edb314f92eb46109fcc181f7ef335a02,3.55883526802063,original,3.2274839878082275,3.1031696796417236,opentts_tetiana
3.4618310928344727,3.4689197540283203,3.4809536933898926,3.582834005355835,3.558042526245117,3.560568332672119,3.5735268592834473,3.569920063018799,3.547410488128662,3.568354606628418,3.4891717433929443,5.399,3.579028844833374,3.2816028594970703,3.579028844833374,4.036011219024658,True,a8406d897e716af5,0d440c08313b44dfd51025f4ca45bbc4d0f27e8e7aef355f4e4dc02e2e6e39c7,4.036011219024658,original,3.3619556427001953,3.4121391773223877,opentts_tetiana
3.5012571811676025,3.3047683238983154,3.324784994125366,3.0369203090667725,2.905653476715088,2.9230310916900635,2.950927972793579,2.9922733306884766,3.0957818031311035,2.9211082458496094,3.1703579425811768,3.24,2.889796018600464,3.109342336654663,2.889796018600464,3.472113847732544,True,77b50dee243d0c2d,8641ee23127da1db51b55cc3d328450c05ef57ad74eac5a9dd5e2baad34b8a92,3.5012571811676025,clearervoice_sidon_deepfilternet3_wet0.5,3.323004722595215,3.0249979496002197,opentts_tetiana
3.5872926712036133,3.4299519062042236,3.53947114944458,3.3547849655151367,3.839946985244751,3.814324140548706,3.776850700378418,3.9501256942749023,3.963892698287964,3.913811683654785,3.961297035217285,5.34,3.8753020763397217,2.981076717376709,3.8753020763397217,4.018953323364258,True,dd0092ad2a86266e,0ddb285dcb3ff4144d86fe6e3bce76ffdfd0103107a511164c808d43514e16a6,4.018953323364258,original,3.497541904449463,3.3681745529174805,opentts_tetiana
3.5734803676605225,3.2471723556518555,3.5067148208618164,3.209564208984375,3.0330140590667725,3.031705856323242,3.0374038219451904,3.0388946533203125,3.0633373260498047,3.018977403640747,3.0669000148773193,4.317333333333333,3.0237245559692383,2.9422190189361572,3.0237245559692383,3.3791115283966064,True,76df0f4029032371,7e5ddfb974ae72284fe66cf72da13fcc5107f284f2a0b93ed5027a0fbbde405d,3.5734803676605225,clearervoice_sidon_deepfilternet3_wet0.5,3.4011387825012207,3.2185401916503906,opentts_tetiana
3.344928026199341,3.432241201400757,3.2955715656280518,3.2199549674987793,2.902313470840454,2.947624921798706,3.002577543258667,2.930166244506836,2.9608452320098877,2.9229044914245605,2.9920008182525635,6.0,2.8590521812438965,3.608128309249878,2.8590521812438965,3.6610987186431885,True,3262642bc54e60b2,94fff0df352fda724e53b79be66ac615f403a90a1814f2aa1fe643441c954d90,3.6610987186431885,original,3.3943159580230713,3.293243646621704,opentts_tetiana
3.185490369796753,3.5095837116241455,3.0626871585845947,3.259957790374756,3.2849221229553223,3.2924845218658447,3.3217599391937256,3.4009571075439453,3.436187982559204,3.427946090698242,3.5311784744262695,3.1653333333333333,3.2825963497161865,3.2072227001190186,3.2825963497161865,3.3069212436676025,True,f0f1e00645a9ae0c,8d5e8a8a50247a739f55f721302bebd1747db81dcab4a36f2a6639b839666bdd,3.5311784744262695,deepfilternet3_wet1,2.9342503547668457,3.117032289505005,opentts_tetiana
3.1840295791625977,3.4029746055603027,3.3236289024353027,3.5361227989196777,3.4276349544525146,3.393118143081665,3.3501529693603516,3.5449299812316895,3.737886667251587,3.5166516304016113,3.825748920440674,2.696,3.473973512649536,3.2416536808013916,3.473973512649536,3.473020553588867,True,6b7e760c05f10343,372097f12eee009789409e4e71eeb7cd717bbf0ffeddf733479230b6749daff0,3.825748920440674,deepfilternet3_wet1,3.3397364616394043,3.5264647006988525,opentts_tetiana
3.601254940032959,3.600306510925293,3.6748952865600586,3.715972661972046,3.5440890789031982,3.5739505290985107,3.616934061050415,3.642186164855957,3.6351823806762695,3.5455245971679688,3.5389866828918457,7.5,3.495950698852539,3.5520873069763184,3.495950698852539,3.8367087841033936,True,3212b7cac1a07f62,efd550c940e2255479bb8e36d85c25c76a4186b00e4a9bfdeff817aec107cf69,3.8367087841033936,original,3.598391532897949,3.7029874324798584,opentts_tetiana
3.31168794631958,3.2287709712982178,3.208247661590576,3.2070236206054688,3.3111870288848877,3.3023569583892822,3.294722080230713,3.3400800228118896,3.324063777923584,3.3185057640075684,3.26162052154541,4.573333333333333,3.32414174079895,3.1945531368255615,3.32414174079895,3.266831636428833,False,ddb4b0992794a754,899ac0e2faf4f1c2e5799a466b69d35dec94e7ac81dc5c462c5879202de2fe65,3.3400800228118896,deepfilternet3_peakminus3_wet0.75,3.2009408473968506,3.285041570663452,opentts_tetiana
3.489255666732788,3.5147783756256104,3.398648738861084,3.381603479385376,2.9040281772613525,2.9091522693634033,2.939136505126953,3.026897430419922,2.9996092319488525,3.02252197265625,3.063567638397217,5.1386666666666665,2.956169843673706,3.3878564834594727,2.956169843673706,3.166041612625122,True,5fc38e14b23a74a7,f545f62d78b077482ea9410898162ff9f63587ee20cd6884c5d6219ee56fd3f6,3.5147783756256104,clearervoice_sidon_deepfilternet3_wet1,3.4510157108306885,3.4847302436828613,opentts_tetiana
2.983388662338257,3.2794065475463867,2.904536247253418,3.382829427719116,2.9056332111358643,2.908991813659668,2.905289888381958,2.902773857116699,2.918436050415039,2.918210744857788,2.9059293270111084,3.112,2.86767578125,3.0658624172210693,2.86767578125,3.2155630588531494,False,e726cd177b517677,65e9a4668e7fb2ab2cb673afe8e891f744d37407da03e871c86061d594b7d00f,3.3972647190093994,sidon_wet1,2.896574020385742,3.3972647190093994,opentts_tetiana
3.6306533813476562,3.616109609603882,3.539172887802124,3.4794540405273438,3.6813197135925293,3.6656789779663086,3.666264533996582,3.8657853603363037,3.8944931030273438,3.781872272491455,3.89864182472229,5.64,3.6841721534729004,3.8838980197906494,3.6841721534729004,3.9665703773498535,True,d15f0fed2f188d89,c1b6d89d94018875b9fb1e6694bd804904e5dd66e22022dd6f0bae3536776b91,3.9665703773498535,original,3.511491537094116,3.5088250637054443,opentts_tetiana
3.7282369136810303,3.754145860671997,3.709073066711426,3.6714770793914795,3.1030144691467285,3.193465232849121,3.2683515548706055,3.2035722732543945,3.301011323928833,3.206287145614624,3.3710806369781494,4.317333333333333,3.048720598220825,3.901771068572998,3.048720598220825,3.7725753784179688,True,c3a5d2ccdd8f047d,d7144d911378a342aac22215de0725fb24cd5c713362daa1de7e07fde9a78750,3.901771068572998,legacy_v8_exact,3.718684434890747,3.571300983428955,opentts_tetiana
3.897738456726074,3.717674732208252,3.8799033164978027,3.7371110916137695,3.375223159790039,3.3813259601593018,3.3978095054626465,3.267576217651367,3.1340529918670654,3.3307981491088867,3.157034397125244,5.757333333333333,3.3636085987091064,3.771057605743408,3.3636085987091064,3.3904902935028076,True,c6dad82b12822296,2afbe925ee2a73d706f835901db28fe828251de81dac849a8798346e57085d4a,3.9138591289520264,sidon_wet0.5,3.9138591289520264,3.853071928024292,opentts_tetiana
2.856823205947876,2.9798190593719482,2.843742609024048,2.885714292526245,2.758190870285034,2.746248245239258,2.7352163791656494,2.819030523300171,2.833082675933838,2.8207433223724365,2.756279468536377,5.52,2.7850165367126465,3.3114407062530518,2.7850165367126465,3.792093515396118,True,d92a7ba054aef551,77ffd4120aa40b11819b83810efc43b856f74495c2a9b3e346cc6cb3c2d13b69,3.792093515396118,original,2.901085376739502,2.9466605186462402,opentts_tetiana
3.398883819580078,3.382511615753174,3.403367757797241,3.383190155029297,3.6295926570892334,3.637871026992798,3.667426109313965,3.68182635307312,3.6911838054656982,3.660759687423706,3.739236354827881,5.757333333333333,3.6454713344573975,3.3918497562408447,3.6454713344573975,3.3965609073638916,True,404e82ff92d09c49,9982b4426bf171b4ce92a0a55336776448dabe975ed50e0423a12ea17a4cf1af,3.739236354827881,deepfilternet3_wet1,3.4699528217315674,3.376269817352295,opentts_tetiana
3.2443127632141113,3.3224868774414062,3.346463680267334,3.464050054550171,2.708181381225586,2.6890523433685303,2.688953399658203,2.7362000942230225,2.8807809352874756,2.732633352279663,2.870757579803467,2.344,2.7459161281585693,3.0061044692993164,2.7459161281585693,3.5260701179504395,True,928ef336870c1d95,5d904156c50ff59fcca82bb5177de0012fcd20a88bfe514c0b87a0b47e8afec8,3.544025421142578,sidon_wet1,3.2727982997894287,3.544025421142578,opentts_tetiana
3.2683074474334717,3.255741596221924,3.2760050296783447,3.3292436599731445,3.317289352416992,3.2716307640075684,3.242769718170166,3.3152596950531006,3.3585309982299805,3.3695719242095947,3.3388829231262207,8.04,3.4105045795440674,3.3252952098846436,3.4105045795440674,3.841768741607666,True,320ccf7987bbf476,1b7a62065d41858cfabd80932ac588dff17e795a19acfd5bba829e71b9d8dcae,3.841768741607666,original,3.2816731929779053,3.3587570190429688,opentts_tetiana
4.012871265411377,3.8678455352783203,3.8950650691986084,3.929172992706299,3.6736981868743896,3.6492927074432373,3.67817759513855,3.6604909896850586,3.7174575328826904,3.674654722213745,3.743004322052002,6.301333333333333,3.713510751724243,3.9200022220611572,3.713510751724243,3.5179014205932617,True,d63cfac7a758aa49,9e6de5b27f8a6f29f29a3feeca9280f8498747bd24fc2105edaad848b98aab93,4.012871265411377,clearervoice_sidon_deepfilternet3_wet0.5,3.9117159843444824,3.963202953338623,opentts_tetiana
3.4945104122161865,3.3247697353363037,3.3762495517730713,3.1811022758483887,2.965707302093506,2.9368174076080322,2.939424753189087,2.899343729019165,2.8724489212036133,2.967180013656616,2.8689019680023193,3.8693333333333335,2.9904067516326904,3.3642213344573975,2.9904067516326904,3.545647144317627,True,6eecc0d6fd16d1ba,3b312298222034eca804e25353c67673499c26a8147c73ef7a144928140ff7bd,3.555344343185425,sidon_wet0.5,3.555344343185425,3.2471015453338623,opentts_tetiana
3.4056270122528076,3.1365232467651367,3.4061408042907715,3.1140451431274414,2.880754232406616,2.9064154624938965,2.919804573059082,2.9416556358337402,2.957202672958374,2.908578395843506,2.9592607021331787,5.339,2.8384323120117188,3.466846227645874,2.8384323120117188,3.528721332550049,True,fabd7d8790334054,cd36d3091cac5fc47a33e674597e6aae807d9d8616cc6be8a55be2fe535f9188,3.528721332550049,original,3.4370827674865723,3.1308507919311523,opentts_tetiana
3.52398943901062,3.339914321899414,3.493790626525879,3.483173131942749,3.2450010776519775,3.3000965118408203,3.3587589263916016,3.207707643508911,3.2369415760040283,3.167806386947632,3.1198954582214355,4.189333333333333,3.157057523727417,3.2881851196289062,3.157057523727417,3.39436411857605,True,27c7bdd1a2d0ea4d,4364091e62c28fd7d1644506e57bdef788918448a40625ec6c593eb0b0e92aaf,3.52398943901062,clearervoice_sidon_deepfilternet3_wet0.5,3.37066388130188,3.5158722400665283,opentts_tetiana
3.3909802436828613,3.316627025604248,3.3051233291625977,3.1661534309387207,2.904622793197632,2.952349901199341,3.000060796737671,3.096816301345825,3.197396755218506,3.1013686656951904,3.375438928604126,5.46,2.7883806228637695,3.155764102935791,2.7883806228637695,3.9057669639587402,True,f950c22fb87d55d6,b411ebc262ba7aa65519e0130304300fe8e0d164fae70ec1e4253cfffca52cf5,3.9057669639587402,original,3.220137119293213,3.0933032035827637,opentts_tetiana
3.528235912322998,3.298691511154175,3.389587879180908,3.1788010597229004,3.4164955615997314,3.3981263637542725,3.387753963470459,3.478792667388916,3.497765064239502,3.458831310272217,3.5061655044555664,3.506666666666667,3.431690216064453,3.3937456607818604,3.431690216064453,3.4646565914154053,True,dda6c4b2479d2318,eb5a3fd73d2a9c43ae0b7881c65d86de1ec4f921cad3e4fee9b3e8f8c17da07b,3.528235912322998,clearervoice_sidon_deepfilternet3_wet0.5,3.392085552215576,3.2666053771972656,opentts_tetiana
3.326739549636841,3.2524783611297607,3.100208044052124,3.0177361965179443,2.8891758918762207,2.9339253902435303,3.012568950653076,3.090374231338501,3.2793726921081543,2.940453052520752,3.3017501831054688,5.4,2.8515617847442627,3.252032995223999,2.8515617847442627,3.541776657104492,True,1ddfcc4fb227a7e9,62820bf7da9061a1e703a6ffb18bb5b1523421a42d54e67036960823d95edd92,3.541776657104492,original,3.4217705726623535,3.121760368347168,opentts_tetiana
3.649907350540161,3.6830363273620605,3.580066442489624,3.6803994178771973,3.6652133464813232,3.6317758560180664,3.5782923698425293,3.722499370574951,3.7104387283325195,3.7420125007629395,3.7638211250305176,7.56,3.6905884742736816,3.555131673812866,3.6905884742736816,3.8974339962005615,True,642a0b4005aa2e95,5de7473e9910e7af535a858456ee42fa7ba580c9b9c3b69b864c3f05be2046c6,3.8974339962005615,original,3.6595141887664795,3.762749671936035,opentts_tetiana
3.1907310485839844,2.797895669937134,3.048896312713623,2.740393877029419,3.052905321121216,3.033116102218628,2.985842704772949,3.15439510345459,3.177633285522461,3.127971887588501,3.1964681148529053,4.125333333333334,3.1138644218444824,3.079686403274536,3.1138644218444824,3.1856822967529297,False,53094efed47fb1df,403247c6155439e29915495365d7fe5acb49a2d89f3cbadb1f1b42554fcb537f,3.1964681148529053,deepfilternet3_wet1,3.0161519050598145,2.701526641845703,opentts_tetiana
3.7995734214782715,3.6933929920196533,3.9594054222106934,3.7442424297332764,3.6228244304656982,3.6303272247314453,3.65293550491333,3.5845718383789062,3.517764091491699,3.599403142929077,3.527562379837036,2.92,3.6285488605499268,3.7906103134155273,3.6285488605499268,3.5030815601348877,True,8f871c64da1f9b76,5e72ef4c57aacff90d09c2c787d953a4b83d24182c62e076fc03e06258fd532a,3.9594054222106934,clearervoice_sidon_wet0.5,3.9560770988464355,3.8655009269714355,opentts_tetiana
3.629404306411743,3.6226491928100586,3.6452577114105225,3.4386985301971436,3.246964931488037,3.2447097301483154,3.262272357940674,3.121852397918701,3.1094255447387695,3.1674511432647705,3.1062886714935303,7.38,3.2101452350616455,3.226304054260254,3.2101452350616455,3.794987678527832,True,32cc8406425d69b5,a4cf848361b1938bb99a110cd47482172e272a9b45716e2683ad9a484e03ee96,3.794987678527832,original,3.6338651180267334,3.491881847381592,opentts_tetiana
3.4730100631713867,3.641911506652832,3.322143077850342,3.561744451522827,2.976440906524658,2.959277391433716,2.9571847915649414,3.0577099323272705,3.127856731414795,3.0229320526123047,3.053807020187378,4.38,3.0196950435638428,3.3666651248931885,3.0196950435638428,3.7068252563476562,True,436fd629fef8f0ae,b4bcfd685d761b8bd51f3c376ee914d5e7374f342780a7b88ef4b854a9280f50,3.7068252563476562,original,3.3195574283599854,3.6004204750061035,opentts_tetiana
3.8004987239837646,3.447014093399048,3.6976449489593506,3.3620376586914062,3.1601779460906982,3.1154186725616455,3.133815050125122,3.117659568786621,2.992417097091675,3.1614830493927,2.9474828243255615,5.1,3.167353391647339,2.8139524459838867,3.167353391647339,3.8011739253997803,True,135ed3c3ae5837f8,7a1ca585a67d994ef7965f782c9b817112babc717ca3b53361e40dcfbcbbf99e,3.8011739253997803,original,3.7002856731414795,3.3580806255340576,opentts_tetiana
3.2797911167144775,3.736391544342041,3.3915915489196777,3.712364912033081,3.4053752422332764,3.3930602073669434,3.372274398803711,3.436763048171997,3.4586665630340576,3.472261428833008,3.5898282527923584,7.38,3.416416883468628,3.2816390991210938,3.416416883468628,3.846066474914551,True,b60ea5a3487fd1ae,8301720751c10da2bf3509b5c260eb6808a87c1439c75898b068d6b419761ef4,3.846066474914551,original,3.5140390396118164,3.7010161876678467,opentts_tetiana
3.157210350036621,3.0751912593841553,3.178069829940796,2.9942164421081543,3.484363317489624,3.457944393157959,3.4422762393951416,3.368133783340454,3.2945408821105957,3.4442296028137207,3.315707206726074,2.1413333333333333,3.467406749725342,3.1247246265411377,3.467406749725342,3.262573003768921,False,720ee61b33ce69b4,4d4feeb22f83d52153bb8c7a65b46edd4fbf3ca71af8c2fce6bfedb0df7166e5,3.484363317489624,clearervoice_wet0.5,3.0231223106384277,2.9893031120300293,opentts_tetiana
3.3087520599365234,3.2876603603363037,3.2352356910705566,3.180075168609619,3.455742359161377,3.470884323120117,3.4759788513183594,3.4123966693878174,3.4742794036865234,3.425873041152954,3.4790821075439453,6.738666666666667,3.428239345550537,3.5394818782806396,3.428239345550537,3.2611076831817627,True,4c9f5813ca9056a2,add6518a5fd12fbbc303babcd56c1d81cd26e403b6edb623a337c4648984e241,3.5394818782806396,legacy_v8_exact,3.2402751445770264,3.1549601554870605,opentts_tetiana
3.214437961578369,3.0758984088897705,3.2223846912384033,2.988921880722046,3.163369655609131,3.170945644378662,3.163982629776001,3.1347463130950928,3.1751890182495117,3.155717134475708,3.252821445465088,6.9,3.1867237091064453,3.1003236770629883,3.1867237091064453,3.3802902698516846,False,8679673b1593264e,97ffc5c355b553f1f07850ff777079d59ed9cb539559b33a0f28fba3671d506e,3.3802902698516846,original,3.2389743328094482,3.0096328258514404,opentts_tetiana
3.187243700027466,3.067166566848755,3.051567554473877,2.753812313079834,2.9571399688720703,2.9622304439544678,2.953784227371216,3.003220319747925,3.0118248462677,3.0161399841308594,3.0899620056152344,2.3546666666666667,2.9354865550994873,3.272869825363159,2.9354865550994873,3.128530502319336,False,2731484c2e7f95be,ca4572d22748ea231d825f6b0201fafd1e6d7ab85adf4695a6af52b509d1e27d,3.272869825363159,legacy_v8_exact,3.0945942401885986,2.7850348949432373,opentts_tetiana
3.8114185333251953,3.5001373291015625,3.7669904232025146,3.4822068214416504,4.2746686935424805,4.274362564086914,4.271307945251465,4.257594585418701,4.3225555419921875,4.2100958824157715,4.238666534423828,5.8,4.273876190185547,3.338453531265259,4.273876190185547,4.205113410949707,True,ad6b911003f52646,615822fb4180cc517790c797e28da9ee1d316031506e01086e3852d829076ce9,4.3225555419921875,deepfilternet3_peakminus3_wet1,3.7483937740325928,3.4336490631103516,opentts_tetiana
3.2224390506744385,3.4405972957611084,3.262596368789673,3.455294370651245,3.5222458839416504,3.446124792098999,3.3682944774627686,3.499530792236328,3.4806249141693115,3.532930374145508,3.5114355087280273,2.6,3.591752767562866,3.1136295795440674,3.591752767562866,3.337434768676758,True,7f676601dcced195,1cb8686c7261f5e71150b72e326bc17d1dcfddfb360bf15bfae44a9945389a2a,3.591752767562866,normalized_original,3.1742823123931885,3.407284736633301,opentts_tetiana
3.6858103275299072,3.5979702472686768,3.8505008220672607,3.712448835372925,3.384417772293091,3.4205424785614014,3.449284076690674,3.3953800201416016,3.368438482284546,3.3526132106781006,3.2850468158721924,2.1733333333333333,3.353207588195801,3.4870975017547607,3.353207588195801,3.361783742904663,True,378359aa39452278,110ed3a89adce08a7f60baddbe9cf5c577e4cd2992f1d44f5935135fdfb4146e,3.8505008220672607,clearervoice_sidon_wet0.5,3.8473682403564453,3.6877822875976562,opentts_tetiana
2.845029354095459,2.788029670715332,2.890719175338745,2.568297863006592,2.2354583740234375,2.2379257678985596,2.243924379348755,2.3372931480407715,2.57260799407959,2.2657954692840576,2.498016595840454,3.1013333333333333,2.254436731338501,2.794239044189453,2.2585294246673584,2.551100730895996,False,59ade686dfc9f541,cc131b66e7d0f09d2cdfb772d2cf427281d785b08867037ebbf3c8bc1f7240a5,2.890719175338745,clearervoice_sidon_wet0.5,2.6019561290740967,2.651090145111084,tg_voices_uk
3.2877323627471924,3.1341845989227295,3.163367748260498,3.2417490482330322,3.5238635540008545,3.477210760116577,3.4911208152770996,3.6573898792266846,3.7610816955566406,3.5524375438690186,3.7108025550842285,3.8213333333333335,3.548375368118286,3.3178842067718506,3.548375368118286,3.5683419704437256,True,5a30e97954c5364f,c9564d6b2f535e0c5bc18869cf2cad937168b3825c14939ce41f2ca86b4e8905,3.7610816955566406,deepfilternet3_peakminus3_wet1,3.3208839893341064,3.259172201156616,tg_voices_uk
3.1602821350097656,3.353665828704834,3.055481433868408,3.307624101638794,2.676342248916626,2.7023472785949707,2.7499911785125732,2.7469074726104736,2.8230741024017334,2.659583330154419,2.8274073600769043,4.701333333333333,2.6413793563842773,3.1243741512298584,2.6413793563842773,2.730865240097046,False,4ba9fb21ee3f5893,69f6c70225da3fe9b0fdb5dceba6041356a6558243daba8af8b20f6229c59d11,3.353665828704834,clearervoice_sidon_deepfilternet3_wet1,2.911045789718628,3.3204615116119385,tg_voices_uk
3.4627015590667725,3.189204692840576,3.3431179523468018,3.1291394233703613,3.115212917327881,3.085564613342285,3.0803964138031006,3.1253373622894287,3.1829774379730225,3.1238434314727783,3.0410683155059814,2.3735,3.1842916011810303,3.2069215774536133,3.1842916011810303,3.455576181411743,False,2c82d3133d9b1bf7,36d9e1b3f1ba90daa846b7085240b4aaf2774a1575ba37f153424574cf588649,3.4627015590667725,clearervoice_sidon_deepfilternet3_wet0.5,3.3585071563720703,3.13105845451355,tg_voices_uk
3.403749465942383,3.7235803604125977,3.4643590450286865,3.7124412059783936,2.389174222946167,2.5176784992218018,3.845248222351074,2.804713010787964,3.8369393348693848,2.56149959564209,3.5997684001922607,4.1335,2.480290174484253,3.2687249183654785,2.480290174484253,2.2119810581207275,True,ae14f41f9aeea63a,d3d922c4e81741430536cb8d0f15382849e70dd74796f79851efa6e7cf50dc92,3.845248222351074,clearervoice_wet1,2.8104326725006104,3.5440948009490967,tg_voices_uk
2.929474353790283,3.044276237487793,2.9956202507019043,3.090083360671997,2.8269824981689453,2.811601400375366,2.8232836723327637,2.9017884731292725,2.889747381210327,2.852910280227661,2.767298460006714,3.3735,2.817474365234375,3.1472384929656982,2.817474365234375,2.5180039405822754,False,3060dfb5ad8622fe,ba4b80d19ec0e8f9abd53817a72043d64f79fb14aafa479d80fbc79296045ffc,3.1472384929656982,legacy_v8_exact,3.0934062004089355,3.1201984882354736,tg_voices_uk
3.394291639328003,3.3410463333129883,3.199284076690674,3.0633695125579834,3.0994293689727783,3.1112794876098633,3.142855644226074,3.16217303276062,3.440390110015869,3.1600260734558105,3.370790958404541,5.1335,3.0482726097106934,3.279597282409668,3.0482726097106934,3.8033432960510254,True,437115bddff90aac,0d5a0796e297733b60bac19d2c60f0a94a91ba7460aeb78c4688004f54f28460,3.8033432960510254,original,3.1778275966644287,3.040233850479126,tg_voices_uk
3.4048914909362793,3.268063545227051,3.530038356781006,3.4302546977996826,2.870727777481079,2.8628764152526855,2.8571672439575195,3.2726919651031494,3.438941717147827,3.125873327255249,3.4021811485290527,5.7135,2.910170555114746,3.590027093887329,2.910170555114746,3.2076303958892822,True,2bf8f4ca350a8335,f2932c5fbb978c75a26b1566bc93ef4c8b69f3c3a252790ffb9ed7621904f339,3.590027093887329,legacy_v8_exact,3.4654009342193604,3.4520328044891357,tg_voices_uk
3.5469515323638916,3.4778311252593994,3.4633395671844482,3.206603527069092,3.1949338912963867,3.2002813816070557,3.198272466659546,3.3610382080078125,3.429518222808838,3.132096290588379,3.3708205223083496,12.2335,2.8651702404022217,3.315436840057373,2.8651702404022217,2.7112131118774414,True,ae2089eb986e145a,4ec52298e8b2a7b7d7749297a57f08e2b845898e584011901915abb542ca7c07,3.5469515323638916,clearervoice_sidon_deepfilternet3_wet0.5,3.471264600753784,3.4418866634368896,tg_voices_uk
2.7354180812835693,2.458270311355591,2.789219379425049,2.4926605224609375,2.8176395893096924,2.8852272033691406,2.9551899433135986,2.953496217727661,3.066230297088623,2.905304193496704,3.0656535625457764,8.690666666666667,2.717296838760376,2.539433002471924,2.717296838760376,3.0005030632019043,False,201c870f2e07fc7a,c475357e81fa52940c61e802644e074de4982481f2c22a6d6508bc0802cace8c,3.066230297088623,deepfilternet3_peakminus3_wet1,2.631073236465454,2.297394037246704,tg_voices_uk
2.6821229457855225,3.074552297592163,2.759532928466797,3.018941640853882,3.029625415802002,3.0477497577667236,3.0638318061828613,3.1131904125213623,3.134953737258911,3.0947303771972656,3.1489174365997314,2.884,2.9913549423217773,2.9903502464294434,2.9913549423217773,3.0917062759399414,False,1573392baf542b95,0e2b6a326a2708d243a6013e9f724e74df5268cd1b07815d6bfbf6ee48e01ba8,3.1489174365997314,deepfilternet3_wet1,2.7723097801208496,2.9156482219696045,tg_voices_uk
3.260424852371216,3.162090301513672,3.1491072177886963,3.2672622203826904,3.483812093734741,3.4966866970062256,3.4723141193389893,3.3947787284851074,3.568779230117798,3.4510350227355957,3.5839521884918213,2.6535,3.433812141418457,3.05495548248291,3.433812141418457,3.693509340286255,True,a343c3b60397f081,8a4e7fe78eabff95079289548145b57739971be350bed12ceadb5a3f854135e8,3.693509340286255,original,3.216414451599121,2.9619412422180176,tg_voices_uk
3.2556049823760986,3.0236170291900635,3.0497336387634277,2.765127420425415,2.975210189819336,2.966822385787964,2.9710757732391357,2.9404988288879395,2.926062822341919,2.909928560256958,3.0764005184173584,5.22,2.990405797958374,3.211181163787842,2.990405797958374,2.736931800842285,False,dd4dfdc4d7d9cd0c,a79765dd206e17f663c57afbb581f3375a013ca8a4124ffd0b7c39e989b62431,3.2556049823760986,clearervoice_sidon_deepfilternet3_wet0.5,3.024399757385254,2.7092878818511963,tg_voices_uk
3.0296630859375,3.1637985706329346,2.8196215629577637,3.1144611835479736,2.58837890625,2.568399429321289,2.530139207839966,2.7213516235351562,2.8033647537231445,2.683640718460083,2.810227155685425,8.004,2.6076061725616455,3.1598281860351562,2.6076061725616455,2.6416802406311035,False,453f4ba9b461f99f,29b439fcc188fa1c60a9d12cf538c190e448eccc9fd55427a794a082a6e257f8,3.1637985706329346,clearervoice_sidon_deepfilternet3_wet1,2.8890151977539062,3.025247097015381,tg_voices_uk
3.441239595413208,3.71417236328125,3.3293514251708984,3.620143413543701,2.5704946517944336,2.5455479621887207,2.5388600826263428,2.8578333854675293,2.9436886310577393,2.680237293243408,2.8110151290893555,2.5935,2.4347777366638184,3.4341623783111572,2.4347777366638184,2.235872268676758,True,8f9bd30121a7c414,f4fc7fb235c4523e2dedf9c6e2abf4cf90f2b5d90c8d90aff1f55c6878c7ed52,3.71417236328125,clearervoice_sidon_deepfilternet3_wet1,3.388713836669922,3.603348970413208,tg_voices_uk
4.162184715270996,3.921107769012451,4.055291652679443,3.9242937564849854,2.6247329711914062,2.5911004543304443,2.559398651123047,2.9605274200439453,3.4182827472686768,2.6222965717315674,2.848853588104248,4.1786666666666665,2.6876373291015625,3.7406327724456787,2.6876373291015625,2.652219772338867,True,55126c0808de1dca,3a6e9b4e765904d38cd6a0a82ff7ccbb0791c358fba997a54ac5aeee2c24ddb9,4.162184715270996,clearervoice_sidon_deepfilternet3_wet0.5,3.840951919555664,3.8590548038482666,tg_voices_uk
3.236436367034912,3.522068500518799,3.4180400371551514,3.4982738494873047,2.8841726779937744,2.8477327823638916,2.927332878112793,2.8039491176605225,2.796839714050293,2.7014052867889404,2.7873153686523438,5.356166666666667,2.9640111923217773,3.1415913105010986,2.9640111923217773,3.001253604888916,True,1f5c4d9d94584166,ec7d373617edce6b3576d785d7b0772f77025afd0d0a9da2fa6c576de4fd105d,3.522068500518799,clearervoice_sidon_deepfilternet3_wet1,3.175469160079956,3.3631885051727295,tg_voices_uk
2.8589015007019043,3.2193448543548584,2.9299867153167725,3.079699754714966,3.273895263671875,3.291224479675293,3.294611692428589,3.2861204147338867,3.1911051273345947,3.399015188217163,3.1059296131134033,2.6746666666666665,3.2503902912139893,2.6757924556732178,3.2503902912139893,3.200226068496704,False,7e635aa19e714fce,2c272a0c8f4a424c4c3eb6f08cf3992a144db19c81b19d8cf8896950f75e075a,3.399015188217163,deepfilternet3_wet0.5,2.9403162002563477,2.9251317977905273,tg_voices_uk
3.750337839126587,3.6353039741516113,3.839043378829956,3.5677080154418945,2.5496633052825928,2.569122552871704,2.6021649837493896,2.8906285762786865,2.9881560802459717,2.721064805984497,2.8619604110717773,4.3773333333333335,2.667755126953125,3.4504306316375732,2.667755126953125,2.9246222972869873,True,8430672c813e7b8f,d226896d5531fecfdd08737fd33327387df0d2086ff365dfc99803d1be071880,3.839043378829956,clearervoice_sidon_wet0.5,3.594301700592041,3.6957173347473145,tg_voices_uk
3.1644206047058105,2.957542657852173,3.0910520553588867,2.938772201538086,2.237382650375366,2.3775365352630615,2.6318421363830566,2.653008460998535,2.6277830600738525,2.4157369136810303,2.601060628890991,2.472,2.1308014392852783,3.12591290473938,2.1308014392852783,2.1202425956726074,False,7d520c9452cdfc46,130bb0b0723a31a4f17ce4c282508b12a032052259a63d64be29586730e754b9,3.1644206047058105,clearervoice_sidon_deepfilternet3_wet0.5,2.9225878715515137,2.8488025665283203,tg_voices_uk
3.2980384826660156,3.1333553791046143,3.2274768352508545,3.0229432582855225,3.9057133197784424,3.8948147296905518,3.875322103500366,3.9533863067626953,3.8560988903045654,3.8215959072113037,3.8245487213134766,3.4135,3.9094793796539307,3.3239667415618896,3.9094793796539307,3.422837972640991,True,3e685b190ba45f40,3cabc1a0c81eb3d635cbc6d696eb239e43bfbeec7da7c0c5d077126ddf3d420e,3.9533863067626953,deepfilternet3_peakminus3_wet0.75,2.9520013332366943,2.996507406234741,tg_voices_uk
2.9628546237945557,3.406257390975952,2.9977011680603027,3.268352508544922,2.323427200317383,2.3825511932373047,2.5661025047302246,2.7220847606658936,2.8246476650238037,2.4919180870056152,2.805905818939209,3.474666666666667,2.196930170059204,3.234992742538452,2.196930170059204,2.553098201751709,False,0da85bf49f563322,3e6e6a15b8371ec0197abc0bb4ccab82e921a6f2c797db12f64bb33573f18671,3.446831464767456,sidon_wet1,2.95294189453125,3.446831464767456,tg_voices_uk
3.090862989425659,2.951730251312256,3.1647586822509766,2.9475746154785156,3.3322274684906006,3.4380717277526855,3.342353343963623,3.4957075119018555,3.377333402633667,3.2415220737457275,3.3727095127105713,3.1801666666666666,3.1861417293548584,3.4920201301574707,3.1861417293548584,2.7611265182495117,False,7771c2336bd98b36,48ba8d9a26cce92b8020b88d699688cb8001aa53acdfdaf874ed31a30bef5f7a,3.4957075119018555,deepfilternet3_peakminus3_wet0.75,3.181241273880005,3.4048330783843994,tg_voices_uk
3.4855692386627197,3.2684736251831055,3.4316282272338867,3.4497299194335938,3.579519271850586,3.5241265296936035,3.4661431312561035,3.253602981567383,3.6600699424743652,3.4894516468048096,3.4601714611053467,3.0335,3.600146532058716,3.479093074798584,3.600146532058716,3.6054956912994385,True,80d1e80731f94de5,a2a2e55a9ac4ceba25d550afdbcb4a6a2fd32a6bd8ef8317d4017742cd01678c,3.6600699424743652,deepfilternet3_peakminus3_wet1,3.437229871749878,3.495900869369507,tg_voices_uk
3.484863042831421,3.299290180206299,3.5236785411834717,3.2502756118774414,2.892850399017334,2.911599636077881,2.9767932891845703,2.8564250469207764,2.9764328002929688,2.7764410972595215,2.997465133666992,3.8053333333333335,2.923595905303955,3.390942335128784,2.923595905303955,2.8915178775787354,True,55de86debdfa6538,417df38e667391483ae421f76a73a0761140754bc43c5a97e65f0422f9491b2a,3.5236785411834717,clearervoice_sidon_wet0.5,3.1780359745025635,3.0547409057617188,tg_voices_uk
3.0876598358154297,2.636582136154175,2.9557173252105713,2.674130916595459,2.9086992740631104,2.8473103046417236,2.7782583236694336,2.852055311203003,2.999814033508301,2.8196256160736084,2.92185115814209,2.0668333333333333,2.9614856243133545,2.994044303894043,2.9614856243133545,2.5117454528808594,False,92161c225505cef3,c45c9f6d3e6a570ac71ef6a9ad32b4d4525a6be73db8a8f43d214b78ac380846,3.0876598358154297,clearervoice_sidon_deepfilternet3_wet0.5,2.8818960189819336,2.9224092960357666,tg_voices_uk
3.109025239944458,3.074418544769287,3.0077083110809326,3.002349615097046,3.142871618270874,3.1208109855651855,3.092280864715576,2.9366559982299805,2.886079788208008,3.0521645545959473,2.9717986583709717,3.0935,3.136800765991211,2.932164430618286,3.136800765991211,3.264531373977661,False,c32331f6933db117,0898126431b6631903404737cc4a1f854b723ba66ff03191bbaa160f1c55b836,3.264531373977661,original,3.0615968704223633,2.9229986667633057,tg_voices_uk
3.3404431343078613,3.506612777709961,3.354004144668579,3.1931471824645996,3.3553760051727295,3.298344135284424,3.2496252059936523,3.4723188877105713,3.3278374671936035,3.417537212371826,3.296192169189453,2.4466666666666668,3.4253313541412354,3.4266233444213867,3.4253313541412354,3.458705186843872,True,dff69328d8d33467,8b4d844d3442048137773d018175c7448861d87aeb1ae75b2bcdee8f08b91190,3.506612777709961,clearervoice_sidon_deepfilternet3_wet1,3.4455254077911377,3.3621819019317627,tg_voices_uk
3.2789342403411865,3.253854990005493,3.3904504776000977,3.102133274078369,2.6168839931488037,2.6449806690216064,2.6827101707458496,2.801954507827759,3.056217670440674,2.787055015563965,2.9304802417755127,4.232166666666667,2.590271234512329,2.776360511779785,2.590271234512329,2.6316423416137695,False,b077e47d42dcdaa2,7924fe7224f1ac14b7899e7a3fcdc97679cfd4f1a57fb55e79ce0e05e05adc20,3.3904504776000977,clearervoice_sidon_wet0.5,3.2721848487854004,3.0913076400756836,tg_voices_uk
2.1647846698760986,2.3370745182037354,2.32946515083313,2.1730637550354004,2.75736141204834,2.65372371673584,2.5431735515594482,2.7542569637298584,2.7561264038085938,2.807274580001831,2.5179357528686523,2.9935,2.291517972946167,2.276069164276123,2.291517972946167,2.2064032554626465,False,e9b78993f1c0e88e,b0a18a6d8d3fa941d2950bc96e460ab2a3982ebcf38e041cb91e30b0fb7d5265,2.807274580001831,deepfilternet3_wet0.5,1.9867982864379883,2.3927083015441895,tg_voices_uk
3.057983875274658,3.684943437576294,3.207613706588745,3.717376470565796,3.29030179977417,3.2689294815063477,3.256931781768799,3.4224321842193604,3.5128650665283203,3.3574984073638916,3.483360528945923,2.2906666666666666,3.3391146659851074,3.1924049854278564,3.3391146659851074,3.299546957015991,True,7849f87d6989d8de,d5ef5a52e86c449b85a8656583cb88395b6ddd2521a6baf59f386b87d7fb120f,3.717376470565796,clearervoice_sidon_wet1,3.339069366455078,3.4743406772613525,tg_voices_uk
3.028975486755371,2.9268696308135986,3.0628316402435303,2.7781569957733154,2.868943452835083,2.946909189224243,3.1522934436798096,3.011674404144287,3.1928141117095947,2.8418357372283936,3.199265480041504,2.5853333333333333,2.5434775352478027,3.2095258235931396,2.5434775352478027,2.327322006225586,False,ac936925e682db33,bbbbd15998a78261cff83a83e3633f21f65e8feaecb430c0262302763a5c6022,3.2095258235931396,legacy_v8_exact,2.7649664878845215,3.017719030380249,tg_voices_uk
2.3738114833831787,3.553821563720703,2.2510926723480225,3.1787819862365723,2.2760226726531982,2.9028191566467285,3.8690614700317383,3.0023434162139893,3.3502252101898193,2.2549197673797607,3.392303466796875,6.4535,1.9955940246582031,3.184845447540283,1.9955940246582031,1.8818778991699219,True,f8d46eb306eedb2a,e9df501f90ebe52003bf83be03ee662b59a854428b1067cd3b38fe70d95ae977,3.8690614700317383,clearervoice_wet1,2.4115030765533447,3.435318946838379,tg_voices_uk
3.5349974632263184,3.555283308029175,3.5069732666015625,3.694694757461548,3.067124128341675,3.532404899597168,4.011627197265625,3.228670358657837,3.3841652870178223,2.9132699966430664,3.395996332168579,2.3135,2.655280590057373,3.6395316123962402,2.655280590057373,2.7080159187316895,True,99dfde6bbdae21df,010332c7cad30464e8ebc0a42f39e6e167e27a8b652953a88d268776d934d74c,4.011627197265625,clearervoice_wet1,3.2500832080841064,3.1285367012023926,tg_voices_uk
2.4032843112945557,3.00168514251709,2.4185943603515625,2.8691203594207764,2.934868097305298,3.15139102935791,3.3934926986694336,3.038544178009033,2.73921275138855,2.9706599712371826,2.773345708847046,5.6735,2.5414845943450928,3.5433835983276367,2.5414845943450928,2.383967161178589,True,e63ca37142e403df,62d0cca96342156d2639464e410a37f063de87d4920ecc3e73159794dfc4eaf4,3.5433835983276367,legacy_v8_exact,2.552727699279785,3.004906177520752,tg_voices_uk
2.8298614025115967,3.187148332595825,2.8504981994628906,3.1669466495513916,2.47702693939209,2.4393255710601807,2.3237268924713135,2.5214288234710693,2.457610607147217,2.491046667098999,2.4581093788146973,7.5735,2.658292531967163,3.1990647315979004,2.658292531967163,2.468693971633911,False,3459e9ecf4a5ab88,659025a49a7aefaf9cbdfa00467230e7c312c264c028c85f3725788dff3d6c1c,3.1990647315979004,legacy_v8_exact,2.8571970462799072,3.1436145305633545,tg_voices_uk
3.405975103378296,3.4010040760040283,3.4199724197387695,3.422916889190674,3.418692111968994,3.4402403831481934,3.450510025024414,3.4035513401031494,3.4834210872650146,3.3792684078216553,3.4789037704467773,5.225333333333333,3.4051737785339355,3.4929120540618896,3.4051737785339355,3.1844558715820312,False,5ef8bb577dfc820f,116af136ada51fe569f5203017f7ee0bab8d779f7c33f5a979fda8853a010887,3.4929120540618896,legacy_v8_exact,3.4170889854431152,3.367485284805298,tg_voices_uk
2.9110569953918457,2.8186771869659424,2.723187208175659,2.7944557666778564,3.028498649597168,3.0700151920318604,3.1096935272216797,3.128772735595703,3.1960456371307373,3.038963794708252,3.2067034244537354,3.6093333333333333,2.95004940032959,2.480926036834717,2.95004940032959,3.104207754135132,False,4f17bca587d2ff0d,4cb948ce1b2b66ed65fbca714194815fa1f5191aba9888970f8bf8146044c60d,3.2067034244537354,deepfilternet3_wet1,2.6697590351104736,2.785352945327759,tg_voices_uk
2.8407039642333984,3.125333547592163,2.775439739227295,2.9670166969299316,2.9148924350738525,2.9486942291259766,3.18852162361145,2.9407474994659424,2.9777491092681885,2.8986217975616455,2.975796937942505,3.8441666666666667,2.893002510070801,2.615290880203247,2.893002510070801,2.8962483406066895,False,4d7b9e5933acc2cc,6d9214e6e9485792336d707996b7efe0fee55e91317453a632e6639d914a25af,3.2910094261169434,sidon_wet1,2.8201375007629395,3.2910094261169434,tg_voices_uk
3.473633289337158,3.238182306289673,3.517087697982788,3.6573803424835205,2.7091007232666016,3.1998541355133057,3.0228426456451416,3.4943220615386963,3.3892531394958496,2.7351291179656982,3.178349494934082,2.062666666666667,2.3972461223602295,3.3858885765075684,2.3972461223602295,1.9249629974365234,True,d0f08e189a6a5ff2,1ca3915aa6eb188b1600774dcff0ffb9dd5e1bd05ba75f80c4717fe38905d6dd,3.801835060119629,sidon_wet1,3.341952085494995,3.801835060119629,tg_voices_uk
4.009278297424316,3.723356008529663,3.9799273014068604,3.731295585632324,4.221104621887207,4.283773422241211,4.197948455810547,4.1827802658081055,4.198986530303955,4.136848449707031,4.142114639282227,5.9535,3.935042381286621,3.909766674041748,3.935042381286621,3.6275746822357178,True,35e7a78e78b39a8a,4a8e3bd658c491a43e1184230f3b547af173f294f9f77f1bd483b05ca1c6b9ce,4.283773422241211,clearervoice_wet0.75,3.7680017948150635,3.661525011062622,tg_voices_uk
3.0442261695861816,3.0706534385681152,3.0428597927093506,3.1368651390075684,2.790731430053711,2.8185629844665527,2.8893654346466064,2.746103048324585,2.6389143466949463,2.7543442249298096,2.7198266983032227,3.3735,2.757798194885254,2.9722180366516113,2.757798194885254,2.4733176231384277,False,a8dc57ce6c88a19d,a27be08f70e57521240d1dacf9d494183c674adf5b7f0178031a0c63dc5f43a9,3.1584601402282715,sidon_wet1,2.9882829189300537,3.1584601402282715,tg_voices_uk
3.0619688034057617,3.588259220123291,2.9822652339935303,3.561880588531494,3.1660046577453613,3.224811553955078,3.4200186729431152,3.096437692642212,3.270413398742676,3.1087677478790283,3.274019479751587,2.8295,3.2189784049987793,3.351471424102783,3.2189784049987793,3.5797131061553955,True,942dc23a4f307676,ffb24b9ce81ba381df33606589684ad06385ec15a818d5590140244a9b6698e4,3.642172336578369,sidon_wet1,3.3363983631134033,3.642172336578369,tg_voices_uk
3.376264810562134,3.0691163539886475,3.253406047821045,3.1708178520202637,3.7802116870880127,3.7576212882995605,3.7423932552337646,3.690437078475952,3.707479476928711,3.718935012817383,3.7087960243225098,3.7735,3.773317575454712,3.3736040592193604,3.773317575454712,4.357548713684082,True,9ad058e84a7cee1a,dfe553d5493c06f53526851430857c362724e382cd3f33d308fc4206c450205a,4.357548713684082,original,3.3104450702667236,3.36948561668396,tg_voices_uk
3.2050042152404785,3.611116647720337,3.1696085929870605,3.6299026012420654,2.4334025382995605,2.388298511505127,2.4038939476013184,2.6395623683929443,2.698655366897583,2.5613763332366943,2.7064151763916016,2.7335,2.5243773460388184,3.1667401790618896,2.5243773460388184,2.6520917415618896,True,34109ff078e8ebbc,580d45a1d896faa8253a02c3e97318467d9b789784e4e71cc668172407024f09,3.6299026012420654,clearervoice_sidon_wet1,3.1198537349700928,3.452913999557495,tg_voices_uk
2.853438138961792,3.0231332778930664,2.884263277053833,2.9802560806274414,2.9424848556518555,2.955875873565674,2.9693474769592285,2.8931026458740234,2.964632987976074,2.956540822982788,2.9353928565979004,7.602666666666667,2.7576792240142822,3.5363080501556396,2.7576792240142822,3.0239365100860596,True,9a834c7b2a4361d9,81daeb762772bcb74681ec54af0b553130e0bfdb6cfe5a3f67dd3054e398647c,3.5363080501556396,legacy_v8_exact,2.6649866104125977,2.999295473098755,tg_voices_uk
2.955885171890259,3.315826177597046,2.9917287826538086,3.153224468231201,2.4356648921966553,2.392662286758423,2.5776584148406982,2.43953275680542,2.426884651184082,2.4569337368011475,2.679222583770752,2.493333333333333,2.416995048522949,3.0487799644470215,2.416995048522949,2.7228810787200928,False,8c76532e76531c31,372d0bd17bbdd454586eb62c9434388ece0b332aad7e023a0a9d0dfb33ade0a3,3.315826177597046,clearervoice_sidon_deepfilternet3_wet1,3.0321128368377686,2.893136501312256,tg_voices_uk
2.297551155090332,3.0064408779144287,2.8198347091674805,2.7250921726226807,3.017738103866577,2.9371604919433594,2.728220224380493,2.817573308944702,2.865548610687256,2.8809854984283447,3.012103796005249,3.3135,2.990156888961792,2.5865182876586914,2.990156888961792,1.9082608222961426,False,0f11cf153c9d4cf0,b52de7344a0229d36fa82c7c786d33146c3d12a25853d17f3e788b7b7db12a29,3.017738103866577,clearervoice_wet0.5,2.789332151412964,2.912904977798462,tg_voices_uk
3.23663330078125,3.28206205368042,3.1856021881103516,3.2285492420196533,2.9811384677886963,3.0716147422790527,2.9160995483398438,3.296804666519165,3.2065041065216064,3.0473687648773193,3.1584153175354004,2.4735,2.903604030609131,3.1251060962677,2.903604030609131,2.762939214706421,False,e1304f2e88eab378,449898ec316fe61f8370e928f698a03700f09c8996bda3b7ccced19d81d51461,3.3463141918182373,sidon_wet1,3.083678960800171,3.3463141918182373,tg_voices_uk
3.4833168983459473,3.8302156925201416,3.545121431350708,3.9794256687164307,3.364896059036255,3.349708080291748,3.0902111530303955,3.5395116806030273,3.835540533065796,3.3860256671905518,3.8453876972198486,7.7335,3.118455171585083,3.4023618698120117,3.118455171585083,3.0465171337127686,True,49a0f944677d8954,ffd63a905adb668dbfc5802f6dcbfe41613bb686657f639078a0ddc05a807c29,3.9794256687164307,clearervoice_sidon_wet1,3.627622365951538,3.883483409881592,tg_voices_uk
3.05385422706604,3.050187349319458,3.0157277584075928,3.169822931289673,2.844846725463867,2.8868045806884766,2.9635841846466064,3.0274813175201416,3.0398662090301514,3.023087978363037,3.0330867767333984,4.2135,2.8597238063812256,2.95672607421875,2.8597238063812256,2.6967644691467285,False,f82c3035011a7926,a77e7171acdefc8a3ec210294f8af9a7ce6db16aa4d323780fce95dbe914d3c7,3.169822931289673,clearervoice_sidon_wet1,3.062325954437256,3.1272411346435547,tg_voices_uk
2.7859132289886475,3.502533197402954,2.7451066970825195,3.074681282043457,2.556903123855591,2.6867456436157227,3.2774689197540283,2.2422032356262207,1.829843521118164,2.534273624420166,3.251493453979492,2.5335,2.2653920650482178,3.1937992572784424,2.2653920650482178,2.0923047065734863,True,c3843c5f27f25bc9,fe06747613e0e56aae5802ef576d1794e2a18294350456299c73a6de185b4699,3.502533197402954,clearervoice_sidon_deepfilternet3_wet1,2.122467279434204,1.9710991382598877,tg_voices_uk
2.5173299312591553,3.4127838611602783,2.5274622440338135,3.2808213233947754,2.2704811096191406,2.359497308731079,2.777352809906006,2.347323417663574,2.7574613094329834,2.342681884765625,2.6736459732055664,8.4335,2.324279308319092,3.1509201526641846,2.324279308319092,2.3209872245788574,False,20b69eec04f09874,1440d17b745b0af2a7b9929ce696bcd133e406c2210f262a6dc4e3ffd5306a4e,3.4127838611602783,clearervoice_sidon_deepfilternet3_wet1,2.8487095832824707,3.367661714553833,tg_voices_uk
4.218935966491699,3.9204277992248535,4.742953777313232,4.237675666809082,4.999455451965332,4.999234199523926,4.998233795166016,4.991669654846191,4.987567901611328,4.9982709884643555,4.988952159881592,2.002666666666667,4.999700546264648,3.9751229286193848,4.999700546264648,4.188442230224609,True,416b4bec03137c4c,a5436b59d06ad81408cbcc1ea181be898c63464419ff5399f824d6790d7b94ed,4.999700546264648,normalized_original,4.858369827270508,3.852163791656494,tg_voices_uk
2.5046186447143555,2.8324832916259766,2.62762451171875,2.826040267944336,2.5208723545074463,2.533785820007324,2.548015594482422,2.523127794265747,2.5129220485687256,2.554476737976074,2.5437536239624023,4.7935,2.499321222305298,3.0111196041107178,2.499321222305298,2.1344008445739746,False,2e6bf590e008cf51,1bf9c2c443ec3bbaa5462ebee717f6332f0083a8b7569aae1ad904300bd13dc2,3.0111196041107178,legacy_v8_exact,2.565775156021118,2.8143413066864014,tg_voices_uk
2.985548257827759,3.4338912963867188,3.269728899002075,3.3574929237365723,2.891983985900879,2.9664154052734375,3.008892297744751,3.136397361755371,3.7799670696258545,3.006115198135376,3.760378122329712,3.6361666666666665,2.8289170265197754,3.066804885864258,2.8289170265197754,2.1379408836364746,True,d3754eb4100330cb,70e8c8ae77a002491d37b2b3af73ad8033fb1c29e5ddce24a13243fa54be6902,3.7799670696258545,deepfilternet3_peakminus3_wet1,2.7942330837249756,3.3208072185516357,tg_voices_uk
2.803283214569092,2.982578754425049,2.888204574584961,3.096633195877075,2.5369763374328613,2.5308287143707275,2.6298141479492188,2.7211506366729736,2.8324224948883057,2.568659543991089,2.828486680984497,5.086833333333334,2.5803139209747314,2.9372284412384033,2.5803139209747314,2.5989725589752197,False,827fe93c88e27b5b,76bad057f24ed359cf02918b15b33a98a8c7c3fed46afc8af4501f7b0cee943f,3.096633195877075,clearervoice_sidon_wet1,2.8384344577789307,2.998042345046997,tg_voices_uk
3.2506749629974365,2.964588165283203,3.2223355770111084,3.223496437072754,3.2623393535614014,3.2606723308563232,3.485121488571167,3.2317054271698,3.593886137008667,3.3486695289611816,3.671626091003418,2.7453333333333334,3.2519116401672363,3.4397201538085938,3.2519116401672363,3.0817878246307373,True,86a39f7f2712239b,d2c2374de137ac6b61a4a12cd3d4400c43b7e61eb9177b360f8d78606ec538c4,3.671626091003418,deepfilternet3_wet1,2.972383737564087,3.1824772357940674,tg_voices_uk
3.5082385540008545,3.7662839889526367,3.4453859329223633,3.489881992340088,3.136631965637207,3.138118267059326,3.1674399375915527,3.2090413570404053,3.6011998653411865,3.156266212463379,3.292598247528076,8.0735,3.120694160461426,3.3396637439727783,3.120694160461426,3.1222147941589355,True,568b4a5c107767da,123692b9944737615169ad738fb623c63c114842a5b1d3a05448a69a6639e0c9,3.7662839889526367,clearervoice_sidon_deepfilternet3_wet1,3.7049977779388428,3.5598669052124023,tg_voices_uk
3.0237436294555664,3.304241895675659,2.8609936237335205,3.31064772605896,2.4596192836761475,2.6927332878112793,2.8878254890441895,2.708969831466675,2.883666515350342,2.55104923248291,2.8400399684906006,2.3721666666666668,2.151945114135742,3.6014041900634766,2.151945114135742,2.286449909210205,True,69241b4e5656715f,a665bc2ae794ecf55c5b7746eed7ed69a3ca04bfbcf745fb7876d1859efe33cb,3.6014041900634766,legacy_v8_exact,2.9263017177581787,3.447664260864258,tg_voices_uk
2.2006330490112305,2.8951542377471924,2.529261827468872,2.6544342041015625,2.1860504150390625,2.2101664543151855,2.42915678024292,3.021807909011841,2.927506685256958,2.6267788410186768,2.9127182960510254,2.1413333333333333,2.17924427986145,2.8778038024902344,2.17924427986145,2.3084075450897217,False,803122a38c01d1fb,8e6b139eb087003e0b05125e0427aa8fa2f8af8e891a4c31b1e311eab5032973,3.021807909011841,deepfilternet3_peakminus3_wet0.75,2.1640586853027344,2.6329421997070312,tg_voices_uk
2.0954418182373047,2.8059256076812744,2.139617919921875,2.8827297687530518,2.509530782699585,2.402212381362915,3.2131829261779785,2.296788215637207,2.9804189205169678,2.5086894035339355,3.0736546516418457,2.9135,2.4987146854400635,2.7746312618255615,2.4987146854400635,2.265002489089966,False,e8ae32ee9004fd33,474655d04dd324a76048bea9bb0e8ed7a7b4df77e45f4aabbbdab1c79d3fdb0d,3.2131829261779785,clearervoice_wet1,1.9335412979125977,2.9541494846343994,tg_voices_uk
3.6022210121154785,3.5602145195007324,3.4484777450561523,3.645362377166748,3.5552825927734375,3.608830213546753,3.4027442932128906,3.8596153259277344,3.8685779571533203,3.5926384925842285,3.681013584136963,4.9735,3.1108031272888184,3.49784255027771,3.1108031272888184,3.1954126358032227,True,27789ef0611f2091,4c95e75efc0c28161465d4cdab0840288e7ed8eca79c401322c8330ce19cb4ca,3.8685779571533203,deepfilternet3_peakminus3_wet1,3.4926671981811523,3.4738011360168457,tg_voices_uk
3.099432945251465,2.9933643341064453,3.1530556678771973,3.0376014709472656,2.6844518184661865,2.605804443359375,2.4939169883728027,2.885230541229248,2.8140501976013184,2.7536978721618652,2.7856693267822266,5.732,2.759033203125,2.8458075523376465,2.759033203125,2.3642730712890625,False,88bd598f008ff157,0a1a3d437d58430410e955cdada0219079e56ce8051bc10e4d8d13f79d2b4cd4,3.1530556678771973,clearervoice_sidon_wet0.5,3.1387624740600586,2.9594128131866455,tg_voices_uk
3.137131690979004,3.703838586807251,3.324552059173584,3.7155838012695312,3.3631579875946045,3.570852518081665,3.367405652999878,3.486862897872925,3.384932279586792,3.1311306953430176,3.446439266204834,4.944166666666667,2.772672653198242,3.8261263370513916,2.772672653198242,2.953751802444458,True,f823e7681f9fe225,46b8b8dbac4da92e2750666d1a396a7fc5c512b95ce82dad04ad74f3db7bd109,3.8261263370513916,legacy_v8_exact,3.1490542888641357,3.6381120681762695,tg_voices_uk
2.534080982208252,2.983062744140625,2.52022385597229,2.9493601322174072,2.6572678089141846,2.643915891647339,2.9200313091278076,2.4512290954589844,3.023181438446045,2.520954132080078,2.9707701206207275,4.3935,2.639925003051758,2.905550956726074,2.639925003051758,2.2693068981170654,False,62cc7bd36f68a298,5d587da35799f6bf80afd58a52596e3b4cf999cc661db6ccd8d3eadab5554455,3.0906982421875,sidon_wet1,2.3148036003112793,3.0906982421875,tg_voices_uk
3.414032459259033,3.1512768268585205,3.3717305660247803,3.156175136566162,2.942843437194824,2.937884569168091,2.945317268371582,3.131521224975586,3.1190719604492188,3.091143846511841,3.0986733436584473,5.48,3.001753807067871,3.1135973930358887,3.001753807067871,3.0788464546203613,False,2f3cba8d9f5c9c25,e03c0adfc54074d4f3cbd716b929e93a960c9c69da7fcee027165039935ed063,3.414032459259033,clearervoice_sidon_deepfilternet3_wet0.5,3.3640103340148926,3.1262402534484863,tg_voices_uk
3.5442333221435547,3.079655170440674,3.6951770782470703,2.9767203330993652,3.1043248176574707,3.0671515464782715,3.059171438217163,3.2301785945892334,3.2230958938598633,3.2541558742523193,3.266739845275879,2.030666666666667,3.205691337585449,3.3064353466033936,3.205691337585449,2.733579158782959,True,a38f4072312baa2e,0226547ec15f13a6152ce4df82dca9b29e8ea0283c627a17f317abf5a0a46ac6,3.6951770782470703,clearervoice_sidon_wet0.5,3.4404139518737793,2.92207932472229,tg_voices_uk
3.4098269939422607,2.8660755157470703,3.3369016647338867,2.9134397506713867,2.9314825534820557,2.81784987449646,2.6055452823638916,2.802422523498535,3.286938428878784,3.054323434829712,3.248389482498169,2.3935,2.9405980110168457,2.991830587387085,2.9405980110168457,2.8722589015960693,False,9f0cc5c4c74e219b,aa817ebaf5272a9611bbbf3b4acd551f72688734fc8f058d8100fc0ddbb1f8b5,3.4098269939422607,clearervoice_sidon_deepfilternet3_wet0.5,3.0923938751220703,2.571136713027954,tg_voices_uk
3.2944960594177246,3.493297815322876,3.4135167598724365,3.267373561859131,3.3798458576202393,3.369603157043457,3.379957675933838,3.560628652572632,3.703437089920044,3.527844190597534,3.710491418838501,2.0135,3.408097982406616,3.4046127796173096,3.408097982406616,3.447181224822998,True,31ece5d3b9b634c7,d12a48266bcee597a855e36a07686e974d9c116b222dc698d96ecc7c33d1ce80,3.710491418838501,deepfilternet3_wet1,3.4066147804260254,3.19791579246521,tg_voices_uk
2.976245880126953,2.9992265701293945,3.097364664077759,3.0279273986816406,2.688642978668213,2.695725679397583,2.754528760910034,2.894388437271118,3.2493391036987305,2.7673702239990234,3.298999786376953,2.009333333333333,2.671588659286499,2.9583446979522705,2.671588659286499,2.5773396492004395,False,448c7cee04bfa8cd,70c99b6ed62a7cde5be2e0e2672ece45371e31ad7a6aa32ca9ef10b3691ba1ac,3.298999786376953,deepfilternet3_wet1,3.0569560527801514,3.118929386138916,tg_voices_uk
3.3832828998565674,3.3045780658721924,3.343470573425293,3.2008392810821533,3.157106876373291,3.2026398181915283,3.229525566101074,3.3750150203704834,3.747710704803467,3.2390623092651367,3.422088146209717,5.2575,3.1408796310424805,3.2392778396606445,3.1408796310424805,3.128744602203369,True,593b1c8c69e1b8ce,60cfd646bb75d1606aea2dba38c5771a55a6c241b01737d7de4b983f6e06f827,3.747710704803467,deepfilternet3_peakminus3_wet1,3.4370930194854736,3.208470106124878,tg_voices_uk
2.8465921878814697,3.441636085510254,3.0971508026123047,3.286837577819824,2.6545231342315674,2.6409785747528076,2.7419497966766357,2.396907329559326,2.8689632415771484,2.627333402633667,2.556936502456665,7.2735,2.6494219303131104,3.3081276416778564,2.6494219303131104,2.4926419258117676,False,51d1c15b3e70b3a4,65391c8c9b00aed83dc6f6cf1db79df61e65a3919e708cc85a05f9709fdb1cae,3.441636085510254,clearervoice_sidon_deepfilternet3_wet1,2.926312208175659,3.0819272994995117,tg_voices_uk
2.640972375869751,2.416720151901245,2.460347890853882,2.6214077472686768,2.4987709522247314,2.4588592052459717,2.6394951343536377,2.5956666469573975,2.185798406600952,2.5827064514160156,2.1967852115631104,2.4146666666666667,2.7043633460998535,2.901484251022339,2.7043633460998535,2.5311107635498047,False,bfba3cb5e21bbd3a,df5911f56dc71ed20635e44735b15ef13fd99ac21df9fe68cc3211d8b1bcf719,2.901484251022339,legacy_v8_exact,2.6797947883605957,2.882401704788208,tg_voices_uk
2.921165943145752,3.1263203620910645,3.0024280548095703,3.2164618968963623,2.6373186111450195,3.165851354598999,3.1861376762390137,3.164393186569214,3.223165988922119,2.6656622886657715,3.234988212585449,5.6535,2.3451011180877686,3.09199595451355,2.3451011180877686,2.5842175483703613,False,962c90bf6df6db11,e2e32b6a571a8806edff58ea064c84f56d9e7b5a8fa6ca0221f4b23a2b3d92e6,3.427142381668091,sidon_wet1,2.999343156814575,3.427142381668091,tg_voices_uk
3.743408679962158,3.6612751483917236,3.6865627765655518,3.7944650650024414,3.2781906127929688,3.225703239440918,3.106764078140259,3.378765344619751,3.436302423477173,3.228727340698242,3.285836696624756,2.1413333333333333,3.301347017288208,3.496096611022949,3.301347017288208,3.4434218406677246,True,4a499ff6ee15bc09,01390b347eb0ce703e74f41cb025412a411709db2986a9a3cda461fd9566a958,3.8190250396728516,sidon_wet1,3.7024073600769043,3.8190250396728516,tg_voices_uk
3.158642292022705,2.9313931465148926,3.199634552001953,2.982844591140747,2.297769546508789,2.290977954864502,2.284839153289795,2.5947320461273193,2.6035282611846924,2.4145829677581787,2.6191508769989014,5.4735,2.3132171630859375,3.3788347244262695,2.3132171630859375,2.4905669689178467,False,1bb191727cf865aa,925feb2ee2b214809398b5a83510b51d528a0e4680093b2f4eb1c95a12ee398b,3.3788347244262695,legacy_v8_exact,3.2466073036193848,2.8651676177978516,tg_voices_uk
3.383822202682495,3.5620739459991455,3.202615737915039,3.5393664836883545,3.546619176864624,3.48984694480896,3.4448795318603516,3.6614811420440674,3.8420608043670654,3.562448501586914,3.823441743850708,4.978666666666666,3.5094854831695557,3.3467295169830322,3.5094854831695557,3.6034300327301025,True,7afbfeda4a1943d5,ffc440576a811818f4578c752267786be5b3032ddd8a231318b71cc37ea521e6,3.8420608043670654,deepfilternet3_peakminus3_wet1,3.3966493606567383,3.579524278640747,tg_voices_uk
3.2499184608459473,3.1385557651519775,3.248697280883789,3.207146644592285,3.3710360527038574,3.372795581817627,3.347395896911621,3.488685369491577,3.5108327865600586,3.454695701599121,3.5228159427642822,2.8335,3.326416254043579,2.7067720890045166,3.326416254043579,3.854177236557007,True,5b3899af8f752319,1aa026fcdfef92eaf5da52d49a0f262b1c3cedffeff4e04a10bfc7215a9c67fa,3.854177236557007,original,3.2653937339782715,2.771793842315674,tg_voices_uk
3.2450170516967773,2.9632575511932373,2.9211697578430176,2.8491382598876953,3.4894959926605225,3.4298295974731445,3.402256488800049,3.2834632396698,3.074486017227173,3.43355393409729,3.054633617401123,7.3335,3.6035878658294678,2.841586112976074,3.6035878658294678,3.4325692653656006,True,6e233d493552ff0e,3156a43242535c163815e976a533a57f1adc767156bfdfb24e2e0f2e15d95431,3.6035878658294678,normalized_original,3.106945514678955,2.9213671684265137,tg_voices_uk
3.270005941390991,3.5608127117156982,3.2849879264831543,3.630262613296509,3.2667348384857178,3.297320604324341,3.3317501544952393,3.5199122428894043,3.71032452583313,3.309603214263916,3.768589735031128,3.5935,3.16434645652771,3.59194016456604,3.16434645652771,2.724118232727051,True,874ee0fbe04650eb,ff8e69cbcbc23e9364afc928870b238ef77d01be359e3aedd08c072c5a2c7c8e,3.768589735031128,deepfilternet3_wet1,3.363433599472046,3.6165523529052734,tg_voices_uk
2.570751190185547,2.7895052433013916,2.433241128921509,2.814110517501831,2.528477191925049,2.483123540878296,2.453545093536377,2.567422389984131,2.4824798107147217,2.377946376800537,2.4624946117401123,2.4146666666666667,2.643812656402588,2.500688076019287,2.643812656402588,2.694096803665161,False,a65b7736466b6639,1fe401364ac92ecb01b5c61bf8cc6842800673d0f30d22330b9a4cb151c522f5,2.814110517501831,clearervoice_sidon_wet1,2.794276237487793,2.810734987258911,tg_voices_uk
2.870112419128418,2.9036715030670166,2.9910988807678223,2.913790464401245,3.098825216293335,3.093143939971924,3.0631327629089355,2.994420051574707,2.9221107959747314,3.0542800426483154,2.8735458850860596,2.28,3.223005771636963,3.2228240966796875,3.223005771636963,1.7829842567443848,False,71c2601a98290420,a7b999414149d758d77ebbb8c090c7c76d2c5c0bcfb21699e8e8ea64a55897cb,3.223005771636963,normalized_original,2.6730990409851074,2.890559434890747,tg_voices_uk
3.4868907928466797,3.708209276199341,3.582693099975586,3.4609522819519043,2.9513800144195557,3.0099904537200928,3.1131398677825928,3.1798791885375977,3.175050973892212,3.066572904586792,3.180488109588623,8.0535,2.91841197013855,3.38309383392334,2.91841197013855,2.7728092670440674,True,ee1bcfca55685f89,22a224278550a7077de9fa1176be89b7cdf7e36fad23aada58e1b8a3f494846c,3.708209276199341,clearervoice_sidon_deepfilternet3_wet1,3.592437982559204,3.383216381072998,tg_voices_uk
3.0569467544555664,3.0469226837158203,3.0056204795837402,2.918994188308716,2.7363569736480713,2.7069549560546875,2.673100471496582,2.6623375415802,2.7460782527923584,2.729473114013672,2.7316253185272217,4.274666666666667,2.7434427738189697,3.0145225524902344,2.7434427738189697,2.795346975326538,False,688ca135f008a4bb,a4b61ace52510b643722f1aff7d9ff373045731fc3f1fec8cb110e5a2c941056,3.0569467544555664,clearervoice_sidon_deepfilternet3_wet0.5,2.985860586166382,2.915377140045166,tg_voices_uk
3.348004102706909,3.311289072036743,3.2196872234344482,3.5021727085113525,2.695343255996704,2.6908559799194336,2.5717074871063232,2.4171323776245117,2.4509191513061523,2.5831100940704346,2.431002616882324,7.982666666666667,2.679737091064453,3.194714069366455,2.679737091064453,2.254199743270874,True,3dce096c4a44842f,2dade6bec21c455582f7ab32ea9220425d019ac1f6ae1f978c06b6096032f146,3.5021727085113525,clearervoice_sidon_wet1,3.483607769012451,3.2903530597686768,tg_voices_uk
3.0941507816314697,3.332149028778076,3.22001314163208,2.985121726989746,2.683868408203125,2.7894437313079834,2.9815597534179688,2.8275442123413086,3.130241870880127,2.9204559326171875,3.1469240188598633,2.4335,3.0252442359924316,3.0285329818725586,3.0252442359924316,2.994628429412842,False,f6175f23c57e2bd0,8865aaa573058db0cac1f0b826a2da8e896889de5fe836d7f489c2c300964800,3.3730061054229736,sidon_wet0.5,3.3730061054229736,3.329720973968506,tg_voices_uk
3.1689229011535645,3.703134536743164,3.226123332977295,3.828277587890625,3.129992723464966,3.1744415760040283,3.2205069065093994,3.33943772315979,3.2631676197052,3.280799150466919,3.114657163619995,4.466833333333334,3.11055064201355,3.657647132873535,3.11055064201355,3.1722874641418457,True,fae330cef3ec5625,93668b3be1fe0fd9757bf903c3db0c652b2918c4b46f8f5acedf61494b8ab90e,3.828277587890625,clearervoice_sidon_wet1,3.2666842937469482,3.760101318359375,tg_voices_uk
3.6683473587036133,3.700507879257202,3.549630641937256,3.746197462081909,3.1747426986694336,3.170936107635498,3.185331344604492,3.178853750228882,3.2959916591644287,2.929154396057129,3.0928139686584473,2.6826666666666665,3.153090000152588,3.4102566242218018,3.153090000152588,3.550752878189087,True,68560aaf280b0585,48ac54843b0bc9065c038a52480361afef89ae3f2045633a34e09cecf8103435,3.8245928287506104,sidon_wet0.5,3.8245928287506104,3.805100202560425,tg_voices_uk
2.754014730453491,3.405768394470215,2.6626176834106445,3.292052745819092,2.5614335536956787,2.5720155239105225,2.580780506134033,2.4469802379608154,2.5795705318450928,2.492745876312256,2.609611749649048,2.5853333333333333,2.510378360748291,3.1287426948547363,2.510378360748291,2.3661298751831055,True,4558986978112bdc,81ce107e40a6cb1f536f411069cc19787faaa605a73421750aafca3e50c85634,3.5150411128997803,sidon_wet1,2.8745336532592773,3.5150411128997803,tg_voices_uk
2.744795560836792,2.9343318939208984,2.617722511291504,2.805616617202759,2.8000681400299072,2.845487117767334,2.9970598220825195,2.8094754219055176,2.996128797531128,2.7434401512145996,2.997920036315918,3.364,2.7378969192504883,2.924461841583252,2.7378969192504883,2.368664026260376,False,015ce2877dca09b6,6d38110c0967a907c3b1d48e0e8b2655f6a838dbaa692bbda0d049f0be8781b5,2.997920036315918,deepfilternet3_wet1,2.8967063426971436,2.743678092956543,tg_voices_uk
3.5196948051452637,3.515394926071167,3.4775474071502686,3.493905544281006,2.6256659030914307,2.8392112255096436,3.137354850769043,2.5019478797912598,2.94124174118042,2.7119147777557373,3.027402639389038,2.0535,2.7189953327178955,3.1147258281707764,2.7189953327178955,2.4855780601501465,True,0494a2a8da2ae831,2a953b222c6e64d51e90b777c8177b49ad2ea7a09c2b71bd8b4d617f21bcce8c,3.5196948051452637,clearervoice_sidon_deepfilternet3_wet0.5,3.246183156967163,3.2061450481414795,tg_voices_uk
2.8425846099853516,2.960742235183716,2.8052563667297363,2.8135933876037598,3.209252119064331,3.2959415912628174,3.2111523151397705,3.113290309906006,3.230736255645752,3.106093645095825,3.075732946395874,3.208,3.0941977500915527,3.1414401531219482,3.0941977500915527,2.783277988433838,False,1d1a2eb127fef6c1,0b966f69cf74a7d035d0ac8d8828816daa4bf231e04a293c82210f925b6f6f64,3.2959415912628174,clearervoice_wet0.75,2.931962490081787,3.110562324523926,tg_voices_uk
2.7838571071624756,3.033618927001953,2.7547314167022705,3.091730833053589,2.6003012657165527,2.635613203048706,2.6876308917999268,2.899010419845581,2.933462619781494,2.7307615280151367,2.9238669872283936,3.2135,2.5809895992279053,3.0006275177001953,2.5809895992279053,3.170111656188965,False,b1147de288dda47b,dced98ef1016801226ac3c602abe4e27004e3f245aedd862889fc977b60c6f8d,3.170111656188965,original,2.856593370437622,3.117962121963501,tg_voices_uk
3.3389177322387695,3.0395524501800537,3.3089816570281982,2.9735937118530273,3.0610218048095703,3.0245792865753174,2.973179340362549,3.037876605987549,3.143988609313965,3.041959762573242,3.1247966289520264,2.3135,3.132662534713745,3.1792595386505127,3.132662534713745,3.195937395095825,False,c5bc392fbdf84ad7,1302a3e1db9287b2baebd395144e7fbac7e9ac13b4ee7668668d14939296101b,3.3389177322387695,clearervoice_sidon_deepfilternet3_wet0.5,3.2683510780334473,3.1207900047302246,tg_voices_uk
3.4101150035858154,3.314828395843506,3.3525822162628174,3.3904309272766113,2.800199031829834,2.81890606880188,2.862993001937866,3.179093599319458,2.9625091552734375,2.9991259574890137,3.033175230026245,6.632,2.797187566757202,3.196427822113037,2.797187566757202,2.8039004802703857,False,91e27cdcc0bb2033,9749d5bed5a4f9d5597371c5a3d64cf348366cfb9f6314aa24b8ba27666a0af3,3.4101150035858154,clearervoice_sidon_deepfilternet3_wet0.5,3.338210344314575,3.344071626663208,tg_voices_uk
2.79170298576355,2.527006149291992,2.8832411766052246,2.6529970169067383,3.0245771408081055,3.011751890182495,2.9772045612335205,2.967200756072998,2.8768112659454346,3.0077595710754395,2.899505853652954,2.4186666666666667,3.037360668182373,2.8093461990356445,3.045642375946045,2.6857497692108154,False,ad387df59a236c45,550350cdaa7c2aa981f0f5733ba130a7d07331626b2c1324f8e901ab5523f4ca,3.045642375946045,normalized_original,2.8794543743133545,2.725351095199585,tg_voices_uk
3.3228962421417236,3.4423046112060547,3.1214845180511475,3.2528347969055176,3.2294678688049316,3.2395684719085693,3.2787930965423584,3.249688148498535,3.3597850799560547,3.228870153427124,3.354727268218994,2.6535,3.216999053955078,3.4122745990753174,3.216999053955078,3.589625358581543,True,69a34776de65ca8e,7f63664bfaaaa357cbca58e76d709c63ec2cc491f3949363cae7159089e8dc23,3.589625358581543,original,3.0901143550872803,3.2911996841430664,tg_voices_uk
3.4088878631591797,3.1361162662506104,3.042628049850464,3.1013600826263428,2.799201726913452,2.9279260635375977,3.2577860355377197,2.9511938095092773,3.3389298915863037,2.7384285926818848,2.923933982849121,2.8135,2.9739887714385986,3.0540175437927246,2.9739887714385986,2.739776849746704,True,34a7195683ba3c42,9e120785412522e23177b9387b7f5f973b7cbc96405bc9c32cfea3a92d1f96a6,3.537646532058716,sidon_wet1,3.261159658432007,3.537646532058716,tg_voices_uk
3.1292495727539062,3.1915762424468994,3.2928497791290283,3.3084704875946045,3.4177281856536865,3.377793788909912,3.333040714263916,3.3948237895965576,3.504316568374634,3.3620336055755615,3.586799144744873,2.1053333333333333,3.5099966526031494,2.857969045639038,3.5099966526031494,3.4128470420837402,True,b1b5312393f01c46,d11d36097aeaf315440c18a0799e39f8d4e9d7b6a375b957b02cce8b03b8be39,3.586799144744873,deepfilternet3_wet1,3.396559000015259,3.2120089530944824,tg_voices_uk
2.766613483428955,2.7481529712677,2.823962926864624,2.8931920528411865,2.501666784286499,2.5092523097991943,2.5190675258636475,2.8220808506011963,2.8384060859680176,2.639183759689331,2.9763920307159424,2.95525,2.496616840362549,2.5817716121673584,2.496616840362549,2.636232376098633,False,3d266a831e90d335,f215978076e6fde0d5466ed6a3ba861ea72dddca40ac24c092ed3b1c1f28fd4a,2.9763920307159424,deepfilternet3_wet1,2.744523286819458,2.965514898300171,ua_ser
3.3521196842193604,3.06230092048645,3.3430488109588623,3.199201822280884,3.103830337524414,3.1267967224121094,3.156846761703491,3.372138023376465,3.462024211883545,3.210552453994751,3.4340388774871826,2.803625,3.0470104217529297,3.197413921356201,3.0470104217529297,2.707334041595459,False,9f745e229d10784b,212a5f0020ef1620e15abc7816f806a0f429e212b5afa429f00bb3dda4acb526,3.462024211883545,deepfilternet3_peakminus3_wet1,3.3156442642211914,3.2997138500213623,ua_ser
2.125246524810791,2.654374837875366,2.255152463912964,2.6796212196350098,2.2918684482574463,2.518735885620117,2.9953649044036865,2.7037017345428467,3.101539373397827,2.287041187286377,3.1116011142730713,2.304,2.2202415466308594,2.4907612800598145,2.2202415466308594,2.2559919357299805,False,a78886575d348f74,5eb8bff2b135a5d34c492f4e4660bcf2084ab4f15960c86cdaa250f2ee74fac7,3.1116011142730713,deepfilternet3_wet1,2.243468999862671,2.6121435165405273,ua_ser
2.3634190559387207,3.0724198818206787,2.2013285160064697,2.914926290512085,2.020407199859619,2.06312894821167,2.2541732788085938,2.305227041244507,2.8423032760620117,2.1409218311309814,2.596219301223755,2.742,1.9429683685302734,2.8307931423187256,1.9429683685302734,1.8331539630889893,False,b4ee8d66216948ee,d89be539846744b7d339f0e30f8ba45aed352d18790440bedd9c06c217d37fa4,3.0724198818206787,clearervoice_sidon_deepfilternet3_wet1,1.986729383468628,2.4844024181365967,ua_ser
2.481748342514038,3.1499292850494385,2.409783363342285,2.98378586769104,2.8741941452026367,3.394174098968506,3.5891687870025635,3.1677112579345703,4.018710136413574,2.660703659057617,3.8408796787261963,2.3027083333333334,2.2304935455322266,2.941521167755127,2.2304935455322266,2.1830883026123047,True,18087c3a908cfea9,f5e84931fa5ef207c8acdaec9650b4e433baa84519c60c7c97bb20be022af7fe,4.018710136413574,deepfilternet3_peakminus3_wet1,2.2195444107055664,2.988126516342163,ua_ser
3.0342180728912354,3.068336248397827,2.972614049911499,3.0357251167297363,3.4539682865142822,3.452699899673462,3.4316840171813965,3.3667824268341064,3.369826555252075,3.3749451637268066,3.333188772201538,4.336833333333334,3.4219980239868164,2.878607749938965,3.4219980239868164,2.547844648361206,False,836387254fd4ca1a,d1ca9e3c01fe0be26c3291d3985a4413bc14aad76a5ad8f994e2b21a3983e33c,3.4539682865142822,clearervoice_wet0.5,2.857978343963623,2.948298215866089,ua_ser
3.0471959114074707,3.0844779014587402,3.045192003250122,3.070923328399658,2.6909306049346924,2.6724021434783936,2.7115280628204346,2.815131187438965,2.749512195587158,2.829782724380493,2.8346521854400635,2.548,2.7955515384674072,3.2567222118377686,2.7955515384674072,2.870454788208008,False,0593e655648ddfad,883350d766fcc4020fc7238c66af3c963d21f7fcccc94e47a08d4abebf87b86c,3.370684862136841,sidon_wet1,2.9379892349243164,3.370684862136841,ua_ser
2.8375766277313232,3.3520917892456055,2.952544927597046,3.390279531478882,2.8666043281555176,2.927147626876831,3.148515462875366,3.002533435821533,3.293757677078247,2.9400525093078613,3.2664358615875244,3.67875,3.013472557067871,3.0686757564544678,3.013472557067871,2.5410654544830322,False,ca4f931206a8a29c,7bc5e9b6e544a49dc235fe5962b122826e5f24cb63d48953812abda4d9e219b4,3.390279531478882,clearervoice_sidon_wet1,2.746225357055664,3.0318593978881836,ua_ser
2.6850273609161377,3.3390965461730957,2.571645736694336,3.3948981761932373,2.51664137840271,2.594839572906494,2.9450135231018066,2.603135585784912,2.879197597503662,2.4180397987365723,2.9301915168762207,3.20625,2.561866044998169,3.0684409141540527,2.561866044998169,2.171492576599121,False,a86527ce460d5853,4045aa4926332ff496a5c75c6f243f734f1c32168443ec64299843419f967745,3.3948981761932373,clearervoice_sidon_wet1,2.6508285999298096,3.2210967540740967,ua_ser
2.5564866065979004,3.076430320739746,2.5061404705047607,3.076176404953003,2.7157585620880127,2.7922472953796387,2.898472547531128,2.7247724533081055,3.131913661956787,2.5974364280700684,3.0696911811828613,3.3453333333333335,2.305320978164673,3.187269926071167,2.305320978164673,2.3620941638946533,False,d34fe67295b53ab3,61aaee6275a56b767f7c421e72c85c922d5c73010857e47421ca475bd31de4de,3.4193050861358643,sidon_wet1,2.764572858810425,3.4193050861358643,ua_ser
2.517841339111328,2.8165600299835205,2.5548181533813477,2.8450727462768555,2.384976625442505,2.3923442363739014,2.406280040740967,2.572996139526367,2.69309663772583,2.4622557163238525,2.699369430541992,2.28125,2.3895528316497803,2.885547637939453,2.3895528316497803,2.8204946517944336,False,6781c55f86ce67a0,0e3e54ed4be0d59ea3aaa6ed82d9bfc1f03b75b54b44bac924007323cc6c06d5,2.885547637939453,legacy_v8_exact,2.629972457885742,2.784555673599243,ua_ser
3.2374284267425537,2.9805045127868652,3.179387092590332,3.028825521469116,2.9779434204101562,3.0054821968078613,3.0468063354492188,3.058633327484131,3.2445855140686035,2.9855968952178955,3.1373796463012695,2.818,2.949226140975952,3.188525915145874,2.949226140975952,3.000243902206421,False,9abe21701d8300f2,72104856d7f6b3766551a268bb5d81fbb91eac1d0fb44092af4decc5e0d85872,3.2445855140686035,deepfilternet3_peakminus3_wet1,3.1245925426483154,3.169703245162964,ua_ser
2.890944480895996,3.3731677532196045,2.8918228149414062,3.191380500793457,2.827756643295288,2.8130898475646973,2.80804705619812,2.77588152885437,2.7533352375030518,2.7879347801208496,2.7644290924072266,2.59375,2.825206756591797,2.964711904525757,2.825206756591797,2.9105865955352783,False,5bdc248dbac9a5b6,f2f28736c9b48f817aaf1725be01d537b8e43b07d967b79a5e08fc638514f8b8,3.3731677532196045,clearervoice_sidon_deepfilternet3_wet1,2.836463212966919,3.2739696502685547,ua_ser
2.670053005218506,2.659687042236328,2.7918007373809814,2.6025562286376953,2.6900932788848877,2.8280820846557617,3.0999109745025635,2.6591670513153076,2.74507999420166,2.6207125186920166,2.7768921852111816,2.0248333333333335,2.511697769165039,2.5406458377838135,2.511697769165039,2.342902660369873,False,70a9b8589969bf9e,5f9c10293c8db674c8e20f273a41c57204bdcf5927537669282963d5a6dad965,3.0999109745025635,clearervoice_wet1,3.0827534198760986,2.6561903953552246,ua_ser
2.510282516479492,2.8794031143188477,2.4055428504943848,3.088275194168091,2.1568098068237305,2.1733734607696533,2.1823854446411133,2.2227303981781006,2.4116508960723877,2.1830031871795654,2.4716413021087646,3.072,2.138718605041504,2.673147439956665,2.138718605041504,1.8649044036865234,False,ef6f31ec38e2ba31,69c99ef30ed7bc534c3889b02702faefb5be0192fef0e9f6130b77cb3b147332,3.1013851165771484,sidon_wet1,2.582627058029175,3.1013851165771484,ua_ser
2.912088394165039,2.7717018127441406,2.759355068206787,2.4990856647491455,2.6175246238708496,2.656400680541992,2.692295551300049,3.02528977394104,3.1169486045837402,2.871490001678467,3.0840260982513428,2.51525,2.572118043899536,2.776634693145752,2.572118043899536,2.7343413829803467,False,58b5f26093b11b52,22f9b08081b7cf5b450dc2f17585b32893a8cf1c1c0b1c48f0f25667230745b3,3.1169486045837402,deepfilternet3_peakminus3_wet1,2.7040090560913086,2.6291985511779785,ua_ser
1.6382997035980225,2.462193012237549,1.9165022373199463,1.9963946342468262,2.5033981800079346,2.4960227012634277,2.499803066253662,2.320838212966919,2.4620440006256104,2.2572503089904785,2.4384407997131348,2.18,2.505479574203491,2.841341733932495,2.505479574203491,2.249216318130493,False,aac5ba3d4c7f0b02,5f26eca97171d29833ee5aa400590a1d08e67c7047a7a7be5db71995479c7fc6,2.841341733932495,legacy_v8_exact,1.839909553527832,2.0091075897216797,ua_ser
2.6144585609436035,3.38637375831604,2.4598891735076904,3.5210201740264893,2.567185401916504,3.0207717418670654,3.207552909851074,2.493370294570923,2.8051037788391113,2.4131131172180176,2.8198490142822266,4.0244583333333335,2.5455353260040283,3.3076043128967285,2.5455353260040283,2.8073008060455322,True,58eee0eb0e5d10fd,9d661e13f64b666d973abaaced7629807369d2d15adad579f332bc69dddb586b,3.5210201740264893,clearervoice_sidon_wet1,3.186685800552368,3.2786357402801514,ua_ser
3.3344717025756836,3.649561643600464,3.4018847942352295,3.6958539485931396,2.803847551345825,2.830486297607422,2.8510313034057617,2.9354841709136963,2.9487593173980713,2.8801190853118896,2.9583356380462646,3.1017083333333333,2.8119747638702393,3.2455992698669434,2.8119747638702393,3.287795066833496,True,3114b59a1dddc877,02c606e05e5f9942fcf7c7015c8b340f4b64a9ac7e1e9d382b085b2afcc24aff,3.6958539485931396,clearervoice_sidon_wet1,3.0686028003692627,3.5748085975646973,ua_ser
2.4967007637023926,2.938494920730591,2.4053337574005127,2.7318434715270996,2.2495639324188232,2.6753089427948,2.788680076599121,2.6317338943481445,2.819885492324829,2.148869037628174,2.8329296112060547,2.432,1.864689826965332,2.9737284183502197,1.864689826965332,2.186971664428711,False,d5dd48a9b47cae15,bc0842f6eb7ca173ed3fcb8f4017cf260d7cdf36fb4481d6646d02a16df3756f,2.9737284183502197,legacy_v8_exact,2.183725118637085,2.9058151245117188,ua_ser
2.5191397666931152,2.890255928039551,2.4375178813934326,2.613121509552002,2.2290008068084717,2.2052879333496094,2.256089687347412,2.2283358573913574,2.719815492630005,2.2214126586914062,2.2418181896209717,2.180625,2.2197494506835938,2.439922571182251,2.2197494506835938,2.2662200927734375,False,0782b89dc09f07ca,92d98a3ddbb89afe99e004b3dc535982c59e04e0507d11ed46261845b5f7f061,2.890255928039551,clearervoice_sidon_deepfilternet3_wet1,2.5848615169525146,2.699122667312622,ua_ser
2.167501449584961,2.596331834793091,2.5411815643310547,2.580005645751953,2.1143150329589844,2.1682517528533936,2.2287776470184326,2.4698219299316406,2.854434013366699,2.3555707931518555,2.7970798015594482,2.55425,2.110673189163208,2.774035930633545,2.110673189163208,2.3128600120544434,False,4fa0c8aa9fbd58a8,35f092f5a9cadfa43f4ec6595bdba1e92393ca5eb30c199aaf8993adb2cf09d6,2.854434013366699,deepfilternet3_peakminus3_wet1,2.456447124481201,2.696174383163452,ua_ser
2.5669209957122803,3.1482086181640625,2.6005144119262695,3.1306333541870117,2.533926248550415,2.6804816722869873,3.2980101108551025,2.8721859455108643,3.4528229236602783,2.594686508178711,3.364842176437378,2.432,2.5619845390319824,2.7356467247009277,2.5619845390319824,2.2070422172546387,False,7ca79417ff847026,8faf5d998c52232115f3c8e157b4e414871b537cb491b3faf70758a9194fe4c9,3.4528229236602783,deepfilternet3_peakminus3_wet1,2.286111831665039,3.1444499492645264,ua_ser
2.433133602142334,2.565776824951172,2.450085163116455,2.6367504596710205,2.782532215118408,2.773526668548584,2.881035566329956,2.764803647994995,2.752484083175659,2.7856862545013428,2.8906588554382324,2.514,2.7743353843688965,3.0042128562927246,2.7743353843688965,2.502542018890381,False,9b49305c687397b4,7795b8418e2cc9d9e131a70146517f892ecc4c21b3f4e8c938d7df2b543d9d52,3.0042128562927246,legacy_v8_exact,2.5077693462371826,2.5526983737945557,ua_ser
2.980036497116089,3.5009071826934814,3.1946041584014893,3.4954259395599365,2.619187355041504,2.5785739421844482,2.6193106174468994,2.6159088611602783,2.6100518703460693,2.5801970958709717,2.568113088607788,2.581875,2.659520149230957,3.4858953952789307,2.659520149230957,2.7986578941345215,True,c0ff44009f1d582b,dd0b9ae60858a976b414ce99fd735ddac5438795ea2ad88a107a069ff2c50e69,3.5009071826934814,clearervoice_sidon_deepfilternet3_wet1,3.1897451877593994,3.2489242553710938,ua_ser
2.7876739501953125,2.9459280967712402,2.9346020221710205,3.0463054180145264,2.436570882797241,2.43337082862854,2.4144108295440674,2.6520049571990967,2.9782509803771973,2.4303386211395264,3.0191495418548584,3.416875,2.4179439544677734,2.885986804962158,2.4179439544677734,2.3396477699279785,False,bd8ee5e7d31ae146,e349794690bc46fee4c1570e9f08fd7df6bc8eb6aaef32cbd18f4f4a140846ec,3.0756375789642334,sidon_wet1,2.8481147289276123,3.0756375789642334,ua_ser
1.9814212322235107,3.083693265914917,1.827172040939331,2.980074405670166,2.1942338943481445,2.2063820362091064,2.3344476222991943,2.1099696159362793,2.356534719467163,1.9189646244049072,2.3688106536865234,2.6319583333333334,1.8201446533203125,3.2651150226593018,1.8201446533203125,2.155818462371826,False,e4ea07bd6ff3d635,589140cf659edf993d98bc2be94bc49eb5615c4cfe72f52c2de408a0f3698cfc,3.2651150226593018,legacy_v8_exact,1.8595733642578125,3.204651117324829,ua_ser
3.050299882888794,3.086357831954956,3.0097129344940186,2.9716522693634033,2.4439568519592285,2.4853272438049316,2.508216619491577,2.446784257888794,2.5411314964294434,2.41037654876709,2.5413076877593994,2.153875,2.428520679473877,3.1162872314453125,2.428520679473877,2.3124184608459473,False,8bc611ba615a4311,c78d1e90332a34d227178660fdb10c819543028630137b1160ac6d8dcef2cbfd,3.1162872314453125,legacy_v8_exact,2.8063135147094727,2.855011224746704,ua_ser
3.1840810775756836,3.1556735038757324,3.216651439666748,3.0968520641326904,2.8371775150299072,2.8444151878356934,2.847963333129883,2.8448750972747803,2.8993659019470215,2.8411998748779297,2.8843491077423096,2.3625,2.8167965412139893,3.14990234375,2.8167965412139893,2.5775887966156006,False,e333b6260ad8a588,2923ff666fcc6188198e183fa11c4a5efbedb714d576eb8424ec2c7b4efb35e3,3.216651439666748,clearervoice_sidon_wet0.5,3.196011543273926,2.9817426204681396,ua_ser
2.6519417762756348,3.298203945159912,2.704482316970825,3.3069565296173096,3.5092599391937256,3.5762200355529785,4.155170440673828,3.3948488235473633,3.6015405654907227,3.3522984981536865,3.542830467224121,2.8015,3.179034948348999,3.604408025741577,3.179034948348999,3.009380340576172,True,7d10601c621333fb,3d3dae49087fc48bd76abfe4f7fa6dd2f792226e7ebcf5b3e52813cff1d5b000,4.155170440673828,clearervoice_wet1,3.0148208141326904,3.3752400875091553,ua_ser
1.7946791648864746,2.101386308670044,1.6382126808166504,1.90144944190979,2.2352092266082764,2.432114362716675,3.1088593006134033,1.722104549407959,2.7306809425354004,1.8317193984985352,2.844639539718628,2.548125,2.097292900085449,2.1453258991241455,2.097292900085449,1.5982997417449951,False,43d91fefabe96223,e6b1bed2808f1eafcb6140bbbd3d1fac451674857d1365152a4a830ab8261ee6,3.1088593006134033,clearervoice_wet1,1.8732032775878906,2.1640591621398926,ua_ser
3.466474771499634,3.2489562034606934,3.329641580581665,2.811023473739624,2.359840154647827,2.360468626022339,2.4807968139648438,2.5379669666290283,2.8521015644073486,2.37353515625,2.8090264797210693,2.33525,2.504420757293701,2.902458667755127,2.504420757293701,2.7777698040008545,False,b22923f08cac12d4,da1f97839506aa19b6b755de17e5f954a1c8b78326db4bf58e2dbc26efcb0e81,3.466474771499634,clearervoice_sidon_deepfilternet3_wet0.5,2.880599021911621,2.6572232246398926,ua_ser
2.6277050971984863,2.6028199195861816,2.67427659034729,2.5736169815063477,1.6048643589019775,1.625312328338623,1.6929194927215576,1.60274338722229,1.7537100315093994,1.5796823501586914,1.753406047821045,2.271333333333333,1.505711317062378,3.206923723220825,1.5067071914672852,1.7845263481140137,False,5b6269d4fed7ccdd,f55aa371eff36adbd33553a76bd73cd8665cada67ab9fcc2961fa80fecdd85ce,3.206923723220825,legacy_v8_exact,2.6299121379852295,2.6195836067199707,ua_ser
3.08161997795105,2.967087984085083,3.104337453842163,2.9959917068481445,2.6582953929901123,2.624704360961914,2.7214441299438477,2.557478189468384,2.759948492050171,2.445734739303589,2.734713554382324,2.311875,2.511436939239502,3.0069727897644043,2.511436939239502,2.5141358375549316,False,a70ab834f6ce953d,65794045c35a141f8450e4799ce9e8f5268f00eaf67b31e6e9231e7ec9120b61,3.104337453842163,clearervoice_sidon_wet0.5,2.9707889556884766,2.9665298461914062,ua_ser
2.535623073577881,2.7989039421081543,2.585726499557495,2.7460036277770996,3.0452027320861816,3.0463831424713135,3.043992280960083,3.0875754356384277,3.137824296951294,3.065054416656494,3.1527462005615234,3.00375,3.047250986099243,3.2749075889587402,3.047250986099243,3.282970905303955,False,541577e82eaed72c,b7308b4f48fec69041469806fb5fcf29f9c95e30fe1bbfbc60128a8bf9158ee0,3.282970905303955,original,2.529212713241577,2.742342710494995,ua_ser
3.2237186431884766,3.0194435119628906,3.281735897064209,3.058018207550049,2.9937987327575684,3.1179709434509277,3.1705472469329834,2.9136996269226074,2.9745330810546875,2.8749890327453613,2.97029185295105,4.471875,2.7845139503479004,3.2547008991241455,2.7845139503479004,2.8891735076904297,False,d39f374b06904f0f,33d624bce601f497e4065500666997bdc5304e325db6e86cbfb0e1f740e33819,3.281735897064209,clearervoice_sidon_wet0.5,2.9486279487609863,3.140392303466797,ua_ser
2.902500867843628,3.500889778137207,2.988826274871826,3.412813901901245,3.2851033210754395,3.371525287628174,3.776824474334717,3.1653034687042236,3.1196744441986084,3.1799373626708984,3.1707119941711426,2.343958333333333,3.221036911010742,3.215606451034546,3.221036911010742,2.963970899581909,True,19ffee07e35a6234,ceae6bb470d3ac2223433bd22b51c971ef2d014a05d7af859ca7759c27455d69,3.776824474334717,clearervoice_wet1,3.0994279384613037,3.324666976928711,ua_ser
2.6486051082611084,2.6704349517822266,2.6670045852661133,2.9694979190826416,2.5196707248687744,2.5386295318603516,2.537031650543213,2.5711376667022705,2.5360801219940186,2.586798906326294,2.535548210144043,2.6632083333333334,2.4936740398406982,3.023838758468628,2.4936740398406982,2.175722122192383,False,3ec62c9173577600,ffbae7bfe3debf479a90263169c2dd5d31f6bdc116007892c96f666b1254c542,3.023838758468628,legacy_v8_exact,2.2920286655426025,2.9433000087738037,ua_ser
2.7348885536193848,2.1045587062835693,2.8418967723846436,2.2137866020202637,2.5352630615234375,2.753718852996826,2.569323778152466,3.0159389972686768,2.622410774230957,3.0109572410583496,3.0785491466522217,2.316125,2.7661330699920654,1.8672022819519043,2.7661330699920654,3.0077555179595947,False,757812da0cf15f8e,fbd54a55bb3dad5a51b7da5bcb1f47562c8b5eb552be050a82a101f80bc5a144,3.0785491466522217,deepfilternet3_wet1,2.617450714111328,2.6297800540924072,ua_ser
2.4356653690338135,2.7584848403930664,2.3537728786468506,2.881889820098877,2.279177188873291,2.327324867248535,2.7645070552825928,2.360809087753296,3.194237232208252,2.323207139968872,2.722419500350952,2.433333333333333,2.0807337760925293,2.764854907989502,2.0807337760925293,2.1581242084503174,False,04c4c7dc06b94da8,ada57fa37b2013f7e296dbccc952188e4751153136d8bedd6855c14c637b8f8d,3.194237232208252,deepfilternet3_peakminus3_wet1,1.9509947299957275,2.7482447624206543,ua_ser
2.276209831237793,2.792051315307617,2.2575888633728027,2.1068084239959717,2.4686813354492188,2.395181179046631,2.2957239151000977,2.415616512298584,2.0523624420166016,2.4504218101501465,2.054564952850342,2.3,2.351613998413086,2.23624849319458,2.351613998413086,2.3058993816375732,False,e801b3f088696656,d81d11f313f2c1b9bbfa40c3bd47cb41e6dbf904b1b9285b1fdb7f000d1c7879,2.792051315307617,clearervoice_sidon_deepfilternet3_wet1,2.2878997325897217,1.9714336395263672,ua_ser
2.1151981353759766,2.862966299057007,2.1754212379455566,2.910099744796753,1.8340888023376465,2.1895666122436523,2.423214912414551,2.3995766639709473,2.819467544555664,2.083017349243164,2.822411060333252,2.784375,1.7069792747497559,2.9319772720336914,1.7069792747497559,1.780491590499878,False,15b2d2eaa7874652,f387a20141f8d972bc19950697aecb92673e3915647144eb8e60b761c0057179,2.9319772720336914,legacy_v8_exact,2.0612733364105225,2.7713937759399414,ua_ser
2.538067102432251,2.536205530166626,2.5268795490264893,2.661557197570801,2.400578260421753,2.398951292037964,2.391606569290161,2.5636937618255615,2.7257144451141357,2.4310569763183594,2.4929583072662354,2.176,2.4029598236083984,2.930823564529419,2.4029598236083984,2.2963690757751465,False,695662ccff496a1d,df1fab82d37de68a027a3af43c82c26efaf01158905b413ac0ae0e4748b14136,2.930823564529419,legacy_v8_exact,2.638328790664673,2.6373960971832275,ua_ser
2.607175588607788,2.8171133995056152,2.5976085662841797,2.632680892944336,2.8377630710601807,2.9778499603271484,3.161459445953369,2.725172519683838,2.6067593097686768,2.495109796524048,2.7019577026367188,2.148625,2.679598808288574,2.8667707443237305,2.679598808288574,2.280879497528076,False,b906c61e2ad5a262,15e13cb04fb7b244197f41b77875739ef6edd96d8eb1b313dccef49fe10cc6c5,3.161459445953369,clearervoice_wet1,2.523297071456909,2.474170207977295,ua_ser
2.6204123497009277,3.350499391555786,2.6554973125457764,3.3063721656799316,2.545353651046753,2.520296096801758,2.5111429691314697,2.818793296813965,3.109718084335327,2.6107146739959717,2.980701446533203,4.251333333333333,2.5368034839630127,3.4566445350646973,2.5368034839630127,2.8955867290496826,False,0ef7f42f655f2a11,1aac655f746588e71cea98dfd186d02cc5f7c03be7201551aacfc2744bb0119a,3.4566445350646973,legacy_v8_exact,2.674376964569092,3.3172521591186523,ua_ser
3.0555763244628906,2.6930835247039795,3.0603716373443604,2.963134527206421,2.7927074432373047,2.8456737995147705,2.8611156940460205,2.8617656230926514,2.948538064956665,2.7751948833465576,2.96024751663208,3.0973333333333333,2.7102928161621094,2.8281564712524414,2.7102928161621094,2.8978142738342285,False,00d2f52a40fc6586,0d989ec3c3879713c1b627c082c66d4d7ff813062cfde5e6da4d3371ca65291f,3.2023942470550537,sidon_wet0.5,3.2023942470550537,3.0667576789855957,ua_ser
2.9783928394317627,3.2005534172058105,2.932810068130493,3.121072769165039,2.888484001159668,3.352435350418091,3.340395212173462,3.195652484893799,3.3981211185455322,2.894528865814209,3.407965898513794,2.581875,2.8981456756591797,3.099377155303955,2.8981456756591797,2.9504947662353516,False,568dab3a2129f2cf,84e5765e179321571cc3f048a36e21a343e97e0a9ce08fc7c7d74e1e1772aa44,3.407965898513794,deepfilternet3_wet1,3.174213409423828,2.509413957595825,ua_ser
2.8146586418151855,3.025832414627075,2.9763307571411133,2.6727466583251953,2.405825138092041,2.39392352104187,2.3691647052764893,3.2050533294677734,3.7662885189056396,2.8090391159057617,3.596522331237793,2.162125,2.4210102558135986,2.874708890914917,2.4210102558135986,2.9836535453796387,True,2d9cbb4700b84c4a,7c8911fbbc355ddfa7d79f2a55e4fe4e2447d22e6f0ffdc93f181a0f6553e322,3.7662885189056396,deepfilternet3_peakminus3_wet1,3.0393049716949463,3.0450332164764404,ua_ser
2.760709524154663,3.1751723289489746,2.8493149280548096,3.0837669372558594,2.751361131668091,2.9694528579711914,3.2992687225341797,2.948596715927124,3.043877601623535,2.591538667678833,2.9227652549743652,2.325083333333333,2.4458260536193848,3.1471261978149414,2.4458260536193848,2.5158064365386963,False,93864d5cb7bd8791,2892c23bf4e56640b8ef2fbdca0510814fe1433a3c8deb64d1f01ff52a94eceb,3.2992687225341797,clearervoice_wet1,2.756373643875122,3.2488033771514893,ua_ser
1.9520280361175537,1.7946522235870361,2.149986743927002,2.350034475326538,2.226715326309204,2.29134202003479,2.557987689971924,2.183220863342285,2.0334994792938232,2.214630603790283,1.9098327159881592,2.4538333333333333,2.2387778759002686,2.0497007369995117,2.2387778759002686,1.8355803489685059,False,7f35bf53f2cbccc0,2dff60d6fe0110db799a35646a889dcafb5fb03140fedd0765cd427f4ad24f77,2.557987689971924,clearervoice_wet1,2.0968689918518066,2.2100167274475098,ua_ser
2.124147891998291,3.1091248989105225,1.9387564659118652,2.9152028560638428,1.7745141983032227,2.1347298622131348,3.20983624458313,1.9096250534057617,3.2875847816467285,1.7941889762878418,3.368576765060425,2.210625,1.4664804935455322,2.8836493492126465,1.4664804935455322,1.2662022113800049,False,2b5a0a4398f05eb9,5abaac2fd4f21a251b79e0f2368e3261c074c96b11c09ee12dde4ba79942b1c8,3.368576765060425,deepfilternet3_wet1,1.9399967193603516,2.8532071113586426,ua_ser
2.0872251987457275,2.897590160369873,2.2154202461242676,2.808211088180542,1.5560085773468018,1.8315551280975342,2.3679380416870117,1.8160061836242676,2.145612955093384,1.6256704330444336,2.5406599044799805,2.3190833333333334,1.6220035552978516,2.886038064956665,1.6220035552978516,2.2067790031433105,False,6c5a196b3a1dcb26,accf413498317545ec482a4c9d606096252e0afe5f6d171cd34af74ea29a1880,3.0523500442504883,sidon_wet1,2.4266695976257324,3.0523500442504883,ua_ser
2.7285540103912354,3.6996161937713623,2.6089131832122803,3.834609031677246,2.3639421463012695,2.507408618927002,2.8909647464752197,2.022394895553589,2.4698572158813477,2.176762104034424,2.3332760334014893,2.6518333333333333,2.3849575519561768,3.590550422668457,2.3849575519561768,2.3240103721618652,True,f7753b7ddb38c36d,8d3374bc829387083800e05ff117867b2bf132f97cd6c96b0b6f66a3278c6a5d,3.834609031677246,clearervoice_sidon_wet1,2.6476714611053467,3.232940435409546,ua_ser
2.5660364627838135,2.8770573139190674,2.4932851791381836,2.8582406044006348,2.3807148933410645,2.963414430618286,3.1141111850738525,2.6101059913635254,3.2167136669158936,2.470294952392578,3.1704583168029785,2.185208333333333,1.9236133098602295,3.220252752304077,1.9236133098602295,1.9527747631072998,False,a602cf7755b3964f,cc1b387c93f1ebfc566c7a11936382176016fe53c00cd3ee8741661a4f367f99,3.220252752304077,legacy_v8_exact,2.4954187870025635,2.9048407077789307,ua_ser
3.6181936264038086,3.555680274963379,3.371232271194458,3.0588760375976562,3.225851535797119,3.2214136123657227,3.210127115249634,3.2488462924957275,3.3525197505950928,3.2702698707580566,3.441693067550659,2.7855,3.2430737018585205,3.1554601192474365,3.2430737018585205,2.8040568828582764,True,47dc0a795c5ad36f,b2d6b63e50b233909ffd742b314abbb5cb3d06e01cc81cb2a21463f42d60c58f,3.6181936264038086,clearervoice_sidon_deepfilternet3_wet0.5,3.411327838897705,2.9868297576904297,ua_ser
2.5745861530303955,2.888528347015381,2.6097800731658936,2.8424742221832275,2.7777864933013916,2.775914430618286,2.781799793243408,2.779942750930786,2.780560255050659,2.7755746841430664,2.7820374965667725,3.27375,2.7744064331054688,3.0168986320495605,2.7744064331054688,2.770357131958008,False,74e1ee12f1f05863,9b80fb3bc9eb7c80274f8294a5a323462dc84dc8a90a13c7de1e22bb8fd3f2c2,3.0168986320495605,legacy_v8_exact,2.584291934967041,2.9304423332214355,ua_ser
2.3950700759887695,3.9131970405578613,2.3894500732421875,3.8000528812408447,2.5824224948883057,2.613380193710327,2.645465135574341,2.7028491497039795,3.258358955383301,2.580984354019165,3.1160600185394287,3.4662083333333333,2.4782071113586426,3.856565237045288,2.4782071113586426,2.548581123352051,True,e57fa4bf7f28ac8d,041fbcbc9d617f79f27f0ac1f650e55bd6c5020976f8ec96ae0641bc2bcd36b1,3.9131970405578613,clearervoice_sidon_deepfilternet3_wet1,2.294780731201172,3.7566850185394287,ua_ser
1.5978586673736572,3.7358038425445557,1.523228645324707,2.65427565574646,1.3560316562652588,1.4193084239959717,1.683915138244629,1.3786704540252686,1.8889985084533691,1.3008918762207031,2.068406343460083,2.03,1.305112600326538,3.04695987701416,1.305112600326538,1.5638742446899414,True,ff3f4fed8815497a,5119e9c29ca3c6321a5dfc742132a8895bb9cb8f06ab545f5721451354acd94a,3.7358038425445557,clearervoice_sidon_deepfilternet3_wet1,1.8592572212219238,2.507777690887451,ua_ser
2.386583089828491,2.4483745098114014,2.3756909370422363,2.326693296432495,2.8776514530181885,2.8772363662719727,2.8616113662719727,3.0393168926239014,3.0934295654296875,2.992908239364624,3.0982604026794434,2.378458333333333,2.912372589111328,2.562318801879883,2.912372589111328,2.7627344131469727,False,1f4aff1ea7c9e835,80c8e808900ec2fff7d2508b8371be677d0efab9b4359051fc204be5a1591820,3.0982604026794434,deepfilternet3_wet1,2.341639995574951,2.3930740356445312,ua_ser
2.536987066268921,2.993800163269043,2.5415282249450684,3.0258374214172363,2.8269267082214355,2.764596939086914,2.9666450023651123,2.72501802444458,2.3192758560180664,2.7390244007110596,2.6740334033966064,3.0407083333333333,2.7853775024414062,3.2907283306121826,2.7853775024414062,2.6008145809173584,False,53c06bfa319664c0,f01d989e9a3d1639c17f644b502e7bada9c8041753821fe8df7a93e564a699f4,3.2907283306121826,legacy_v8_exact,2.793285608291626,2.756453037261963,ua_ser
2.6543304920196533,2.9655275344848633,2.3666584491729736,2.815187931060791,2.144953489303589,2.168349266052246,2.197601318359375,2.511923313140869,2.8561949729919434,2.4076507091522217,2.8315927982330322,2.531,2.108717918395996,3.0010790824890137,2.108717918395996,2.0509493350982666,False,57872d6abf3e8e0a,db0ce8feb8345b84b69fb20266e10203bacdc0c15e34c5a7206f9b8cb9d4beb2,3.0010790824890137,legacy_v8_exact,2.4712886810302734,2.860006332397461,ua_ser
2.3454418182373047,1.96000337600708,2.9829676151275635,1.8404920101165771,2.439284563064575,2.56101655960083,2.571505308151245,2.266247510910034,1.9273624420166016,2.258498430252075,1.9734549522399902,2.2492083333333333,2.25588321685791,1.8977742195129395,2.25588321685791,2.0719244480133057,False,32aaf7503b6cd3df,28f332a81ba47c1fae158d9fca6ec03eeca7679aeecc864a465721b57c1dacc6,2.9829676151275635,clearervoice_sidon_wet0.5,2.1164815425872803,2.148090362548828,ua_ser
2.149527072906494,2.776110887527466,2.137801170349121,2.454862356185913,1.7229833602905273,1.8146953582763672,2.128995180130005,2.0683577060699463,2.391700506210327,1.670567274093628,2.496962547302246,2.097,1.5244126319885254,2.809046745300293,1.5244126319885254,1.7940869331359863,False,8a11f9741aa8e2f1,946e6e6d2dda6c51b4a47af9af488a63ab1cd19ba8c68f667c5757319125c4f7,2.809046745300293,legacy_v8_exact,2.1155459880828857,2.514702558517456,ua_ser
2.586153030395508,3.236056089401245,2.664520502090454,3.122144937515259,2.3081626892089844,2.280210018157959,2.310824394226074,2.7190768718719482,2.907813310623169,2.466671943664551,2.876014471054077,2.2,2.0289368629455566,3.096252679824829,2.0289368629455566,2.257660388946533,False,fa3f4e9b373fa1f7,df4f6354bc5c1aab515de4c24341be1664b376ae4929c38c4e8322bb4aa7dda0,3.262873649597168,sidon_wet1,2.5480098724365234,3.262873649597168,ua_ser
2.7927021980285645,3.1592137813568115,2.6702945232391357,3.2548270225524902,2.6860036849975586,2.694096326828003,2.7002201080322266,2.6830804347991943,2.741325616836548,2.671431303024292,2.7295053005218506,2.432,2.6714117527008057,2.905679225921631,2.6714117527008057,2.5458312034606934,False,28420ad22b688e99,970274b777a8fc806e59c57d9ccf41f98718ea768ecb2685ce003e29ca1b455a,3.2548270225524902,clearervoice_sidon_wet1,2.6549017429351807,3.1719560623168945,ua_ser
1.9888715744018555,2.298464059829712,1.958277940750122,2.338991641998291,2.4637670516967773,2.2645280361175537,2.6234025955200195,2.4447968006134033,2.6222031116485596,2.199934482574463,2.563903570175171,2.037625,2.216507911682129,2.9106476306915283,2.216507911682129,2.08146595954895,False,729cc5141afe01f8,453b79c7103956fae9f1028af40a9dbbe381c821f5b9279fc3ba9a69c5f3566c,2.9106476306915283,legacy_v8_exact,1.7126760482788086,2.6701698303222656,ua_ser
2.735060453414917,2.7940618991851807,2.638986110687256,2.8396506309509277,2.411916971206665,2.666069746017456,2.567200183868408,2.2695095539093018,2.0585861206054688,2.1995255947113037,2.262824773788452,2.749125,2.1130218505859375,2.873499870300293,2.1130218505859375,2.1000757217407227,False,6d16d28a433f5eed,01a92272303bd6842208054d594bdf3e1ae23f6de387ad7f92910deb5e704397,2.873499870300293,legacy_v8_exact,2.8155977725982666,2.636068820953369,ua_ser
2.9752135276794434,3.0311293601989746,2.9735355377197266,3.0571115016937256,2.7680535316467285,2.7404227256774902,2.9150807857513428,2.8006389141082764,3.1777169704437256,2.8101775646209717,3.234740734100342,2.176,2.7812044620513916,2.9262754917144775,2.7812044620513916,2.6023201942443848,False,01ffd913ca35a85a,c026195fd5ae2110e0b2bacc37783b150f57926f9df5eeeb1ac8ead52312ef21,3.253875494003296,sidon_wet1,2.589245557785034,3.253875494003296,ua_ser
1.9879183769226074,2.6737027168273926,1.9666807651519775,2.576763391494751,2.2673938274383545,2.6445584297180176,3.343395948410034,2.3889636993408203,3.162053108215332,2.2505486011505127,3.205878496170044,3.2,1.9719798564910889,2.931457042694092,1.9719798564910889,1.914985179901123,False,01acdc595005cacc,e902e58f7e3743a3bee82d1569122abb18ca209a880acd7d19a5b48ed5b6da82,3.343395948410034,clearervoice_wet1,2.0413780212402344,2.7472963333129883,ua_ser
1.6531474590301514,2.4750843048095703,1.8652215003967285,2.615118980407715,2.102368116378784,2.6888628005981445,3.4407906532287598,2.6059679985046387,3.604501724243164,2.037886142730713,3.5541226863861084,2.377,1.8577861785888672,2.8325154781341553,1.8577861785888672,1.4804584980010986,True,c3d00b149ec47080,042f19055d6654b49093c7ea2817b3c73349da9e821ebb80c620b7862b8b8c4b,3.604501724243164,deepfilternet3_peakminus3_wet1,1.7606780529022217,2.8547744750976562,ua_ser
1.7898452281951904,3.008784055709839,1.8183367252349854,2.931293249130249,2.574965000152588,2.8683297634124756,3.136464834213257,2.5186071395874023,3.2667384147644043,2.1235594749450684,3.2287023067474365,2.432,2.0739219188690186,2.8116445541381836,2.0739219188690186,1.9640512466430664,False,edf503cc844ba0d3,2b7be97a1d1ca02608f4f02d1c22f56e9c85cb0832674a6b2d253b2c0de4fbe5,3.2667384147644043,deepfilternet3_peakminus3_wet1,1.779210090637207,2.7790024280548096,ua_ser
2.1961071491241455,2.736737012863159,2.339566230773926,2.6581430435180664,2.403592109680176,2.4957058429718018,2.6464481353759766,2.305194854736328,2.48390793800354,2.3584067821502686,2.6356282234191895,2.6489583333333333,2.2921535968780518,2.767190456390381,2.2921535968780518,2.3041725158691406,False,87d83788cc6a7e28,8fe7d9f3e84abcd05af3b055275181008864b19251e5c0385d927de6be72225f,2.8029472827911377,sidon_wet1,2.313690662384033,2.8029472827911377,ua_ser
1.7921762466430664,3.0359928607940674,1.786055326461792,3.0516958236694336,2.3738465309143066,2.6339712142944336,3.217940330505371,2.5910818576812744,3.217072010040283,2.3721535205841064,3.188593626022339,2.56,1.9296526908874512,2.687736988067627,1.9296526908874512,1.5808045864105225,False,509bccd5148742ca,45066da3f9e84fc49cdb0b1f4688c7aa5806c83f9895f857dabb4c7c06f0d9d1,3.217940330505371,clearervoice_wet1,1.7587559223175049,2.4739010334014893,ua_ser
3.0449209213256836,3.0301387310028076,3.111149549484253,2.8921396732330322,2.952544927597046,2.953383207321167,2.958479881286621,2.9390969276428223,3.0389561653137207,2.9101521968841553,3.0585522651672363,4.9275,2.9596495628356934,2.922358512878418,2.9596495628356934,2.6835975646972656,False,2b49bc0c5d89e67a,0fd3d7653542b11143dfbae4e6e47a81db345f095e3d93fc1ed49bc986356198,3.3405556678771973,sidon_wet0.5,3.3405556678771973,3.0762650966644287,ua_ser
3.1290993690490723,3.570868968963623,3.148888111114502,3.5269689559936523,3.1049275398254395,3.100412130355835,3.087515354156494,3.018167734146118,2.9766407012939453,3.043280601501465,2.960280656814575,2.548,3.073270797729492,3.2721402645111084,3.073270797729492,3.0840039253234863,True,a6213b90c70f0ff3,c5f52edb231b763a22072c078f1056eaf689bb273d6c68c8062aa549dfa0aa2a,3.570868968963623,clearervoice_sidon_deepfilternet3_wet1,3.093600034713745,3.368175506591797,ua_ser
2.7946255207061768,3.079713821411133,2.7809290885925293,2.989630937576294,2.3048341274261475,2.3725945949554443,2.373718500137329,2.4572932720184326,2.5263144969940186,2.4084644317626953,2.545391321182251,3.07125,2.2304904460906982,3.002127170562744,2.2304904460906982,2.3885085582733154,False,1331cdba582b5a20,d470983fb33408d0a230fb3ea97603eff13604cc13322c9979942913a02f00e0,3.079713821411133,clearervoice_sidon_deepfilternet3_wet1,3.02268123626709,2.970888614654541,ua_ser
2.2817957401275635,2.162752389907837,2.2436254024505615,2.0200977325439453,1.8710606098175049,1.8686532974243164,1.8535568714141846,2.2732763290405273,2.394242525100708,1.896383285522461,2.21223783493042,2.0,1.8799798488616943,2.9879310131073,1.8799798488616943,2.1034481525421143,False,9359e4f30d603a21,76f2aff5b6d5a51de4b88ea3ac3c1c8206dad055fc05bf7d6051f7ac4b8f4889,2.9879310131073,legacy_v8_exact,2.3370964527130127,2.431493043899536,ua_ser
2.1824052333831787,3.8126776218414307,2.240669012069702,3.7654471397399902,2.484988212585449,2.2590444087982178,3.9734911918640137,2.21083402633667,3.37750506401062,2.3758161067962646,3.4506676197052,2.986875,2.137099266052246,3.5436596870422363,2.137099266052246,1.8935494422912598,True,679966d55e8e6024,f57484828be45bc40370ac95dc513fd608a152242692d5171f9b5650f5cf0747,3.9734911918640137,clearervoice_wet1,1.924119472503662,3.4979591369628906,ua_ser
2.7291624546051025,3.6471705436706543,2.724579334259033,3.6594629287719727,3.12264084815979,3.2952373027801514,3.468270778656006,3.125964403152466,3.445166826248169,3.1817948818206787,3.3893606662750244,3.2335833333333333,3.0576279163360596,3.4097814559936523,3.0576279163360596,2.6732168197631836,True,966bcf69ce24929e,c52836f5eaf838d828bfc127542ce172a60a4baa24c938812f052becfbfc4074,3.6594629287719727,clearervoice_sidon_wet1,2.649179458618164,3.3859822750091553,ua_ser
2.777005434036255,3.4473414421081543,2.7987160682678223,3.484970808029175,2.4349048137664795,2.4351046085357666,2.816450357437134,2.4740219116210938,2.5066072940826416,2.305567979812622,2.6051628589630127,2.81975,1.8901393413543701,3.2665085792541504,1.8901393413543701,2.1506965160369873,False,157355cf2bf9948d,ce100d4e77fd8ac63970a87ad2a9f46ccca9703d51aa8486eb73b92811e4b3b5,3.484970808029175,clearervoice_sidon_wet1,2.6940793991088867,3.434600591659546,ua_ser
3.3590095043182373,3.2675583362579346,3.370004415512085,3.1495816707611084,2.799441337585449,2.8408045768737793,2.8841583728790283,2.9049746990203857,2.9614367485046387,2.823269844055176,2.9476842880249023,2.716875,2.760338068008423,2.9651355743408203,2.760338068008423,2.6443064212799072,False,05376696eff3f338,ec46225bb019fef574372bc8896f6756ac0c198d5e11855c67e0193d77ea51f8,3.370004415512085,clearervoice_sidon_wet0.5,3.351142168045044,3.1391825675964355,ua_ser
2.9643542766571045,3.401399850845337,2.913137674331665,3.179877281188965,2.711544990539551,3.033686876296997,3.2730484008789062,2.9147441387176514,3.1445343494415283,2.7723207473754883,3.1490252017974854,2.0925,2.7161970138549805,3.514291524887085,2.7161970138549805,2.813760995864868,True,a9c3ed1fe6845469,46952693635af642d2366dd078672b15ebb209034dbb819cf8055f4ba9edc1cb,3.514291524887085,legacy_v8_exact,2.857703924179077,3.1976516246795654,ua_ser
1.8765690326690674,2.7697200775146484,1.9470016956329346,2.4440460205078125,2.5010950565338135,2.728825330734253,3.1388208866119385,2.899200439453125,3.400739908218384,2.54940128326416,3.667062759399414,2.59025,2.6768898963928223,2.584049701690674,2.6768898963928223,2.4008331298828125,True,b529b739bf077d08,0626109382bf43853ead5db4e87e4ac6294c13c0c63308d296b41b45dd074fd5,3.667062759399414,deepfilternet3_wet1,1.870863437652588,2.5950303077697754,ua_ser
2.4135565757751465,2.8739395141601562,2.428925037384033,2.7994158267974854,2.376889705657959,2.5197792053222656,3.010578155517578,2.295128345489502,3.1627142429351807,2.14266300201416,2.4007718563079834,2.26125,2.455772876739502,3.052029848098755,2.455772876739502,1.9749078750610352,False,d68511dc1fc2bdcb,170025c07b3e2e12dcea2dfe716f43e90405dd3e994222af3277b6090e4c7e73,3.1627142429351807,deepfilternet3_peakminus3_wet1,2.4476470947265625,2.7873446941375732,ua_ser
2.7888643741607666,3.179811477661133,2.815502166748047,3.2142515182495117,2.803020477294922,3.3049957752227783,3.2685017585754395,3.284322738647461,3.5182363986968994,2.909672260284424,3.511204481124878,2.716875,2.369381904602051,3.001452922821045,2.369381904602051,2.1148438453674316,True,69310569deb34f07,f9db18e86cd2b177091bd0faac5647739bb37001b550f19c71c12ee9b5f850c9,3.5182363986968994,deepfilternet3_peakminus3_wet1,3.0028460025787354,3.1527462005615234,ua_ser
1.845069408416748,3.118549108505249,1.8175535202026367,2.754248857498169,1.7503020763397217,2.053891658782959,2.3723089694976807,2.1426777839660645,2.8086795806884766,1.9276671409606934,2.7847142219543457,2.688,1.3837854862213135,2.6888229846954346,1.3837854862213135,1.4356911182403564,False,852b72f0266145ba,b2b7d598b4f7d6e98d1dca4cc2487ccabaffe1aad6e0007228c86bcfbc5aeb7b,3.138490915298462,sidon_wet1,1.622835636138916,3.138490915298462,ua_ser
3.0658392906188965,3.119795560836792,2.981177568435669,3.268181562423706,2.3620479106903076,2.6551594734191895,2.6088151931762695,2.7893569469451904,3.0501906871795654,2.6947131156921387,3.18072247505188,3.8,2.1589818000793457,2.940032720565796,2.1589818000793457,2.155794858932495,False,60a290aaf923919a,f8614fb1851c07fcc0a34be8331dc77696afee53e08506959f79050bca11c1f7,3.268181562423706,clearervoice_sidon_wet1,3.1088085174560547,3.001560688018799,ua_ser
2.8731958866119385,3.194866895675659,2.871630907058716,3.27738356590271,3.078396797180176,3.355123996734619,3.3393361568450928,3.3000998497009277,3.368631601333618,2.8757407665252686,3.1987178325653076,3.54375,2.2862982749938965,3.2670912742614746,2.2862982749938965,2.4086554050445557,False,b5d1f05c0444e84e,8ff3b5afd3571ce3f941ae4ed12a2de789a695416f15cca5bb6388d9a40bf944,3.368631601333618,deepfilternet3_peakminus3_wet1,2.5813870429992676,3.2870306968688965,ua_ser
1.8676469326019287,2.9835526943206787,1.8545832633972168,2.9896140098571777,1.8815577030181885,1.906787633895874,1.9246816635131836,2.301002264022827,2.988971471786499,2.187723398208618,2.927415132522583,2.3685,1.8589792251586914,3.0058834552764893,1.8589792251586914,2.3695790767669678,False,2a4bc72c4adcaf1f,a68841fe91ba6f711b62762220c6a21bb0b9da9a6ef43b93f55dd528c6777f55,3.0058834552764893,legacy_v8_exact,1.995319128036499,2.9890575408935547,ua_ser
2.7958295345306396,2.889531373977661,2.8959157466888428,2.8562066555023193,3.1610267162323,3.156978130340576,3.103361129760742,3.199077844619751,3.1729729175567627,3.1818602085113525,3.1779727935791016,2.048,3.08435320854187,2.9725966453552246,3.08435320854187,3.0873804092407227,False,6a0b75596ff7a4da,490c2dd7f124ea016c53f34c7fc2a86c3cf3ad22bea76633dd19e8c903e91190,3.2117388248443604,sidon_wet1,3.055711507797241,3.2117388248443604,ua_ser
1.8252460956573486,2.1629717350006104,2.030871868133545,2.408928155899048,1.744328498840332,1.7460744380950928,1.9307913780212402,1.724996566772461,2.318657636642456,1.7369377613067627,2.3613991737365723,3.763,1.8707053661346436,1.975440263748169,1.8707053661346436,2.1283297538757324,False,686bb112f920104c,90d7be16207b67e4495839e7316edd901d951fb86199fa626d5002294d908d98,2.454665422439575,sidon_wet1,1.7191052436828613,2.454665422439575,ua_ser
1.7902376651763916,2.649430513381958,1.6923298835754395,2.1943604946136475,1.5054163932800293,1.7897953987121582,2.2585928440093994,1.1619617938995361,1.390364408493042,1.209693431854248,1.3706657886505127,2.1974583333333335,1.5996992588043213,2.5914807319641113,1.5996992588043213,1.2020809650421143,False,babb3ecc4f6decd1,93777e34791761c21b9f23eb0ba14d335d4c8dcf23af558d4e44d54c5b270083,2.649430513381958,clearervoice_sidon_deepfilternet3_wet1,1.7062153816223145,1.5880317687988281,ua_ser
2.690608501434326,3.312302589416504,2.803678274154663,3.3152973651885986,2.888603925704956,2.9529292583465576,3.0337777137756348,2.902548313140869,2.9833614826202393,2.866464853286743,2.9277682304382324,3.498875,2.762573003768921,3.1615443229675293,2.762573003768921,2.4729361534118652,False,95066237ea583bc3,b5e7785c70cb545fabf1b5b798385b6da6f358e054965c18f01c081131d23377,3.3152973651885986,clearervoice_sidon_wet1,2.4745607376098633,2.9247167110443115,ua_ser
2.771533489227295,3.125128746032715,2.698408603668213,3.0875391960144043,3.185840129852295,3.267116069793701,3.3211066722869873,3.2149264812469482,3.656343936920166,3.1229231357574463,3.611517906188965,2.77625,2.8082025051116943,2.849616765975952,2.8082025051116943,2.1980648040771484,True,0c528ab86210ee04,384257c0461912ba6bf354d4bb9619041232aad00ebdab96753d51fe4317b87c,3.656343936920166,deepfilternet3_peakminus3_wet1,3.0628466606140137,3.0963075160980225,ua_ser
2.188197612762451,2.9987850189208984,2.1789631843566895,2.8626551628112793,2.0333168506622314,2.286731004714966,3.075897455215454,1.743675947189331,1.9070584774017334,1.7962987422943115,1.936889886856079,2.3550833333333334,1.6447293758392334,3.0771796703338623,1.6447293758392334,1.798335075378418,False,caea7fd720cfc08e,ce66ef1f49676cc6b6a43228481b2d867300150654f56d744e93ea4e14cfe116,3.0771796703338623,legacy_v8_exact,1.9450502395629883,2.4531710147857666,ua_ser
2.9503772258758545,2.9945359230041504,2.9870874881744385,2.9779083728790283,2.879033327102661,2.871358871459961,2.859900951385498,2.690920114517212,2.6204962730407715,2.7886056900024414,2.636802911758423,2.176,2.8915462493896484,2.921548843383789,2.8915462493896484,2.401740074157715,False,d02b08892d93f141,f6e68288ea10c8ed0320074e3fd188c17d959f834e098da67bf803b4c4e23062,3.0144479274749756,sidon_wet0.5,3.0144479274749756,2.9661519527435303,ua_ser
2.4863359928131104,2.7483389377593994,2.421815872192383,2.752718448638916,2.6130149364471436,2.7091562747955322,3.4356205463409424,2.670074701309204,3.0475010871887207,2.7607173919677734,2.9967873096466064,2.048,2.462172031402588,2.8211419582366943,2.462172031402588,2.1142144203186035,False,993fa09da2be2867,e140aaf1898316212151bbde028ec5defe0ae26fc0adb3e7e594b18f5c5ed528,3.4356205463409424,clearervoice_wet1,2.0556800365448,2.3675992488861084,ua_ser
2.7586848735809326,2.365029811859131,2.7717342376708984,2.3620200157165527,2.6774420738220215,2.6967499256134033,2.7170796394348145,2.594909906387329,2.578678607940674,2.6019911766052246,2.507291793823242,2.3625,2.620973587036133,2.4983088970184326,2.620973587036133,2.501115560531616,False,79c7278ac03ee9f0,357e331c33ac9e1788db7b6b08fdf6b9c75a34628d52065daf82fa5a14c6663c,2.8260393142700195,sidon_wet0.5,2.8260393142700195,2.2967166900634766,ua_ser
2.658156156539917,3.0648984909057617,2.799983024597168,2.9388864040374756,2.4058663845062256,2.4493918418884277,2.435687303543091,2.467738389968872,2.4318158626556396,2.4646360874176025,2.4075088500976562,2.5295,2.405627727508545,2.981969118118286,2.405627727508545,2.775954008102417,False,5b18ec06d2865d22,00ba9b788254f2e35ac90628c44fc7e60dba72fc98eebc394167af48cfbec20c,3.0648984909057617,clearervoice_sidon_deepfilternet3_wet1,2.3630082607269287,2.7430522441864014,ua_ser
3.0890872478485107,3.4222373962402344,3.0418992042541504,3.3951609134674072,2.985079288482666,2.9870433807373047,2.9870502948760986,3.0939674377441406,3.1823153495788574,3.0104057788848877,3.138374090194702,2.919375,2.9786159992218018,3.2101998329162598,2.9786159992218018,2.6620657444000244,False,7b37a173fad7b143,b254faf82871975651331db9cbdfd689139463819c5706a6e190ac991462990f,3.4222373962402344,clearervoice_sidon_deepfilternet3_wet1,2.6622326374053955,3.1451773643493652,ua_ser
2.3974685668945312,3.0850346088409424,2.2787585258483887,3.0467469692230225,2.1712214946746826,2.2252399921417236,2.4591848850250244,2.5320687294006348,2.4396774768829346,2.4121322631835938,2.310422420501709,2.27,2.157846450805664,2.99819016456604,2.157846450805664,2.1401476860046387,False,a73071d89696b39a,d20880978ed218a9f00800c2cd3474abf06b5d4c34f8871074daf058a7dc8651,3.216578722000122,sidon_wet1,2.4745981693267822,3.216578722000122,ukr_dialects
3.4769625663757324,3.446812152862549,3.29099440574646,3.4412946701049805,3.4507641792297363,3.46293306350708,3.4494893550872803,3.2765352725982666,3.119961977005005,3.372893810272217,3.1604726314544678,10.176,3.4271018505096436,3.634596109390259,3.438014030456543,3.420788049697876,True,0d903a219416e592,79e1be5880e5534cb62d3066edadf2fc63a8c4b61b531842801a677ad91ac329,3.634596109390259,legacy_v8_exact,3.2592363357543945,3.3916666507720947,ukr_dialects
2.1740314960479736,3.697197914123535,2.262038230895996,3.586365222930908,2.562574863433838,2.5862958431243896,2.5786585807800293,2.854283571243286,3.016982078552246,2.740311622619629,3.0308077335357666,6.41,2.511453866958618,3.122948169708252,2.5091443061828613,2.5544517040252686,True,a237faa0e9bc87dd,969228411f1edcc68d9fbf7faa8ac3506eaf1754fa71f7f402a8e106c0014fb9,3.697197914123535,clearervoice_sidon_deepfilternet3_wet1,2.37276029586792,3.5544378757476807,ukr_dialects
3.1598055362701416,3.282201051712036,3.0789237022399902,3.00687837600708,3.153860330581665,3.164954900741577,3.1835453510284424,3.225903034210205,3.301504373550415,3.1757631301879883,3.235898971557617,15.616,3.1286346912384033,3.250324010848999,3.1334376335144043,3.1336615085601807,False,54eeef47799137c1,28695f8b45d1d79a3a0500ce6734a32999291e0d1d7ebf7ebe8d87e4314bb757,3.301504373550415,deepfilternet3_peakminus3_wet1,3.020752191543579,3.0056726932525635,ukr_dialects
3.099367141723633,2.9732918739318848,3.039503574371338,2.630070686340332,2.867701530456543,2.8992726802825928,2.9169631004333496,3.0933339595794678,3.3265841007232666,2.9773025512695312,3.3471317291259766,4.224,2.8129489421844482,3.347597599029541,2.8142030239105225,2.742824077606201,False,9bab0aa3a629938d,6de3ce7e1f578c4078fc0337f69b704ed437897f09fc931cc40758fbf6162c2c,3.347597599029541,legacy_v8_exact,3.0173072814941406,2.372692584991455,ukr_dialects
2.908778667449951,2.899322271347046,2.7652246952056885,2.6178081035614014,2.7169649600982666,2.7069549560546875,2.687384605407715,2.9315524101257324,2.8544249534606934,3.0171074867248535,2.8433120250701904,5.883666666666667,2.7127249240875244,2.919232130050659,2.7127249240875244,2.758347988128662,False,41159136ebf7f7a3,005e12340b8272a971185235287c0010bb624c56c3f08fabc43b29449e4a4af3,3.0171074867248535,deepfilternet3_wet0.5,2.7806341648101807,2.5755112171173096,ukr_dialects
2.632720470428467,2.6553473472595215,2.6286699771881104,2.496673107147217,2.884674549102783,2.8620924949645996,2.8956711292266846,2.8598320484161377,2.956221342086792,2.8673439025878906,2.9526331424713135,2.36,2.9220211505889893,2.3004257678985596,2.9220211505889893,2.8820228576660156,False,8e7ec197983fb8d3,c142f3fbca27ae269f80c10b21f282a2a6bdceb64c6659da358eba145d337af6,2.956221342086792,deepfilternet3_peakminus3_wet1,2.6675820350646973,2.3805978298187256,ukr_dialects
2.9664416313171387,3.1269993782043457,3.0275893211364746,2.9891436100006104,2.8673105239868164,2.8788816928863525,2.8820507526397705,2.7437937259674072,2.7613298892974854,2.7855944633483887,2.7798430919647217,5.056,2.8578052520751953,2.8569531440734863,2.8675591945648193,3.006397008895874,False,7b15981516e06ca9,79081d309fd3f83b94b4c696d4ca4e7f2d226a31c570226a909c85232688974f,3.1269993782043457,clearervoice_sidon_deepfilternet3_wet1,2.9317636489868164,3.1229939460754395,ukr_dialects
2.5118627548217773,2.6115777492523193,2.5265309810638428,2.194032907485962,2.6658968925476074,2.757432699203491,2.761479616165161,2.607668161392212,2.9724442958831787,2.567960023880005,3.0780344009399414,4.6,2.462057113647461,2.7060487270355225,2.462057113647461,2.4294557571411133,False,ecccb25e97188c6c,9b4ff37ddf17076ec5de14f96370e8efcfc6ed08217596e3f9553618b8c496f7,3.0780344009399414,deepfilternet3_wet1,2.7794735431671143,2.8253722190856934,ukr_dialects
2.5605833530426025,3.7106964588165283,2.4770219326019287,3.7311935424804688,2.3803062438964844,2.358161687850952,3.5239920616149902,2.6615962982177734,3.3057751655578613,2.1293187141418457,3.2841060161590576,6.78,2.1277236938476562,3.927171468734741,2.1277236938476562,2.19244122505188,True,2f668652e951fd93,817eaaa41720e8455d9cd208df81b3f39193bac0fe0768b6b07f316a551b54a7,3.927171468734741,legacy_v8_exact,2.584242343902588,3.7470526695251465,ukr_dialects
3.2536633014678955,3.390899896621704,3.2850892543792725,3.187883138656616,2.329493522644043,2.3292839527130127,2.328399419784546,2.0132765769958496,2.0253121852874756,2.2212650775909424,2.115145683288574,2.4466666666666668,2.3315837383270264,3.24192476272583,2.3315837383270264,2.1923930644989014,False,86fbe1ea16af07cd,ccb76bf4523a9e202f0e0ee181304187ead3c6005997d72542e5a339becff462,3.390899896621704,clearervoice_sidon_deepfilternet3_wet1,3.235447406768799,3.0518245697021484,ukr_dialects
2.6296005249023438,3.6469388008117676,2.6601829528808594,3.7411673069000244,2.8179543018341064,3.0218992233276367,3.192681074142456,3.200481653213501,4.00292444229126,2.874114513397217,3.5678439140319824,15.92,2.6088459491729736,3.8235645294189453,2.6088459491729736,2.0664539337158203,True,242bb56bb37571ba,4ebf0997612729a30d06ad34ca1d9d722bd3ea53108b3b31b69ab0372def92bf,4.00292444229126,deepfilternet3_peakminus3_wet1,2.602182388305664,3.8137636184692383,ukr_dialects
3.4301743507385254,3.1274702548980713,3.152423620223999,3.1377859115600586,3.380303382873535,3.379218816757202,3.371079683303833,3.557074546813965,3.696288824081421,3.5050196647644043,3.633108377456665,7.808,3.390998363494873,3.20638370513916,3.4037983417510986,3.222242832183838,True,e50d0d4b1c00b856,77c4fb97f039417c99d7c3d22c78b393d263a6fb5afaa6f300108dd4a86565d8,3.696288824081421,deepfilternet3_peakminus3_wet1,3.2108383178710938,3.0546224117279053,ukr_dialects
2.267019033432007,3.503666639328003,2.3666629791259766,3.588239908218384,2.2221291065216064,2.18847393989563,2.609683036804199,2.1788084506988525,3.1613869667053223,2.2020466327667236,3.148554801940918,12.12,2.0028879642486572,3.6136045455932617,2.0028879642486572,1.8197720050811768,True,4acb82bc34643fb8,c6d92f2cd31bbc9b63bc10a8a7446bca95de05401c763402b963d7805773d01c,3.8228061199188232,sidon_wet1,2.4756317138671875,3.8228061199188232,ukr_dialects
2.4613938331604004,2.6512205600738525,2.2167911529541016,2.6636745929718018,2.6180953979492188,2.7386996746063232,2.64690899848938,2.641374349594116,3.0110549926757812,2.547628164291382,3.1105031967163086,4.11,2.572967767715454,3.0922462940216064,2.567204475402832,2.542288303375244,False,840ba85823240964,0dc2335b3ea7479672cbed367ad2adcf3b072088a7ef42f9fd979879778fc2bd,3.1105031967163086,deepfilternet3_wet1,2.7029898166656494,2.827991485595703,ukr_dialects
3.3822617530822754,3.6951839923858643,3.3379204273223877,3.4602766036987305,2.9865121841430664,3.026503801345825,3.3679800033569336,3.154820203781128,3.443106174468994,3.030487537384033,3.418898344039917,9.36,2.857339382171631,3.3336410522460938,2.857339382171631,2.586073637008667,True,c9d0a1f87abc187b,3c2381c9c5d95654ce1192bedf5051a75473d3773f36a2eef45981c3ba15afd1,3.6951839923858643,clearervoice_sidon_deepfilternet3_wet1,3.588087558746338,3.286254644393921,ukr_dialects
2.9621849060058594,3.0601322650909424,2.9126691818237305,2.9505960941314697,2.8214962482452393,3.078108310699463,2.824380874633789,3.058856964111328,3.012465000152588,2.904949903488159,3.0452897548675537,2.1,2.6973323822021484,3.256129026412964,2.6973323822021484,2.821763753890991,False,6a64ff4852a96de3,b48852f1f2cbde5b99f7722b2924bcbab077b965d1686e8c32249eac0d00c76c,3.256129026412964,legacy_v8_exact,3.0207223892211914,3.0185444355010986,ukr_dialects
3.290393114089966,3.2662971019744873,3.1547858715057373,3.208930492401123,3.5625078678131104,3.558507204055786,3.5593202114105225,3.3844213485717773,3.2940027713775635,3.48190975189209,3.3393239974975586,19.968,3.536149024963379,3.251006603240967,3.5405189990997314,3.321573495864868,True,558e902c5d7d46f3,66a51951ea897e0ed7bfdbb9c5914617326f8a1fdbee9a3eaa2b54f1f09bec40,3.5625078678131104,clearervoice_wet0.5,3.112612247467041,3.2204346656799316,ukr_dialects
3.024465799331665,3.0264036655426025,3.036383867263794,3.2151315212249756,3.199395179748535,3.3434863090515137,3.4402999877929688,3.192188024520874,3.2231688499450684,3.207270860671997,3.1996707916259766,2.92,3.1096742153167725,2.8805317878723145,3.1096742153167725,3.0609281063079834,False,41e58a4191de07bd,e5b800d6dab0fcfb6c8fe8db8c09620072f7b3618fba4435e07c1a401a45db71,3.4402999877929688,clearervoice_wet1,3.1019582748413086,3.021078586578369,ukr_dialects
2.8117194175720215,3.665127992630005,2.8100550174713135,3.2587883472442627,2.1812071800231934,2.234484910964966,2.292834997177124,2.7261040210723877,2.8951163291931152,2.4330554008483887,2.9347939491271973,7.6,2.0830438137054443,3.1723153591156006,2.0830438137054443,2.089001417160034,True,7f3e8a5402a396c8,d08eb4bcc42cbf930a2036fcaa9cdc066cc19fbeef422a538c297e40c969b8fe,3.665127992630005,clearervoice_sidon_deepfilternet3_wet1,2.8286356925964355,3.3204076290130615,ukr_dialects
3.5714757442474365,3.161792755126953,3.390822649002075,3.1252102851867676,2.785583019256592,2.674084424972534,2.570643901824951,3.0366618633270264,3.209977388381958,2.961595058441162,3.24438738822937,5.2,2.7333850860595703,3.097653388977051,2.7333850860595703,2.7685201168060303,True,314b92c52c435e0b,e71f96746b8fba274fddac2610b15827bd7ee57a21fbcdb080df67e0991f4a75,3.622821807861328,sidon_wet1,3.38775634765625,3.622821807861328,ukr_dialects
3.3861770629882812,2.929086208343506,3.382554054260254,2.7621467113494873,3.135165214538574,3.1285924911499023,3.130842447280884,3.1492409706115723,3.171358346939087,3.1715521812438965,3.2069077491760254,7.296,3.1575939655303955,2.9854576587677,3.1610779762268066,2.8445892333984375,False,29d771f7f65c7f6d,7d05f8079ff63470c743a76164faa932e3e170717f408d85777a793764276584,3.3861770629882812,clearervoice_sidon_deepfilternet3_wet0.5,3.3576724529266357,2.6537926197052,ukr_dialects
1.5599398612976074,2.904974937438965,1.5442402362823486,2.8977088928222656,1.761841058731079,2.096724033355713,3.0681960582733154,1.9436347484588623,3.1566264629364014,1.6404497623443604,3.034414291381836,6.66,1.5353915691375732,3.371891498565674,1.5353915691375732,1.546004295349121,False,f372269ffe3275c2,7421c98ff1f1a082768c520dbd530009d7a14d94a81cadb4e125b5945117f1de,3.371891498565674,legacy_v8_exact,1.6039578914642334,3.1291580200195312,ukr_dialects
3.302170991897583,3.4768528938293457,3.230513095855713,3.3111257553100586,3.4415078163146973,3.4029552936553955,3.3526804447174072,3.388542890548706,3.2251267433166504,3.3857030868530273,3.206357002258301,9.088,3.4469685554504395,3.30537748336792,3.4448564052581787,3.318617105484009,False,0e63f6ac4d9ba2b0,9ce91cb356fd9123eb19413f4ca00bd89e3327c15322f70bd4bcd8537374d3aa,3.4768528938293457,clearervoice_sidon_deepfilternet3_wet1,3.26808500289917,3.337219715118408,ukr_dialects
2.9689407348632812,3.721857786178589,2.8977890014648438,3.3506979942321777,2.486610174179077,2.6919734477996826,3.0510666370391846,2.6713855266571045,2.890636444091797,2.432239532470703,2.970672607421875,7.35,2.3803489208221436,3.3941338062286377,2.3803489208221436,2.1662988662719727,True,3e2faddd06d54425,d24216a68d782f66116bb6fcfbffd2d7ccdc9208a9e30e3315a460356b8909b8,3.721857786178589,clearervoice_sidon_deepfilternet3_wet1,2.8738839626312256,3.1523244380950928,ukr_dialects
3.3644299507141113,3.7457125186920166,3.300489664077759,3.6154019832611084,2.844435453414917,3.0653076171875,3.263669490814209,3.0578832626342773,3.5404915809631348,3.013277769088745,3.419187307357788,19.8,2.7907094955444336,3.6019973754882812,2.7907094955444336,2.753934144973755,True,702561049f1f39e2,ce9ec12b3a898d4d06be94ad9b0d894077a543da0006972f8f8fa31c9c7968e5,3.7457125186920166,clearervoice_sidon_deepfilternet3_wet1,3.3810629844665527,3.588510513305664,ukr_dialects
3.741652011871338,3.7730374336242676,3.9227023124694824,3.8212804794311523,3.4901232719421387,3.5046193599700928,3.517686128616333,3.3342418670654297,3.8842523097991943,3.550199031829834,4.026464462280273,3.31,3.485694408416748,3.879366159439087,3.485694408416748,3.530318021774292,True,e4864d2df79bd445,6813c4d7cbbab232cd8b95c69f50f6388db26fd7564d50a8705fc49d38265741,4.026464462280273,deepfilternet3_wet1,3.8375887870788574,3.871527910232544,ukr_dialects
2.0322678089141846,2.248039722442627,1.9478065967559814,2.3238539695739746,2.5386412143707275,2.456594944000244,2.48465895652771,2.201401472091675,2.825467824935913,2.3116140365600586,2.8192012310028076,3.78,2.6131057739257812,2.587118625640869,2.6212949752807617,2.3054192066192627,False,9a53543d89606468,313956a2579956e8407360f56aca3df086ca46fc88a6e1afdbb84e1e9c551780,2.825467824935913,deepfilternet3_peakminus3_wet1,2.1439476013183594,2.357105255126953,ukr_dialects
3.7339131832122803,3.7186248302459717,3.7749335765838623,3.701063871383667,3.24477219581604,3.250936508178711,3.2581946849823,3.577151298522949,3.701660394668579,3.3715696334838867,3.8953042030334473,10.82,3.230518102645874,3.5455832481384277,3.230518102645874,3.2659993171691895,True,97c99077b7b8cd1f,67acff139eaeedb70d32475f7bd60ff8a25e8bc72e7cc2b4047b031454088e15,3.8953042030334473,deepfilternet3_wet1,3.809734344482422,3.66812801361084,ukr_dialects
3.1347784996032715,2.8379828929901123,2.8309483528137207,2.713200092315674,2.638465642929077,2.6244566440582275,2.549940586090088,2.516716957092285,2.9317777156829834,2.5067148208618164,2.7663166522979736,2.32,2.648869037628174,3.335214614868164,2.648869037628174,2.8158960342407227,False,9a08bccb686a9cfc,b8742478aa6c082e374f4ee3ae4a728d91a39efa23859a749e3e1c9c3e153d07,3.335214614868164,legacy_v8_exact,2.5606460571289062,2.5759670734405518,ukr_dialects
3.404844045639038,3.4679675102233887,3.410959243774414,3.4937922954559326,3.061678647994995,3.077289342880249,3.083770513534546,2.918586015701294,3.320517063140869,2.8797457218170166,2.8025996685028076,7.069,2.993882894515991,3.331312417984009,2.993882894515991,2.762646436691284,False,4347bf5310942834,df835194f3c16ca330e2f11c8d26cbd76e8c4fea4c9a91e513319fbf30c12061,3.4937922954559326,clearervoice_sidon_wet1,3.1735012531280518,3.3621249198913574,ukr_dialects
2.903308391571045,2.756467342376709,2.8977363109588623,2.8366739749908447,2.8265764713287354,2.839245080947876,2.8577537536621094,2.8537628650665283,2.843188524246216,2.8652050495147705,2.889822244644165,4.16,2.800907611846924,2.378990650177002,2.800907611846924,3.0456130504608154,False,f8bdfd7bd77fa1ce,73b8f31ed490401d6e6f0b2a0f9afe28cc3ea198e8e42f871735177b057ddcab,3.0456130504608154,original,2.8718292713165283,2.8392493724823,ukr_dialects
3.2397072315216064,3.501262903213501,3.2160043716430664,3.509908437728882,2.238649845123291,2.2810580730438232,2.4055635929107666,2.6706385612487793,3.5508768558502197,2.5274276733398438,3.339071035385132,4.53,2.442812919616699,3.595306873321533,2.442812919616699,2.3378124237060547,True,822f0bcd4cb98b92,d20f65d2023964d0825c24f874bab971da6623a9ed5ca7d55f725e694e1f2391,3.595306873321533,legacy_v8_exact,3.179826498031616,3.4673757553100586,ukr_dialects
3.3932650089263916,3.390566110610962,3.449129819869995,3.5806472301483154,3.0941834449768066,3.1090688705444336,3.1687376499176025,3.42325758934021,3.66707181930542,3.409787893295288,3.589890241622925,11.58,3.0655975341796875,3.3877782821655273,3.0655975341796875,2.975879430770874,True,296ccfb816eeed83,319db1dda89fa7a9404edd47b7c7130f620e5c113a88ca8ce6eb7c2290496694,3.66707181930542,deepfilternet3_peakminus3_wet1,3.317713975906372,3.4541025161743164,ukr_dialects
2.177579402923584,2.9409866333007812,2.402909994125366,2.906026601791382,2.296900749206543,2.2898972034454346,2.362792491912842,2.377324342727661,2.7797787189483643,2.2080769538879395,2.7899303436279297,8.0,2.1933069229125977,3.009791135787964,2.1933069229125977,2.3462467193603516,False,dadb51e263de4b43,08b5657929ed2c80b543a9cfe7920f1d7273bd57b30ab3ce831beb8ecf923876,3.009791135787964,legacy_v8_exact,2.320234537124634,2.657088041305542,ukr_dialects
2.5798373222351074,3.2037153244018555,2.495401382446289,3.235509157180786,2.616713762283325,2.6503634452819824,2.7055649757385254,2.526505947113037,2.6339545249938965,2.787900686264038,2.6727664470672607,2.94,2.569463014602661,3.1731255054473877,2.569463014602661,2.4153807163238525,False,c264aef7ef14b160,67066167790b15aebbcd87a8daac2f00af19b4257216a8ee42919fa0b1b08915,3.306530475616455,sidon_wet1,2.3746347427368164,3.306530475616455,ukr_dialects
3.314464807510376,3.2780818939208984,3.3712997436523438,3.342188596725464,3.807048797607422,3.8448734283447266,3.880195140838623,3.7501184940338135,3.729017496109009,3.7361223697662354,3.7363059520721436,8.825333333333333,3.712256669998169,3.2000648975372314,3.7009642124176025,3.3301682472229004,True,ed75e77294c340d0,376268ebf8e1a8839151248decf9e1dc813cd7ecbc7ce75d8b56b49f4bf5050c,3.880195140838623,clearervoice_wet1,3.405207395553589,3.3198904991149902,ukr_dialects
2.9186480045318604,2.6765007972717285,2.7226333618164062,2.478069543838501,2.867356061935425,2.8730835914611816,2.874166250228882,2.9172651767730713,2.959306478500366,2.866654396057129,2.933748483657837,2.624,2.850471019744873,2.8010308742523193,2.850471019744873,2.7895960807800293,False,bfe785bdf79df31a,9cdf2ac5a3015df76b93830e2b465d19931b6a1d7587980dea04d6d99e865f77,2.959306478500366,deepfilternet3_peakminus3_wet1,2.6773619651794434,2.39492130279541,ukr_dialects
2.570542335510254,2.142890214920044,2.4571876525878906,2.440561294555664,2.5846362113952637,2.5247528553009033,2.4905433654785156,2.588191509246826,2.433476448059082,2.695626974105835,2.4944663047790527,2.24,2.717391014099121,2.376325845718384,2.712906837463379,2.793475866317749,False,e1e1d5db68276240,3cf6b2f72acf766902ff2b85c5266fda7319e41091b589d2426db7887702715c,2.793475866317749,original,2.57190203666687,2.3692727088928223,ukr_dialects
2.839871883392334,2.862509250640869,2.863776445388794,2.941960096359253,2.563066244125366,2.562506675720215,2.5836100578308105,2.454432725906372,2.479306221008301,2.467679738998413,2.5107014179229736,7.36,2.5171403884887695,2.898942470550537,2.5094852447509766,2.8009824752807617,False,6bb7fe1dda248aff,9563ede4ddf7fad571aa9fb6342cc660d89d7b303b4261ffb8ca3dadd74f5ffc,2.9827187061309814,sidon_wet1,2.92634916305542,2.9827187061309814,ukr_dialects
2.7397656440734863,2.8259687423706055,3.044691562652588,2.6774444580078125,2.464946985244751,2.626262903213501,2.577125310897827,2.4215810298919678,2.6977620124816895,2.4097142219543457,2.588420867919922,6.54,2.387037515640259,3.0560202598571777,2.387037515640259,2.1150400638580322,False,5652df24fa209a85,21ed189e41083888d14df94caaa1ca5bb80faa7f757908168c893ac5d7d7a568,3.1230084896087646,sidon_wet0.5,3.1230084896087646,3.072167158126831,ukr_dialects
2.640430450439453,2.547098159790039,2.6668612957000732,2.5896670818328857,2.6745193004608154,2.676407814025879,2.6842219829559326,2.722374677658081,2.74247407913208,2.69407057762146,2.7508492469787598,3.7586666666666666,2.664623260498047,2.712890148162842,2.664623260498047,2.686762809753418,False,263bbe5a83c21022,5f021a62a8c207132651e9b3ec6bc0d83d78ddc79549fd3c2f275e2340f49535,2.782930374145508,sidon_wet0.5,2.782930374145508,2.716111660003662,ukr_dialects
3.2747855186462402,3.088974714279175,3.223271608352661,2.906517505645752,2.200436592102051,2.146726131439209,2.2640068531036377,2.4284157752990723,2.5653390884399414,2.2747151851654053,2.540992498397827,2.02,2.1795992851257324,3.001286029815674,2.1795992851257324,2.40970778465271,False,8994f61724e32836,2db80989edeefb0b929374b2337d0aef91943ff4d21d5f8f90e762265d5a61ca,3.2747855186462402,clearervoice_sidon_deepfilternet3_wet0.5,3.0876805782318115,2.9547641277313232,ukr_dialects
3.3865208625793457,3.398064136505127,3.5679492950439453,3.409546375274658,3.4476983547210693,3.4978222846984863,3.49702525138855,3.6806163787841797,3.653534412384033,3.555805206298828,3.7444567680358887,3.22,3.3797006607055664,3.32633113861084,3.3797006607055664,3.5092122554779053,True,1eb21ddca0218ac0,48825fb328ffae0e7d1a9972bc902f3c22d06b6005eb5a03b82505b5dc25ca60,3.7444567680358887,deepfilternet3_wet1,3.5344221591949463,3.463930606842041,ukr_dialects
3.2585201263427734,3.3723137378692627,3.054938793182373,3.0507822036743164,1.9685332775115967,1.906644344329834,2.5256195068359375,1.7837398052215576,2.5750110149383545,1.8065681457519531,2.4175307750701904,2.04,1.7960140705108643,3.557826519012451,1.7960140705108643,1.8400497436523438,True,64f7dfc385fd0332,2f1ef4bd47cac53dd75ada18d296e3da60e46d43ed9d336ccce025fbbf445b85,3.557826519012451,legacy_v8_exact,3.0883569717407227,2.8617613315582275,ukr_dialects
3.2774040699005127,3.2290048599243164,3.115748882293701,3.215423583984375,2.544647455215454,2.5527679920196533,2.574571371078491,2.8225159645080566,2.8802783489227295,2.7134897708892822,2.953798770904541,3.391,2.5398812294006348,3.1946496963500977,2.5398812294006348,2.6952593326568604,False,0839ab4db381da1e,29cb9517426529be8b90054943b8db3f24cfd7b32007c7a411633a1e9b69f982,3.2774040699005127,clearervoice_sidon_deepfilternet3_wet0.5,3.01652193069458,3.006561517715454,ukr_dialects
3.0295355319976807,3.2556915283203125,3.0585789680480957,3.0095698833465576,3.3695125579833984,3.3678343296051025,3.3568248748779297,3.297496795654297,3.2522292137145996,3.3048605918884277,3.2609760761260986,7.616,3.3499584197998047,2.9863927364349365,3.35188889503479,3.2493529319763184,False,bf7fa24b56a90ac9,5ea182be0d56727f4b75d578b12bb5595be53d23559015d6c0f1e4af9ca43df8,3.3695125579833984,clearervoice_wet0.5,3.0244743824005127,2.9884634017944336,ukr_dialects
1.9865655899047852,3.5840747356414795,2.099315643310547,3.675346851348877,2.0346179008483887,2.1592321395874023,2.371974229812622,2.193202495574951,2.87349796295166,2.090888500213623,2.8800346851348877,6.839,2.0560290813446045,3.4140143394470215,2.0560290813446045,2.156693696975708,True,9d313dc5c2894ba2,9843715d422a3b0f66d6e7b104746bb9887b5725f68028ffc8c1e11902d70fad,3.675346851348877,clearervoice_sidon_wet1,2.102681875228882,3.542426824569702,ukr_dialects
2.25789475440979,2.4157087802886963,2.1830263137817383,2.1411259174346924,1.9524283409118652,2.006927967071533,1.9433608055114746,2.179006338119507,2.45664381980896,2.2977941036224365,2.255004644393921,5.5,2.3013694286346436,2.4560635089874268,2.3013694286346436,2.4697258472442627,False,8a3949ca3cf2196f,7e7d02fd56fbf8b2ea5cd2e826d7f5ec58d70913053cfee9a17aa98986042e13,2.4697258472442627,original,2.2082295417785645,2.112673044204712,ukr_dialects
2.877368450164795,3.0564427375793457,2.890564203262329,3.0193240642547607,3.029043197631836,3.048170804977417,3.0468506813049316,3.1418697834014893,3.1639318466186523,3.1400582790374756,3.2801880836486816,3.076,3.014799118041992,3.0937464237213135,3.014799118041992,2.93371319770813,False,f22b87646ba1578f,1c152cfe2368f3a43cb7f5b181b407d265915483d216a680630b923054e04140,3.2801880836486816,deepfilternet3_wet1,2.862417459487915,2.9339919090270996,ukr_dialects
3.760509967803955,3.8951618671417236,3.7370338439941406,3.718297004699707,2.5505692958831787,2.5895137786865234,2.603773832321167,2.621783494949341,2.552861452102661,2.6104607582092285,2.914201259613037,6.63,2.520825147628784,3.892810344696045,2.520825147628784,2.397261619567871,True,694cc49500f2b87c,375253378a2ad83fb09e622474bff27444f2e096038d3df652bbee7a3bbcabc0,3.8951618671417236,clearervoice_sidon_deepfilternet3_wet1,3.735583543777466,3.812565803527832,ukr_dialects
2.7047677040100098,2.845972776412964,2.962134838104248,2.7012760639190674,2.7177183628082275,2.626197576522827,2.6140613555908203,2.4811394214630127,2.3747713565826416,2.5531229972839355,2.3706955909729004,2.030666666666667,2.767481565475464,2.687448263168335,2.767481565475464,2.6231298446655273,False,6a258d45765bd4c5,aa7e8d5b832042772dac32f402d2a02cf10482854ab04e391bc84b1a16d84ec9,2.962134838104248,clearervoice_sidon_wet0.5,2.7624781131744385,2.925086498260498,ukr_dialects
3.3638241291046143,3.11040997505188,3.3469903469085693,3.0710904598236084,2.9861292839050293,3.0535950660705566,3.030247449874878,2.8965842723846436,2.9244000911712646,2.9214417934417725,3.064905881881714,5.4,2.8869097232818604,3.408050775527954,2.8869097232818604,2.8105900287628174,False,4353235c5f194455,6e0a8a42440afdda981ea221e4bab8586cbf93bac100a902b541ea036ac20c81,3.408050775527954,legacy_v8_exact,3.3690741062164307,3.185096502304077,ukr_dialects
2.6488893032073975,3.0772929191589355,2.5695302486419678,2.792133331298828,2.106513261795044,2.1623833179473877,2.268775701522827,2.3348388671875,2.5755767822265625,2.2891013622283936,2.548635244369507,4.94,2.2206223011016846,3.410527467727661,2.2206223011016846,2.367610454559326,False,154537938649b4f0,199714827a4e001d149eb85cdb52bb946798ec8cc81bc8503e11706dd2841e90,3.410527467727661,legacy_v8_exact,2.5709221363067627,2.590771198272705,ukr_dialects
2.613318920135498,2.741403818130493,2.633234739303589,2.9442479610443115,2.6015312671661377,2.612656593322754,2.5337696075439453,2.6651949882507324,2.9801125526428223,2.611011028289795,2.9470653533935547,8.996,2.563131809234619,3.0534441471099854,2.563131809234619,2.774724006652832,False,a2da8be2193fa216,cb7c3fd408f09b3415c42c5a72985b2ad5f2d55e95ae9c412cf698f94bec79de,3.0534441471099854,legacy_v8_exact,2.6705832481384277,2.912911891937256,ukr_dialects
2.968492269515991,3.1181273460388184,2.9674973487854004,2.949352979660034,2.573167085647583,2.7304530143737793,2.7984108924865723,2.838423252105713,3.2835752964019775,2.6239943504333496,3.1269936561584473,2.46,2.761946678161621,3.051084280014038,2.761946678161621,2.762169599533081,False,f962b3769de914d2,19dac0b1a20fbe7793305f91fa51771d69c9d74714583dcb37500d66dfcb337e,3.2835752964019775,deepfilternet3_peakminus3_wet1,2.848027229309082,2.6499316692352295,ukr_dialects
3.802664041519165,3.0751638412475586,3.8042685985565186,3.573852777481079,3.2505943775177,3.17427921295166,3.215916633605957,3.280134439468384,3.373206377029419,3.265052080154419,3.3024210929870605,3.62,3.276421070098877,3.3669445514678955,3.276421070098877,3.154186725616455,True,f0d2b87d5ba3b68e,fd21200bf6e374bb9f1a88de77a282a0ee346bdabfc70be73594d112e7ef4b85,3.8042685985565186,clearervoice_sidon_wet0.5,3.6704154014587402,3.49393892288208,ukr_dialects
2.9783921241760254,3.076636552810669,2.968637466430664,2.940903425216675,3.0422637462615967,3.088752508163452,3.1236376762390137,3.016406774520874,3.0799996852874756,3.01766037940979,3.0632667541503906,2.88,2.988877773284912,2.6804749965667725,2.989678382873535,2.8243680000305176,False,f9b84ffab9cfe5dd,516df0c9d7a7c03915d5a67ddcb881bb55d2e8ca17deb37431df90efbefa6dca,3.1236376762390137,clearervoice_wet1,2.9971766471862793,2.9133963584899902,ukr_dialects
3.0941102504730225,2.8745133876800537,3.153698444366455,2.889054775238037,2.785050630569458,2.798111915588379,2.8087809085845947,3.036388635635376,2.862791061401367,2.8472232818603516,2.8589110374450684,4.356,2.7559010982513428,2.9519238471984863,2.7559010982513428,2.34873628616333,False,30942657994cb72e,d1f97c630c8473266d102e868f73dcf3723c576cfde392ec1ee848396283b98e,3.1721456050872803,sidon_wet0.5,3.1721456050872803,2.879373788833618,ukr_dialects
2.960645914077759,3.116514205932617,2.9654574394226074,3.196704626083374,3.0687732696533203,3.39282488822937,3.61425518989563,3.2651610374450684,3.3819098472595215,3.0844264030456543,3.1818602085113525,3.199,2.710420846939087,2.996356964111328,2.710420846939087,2.499267101287842,True,566c39695cadae26,4031fab4cac4b83e22fc05f56269d170a6ec05157bec662cbe01f69d50d2a04e,3.61425518989563,clearervoice_wet1,3.002798080444336,2.765721321105957,ukr_dialects
2.330141067504883,2.986191511154175,2.3726325035095215,2.8665103912353516,2.2214643955230713,2.337698459625244,2.429128646850586,2.3567678928375244,2.673577070236206,2.2341883182525635,2.705994129180908,12.029,2.1099917888641357,3.2420811653137207,2.1099917888641357,2.215646505355835,False,c43b6871fb7abcf7,c6b24b3c08e06ec74901779a22d8e211e394f7f614d8e2ba3af1806b825565f3,3.2420811653137207,legacy_v8_exact,2.7771856784820557,2.953695297241211,ukr_dialects
2.805877208709717,3.753805637359619,2.69492769241333,3.6381657123565674,2.2821621894836426,2.2963290214538574,2.3052167892456055,2.9542620182037354,3.465571641921997,2.7366185188293457,3.2793924808502197,14.9,2.284176826477051,3.6165075302124023,2.284176826477051,2.211089849472046,True,2c57b228b9d2349e,3c9bc5c3751acbf9d52344acf2e079367c2829a129448ac0245d14c2cb2f186f,3.7725207805633545,sidon_wet1,2.5162079334259033,3.7725207805633545,ukr_dialects
3.153738021850586,3.615649938583374,3.2619643211364746,3.7452430725097656,3.4973058700561523,3.596740484237671,3.761352062225342,3.50539493560791,3.487769365310669,3.484713077545166,3.2952301502227783,4.22,3.4886932373046875,3.4079113006591797,3.4886932373046875,3.040407657623291,True,2a6e18b3e07e2956,5b9c82166b1ada38e1bba1bedba3140225f2f7e4f4bdfa1ce54943ab86b377d0,3.761352062225342,clearervoice_wet1,3.3390004634857178,3.0756986141204834,ukr_dialects
3.0834333896636963,2.963527202606201,2.8828580379486084,2.4812943935394287,2.679495334625244,2.761138439178467,2.786787509918213,2.859053134918213,2.858060359954834,2.6083085536956787,2.853607416152954,2.7346666666666666,2.4991848468780518,2.9129724502563477,2.4991848468780518,2.7102630138397217,False,64326990b57264c9,0c8103855f9893a264f33b11574b17a90db8a203906e546a2dc5f44fa5e68c7a,3.0834333896636963,clearervoice_sidon_deepfilternet3_wet0.5,2.548501968383789,2.540222406387329,ukr_dialects
2.9036266803741455,3.495303153991699,2.9435930252075195,3.238208293914795,3.1363210678100586,3.131910800933838,3.12473464012146,3.1573612689971924,3.247152328491211,3.073028326034546,3.213827610015869,7.35,3.1323323249816895,3.458935260772705,3.1323323249816895,2.9193615913391113,False,ab089df50f15fd9b,d8514560babb297586ca60f78be79e295cd5cd7e91b1115c30d58b0b28f8b5f7,3.495303153991699,clearervoice_sidon_deepfilternet3_wet1,2.947875499725342,3.230527400970459,ukr_dialects
2.7748095989227295,2.2517998218536377,2.8308770656585693,2.1324245929718018,2.2683401107788086,2.27712345123291,2.2946970462799072,2.3770508766174316,2.4258553981781006,2.311281204223633,2.4071877002716064,5.568,2.2482733726501465,2.6660633087158203,2.244889259338379,2.277695655822754,False,258401e9b5844ceb,4d0119ae4425c560243a2c231ebb73f804186c0dd66ff62296deb688d3402548,2.8308770656585693,clearervoice_sidon_wet0.5,2.7404019832611084,2.1255080699920654,ukr_dialects
2.4578592777252197,2.793800115585327,2.4550609588623047,2.957306385040283,2.574345588684082,2.551544427871704,2.479365587234497,2.856858015060425,2.755911350250244,2.7979698181152344,2.752033233642578,4.526666666666666,2.4488985538482666,3.164851188659668,2.4488985538482666,2.484238862991333,False,c1b3bd09e07db289,a5fff2a9d67fa6bdfed30db762c7654bd305e77005aa2fdfc49b1ba12b979db4,3.164851188659668,legacy_v8_exact,2.4894161224365234,3.0260558128356934,ukr_dialects
2.799463987350464,3.3818342685699463,2.7434239387512207,3.0745301246643066,2.523815631866455,2.580393075942993,2.5273966789245605,3.023665189743042,3.1063249111175537,2.731685161590576,3.1331191062927246,5.8,2.27738356590271,3.1492929458618164,2.27738356590271,2.462099313735962,False,316f532261a9d135,87c203cba45329d7deed713b2bc483aadc7e631e14315a62d0d0e4bc72f5c7a5,3.3818342685699463,clearervoice_sidon_deepfilternet3_wet1,2.486530303955078,3.029869794845581,ukr_dialects
2.184872627258301,2.919215202331543,2.116344451904297,3.0991904735565186,2.7009918689727783,2.529648542404175,2.6906423568725586,2.701664686203003,2.743671417236328,2.685337543487549,3.0633699893951416,2.74,2.5314857959747314,3.4207048416137695,2.5314857959747314,2.3365743160247803,False,3eaea0949e59c63c,f4f039d28dbac9e5bafce92ccd2a5d2978ed00c7f0fe7c072e0cb6c6201a4a7b,3.4207048416137695,legacy_v8_exact,2.1113932132720947,3.1880064010620117,ukr_dialects
2.8213226795196533,2.8174662590026855,2.8694937229156494,2.998394012451172,2.4038329124450684,2.4276773929595947,2.381917715072632,2.6897575855255127,2.8891711235046387,2.4082412719726562,2.975273609161377,3.44,2.3652405738830566,2.992215871810913,2.3652405738830566,2.6719791889190674,False,e825ef3a856b4735,76a37a87a4e9c1461cc825aa53dcefd5e86567ced8acc7207314fb8ed52098a0,2.998394012451172,clearervoice_sidon_wet1,2.78271746635437,2.8491580486297607,ukr_dialects
3.176478624343872,3.1724541187286377,3.3479416370391846,3.181881904602051,3.0527613162994385,3.055161714553833,3.0693910121917725,3.0521647930145264,3.077019214630127,3.038872003555298,3.0850296020507812,6.34,3.009469985961914,3.2232630252838135,3.009469985961914,3.064394474029541,False,c4bd25a3e37e2f75,5f8b5abea523e53b291eeb61502dde1e4bc0b2c55460231b529a58a22071e4f9,3.3479416370391846,clearervoice_sidon_wet0.5,3.3442611694335938,3.2776687145233154,ukr_dialects
3.0513064861297607,3.1882317066192627,3.259934902191162,3.3541197776794434,2.646308183670044,2.7503817081451416,2.9774065017700195,2.8322956562042236,2.7194554805755615,2.629483699798584,2.835587501525879,2.16,2.531644344329834,3.1312389373779297,2.531644344329834,2.546581506729126,False,626a1b5a7d4f1be6,d747bf31ef54f26d671d092ece9dae6c77a3169da05cd63283cfbd6100cdb12f,3.3541197776794434,clearervoice_sidon_wet1,3.1866233348846436,3.1015701293945312,ukr_dialects
3.0093953609466553,3.1799988746643066,3.1044249534606934,2.951815128326416,2.6763761043548584,3.1247498989105225,2.958303928375244,2.8318939208984375,3.0861964225769043,2.608330726623535,2.9680047035217285,2.221,2.1223769187927246,3.3507091999053955,2.1223769187927246,2.2981951236724854,False,0778c18cc75cdb00,b44f6bb66a0349781a436f282fb760f094bce7daab191cfe4b49a82ca19723d7,3.3507091999053955,legacy_v8_exact,2.981379985809326,2.899437665939331,ukr_dialects
3.467194080352783,3.7287654876708984,3.502534866333008,3.6083295345306396,1.7725346088409424,2.0331811904907227,2.070793867111206,1.9976403713226318,2.057764768600464,1.8916261196136475,2.2310469150543213,6.26,1.6803903579711914,3.249105215072632,1.6803903579711914,1.837496042251587,True,9586770df2d8998d,6e04070a08949ea3d3bc0dfe032e7aeb9cdcf626ae830bb131c3c1aabe8c4bdb,3.8253846168518066,sidon_wet1,3.707425355911255,3.8253846168518066,ukr_dialects
3.9043962955474854,3.4374465942382812,3.8695788383483887,3.505404472351074,3.8779473304748535,3.8870317935943604,3.885667324066162,4.018957138061523,3.9967081546783447,4.001251697540283,4.0257463455200195,16.322666666666667,3.8597424030303955,3.4516968727111816,3.8597424030303955,3.2476749420166016,True,bc994a1816813eb6,ff781b95840140bb2c04a5dd2066072a7c79f393429ed3fe65b6df4d0a5597a9,4.0257463455200195,deepfilternet3_wet1,3.840517044067383,3.575352430343628,ukr_dialects
2.5475356578826904,3.6251697540283203,2.6216728687286377,3.4874532222747803,2.588751792907715,2.5459482669830322,2.4840595722198486,2.3831424713134766,2.8967342376708984,2.5001413822174072,2.871443271636963,5.601333333333334,2.59279203414917,3.6858162879943848,2.59279203414917,2.1537327766418457,True,aabdb6483bfd2e33,5d1af21d6d2e989dbe5c0624ebb0a40fa2c947afc226016a059840de6d4f9b9c,3.721684694290161,sidon_wet1,2.7841837406158447,3.721684694290161,ukr_dialects
3.0659217834472656,3.768773317337036,2.838212251663208,3.8140180110931396,2.735259771347046,2.840501546859741,2.953378438949585,3.093930959701538,3.505491256713867,2.8974483013153076,3.5106441974639893,7.06,2.601451873779297,3.6093382835388184,2.601451873779297,2.415741205215454,True,9eb5785631635bcc,232ef8a78bc10330724cf9a0493918fb07f4be44d36ce6104854fe8422a9bf92,3.8140180110931396,clearervoice_sidon_wet1,3.2129716873168945,3.7845957279205322,ukr_dialects
3.4079504013061523,3.6406216621398926,3.275722026824951,3.414830446243286,2.8081209659576416,2.7980053424835205,2.8003289699554443,2.887939691543579,2.9859960079193115,2.9862070083618164,3.1452226638793945,5.76,2.7497596740722656,3.320966958999634,2.7497596740722656,2.7187740802764893,True,d1aaed43c3f470c7,74cc1b2e7032fd98c816efe4e0400f657b9a4dd0bad17513467d3a8f815b46b7,3.6406216621398926,clearervoice_sidon_deepfilternet3_wet1,3.3010590076446533,3.3977303504943848,ukr_dialects
3.1287271976470947,3.2215144634246826,3.2536280155181885,3.2791011333465576,2.9636194705963135,2.8545827865600586,3.1754791736602783,3.059811592102051,3.131649971008301,3.093850612640381,3.195199728012085,2.931,2.935185432434082,2.635897636413574,2.935185432434082,2.825988292694092,True,6fe0c19b1687d9fd,1506fdb64bc1035b843f69863c51422a254446e8058c5fc7cb01813240d24233,4.080674171447754,sidon_wet1,3.749051094055176,4.080674171447754,ukr_dialects
3.1546595096588135,3.2834622859954834,3.1707003116607666,3.236906051635742,2.9954512119293213,2.9893879890441895,2.9909682273864746,3.0780317783355713,3.083376884460449,3.0764033794403076,3.082423686981201,6.144,3.036961078643799,3.2806994915008545,3.036961078643799,3.268812894821167,False,ebbb475ae0b3b99d,1f45f0c1562e87908a45acc9546ce5b724aa026ea04d657f7e231b756982ee2a,3.2834622859954834,clearervoice_sidon_deepfilternet3_wet1,3.2412209510803223,3.251268148422241,ukr_dialects
2.6425437927246094,2.6090621948242188,2.7618415355682373,2.747781991958618,2.5646591186523438,2.552978038787842,2.529519557952881,2.4671835899353027,2.3200998306274414,2.4477860927581787,2.5302581787109375,2.88,2.58333158493042,2.8732194900512695,2.58333158493042,2.4063544273376465,False,0b4b8c379f2776ff,4eefaeaedc7585ce3a4c16eb4ac995ffe95b30f75f95517e4b62fd8990172df0,2.8732194900512695,legacy_v8_exact,2.8201005458831787,2.8251922130584717,ukr_dialects
2.9273464679718018,2.9207358360290527,2.843845844268799,2.961656332015991,2.372047185897827,2.3917737007141113,2.40596604347229,2.5431268215179443,3.095515489578247,2.449004650115967,3.310446262359619,9.84,2.3291797637939453,3.319106340408325,2.3291797637939453,2.1200249195098877,False,d493e655c444f5ff,ffe765bcc307cbfebfd86fa7497dd02301a47554722ad11ecb06cc7199621992,3.319106340408325,legacy_v8_exact,2.8951058387756348,3.0714855194091797,ukr_dialects
3.388521194458008,3.066753625869751,3.059758186340332,2.908637762069702,3.12266206741333,3.003587484359741,3.027116537094116,2.6951663494110107,3.1425039768218994,2.8780465126037598,3.078278064727783,5.0,2.8182947635650635,3.0799829959869385,2.8182947635650635,2.8886051177978516,False,ad367fcec6fcb05a,8c92c6c80018b22985d284d1fb6b0df58eabc63c6ab2a71efee2f1a6b008584f,3.4419891834259033,sidon_wet1,3.2637486457824707,3.4419891834259033,ukr_dialects
2.895202875137329,2.9852652549743652,2.8714537620544434,2.6583757400512695,2.7428359985351562,2.750619411468506,2.761617422103882,2.753582000732422,2.7269327640533447,2.697157859802246,2.7584965229034424,11.328,2.7670092582702637,2.857203483581543,2.7613422870635986,2.5414888858795166,False,ac39b8868249abce,109c92b5a6c23a3cb93e5bd66ebe183d152b37c55ed13c2ba319c3dbe5dc3b7b,2.9852652549743652,clearervoice_sidon_deepfilternet3_wet1,2.8410885334014893,2.663851261138916,ukr_dialects
3.498936176300049,3.1340391635894775,3.3813235759735107,2.951833486557007,2.894207715988159,2.894956111907959,2.9300408363342285,3.0183463096618652,2.954850673675537,3.062204360961914,2.9934935569763184,11.876,2.9128782749176025,3.1919913291931152,2.9128782749176025,2.871095895767212,True,bc7742c907d24d2f,eedccf175ca5ad67d78c711cf32b82bdb1f9c5d27a7ce880cab5523ebb83153b,3.5235514640808105,sidon_wet0.5,3.5235514640808105,2.984282970428467,ukr_dialects
3.5123815536499023,3.4891135692596436,3.5336694717407227,3.439229965209961,2.4656922817230225,2.4919581413269043,2.480949640274048,2.6386289596557617,2.98323917388916,2.685499906539917,2.899149179458618,6.71,2.3841164112091064,3.285325765609741,2.3841164112091064,2.466123580932617,True,4d7035ab3ea935bb,9a9614c9da8ac6359d2fa6a9b71f0551020b59aa06c047fa40ce5bea576abd45,3.8115012645721436,sidon_wet0.5,3.8115012645721436,3.5492422580718994,ukr_dialects
1.7404687404632568,2.898414134979248,1.665747880935669,3.04825496673584,1.6034514904022217,1.8186640739440918,2.363165855407715,1.8878066539764404,2.6935904026031494,1.6274833679199219,2.720503568649292,2.46,1.4314470291137695,2.863189220428467,1.4314470291137695,1.7773573398590088,False,1dae50f6c705d197,7af99a91c3d1c5ee431146034f47aafb047edd25af84195b2451e91fb155e2f1,3.3470513820648193,sidon_wet1,1.7546658515930176,3.3470513820648193,ukr_dialects
3.1857144832611084,3.004328966140747,3.1175308227539062,3.1989498138427734,2.9609215259552,2.9654581546783447,2.97572922706604,2.88795804977417,2.8176541328430176,2.911508560180664,2.8836545944213867,10.432,2.9459803104400635,2.969266414642334,2.952888011932373,3.274916410446167,False,549386c09d2fcf4a,09bc381c67b0ef676d55e703274198a6eb1f99c0ea90d0e306bd025faa2b8f40,3.274916410446167,original,3.1859030723571777,2.9837865829467773,ukr_dialects
2.4771766662597656,2.1342592239379883,2.525330066680908,2.26397967338562,2.8660154342651367,2.8239376544952393,2.894984483718872,2.966463327407837,3.096116065979004,2.790329694747925,3.075347900390625,2.1466666666666665,3.0236313343048096,2.420896291732788,3.0236313343048096,3.0114383697509766,False,0d5acbee36e35f4b,a2c0750c964c1b748748e9f01ac58b12143abd8504a8aa4393aa5390e5addc25,3.096116065979004,deepfilternet3_peakminus3_wet1,2.889681339263916,2.3213541507720947,ukr_dialects
2.5999410152435303,2.8475759029388428,2.381084442138672,2.4080557823181152,2.6292223930358887,2.5869100093841553,2.841931104660034,2.52089786529541,2.419609546661377,2.629674196243286,2.4163053035736084,5.1,2.758862257003784,2.826111316680908,2.758862257003784,2.6814510822296143,False,a6390ea60fa8955f,121f7164ed667a2b2a0b3955470f9622028547c409510970113573ab76704026,2.8475759029388428,clearervoice_sidon_deepfilternet3_wet1,2.32961368560791,2.294426441192627,ukr_dialects
3.985691547393799,3.6005213260650635,3.8113012313842773,3.7690799236297607,3.261597156524658,3.2601873874664307,3.253599166870117,3.4651012420654297,3.5794901847839355,3.398395299911499,3.316859722137451,10.9,3.272108554840088,3.4537861347198486,3.272108554840088,3.319178342819214,True,1de226ddd11f1191,13e47db2e60164dcba883f14ff075b7753a5665f46fc46fb7968e7795c70d1cc,3.985691547393799,clearervoice_sidon_deepfilternet3_wet0.5,3.914865493774414,3.755065679550171,ukr_dialects
3.084110975265503,3.422166109085083,3.2542006969451904,3.1284332275390625,2.1501173973083496,2.1567418575286865,2.148683547973633,2.2722997665405273,2.8642759323120117,2.171342134475708,2.551927089691162,6.69,2.0631232261657715,3.5494301319122314,2.0631232261657715,2.2629990577697754,True,04413a02ee61f031,5e04364df79df36f8c9580fd6538dc866e2022f4e40ea92ccb12d8f12056be55,3.5494301319122314,legacy_v8_exact,3.033940076828003,3.416438102722168,ukr_dialects
2.945324420928955,3.0165109634399414,3.124237298965454,2.8615660667419434,3.203462839126587,3.228168249130249,3.249842882156372,3.1990139484405518,3.1974716186523438,3.222482442855835,3.189943313598633,5.924,3.1614389419555664,2.9487152099609375,3.1614389419555664,2.922647714614868,False,afb0639f8533a96a,76502ad4f3491e085217eec0bf632ebac82d3fe3e08f967c06024b93d6f9658c,3.249842882156372,clearervoice_wet1,3.0978851318359375,2.946568727493286,ukr_dialects
2.9521284103393555,3.384202480316162,2.9567439556121826,3.20732045173645,3.1800081729888916,3.178567886352539,3.1863086223602295,3.2135071754455566,3.1731793880462646,3.2413060665130615,3.1811060905456543,9.529333333333334,3.1757473945617676,2.7623252868652344,3.181126117706299,2.9072601795196533,False,7265b848bca4d28e,e72e65272c14b8a882bb199bb4d2b0f3221ebac8ad6312cb3c8adf0e89d50022,3.384202480316162,clearervoice_sidon_deepfilternet3_wet1,2.916844606399536,2.8684537410736084,ukr_dialects
2.995568037033081,2.887667655944824,2.9901492595672607,2.814101219177246,3.2184996604919434,3.197807550430298,3.1669654846191406,3.1881024837493896,3.134355068206787,3.2363076210021973,3.137791633605957,19.822666666666667,3.243957281112671,2.721674680709839,3.2535324096679688,2.858733892440796,False,2890141f6247d55f,eae3406aa8dec7b4c76a763ff76b9c389070e9b4f9d0535d3d488aaf0e3ddbbb,3.2535324096679688,normalized_original,3.0680880546569824,2.738354206085205,ukr_dialects
3.3507792949676514,3.4378092288970947,3.178466558456421,3.3826091289520264,3.16232967376709,3.1565043926239014,3.1531834602355957,3.335507392883301,3.7708237171173096,3.498349905014038,3.602914810180664,7.45,3.17702054977417,3.1712310314178467,3.17702054977417,2.884286403656006,True,a95bca27330ef230,39782ac295158bda19249a61757f7472d41b6d1d5eba97a1029f630a3f3fd9d3,3.7708237171173096,deepfilternet3_peakminus3_wet1,3.4865663051605225,3.525994300842285,ukr_dialects
3.1590394973754883,3.267385959625244,3.191798448562622,3.5495991706848145,2.7512547969818115,2.9202523231506348,3.0405452251434326,3.2520899772644043,3.671489953994751,2.904264211654663,3.819573402404785,6.699,2.7623820304870605,3.281857490539551,2.7623820304870605,2.342381000518799,True,858792926bd04b40,f544504069e3058065375c9c0c6fd1ae1ef7886668132f4f1d00882ea3b80598,3.819573402404785,deepfilternet3_wet1,2.8192877769470215,3.0673584938049316,ukr_dialects
3.850714683532715,3.779881715774536,3.8162953853607178,3.681126832962036,2.8971025943756104,2.975228786468506,3.0674445629119873,3.3957152366638184,3.541736364364624,3.150402784347534,3.609964609146118,5.58,2.891197443008423,3.5172791481018066,2.891197443008423,2.966249942779541,True,34298b8fbc78f285,2fa3712704d7d3f865ae8591ec7090ac73108d18c0f0efee746fcbda559838f6,3.850714683532715,clearervoice_sidon_deepfilternet3_wet0.5,3.736422300338745,3.525953531265259,ukr_dialects
2.531280517578125,3.164644718170166,2.603590250015259,2.901221990585327,2.747796058654785,2.9227657318115234,2.4956939220428467,3.0580077171325684,3.6793911457061768,2.9521584510803223,3.6136293411254883,3.15,2.7071526050567627,3.0527617931365967,2.7071526050567627,2.459867477416992,True,5a9e8cef3dac3395,7299c3806f8580967b92eb226ff0babb58cd5a1efd64ef2dbbeca0cb4890293c,3.6793911457061768,deepfilternet3_peakminus3_wet1,2.855038642883301,3.011730432510376,ukr_dialects
3.260098934173584,2.6802027225494385,3.362774610519409,2.593200922012329,3.1726715564727783,3.1911613941192627,3.2113146781921387,3.2428905963897705,3.219259262084961,3.248072385787964,3.205350875854492,11.012,3.1653056144714355,3.154390811920166,3.1653056144714355,3.339076280593872,False,b9787bd603a6f2a2,a82733474325cd09c0ba72894849c2dfda22f67a555bef0fb4f11e4431e90380,3.3772318363189697,sidon_wet0.5,3.3772318363189697,2.62455677986145,ukr_dialects
