profile,panel_items,measurement_type,source_id,metric,count,expected_count,mean,median,p05,p95
clearervoice_wet0.5,160,derived_reference,all,sigmos_overall,160,160,2.97465650588274,2.9510185718536377,2.280420732498169,3.7255711078643796
clearervoice_wet0.5,160,derived_reference,all,sigmos_speech,160,160,3.541561545431614,3.5387057065963745,2.7577970147132875,4.283945608139038
clearervoice_wet0.5,160,derived_reference,all,sigmos_noise,160,160,3.8685697495937346,4.007291555404663,2.7597284436225893,4.571307182312012
clearervoice_wet0.5,160,derived_reference,all,sigmos_coloration,160,160,3.4677368462085725,3.4489506483078003,2.711299192905426,4.200286197662352
clearervoice_wet0.5,160,derived_reference,all,sigmos_discontinuity,160,160,4.11623967140913,4.1583192348480225,3.430453431606293,4.675696396827697
clearervoice_wet0.5,160,derived_reference,all,audiobox_pq,160,160,6.773329465091228,6.897498846054077,4.554111194610596,7.825800037384033
clearervoice_wet0.5,160,derived_reference,all,cer,160,160,0.06493032362416215,0.0,0.0,0.3333333333333333
clearervoice_wet0.5,160,derived_reference,all,wer,160,160,0.13893504268635287,0.0,0.0,0.6378787878787874
clearervoice_wet0.5,160,derived_reference,all,parakeet_cer,160,160,0.05532883713500823,0.0,0.0,0.2499999999999985
clearervoice_wet0.5,160,derived_reference,all,parakeet_wer,160,160,0.13470817164057106,0.0,0.0,0.5567251461988301
clearervoice_wet0.5,160,derived_reference,all,ecapa_similarity,160,160,0.9476168565452099,0.9860085248947144,0.7960747301578521,0.9994412958621979
clearervoice_wet0.5,160,derived_reference,all,clipping_fraction,160,160,0.0,0.0,0.0,0.0
clearervoice_wet0.5,160,derived_reference,all,duration_ratio,160,160,0.8272515956979867,0.9074074074074074,0.489217673814165,1.0
clearervoice_wet0.5,160,derived_reference,all,hf_burst_count,160,160,2.05,1.0,0.0,7.0
clearervoice_wet0.5,160,derived_reference,all,corpus_cer,7763,,0.054875692386963805,,,
clearervoice_wet0.5,160,derived_reference,all,corpus_wer,1598,,0.14956195244055068,,,
clearervoice_wet0.5,160,derived_reference,all,corpus_parakeet_cer,7763,,0.04302460389024861,,,
clearervoice_wet0.5,160,derived_reference,all,corpus_parakeet_wer,1598,,0.13454317897371715,,,
clearervoice_wet0.5,160,derived_reference,common_voice_available_uk,sigmos_overall,20,20,2.865448760986328,2.9149396419525146,2.341819393634796,3.477924573421478
clearervoice_wet0.5,160,derived_reference,common_voice_available_uk,sigmos_speech,20,20,3.3057949900627137,3.346024751663208,2.6250667572021484,3.9316808104515077
clearervoice_wet0.5,160,derived_reference,common_voice_available_uk,sigmos_noise,20,20,3.862703061103821,4.02030611038208,2.9817187070846556,4.404571294784546
clearervoice_wet0.5,160,derived_reference,common_voice_available_uk,sigmos_coloration,20,20,3.1454293727874756,3.1965219974517822,2.6528117179870607,3.5900997638702394
clearervoice_wet0.5,160,derived_reference,common_voice_available_uk,sigmos_discontinuity,20,20,4.002821254730224,4.001324653625488,3.4946932196617126,4.398611259460449
clearervoice_wet0.5,160,derived_reference,common_voice_available_uk,audiobox_pq,20,20,5.756725323200226,6.3235015869140625,3.8881451010704042,6.869801592826843
clearervoice_wet0.5,160,derived_reference,common_voice_available_uk,cer,20,20,0.032990883793990566,0.0,0.0,0.1126470588235296
clearervoice_wet0.5,160,derived_reference,common_voice_available_uk,wer,20,20,0.08963980463980463,0.0,0.0,0.3416666666666668
clearervoice_wet0.5,160,derived_reference,common_voice_available_uk,parakeet_cer,20,20,0.0027777777777777775,0.0,0.0,0.002777777777777817
clearervoice_wet0.5,160,derived_reference,common_voice_available_uk,parakeet_wer,20,20,0.025,0.0,0.0,0.025000000000000355
clearervoice_wet0.5,160,derived_reference,common_voice_available_uk,ecapa_similarity,20,20,0.9663279503583908,0.9793843328952789,0.8846768736839294,0.9972481936216354
clearervoice_wet0.5,160,derived_reference,common_voice_available_uk,clipping_fraction,20,20,0.0,0.0,0.0,0.0
clearervoice_wet0.5,160,derived_reference,common_voice_available_uk,duration_ratio,20,20,0.8261963274474893,0.7943802521008403,0.6500917107583774,1.0
clearervoice_wet0.5,160,derived_reference,common_voice_available_uk,hf_burst_count,20,20,0.25,0.0,0.0,1.0500000000000007
clearervoice_wet0.5,160,derived_reference,common_voice_available_uk,corpus_cer,655,,0.025954198473282442,,,
clearervoice_wet0.5,160,derived_reference,common_voice_available_uk,corpus_wer,134,,0.08208955223880597,,,
clearervoice_wet0.5,160,derived_reference,common_voice_available_uk,corpus_parakeet_cer,655,,0.0015267175572519084,,,
clearervoice_wet0.5,160,derived_reference,common_voice_available_uk,corpus_parakeet_wer,134,,0.014925373134328358,,,
clearervoice_wet0.5,160,derived_reference,fleurs_uk,sigmos_overall,20,20,2.8763407468795776,2.9453117847442627,2.2847028255462645,3.2753056645393372
clearervoice_wet0.5,160,derived_reference,fleurs_uk,sigmos_speech,20,20,3.33257874250412,3.377977728843689,2.9342702627182007,3.6778513193130493
clearervoice_wet0.5,160,derived_reference,fleurs_uk,sigmos_noise,20,20,3.663070333003998,3.6485939025878906,2.896963560581207,4.306250762939453
clearervoice_wet0.5,160,derived_reference,fleurs_uk,sigmos_coloration,20,20,3.53842089176178,3.4691011905670166,3.111844539642334,4.126890087127686
clearervoice_wet0.5,160,derived_reference,fleurs_uk,sigmos_discontinuity,20,20,3.7794920206069946,3.766076445579529,3.4422489285469053,4.19456160068512
clearervoice_wet0.5,160,derived_reference,fleurs_uk,audiobox_pq,20,20,6.666203713417053,6.755232334136963,5.918598794937134,7.233214259147644
clearervoice_wet0.5,160,derived_reference,fleurs_uk,cer,20,20,0.024323974736565106,0.004273504273504274,0.0,0.12394062078272607
clearervoice_wet0.5,160,derived_reference,fleurs_uk,wer,20,20,0.06878080924451892,0.016666666666666666,0.0,0.3333333333333333
clearervoice_wet0.5,160,derived_reference,fleurs_uk,parakeet_cer,20,20,0.008169428733338507,0.0,0.0,0.04581339712918661
clearervoice_wet0.5,160,derived_reference,fleurs_uk,parakeet_wer,20,20,0.028794686496299397,0.0,0.0,0.1332949308755761
clearervoice_wet0.5,160,derived_reference,fleurs_uk,ecapa_similarity,20,20,0.9934876263141632,0.994890421628952,0.9827498137950897,0.9987339586019516
clearervoice_wet0.5,160,derived_reference,fleurs_uk,clipping_fraction,20,20,0.0,0.0,0.0,0.0
clearervoice_wet0.5,160,derived_reference,fleurs_uk,duration_ratio,20,20,0.9352075769456203,0.9488141005441062,0.846304616982187,1.0
clearervoice_wet0.5,160,derived_reference,fleurs_uk,hf_burst_count,20,20,4.0,0.5,0.0,17.05
clearervoice_wet0.5,160,derived_reference,fleurs_uk,corpus_cer,1950,,0.024615384615384615,,,
clearervoice_wet0.5,160,derived_reference,fleurs_uk,corpus_wer,345,,0.06086956521739131,,,
clearervoice_wet0.5,160,derived_reference,fleurs_uk,corpus_parakeet_cer,1950,,0.009743589743589744,,,
clearervoice_wet0.5,160,derived_reference,fleurs_uk,corpus_parakeet_wer,345,,0.034782608695652174,,,
clearervoice_wet0.5,160,derived_reference,opentts_lada,sigmos_overall,20,20,2.7432690024375916,2.801221013069153,2.3323289513587953,3.0949695348739623
clearervoice_wet0.5,160,derived_reference,opentts_lada,sigmos_speech,20,20,3.688733732700348,3.6784119606018066,3.286842095851898,4.074097609519958
clearervoice_wet0.5,160,derived_reference,opentts_lada,sigmos_noise,20,20,3.9758766293525696,4.037549018859863,3.3087477803230287,4.459740686416626
clearervoice_wet0.5,160,derived_reference,opentts_lada,sigmos_coloration,20,20,3.481216025352478,3.5007975101470947,2.8234718084335326,4.069582891464234
clearervoice_wet0.5,160,derived_reference,opentts_lada,sigmos_discontinuity,20,20,4.277624726295471,4.306666135787964,3.8685137271881103,4.6167778968811035
clearervoice_wet0.5,160,derived_reference,opentts_lada,audiobox_pq,20,20,7.235180306434631,7.284289598464966,6.763639307022094,7.529335761070252
clearervoice_wet0.5,160,derived_reference,opentts_lada,cer,20,20,0.011475511144628792,0.0,0.0,0.07748868778280545
clearervoice_wet0.5,160,derived_reference,opentts_lada,wer,20,20,0.0539484126984127,0.0,0.0,0.16571428571428604
clearervoice_wet0.5,160,derived_reference,opentts_lada,parakeet_cer,20,20,0.017227705056505244,0.0,0.0,0.08042986425339371
clearervoice_wet0.5,160,derived_reference,opentts_lada,parakeet_wer,20,20,0.10482142857142855,0.0,0.0,0.4200000000000003
clearervoice_wet0.5,160,derived_reference,opentts_lada,ecapa_similarity,20,20,0.8431613177061081,0.837306022644043,0.7919597119092942,0.926726171374321
clearervoice_wet0.5,160,derived_reference,opentts_lada,clipping_fraction,20,20,0.0,0.0,0.0,0.0
clearervoice_wet0.5,160,derived_reference,opentts_lada,duration_ratio,20,20,0.5513313427900088,0.5415800070573095,0.45017822333611807,0.6601515580614986
clearervoice_wet0.5,160,derived_reference,opentts_lada,hf_burst_count,20,20,2.25,2.0,0.0,5.100000000000001
clearervoice_wet0.5,160,derived_reference,opentts_lada,corpus_cer,753,,0.010624169986719787,,,
clearervoice_wet0.5,160,derived_reference,opentts_lada,corpus_wer,155,,0.04516129032258064,,,
clearervoice_wet0.5,160,derived_reference,opentts_lada,corpus_parakeet_cer,753,,0.01593625498007968,,,
clearervoice_wet0.5,160,derived_reference,opentts_lada,corpus_parakeet_wer,155,,0.08387096774193549,,,
clearervoice_wet0.5,160,derived_reference,opentts_mykyta,sigmos_overall,20,20,3.488940703868866,3.5226871967315674,3.032536780834198,3.991493785381317
clearervoice_wet0.5,160,derived_reference,opentts_mykyta,sigmos_speech,20,20,4.000990927219391,4.0261008739471436,3.429884302616119,4.427988815307617
clearervoice_wet0.5,160,derived_reference,opentts_mykyta,sigmos_noise,20,20,4.365291845798493,4.361090660095215,4.083139717578888,4.644364643096924
clearervoice_wet0.5,160,derived_reference,opentts_mykyta,sigmos_coloration,20,20,3.7889599919319155,3.8338212966918945,3.0656372189521788,4.429625034332275
clearervoice_wet0.5,160,derived_reference,opentts_mykyta,sigmos_discontinuity,20,20,4.353640079498291,4.376682996749878,3.9361271500587462,4.746012949943543
clearervoice_wet0.5,160,derived_reference,opentts_mykyta,audiobox_pq,20,20,7.661342024803162,7.696027040481567,7.237703800201416,7.983017945289612
clearervoice_wet0.5,160,derived_reference,opentts_mykyta,cer,20,20,0.020634862744734146,0.0,0.0,0.06062271062271081
clearervoice_wet0.5,160,derived_reference,opentts_mykyta,wer,20,20,0.04380827505827506,0.0,0.0,0.2541666666666667
clearervoice_wet0.5,160,derived_reference,opentts_mykyta,parakeet_cer,20,20,0.021358428805237317,0.0,0.0,0.05965630114566309
clearervoice_wet0.5,160,derived_reference,opentts_mykyta,parakeet_wer,20,20,0.05200757575757575,0.0,0.0,0.33666666666666667
clearervoice_wet0.5,160,derived_reference,opentts_mykyta,ecapa_similarity,20,20,0.9643081605434418,0.9669957458972931,0.9311804652214051,0.9980274975299835
clearervoice_wet0.5,160,derived_reference,opentts_mykyta,clipping_fraction,20,20,0.0,0.0,0.0,0.0
clearervoice_wet0.5,160,derived_reference,opentts_mykyta,duration_ratio,20,20,0.7721270807369509,0.775611020923521,0.6361967938087342,1.0
clearervoice_wet0.5,160,derived_reference,opentts_mykyta,hf_burst_count,20,20,2.3,2.5,0.0,4.150000000000002
clearervoice_wet0.5,160,derived_reference,opentts_mykyta,corpus_cer,606,,0.013201320132013201,,,
clearervoice_wet0.5,160,derived_reference,opentts_mykyta,corpus_wer,133,,0.03759398496240601,,,
clearervoice_wet0.5,160,derived_reference,opentts_mykyta,corpus_parakeet_cer,606,,0.01155115511551155,,,
clearervoice_wet0.5,160,derived_reference,opentts_mykyta,corpus_parakeet_wer,133,,0.045112781954887216,,,
clearervoice_wet0.5,160,derived_reference,opentts_tetiana,sigmos_overall,20,20,3.3203147292137145,3.347234845161438,2.877015471458435,3.762669491767883
clearervoice_wet0.5,160,derived_reference,opentts_tetiana,sigmos_speech,20,20,3.940945768356323,3.9566205739974976,3.3945284128189086,4.463330149650574
clearervoice_wet0.5,160,derived_reference,opentts_tetiana,sigmos_noise,20,20,4.361069917678833,4.401580095291138,3.8949384689331055,4.681593298912048
clearervoice_wet0.5,160,derived_reference,opentts_tetiana,sigmos_coloration,20,20,3.550202465057373,3.493510603904724,3.0610424637794496,4.095056104660034
clearervoice_wet0.5,160,derived_reference,opentts_tetiana,sigmos_discontinuity,20,20,4.300839126110077,4.317977428436279,3.7662293195724486,4.636553001403809
clearervoice_wet0.5,160,derived_reference,opentts_tetiana,audiobox_pq,20,20,7.622213864326477,7.647939920425415,7.09676239490509,7.916393375396728
clearervoice_wet0.5,160,derived_reference,opentts_tetiana,cer,20,20,0.01950334387834388,0.0,0.0,0.06493055555555559
clearervoice_wet0.5,160,derived_reference,opentts_tetiana,wer,20,20,0.08964285714285714,0.0,0.0,0.3333333333333333
clearervoice_wet0.5,160,derived_reference,opentts_tetiana,parakeet_cer,20,20,0.016088992026492027,0.0,0.0,0.052421652421652434
clearervoice_wet0.5,160,derived_reference,opentts_tetiana,parakeet_wer,20,20,0.1301984126984127,0.0,0.0,0.4522222222222223
clearervoice_wet0.5,160,derived_reference,opentts_tetiana,ecapa_similarity,20,20,0.8294968843460083,0.8386518657207489,0.6811526358127594,0.9449723839759827
clearervoice_wet0.5,160,derived_reference,opentts_tetiana,clipping_fraction,20,20,0.0,0.0,0.0,0.0
clearervoice_wet0.5,160,derived_reference,opentts_tetiana,duration_ratio,20,20,0.5926129336006729,0.6122362187769165,0.4387848109732255,0.6704493233776723
clearervoice_wet0.5,160,derived_reference,opentts_tetiana,hf_burst_count,20,20,2.8,3.0,1.0,6.050000000000001
clearervoice_wet0.5,160,derived_reference,opentts_tetiana,corpus_cer,721,,0.018030513176144243,,,
clearervoice_wet0.5,160,derived_reference,opentts_tetiana,corpus_wer,153,,0.08496732026143791,,,
clearervoice_wet0.5,160,derived_reference,opentts_tetiana,corpus_parakeet_cer,721,,0.015256588072122053,,,
clearervoice_wet0.5,160,derived_reference,opentts_tetiana,corpus_parakeet_wer,153,,0.12418300653594772,,,
clearervoice_wet0.5,160,derived_reference,tg_voices_uk,sigmos_overall,20,20,2.9594085693359373,2.9067856073379517,2.4252564668655396,3.525434505939484
clearervoice_wet0.5,160,derived_reference,tg_voices_uk,sigmos_speech,20,20,3.439507246017456,3.4058157205581665,2.7112636089324953,4.183567643165588
clearervoice_wet0.5,160,derived_reference,tg_voices_uk,sigmos_noise,20,20,3.816234660148621,3.8685914278030396,3.2861483216285707,4.291191196441651
clearervoice_wet0.5,160,derived_reference,tg_voices_uk,sigmos_coloration,20,20,3.478831923007965,3.472481846809387,2.431689512729645,4.381653308868408
clearervoice_wet0.5,160,derived_reference,tg_voices_uk,sigmos_discontinuity,20,20,4.071667158603669,4.07585334777832,3.789807212352753,4.507868814468384
clearervoice_wet0.5,160,derived_reference,tg_voices_uk,audiobox_pq,20,20,6.60106508731842,6.657136917114258,5.9012044191360475,7.134999203681946
clearervoice_wet0.5,160,derived_reference,tg_voices_uk,cer,20,20,0.03583019401027812,0.021567717996289426,0.0,0.13831738437001598
clearervoice_wet0.5,160,derived_reference,tg_voices_uk,wer,20,20,0.12086240148740149,0.09545454545454546,0.0,0.45079365079365086
clearervoice_wet0.5,160,derived_reference,tg_voices_uk,parakeet_cer,20,20,0.04372695171614035,0.023214285714285715,0.0,0.17992776057791543
clearervoice_wet0.5,160,derived_reference,tg_voices_uk,parakeet_wer,20,20,0.12560085747585747,0.07179487179487179,0.0,0.45000000000000007
clearervoice_wet0.5,160,derived_reference,tg_voices_uk,ecapa_similarity,20,20,0.9937031835317611,0.9948499798774719,0.9835756450891495,0.9996434092521668
clearervoice_wet0.5,160,derived_reference,tg_voices_uk,clipping_fraction,20,20,0.0,0.0,0.0,0.0
clearervoice_wet0.5,160,derived_reference,tg_voices_uk,duration_ratio,20,20,0.9548210080782343,0.9756754077781132,0.8812947738563099,1.0
clearervoice_wet0.5,160,derived_reference,tg_voices_uk,hf_burst_count,20,20,1.4,1.0,0.0,3.0500000000000007
clearervoice_wet0.5,160,derived_reference,tg_voices_uk,corpus_cer,800,,0.0425,,,
clearervoice_wet0.5,160,derived_reference,tg_voices_uk,corpus_wer,168,,0.125,,,
clearervoice_wet0.5,160,derived_reference,tg_voices_uk,corpus_parakeet_cer,800,,0.05375,,,
clearervoice_wet0.5,160,derived_reference,tg_voices_uk,corpus_parakeet_wer,168,,0.13095238095238096,,,
clearervoice_wet0.5,160,derived_reference,ua_ser,sigmos_overall,20,20,2.6165759682655336,2.5961108207702637,2.0069218277931213,3.296311151981354
clearervoice_wet0.5,160,derived_reference,ua_ser,sigmos_speech,20,20,3.183627986907959,3.176562190055847,2.636252295970917,3.8708436250686646
clearervoice_wet0.5,160,derived_reference,ua_ser,sigmos_noise,20,20,3.2467363119125365,3.289216160774231,2.3233633637428284,4.023512363433838
clearervoice_wet0.5,160,derived_reference,ua_ser,sigmos_coloration,20,20,3.2691879630088807,3.2437068223953247,2.55741491317749,3.97464017868042
clearervoice_wet0.5,160,derived_reference,ua_ser,sigmos_discontinuity,20,20,3.7243699193000794,3.75147545337677,2.6974822878837585,4.67424852848053
clearervoice_wet0.5,160,derived_reference,ua_ser,audiobox_pq,20,20,6.080302262306214,6.277385473251343,4.479728698730469,7.028565192222596
clearervoice_wet0.5,160,derived_reference,ua_ser,cer,20,20,0.21538657786801796,0.0988095238095238,0.0,0.9252564102564104
clearervoice_wet0.5,160,derived_reference,ua_ser,wer,20,20,0.2787698412698413,0.2222222222222222,0.0,0.7625000000000002
clearervoice_wet0.5,160,derived_reference,ua_ser,parakeet_cer,20,20,0.2258023619146856,0.06111111111111111,0.0,1.0142857142857145
clearervoice_wet0.5,160,derived_reference,ua_ser,parakeet_wer,20,20,0.33591269841269844,0.19444444444444442,0.0,1.0250000000000004
clearervoice_wet0.5,160,derived_reference,ua_ser,ecapa_similarity,20,20,0.9934470087289811,0.9950365424156189,0.9827723979949952,0.9990424394607544
clearervoice_wet0.5,160,derived_reference,ua_ser,clipping_fraction,20,20,0.0,0.0,0.0,0.0
clearervoice_wet0.5,160,derived_reference,ua_ser,duration_ratio,20,20,0.9962539811660903,1.0,0.9728752580597698,1.0000089178059368
clearervoice_wet0.5,160,derived_reference,ua_ser,hf_burst_count,20,20,1.4,1.0,0.0,4.0
clearervoice_wet0.5,160,derived_reference,ua_ser,corpus_cer,601,,0.17470881863560733,,,
clearervoice_wet0.5,160,derived_reference,ua_ser,corpus_wer,134,,0.23880597014925373,,,
clearervoice_wet0.5,160,derived_reference,ua_ser,corpus_parakeet_cer,601,,0.15474209650582363,,,
clearervoice_wet0.5,160,derived_reference,ua_ser,corpus_parakeet_wer,134,,0.26119402985074625,,,
clearervoice_wet0.5,160,derived_reference,ukr_dialects,sigmos_overall,20,20,2.9269535660743715,2.926915407180786,2.279160535335541,3.456351363658905
clearervoice_wet0.5,160,derived_reference,ukr_dialects,sigmos_speech,20,20,3.4403129696846007,3.4682531356811523,2.7764389634132387,3.917674720287323
clearervoice_wet0.5,160,derived_reference,ukr_dialects,sigmos_noise,20,20,3.657575237751007,3.8686646223068237,2.1808467626571657,4.643023276329041
clearervoice_wet0.5,160,derived_reference,ukr_dialects,sigmos_coloration,20,20,3.4896461367607117,3.4050616025924683,2.7101928353309632,4.3430544376373295
clearervoice_wet0.5,160,derived_reference,ukr_dialects,sigmos_discontinuity,20,20,4.419463086128235,4.481570243835449,4.009651136398316,4.766132688522339
clearervoice_wet0.5,160,derived_reference,ukr_dialects,audiobox_pq,20,20,6.563603138923645,6.81016206741333,4.554111194610596,7.577349328994751
clearervoice_wet0.5,160,derived_reference,ukr_dialects,cer,20,20,0.15929724081673854,0.07403057934972829,0.0,0.5656593406593406
clearervoice_wet0.5,160,derived_reference,ukr_dialects,wer,20,20,0.3660279399497116,0.3485169491525424,0.0,0.9136363636363637
clearervoice_wet0.5,160,derived_reference,ukr_dialects,parakeet_cer,20,20,0.10747905104988895,0.09047824213700992,0.0,0.3347222222222222
clearervoice_wet0.5,160,derived_reference,ukr_dialects,parakeet_wer,20,20,0.27532971371229625,0.3296257062146893,0.0,0.6363636363636364
clearervoice_wet0.5,160,derived_reference,ukr_dialects,ecapa_similarity,20,20,0.9970027208328247,0.9985376298427582,0.9914674609899521,0.9995557308197022
clearervoice_wet0.5,160,derived_reference,ukr_dialects,clipping_fraction,20,20,0.0,0.0,0.0,0.0
clearervoice_wet0.5,160,derived_reference,ukr_dialects,duration_ratio,20,20,0.9894625148188266,1.0,0.9200796146550865,1.0
clearervoice_wet0.5,160,derived_reference,ukr_dialects,hf_burst_count,20,20,2.0,0.0,0.0,5.550000000000008
clearervoice_wet0.5,160,derived_reference,ukr_dialects,corpus_cer,1677,,0.11508646392367322,,,
clearervoice_wet0.5,160,derived_reference,ukr_dialects,corpus_wer,376,,0.34308510638297873,,,
clearervoice_wet0.5,160,derived_reference,ukr_dialects,corpus_parakeet_cer,1677,,0.08825283243887895,,,
clearervoice_wet0.5,160,derived_reference,ukr_dialects,corpus_parakeet_wer,376,,0.28191489361702127,,,
clearervoice_wet0.5,160,derived_reference,source_macro,sigmos_overall,8,,2.9746565058827397,,,
clearervoice_wet0.5,160,derived_reference,source_macro,sigmos_speech,8,,3.541561545431614,,,
clearervoice_wet0.5,160,derived_reference,source_macro,sigmos_noise,8,,3.8685697495937346,,,
clearervoice_wet0.5,160,derived_reference,source_macro,sigmos_coloration,8,,3.4677368462085725,,,
clearervoice_wet0.5,160,derived_reference,source_macro,sigmos_discontinuity,8,,4.11623967140913,,,
clearervoice_wet0.5,160,derived_reference,source_macro,audiobox_pq,8,,6.773329465091228,,,
clearervoice_wet0.5,160,derived_reference,source_macro,cer,8,,0.06493032362416215,,,
clearervoice_wet0.5,160,derived_reference,source_macro,wer,8,,0.13893504268635284,,,
clearervoice_wet0.5,160,derived_reference,source_macro,parakeet_cer,8,,0.055328837135008226,,,
clearervoice_wet0.5,160,derived_reference,source_macro,parakeet_wer,8,,0.13470817164057106,,,
clearervoice_wet0.5,160,derived_reference,source_macro,ecapa_similarity,8,,0.9476168565452099,,,
clearervoice_wet0.5,160,derived_reference,source_macro,clipping_fraction,8,,0.0,,,
clearervoice_wet0.5,160,derived_reference,source_macro,duration_ratio,8,,0.8272515956979867,,,
clearervoice_wet0.5,160,derived_reference,source_macro,hf_burst_count,8,,2.05,,,
clearervoice_wet1,160,derived_reference,all,sigmos_overall,160,160,3.0309055238962173,3.027685523033142,2.35931658744812,3.7597986817359925
clearervoice_wet1,160,derived_reference,all,sigmos_speech,160,160,3.5747040510177612,3.5601656436920166,2.888982319831848,4.2605771780014035
clearervoice_wet1,160,derived_reference,all,sigmos_noise,160,160,4.036589340865612,4.09103536605835,3.276204240322113,4.656389904022217
clearervoice_wet1,160,derived_reference,all,sigmos_coloration,160,160,3.504570536315441,3.4950594902038574,2.810625410079956,4.286510229110718
clearervoice_wet1,160,derived_reference,all,sigmos_discontinuity,160,160,4.151044183969498,4.169145584106445,3.4791038036346436,4.754347014427185
clearervoice_wet1,160,derived_reference,all,audiobox_pq,160,160,6.874555772542953,7.059478044509888,5.040124702453613,7.8274263381958
clearervoice_wet1,160,derived_reference,all,cer,160,160,0.06777679241806753,0.0036496350364963502,0.0,0.3716071428571428
clearervoice_wet1,160,derived_reference,all,wer,160,160,0.15441716473097492,0.0339080459770115,0.0,0.7145714285714285
clearervoice_wet1,160,derived_reference,all,parakeet_cer,160,160,0.06002632615226792,0.0,0.0,0.25416666666666526
clearervoice_wet1,160,derived_reference,all,parakeet_wer,160,160,0.13724559949049892,0.0,0.0,0.5718045112781953
clearervoice_wet1,160,derived_reference,all,ecapa_similarity,160,160,0.9321628831326961,0.9712948501110077,0.7577436685562133,0.9993422776460648
clearervoice_wet1,160,derived_reference,all,clipping_fraction,160,160,0.0,0.0,0.0,0.0
clearervoice_wet1,160,derived_reference,all,duration_ratio,160,160,0.8272515956979867,0.9074074074074074,0.489217673814165,1.0
clearervoice_wet1,160,derived_reference,all,hf_burst_count,160,160,2.025,1.0,0.0,7.0
clearervoice_wet1,160,derived_reference,all,corpus_cer,7763,,0.05539095710421229,,,
clearervoice_wet1,160,derived_reference,all,corpus_wer,1598,,0.15644555694618273,,,
clearervoice_wet1,160,derived_reference,all,corpus_parakeet_cer,7763,,0.04405513332474559,,,
clearervoice_wet1,160,derived_reference,all,corpus_parakeet_wer,1598,,0.13516896120150187,,,
clearervoice_wet1,160,derived_reference,common_voice_available_uk,sigmos_overall,20,20,2.8366044402122497,2.9129531383514404,2.128047025203705,3.3887177467346192
clearervoice_wet1,160,derived_reference,common_voice_available_uk,sigmos_speech,20,20,3.2403855085372926,3.2345577478408813,2.552964997291565,3.8842740535736087
clearervoice_wet1,160,derived_reference,common_voice_available_uk,sigmos_noise,20,20,4.10597323179245,4.050140857696533,3.5110190987586973,4.66701033115387
clearervoice_wet1,160,derived_reference,common_voice_available_uk,sigmos_coloration,20,20,3.1992510080337526,3.2348954677581787,2.5142948389053346,3.6341145634651184
clearervoice_wet1,160,derived_reference,common_voice_available_uk,sigmos_discontinuity,20,20,4.091136682033539,4.088763236999512,3.413806438446045,4.674510431289673
clearervoice_wet1,160,derived_reference,common_voice_available_uk,audiobox_pq,20,20,5.905493342876435,6.349726915359497,3.96026269197464,6.851015830039978
clearervoice_wet1,160,derived_reference,common_voice_available_uk,cer,20,20,0.039927275575583586,0.0,0.0,0.10695187165775424
clearervoice_wet1,160,derived_reference,common_voice_available_uk,wer,20,20,0.14289377289377286,0.0,0.0,0.43000000000000044
clearervoice_wet1,160,derived_reference,common_voice_available_uk,parakeet_cer,20,20,0.007385620915032679,0.0,0.0,0.05571895424836601
clearervoice_wet1,160,derived_reference,common_voice_available_uk,parakeet_wer,20,20,0.0475,0.0,0.0,0.2625000000000002
clearervoice_wet1,160,derived_reference,common_voice_available_uk,ecapa_similarity,20,20,0.9397232294082641,0.9661654531955719,0.8379032760858536,0.9948446720838546
clearervoice_wet1,160,derived_reference,common_voice_available_uk,clipping_fraction,20,20,0.0,0.0,0.0,0.0
clearervoice_wet1,160,derived_reference,common_voice_available_uk,duration_ratio,20,20,0.8261963274474893,0.7943802521008403,0.6500917107583774,1.0
clearervoice_wet1,160,derived_reference,common_voice_available_uk,hf_burst_count,20,20,0.3,0.0,0.0,1.0500000000000007
clearervoice_wet1,160,derived_reference,common_voice_available_uk,corpus_cer,655,,0.03206106870229008,,,
clearervoice_wet1,160,derived_reference,common_voice_available_uk,corpus_wer,134,,0.12686567164179105,,,
clearervoice_wet1,160,derived_reference,common_voice_available_uk,corpus_parakeet_cer,655,,0.004580152671755725,,,
clearervoice_wet1,160,derived_reference,common_voice_available_uk,corpus_parakeet_wer,134,,0.029850746268656716,,,
clearervoice_wet1,160,derived_reference,fleurs_uk,sigmos_overall,20,20,2.934802436828613,2.9801077842712402,2.498535227775574,3.3258025288581847
clearervoice_wet1,160,derived_reference,fleurs_uk,sigmos_speech,20,20,3.4014331340789794,3.474965214729309,3.013017416000366,3.7205309867858887
clearervoice_wet1,160,derived_reference,fleurs_uk,sigmos_noise,20,20,3.774048924446106,3.656869888305664,3.45311496257782,4.371648502349854
clearervoice_wet1,160,derived_reference,fleurs_uk,sigmos_coloration,20,20,3.585020589828491,3.519429087638855,3.1997478365898133,4.076711797714234
clearervoice_wet1,160,derived_reference,fleurs_uk,sigmos_discontinuity,20,20,3.8094009876251222,3.8219364881515503,3.4791038036346436,4.152007961273194
clearervoice_wet1,160,derived_reference,fleurs_uk,audiobox_pq,20,20,6.770400500297546,6.837973594665527,6.167987728118897,7.2486295938491825
clearervoice_wet1,160,derived_reference,fleurs_uk,cer,20,20,0.02507024339328152,0.009127873205543108,0.0,0.12394062078272607
clearervoice_wet1,160,derived_reference,fleurs_uk,wer,20,20,0.07433636480007447,0.0393939393939394,0.0,0.3333333333333333
clearervoice_wet1,160,derived_reference,fleurs_uk,parakeet_cer,20,20,0.008169428733338507,0.0,0.0,0.04581339712918661
clearervoice_wet1,160,derived_reference,fleurs_uk,parakeet_wer,20,20,0.028794686496299397,0.0,0.0,0.1332949308755761
clearervoice_wet1,160,derived_reference,fleurs_uk,ecapa_similarity,20,20,0.9896286308765412,0.994025707244873,0.9769896239042282,0.9986494034528732
clearervoice_wet1,160,derived_reference,fleurs_uk,clipping_fraction,20,20,0.0,0.0,0.0,0.0
clearervoice_wet1,160,derived_reference,fleurs_uk,duration_ratio,20,20,0.9352075769456203,0.9488141005441062,0.846304616982187,1.0
clearervoice_wet1,160,derived_reference,fleurs_uk,hf_burst_count,20,20,4.0,0.5,0.0,17.05
clearervoice_wet1,160,derived_reference,fleurs_uk,corpus_cer,1950,,0.025128205128205128,,,
clearervoice_wet1,160,derived_reference,fleurs_uk,corpus_wer,345,,0.06376811594202898,,,
clearervoice_wet1,160,derived_reference,fleurs_uk,corpus_parakeet_cer,1950,,0.009743589743589744,,,
clearervoice_wet1,160,derived_reference,fleurs_uk,corpus_parakeet_wer,345,,0.034782608695652174,,,
clearervoice_wet1,160,derived_reference,opentts_lada,sigmos_overall,20,20,2.7566073536872864,2.828956127166748,2.3498896956443787,3.0868685483932494
clearervoice_wet1,160,derived_reference,opentts_lada,sigmos_speech,20,20,3.667556941509247,3.640820026397705,3.3034953236579896,4.0878113269805905
clearervoice_wet1,160,derived_reference,opentts_lada,sigmos_noise,20,20,4.000868785381317,4.0905680656433105,3.2648204445838926,4.5087778806686405
clearervoice_wet1,160,derived_reference,opentts_lada,sigmos_coloration,20,20,3.4589378356933596,3.4471479654312134,2.7659328103065492,4.0344716072082525
clearervoice_wet1,160,derived_reference,opentts_lada,sigmos_discontinuity,20,20,4.294353091716767,4.371453285217285,3.9023981213569643,4.571289157867431
clearervoice_wet1,160,derived_reference,opentts_lada,audiobox_pq,20,20,7.2373017311096195,7.2869062423706055,6.763565230369568,7.529933285713196
clearervoice_wet1,160,derived_reference,opentts_lada,cer,20,20,0.011475511144628792,0.0,0.0,0.07748868778280545
clearervoice_wet1,160,derived_reference,opentts_lada,wer,20,20,0.0539484126984127,0.0,0.0,0.16571428571428604
clearervoice_wet1,160,derived_reference,opentts_lada,parakeet_cer,20,20,0.017227705056505244,0.0,0.0,0.08042986425339371
clearervoice_wet1,160,derived_reference,opentts_lada,parakeet_wer,20,20,0.10482142857142855,0.0,0.0,0.4200000000000003
clearervoice_wet1,160,derived_reference,opentts_lada,ecapa_similarity,20,20,0.8431288093328476,0.8373117744922638,0.792110949754715,0.9267842829227447
clearervoice_wet1,160,derived_reference,opentts_lada,clipping_fraction,20,20,0.0,0.0,0.0,0.0
clearervoice_wet1,160,derived_reference,opentts_lada,duration_ratio,20,20,0.5513313427900088,0.5415800070573095,0.45017822333611807,0.6601515580614986
clearervoice_wet1,160,derived_reference,opentts_lada,hf_burst_count,20,20,2.2,2.0,0.0,5.100000000000001
clearervoice_wet1,160,derived_reference,opentts_lada,corpus_cer,753,,0.010624169986719787,,,
clearervoice_wet1,160,derived_reference,opentts_lada,corpus_wer,155,,0.04516129032258064,,,
clearervoice_wet1,160,derived_reference,opentts_lada,corpus_parakeet_cer,753,,0.01593625498007968,,,
clearervoice_wet1,160,derived_reference,opentts_lada,corpus_parakeet_wer,155,,0.08387096774193549,,,
clearervoice_wet1,160,derived_reference,opentts_mykyta,sigmos_overall,20,20,3.4900189876556396,3.4993624687194824,3.087369644641876,3.9917050480842593
clearervoice_wet1,160,derived_reference,opentts_mykyta,sigmos_speech,20,20,3.986041176319122,3.997024893760681,3.466065549850464,4.460788440704346
clearervoice_wet1,160,derived_reference,opentts_mykyta,sigmos_noise,20,20,4.374121594429016,4.34046483039856,4.0338276624679565,4.692073392868042
clearervoice_wet1,160,derived_reference,opentts_mykyta,sigmos_coloration,20,20,3.823473107814789,3.8343101739883423,3.165848994255066,4.447420263290406
clearervoice_wet1,160,derived_reference,opentts_mykyta,sigmos_discontinuity,20,20,4.3522104024887085,4.323014974594116,3.897922945022583,4.758147144317627
clearervoice_wet1,160,derived_reference,opentts_mykyta,audiobox_pq,20,20,7.669058227539063,7.698893070220947,7.241885042190551,7.983199334144592
clearervoice_wet1,160,derived_reference,opentts_mykyta,cer,20,20,0.020634862744734146,0.0,0.0,0.06062271062271081
clearervoice_wet1,160,derived_reference,opentts_mykyta,wer,20,20,0.04380827505827506,0.0,0.0,0.2541666666666667
clearervoice_wet1,160,derived_reference,opentts_mykyta,parakeet_cer,20,20,0.021358428805237317,0.0,0.0,0.05965630114566309
clearervoice_wet1,160,derived_reference,opentts_mykyta,parakeet_wer,20,20,0.05200757575757575,0.0,0.0,0.33666666666666667
clearervoice_wet1,160,derived_reference,opentts_mykyta,ecapa_similarity,20,20,0.9580000758171081,0.9669751822948456,0.8794768810272217,0.9939392298460007
clearervoice_wet1,160,derived_reference,opentts_mykyta,clipping_fraction,20,20,0.0,0.0,0.0,0.0
clearervoice_wet1,160,derived_reference,opentts_mykyta,duration_ratio,20,20,0.7721270807369509,0.775611020923521,0.6361967938087342,1.0
clearervoice_wet1,160,derived_reference,opentts_mykyta,hf_burst_count,20,20,2.3,2.5,0.0,4.150000000000002
clearervoice_wet1,160,derived_reference,opentts_mykyta,corpus_cer,606,,0.013201320132013201,,,
clearervoice_wet1,160,derived_reference,opentts_mykyta,corpus_wer,133,,0.03759398496240601,,,
clearervoice_wet1,160,derived_reference,opentts_mykyta,corpus_parakeet_cer,606,,0.01155115511551155,,,
clearervoice_wet1,160,derived_reference,opentts_mykyta,corpus_parakeet_wer,133,,0.045112781954887216,,,
clearervoice_wet1,160,derived_reference,opentts_tetiana,sigmos_overall,20,20,3.3081375479698183,3.3199636936187744,2.8911569833755495,3.741544985771179
clearervoice_wet1,160,derived_reference,opentts_tetiana,sigmos_speech,20,20,3.9132121086120604,3.9417644739151,3.329649555683136,4.453755927085877
clearervoice_wet1,160,derived_reference,opentts_tetiana,sigmos_noise,20,20,4.370874893665314,4.429409027099609,3.936721932888031,4.655584287643433
clearervoice_wet1,160,derived_reference,opentts_tetiana,sigmos_coloration,20,20,3.5377536058425902,3.4856679439544678,3.0288635373115538,4.053328609466552
clearervoice_wet1,160,derived_reference,opentts_tetiana,sigmos_discontinuity,20,20,4.3128113627433775,4.407466173171997,3.914510214328766,4.625583004951477
clearervoice_wet1,160,derived_reference,opentts_tetiana,audiobox_pq,20,20,7.6222971200942995,7.648144006729126,7.099176740646362,7.91675899028778
clearervoice_wet1,160,derived_reference,opentts_tetiana,cer,20,20,0.01950334387834388,0.0,0.0,0.06493055555555559
clearervoice_wet1,160,derived_reference,opentts_tetiana,wer,20,20,0.08964285714285714,0.0,0.0,0.3333333333333333
clearervoice_wet1,160,derived_reference,opentts_tetiana,parakeet_cer,20,20,0.016088992026492027,0.0,0.0,0.052421652421652434
clearervoice_wet1,160,derived_reference,opentts_tetiana,parakeet_wer,20,20,0.1301984126984127,0.0,0.0,0.4522222222222223
clearervoice_wet1,160,derived_reference,opentts_tetiana,ecapa_similarity,20,20,0.8296223789453506,0.8386494815349579,0.6813724189996719,0.9451178908348083
clearervoice_wet1,160,derived_reference,opentts_tetiana,clipping_fraction,20,20,0.0,0.0,0.0,0.0
clearervoice_wet1,160,derived_reference,opentts_tetiana,duration_ratio,20,20,0.5926129336006729,0.6122362187769165,0.4387848109732255,0.6704493233776723
clearervoice_wet1,160,derived_reference,opentts_tetiana,hf_burst_count,20,20,2.65,2.0,1.0,6.050000000000001
clearervoice_wet1,160,derived_reference,opentts_tetiana,corpus_cer,721,,0.018030513176144243,,,
clearervoice_wet1,160,derived_reference,opentts_tetiana,corpus_wer,153,,0.08496732026143791,,,
clearervoice_wet1,160,derived_reference,opentts_tetiana,corpus_parakeet_cer,721,,0.015256588072122053,,,
clearervoice_wet1,160,derived_reference,opentts_tetiana,corpus_parakeet_wer,153,,0.12418300653594772,,,
clearervoice_wet1,160,derived_reference,tg_voices_uk,sigmos_overall,20,20,2.9950053453445435,2.9173413515090942,2.5362095713615416,3.452540564537048
clearervoice_wet1,160,derived_reference,tg_voices_uk,sigmos_speech,20,20,3.4769152283668516,3.5275460481643677,2.9505506634712217,4.047963190078735
clearervoice_wet1,160,derived_reference,tg_voices_uk,sigmos_noise,20,20,3.975615346431732,3.928807497024536,3.3389485120773315,4.657099723815918
clearervoice_wet1,160,derived_reference,tg_voices_uk,sigmos_coloration,20,20,3.5197540044784548,3.496747136116028,3.062709999084473,4.037198543548584
clearervoice_wet1,160,derived_reference,tg_voices_uk,sigmos_discontinuity,20,20,4.073074412345886,4.0148537158966064,3.756960356235504,4.5632399559021
clearervoice_wet1,160,derived_reference,tg_voices_uk,audiobox_pq,20,20,6.7372496128082275,6.774961471557617,5.921592783927918,7.371258330345154
clearervoice_wet1,160,derived_reference,tg_voices_uk,cer,20,20,0.03583019401027812,0.021567717996289426,0.0,0.13831738437001598
clearervoice_wet1,160,derived_reference,tg_voices_uk,wer,20,20,0.12086240148740149,0.09545454545454546,0.0,0.45079365079365086
clearervoice_wet1,160,derived_reference,tg_voices_uk,parakeet_cer,20,20,0.0358024795186976,0.023214285714285715,0.0,0.1167780748663102
clearervoice_wet1,160,derived_reference,tg_voices_uk,parakeet_wer,20,20,0.1089341908091908,0.07179487179487179,0.0,0.434920634920635
clearervoice_wet1,160,derived_reference,tg_voices_uk,ecapa_similarity,20,20,0.9866357415914535,0.9927078783512115,0.9680072158575058,0.9993616163730621
clearervoice_wet1,160,derived_reference,tg_voices_uk,clipping_fraction,20,20,0.0,0.0,0.0,0.0
clearervoice_wet1,160,derived_reference,tg_voices_uk,duration_ratio,20,20,0.9548210080782343,0.9756754077781132,0.8812947738563099,1.0
clearervoice_wet1,160,derived_reference,tg_voices_uk,hf_burst_count,20,20,1.25,1.0,0.0,3.0500000000000007
clearervoice_wet1,160,derived_reference,tg_voices_uk,corpus_cer,800,,0.0425,,,
clearervoice_wet1,160,derived_reference,tg_voices_uk,corpus_wer,168,,0.125,,,
clearervoice_wet1,160,derived_reference,tg_voices_uk,corpus_parakeet_cer,800,,0.0425,,,
clearervoice_wet1,160,derived_reference,tg_voices_uk,corpus_parakeet_wer,168,,0.1130952380952381,,,
clearervoice_wet1,160,derived_reference,ua_ser,sigmos_overall,20,20,2.974677872657776,2.9469187259674072,2.2555432677268983,3.7957417726516725
clearervoice_wet1,160,derived_reference,ua_ser,sigmos_speech,20,20,3.4637375116348266,3.5066531896591187,2.7495731115341187,4.2417665243148805
clearervoice_wet1,160,derived_reference,ua_ser,sigmos_noise,20,20,3.8366448640823365,3.8887877464294434,3.267926502227783,4.500726652145386
clearervoice_wet1,160,derived_reference,ua_ser,sigmos_coloration,20,20,3.443004536628723,3.4309253692626953,2.9274881720542907,4.302291202545166
clearervoice_wet1,160,derived_reference,ua_ser,sigmos_discontinuity,20,20,3.823221433162689,3.698983073234558,3.018549048900604,4.768348813056946
clearervoice_wet1,160,derived_reference,ua_ser,audiobox_pq,20,20,6.348109757900238,6.606869459152222,4.850529491901398,7.350064063072205
clearervoice_wet1,160,derived_reference,ua_ser,cer,20,20,0.23548522344268114,0.13067226890756303,0.0,0.9252564102564104
clearervoice_wet1,160,derived_reference,ua_ser,wer,20,20,0.3626984126984127,0.2361111111111111,0.0,1.0
clearervoice_wet1,160,derived_reference,ua_ser,parakeet_cer,20,20,0.2653704327327565,0.06111111111111111,0.0,1.0214285714285718
clearervoice_wet1,160,derived_reference,ua_ser,parakeet_wer,20,20,0.3555555555555555,0.19444444444444442,0.0,1.0250000000000004
clearervoice_wet1,160,derived_reference,ua_ser,ecapa_similarity,20,20,0.9268676906824111,0.9655361771583557,0.6965893268585205,0.9982537716627121
clearervoice_wet1,160,derived_reference,ua_ser,clipping_fraction,20,20,0.0,0.0,0.0,0.0
clearervoice_wet1,160,derived_reference,ua_ser,duration_ratio,20,20,0.9962539811660903,1.0,0.9728752580597698,1.0000089178059368
clearervoice_wet1,160,derived_reference,ua_ser,hf_burst_count,20,20,1.3,0.5,0.0,4.0
clearervoice_wet1,160,derived_reference,ua_ser,corpus_cer,601,,0.17803660565723795,,,
clearervoice_wet1,160,derived_reference,ua_ser,corpus_wer,134,,0.291044776119403,,,
clearervoice_wet1,160,derived_reference,ua_ser,corpus_parakeet_cer,601,,0.17637271214642264,,,
clearervoice_wet1,160,derived_reference,ua_ser,corpus_parakeet_wer,134,,0.27611940298507465,,,
clearervoice_wet1,160,derived_reference,ukr_dialects,sigmos_overall,20,20,2.9513902068138123,3.0106078386306763,2.4706581473350524,3.5001399993896483
clearervoice_wet1,160,derived_reference,ukr_dialects,sigmos_speech,20,20,3.44835079908371,3.425690770149231,2.8872238278388975,4.059707474708557
clearervoice_wet1,160,derived_reference,ukr_dialects,sigmos_noise,20,20,3.854567086696625,4.080531120300293,3.0036853671073915,4.6681575059890745
clearervoice_wet1,160,derived_reference,ukr_dialects,sigmos_coloration,20,20,3.4693696022033693,3.3921074867248535,2.8053114652633666,4.347448086738586
clearervoice_wet1,160,derived_reference,ukr_dialects,sigmos_discontinuity,20,20,4.452145099639893,4.58570408821106,4.0199579238891605,4.87895622253418
clearervoice_wet1,160,derived_reference,ukr_dialects,audiobox_pq,20,20,6.706535887718201,6.929620742797852,4.576165652275085,7.577749228477478
clearervoice_wet1,160,derived_reference,ukr_dialects,cer,20,20,0.15428768515500896,0.0807123034227567,0.0,0.3939560439560441
clearervoice_wet1,160,derived_reference,ukr_dialects,wer,20,20,0.34714682106859274,0.3798076923076923,0.0,0.7625000000000002
clearervoice_wet1,160,derived_reference,ukr_dialects,parakeet_cer,20,20,0.10880752143008347,0.08788083953960732,0.0,0.3622863247863248
clearervoice_wet1,160,derived_reference,ukr_dialects,parakeet_wer,20,20,0.27015294603552864,0.27754237288135597,0.0,0.640909090909091
clearervoice_wet1,160,derived_reference,ukr_dialects,ecapa_similarity,20,20,0.9836965084075928,0.9936110377311707,0.9161135166883468,0.9994858533143998
clearervoice_wet1,160,derived_reference,ukr_dialects,clipping_fraction,20,20,0.0,0.0,0.0,0.0
clearervoice_wet1,160,derived_reference,ukr_dialects,duration_ratio,20,20,0.9894625148188266,1.0,0.9200796146550865,1.0
clearervoice_wet1,160,derived_reference,ukr_dialects,hf_burst_count,20,20,2.2,0.0,0.0,5.6000000000000085
clearervoice_wet1,160,derived_reference,ukr_dialects,corpus_cer,1677,,0.11329755515802027,,,
clearervoice_wet1,160,derived_reference,ukr_dialects,corpus_wer,376,,0.3351063829787234,,,
clearervoice_wet1,160,derived_reference,ukr_dialects,corpus_parakeet_cer,1677,,0.08944543828264759,,,
clearervoice_wet1,160,derived_reference,ukr_dialects,corpus_parakeet_wer,376,,0.28191489361702127,,,
clearervoice_wet1,160,derived_reference,source_macro,sigmos_overall,8,,3.0309055238962173,,,
clearervoice_wet1,160,derived_reference,source_macro,sigmos_speech,8,,3.5747040510177612,,,
clearervoice_wet1,160,derived_reference,source_macro,sigmos_noise,8,,4.036589340865612,,,
clearervoice_wet1,160,derived_reference,source_macro,sigmos_coloration,8,,3.504570536315441,,,
clearervoice_wet1,160,derived_reference,source_macro,sigmos_discontinuity,8,,4.151044183969498,,,
clearervoice_wet1,160,derived_reference,source_macro,audiobox_pq,8,,6.874555772542953,,,
clearervoice_wet1,160,derived_reference,source_macro,cer,8,,0.06777679241806751,,,
clearervoice_wet1,160,derived_reference,source_macro,wer,8,,0.1544171647309749,,,
clearervoice_wet1,160,derived_reference,source_macro,parakeet_cer,8,,0.060026326152267925,,,
clearervoice_wet1,160,derived_reference,source_macro,parakeet_wer,8,,0.13724559949049892,,,
clearervoice_wet1,160,derived_reference,source_macro,ecapa_similarity,8,,0.9321628831326961,,,
clearervoice_wet1,160,derived_reference,source_macro,clipping_fraction,8,,0.0,,,
clearervoice_wet1,160,derived_reference,source_macro,duration_ratio,8,,0.8272515956979867,,,
clearervoice_wet1,160,derived_reference,source_macro,hf_burst_count,8,,2.0250000000000004,,,
deepfilternet3_peakminus3_wet1,160,derived_reference,all,sigmos_overall,160,160,3.1217048853635787,3.1198182106018066,2.44935919046402,3.8488663196563717
deepfilternet3_peakminus3_wet1,160,derived_reference,all,sigmos_speech,160,160,3.6342962235212326,3.6865779161453247,2.8948753476142883,4.2875015258789055
deepfilternet3_peakminus3_wet1,160,derived_reference,all,sigmos_noise,160,160,4.153077720105648,4.214260816574097,3.408045220375061,4.653875732421875
deepfilternet3_peakminus3_wet1,160,derived_reference,all,sigmos_coloration,160,160,3.552521876990795,3.5791836977005005,2.8798439502716064,4.246714687347412
deepfilternet3_peakminus3_wet1,160,derived_reference,all,sigmos_discontinuity,160,160,4.140484820306301,4.147004842758179,3.4951629281044005,4.683411455154419
deepfilternet3_peakminus3_wet1,160,derived_reference,all,audiobox_pq,160,160,6.982152624428272,7.248138427734375,5.02412440776825,7.86321792602539
deepfilternet3_peakminus3_wet1,160,derived_reference,all,cer,160,160,0.07438415779700291,0.0,0.0,0.39591503267973616
deepfilternet3_peakminus3_wet1,160,derived_reference,all,wer,160,160,0.1650467645719234,0.016666666666666666,0.0,0.7202380952380932
deepfilternet3_peakminus3_wet1,160,derived_reference,all,parakeet_cer,160,160,0.07037633515515751,0.0,0.0,0.3848290598290598
deepfilternet3_peakminus3_wet1,160,derived_reference,all,parakeet_wer,160,160,0.1483063565006733,0.0,0.0,0.8009090909090907
deepfilternet3_peakminus3_wet1,160,derived_reference,all,ecapa_similarity,160,160,0.9217710543423892,0.9575176537036896,0.766737911105156,0.9962490200996399
deepfilternet3_peakminus3_wet1,160,derived_reference,all,clipping_fraction,160,160,0.0,0.0,0.0,0.0
deepfilternet3_peakminus3_wet1,160,derived_reference,all,duration_ratio,160,160,0.8272515956979867,0.9074074074074074,0.489217673814165,1.0
deepfilternet3_peakminus3_wet1,160,derived_reference,all,hf_burst_count,160,160,2.1875,1.5,0.0,7.0
deepfilternet3_peakminus3_wet1,160,derived_reference,all,corpus_cer,7763,,0.06093005281463352,,,
deepfilternet3_peakminus3_wet1,160,derived_reference,all,corpus_wer,1598,,0.16332916145181478,,,
deepfilternet3_peakminus3_wet1,160,derived_reference,all,corpus_parakeet_cer,7763,,0.05358753059384259,,,
deepfilternet3_peakminus3_wet1,160,derived_reference,all,corpus_parakeet_wer,1598,,0.14518147684605756,,,
deepfilternet3_peakminus3_wet1,160,derived_reference,common_voice_available_uk,sigmos_overall,20,20,2.9318421363830565,2.8818663358688354,2.4031540155410767,3.6521602630615235
deepfilternet3_peakminus3_wet1,160,derived_reference,common_voice_available_uk,sigmos_speech,20,20,3.3330926060676576,3.3423255681991577,2.773628628253937,4.002361047267914
deepfilternet3_peakminus3_wet1,160,derived_reference,common_voice_available_uk,sigmos_noise,20,20,4.170612072944641,4.20733904838562,3.757935953140259,4.56766197681427
deepfilternet3_peakminus3_wet1,160,derived_reference,common_voice_available_uk,sigmos_coloration,20,20,3.2150775671005247,3.1316570043563843,2.5051498770713807,3.959618425369263
deepfilternet3_peakminus3_wet1,160,derived_reference,common_voice_available_uk,sigmos_discontinuity,20,20,4.028045868873596,3.9781579971313477,3.448167955875397,4.683706569671631
deepfilternet3_peakminus3_wet1,160,derived_reference,common_voice_available_uk,audiobox_pq,20,20,5.929771506786347,6.580198287963867,3.9193280816078184,7.020319724082947
deepfilternet3_peakminus3_wet1,160,derived_reference,common_voice_available_uk,cer,20,20,0.04528143274232625,0.0,0.0,0.18709150326797402
deepfilternet3_peakminus3_wet1,160,derived_reference,common_voice_available_uk,wer,20,20,0.13983821733821733,0.0,0.0,0.36666666666666714
deepfilternet3_peakminus3_wet1,160,derived_reference,common_voice_available_uk,parakeet_cer,20,20,0.027082590612002376,0.0,0.0,0.07702020202020225
deepfilternet3_peakminus3_wet1,160,derived_reference,common_voice_available_uk,parakeet_wer,20,20,0.08678571428571429,0.0,0.0,0.32142857142857195
deepfilternet3_peakminus3_wet1,160,derived_reference,common_voice_available_uk,ecapa_similarity,20,20,0.9349782735109329,0.9547518789768219,0.8384774297475814,0.9864977836608887
deepfilternet3_peakminus3_wet1,160,derived_reference,common_voice_available_uk,clipping_fraction,20,20,0.0,0.0,0.0,0.0
deepfilternet3_peakminus3_wet1,160,derived_reference,common_voice_available_uk,duration_ratio,20,20,0.8261963274474893,0.7943802521008403,0.6500917107583774,1.0
deepfilternet3_peakminus3_wet1,160,derived_reference,common_voice_available_uk,hf_burst_count,20,20,0.45,0.0,0.0,2.0500000000000007
deepfilternet3_peakminus3_wet1,160,derived_reference,common_voice_available_uk,corpus_cer,655,,0.03358778625954199,,,
deepfilternet3_peakminus3_wet1,160,derived_reference,common_voice_available_uk,corpus_wer,134,,0.11940298507462686,,,
deepfilternet3_peakminus3_wet1,160,derived_reference,common_voice_available_uk,corpus_parakeet_cer,655,,0.016793893129770993,,,
deepfilternet3_peakminus3_wet1,160,derived_reference,common_voice_available_uk,corpus_parakeet_wer,134,,0.05970149253731343,,,
deepfilternet3_peakminus3_wet1,160,derived_reference,fleurs_uk,sigmos_overall,20,20,3.095726203918457,3.0934042930603027,2.572011661529541,3.654733622074127
deepfilternet3_peakminus3_wet1,160,derived_reference,fleurs_uk,sigmos_speech,20,20,3.5510194659233094,3.5420942306518555,2.983897399902344,4.047846817970276
deepfilternet3_peakminus3_wet1,160,derived_reference,fleurs_uk,sigmos_noise,20,20,4.003717589378357,4.00663685798645,3.614475667476654,4.37064688205719
deepfilternet3_peakminus3_wet1,160,derived_reference,fleurs_uk,sigmos_coloration,20,20,3.6856775760650633,3.5922956466674805,3.279775094985962,4.247798442840576
deepfilternet3_peakminus3_wet1,160,derived_reference,fleurs_uk,sigmos_discontinuity,20,20,3.9581108689308167,3.9442251920700073,3.680598795413971,4.247078227996826
deepfilternet3_peakminus3_wet1,160,derived_reference,fleurs_uk,audiobox_pq,20,20,7.010018610954285,7.1850762367248535,6.103069853782654,7.455168128013611
deepfilternet3_peakminus3_wet1,160,derived_reference,fleurs_uk,cer,20,20,0.026836920213263244,0.009127873205543108,0.0,0.12394062078272607
deepfilternet3_peakminus3_wet1,160,derived_reference,fleurs_uk,wer,20,20,0.08322525368896336,0.0393939393939394,0.0,0.3333333333333333
deepfilternet3_peakminus3_wet1,160,derived_reference,fleurs_uk,parakeet_cer,20,20,0.009189836896603815,0.0,0.0,0.04581339712918661
deepfilternet3_peakminus3_wet1,160,derived_reference,fleurs_uk,parakeet_wer,20,20,0.03212801982963273,0.0,0.0,0.13738095238095244
deepfilternet3_peakminus3_wet1,160,derived_reference,fleurs_uk,ecapa_similarity,20,20,0.9793574273586273,0.9876040518283844,0.9259320795536041,0.9962877571582794
deepfilternet3_peakminus3_wet1,160,derived_reference,fleurs_uk,clipping_fraction,20,20,0.0,0.0,0.0,0.0
deepfilternet3_peakminus3_wet1,160,derived_reference,fleurs_uk,duration_ratio,20,20,0.9352075769456203,0.9488141005441062,0.846304616982187,1.0
deepfilternet3_peakminus3_wet1,160,derived_reference,fleurs_uk,hf_burst_count,20,20,4.4,0.5,0.0,17.1
deepfilternet3_peakminus3_wet1,160,derived_reference,fleurs_uk,corpus_cer,1950,,0.02666666666666667,,,
deepfilternet3_peakminus3_wet1,160,derived_reference,fleurs_uk,corpus_wer,345,,0.06956521739130435,,,
deepfilternet3_peakminus3_wet1,160,derived_reference,fleurs_uk,corpus_parakeet_cer,1950,,0.010769230769230769,,,
deepfilternet3_peakminus3_wet1,160,derived_reference,fleurs_uk,corpus_parakeet_wer,345,,0.03768115942028986,,,
deepfilternet3_peakminus3_wet1,160,derived_reference,opentts_lada,sigmos_overall,20,20,2.8353846430778504,2.86258864402771,2.395971381664276,3.339002847671509
deepfilternet3_peakminus3_wet1,160,derived_reference,opentts_lada,sigmos_speech,20,20,3.739485204219818,3.8010302782058716,3.1621642231941225,4.13189377784729
deepfilternet3_peakminus3_wet1,160,derived_reference,opentts_lada,sigmos_noise,20,20,4.067251741886139,4.065978765487671,3.464894986152649,4.509732627868653
deepfilternet3_peakminus3_wet1,160,derived_reference,opentts_lada,sigmos_coloration,20,20,3.477552592754364,3.5635786056518555,2.765038990974426,3.8956738591194155
deepfilternet3_peakminus3_wet1,160,derived_reference,opentts_lada,sigmos_discontinuity,20,20,4.2878382563591,4.315755844116211,3.957779037952423,4.595545864105225
deepfilternet3_peakminus3_wet1,160,derived_reference,opentts_lada,audiobox_pq,20,20,7.292260384559631,7.343615770339966,6.880451893806457,7.570600628852844
deepfilternet3_peakminus3_wet1,160,derived_reference,opentts_lada,cer,20,20,0.010549585218702865,0.0,0.0,0.07748868778280545
deepfilternet3_peakminus3_wet1,160,derived_reference,opentts_lada,wer,20,20,0.04894841269841269,0.0,0.0,0.16571428571428604
deepfilternet3_peakminus3_wet1,160,derived_reference,opentts_lada,parakeet_cer,20,20,0.014286528585917007,0.0,0.0,0.07748868778280545
deepfilternet3_peakminus3_wet1,160,derived_reference,opentts_lada,parakeet_wer,20,20,0.09767857142857142,0.0,0.0,0.4200000000000003
deepfilternet3_peakminus3_wet1,160,derived_reference,opentts_lada,ecapa_similarity,20,20,0.841156467795372,0.8301113545894623,0.7886174917221069,0.9240836262702942
deepfilternet3_peakminus3_wet1,160,derived_reference,opentts_lada,clipping_fraction,20,20,0.0,0.0,0.0,0.0
deepfilternet3_peakminus3_wet1,160,derived_reference,opentts_lada,duration_ratio,20,20,0.5513313427900088,0.5415800070573095,0.45017822333611807,0.6601515580614986
deepfilternet3_peakminus3_wet1,160,derived_reference,opentts_lada,hf_burst_count,20,20,2.2,2.0,0.0,5.100000000000001
deepfilternet3_peakminus3_wet1,160,derived_reference,opentts_lada,corpus_cer,753,,0.009296148738379814,,,
deepfilternet3_peakminus3_wet1,160,derived_reference,opentts_lada,corpus_wer,155,,0.03870967741935484,,,
deepfilternet3_peakminus3_wet1,160,derived_reference,opentts_lada,corpus_parakeet_cer,753,,0.013280212483399735,,,
deepfilternet3_peakminus3_wet1,160,derived_reference,opentts_lada,corpus_parakeet_wer,155,,0.07741935483870968,,,
deepfilternet3_peakminus3_wet1,160,derived_reference,opentts_mykyta,sigmos_overall,20,20,3.5511521339416503,3.590927481651306,3.090574860572815,4.038241600990295
deepfilternet3_peakminus3_wet1,160,derived_reference,opentts_mykyta,sigmos_speech,20,20,4.0099002599716185,4.083031415939331,3.4571282982826235,4.394546127319336
deepfilternet3_peakminus3_wet1,160,derived_reference,opentts_mykyta,sigmos_noise,20,20,4.399354636669159,4.429022550582886,3.9496734023094175,4.725113701820374
deepfilternet3_peakminus3_wet1,160,derived_reference,opentts_mykyta,sigmos_coloration,20,20,3.7744802236557007,3.7244648933410645,3.111075258255005,4.437906503677368
deepfilternet3_peakminus3_wet1,160,derived_reference,opentts_mykyta,sigmos_discontinuity,20,20,4.34714937210083,4.412270545959473,3.902331018447876,4.706057786941528
deepfilternet3_peakminus3_wet1,160,derived_reference,opentts_mykyta,audiobox_pq,20,20,7.738195061683655,7.780761480331421,7.420139002799988,7.996036458015442
deepfilternet3_peakminus3_wet1,160,derived_reference,opentts_mykyta,cer,20,20,0.02343011082300109,0.0,0.0,0.06062271062271081
deepfilternet3_peakminus3_wet1,160,derived_reference,opentts_mykyta,wer,20,20,0.0726544289044289,0.0,0.0,0.3416666666666668
deepfilternet3_peakminus3_wet1,160,derived_reference,opentts_mykyta,parakeet_cer,20,20,0.021358428805237317,0.0,0.0,0.05965630114566309
deepfilternet3_peakminus3_wet1,160,derived_reference,opentts_mykyta,parakeet_wer,20,20,0.05200757575757575,0.0,0.0,0.33666666666666667
deepfilternet3_peakminus3_wet1,160,derived_reference,opentts_mykyta,ecapa_similarity,20,20,0.9605892270803451,0.966335266828537,0.9107402950525284,0.9937238037586212
deepfilternet3_peakminus3_wet1,160,derived_reference,opentts_mykyta,clipping_fraction,20,20,0.0,0.0,0.0,0.0
deepfilternet3_peakminus3_wet1,160,derived_reference,opentts_mykyta,duration_ratio,20,20,0.7721270807369509,0.775611020923521,0.6361967938087342,1.0
deepfilternet3_peakminus3_wet1,160,derived_reference,opentts_mykyta,hf_burst_count,20,20,2.3,2.5,0.0,4.150000000000002
deepfilternet3_peakminus3_wet1,160,derived_reference,opentts_mykyta,corpus_cer,606,,0.0165016501650165,,,
deepfilternet3_peakminus3_wet1,160,derived_reference,opentts_mykyta,corpus_wer,133,,0.06015037593984962,,,
deepfilternet3_peakminus3_wet1,160,derived_reference,opentts_mykyta,corpus_parakeet_cer,606,,0.01155115511551155,,,
deepfilternet3_peakminus3_wet1,160,derived_reference,opentts_mykyta,corpus_parakeet_wer,133,,0.045112781954887216,,,
deepfilternet3_peakminus3_wet1,160,derived_reference,opentts_tetiana,sigmos_overall,20,20,3.3162203669548034,3.2928171157836914,2.9148218035697937,3.687882137298584
deepfilternet3_peakminus3_wet1,160,derived_reference,opentts_tetiana,sigmos_speech,20,20,3.866225039958954,3.8588186502456665,3.419199287891388,4.262879061698913
deepfilternet3_peakminus3_wet1,160,derived_reference,opentts_tetiana,sigmos_noise,20,20,4.404218006134033,4.428131580352783,4.077258181571961,4.725070881843567
deepfilternet3_peakminus3_wet1,160,derived_reference,opentts_tetiana,sigmos_coloration,20,20,3.5676828145980837,3.5521438121795654,3.094739305973053,4.125712442398071
deepfilternet3_peakminus3_wet1,160,derived_reference,opentts_tetiana,sigmos_discontinuity,20,20,4.2444211602210995,4.252151012420654,3.7696199297904966,4.6711660861969
deepfilternet3_peakminus3_wet1,160,derived_reference,opentts_tetiana,audiobox_pq,20,20,7.678009486198425,7.671387434005737,7.3046554803848265,7.934288287162781
deepfilternet3_peakminus3_wet1,160,derived_reference,opentts_tetiana,cer,20,20,0.01950334387834388,0.0,0.0,0.06493055555555559
deepfilternet3_peakminus3_wet1,160,derived_reference,opentts_tetiana,wer,20,20,0.08964285714285714,0.0,0.0,0.3333333333333333
deepfilternet3_peakminus3_wet1,160,derived_reference,opentts_tetiana,parakeet_cer,20,20,0.016088992026492027,0.0,0.0,0.052421652421652434
deepfilternet3_peakminus3_wet1,160,derived_reference,opentts_tetiana,parakeet_wer,20,20,0.1301984126984127,0.0,0.0,0.4522222222222223
deepfilternet3_peakminus3_wet1,160,derived_reference,opentts_tetiana,ecapa_similarity,20,20,0.8373854488134385,0.8375554382801056,0.7104800492525101,0.9565521985292434
deepfilternet3_peakminus3_wet1,160,derived_reference,opentts_tetiana,clipping_fraction,20,20,0.0,0.0,0.0,0.0
deepfilternet3_peakminus3_wet1,160,derived_reference,opentts_tetiana,duration_ratio,20,20,0.5926129336006729,0.6122362187769165,0.4387848109732255,0.6704493233776723
deepfilternet3_peakminus3_wet1,160,derived_reference,opentts_tetiana,hf_burst_count,20,20,2.65,2.0,1.0,6.050000000000001
deepfilternet3_peakminus3_wet1,160,derived_reference,opentts_tetiana,corpus_cer,721,,0.018030513176144243,,,
deepfilternet3_peakminus3_wet1,160,derived_reference,opentts_tetiana,corpus_wer,153,,0.08496732026143791,,,
deepfilternet3_peakminus3_wet1,160,derived_reference,opentts_tetiana,corpus_parakeet_cer,721,,0.015256588072122053,,,
deepfilternet3_peakminus3_wet1,160,derived_reference,opentts_tetiana,corpus_parakeet_wer,153,,0.12418300653594772,,,
deepfilternet3_peakminus3_wet1,160,derived_reference,tg_voices_uk,sigmos_overall,20,20,3.131675052642822,3.1470614671707153,2.6295145869255068,3.7664565086364745
deepfilternet3_peakminus3_wet1,160,derived_reference,tg_voices_uk,sigmos_speech,20,20,3.5643938899040224,3.663915276527405,2.914986753463745,4.050155568122864
deepfilternet3_peakminus3_wet1,160,derived_reference,tg_voices_uk,sigmos_noise,20,20,4.1864425301551815,4.228332281112671,3.729851722717285,4.577974605560303
deepfilternet3_peakminus3_wet1,160,derived_reference,tg_voices_uk,sigmos_coloration,20,20,3.5848904490470885,3.562209129333496,3.0129902243614195,4.172933959960938
deepfilternet3_peakminus3_wet1,160,derived_reference,tg_voices_uk,sigmos_discontinuity,20,20,4.042323637008667,4.010318279266357,3.5833962202072143,4.588974857330323
deepfilternet3_peakminus3_wet1,160,derived_reference,tg_voices_uk,audiobox_pq,20,20,6.952676582336426,6.986669540405273,6.254962134361267,7.641867685317993
deepfilternet3_peakminus3_wet1,160,derived_reference,tg_voices_uk,cer,20,20,0.03696655764664176,0.021567717996289426,0.0,0.15990829346092506
deepfilternet3_peakminus3_wet1,160,derived_reference,tg_voices_uk,wer,20,20,0.15300525863025863,0.10555555555555556,0.0,0.5107142857142859
deepfilternet3_peakminus3_wet1,160,derived_reference,tg_voices_uk,parakeet_cer,20,20,0.0318074470721775,0.017125292740046837,0.0,0.11481729055258469
deepfilternet3_peakminus3_wet1,160,derived_reference,tg_voices_uk,parakeet_wer,20,20,0.10448974636474635,0.06458333333333333,0.0,0.434920634920635
deepfilternet3_peakminus3_wet1,160,derived_reference,tg_voices_uk,ecapa_similarity,20,20,0.9688111573457718,0.97787806391716,0.9086237102746964,0.9984963864088059
deepfilternet3_peakminus3_wet1,160,derived_reference,tg_voices_uk,clipping_fraction,20,20,0.0,0.0,0.0,0.0
deepfilternet3_peakminus3_wet1,160,derived_reference,tg_voices_uk,duration_ratio,20,20,0.9548210080782343,0.9756754077781132,0.8812947738563099,1.0
deepfilternet3_peakminus3_wet1,160,derived_reference,tg_voices_uk,hf_burst_count,20,20,1.5,1.0,0.0,4.0
deepfilternet3_peakminus3_wet1,160,derived_reference,tg_voices_uk,corpus_cer,800,,0.04375,,,
deepfilternet3_peakminus3_wet1,160,derived_reference,tg_voices_uk,corpus_wer,168,,0.14285714285714285,,,
deepfilternet3_peakminus3_wet1,160,derived_reference,tg_voices_uk,corpus_parakeet_cer,800,,0.04,,,
deepfilternet3_peakminus3_wet1,160,derived_reference,tg_voices_uk,corpus_parakeet_wer,168,,0.1130952380952381,,,
deepfilternet3_peakminus3_wet1,160,derived_reference,ua_ser,sigmos_overall,20,20,2.902788245677948,3.025038719177246,1.881223773956299,3.6097779631614686
deepfilternet3_peakminus3_wet1,160,derived_reference,ua_ser,sigmos_speech,20,20,3.325006663799286,3.4892107248306274,2.0662028074264525,4.010903453826905
deepfilternet3_peakminus3_wet1,160,derived_reference,ua_ser,sigmos_noise,20,20,3.8606967687606812,3.903077244758606,3.20405136346817,4.445025849342346
deepfilternet3_peakminus3_wet1,160,derived_reference,ua_ser,sigmos_coloration,20,20,3.387383210659027,3.4438010454177856,2.8962106704711914,3.8293514966964723
deepfilternet3_peakminus3_wet1,160,derived_reference,ua_ser,sigmos_discontinuity,20,20,3.8316134810447693,3.819711208343506,3.1768688321113587,4.5341544389724735
deepfilternet3_peakminus3_wet1,160,derived_reference,ua_ser,audiobox_pq,20,20,6.390927410125732,6.711450099945068,4.772860717773438,7.47540078163147
deepfilternet3_peakminus3_wet1,160,derived_reference,ua_ser,cer,20,20,0.24524245967050556,0.11596638655462185,0.0,0.9252564102564104
deepfilternet3_peakminus3_wet1,160,derived_reference,ua_ser,wer,20,20,0.3567460317460317,0.2361111111111111,0.0,1.0250000000000004
deepfilternet3_peakminus3_wet1,160,derived_reference,ua_ser,parakeet_cer,20,20,0.26238226378096524,0.06111111111111111,0.0,1.0
deepfilternet3_peakminus3_wet1,160,derived_reference,ua_ser,parakeet_wer,20,20,0.35416666666666663,0.19444444444444442,0.0,1.0
deepfilternet3_peakminus3_wet1,160,derived_reference,ua_ser,ecapa_similarity,20,20,0.8979987591505051,0.946394681930542,0.6721227705478668,0.9948289573192597
deepfilternet3_peakminus3_wet1,160,derived_reference,ua_ser,clipping_fraction,20,20,0.0,0.0,0.0,0.0
deepfilternet3_peakminus3_wet1,160,derived_reference,ua_ser,duration_ratio,20,20,0.9962539811660903,1.0,0.9728752580597698,1.0000089178059368
deepfilternet3_peakminus3_wet1,160,derived_reference,ua_ser,hf_burst_count,20,20,1.7,2.0,0.0,4.0
deepfilternet3_peakminus3_wet1,160,derived_reference,ua_ser,corpus_cer,601,,0.1930116472545757,,,
deepfilternet3_peakminus3_wet1,160,derived_reference,ua_ser,corpus_wer,134,,0.27611940298507465,,,
deepfilternet3_peakminus3_wet1,160,derived_reference,ua_ser,corpus_parakeet_cer,601,,0.18801996672212978,,,
deepfilternet3_peakminus3_wet1,160,derived_reference,ua_ser,corpus_parakeet_wer,134,,0.291044776119403,,,
deepfilternet3_peakminus3_wet1,160,derived_reference,ukr_dialects,sigmos_overall,20,20,3.2088503003120423,3.1478710174560547,2.742834484577179,3.7167235970497132
deepfilternet3_peakminus3_wet1,160,derived_reference,ukr_dialects,sigmos_speech,20,20,3.6852466583251955,3.736775517463684,3.1136573791503905,4.215245151519776
deepfilternet3_peakminus3_wet1,160,derived_reference,ukr_dialects,sigmos_noise,20,20,4.1323284149169925,4.134927272796631,3.35202933549881,4.694761347770691
deepfilternet3_peakminus3_wet1,160,derived_reference,ukr_dialects,sigmos_coloration,20,20,3.727430582046509,3.843634843826294,2.9074634432792665,4.294825387001038
deepfilternet3_peakminus3_wet1,160,derived_reference,ukr_dialects,sigmos_discontinuity,20,20,4.384375917911529,4.500526428222656,3.9073184370994567,4.86994686126709
deepfilternet3_peakminus3_wet1,160,derived_reference,ukr_dialects,audiobox_pq,20,20,6.865361952781678,7.317256927490234,5.00144522190094,7.609230089187622
deepfilternet3_peakminus3_wet1,160,derived_reference,ukr_dialects,cer,20,20,0.18726285218323865,0.09135060129509713,0.0,0.5868226600985224
deepfilternet3_peakminus3_wet1,160,derived_reference,ukr_dialects,wer,20,20,0.37631365642621756,0.3653846153846154,0.0,1.0
deepfilternet3_peakminus3_wet1,160,derived_reference,ukr_dialects,parakeet_cer,20,20,0.18081459346186474,0.09501241254795756,0.0,0.7215517241379312
deepfilternet3_peakminus3_wet1,160,derived_reference,ukr_dialects,parakeet_wer,20,20,0.3289961449740665,0.2690677966101695,0.0,0.940625
deepfilternet3_peakminus3_wet1,160,derived_reference,ukr_dialects,ecapa_similarity,20,20,0.9538916736841202,0.9768574237823486,0.862869942188263,0.9990668505430221
deepfilternet3_peakminus3_wet1,160,derived_reference,ukr_dialects,clipping_fraction,20,20,0.0,0.0,0.0,0.0
deepfilternet3_peakminus3_wet1,160,derived_reference,ukr_dialects,duration_ratio,20,20,0.9894625148188266,1.0,0.9200796146550865,1.0
deepfilternet3_peakminus3_wet1,160,derived_reference,ukr_dialects,hf_burst_count,20,20,2.3,1.0,0.0,6.450000000000006
deepfilternet3_peakminus3_wet1,160,derived_reference,ukr_dialects,corpus_cer,1677,,0.12999403697078116,,,
deepfilternet3_peakminus3_wet1,160,derived_reference,ukr_dialects,corpus_wer,376,,0.3537234042553192,,,
deepfilternet3_peakminus3_wet1,160,derived_reference,ukr_dialects,corpus_parakeet_cer,1677,,0.12581991651759095,,,
deepfilternet3_peakminus3_wet1,160,derived_reference,ukr_dialects,corpus_parakeet_wer,376,,0.30851063829787234,,,
deepfilternet3_peakminus3_wet1,160,derived_reference,source_macro,sigmos_overall,8,,3.1217048853635787,,,
deepfilternet3_peakminus3_wet1,160,derived_reference,source_macro,sigmos_speech,8,,3.6342962235212326,,,
deepfilternet3_peakminus3_wet1,160,derived_reference,source_macro,sigmos_noise,8,,4.153077720105648,,,
deepfilternet3_peakminus3_wet1,160,derived_reference,source_macro,sigmos_coloration,8,,3.552521876990795,,,
deepfilternet3_peakminus3_wet1,160,derived_reference,source_macro,sigmos_discontinuity,8,,4.140484820306301,,,
deepfilternet3_peakminus3_wet1,160,derived_reference,source_macro,audiobox_pq,8,,6.982152624428272,,,
deepfilternet3_peakminus3_wet1,160,derived_reference,source_macro,cer,8,,0.07438415779700291,,,
deepfilternet3_peakminus3_wet1,160,derived_reference,source_macro,wer,8,,0.1650467645719234,,,
deepfilternet3_peakminus3_wet1,160,derived_reference,source_macro,parakeet_cer,8,,0.07037633515515751,,,
deepfilternet3_peakminus3_wet1,160,derived_reference,source_macro,parakeet_wer,8,,0.1483063565006733,,,
deepfilternet3_peakminus3_wet1,160,derived_reference,source_macro,ecapa_similarity,8,,0.9217710543423892,,,
deepfilternet3_peakminus3_wet1,160,derived_reference,source_macro,clipping_fraction,8,,0.0,,,
deepfilternet3_peakminus3_wet1,160,derived_reference,source_macro,duration_ratio,8,,0.8272515956979867,,,
deepfilternet3_peakminus3_wet1,160,derived_reference,source_macro,hf_burst_count,8,,2.1875,,,
deepfilternet3_wet0.5,160,derived_reference,all,sigmos_overall,160,160,2.995242418348789,2.99284565448761,2.2581009387969972,3.6972542524337766
deepfilternet3_wet0.5,160,derived_reference,all,sigmos_speech,160,160,3.5519009664654733,3.5338616371154785,2.8559657454490663,4.277447128295899
deepfilternet3_wet0.5,160,derived_reference,all,sigmos_noise,160,160,3.902129167318344,3.967377543449402,2.873223614692688,4.603177571296691
deepfilternet3_wet0.5,160,derived_reference,all,sigmos_coloration,160,160,3.4934833884239196,3.47669780254364,2.7799532413482666,4.244895839691162
deepfilternet3_wet0.5,160,derived_reference,all,sigmos_discontinuity,160,160,4.117301617562771,4.138057231903076,3.442185127735138,4.688636684417725
deepfilternet3_wet0.5,160,derived_reference,all,audiobox_pq,160,160,6.813445922732353,7.0046210289001465,4.6115875244140625,7.837580323219299
deepfilternet3_wet0.5,160,derived_reference,all,cer,160,160,0.06596560569870223,0.0,0.0,0.3333333333333333
deepfilternet3_wet0.5,160,derived_reference,all,wer,160,160,0.14071802879746395,0.0,0.0,0.6018181818181811
deepfilternet3_wet0.5,160,derived_reference,all,parakeet_cer,160,160,0.05376605656048764,0.0,0.0,0.2623563218390792
deepfilternet3_wet0.5,160,derived_reference,all,parakeet_wer,160,160,0.13223421330723775,0.0,0.0,0.5799999999999996
deepfilternet3_wet0.5,160,derived_reference,all,ecapa_similarity,160,160,0.9476088222116232,0.9871605038642883,0.7961995333433152,0.9987317681312561
deepfilternet3_wet0.5,160,derived_reference,all,clipping_fraction,160,160,0.0,0.0,0.0,0.0
deepfilternet3_wet0.5,160,derived_reference,all,duration_ratio,160,160,0.8272515956979867,0.9074074074074074,0.489217673814165,1.0
deepfilternet3_wet0.5,160,derived_reference,all,hf_burst_count,160,160,2.1125,1.0,0.0,7.0
deepfilternet3_wet0.5,160,derived_reference,all,corpus_cer,7763,,0.05500450856627592,,,
deepfilternet3_wet0.5,160,derived_reference,all,corpus_wer,1598,,0.14831038798498122,,,
deepfilternet3_wet0.5,160,derived_reference,all,corpus_parakeet_cer,7763,,0.04147880973850315,,,
deepfilternet3_wet0.5,160,derived_reference,all,corpus_parakeet_wer,1598,,0.13266583229036297,,,
deepfilternet3_wet0.5,160,derived_reference,common_voice_available_uk,sigmos_overall,20,20,2.8814836144447327,2.8646109104156494,2.403376030921936,3.509584474563599
deepfilternet3_wet0.5,160,derived_reference,common_voice_available_uk,sigmos_speech,20,20,3.3023017287254333,3.284168004989624,2.6735074877738954,3.9931434750556947
deepfilternet3_wet0.5,160,derived_reference,common_voice_available_uk,sigmos_noise,20,20,3.8301756262779234,3.8974021673202515,3.1459601879119874,4.343938851356507
deepfilternet3_wet0.5,160,derived_reference,common_voice_available_uk,sigmos_coloration,20,20,3.1722585558891296,3.2085909843444824,2.581931412220001,3.7389227986335754
deepfilternet3_wet0.5,160,derived_reference,common_voice_available_uk,sigmos_discontinuity,20,20,3.9766268610954283,3.9407620429992676,3.5031583070755006,4.362265586853027
deepfilternet3_wet0.5,160,derived_reference,common_voice_available_uk,audiobox_pq,20,20,5.797689366340637,6.424366474151611,3.8387671947479247,6.928492450714112
deepfilternet3_wet0.5,160,derived_reference,common_voice_available_uk,cer,20,20,0.032990883793990566,0.0,0.0,0.1126470588235296
deepfilternet3_wet0.5,160,derived_reference,common_voice_available_uk,wer,20,20,0.08963980463980463,0.0,0.0,0.3416666666666668
deepfilternet3_wet0.5,160,derived_reference,common_voice_available_uk,parakeet_cer,20,20,0.0027777777777777775,0.0,0.0,0.002777777777777817
deepfilternet3_wet0.5,160,derived_reference,common_voice_available_uk,parakeet_wer,20,20,0.025,0.0,0.0,0.025000000000000355
deepfilternet3_wet0.5,160,derived_reference,common_voice_available_uk,ecapa_similarity,20,20,0.9654054760932922,0.9781815409660339,0.8829938143491745,0.9951837718486786
deepfilternet3_wet0.5,160,derived_reference,common_voice_available_uk,clipping_fraction,20,20,0.0,0.0,0.0,0.0
deepfilternet3_wet0.5,160,derived_reference,common_voice_available_uk,duration_ratio,20,20,0.8261963274474893,0.7943802521008403,0.6500917107583774,1.0
deepfilternet3_wet0.5,160,derived_reference,common_voice_available_uk,hf_burst_count,20,20,0.35,0.0,0.0,2.0
deepfilternet3_wet0.5,160,derived_reference,common_voice_available_uk,corpus_cer,655,,0.025954198473282442,,,
deepfilternet3_wet0.5,160,derived_reference,common_voice_available_uk,corpus_wer,134,,0.08208955223880597,,,
deepfilternet3_wet0.5,160,derived_reference,common_voice_available_uk,corpus_parakeet_cer,655,,0.0015267175572519084,,,
deepfilternet3_wet0.5,160,derived_reference,common_voice_available_uk,corpus_parakeet_wer,134,,0.014925373134328358,,,
deepfilternet3_wet0.5,160,derived_reference,fleurs_uk,sigmos_overall,20,20,2.9356191754341125,2.999777913093567,2.610273039340973,3.2917959690093994
deepfilternet3_wet0.5,160,derived_reference,fleurs_uk,sigmos_speech,20,20,3.3880753755569457,3.4207870960235596,3.0574694514274596,3.759122431278229
deepfilternet3_wet0.5,160,derived_reference,fleurs_uk,sigmos_noise,20,20,3.7286413669586183,3.714522957801819,3.1922215461730956,4.250462555885315
deepfilternet3_wet0.5,160,derived_reference,fleurs_uk,sigmos_coloration,20,20,3.641946029663086,3.647173523902893,3.148241329193115,4.162211656570435
deepfilternet3_wet0.5,160,derived_reference,fleurs_uk,sigmos_discontinuity,20,20,3.860450577735901,3.8814014196395874,3.442185127735138,4.130745983123779
deepfilternet3_wet0.5,160,derived_reference,fleurs_uk,audiobox_pq,20,20,6.743844223022461,6.919727802276611,5.857604742050171,7.2801710844039915
deepfilternet3_wet0.5,160,derived_reference,fleurs_uk,cer,20,20,0.02444524339328152,0.009127873205543108,0.0,0.12394062078272607
deepfilternet3_wet0.5,160,derived_reference,fleurs_uk,wer,20,20,0.06600303146674115,0.0393939393939394,0.0,0.1750000000000001
deepfilternet3_wet0.5,160,derived_reference,fleurs_uk,parakeet_cer,20,20,0.008169428733338507,0.0,0.0,0.04581339712918661
deepfilternet3_wet0.5,160,derived_reference,fleurs_uk,parakeet_wer,20,20,0.028794686496299397,0.0,0.0,0.1332949308755761
deepfilternet3_wet0.5,160,derived_reference,fleurs_uk,ecapa_similarity,20,20,0.992322888970375,0.9938734769821167,0.9808652549982071,0.9984378457069397
deepfilternet3_wet0.5,160,derived_reference,fleurs_uk,clipping_fraction,20,20,0.0,0.0,0.0,0.0
deepfilternet3_wet0.5,160,derived_reference,fleurs_uk,duration_ratio,20,20,0.9352075769456203,0.9488141005441062,0.846304616982187,1.0
deepfilternet3_wet0.5,160,derived_reference,fleurs_uk,hf_burst_count,20,20,4.25,0.5,0.0,17.05
deepfilternet3_wet0.5,160,derived_reference,fleurs_uk,corpus_cer,1950,,0.024615384615384615,,,
deepfilternet3_wet0.5,160,derived_reference,fleurs_uk,corpus_wer,345,,0.057971014492753624,,,
deepfilternet3_wet0.5,160,derived_reference,fleurs_uk,corpus_parakeet_cer,1950,,0.009743589743589744,,,
deepfilternet3_wet0.5,160,derived_reference,fleurs_uk,corpus_parakeet_wer,345,,0.034782608695652174,,,
deepfilternet3_wet0.5,160,derived_reference,opentts_lada,sigmos_overall,20,20,2.7723546266555785,2.8326141834259033,2.3099973440170287,3.1936758637428286
deepfilternet3_wet0.5,160,derived_reference,opentts_lada,sigmos_speech,20,20,3.697725248336792,3.7222862243652344,3.216649889945984,4.103227496147156
deepfilternet3_wet0.5,160,derived_reference,opentts_lada,sigmos_noise,20,20,4.016019737720489,4.064230918884277,3.349179267883301,4.497820639610291
deepfilternet3_wet0.5,160,derived_reference,opentts_lada,sigmos_coloration,20,20,3.511872351169586,3.55620801448822,2.7799532413482666,4.06200008392334
deepfilternet3_wet0.5,160,derived_reference,opentts_lada,sigmos_discontinuity,20,20,4.310152125358582,4.382887840270996,3.8926615715026855,4.589026093482971
deepfilternet3_wet0.5,160,derived_reference,opentts_lada,audiobox_pq,20,20,7.252258396148681,7.304752588272095,6.796676278114319,7.5712807178497314
deepfilternet3_wet0.5,160,derived_reference,opentts_lada,cer,20,20,0.010549585218702865,0.0,0.0,0.07748868778280545
deepfilternet3_wet0.5,160,derived_reference,opentts_lada,wer,20,20,0.04894841269841269,0.0,0.0,0.16571428571428604
deepfilternet3_wet0.5,160,derived_reference,opentts_lada,parakeet_cer,20,20,0.017227705056505244,0.0,0.0,0.08042986425339371
deepfilternet3_wet0.5,160,derived_reference,opentts_lada,parakeet_wer,20,20,0.10482142857142855,0.0,0.0,0.4200000000000003
deepfilternet3_wet0.5,160,derived_reference,opentts_lada,ecapa_similarity,20,20,0.8429499238729476,0.8360678553581238,0.7920742034912109,0.9256952583789826
deepfilternet3_wet0.5,160,derived_reference,opentts_lada,clipping_fraction,20,20,0.0,0.0,0.0,0.0
deepfilternet3_wet0.5,160,derived_reference,opentts_lada,duration_ratio,20,20,0.5513313427900088,0.5415800070573095,0.45017822333611807,0.6601515580614986
deepfilternet3_wet0.5,160,derived_reference,opentts_lada,hf_burst_count,20,20,2.25,2.0,0.0,5.100000000000001
deepfilternet3_wet0.5,160,derived_reference,opentts_lada,corpus_cer,753,,0.009296148738379814,,,
deepfilternet3_wet0.5,160,derived_reference,opentts_lada,corpus_wer,155,,0.03870967741935484,,,
deepfilternet3_wet0.5,160,derived_reference,opentts_lada,corpus_parakeet_cer,753,,0.01593625498007968,,,
deepfilternet3_wet0.5,160,derived_reference,opentts_lada,corpus_parakeet_wer,155,,0.08387096774193549,,,
deepfilternet3_wet0.5,160,derived_reference,opentts_mykyta,sigmos_overall,20,20,3.5105150938034058,3.5135189294815063,3.0670249104499816,4.00986111164093
deepfilternet3_wet0.5,160,derived_reference,opentts_mykyta,sigmos_speech,20,20,3.9972091794013975,4.0206615924835205,3.4164689660072325,4.4105593919754025
deepfilternet3_wet0.5,160,derived_reference,opentts_mykyta,sigmos_noise,20,20,4.372398006916046,4.382026433944702,4.044795644283295,4.633360123634339
deepfilternet3_wet0.5,160,derived_reference,opentts_mykyta,sigmos_coloration,20,20,3.7839059233665466,3.7981773614883423,3.0183464169502257,4.411455535888672
deepfilternet3_wet0.5,160,derived_reference,opentts_mykyta,sigmos_discontinuity,20,20,4.3584922552108765,4.408202171325684,3.9336891174316406,4.722395944595337
deepfilternet3_wet0.5,160,derived_reference,opentts_mykyta,audiobox_pq,20,20,7.6777469396591185,7.738966703414917,7.313768529891968,7.987155413627624
deepfilternet3_wet0.5,160,derived_reference,opentts_mykyta,cer,20,20,0.022486714596585997,0.0,0.0,0.06062271062271081
deepfilternet3_wet0.5,160,derived_reference,opentts_mykyta,wer,20,20,0.06880827505827505,0.0,0.0,0.3416666666666668
deepfilternet3_wet0.5,160,derived_reference,opentts_mykyta,parakeet_cer,20,20,0.021358428805237317,0.0,0.0,0.05965630114566309
deepfilternet3_wet0.5,160,derived_reference,opentts_mykyta,parakeet_wer,20,20,0.05200757575757575,0.0,0.0,0.33666666666666667
deepfilternet3_wet0.5,160,derived_reference,opentts_mykyta,ecapa_similarity,20,20,0.9616430431604386,0.961778074502945,0.9317330747842789,0.993765851855278
deepfilternet3_wet0.5,160,derived_reference,opentts_mykyta,clipping_fraction,20,20,0.0,0.0,0.0,0.0
deepfilternet3_wet0.5,160,derived_reference,opentts_mykyta,duration_ratio,20,20,0.7721270807369509,0.775611020923521,0.6361967938087342,1.0
deepfilternet3_wet0.5,160,derived_reference,opentts_mykyta,hf_burst_count,20,20,2.3,2.5,0.0,4.150000000000002
deepfilternet3_wet0.5,160,derived_reference,opentts_mykyta,corpus_cer,606,,0.01485148514851485,,,
deepfilternet3_wet0.5,160,derived_reference,opentts_mykyta,corpus_wer,133,,0.05263157894736842,,,
deepfilternet3_wet0.5,160,derived_reference,opentts_mykyta,corpus_parakeet_cer,606,,0.01155115511551155,,,
deepfilternet3_wet0.5,160,derived_reference,opentts_mykyta,corpus_parakeet_wer,133,,0.045112781954887216,,,
deepfilternet3_wet0.5,160,derived_reference,opentts_tetiana,sigmos_overall,20,20,3.3231665968894957,3.3113152980804443,2.9085951805114747,3.7791127920150758
deepfilternet3_wet0.5,160,derived_reference,opentts_tetiana,sigmos_speech,20,20,3.9200111746788027,3.8971060514450073,3.452013671398163,4.423822808265686
deepfilternet3_wet0.5,160,derived_reference,opentts_tetiana,sigmos_noise,20,20,4.385665941238403,4.377173900604248,4.015364241600037,4.731532311439515
deepfilternet3_wet0.5,160,derived_reference,opentts_tetiana,sigmos_coloration,20,20,3.559886944293976,3.501143455505371,3.056455099582672,4.101260423660278
deepfilternet3_wet0.5,160,derived_reference,opentts_tetiana,sigmos_discontinuity,20,20,4.26688711643219,4.261759281158447,3.7947132349014283,4.630474328994751
deepfilternet3_wet0.5,160,derived_reference,opentts_tetiana,audiobox_pq,20,20,7.648702812194824,7.655233383178711,7.238677525520325,7.926991057395935
deepfilternet3_wet0.5,160,derived_reference,opentts_tetiana,cer,20,20,0.01950334387834388,0.0,0.0,0.06493055555555559
deepfilternet3_wet0.5,160,derived_reference,opentts_tetiana,wer,20,20,0.08964285714285714,0.0,0.0,0.3333333333333333
deepfilternet3_wet0.5,160,derived_reference,opentts_tetiana,parakeet_cer,20,20,0.016088992026492027,0.0,0.0,0.052421652421652434
deepfilternet3_wet0.5,160,derived_reference,opentts_tetiana,parakeet_wer,20,20,0.1301984126984127,0.0,0.0,0.4522222222222223
deepfilternet3_wet0.5,160,derived_reference,opentts_tetiana,ecapa_similarity,20,20,0.8372570455074311,0.8375882506370544,0.7096369802951813,0.9565031707286835
deepfilternet3_wet0.5,160,derived_reference,opentts_tetiana,clipping_fraction,20,20,0.0,0.0,0.0,0.0
deepfilternet3_wet0.5,160,derived_reference,opentts_tetiana,duration_ratio,20,20,0.5926129336006729,0.6122362187769165,0.4387848109732255,0.6704493233776723
deepfilternet3_wet0.5,160,derived_reference,opentts_tetiana,hf_burst_count,20,20,2.8,3.0,1.0,6.050000000000001
deepfilternet3_wet0.5,160,derived_reference,opentts_tetiana,corpus_cer,721,,0.018030513176144243,,,
deepfilternet3_wet0.5,160,derived_reference,opentts_tetiana,corpus_wer,153,,0.08496732026143791,,,
deepfilternet3_wet0.5,160,derived_reference,opentts_tetiana,corpus_parakeet_cer,721,,0.015256588072122053,,,
deepfilternet3_wet0.5,160,derived_reference,opentts_tetiana,corpus_parakeet_wer,153,,0.12418300653594772,,,
deepfilternet3_wet0.5,160,derived_reference,tg_voices_uk,sigmos_overall,20,20,2.9856759667396546,3.0256452560424805,2.5504416108131407,3.554447591304779
deepfilternet3_wet0.5,160,derived_reference,tg_voices_uk,sigmos_speech,20,20,3.486461853981018,3.45808744430542,2.8806582927703857,4.133791041374207
deepfilternet3_wet0.5,160,derived_reference,tg_voices_uk,sigmos_noise,20,20,3.9019129037857057,3.87340247631073,3.5040117740631103,4.311283922195435
deepfilternet3_wet0.5,160,derived_reference,tg_voices_uk,sigmos_coloration,20,20,3.4837157845497133,3.3953031301498413,2.4517897725105287,4.358770442008972
deepfilternet3_wet0.5,160,derived_reference,tg_voices_uk,sigmos_discontinuity,20,20,4.057047879695892,3.940183162689209,3.7878821849823,4.579349231719971
deepfilternet3_wet0.5,160,derived_reference,tg_voices_uk,audiobox_pq,20,20,6.677503705024719,6.657222270965576,6.0541099309921265,7.1809180736541744
deepfilternet3_wet0.5,160,derived_reference,tg_voices_uk,cer,20,20,0.03440162258170669,0.0186786579038395,0.0,0.13831738437001598
deepfilternet3_wet0.5,160,derived_reference,tg_voices_uk,wer,20,20,0.11252906815406813,0.0787878787878788,0.0,0.45079365079365086
deepfilternet3_wet0.5,160,derived_reference,tg_voices_uk,parakeet_cer,20,20,0.03583221487403509,0.023214285714285715,0.0,0.1167780748663102
deepfilternet3_wet0.5,160,derived_reference,tg_voices_uk,parakeet_wer,20,20,0.1200453019203019,0.07179487179487179,0.0,0.44047619047619063
deepfilternet3_wet0.5,160,derived_reference,tg_voices_uk,ecapa_similarity,20,20,0.9928438752889633,0.9949837327003479,0.9841074377298356,0.9990702211856842
deepfilternet3_wet0.5,160,derived_reference,tg_voices_uk,clipping_fraction,20,20,0.0,0.0,0.0,0.0
deepfilternet3_wet0.5,160,derived_reference,tg_voices_uk,duration_ratio,20,20,0.9548210080782343,0.9756754077781132,0.8812947738563099,1.0
deepfilternet3_wet0.5,160,derived_reference,tg_voices_uk,hf_burst_count,20,20,1.35,1.0,0.0,4.0
deepfilternet3_wet0.5,160,derived_reference,tg_voices_uk,corpus_cer,800,,0.04125,,,
deepfilternet3_wet0.5,160,derived_reference,tg_voices_uk,corpus_wer,168,,0.11904761904761904,,,
deepfilternet3_wet0.5,160,derived_reference,tg_voices_uk,corpus_parakeet_cer,800,,0.0425,,,
deepfilternet3_wet0.5,160,derived_reference,tg_voices_uk,corpus_parakeet_wer,168,,0.125,,,
deepfilternet3_wet0.5,160,derived_reference,ua_ser,sigmos_overall,20,20,2.5588427662849424,2.5448981523513794,1.7669684767723084,3.217639756202698
deepfilternet3_wet0.5,160,derived_reference,ua_ser,sigmos_speech,20,20,3.1299127459526064,3.146941065788269,2.2943120479583743,3.8006466269493107
deepfilternet3_wet0.5,160,derived_reference,ua_ser,sigmos_noise,20,20,3.2076573967933655,3.3999751806259155,2.016590344905853,3.994331526756287
deepfilternet3_wet0.5,160,derived_reference,ua_ser,sigmos_coloration,20,20,3.2373767137527465,3.2490566968917847,2.6538275599479677,3.880725419521332
deepfilternet3_wet0.5,160,derived_reference,ua_ser,sigmos_discontinuity,20,20,3.726508319377899,3.7286276817321777,2.7997002840042113,4.6505598545074465
deepfilternet3_wet0.5,160,derived_reference,ua_ser,audiobox_pq,20,20,6.108623504638672,6.3234357833862305,4.343927907943725,7.022834992408753
deepfilternet3_wet0.5,160,derived_reference,ua_ser,cer,20,20,0.22408223004193095,0.11596638655462185,0.0,0.9252564102564104
deepfilternet3_wet0.5,160,derived_reference,ua_ser,wer,20,20,0.2996031746031746,0.2361111111111111,0.0,0.8416666666666668
deepfilternet3_wet0.5,160,derived_reference,ua_ser,parakeet_cer,20,20,0.22557088043320417,0.06111111111111111,0.0,1.0142857142857145
deepfilternet3_wet0.5,160,derived_reference,ua_ser,parakeet_wer,20,20,0.33591269841269844,0.19444444444444442,0.0,1.0250000000000004
deepfilternet3_wet0.5,160,derived_reference,ua_ser,ecapa_similarity,20,20,0.9935896664857864,0.9941292703151703,0.9877365976572037,0.9975827455520629
deepfilternet3_wet0.5,160,derived_reference,ua_ser,clipping_fraction,20,20,0.0,0.0,0.0,0.0
deepfilternet3_wet0.5,160,derived_reference,ua_ser,duration_ratio,20,20,0.9962539811660903,1.0,0.9728752580597698,1.0000089178059368
deepfilternet3_wet0.5,160,derived_reference,ua_ser,hf_burst_count,20,20,1.5,1.5,0.0,3.0500000000000007
deepfilternet3_wet0.5,160,derived_reference,ua_ser,corpus_cer,601,,0.18136439267886856,,,
deepfilternet3_wet0.5,160,derived_reference,ua_ser,corpus_wer,134,,0.2537313432835821,,,
deepfilternet3_wet0.5,160,derived_reference,ua_ser,corpus_parakeet_cer,601,,0.15474209650582363,,,
deepfilternet3_wet0.5,160,derived_reference,ua_ser,corpus_parakeet_wer,134,,0.26119402985074625,,,
deepfilternet3_wet0.5,160,derived_reference,ukr_dialects,sigmos_overall,20,20,2.994281506538391,2.9972050189971924,2.4914814114570616,3.4856045246124268
deepfilternet3_wet0.5,160,derived_reference,ukr_dialects,sigmos_speech,20,20,3.49351042509079,3.5392088890075684,2.8610813498497008,3.961798143386841
deepfilternet3_wet0.5,160,derived_reference,ukr_dialects,sigmos_noise,20,20,3.774562358856201,3.7113651037216187,3.0637577772140503,4.691668844223022
deepfilternet3_wet0.5,160,derived_reference,ukr_dialects,sigmos_coloration,20,20,3.5569048047065737,3.5658135414123535,2.844232606887817,4.279364466667175
deepfilternet3_wet0.5,160,derived_reference,ukr_dialects,sigmos_discontinuity,20,20,4.382247805595398,4.463331699371338,3.9203595757484435,4.771374654769898
deepfilternet3_wet0.5,160,derived_reference,ukr_dialects,audiobox_pq,20,20,6.601198434829712,6.9284162521362305,4.6115875244140625,7.579231309890747
deepfilternet3_wet0.5,160,derived_reference,ukr_dialects,cer,20,20,0.1592652220850753,0.07751840274276495,0.0,0.5668498168498168
deepfilternet3_wet0.5,160,derived_reference,ukr_dialects,wer,20,20,0.35056960661637826,0.3533246414602347,0.0,0.9136363636363637
deepfilternet3_wet0.5,160,derived_reference,ukr_dialects,parakeet_cer,20,20,0.103103024777311,0.09047824213700992,0.0,0.3347222222222222
deepfilternet3_wet0.5,160,derived_reference,ukr_dialects,parakeet_wer,20,20,0.26109360260118514,0.2403846153846154,0.0,0.6363636363636364
deepfilternet3_wet0.5,160,derived_reference,ukr_dialects,ecapa_similarity,20,20,0.9948586583137512,0.9969823956489563,0.987519109249115,0.9994607478380203
deepfilternet3_wet0.5,160,derived_reference,ukr_dialects,clipping_fraction,20,20,0.0,0.0,0.0,0.0
deepfilternet3_wet0.5,160,derived_reference,ukr_dialects,duration_ratio,20,20,0.9894625148188266,1.0,0.9200796146550865,1.0
deepfilternet3_wet0.5,160,derived_reference,ukr_dialects,hf_burst_count,20,20,2.1,0.0,0.0,5.550000000000008
deepfilternet3_wet0.5,160,derived_reference,ukr_dialects,corpus_cer,1677,,0.1138938580799046,,,
deepfilternet3_wet0.5,160,derived_reference,ukr_dialects,corpus_wer,376,,0.3351063829787234,,,
deepfilternet3_wet0.5,160,derived_reference,ukr_dialects,corpus_parakeet_cer,1677,,0.086463923673226,,,
deepfilternet3_wet0.5,160,derived_reference,ukr_dialects,corpus_parakeet_wer,376,,0.2765957446808511,,,
deepfilternet3_wet0.5,160,derived_reference,source_macro,sigmos_overall,8,,2.9952424183487896,,,
deepfilternet3_wet0.5,160,derived_reference,source_macro,sigmos_speech,8,,3.5519009664654733,,,
deepfilternet3_wet0.5,160,derived_reference,source_macro,sigmos_noise,8,,3.902129167318344,,,
deepfilternet3_wet0.5,160,derived_reference,source_macro,sigmos_coloration,8,,3.4934833884239196,,,
deepfilternet3_wet0.5,160,derived_reference,source_macro,sigmos_discontinuity,8,,4.11730161756277,,,
deepfilternet3_wet0.5,160,derived_reference,source_macro,audiobox_pq,8,,6.8134459227323525,,,
deepfilternet3_wet0.5,160,derived_reference,source_macro,cer,8,,0.06596560569870222,,,
deepfilternet3_wet0.5,160,derived_reference,source_macro,wer,8,,0.14071802879746395,,,
deepfilternet3_wet0.5,160,derived_reference,source_macro,parakeet_cer,8,,0.053766056560487635,,,
deepfilternet3_wet0.5,160,derived_reference,source_macro,parakeet_wer,8,,0.13223421330723772,,,
deepfilternet3_wet0.5,160,derived_reference,source_macro,ecapa_similarity,8,,0.9476088222116232,,,
deepfilternet3_wet0.5,160,derived_reference,source_macro,clipping_fraction,8,,0.0,,,
deepfilternet3_wet0.5,160,derived_reference,source_macro,duration_ratio,8,,0.8272515956979867,,,
deepfilternet3_wet0.5,160,derived_reference,source_macro,hf_burst_count,8,,2.1125,,,
deepfilternet3_wet1,160,derived_reference,all,sigmos_overall,160,160,3.108201603591442,3.108409285545349,2.361854147911072,3.8309958219528197
deepfilternet3_wet1,160,derived_reference,all,sigmos_speech,160,160,3.623237343132496,3.662237763404846,2.8881698489189147,4.276656818389892
deepfilternet3_wet1,160,derived_reference,all,sigmos_noise,160,160,4.149928830564022,4.190726041793823,3.4300137519836427,4.649678659439086
deepfilternet3_wet1,160,derived_reference,all,sigmos_coloration,160,160,3.558846318721771,3.58459734916687,2.833061361312866,4.24661009311676
deepfilternet3_wet1,160,derived_reference,all,sigmos_discontinuity,160,160,4.132478138804435,4.1559693813323975,3.461965012550354,4.690678215026855
deepfilternet3_wet1,160,derived_reference,all,audiobox_pq,160,160,6.98868867456913,7.218998670578003,5.419678640365601,7.854840278625488
deepfilternet3_wet1,160,derived_reference,all,cer,160,160,0.0788470031114363,0.0,0.0,0.4321428571428559
deepfilternet3_wet1,160,derived_reference,all,wer,160,160,0.16618181875385257,0.039968652037617555,0.0,0.6420454545454526
deepfilternet3_wet1,160,derived_reference,all,parakeet_cer,160,160,0.06793365627507615,0.0,0.0,0.3622863247863244
deepfilternet3_wet1,160,derived_reference,all,parakeet_wer,160,160,0.1454313565006733,0.0,0.0,0.6409090909090893
deepfilternet3_wet1,160,derived_reference,all,ecapa_similarity,160,160,0.9167513179127127,0.954896092414856,0.7625666350126267,0.9960998207330704
deepfilternet3_wet1,160,derived_reference,all,clipping_fraction,160,160,0.0,0.0,0.0,0.0
deepfilternet3_wet1,160,derived_reference,all,duration_ratio,160,160,0.8272515956979867,0.9074074074074074,0.489217673814165,1.0
deepfilternet3_wet1,160,derived_reference,all,hf_burst_count,160,160,2.1625,1.0,0.0,7.0
deepfilternet3_wet1,160,derived_reference,all,corpus_cer,7763,,0.0721370604147881,,,
deepfilternet3_wet1,160,derived_reference,all,corpus_wer,1598,,0.17083854818523153,,,
deepfilternet3_wet1,160,derived_reference,all,corpus_parakeet_cer,7763,,0.061316501352569885,,,
deepfilternet3_wet1,160,derived_reference,all,corpus_parakeet_wer,1598,,0.15018773466833543,,,
deepfilternet3_wet1,160,derived_reference,common_voice_available_uk,sigmos_overall,20,20,2.927045440673828,2.9077892303466797,2.350998651981354,3.6647700309753417
deepfilternet3_wet1,160,derived_reference,common_voice_available_uk,sigmos_speech,20,20,3.3152198672294615,3.346082091331482,2.655863630771637,4.018450903892517
deepfilternet3_wet1,160,derived_reference,common_voice_available_uk,sigmos_noise,20,20,4.148960769176483,4.1816370487213135,3.672942888736725,4.573333072662353
deepfilternet3_wet1,160,derived_reference,common_voice_available_uk,sigmos_coloration,20,20,3.218723452091217,3.10888135433197,2.532838594913483,3.977287304401398
deepfilternet3_wet1,160,derived_reference,common_voice_available_uk,sigmos_discontinuity,20,20,4.007187747955323,3.986478805541992,3.437693440914154,4.700898027420044
deepfilternet3_wet1,160,derived_reference,common_voice_available_uk,audiobox_pq,20,20,5.925453400611877,6.563194036483765,3.9195716619491576,7.016474056243896
deepfilternet3_wet1,160,derived_reference,common_voice_available_uk,cer,20,20,0.06260169418023474,0.0,0.0,0.4161764705882353
deepfilternet3_wet1,160,derived_reference,common_voice_available_uk,wer,20,20,0.18983821733821732,0.0,0.0,0.5625000000000009
deepfilternet3_wet1,160,derived_reference,common_voice_available_uk,parakeet_cer,20,20,0.02263814616755793,0.0,0.0,0.07424242424242444
deepfilternet3_wet1,160,derived_reference,common_voice_available_uk,parakeet_wer,20,20,0.07678571428571428,0.0,0.0,0.32142857142857195
deepfilternet3_wet1,160,derived_reference,common_voice_available_uk,ecapa_similarity,20,20,0.9335253417491913,0.9542616605758667,0.8275309145450592,0.9864254921674729
deepfilternet3_wet1,160,derived_reference,common_voice_available_uk,clipping_fraction,20,20,0.0,0.0,0.0,0.0
deepfilternet3_wet1,160,derived_reference,common_voice_available_uk,duration_ratio,20,20,0.8261963274474893,0.7943802521008403,0.6500917107583774,1.0
deepfilternet3_wet1,160,derived_reference,common_voice_available_uk,hf_burst_count,20,20,0.45,0.0,0.0,2.0500000000000007
deepfilternet3_wet1,160,derived_reference,common_voice_available_uk,corpus_cer,655,,0.042748091603053436,,,
deepfilternet3_wet1,160,derived_reference,common_voice_available_uk,corpus_wer,134,,0.14925373134328357,,,
deepfilternet3_wet1,160,derived_reference,common_voice_available_uk,corpus_parakeet_cer,655,,0.013740458015267175,,,
deepfilternet3_wet1,160,derived_reference,common_voice_available_uk,corpus_parakeet_wer,134,,0.05223880597014925,,,
deepfilternet3_wet1,160,derived_reference,fleurs_uk,sigmos_overall,20,20,3.054261088371277,3.0764315128326416,2.106942582130432,3.68064204454422
deepfilternet3_wet1,160,derived_reference,fleurs_uk,sigmos_speech,20,20,3.514869248867035,3.5242024660110474,2.8664823532104493,4.104486060142517
deepfilternet3_wet1,160,derived_reference,fleurs_uk,sigmos_noise,20,20,4.007769668102265,4.035085439682007,3.565311777591705,4.370301127433777
deepfilternet3_wet1,160,derived_reference,fleurs_uk,sigmos_coloration,20,20,3.677976441383362,3.724906802177429,3.2020412564277647,4.15356719493866
deepfilternet3_wet1,160,derived_reference,fleurs_uk,sigmos_discontinuity,20,20,3.9613249778747557,3.947667121887207,3.5682626128196717,4.385897588729859
deepfilternet3_wet1,160,derived_reference,fleurs_uk,audiobox_pq,20,20,7.007501697540283,7.142762184143066,6.370201969146729,7.464662432670593
deepfilternet3_wet1,160,derived_reference,fleurs_uk,cer,20,20,0.07559364038079086,0.01655359565807327,0.0,0.1809061488673145
deepfilternet3_wet1,160,derived_reference,fleurs_uk,wer,20,20,0.13246136480007448,0.08172043010752689,0.0,0.36666666666666714
deepfilternet3_wet1,160,derived_reference,fleurs_uk,parakeet_cer,20,20,0.0605333743115698,0.0,0.0,0.10000000000000067
deepfilternet3_wet1,160,derived_reference,fleurs_uk,parakeet_wer,20,20,0.0837946864962994,0.0,0.0,0.2535714285714291
deepfilternet3_wet1,160,derived_reference,fleurs_uk,ecapa_similarity,20,20,0.9334891486912966,0.9847152531147003,0.8924455065280199,0.9944249808788299
deepfilternet3_wet1,160,derived_reference,fleurs_uk,clipping_fraction,20,20,0.0,0.0,0.0,0.0
deepfilternet3_wet1,160,derived_reference,fleurs_uk,duration_ratio,20,20,0.9352075769456203,0.9488141005441062,0.846304616982187,1.0
deepfilternet3_wet1,160,derived_reference,fleurs_uk,hf_burst_count,20,20,4.2,0.5,0.0,17.05
deepfilternet3_wet1,160,derived_reference,fleurs_uk,corpus_cer,1950,,0.07897435897435898,,,
deepfilternet3_wet1,160,derived_reference,fleurs_uk,corpus_wer,345,,0.11594202898550725,,,
deepfilternet3_wet1,160,derived_reference,fleurs_uk,corpus_parakeet_cer,1950,,0.06564102564102564,,,
deepfilternet3_wet1,160,derived_reference,fleurs_uk,corpus_parakeet_wer,345,,0.08695652173913043,,,
deepfilternet3_wet1,160,derived_reference,opentts_lada,sigmos_overall,20,20,2.8195348501205446,2.8552355766296387,2.316835415363312,3.2948326468467712
deepfilternet3_wet1,160,derived_reference,opentts_lada,sigmos_speech,20,20,3.742837941646576,3.8158544301986694,3.185835587978363,4.135297131538391
deepfilternet3_wet1,160,derived_reference,opentts_lada,sigmos_noise,20,20,4.040998005867005,4.032557010650635,3.458554172515869,4.523054099082946
deepfilternet3_wet1,160,derived_reference,opentts_lada,sigmos_coloration,20,20,3.481154239177704,3.550496816635132,2.8278765797615053,3.9005568265914916
deepfilternet3_wet1,160,derived_reference,opentts_lada,sigmos_discontinuity,20,20,4.285552299022674,4.299830198287964,3.9637531876564025,4.594095277786255
deepfilternet3_wet1,160,derived_reference,opentts_lada,audiobox_pq,20,20,7.2925148725509645,7.341376066207886,6.876897096633911,7.573439431190491
deepfilternet3_wet1,160,derived_reference,opentts_lada,cer,20,20,0.010549585218702865,0.0,0.0,0.07748868778280545
deepfilternet3_wet1,160,derived_reference,opentts_lada,wer,20,20,0.04894841269841269,0.0,0.0,0.16571428571428604
deepfilternet3_wet1,160,derived_reference,opentts_lada,parakeet_cer,20,20,0.014286528585917007,0.0,0.0,0.07748868778280545
deepfilternet3_wet1,160,derived_reference,opentts_lada,parakeet_wer,20,20,0.09767857142857142,0.0,0.0,0.4200000000000003
deepfilternet3_wet1,160,derived_reference,opentts_lada,ecapa_similarity,20,20,0.8413744181394577,0.8303291499614716,0.7894338011741638,0.9240732729434967
deepfilternet3_wet1,160,derived_reference,opentts_lada,clipping_fraction,20,20,0.0,0.0,0.0,0.0
deepfilternet3_wet1,160,derived_reference,opentts_lada,duration_ratio,20,20,0.5513313427900088,0.5415800070573095,0.45017822333611807,0.6601515580614986
deepfilternet3_wet1,160,derived_reference,opentts_lada,hf_burst_count,20,20,2.2,2.0,0.0,5.100000000000001
deepfilternet3_wet1,160,derived_reference,opentts_lada,corpus_cer,753,,0.009296148738379814,,,
deepfilternet3_wet1,160,derived_reference,opentts_lada,corpus_wer,155,,0.03870967741935484,,,
deepfilternet3_wet1,160,derived_reference,opentts_lada,corpus_parakeet_cer,753,,0.013280212483399735,,,
deepfilternet3_wet1,160,derived_reference,opentts_lada,corpus_parakeet_wer,155,,0.07741935483870968,,,
deepfilternet3_wet1,160,derived_reference,opentts_mykyta,sigmos_overall,20,20,3.555621159076691,3.52263605594635,3.1078478336334228,4.111485409736633
deepfilternet3_wet1,160,derived_reference,opentts_mykyta,sigmos_speech,20,20,4.001832628250122,3.9308652877807617,3.4783260345458986,4.501436543464661
deepfilternet3_wet1,160,derived_reference,opentts_mykyta,sigmos_noise,20,20,4.418045926094055,4.483590602874756,4.0117000341415405,4.711877036094665
deepfilternet3_wet1,160,derived_reference,opentts_mykyta,sigmos_coloration,20,20,3.8028634071350096,3.7831255197525024,3.073625695705414,4.427759504318237
deepfilternet3_wet1,160,derived_reference,opentts_mykyta,sigmos_discontinuity,20,20,4.33358119726181,4.376739978790283,3.8973437428474424,4.6819761991500854
deepfilternet3_wet1,160,derived_reference,opentts_mykyta,audiobox_pq,20,20,7.744656205177307,7.778235197067261,7.454182028770447,7.9885378122329715
deepfilternet3_wet1,160,derived_reference,opentts_mykyta,cer,20,20,0.02343011082300109,0.0,0.0,0.06062271062271081
deepfilternet3_wet1,160,derived_reference,opentts_mykyta,wer,20,20,0.0726544289044289,0.0,0.0,0.3416666666666668
deepfilternet3_wet1,160,derived_reference,opentts_mykyta,parakeet_cer,20,20,0.021358428805237317,0.0,0.0,0.05965630114566309
deepfilternet3_wet1,160,derived_reference,opentts_mykyta,parakeet_wer,20,20,0.05200757575757575,0.0,0.0,0.33666666666666667
deepfilternet3_wet1,160,derived_reference,opentts_mykyta,ecapa_similarity,20,20,0.9602694094181061,0.9659975171089172,0.9093524128198623,0.9937364548444748
deepfilternet3_wet1,160,derived_reference,opentts_mykyta,clipping_fraction,20,20,0.0,0.0,0.0,0.0
deepfilternet3_wet1,160,derived_reference,opentts_mykyta,duration_ratio,20,20,0.7721270807369509,0.775611020923521,0.6361967938087342,1.0
deepfilternet3_wet1,160,derived_reference,opentts_mykyta,hf_burst_count,20,20,2.3,2.5,0.0,4.150000000000002
deepfilternet3_wet1,160,derived_reference,opentts_mykyta,corpus_cer,606,,0.0165016501650165,,,
deepfilternet3_wet1,160,derived_reference,opentts_mykyta,corpus_wer,133,,0.06015037593984962,,,
deepfilternet3_wet1,160,derived_reference,opentts_mykyta,corpus_parakeet_cer,606,,0.01155115511551155,,,
deepfilternet3_wet1,160,derived_reference,opentts_mykyta,corpus_parakeet_wer,133,,0.045112781954887216,,,
deepfilternet3_wet1,160,derived_reference,opentts_tetiana,sigmos_overall,20,20,3.332832062244415,3.3103275299072266,2.9083372235298155,3.679135572910309
deepfilternet3_wet1,160,derived_reference,opentts_tetiana,sigmos_speech,20,20,3.874619996547699,3.872559428215027,3.392047142982483,4.3219054460525514
deepfilternet3_wet1,160,derived_reference,opentts_tetiana,sigmos_noise,20,20,4.415783107280731,4.40962553024292,4.020570027828216,4.748501348495483
deepfilternet3_wet1,160,derived_reference,opentts_tetiana,sigmos_coloration,20,20,3.581674778461456,3.5618709325790405,3.1224633932113646,4.193843579292297
deepfilternet3_wet1,160,derived_reference,opentts_tetiana,sigmos_discontinuity,20,20,4.2188058495521545,4.249471426010132,3.735459005832672,4.65485577583313
deepfilternet3_wet1,160,derived_reference,opentts_tetiana,audiobox_pq,20,20,7.67821683883667,7.663918495178223,7.292782783508301,7.938712120056152
deepfilternet3_wet1,160,derived_reference,opentts_tetiana,cer,20,20,0.01950334387834388,0.0,0.0,0.06493055555555559
deepfilternet3_wet1,160,derived_reference,opentts_tetiana,wer,20,20,0.08964285714285714,0.0,0.0,0.3333333333333333
deepfilternet3_wet1,160,derived_reference,opentts_tetiana,parakeet_cer,20,20,0.016088992026492027,0.0,0.0,0.052421652421652434
deepfilternet3_wet1,160,derived_reference,opentts_tetiana,parakeet_wer,20,20,0.1301984126984127,0.0,0.0,0.4522222222222223
deepfilternet3_wet1,160,derived_reference,opentts_tetiana,ecapa_similarity,20,20,0.8388080388307572,0.8391808867454529,0.7099663615226746,0.9591759502887726
deepfilternet3_wet1,160,derived_reference,opentts_tetiana,clipping_fraction,20,20,0.0,0.0,0.0,0.0
deepfilternet3_wet1,160,derived_reference,opentts_tetiana,duration_ratio,20,20,0.5926129336006729,0.6122362187769165,0.4387848109732255,0.6704493233776723
deepfilternet3_wet1,160,derived_reference,opentts_tetiana,hf_burst_count,20,20,2.7,2.5,1.0,6.050000000000001
deepfilternet3_wet1,160,derived_reference,opentts_tetiana,corpus_cer,721,,0.018030513176144243,,,
deepfilternet3_wet1,160,derived_reference,opentts_tetiana,corpus_wer,153,,0.08496732026143791,,,
deepfilternet3_wet1,160,derived_reference,opentts_tetiana,corpus_parakeet_cer,721,,0.015256588072122053,,,
deepfilternet3_wet1,160,derived_reference,opentts_tetiana,corpus_parakeet_wer,153,,0.12418300653594772,,,
deepfilternet3_wet1,160,derived_reference,tg_voices_uk,sigmos_overall,20,20,3.086418390274048,3.0957436561584473,2.513589096069336,3.682503032684326
deepfilternet3_wet1,160,derived_reference,tg_voices_uk,sigmos_speech,20,20,3.5118021368980408,3.6270629167556763,2.941398060321808,4.087866902351379
deepfilternet3_wet1,160,derived_reference,tg_voices_uk,sigmos_noise,20,20,4.138459026813507,4.175385475158691,3.638264334201813,4.545168614387512
deepfilternet3_wet1,160,derived_reference,tg_voices_uk,sigmos_coloration,20,20,3.5768243074417114,3.6060216426849365,2.9444186806678774,4.146713662147522
deepfilternet3_wet1,160,derived_reference,tg_voices_uk,sigmos_discontinuity,20,20,3.989884042739868,3.981607437133789,3.4887701988220217,4.482743835449218
deepfilternet3_wet1,160,derived_reference,tg_voices_uk,audiobox_pq,20,20,6.916567802429199,6.962348222732544,6.230316138267517,7.510141968727112
deepfilternet3_wet1,160,derived_reference,tg_voices_uk,cer,20,20,0.03987266792980122,0.021567717996289426,0.0,0.17916666666666672
deepfilternet3_wet1,160,derived_reference,tg_voices_uk,wer,20,20,0.14201624764124765,0.09545454545454546,0.0,0.5035714285714287
deepfilternet3_wet1,160,derived_reference,tg_voices_uk,parakeet_cer,20,20,0.030930254089721367,0.017125292740046837,0.0,0.11481729055258469
deepfilternet3_wet1,160,derived_reference,tg_voices_uk,parakeet_wer,20,20,0.10448974636474635,0.06458333333333333,0.0,0.434920634920635
deepfilternet3_wet1,160,derived_reference,tg_voices_uk,ecapa_similarity,20,20,0.9705725610256195,0.9785555899143219,0.9302773416042328,0.9980855613946915
deepfilternet3_wet1,160,derived_reference,tg_voices_uk,clipping_fraction,20,20,0.0,0.0,0.0,0.0
deepfilternet3_wet1,160,derived_reference,tg_voices_uk,duration_ratio,20,20,0.9548210080782343,0.9756754077781132,0.8812947738563099,1.0
deepfilternet3_wet1,160,derived_reference,tg_voices_uk,hf_burst_count,20,20,1.4,1.0,0.0,4.0
deepfilternet3_wet1,160,derived_reference,tg_voices_uk,corpus_cer,800,,0.04625,,,
deepfilternet3_wet1,160,derived_reference,tg_voices_uk,corpus_wer,168,,0.13095238095238096,,,
deepfilternet3_wet1,160,derived_reference,tg_voices_uk,corpus_parakeet_cer,800,,0.03875,,,
deepfilternet3_wet1,160,derived_reference,tg_voices_uk,corpus_parakeet_wer,168,,0.1130952380952381,,,
deepfilternet3_wet1,160,derived_reference,ua_ser,sigmos_overall,20,20,2.8793680667877197,3.0149693489074707,1.9085786819458008,3.5455150604248047
deepfilternet3_wet1,160,derived_reference,ua_ser,sigmos_speech,20,20,3.3165747046470644,3.4321792125701904,2.0457786917686462,3.95140483379364
deepfilternet3_wet1,160,derived_reference,ua_ser,sigmos_noise,20,20,3.8909267663955687,4.003777623176575,3.214067447185516,4.492404413223267
deepfilternet3_wet1,160,derived_reference,ua_ser,sigmos_coloration,20,20,3.3847540378570558,3.3443069458007812,2.9614863872528074,3.8485921382904054
deepfilternet3_wet1,160,derived_reference,ua_ser,sigmos_discontinuity,20,20,3.8468318819999694,3.817149519920349,3.210086667537689,4.544550442695618
deepfilternet3_wet1,160,derived_reference,ua_ser,audiobox_pq,20,20,6.462313437461853,6.656877517700195,5.4070946216583256,7.4458571434021
deepfilternet3_wet1,160,derived_reference,ua_ser,cer,20,20,0.22400646527274654,0.11596638655462185,0.0,0.9252564102564104
deepfilternet3_wet1,160,derived_reference,ua_ser,wer,20,20,0.2775793650793651,0.2222222222222222,0.0,0.8416666666666668
deepfilternet3_wet1,160,derived_reference,ua_ser,parakeet_cer,20,20,0.24996754643203736,0.06111111111111111,0.0,1.0
deepfilternet3_wet1,160,derived_reference,ua_ser,parakeet_wer,20,20,0.33749999999999997,0.19444444444444442,0.0,1.0
deepfilternet3_wet1,160,derived_reference,ua_ser,ecapa_similarity,20,20,0.9025416076183319,0.946203202009201,0.6697697073221207,0.994165587425232
deepfilternet3_wet1,160,derived_reference,ua_ser,clipping_fraction,20,20,0.0,0.0,0.0,0.0
deepfilternet3_wet1,160,derived_reference,ua_ser,duration_ratio,20,20,0.9962539811660903,1.0,0.9728752580597698,1.0000089178059368
deepfilternet3_wet1,160,derived_reference,ua_ser,hf_burst_count,20,20,1.7,2.0,0.0,4.0
deepfilternet3_wet1,160,derived_reference,ua_ser,corpus_cer,601,,0.17470881863560733,,,
deepfilternet3_wet1,160,derived_reference,ua_ser,corpus_wer,134,,0.23134328358208955,,,
deepfilternet3_wet1,160,derived_reference,ua_ser,corpus_parakeet_cer,601,,0.17803660565723795,,,
deepfilternet3_wet1,160,derived_reference,ua_ser,corpus_parakeet_wer,134,,0.27611940298507465,,,
deepfilternet3_wet1,160,derived_reference,ukr_dialects,sigmos_overall,20,20,3.210531771183014,3.154513716697693,2.7581733584403993,3.7519991397857666
deepfilternet3_wet1,160,derived_reference,ukr_dialects,sigmos_speech,20,20,3.7081422209739685,3.6985557079315186,3.078395438194275,4.203386831283569
deepfilternet3_wet1,160,derived_reference,ukr_dialects,sigmos_noise,20,20,4.138487374782562,4.135070562362671,3.49234117269516,4.68655047416687
deepfilternet3_wet1,160,derived_reference,ukr_dialects,sigmos_coloration,20,20,3.746799886226654,3.8744856119155884,3.048485314846039,4.32244644165039
deepfilternet3_wet1,160,derived_reference,ukr_dialects,sigmos_discontinuity,20,20,4.416657114028931,4.515053033828735,4.0090045690536495,4.837658548355103
deepfilternet3_wet1,160,derived_reference,ukr_dialects,audiobox_pq,20,20,6.882285141944886,7.319835901260376,5.031958413124085,7.600601935386658
deepfilternet3_wet1,160,derived_reference,ukr_dialects,cer,20,20,0.17521851720786924,0.09135060129509713,0.0,0.5790640394088671
deepfilternet3_wet1,160,derived_reference,ukr_dialects,wer,20,20,0.37631365642621756,0.3653846153846154,0.0,1.0
deepfilternet3_wet1,160,derived_reference,ukr_dialects,parakeet_cer,20,20,0.12766597978207633,0.08398268398268399,0.0,0.39814323607427077
deepfilternet3_wet1,160,derived_reference,ukr_dialects,parakeet_wer,20,20,0.2809961449740665,0.2403846153846154,0.0,0.737784090909091
deepfilternet3_wet1,160,derived_reference,ukr_dialects,ecapa_similarity,20,20,0.9534300178289413,0.9774339497089386,0.871266171336174,0.9990996837615966
deepfilternet3_wet1,160,derived_reference,ukr_dialects,clipping_fraction,20,20,0.0,0.0,0.0,0.0
deepfilternet3_wet1,160,derived_reference,ukr_dialects,duration_ratio,20,20,0.9894625148188266,1.0,0.9200796146550865,1.0
deepfilternet3_wet1,160,derived_reference,ukr_dialects,hf_burst_count,20,20,2.35,1.0,0.0,6.450000000000006
deepfilternet3_wet1,160,derived_reference,ukr_dialects,corpus_cer,1677,,0.12283840190816935,,,
deepfilternet3_wet1,160,derived_reference,ukr_dialects,corpus_wer,376,,0.3537234042553192,,,
deepfilternet3_wet1,160,derived_reference,ukr_dialects,corpus_parakeet_cer,1677,,0.10316040548598689,,,
deepfilternet3_wet1,160,derived_reference,ukr_dialects,corpus_parakeet_wer,376,,0.2925531914893617,,,
deepfilternet3_wet1,160,derived_reference,source_macro,sigmos_overall,8,,3.108201603591442,,,
deepfilternet3_wet1,160,derived_reference,source_macro,sigmos_speech,8,,3.6232373431324962,,,
deepfilternet3_wet1,160,derived_reference,source_macro,sigmos_noise,8,,4.149928830564022,,,
deepfilternet3_wet1,160,derived_reference,source_macro,sigmos_coloration,8,,3.5588463187217716,,,
deepfilternet3_wet1,160,derived_reference,source_macro,sigmos_discontinuity,8,,4.132478138804435,,,
deepfilternet3_wet1,160,derived_reference,source_macro,audiobox_pq,8,,6.98868867456913,,,
deepfilternet3_wet1,160,derived_reference,source_macro,cer,8,,0.0788470031114363,,,
deepfilternet3_wet1,160,derived_reference,source_macro,wer,8,,0.16618181875385263,,,
deepfilternet3_wet1,160,derived_reference,source_macro,parakeet_cer,8,,0.06793365627507615,,,
deepfilternet3_wet1,160,derived_reference,source_macro,parakeet_wer,8,,0.1454313565006733,,,
deepfilternet3_wet1,160,derived_reference,source_macro,ecapa_similarity,8,,0.9167513179127127,,,
deepfilternet3_wet1,160,derived_reference,source_macro,clipping_fraction,8,,0.0,,,
deepfilternet3_wet1,160,derived_reference,source_macro,duration_ratio,8,,0.8272515956979867,,,
deepfilternet3_wet1,160,derived_reference,source_macro,hf_burst_count,8,,2.1624999999999996,,,
identity_wet1,160,derived_reference,all,sigmos_overall,160,160,2.923891197144985,2.9201788902282715,2.216364586353302,3.70007826089859
identity_wet1,160,derived_reference,all,sigmos_speech,160,160,3.498944915831089,3.4906115531921387,2.7000988483428956,4.305527329444885
identity_wet1,160,derived_reference,all,sigmos_noise,160,160,3.7674406230449677,3.8811726570129395,2.47221155166626,4.57421498298645
identity_wet1,160,derived_reference,all,sigmos_coloration,160,160,3.4432856515049934,3.4298537969589233,2.6944907903671265,4.188387632369994
identity_wet1,160,derived_reference,all,sigmos_discontinuity,160,160,4.088388621807098,4.144755601882935,3.397890329360962,4.665437412261962
identity_wet1,160,derived_reference,all,audiobox_pq,160,160,6.7238023862242695,6.856665849685669,4.552042007446289,7.82411048412323
identity_wet1,160,derived_reference,all,cer,160,160,0.06674004998247708,0.0,0.0,0.3343137254901957
identity_wet1,160,derived_reference,all,wer,160,160,0.1446416624554726,0.016666666666666666,0.0,0.6677083333333329
identity_wet1,160,derived_reference,all,parakeet_cer,160,160,0.059630097626717914,0.0,0.0,0.2880952380952373
identity_wet1,160,derived_reference,all,parakeet_wer,160,160,0.13912454519756964,0.0,0.0,0.5799999999999996
identity_wet1,160,derived_reference,all,ecapa_similarity,160,160,0.9491674404591322,0.9912263453006744,0.7958402007818222,0.9999867826700211
identity_wet1,160,derived_reference,all,clipping_fraction,160,160,9.952925948895147e-07,0.0,0.0,0.0
identity_wet1,160,derived_reference,all,duration_ratio,160,160,0.8272515956979867,0.9074074074074074,0.489217673814165,1.0
identity_wet1,160,derived_reference,all,hf_burst_count,160,160,2.075,1.0,0.0,7.0
identity_wet1,160,derived_reference,all,corpus_cer,7763,,0.0560350380007729,,,
identity_wet1,160,derived_reference,all,corpus_wer,1598,,0.15143929912390489,,,
identity_wet1,160,derived_reference,all,corpus_parakeet_cer,7763,,0.0446992142213062,,,
identity_wet1,160,derived_reference,all,corpus_parakeet_wer,1598,,0.13829787234042554,,,
identity_wet1,160,derived_reference,common_voice_available_uk,sigmos_overall,20,20,2.761575222015381,2.857655644416809,1.9243533134460449,3.4330336928367613
identity_wet1,160,derived_reference,common_voice_available_uk,sigmos_speech,20,20,3.191019558906555,3.1345996856689453,2.476487970352173,3.8938152551651
identity_wet1,160,derived_reference,common_voice_available_uk,sigmos_noise,20,20,3.6599514365196226,3.899081826210022,2.675385069847107,4.362709975242614
identity_wet1,160,derived_reference,common_voice_available_uk,sigmos_coloration,20,20,3.093051624298096,3.1228089332580566,2.325084364414215,3.5940587997436526
identity_wet1,160,derived_reference,common_voice_available_uk,sigmos_discontinuity,20,20,3.9465916991233825,3.9645243883132935,3.375458300113678,4.405339455604554
identity_wet1,160,derived_reference,common_voice_available_uk,audiobox_pq,20,20,5.700188183784485,6.280828475952148,3.7705451607704163,6.849636960029602
identity_wet1,160,derived_reference,common_voice_available_uk,cer,20,20,0.03753633833944511,0.0,0.0,0.13279857397504474
identity_wet1,160,derived_reference,common_voice_available_uk,wer,20,20,0.09678266178266177,0.0,0.0,0.3416666666666668
identity_wet1,160,derived_reference,common_voice_available_uk,parakeet_cer,20,20,0.0027777777777777775,0.0,0.0,0.002777777777777817
identity_wet1,160,derived_reference,common_voice_available_uk,parakeet_wer,20,20,0.025,0.0,0.0,0.025000000000000355
identity_wet1,160,derived_reference,common_voice_available_uk,ecapa_similarity,20,20,0.9683200061321259,0.9806546270847321,0.8845273286104203,0.9999873042106628
identity_wet1,160,derived_reference,common_voice_available_uk,clipping_fraction,20,20,1.0293148880105403e-06,0.0,0.0,1.029314888010555e-06
identity_wet1,160,derived_reference,common_voice_available_uk,duration_ratio,20,20,0.8261963274474893,0.7943802521008403,0.6500917107583774,1.0
identity_wet1,160,derived_reference,common_voice_available_uk,hf_burst_count,20,20,0.25,0.0,0.0,1.0500000000000007
identity_wet1,160,derived_reference,common_voice_available_uk,corpus_cer,655,,0.030534351145038167,,,
identity_wet1,160,derived_reference,common_voice_available_uk,corpus_wer,134,,0.08955223880597014,,,
identity_wet1,160,derived_reference,common_voice_available_uk,corpus_parakeet_cer,655,,0.0015267175572519084,,,
identity_wet1,160,derived_reference,common_voice_available_uk,corpus_parakeet_wer,134,,0.014925373134328358,,,
identity_wet1,160,derived_reference,fleurs_uk,sigmos_overall,20,20,2.8484418034553527,2.881405472755432,2.2844144225120546,3.212724173069
identity_wet1,160,derived_reference,fleurs_uk,sigmos_speech,20,20,3.308046340942383,3.336535096168518,2.8114628314971926,3.690992856025696
identity_wet1,160,derived_reference,fleurs_uk,sigmos_noise,20,20,3.625390088558197,3.6315934658050537,2.855697441101074,4.310799264907837
identity_wet1,160,derived_reference,fleurs_uk,sigmos_coloration,20,20,3.5465516567230226,3.5001646280288696,3.0953585743904113,3.9851153135299686
identity_wet1,160,derived_reference,fleurs_uk,sigmos_discontinuity,20,20,3.7496369242668153,3.7387396097183228,3.3963229179382326,4.183221817016602
identity_wet1,160,derived_reference,fleurs_uk,audiobox_pq,20,20,6.598570466041565,6.706761121749878,5.719355344772339,7.2139853715896605
identity_wet1,160,derived_reference,fleurs_uk,cer,20,20,0.02507024339328152,0.009127873205543108,0.0,0.12394062078272607
identity_wet1,160,derived_reference,fleurs_uk,wer,20,20,0.07433636480007447,0.0393939393939394,0.0,0.3333333333333333
identity_wet1,160,derived_reference,fleurs_uk,parakeet_cer,20,20,0.008169428733338507,0.0,0.0,0.04581339712918661
identity_wet1,160,derived_reference,fleurs_uk,parakeet_wer,20,20,0.028794686496299397,0.0,0.0,0.1332949308755761
identity_wet1,160,derived_reference,fleurs_uk,ecapa_similarity,20,20,0.9938895970582962,0.9951348304748535,0.9838093370199203,0.9996635377407074
identity_wet1,160,derived_reference,fleurs_uk,clipping_fraction,20,20,0.0,0.0,0.0,0.0
identity_wet1,160,derived_reference,fleurs_uk,duration_ratio,20,20,0.9352075769456203,0.9488141005441062,0.846304616982187,1.0
identity_wet1,160,derived_reference,fleurs_uk,hf_burst_count,20,20,4.05,0.5,0.0,18.0
identity_wet1,160,derived_reference,fleurs_uk,corpus_cer,1950,,0.025128205128205128,,,
identity_wet1,160,derived_reference,fleurs_uk,corpus_wer,345,,0.06376811594202898,,,
identity_wet1,160,derived_reference,fleurs_uk,corpus_parakeet_cer,1950,,0.009743589743589744,,,
identity_wet1,160,derived_reference,fleurs_uk,corpus_parakeet_wer,345,,0.034782608695652174,,,
identity_wet1,160,derived_reference,opentts_lada,sigmos_overall,20,20,2.7300986647605896,2.756660580635071,2.334733617305756,3.0372272014617923
identity_wet1,160,derived_reference,opentts_lada,sigmos_speech,20,20,3.705203151702881,3.7202160358428955,3.2848482847213747,4.102661895751953
identity_wet1,160,derived_reference,opentts_lada,sigmos_noise,20,20,3.9399355173110964,4.028095245361328,3.281849539279938,4.441024541854858
identity_wet1,160,derived_reference,opentts_lada,sigmos_coloration,20,20,3.5005413413047792,3.4918789863586426,2.87009574174881,4.089957046508789
identity_wet1,160,derived_reference,opentts_lada,sigmos_discontinuity,20,20,4.254086232185363,4.2981109619140625,3.867321801185608,4.6206052780151365
identity_wet1,160,derived_reference,opentts_lada,audiobox_pq,20,20,7.233246374130249,7.281811714172363,6.764492440223694,7.528941965103149
identity_wet1,160,derived_reference,opentts_lada,cer,20,20,0.011475511144628792,0.0,0.0,0.07748868778280545
identity_wet1,160,derived_reference,opentts_lada,wer,20,20,0.0539484126984127,0.0,0.0,0.16571428571428604
identity_wet1,160,derived_reference,opentts_lada,parakeet_cer,20,20,0.017227705056505244,0.0,0.0,0.08042986425339371
identity_wet1,160,derived_reference,opentts_lada,parakeet_wer,20,20,0.10482142857142855,0.0,0.0,0.4200000000000003
identity_wet1,160,derived_reference,opentts_lada,ecapa_similarity,20,20,0.8431446105241776,0.8373497426509857,0.7918428182601929,0.9266846090555191
identity_wet1,160,derived_reference,opentts_lada,clipping_fraction,20,20,4.206436612824278e-06,0.0,0.0,4.206436612824338e-06
identity_wet1,160,derived_reference,opentts_lada,duration_ratio,20,20,0.5513313427900088,0.5415800070573095,0.45017822333611807,0.6601515580614986
identity_wet1,160,derived_reference,opentts_lada,hf_burst_count,20,20,2.3,2.0,0.0,5.100000000000001
identity_wet1,160,derived_reference,opentts_lada,corpus_cer,753,,0.010624169986719787,,,
identity_wet1,160,derived_reference,opentts_lada,corpus_wer,155,,0.04516129032258064,,,
identity_wet1,160,derived_reference,opentts_lada,corpus_parakeet_cer,753,,0.01593625498007968,,,
identity_wet1,160,derived_reference,opentts_lada,corpus_parakeet_wer,155,,0.08387096774193549,,,
identity_wet1,160,derived_reference,opentts_mykyta,sigmos_overall,20,20,3.5059882044792174,3.526877522468567,2.9895572900772094,4.008963418006897
identity_wet1,160,derived_reference,opentts_mykyta,sigmos_speech,20,20,4.025243127346039,4.096972703933716,3.4748125433921815,4.3849345445632935
identity_wet1,160,derived_reference,opentts_mykyta,sigmos_noise,20,20,4.344688832759857,4.385388374328613,3.920235002040863,4.651603651046753
identity_wet1,160,derived_reference,opentts_mykyta,sigmos_coloration,20,20,3.781406283378601,3.8344064950942993,3.1036901473999023,4.349651193618775
identity_wet1,160,derived_reference,opentts_mykyta,sigmos_discontinuity,20,20,4.351554191112518,4.394735813140869,3.9232152581214903,4.704436087608338
identity_wet1,160,derived_reference,opentts_mykyta,audiobox_pq,20,20,7.656405401229859,7.6923463344573975,7.238269424438476,7.981315398216248
identity_wet1,160,derived_reference,opentts_mykyta,cer,20,20,0.020634862744734146,0.0,0.0,0.06062271062271081
identity_wet1,160,derived_reference,opentts_mykyta,wer,20,20,0.04380827505827506,0.0,0.0,0.2541666666666667
identity_wet1,160,derived_reference,opentts_mykyta,parakeet_cer,20,20,0.021358428805237317,0.0,0.0,0.05965630114566309
identity_wet1,160,derived_reference,opentts_mykyta,parakeet_wer,20,20,0.05200757575757575,0.0,0.0,0.33666666666666667
identity_wet1,160,derived_reference,opentts_mykyta,ecapa_similarity,20,20,0.966782745718956,0.9732498824596405,0.9310953855514527,0.9999969333410264
identity_wet1,160,derived_reference,opentts_mykyta,clipping_fraction,20,20,0.0,0.0,0.0,0.0
identity_wet1,160,derived_reference,opentts_mykyta,duration_ratio,20,20,0.7721270807369509,0.775611020923521,0.6361967938087342,1.0
identity_wet1,160,derived_reference,opentts_mykyta,hf_burst_count,20,20,2.4,2.5,0.0,4.150000000000002
identity_wet1,160,derived_reference,opentts_mykyta,corpus_cer,606,,0.013201320132013201,,,
identity_wet1,160,derived_reference,opentts_mykyta,corpus_wer,133,,0.03759398496240601,,,
identity_wet1,160,derived_reference,opentts_mykyta,corpus_parakeet_cer,606,,0.01155115511551155,,,
identity_wet1,160,derived_reference,opentts_mykyta,corpus_parakeet_wer,133,,0.045112781954887216,,,
identity_wet1,160,derived_reference,opentts_tetiana,sigmos_overall,20,20,3.3259796619415285,3.3734411001205444,2.843961763381958,3.7248757600784304
identity_wet1,160,derived_reference,opentts_tetiana,sigmos_speech,20,20,3.9615381360054016,3.9720722436904907,3.4598386168479918,4.457648706436157
identity_wet1,160,derived_reference,opentts_tetiana,sigmos_noise,20,20,4.335296869277954,4.352914571762085,3.850040102005005,4.726263952255249
identity_wet1,160,derived_reference,opentts_tetiana,sigmos_coloration,20,20,3.5550443649291994,3.4924285411834717,3.1388089418411256,4.129987668991089
identity_wet1,160,derived_reference,opentts_tetiana,sigmos_discontinuity,20,20,4.290062379837036,4.276228904724121,3.7383100628852843,4.647545623779297
identity_wet1,160,derived_reference,opentts_tetiana,audiobox_pq,20,20,7.621535229682922,7.6481335163116455,7.098750734329224,7.915857243537903
identity_wet1,160,derived_reference,opentts_tetiana,cer,20,20,0.01950334387834388,0.0,0.0,0.06493055555555559
identity_wet1,160,derived_reference,opentts_tetiana,wer,20,20,0.08964285714285714,0.0,0.0,0.3333333333333333
identity_wet1,160,derived_reference,opentts_tetiana,parakeet_cer,20,20,0.016088992026492027,0.0,0.0,0.052421652421652434
identity_wet1,160,derived_reference,opentts_tetiana,parakeet_wer,20,20,0.1301984126984127,0.0,0.0,0.4522222222222223
identity_wet1,160,derived_reference,opentts_tetiana,ecapa_similarity,20,20,0.8294499933719635,0.8387746810913086,0.6809536010026932,0.9447227001190186
identity_wet1,160,derived_reference,opentts_tetiana,clipping_fraction,20,20,0.0,0.0,0.0,0.0
identity_wet1,160,derived_reference,opentts_tetiana,duration_ratio,20,20,0.5926129336006729,0.6122362187769165,0.4387848109732255,0.6704493233776723
identity_wet1,160,derived_reference,opentts_tetiana,hf_burst_count,20,20,2.95,3.0,1.0,6.050000000000001
identity_wet1,160,derived_reference,opentts_tetiana,corpus_cer,721,,0.018030513176144243,,,
identity_wet1,160,derived_reference,opentts_tetiana,corpus_wer,153,,0.08496732026143791,,,
identity_wet1,160,derived_reference,opentts_tetiana,corpus_parakeet_cer,721,,0.015256588072122053,,,
identity_wet1,160,derived_reference,opentts_tetiana,corpus_parakeet_wer,153,,0.12418300653594772,,,
identity_wet1,160,derived_reference,tg_voices_uk,sigmos_overall,20,20,2.8894412994384764,2.853679060935974,2.3226412415504454,3.4123338580131533
identity_wet1,160,derived_reference,tg_voices_uk,sigmos_speech,20,20,3.384468877315521,3.4115147590637207,2.8430490374565123,3.9120395302772524
identity_wet1,160,derived_reference,tg_voices_uk,sigmos_noise,20,20,3.6938955068588255,3.64668607711792,3.0749910354614256,4.300334930419922
identity_wet1,160,derived_reference,tg_voices_uk,sigmos_coloration,20,20,3.467817747592926,3.4487098455429077,2.434258961677551,4.247316932678223
identity_wet1,160,derived_reference,tg_voices_uk,sigmos_discontinuity,20,20,4.08078852891922,4.089137077331543,3.705100429058075,4.411631298065186
identity_wet1,160,derived_reference,tg_voices_uk,audiobox_pq,20,20,6.495234894752502,6.5139946937561035,5.8361258745193485,7.100405478477478
identity_wet1,160,derived_reference,tg_voices_uk,cer,20,20,0.03583019401027812,0.021567717996289426,0.0,0.13831738437001598
identity_wet1,160,derived_reference,tg_voices_uk,wer,20,20,0.12086240148740149,0.09545454545454546,0.0,0.45079365079365086
identity_wet1,160,derived_reference,tg_voices_uk,parakeet_cer,20,20,0.03846379382140351,0.023214285714285715,0.0,0.14215686274509806
identity_wet1,160,derived_reference,tg_voices_uk,parakeet_wer,20,20,0.12560085747585747,0.07179487179487179,0.0,0.45000000000000007
identity_wet1,160,derived_reference,tg_voices_uk,ecapa_similarity,20,20,0.9944440186023712,0.9961401224136353,0.9850403040647506,0.9999977707862854
identity_wet1,160,derived_reference,tg_voices_uk,clipping_fraction,20,20,0.0,0.0,0.0,0.0
identity_wet1,160,derived_reference,tg_voices_uk,duration_ratio,20,20,0.9548210080782343,0.9756754077781132,0.8812947738563099,1.0
identity_wet1,160,derived_reference,tg_voices_uk,hf_burst_count,20,20,1.45,1.0,0.0,4.0
identity_wet1,160,derived_reference,tg_voices_uk,corpus_cer,800,,0.0425,,,
identity_wet1,160,derived_reference,tg_voices_uk,corpus_wer,168,,0.125,,,
identity_wet1,160,derived_reference,tg_voices_uk,corpus_parakeet_cer,800,,0.04625,,,
identity_wet1,160,derived_reference,tg_voices_uk,corpus_parakeet_wer,168,,0.13095238095238096,,,
identity_wet1,160,derived_reference,ua_ser,sigmos_overall,20,20,2.4522849440574648,2.3631656169891357,1.6424778699874878,3.181135046482086
identity_wet1,160,derived_reference,ua_ser,sigmos_speech,20,20,3.010000395774841,2.943014144897461,2.3217042684555054,3.770735239982605
identity_wet1,160,derived_reference,ua_ser,sigmos_noise,20,20,3.0017197370529174,3.1922231912612915,1.7723084211349487,3.8390272259712224
identity_wet1,160,derived_reference,ua_ser,sigmos_coloration,20,20,3.1033427834510805,3.099603533744812,2.5345802664756776,3.691913104057312
identity_wet1,160,derived_reference,ua_ser,sigmos_discontinuity,20,20,3.681738865375519,3.6842960119247437,2.6741734981536864,4.696043491363525
identity_wet1,160,derived_reference,ua_ser,audiobox_pq,20,20,5.970371806621552,6.231396675109863,4.160610377788544,6.951476049423218
identity_wet1,160,derived_reference,ua_ser,cer,20,20,0.22037852633822733,0.11596638655462185,0.0,0.9252564102564104
identity_wet1,160,derived_reference,ua_ser,wer,20,20,0.31626984126984126,0.2361111111111111,0.0,1.0
identity_wet1,160,derived_reference,ua_ser,parakeet_cer,20,20,0.25429239040471413,0.06111111111111111,0.0,1.0142857142857145
identity_wet1,160,derived_reference,ua_ser,parakeet_wer,20,20,0.3555555555555555,0.19444444444444442,0.0,1.0250000000000004
identity_wet1,160,derived_reference,ua_ser,ecapa_similarity,20,20,0.9988074451684952,0.9991852939128876,0.9977663964033127,0.9998308628797531
identity_wet1,160,derived_reference,ua_ser,clipping_fraction,20,20,0.0,0.0,0.0,0.0
identity_wet1,160,derived_reference,ua_ser,duration_ratio,20,20,0.9962539811660903,1.0,0.9728752580597698,1.0000089178059368
identity_wet1,160,derived_reference,ua_ser,hf_burst_count,20,20,1.4,1.5,0.0,3.0500000000000007
identity_wet1,160,derived_reference,ua_ser,corpus_cer,601,,0.17803660565723795,,,
identity_wet1,160,derived_reference,ua_ser,corpus_wer,134,,0.2537313432835821,,,
identity_wet1,160,derived_reference,ua_ser,corpus_parakeet_cer,601,,0.1713810316139767,,,
identity_wet1,160,derived_reference,ua_ser,corpus_parakeet_wer,134,,0.27611940298507465,,,
identity_wet1,160,derived_reference,ukr_dialects,sigmos_overall,20,20,2.8773197770118712,2.8499293327331543,2.270112383365631,3.4325542092323302
identity_wet1,160,derived_reference,ukr_dialects,sigmos_speech,20,20,3.4060397386550902,3.4360392093658447,2.8039272308349608,3.9023378372192385
identity_wet1,160,derived_reference,ukr_dialects,sigmos_noise,20,20,3.5386469960212708,3.6330469846725464,2.1672886967658997,4.612035751342773
identity_wet1,160,derived_reference,ukr_dialects,sigmos_coloration,20,20,3.4985294103622437,3.414122462272644,2.825188970565796,4.304520535469055
identity_wet1,160,derived_reference,ukr_dialects,sigmos_discontinuity,20,20,4.352650153636932,4.422360420227051,3.6443922758102416,4.780400395393372
identity_wet1,160,derived_reference,ukr_dialects,audiobox_pq,20,20,6.514866733551026,6.746473073959351,4.552042007446289,7.576204323768616
identity_wet1,160,derived_reference,ukr_dialects,cer,20,20,0.16349138001087776,0.07403057934972829,0.0,0.5424908424908426
identity_wet1,160,derived_reference,ukr_dialects,wer,20,20,0.3614824854042571,0.3485169491525424,0.0,0.8272727272727275
identity_wet1,160,derived_reference,ukr_dialects,parakeet_cer,20,20,0.11866226438827472,0.09047824213700992,0.0,0.3648504273504274
identity_wet1,160,derived_reference,ukr_dialects,parakeet_wer,20,20,0.2910178450254276,0.26792698826597133,0.0,0.6454545454545456
identity_wet1,160,derived_reference,ukr_dialects,ecapa_similarity,20,20,0.9985011070966721,0.9994649291038513,0.9913684815168381,0.9999366104602814
identity_wet1,160,derived_reference,ukr_dialects,clipping_fraction,20,20,2.726589258281298e-06,0.0,0.0,1.2656041547550987e-05
identity_wet1,160,derived_reference,ukr_dialects,duration_ratio,20,20,0.9894625148188266,1.0,0.9200796146550865,1.0
identity_wet1,160,derived_reference,ukr_dialects,hf_burst_count,20,20,1.8,0.0,0.0,5.450000000000006
identity_wet1,160,derived_reference,ukr_dialects,corpus_cer,1677,,0.11687537268932618,,,
identity_wet1,160,derived_reference,ukr_dialects,corpus_wer,376,,0.3404255319148936,,,
identity_wet1,160,derived_reference,ukr_dialects,corpus_parakeet_cer,1677,,0.0936195587358378,,,
identity_wet1,160,derived_reference,ukr_dialects,corpus_parakeet_wer,376,,0.2925531914893617,,,
identity_wet1,160,derived_reference,source_macro,sigmos_overall,8,,2.923891197144985,,,
identity_wet1,160,derived_reference,source_macro,sigmos_speech,8,,3.498944915831089,,,
identity_wet1,160,derived_reference,source_macro,sigmos_noise,8,,3.7674406230449677,,,
identity_wet1,160,derived_reference,source_macro,sigmos_coloration,8,,3.4432856515049934,,,
identity_wet1,160,derived_reference,source_macro,sigmos_discontinuity,8,,4.088388621807098,,,
identity_wet1,160,derived_reference,source_macro,audiobox_pq,8,,6.7238023862242695,,,
identity_wet1,160,derived_reference,source_macro,cer,8,,0.06674004998247708,,,
identity_wet1,160,derived_reference,source_macro,wer,8,,0.1446416624554726,,,
identity_wet1,160,derived_reference,source_macro,parakeet_cer,8,,0.0596300976267179,,,
identity_wet1,160,derived_reference,source_macro,parakeet_wer,8,,0.13912454519756962,,,
identity_wet1,160,derived_reference,source_macro,ecapa_similarity,8,,0.9491674404591322,,,
identity_wet1,160,derived_reference,source_macro,clipping_fraction,8,,9.952925948895145e-07,,,
identity_wet1,160,derived_reference,source_macro,duration_ratio,8,,0.8272515956979867,,,
identity_wet1,160,derived_reference,source_macro,hf_burst_count,8,,2.075,,,
original,160,derived_reference,all,sigmos_overall,160,160,2.9972115993499755,2.998481512069702,2.080988883972168,3.8305888652801507
original,160,derived_reference,all,sigmos_speech,160,160,3.4473387405276297,3.4767950773239136,2.468222808837891,4.310400438308715
original,160,derived_reference,all,sigmos_noise,160,160,3.804890252649784,3.93404221534729,2.4541757106781006,4.683177614212036
original,160,derived_reference,all,sigmos_coloration,160,160,3.532324893772602,3.611711621284485,2.593405306339264,4.272427678108215
original,160,derived_reference,all,sigmos_discontinuity,160,160,3.9070615842938423,3.95724880695343,2.9977898001670837,4.554701662063598
original,160,derived_reference,all,audiobox_pq,160,160,6.8078452661633495,6.989906311035156,4.6960770845413204,7.838725876808167
original,160,derived_reference,all,cer,160,160,0.06642812158279449,0.0,0.0,0.3333333333333333
original,160,derived_reference,all,wer,160,160,0.14621978745547262,0.016666666666666666,0.0,0.6378787878787874
original,160,derived_reference,all,parakeet_cer,160,160,0.05893226021897659,0.0,0.0,0.2145833333333312
original,160,derived_reference,all,parakeet_wer,160,160,0.1391088751037745,0.0,0.0,0.5718045112781953
original,160,derived_reference,all,ecapa_similarity,160,160,0.999999975413084,1.0,0.9999998807907104,1.0
original,160,derived_reference,all,clipping_fraction,160,160,4.863007741954585e-07,0.0,0.0,0.0
original,160,derived_reference,all,duration_ratio,160,160,1.0,1.0,1.0,1.0
original,160,derived_reference,all,hf_burst_count,160,160,2.1375,1.0,0.0,7.0
original,160,derived_reference,all,corpus_cer,7763,,0.055262140924900165,,,
original,160,derived_reference,all,corpus_wer,1598,,0.14956195244055068,,,
original,160,derived_reference,all,corpus_parakeet_cer,7763,,0.043797500966121346,,,
original,160,derived_reference,all,corpus_parakeet_wer,1598,,0.1357947434292866,,,
original,160,derived_reference,common_voice_available_uk,sigmos_overall,20,20,2.781567966938019,2.75749933719635,2.1051435828208924,3.5435461878776553
original,160,derived_reference,common_voice_available_uk,sigmos_speech,20,20,3.1470383763313294,3.158421277999878,2.3710719108581544,3.80528529882431
original,160,derived_reference,common_voice_available_uk,sigmos_noise,20,20,3.8305145144462585,3.9371739625930786,2.9186187505722048,4.5559303760528564
original,160,derived_reference,common_voice_available_uk,sigmos_coloration,20,20,3.101072072982788,3.043037176132202,2.373866820335388,3.798870086669922
original,160,derived_reference,common_voice_available_uk,sigmos_discontinuity,20,20,3.8852579474449156,3.944231867790222,3.3469465255737303,4.399721097946167
original,160,derived_reference,common_voice_available_uk,audiobox_pq,20,20,5.721242988109589,6.349340200424194,3.7705888152122498,6.891783332824707
original,160,derived_reference,common_voice_available_uk,cer,20,20,0.03753633833944511,0.0,0.0,0.13279857397504474
original,160,derived_reference,common_voice_available_uk,wer,20,20,0.08844932844932844,0.0,0.0,0.29642857142857154
original,160,derived_reference,common_voice_available_uk,parakeet_cer,20,20,0.0,0.0,0.0,0.0
original,160,derived_reference,common_voice_available_uk,parakeet_wer,20,20,0.0,0.0,0.0,0.0
original,160,derived_reference,common_voice_available_uk,ecapa_similarity,20,20,0.9999999880790711,1.0,0.9999999374151229,1.0
original,160,derived_reference,common_voice_available_uk,clipping_fraction,20,20,6.430041152263374e-07,0.0,0.0,6.430041152263466e-07
original,160,derived_reference,common_voice_available_uk,duration_ratio,20,20,1.0,1.0,1.0,1.0
original,160,derived_reference,common_voice_available_uk,hf_burst_count,20,20,0.25,0.0,0.0,1.0500000000000007
original,160,derived_reference,common_voice_available_uk,corpus_cer,655,,0.030534351145038167,,,
original,160,derived_reference,common_voice_available_uk,corpus_wer,134,,0.08208955223880597,,,
original,160,derived_reference,common_voice_available_uk,corpus_parakeet_cer,655,,0.0,,,
original,160,derived_reference,common_voice_available_uk,corpus_parakeet_wer,134,,0.0,,,
original,160,derived_reference,fleurs_uk,sigmos_overall,20,20,2.9282756567001345,2.8538858890533447,2.5167253375053407,3.3996936559677122
original,160,derived_reference,fleurs_uk,sigmos_speech,20,20,3.3619612097740172,3.3886882066726685,2.8336473226547243,3.8323878407478333
original,160,derived_reference,fleurs_uk,sigmos_noise,20,20,3.7399389147758484,3.7629703283309937,3.1248663425445558,4.298802900314331
original,160,derived_reference,fleurs_uk,sigmos_coloration,20,20,3.6422358632087706,3.6164467334747314,3.214581859111786,4.116639137268066
original,160,derived_reference,fleurs_uk,sigmos_discontinuity,20,20,3.702428197860718,3.7513246536254883,2.9869404673576354,4.259131813049317
original,160,derived_reference,fleurs_uk,audiobox_pq,20,20,6.666827511787415,6.822417736053467,5.7256686925888065,7.30176386833191
original,160,derived_reference,fleurs_uk,cer,20,20,0.024751847166866427,0.004273504273504274,0.0,0.12394062078272607
original,160,derived_reference,fleurs_uk,wer,20,20,0.06808636480007448,0.016666666666666666,0.0,0.3333333333333333
original,160,derived_reference,fleurs_uk,parakeet_cer,20,20,0.009189836896603815,0.0,0.0,0.04581339712918661
original,160,derived_reference,fleurs_uk,parakeet_wer,20,20,0.03212801982963273,0.0,0.0,0.13738095238095244
original,160,derived_reference,fleurs_uk,ecapa_similarity,20,20,0.9999999821186065,1.0,0.9999998807907104,1.0
original,160,derived_reference,fleurs_uk,clipping_fraction,20,20,0.0,0.0,0.0,0.0
original,160,derived_reference,fleurs_uk,duration_ratio,20,20,1.0,1.0,1.0,1.0
original,160,derived_reference,fleurs_uk,hf_burst_count,20,20,4.05,0.5,0.0,18.0
original,160,derived_reference,fleurs_uk,corpus_cer,1950,,0.025128205128205128,,,
original,160,derived_reference,fleurs_uk,corpus_wer,345,,0.06086956521739131,,,
original,160,derived_reference,fleurs_uk,corpus_parakeet_cer,1950,,0.010769230769230769,,,
original,160,derived_reference,fleurs_uk,corpus_parakeet_wer,345,,0.03768115942028986,,,
original,160,derived_reference,opentts_lada,sigmos_overall,20,20,2.968858206272125,3.0499871969223022,2.5046202421188353,3.4866321444511414
original,160,derived_reference,opentts_lada,sigmos_speech,20,20,3.507177007198334,3.511015295982361,3.0296494483947756,3.9983547925949097
original,160,derived_reference,opentts_lada,sigmos_noise,20,20,4.012760281562805,4.046441555023193,3.3436280131340026,4.380854344367981
original,160,derived_reference,opentts_lada,sigmos_coloration,20,20,3.743421268463135,3.7668226957321167,3.436904239654541,4.02502555847168
original,160,derived_reference,opentts_lada,sigmos_discontinuity,20,20,4.107545888423919,4.071721315383911,3.754719150066376,4.638145542144775
original,160,derived_reference,opentts_lada,audiobox_pq,20,20,7.509451007843017,7.562513828277588,7.27298412322998,7.707285475730896
original,160,derived_reference,opentts_lada,cer,20,20,0.013181164166071287,0.0,0.0,0.07748868778280545
original,160,derived_reference,opentts_lada,wer,20,20,0.0589484126984127,0.0,0.0,0.2200000000000003
original,160,derived_reference,opentts_lada,parakeet_cer,20,20,0.019056714901778397,0.0,0.0,0.10588235294117647
original,160,derived_reference,opentts_lada,parakeet_wer,20,20,0.103234126984127,0.0,0.0,0.4471428571428574
original,160,derived_reference,opentts_lada,ecapa_similarity,20,20,0.9999999672174453,0.9999999701976776,0.9999999374151229,1.0
original,160,derived_reference,opentts_lada,clipping_fraction,20,20,3.24740207833733e-06,0.0,0.0,3.2474020783373763e-06
original,160,derived_reference,opentts_lada,duration_ratio,20,20,1.0,1.0,1.0,1.0
original,160,derived_reference,opentts_lada,hf_burst_count,20,20,2.45,2.0,0.0,5.150000000000002
original,160,derived_reference,opentts_lada,corpus_cer,753,,0.010624169986719787,,,
original,160,derived_reference,opentts_lada,corpus_wer,155,,0.04516129032258064,,,
original,160,derived_reference,opentts_lada,corpus_parakeet_cer,753,,0.01593625498007968,,,
original,160,derived_reference,opentts_lada,corpus_parakeet_wer,155,,0.08387096774193549,,,
original,160,derived_reference,opentts_mykyta,sigmos_overall,20,20,3.641589915752411,3.5363956689834595,3.281515324115753,4.0912597417831424
original,160,derived_reference,opentts_mykyta,sigmos_speech,20,20,4.101001858711243,4.114630222320557,3.7390958428382874,4.478671669960022
original,160,derived_reference,opentts_mykyta,sigmos_noise,20,20,4.356389224529266,4.378457069396973,4.060319793224335,4.684281229972839
original,160,derived_reference,opentts_mykyta,sigmos_coloration,20,20,3.9622496128082276,3.9891953468322754,3.3071056842803954,4.398529982566833
original,160,derived_reference,opentts_mykyta,sigmos_discontinuity,20,20,4.3564584970474245,4.3558409214019775,3.8990498781204224,4.775480151176453
original,160,derived_reference,opentts_mykyta,audiobox_pq,20,20,7.737131333351135,7.746635437011719,7.415929913520813,7.982307577133179
original,160,derived_reference,opentts_mykyta,cer,20,20,0.022486714596585997,0.0,0.0,0.06062271062271081
original,160,derived_reference,opentts_mykyta,wer,20,20,0.06880827505827505,0.0,0.0,0.3416666666666668
original,160,derived_reference,opentts_mykyta,parakeet_cer,20,20,0.026125962296175066,0.0,0.0,0.08960113960113981
original,160,derived_reference,opentts_mykyta,parakeet_wer,20,20,0.1165909090909091,0.0,0.0,0.5250000000000004
original,160,derived_reference,opentts_mykyta,ecapa_similarity,20,20,0.9999999582767487,1.0,0.9999998807907104,1.0
original,160,derived_reference,opentts_mykyta,clipping_fraction,20,20,0.0,0.0,0.0,0.0
original,160,derived_reference,opentts_mykyta,duration_ratio,20,20,1.0,1.0,1.0,1.0
original,160,derived_reference,opentts_mykyta,hf_burst_count,20,20,2.55,3.0,0.0,5.100000000000001
original,160,derived_reference,opentts_mykyta,corpus_cer,606,,0.01485148514851485,,,
original,160,derived_reference,opentts_mykyta,corpus_wer,133,,0.05263157894736842,,,
original,160,derived_reference,opentts_mykyta,corpus_parakeet_cer,606,,0.0165016501650165,,,
original,160,derived_reference,opentts_mykyta,corpus_parakeet_wer,133,,0.08270676691729323,,,
original,160,derived_reference,opentts_tetiana,sigmos_overall,20,20,3.578526771068573,3.6245540380477905,3.183888792991638,3.869956958293915
original,160,derived_reference,opentts_tetiana,sigmos_speech,20,20,4.035387551784515,4.120790958404541,3.514841306209564,4.368157172203064
original,160,derived_reference,opentts_tetiana,sigmos_noise,20,20,4.475631070137024,4.4887073040008545,4.191759324073791,4.813381361961365
original,160,derived_reference,opentts_tetiana,sigmos_coloration,20,20,3.91225551366806,3.953522801399231,3.5547911763191222,4.152591490745545
original,160,derived_reference,opentts_tetiana,sigmos_discontinuity,20,20,4.160904586315155,4.196744918823242,3.6280627846717834,4.499199151992798
original,160,derived_reference,opentts_tetiana,audiobox_pq,20,20,7.666283535957336,7.680860757827759,7.483761024475098,7.889339804649353
original,160,derived_reference,opentts_tetiana,cer,20,20,0.017942867317867317,0.0,0.0,0.07549857549857551
original,160,derived_reference,opentts_tetiana,wer,20,20,0.07714285714285714,0.0,0.0,0.3333333333333333
original,160,derived_reference,opentts_tetiana,parakeet_cer,20,20,0.01538052060373489,0.0,0.0,0.04651515151515153
original,160,derived_reference,opentts_tetiana,parakeet_wer,20,20,0.10575757575757576,0.08333333333333333,0.0,0.3333333333333333
original,160,derived_reference,opentts_tetiana,ecapa_similarity,20,20,0.9999999821186065,1.0,0.9999999374151229,1.0
original,160,derived_reference,opentts_tetiana,clipping_fraction,20,20,0.0,0.0,0.0,0.0
original,160,derived_reference,opentts_tetiana,duration_ratio,20,20,1.0,1.0,1.0,1.0
original,160,derived_reference,opentts_tetiana,hf_burst_count,20,20,2.95,3.0,1.0,6.050000000000001
original,160,derived_reference,opentts_tetiana,corpus_cer,721,,0.018030513176144243,,,
original,160,derived_reference,opentts_tetiana,corpus_wer,153,,0.0784313725490196,,,
original,160,derived_reference,opentts_tetiana,corpus_parakeet_cer,721,,0.013869625520110958,,,
original,160,derived_reference,opentts_tetiana,corpus_parakeet_wer,153,,0.09803921568627451,,,
original,160,derived_reference,tg_voices_uk,sigmos_overall,20,20,2.931147348880768,2.878826141357422,2.2518099188804626,3.5934363126754763
original,160,derived_reference,tg_voices_uk,sigmos_speech,20,20,3.3706477999687197,3.408147692680359,2.5959099531173706,4.199423861503601
original,160,derived_reference,tg_voices_uk,sigmos_noise,20,20,3.727490282058716,3.738944888114929,3.2219351172447204,4.363995218276978
original,160,derived_reference,tg_voices_uk,sigmos_coloration,20,20,3.562345838546753,3.662601590156555,2.982027697563171,4.1151100397109985
original,160,derived_reference,tg_voices_uk,sigmos_discontinuity,20,20,3.8990919828414916,3.8263105154037476,3.4275344014167786,4.465217256546021
original,160,derived_reference,tg_voices_uk,audiobox_pq,20,20,6.50606906414032,6.516790390014648,5.97229950428009,7.023652696609497
original,160,derived_reference,tg_voices_uk,cer,20,20,0.03501052187913058,0.021567717996289426,0.0,0.13831738437001598
original,160,derived_reference,tg_voices_uk,wer,20,20,0.14586240148740148,0.10555555555555556,0.0,0.5035714285714287
original,160,derived_reference,tg_voices_uk,parakeet_cer,20,20,0.03459088872716242,0.023214285714285715,0.0,0.11497208931419459
original,160,derived_reference,tg_voices_uk,parakeet_wer,20,20,0.1294203019203019,0.07692307692307693,0.0,0.4444444444444444
original,160,derived_reference,tg_voices_uk,ecapa_similarity,20,20,0.9999999910593033,1.0,0.9999999374151229,1.0
original,160,derived_reference,tg_voices_uk,clipping_fraction,20,20,0.0,0.0,0.0,0.0
original,160,derived_reference,tg_voices_uk,duration_ratio,20,20,1.0,1.0,1.0,1.0
original,160,derived_reference,tg_voices_uk,hf_burst_count,20,20,1.45,1.0,0.0,4.0
original,160,derived_reference,tg_voices_uk,corpus_cer,800,,0.04125,,,
original,160,derived_reference,tg_voices_uk,corpus_wer,168,,0.13690476190476192,,,
original,160,derived_reference,tg_voices_uk,corpus_parakeet_cer,800,,0.04,,,
original,160,derived_reference,tg_voices_uk,corpus_parakeet_wer,168,,0.13095238095238096,,,
original,160,derived_reference,ua_ser,sigmos_overall,20,20,2.367500364780426,2.3753013610839844,1.7685223698616028,2.9849398851394655
original,160,derived_reference,ua_ser,sigmos_speech,20,20,2.8380386590957642,2.8849185705184937,2.1476899147033692,3.533793675899506
original,160,derived_reference,ua_ser,sigmos_noise,20,20,2.9479118824005126,2.945683479309082,1.8490593910217286,3.8081777811050417
original,160,derived_reference,ua_ser,sigmos_coloration,20,20,2.9754781484603883,2.94695508480072,2.4048833012580872,3.694155561923981
original,160,derived_reference,ua_ser,sigmos_discontinuity,20,20,3.2059711813926697,3.2203489542007446,2.4586329102516173,4.021525263786316
original,160,derived_reference,ua_ser,audiobox_pq,20,20,6.0904426097869875,6.365024566650391,4.178646302223205,7.009654450416565
original,160,derived_reference,ua_ser,cer,20,20,0.21643115791717465,0.0988095238095238,0.0,0.9252564102564104
original,160,derived_reference,ua_ser,wer,20,20,0.3079365079365079,0.2222222222222222,0.0,1.0
original,160,derived_reference,ua_ser,parakeet_cer,20,20,0.2516608114573457,0.06111111111111111,0.0,1.0142857142857145
original,160,derived_reference,ua_ser,parakeet_wer,20,20,0.3472222222222222,0.19444444444444442,0.0,1.0250000000000004
original,160,derived_reference,ua_ser,ecapa_similarity,20,20,0.9999999642372132,1.0,0.9999998807907104,1.0
original,160,derived_reference,ua_ser,clipping_fraction,20,20,0.0,0.0,0.0,0.0
original,160,derived_reference,ua_ser,duration_ratio,20,20,1.0,1.0,1.0,1.0
original,160,derived_reference,ua_ser,hf_burst_count,20,20,1.4,1.5,0.0,3.0500000000000007
original,160,derived_reference,ua_ser,corpus_cer,601,,0.17304492512479203,,,
original,160,derived_reference,ua_ser,corpus_wer,134,,0.2462686567164179,,,
original,160,derived_reference,ua_ser,corpus_parakeet_cer,601,,0.16805324459234608,,,
original,160,derived_reference,ua_ser,corpus_parakeet_wer,134,,0.26865671641791045,,,
original,160,derived_reference,ukr_dialects,sigmos_overall,20,20,2.7802265644073487,2.81324303150177,2.0541198372840883,3.4252092599868775
original,160,derived_reference,ukr_dialects,sigmos_speech,20,20,3.2174574613571165,3.1541049480438232,2.470203423500061,4.117397832870483
original,160,derived_reference,ukr_dialects,sigmos_noise,20,20,3.3484858512878417,3.549591898918152,2.24263117313385,4.395888328552246
original,160,derived_reference,ukr_dialects,sigmos_coloration,20,20,3.3595408320426943,3.3238977193832397,2.702717626094818,4.27418966293335
original,160,derived_reference,ukr_dialects,sigmos_discontinuity,20,20,3.9388343930244445,3.9244768619537354,3.288579487800598,4.487009644508362
original,160,derived_reference,ukr_dialects,audiobox_pq,20,20,6.565314078330994,6.793934345245361,4.6960770845413204,7.617871332168579
original,160,derived_reference,ukr_dialects,cer,20,20,0.16408436127921447,0.07751840274276495,0.0,0.5424908424908426
original,160,derived_reference,ukr_dialects,wer,20,20,0.35452415207092375,0.3533246414602347,0.0,0.8272727272727275
original,160,derived_reference,ukr_dialects,parakeet_cer,20,20,0.11545334686901239,0.09047824213700992,0.0,0.3661324786324787
original,160,derived_reference,ukr_dialects,parakeet_wer,20,20,0.2785178450254276,0.26792698826597133,0.0,0.6454545454545456
original,160,derived_reference,ukr_dialects,ecapa_similarity,20,20,0.9999999701976776,1.0,0.9999998807907104,1.0
original,160,derived_reference,ukr_dialects,clipping_fraction,20,20,0.0,0.0,0.0,0.0
original,160,derived_reference,ukr_dialects,duration_ratio,20,20,1.0,1.0,1.0,1.0
original,160,derived_reference,ukr_dialects,hf_burst_count,20,20,2.0,0.5,0.0,5.500000000000007
original,160,derived_reference,ukr_dialects,corpus_cer,1677,,0.11508646392367322,,,
original,160,derived_reference,ukr_dialects,corpus_wer,376,,0.3324468085106383,,,
original,160,derived_reference,ukr_dialects,corpus_parakeet_cer,1677,,0.09183064997018485,,,
original,160,derived_reference,ukr_dialects,corpus_parakeet_wer,376,,0.2845744680851064,,,
original,160,derived_reference,source_macro,sigmos_overall,8,,2.997211599349976,,,
original,160,derived_reference,source_macro,sigmos_speech,8,,3.4473387405276297,,,
original,160,derived_reference,source_macro,sigmos_noise,8,,3.804890252649784,,,
original,160,derived_reference,source_macro,sigmos_coloration,8,,3.5323248937726026,,,
original,160,derived_reference,source_macro,sigmos_discontinuity,8,,3.9070615842938428,,,
original,160,derived_reference,source_macro,audiobox_pq,8,,6.8078452661633495,,,
original,160,derived_reference,source_macro,cer,8,,0.06642812158279449,,,
original,160,derived_reference,source_macro,wer,8,,0.14621978745547262,,,
original,160,derived_reference,source_macro,parakeet_cer,8,,0.05893226021897659,,,
original,160,derived_reference,source_macro,parakeet_wer,8,,0.13910887510377457,,,
original,160,derived_reference,source_macro,ecapa_similarity,8,,0.9999999754130839,,,
original,160,derived_reference,source_macro,clipping_fraction,8,,4.863007741954584e-07,,,
original,160,derived_reference,source_macro,duration_ratio,8,,1.0,,,
original,160,derived_reference,source_macro,hf_burst_count,8,,2.1375,,,
deepfilternet3_peak0_wet1,160,new_trial,all,sigmos_overall,160,160,3.1281364053487777,3.1223299503326416,2.4507455587387086,3.847328507900238
deepfilternet3_peak0_wet1,160,new_trial,all,sigmos_speech,160,160,3.641487196087837,3.6859601736068726,2.867150032520294,4.307034635543823
deepfilternet3_peak0_wet1,160,new_trial,all,sigmos_noise,160,160,4.156899800896644,4.222860097885132,3.4366677165031434,4.6395958900451655
deepfilternet3_peak0_wet1,160,new_trial,all,sigmos_coloration,160,160,3.5610882729291915,3.603966474533081,2.7986680626869203,4.241062259674072
deepfilternet3_peak0_wet1,160,new_trial,all,sigmos_discontinuity,160,160,4.147725492715836,4.160292625427246,3.4543766021728515,4.711142539978027
deepfilternet3_peak0_wet1,160,new_trial,all,audiobox_pq,160,160,6.982626424729824,7.231361389160156,5.0142701148986815,7.86408851146698
deepfilternet3_peak0_wet1,160,new_trial,all,cer,160,160,0.08029790119636658,0.0,0.0,0.37785714285714067
deepfilternet3_peak0_wet1,160,new_trial,all,wer,160,160,0.1756144954521543,0.016666666666666666,0.0,0.7194805194805177
deepfilternet3_peak0_wet1,160,new_trial,all,parakeet_cer,160,160,0.07080259973398072,0.0,0.0,0.3622863247863244
deepfilternet3_peak0_wet1,160,new_trial,all,parakeet_wer,160,160,0.1494782315006733,0.0,0.0,0.8009090909090907
deepfilternet3_peak0_wet1,160,new_trial,all,ecapa_similarity,160,160,0.9203198622912169,0.9571268856525421,0.7592228949069977,0.9961001366376877
deepfilternet3_peak0_wet1,160,new_trial,all,clipping_fraction,160,160,0.0,0.0,0.0,0.0
deepfilternet3_peak0_wet1,160,new_trial,all,duration_ratio,160,160,0.8272515956979867,0.9074074074074074,0.489217673814165,1.0
deepfilternet3_peak0_wet1,160,new_trial,all,hf_burst_count,160,160,2.2,1.0,0.0,7.0
deepfilternet3_peak0_wet1,160,new_trial,all,corpus_cer,7763,,0.0626046631456911,,,
deepfilternet3_peak0_wet1,160,new_trial,all,corpus_wer,1598,,0.16708385481852314,,,
deepfilternet3_peak0_wet1,160,new_trial,all,corpus_parakeet_cer,7763,,0.053973979131778954,,,
deepfilternet3_peak0_wet1,160,new_trial,all,corpus_parakeet_wer,1598,,0.14643304130162704,,,
deepfilternet3_peak0_wet1,160,new_trial,common_voice_available_uk,sigmos_overall,20,20,2.9367371201515198,2.88976788520813,2.4128950476646422,3.6338261604309086
deepfilternet3_peak0_wet1,160,new_trial,common_voice_available_uk,sigmos_speech,20,20,3.338422930240631,3.3644977807998657,2.806940770149231,3.9960062146186828
deepfilternet3_peak0_wet1,160,new_trial,common_voice_available_uk,sigmos_noise,20,20,4.178913164138794,4.215662240982056,3.7802600383758547,4.602378082275391
deepfilternet3_peak0_wet1,160,new_trial,common_voice_available_uk,sigmos_coloration,20,20,3.2300273537635804,3.186215877532959,2.5740376830101015,3.935955286026001
deepfilternet3_peak0_wet1,160,new_trial,common_voice_available_uk,sigmos_discontinuity,20,20,4.014872086048126,3.986857056617737,3.415162515640259,4.636008620262146
deepfilternet3_peak0_wet1,160,new_trial,common_voice_available_uk,audiobox_pq,20,20,5.9350964546203615,6.551933526992798,3.949549603462219,7.0150940179824826
deepfilternet3_peak0_wet1,160,new_trial,common_voice_available_uk,cer,20,20,0.06457110364490037,0.0,0.0,0.3416666666666668
deepfilternet3_peak0_wet1,160,new_trial,common_voice_available_uk,wer,20,20,0.1928144078144078,0.0,0.0,0.5625000000000009
deepfilternet3_peak0_wet1,160,new_trial,common_voice_available_uk,parakeet_cer,20,20,0.024304812834224598,0.0,0.0,0.07424242424242444
deepfilternet3_peak0_wet1,160,new_trial,common_voice_available_uk,parakeet_wer,20,20,0.08678571428571429,0.0,0.0,0.32142857142857195
deepfilternet3_peak0_wet1,160,new_trial,common_voice_available_uk,ecapa_similarity,20,20,0.9326181888580323,0.9551517367362976,0.8288476169109344,0.98643838763237
deepfilternet3_peak0_wet1,160,new_trial,common_voice_available_uk,clipping_fraction,20,20,0.0,0.0,0.0,0.0
deepfilternet3_peak0_wet1,160,new_trial,common_voice_available_uk,duration_ratio,20,20,0.8261963274474893,0.7943802521008403,0.6500917107583774,1.0
deepfilternet3_peak0_wet1,160,new_trial,common_voice_available_uk,hf_burst_count,20,20,0.45,0.0,0.0,2.0500000000000007
deepfilternet3_peak0_wet1,160,new_trial,common_voice_available_uk,corpus_cer,655,,0.050381679389312976,,,
deepfilternet3_peak0_wet1,160,new_trial,common_voice_available_uk,corpus_wer,134,,0.15671641791044777,,,
deepfilternet3_peak0_wet1,160,new_trial,common_voice_available_uk,corpus_parakeet_cer,655,,0.015267175572519083,,,
deepfilternet3_peak0_wet1,160,new_trial,common_voice_available_uk,corpus_parakeet_wer,134,,0.05970149253731343,,,
deepfilternet3_peak0_wet1,160,new_trial,fleurs_uk,sigmos_overall,20,20,3.1109430313110353,3.1032909154891968,2.6181894898414613,3.632004725933075
deepfilternet3_peak0_wet1,160,new_trial,fleurs_uk,sigmos_speech,20,20,3.567903256416321,3.6056405305862427,3.0107842326164245,4.089115023612976
deepfilternet3_peak0_wet1,160,new_trial,fleurs_uk,sigmos_noise,20,20,4.0181099534034725,4.022723913192749,3.541961681842804,4.355183029174805
deepfilternet3_peak0_wet1,160,new_trial,fleurs_uk,sigmos_coloration,20,20,3.691092324256897,3.727578282356262,3.2362239360809326,4.123133516311645
deepfilternet3_peak0_wet1,160,new_trial,fleurs_uk,sigmos_discontinuity,20,20,3.9966728568077086,3.996666193008423,3.72965327501297,4.33563871383667
deepfilternet3_peak0_wet1,160,new_trial,fleurs_uk,audiobox_pq,20,20,7.016658329963684,7.204389333724976,6.0764919996261595,7.468802285194397
deepfilternet3_peak0_wet1,160,new_trial,fleurs_uk,cer,20,20,0.026211920213263247,0.009127873205543108,0.0,0.12394062078272607
deepfilternet3_peak0_wet1,160,new_trial,fleurs_uk,wer,20,20,0.08322525368896336,0.0393939393939394,0.0,0.3333333333333333
deepfilternet3_peak0_wet1,160,new_trial,fleurs_uk,parakeet_cer,20,20,0.009189836896603815,0.0,0.0,0.04581339712918661
deepfilternet3_peak0_wet1,160,new_trial,fleurs_uk,parakeet_wer,20,20,0.03212801982963273,0.0,0.0,0.13738095238095244
deepfilternet3_peak0_wet1,160,new_trial,fleurs_uk,ecapa_similarity,20,20,0.9787300318479538,0.9872737228870392,0.9303493022918701,0.996387368440628
deepfilternet3_peak0_wet1,160,new_trial,fleurs_uk,clipping_fraction,20,20,0.0,0.0,0.0,0.0
deepfilternet3_peak0_wet1,160,new_trial,fleurs_uk,duration_ratio,20,20,0.9352075769456203,0.9488141005441062,0.846304616982187,1.0
deepfilternet3_peak0_wet1,160,new_trial,fleurs_uk,hf_burst_count,20,20,4.4,0.5,0.0,17.1
deepfilternet3_peak0_wet1,160,new_trial,fleurs_uk,corpus_cer,1950,,0.026153846153846153,,,
deepfilternet3_peak0_wet1,160,new_trial,fleurs_uk,corpus_wer,345,,0.06956521739130435,,,
deepfilternet3_peak0_wet1,160,new_trial,fleurs_uk,corpus_parakeet_cer,1950,,0.010769230769230769,,,
deepfilternet3_peak0_wet1,160,new_trial,fleurs_uk,corpus_parakeet_wer,345,,0.03768115942028986,,,
deepfilternet3_peak0_wet1,160,new_trial,opentts_lada,sigmos_overall,20,20,2.8414821863174438,2.879698872566223,2.401075530052185,3.3098892450332644
deepfilternet3_peak0_wet1,160,new_trial,opentts_lada,sigmos_speech,20,20,3.74159414768219,3.795510172843933,3.1400989651679994,4.1221283912658695
deepfilternet3_peak0_wet1,160,new_trial,opentts_lada,sigmos_noise,20,20,4.05465008020401,4.035398006439209,3.447433817386627,4.502249073982239
deepfilternet3_peak0_wet1,160,new_trial,opentts_lada,sigmos_coloration,20,20,3.4721298933029177,3.564151883125305,2.7646783590316772,3.881226420402527
deepfilternet3_peak0_wet1,160,new_trial,opentts_lada,sigmos_discontinuity,20,20,4.283534526824951,4.261936664581299,3.9784968852996827,4.602411365509034
deepfilternet3_peak0_wet1,160,new_trial,opentts_lada,audiobox_pq,20,20,7.293037033081054,7.341283082962036,6.878431749343872,7.569218182563782
deepfilternet3_peak0_wet1,160,new_trial,opentts_lada,cer,20,20,0.010549585218702865,0.0,0.0,0.07748868778280545
deepfilternet3_peak0_wet1,160,new_trial,opentts_lada,wer,20,20,0.04894841269841269,0.0,0.0,0.16571428571428604
deepfilternet3_peak0_wet1,160,new_trial,opentts_lada,parakeet_cer,20,20,0.014286528585917007,0.0,0.0,0.07748868778280545
deepfilternet3_peak0_wet1,160,new_trial,opentts_lada,parakeet_wer,20,20,0.09767857142857142,0.0,0.0,0.4200000000000003
deepfilternet3_peak0_wet1,160,new_trial,opentts_lada,ecapa_similarity,20,20,0.8412844687700272,0.8301790952682495,0.7879547864198685,0.924066236615181
deepfilternet3_peak0_wet1,160,new_trial,opentts_lada,clipping_fraction,20,20,0.0,0.0,0.0,0.0
deepfilternet3_peak0_wet1,160,new_trial,opentts_lada,duration_ratio,20,20,0.5513313427900088,0.5415800070573095,0.45017822333611807,0.6601515580614986
deepfilternet3_peak0_wet1,160,new_trial,opentts_lada,hf_burst_count,20,20,2.2,2.0,0.0,5.100000000000001
deepfilternet3_peak0_wet1,160,new_trial,opentts_lada,corpus_cer,753,,0.009296148738379814,,,
deepfilternet3_peak0_wet1,160,new_trial,opentts_lada,corpus_wer,155,,0.03870967741935484,,,
deepfilternet3_peak0_wet1,160,new_trial,opentts_lada,corpus_parakeet_cer,753,,0.013280212483399735,,,
deepfilternet3_peak0_wet1,160,new_trial,opentts_lada,corpus_parakeet_wer,155,,0.07741935483870968,,,
deepfilternet3_peak0_wet1,160,new_trial,opentts_mykyta,sigmos_overall,20,20,3.5479953408241274,3.5891705751419067,3.103934717178345,4.017040872573853
deepfilternet3_peak0_wet1,160,new_trial,opentts_mykyta,sigmos_speech,20,20,4.000703048706055,4.018017888069153,3.4789381504058836,4.381355285644531
deepfilternet3_peak0_wet1,160,new_trial,opentts_mykyta,sigmos_noise,20,20,4.402624082565308,4.4205403327941895,3.968156433105469,4.751688432693482
deepfilternet3_peak0_wet1,160,new_trial,opentts_mykyta,sigmos_coloration,20,20,3.789292943477631,3.7666271924972534,3.185785472393036,4.441412043571472
deepfilternet3_peak0_wet1,160,new_trial,opentts_mykyta,sigmos_discontinuity,20,20,4.338045656681061,4.3725433349609375,3.914556896686554,4.715529441833496
deepfilternet3_peak0_wet1,160,new_trial,opentts_mykyta,audiobox_pq,20,20,7.737244820594787,7.780562877655029,7.4274838209152225,7.9909779787063595
deepfilternet3_peak0_wet1,160,new_trial,opentts_mykyta,cer,20,20,0.02343011082300109,0.0,0.0,0.06062271062271081
deepfilternet3_peak0_wet1,160,new_trial,opentts_mykyta,wer,20,20,0.0726544289044289,0.0,0.0,0.3416666666666668
deepfilternet3_peak0_wet1,160,new_trial,opentts_mykyta,parakeet_cer,20,20,0.021358428805237317,0.0,0.0,0.05965630114566309
deepfilternet3_peak0_wet1,160,new_trial,opentts_mykyta,parakeet_wer,20,20,0.05200757575757575,0.0,0.0,0.33666666666666667
deepfilternet3_peak0_wet1,160,new_trial,opentts_mykyta,ecapa_similarity,20,20,0.9569605827331543,0.9615467190742493,0.9111732691526413,0.9935880869626998
deepfilternet3_peak0_wet1,160,new_trial,opentts_mykyta,clipping_fraction,20,20,0.0,0.0,0.0,0.0
deepfilternet3_peak0_wet1,160,new_trial,opentts_mykyta,duration_ratio,20,20,0.7721270807369509,0.775611020923521,0.6361967938087342,1.0
deepfilternet3_peak0_wet1,160,new_trial,opentts_mykyta,hf_burst_count,20,20,2.3,2.5,0.0,4.150000000000002
deepfilternet3_peak0_wet1,160,new_trial,opentts_mykyta,corpus_cer,606,,0.0165016501650165,,,
deepfilternet3_peak0_wet1,160,new_trial,opentts_mykyta,corpus_wer,133,,0.06015037593984962,,,
deepfilternet3_peak0_wet1,160,new_trial,opentts_mykyta,corpus_parakeet_cer,606,,0.01155115511551155,,,
deepfilternet3_peak0_wet1,160,new_trial,opentts_mykyta,corpus_parakeet_wer,133,,0.045112781954887216,,,
deepfilternet3_peak0_wet1,160,new_trial,opentts_tetiana,sigmos_overall,20,20,3.3116459131240843,3.2984553575515747,2.9075703978538514,3.6623181104660034
deepfilternet3_peak0_wet1,160,new_trial,opentts_tetiana,sigmos_speech,20,20,3.8683578610420226,3.8937450647354126,3.421688961982727,4.265841770172119
deepfilternet3_peak0_wet1,160,new_trial,opentts_tetiana,sigmos_noise,20,20,4.401762962341309,4.428555011749268,4.085836458206177,4.719305324554443
deepfilternet3_peak0_wet1,160,new_trial,opentts_tetiana,sigmos_coloration,20,20,3.5653921365737915,3.5563485622406006,3.075703132152557,4.1037966966629025
deepfilternet3_peak0_wet1,160,new_trial,opentts_tetiana,sigmos_discontinuity,20,20,4.252895033359527,4.2636942863464355,3.789461147785187,4.661257743835449
deepfilternet3_peak0_wet1,160,new_trial,opentts_tetiana,audiobox_pq,20,20,7.676712584495545,7.670326471328735,7.307209467887878,7.932091236114502
deepfilternet3_peak0_wet1,160,new_trial,opentts_tetiana,cer,20,20,0.01950334387834388,0.0,0.0,0.06493055555555559
deepfilternet3_peak0_wet1,160,new_trial,opentts_tetiana,wer,20,20,0.08964285714285714,0.0,0.0,0.3333333333333333
deepfilternet3_peak0_wet1,160,new_trial,opentts_tetiana,parakeet_cer,20,20,0.016088992026492027,0.0,0.0,0.052421652421652434
deepfilternet3_peak0_wet1,160,new_trial,opentts_tetiana,parakeet_wer,20,20,0.1301984126984127,0.0,0.0,0.4522222222222223
deepfilternet3_peak0_wet1,160,new_trial,opentts_tetiana,ecapa_similarity,20,20,0.8371529579162598,0.8360740542411804,0.7112830698490142,0.95667285323143
deepfilternet3_peak0_wet1,160,new_trial,opentts_tetiana,clipping_fraction,20,20,0.0,0.0,0.0,0.0
deepfilternet3_peak0_wet1,160,new_trial,opentts_tetiana,duration_ratio,20,20,0.5926129336006729,0.6122362187769165,0.4387848109732255,0.6704493233776723
deepfilternet3_peak0_wet1,160,new_trial,opentts_tetiana,hf_burst_count,20,20,2.65,2.0,1.0,6.050000000000001
deepfilternet3_peak0_wet1,160,new_trial,opentts_tetiana,corpus_cer,721,,0.018030513176144243,,,
deepfilternet3_peak0_wet1,160,new_trial,opentts_tetiana,corpus_wer,153,,0.08496732026143791,,,
deepfilternet3_peak0_wet1,160,new_trial,opentts_tetiana,corpus_parakeet_cer,721,,0.015256588072122053,,,
deepfilternet3_peak0_wet1,160,new_trial,opentts_tetiana,corpus_parakeet_wer,153,,0.12418300653594772,,,
deepfilternet3_peak0_wet1,160,new_trial,tg_voices_uk,sigmos_overall,20,20,3.1571103930473328,3.1324880123138428,2.6337021350860597,3.775898540019989
deepfilternet3_peak0_wet1,160,new_trial,tg_voices_uk,sigmos_speech,20,20,3.589006495475769,3.613206624984741,2.9122200846672057,4.032704281806946
deepfilternet3_peak0_wet1,160,new_trial,tg_voices_uk,sigmos_noise,20,20,4.181937098503113,4.206035375595093,3.758440923690796,4.553318357467651
deepfilternet3_peak0_wet1,160,new_trial,tg_voices_uk,sigmos_coloration,20,20,3.610902798175812,3.6154685020446777,3.0699965715408326,4.1802321672439575
deepfilternet3_peak0_wet1,160,new_trial,tg_voices_uk,sigmos_discontinuity,20,20,4.0221395611763,3.976947784423828,3.5278295636177064,4.566112017631531
deepfilternet3_peak0_wet1,160,new_trial,tg_voices_uk,audiobox_pq,20,20,6.970876550674438,7.035203695297241,6.265495324134827,7.6479451894760135
deepfilternet3_peak0_wet1,160,new_trial,tg_voices_uk,cer,20,20,0.03781071349079761,0.0186786579038395,0.0,0.1768939393939394
deepfilternet3_peak0_wet1,160,new_trial,tg_voices_uk,wer,20,20,0.1446719252969253,0.09545454545454546,0.0,0.5107142857142859
deepfilternet3_peak0_wet1,160,new_trial,tg_voices_uk,parakeet_cer,20,20,0.03265490469929615,0.017125292740046837,0.0,0.11481729055258469
deepfilternet3_peak0_wet1,160,new_trial,tg_voices_uk,parakeet_wer,20,20,0.10448974636474635,0.06458333333333333,0.0,0.434920634920635
deepfilternet3_peak0_wet1,160,new_trial,tg_voices_uk,ecapa_similarity,20,20,0.9717973113059998,0.9772816598415375,0.9105268537998199,0.9986420184373855
deepfilternet3_peak0_wet1,160,new_trial,tg_voices_uk,clipping_fraction,20,20,0.0,0.0,0.0,0.0
deepfilternet3_peak0_wet1,160,new_trial,tg_voices_uk,duration_ratio,20,20,0.9548210080782343,0.9756754077781132,0.8812947738563099,1.0
deepfilternet3_peak0_wet1,160,new_trial,tg_voices_uk,hf_burst_count,20,20,1.45,1.0,0.0,4.0
deepfilternet3_peak0_wet1,160,new_trial,tg_voices_uk,corpus_cer,800,,0.045,,,
deepfilternet3_peak0_wet1,160,new_trial,tg_voices_uk,corpus_wer,168,,0.13690476190476192,,,
deepfilternet3_peak0_wet1,160,new_trial,tg_voices_uk,corpus_parakeet_cer,800,,0.04125,,,
deepfilternet3_peak0_wet1,160,new_trial,tg_voices_uk,corpus_parakeet_wer,168,,0.1130952380952381,,,
deepfilternet3_peak0_wet1,160,new_trial,ua_ser,sigmos_overall,20,20,2.886143159866333,3.010204315185547,1.8404587507247925,3.660223352909088
deepfilternet3_peak0_wet1,160,new_trial,ua_ser,sigmos_speech,20,20,3.3236834168434144,3.5302313566207886,1.979837918281555,4.072979164123535
deepfilternet3_peak0_wet1,160,new_trial,ua_ser,sigmos_noise,20,20,3.868491160869598,3.863905191421509,3.1839224338531493,4.441715264320374
deepfilternet3_peak0_wet1,160,new_trial,ua_ser,sigmos_coloration,20,20,3.3863893270492555,3.475669741630554,2.866058325767517,3.888855242729187
deepfilternet3_peak0_wet1,160,new_trial,ua_ser,sigmos_discontinuity,20,20,3.8748048424720762,3.8295133113861084,2.977306544780731,4.587014222145081
deepfilternet3_peak0_wet1,160,new_trial,ua_ser,audiobox_pq,20,20,6.356581079959869,6.741346120834351,4.686529123783112,7.445716857910156
deepfilternet3_peak0_wet1,160,new_trial,ua_ser,cer,20,20,0.2730435801186849,0.1213235294117647,0.0,0.9683333333333334
deepfilternet3_peak0_wet1,160,new_trial,ua_ser,wer,20,20,0.4011904761904762,0.29166666666666663,0.0,1.0500000000000007
deepfilternet3_peak0_wet1,160,new_trial,ua_ser,parakeet_cer,20,20,0.2636643150630165,0.06111111111111111,0.0,1.0
deepfilternet3_peak0_wet1,160,new_trial,ua_ser,parakeet_wer,20,20,0.36041666666666666,0.19444444444444442,0.0,1.0
deepfilternet3_peak0_wet1,160,new_trial,ua_ser,ecapa_similarity,20,20,0.8917572259902954,0.9455393552780151,0.6696264296770096,0.9948787063360214
deepfilternet3_peak0_wet1,160,new_trial,ua_ser,clipping_fraction,20,20,0.0,0.0,0.0,0.0
deepfilternet3_peak0_wet1,160,new_trial,ua_ser,duration_ratio,20,20,0.9962539811660903,1.0,0.9728752580597698,1.0000089178059368
deepfilternet3_peak0_wet1,160,new_trial,ua_ser,hf_burst_count,20,20,1.8,2.0,0.0,4.050000000000001
deepfilternet3_peak0_wet1,160,new_trial,ua_ser,corpus_cer,601,,0.19633943427620631,,,
deepfilternet3_peak0_wet1,160,new_trial,ua_ser,corpus_wer,134,,0.29850746268656714,,,
deepfilternet3_peak0_wet1,160,new_trial,ua_ser,corpus_parakeet_cer,601,,0.1896838602329451,,,
deepfilternet3_peak0_wet1,160,new_trial,ua_ser,corpus_parakeet_wer,134,,0.29850746268656714,,,
deepfilternet3_peak0_wet1,160,new_trial,ukr_dialects,sigmos_overall,20,20,3.233034098148346,3.1491321325302124,2.6725306153297423,3.9333256125450133
deepfilternet3_peak0_wet1,160,new_trial,ukr_dialects,sigmos_speech,20,20,3.7022264122962953,3.764683723449707,3.032283902168274,4.462546300888062
deepfilternet3_peak0_wet1,160,new_trial,ukr_dialects,sigmos_noise,20,20,4.148709905147553,4.136561393737793,3.4331541419029237,4.6921635389328005
deepfilternet3_peak0_wet1,160,new_trial,ukr_dialects,sigmos_coloration,20,20,3.7434794068336488,3.807178020477295,2.928599715232849,4.328187704086304
deepfilternet3_peak0_wet1,160,new_trial,ukr_dialects,sigmos_discontinuity,20,20,4.398839378356934,4.486107587814331,3.8940672159194945,4.867520594596863
deepfilternet3_peak0_wet1,160,new_trial,ukr_dialects,audiobox_pq,20,20,6.874804544448852,7.334667921066284,5.001483511924744,7.59997181892395
deepfilternet3_peak0_wet1,160,new_trial,ukr_dialects,cer,20,20,0.18726285218323865,0.09135060129509713,0.0,0.5868226600985224
deepfilternet3_peak0_wet1,160,new_trial,ukr_dialects,wer,20,20,0.371768201880763,0.3653846153846154,0.0,1.0
deepfilternet3_peak0_wet1,160,new_trial,ukr_dialects,parakeet_cer,20,20,0.18487297896105825,0.09264274430151206,0.0,0.8362068965517242
deepfilternet3_peak0_wet1,160,new_trial,ukr_dialects,parakeet_wer,20,20,0.33212114497406653,0.2690677966101695,0.0,1.0
deepfilternet3_peak0_wet1,160,new_trial,ukr_dialects,ecapa_similarity,20,20,0.9522581309080124,0.975831925868988,0.8567184448242188,0.9990996837615966
deepfilternet3_peak0_wet1,160,new_trial,ukr_dialects,clipping_fraction,20,20,0.0,0.0,0.0,0.0
deepfilternet3_peak0_wet1,160,new_trial,ukr_dialects,duration_ratio,20,20,0.9894625148188266,1.0,0.9200796146550865,1.0
deepfilternet3_peak0_wet1,160,new_trial,ukr_dialects,hf_burst_count,20,20,2.35,1.0,0.0,6.450000000000006
deepfilternet3_peak0_wet1,160,new_trial,ukr_dialects,corpus_cer,1677,,0.12999403697078116,,,
deepfilternet3_peak0_wet1,160,new_trial,ukr_dialects,corpus_wer,376,,0.35106382978723405,,,
deepfilternet3_peak0_wet1,160,new_trial,ukr_dialects,corpus_parakeet_cer,1677,,0.12701252236135957,,,
deepfilternet3_peak0_wet1,160,new_trial,ukr_dialects,corpus_parakeet_wer,376,,0.31117021276595747,,,
deepfilternet3_peak0_wet1,160,new_trial,source_macro,sigmos_overall,8,,3.1281364053487777,,,
deepfilternet3_peak0_wet1,160,new_trial,source_macro,sigmos_speech,8,,3.641487196087837,,,
deepfilternet3_peak0_wet1,160,new_trial,source_macro,sigmos_noise,8,,4.156899800896644,,,
deepfilternet3_peak0_wet1,160,new_trial,source_macro,sigmos_coloration,8,,3.561088272929192,,,
deepfilternet3_peak0_wet1,160,new_trial,source_macro,sigmos_discontinuity,8,,4.147725492715836,,,
deepfilternet3_peak0_wet1,160,new_trial,source_macro,audiobox_pq,8,,6.982626424729824,,,
deepfilternet3_peak0_wet1,160,new_trial,source_macro,cer,8,,0.08029790119636658,,,
deepfilternet3_peak0_wet1,160,new_trial,source_macro,wer,8,,0.1756144954521543,,,
deepfilternet3_peak0_wet1,160,new_trial,source_macro,parakeet_cer,8,,0.0708025997339807,,,
deepfilternet3_peak0_wet1,160,new_trial,source_macro,parakeet_wer,8,,0.14947823150067333,,,
deepfilternet3_peak0_wet1,160,new_trial,source_macro,ecapa_similarity,8,,0.9203198622912168,,,
deepfilternet3_peak0_wet1,160,new_trial,source_macro,clipping_fraction,8,,0.0,,,
deepfilternet3_peak0_wet1,160,new_trial,source_macro,duration_ratio,8,,0.8272515956979867,,,
deepfilternet3_peak0_wet1,160,new_trial,source_macro,hf_burst_count,8,,2.2,,,
deepfilternet3_peakminus3_wet0.5,160,new_trial,all,sigmos_overall,160,160,2.9970794185996055,2.9827033281326294,2.2866921544075014,3.6928095698356618
deepfilternet3_peakminus3_wet0.5,160,new_trial,all,sigmos_speech,160,160,3.555404192209244,3.5358976125717163,2.8407954812049865,4.2859776496887205
deepfilternet3_peakminus3_wet0.5,160,new_trial,all,sigmos_noise,160,160,3.9030826196074484,3.9952718019485474,2.9543295383453367,4.616389966011047
deepfilternet3_peakminus3_wet0.5,160,new_trial,all,sigmos_coloration,160,160,3.4913608521223067,3.4681618213653564,2.773331367969513,4.238691210746764
deepfilternet3_peakminus3_wet0.5,160,new_trial,all,sigmos_discontinuity,160,160,4.1092948645353315,4.141224145889282,3.446384298801422,4.686275434494019
deepfilternet3_peakminus3_wet0.5,160,new_trial,all,audiobox_pq,160,160,6.817694002389908,6.99903416633606,4.615362691879272,7.838867473602295
deepfilternet3_peakminus3_wet0.5,160,new_trial,all,cer,160,160,0.07067328083606486,0.0,0.0,0.3343137254901957
deepfilternet3_peakminus3_wet0.5,160,new_trial,all,wer,160,160,0.14424833182776703,0.0,0.0,0.6389204545454537
deepfilternet3_peakminus3_wet0.5,160,new_trial,all,parakeet_cer,160,160,0.05446744237797253,0.0,0.0,0.2623563218390792
deepfilternet3_peakminus3_wet0.5,160,new_trial,all,parakeet_wer,160,160,0.1338835188627933,0.0,0.0,0.5799999999999996
deepfilternet3_peakminus3_wet0.5,160,new_trial,all,ecapa_similarity,160,160,0.947596438601613,0.9868255853652954,0.7959655284881592,0.9987152963876724
deepfilternet3_peakminus3_wet0.5,160,new_trial,all,clipping_fraction,160,160,0.0,0.0,0.0,0.0
deepfilternet3_peakminus3_wet0.5,160,new_trial,all,duration_ratio,160,160,0.8272515956979867,0.9074074074074074,0.489217673814165,1.0
deepfilternet3_peakminus3_wet0.5,160,new_trial,all,hf_burst_count,160,160,2.1125,1.0,0.0,7.0
deepfilternet3_peakminus3_wet0.5,160,new_trial,all,corpus_cer,7763,,0.05629267035939714,,,
deepfilternet3_peakminus3_wet0.5,160,new_trial,all,corpus_wer,1598,,0.15018773466833543,,,
deepfilternet3_peakminus3_wet0.5,160,new_trial,all,corpus_parakeet_cer,7763,,0.041994074455751644,,,
deepfilternet3_peakminus3_wet0.5,160,new_trial,all,corpus_parakeet_wer,1598,,0.13391739674593242,,,
deepfilternet3_peakminus3_wet0.5,160,new_trial,common_voice_available_uk,sigmos_overall,20,20,2.8811015009880068,2.86990487575531,2.3969212055206297,3.533144736289978
deepfilternet3_peakminus3_wet0.5,160,new_trial,common_voice_available_uk,sigmos_speech,20,20,3.3041291356086733,3.2842289209365845,2.677581584453583,4.012895226478577
deepfilternet3_peakminus3_wet0.5,160,new_trial,common_voice_available_uk,sigmos_noise,20,20,3.8315797328948973,3.906580924987793,3.1313192009925843,4.346402382850647
deepfilternet3_peakminus3_wet0.5,160,new_trial,common_voice_available_uk,sigmos_coloration,20,20,3.17332067489624,3.202069640159607,2.5904502391815187,3.7423129558563235
deepfilternet3_peakminus3_wet0.5,160,new_trial,common_voice_available_uk,sigmos_discontinuity,20,20,3.9768127322196962,3.950181245803833,3.48807772397995,4.356012630462646
deepfilternet3_peakminus3_wet0.5,160,new_trial,common_voice_available_uk,audiobox_pq,20,20,5.794255948066711,6.419493198394775,3.843754827976227,6.927513790130615
deepfilternet3_peakminus3_wet0.5,160,new_trial,common_voice_available_uk,cer,20,20,0.032990883793990566,0.0,0.0,0.1126470588235296
deepfilternet3_peakminus3_wet0.5,160,new_trial,common_voice_available_uk,wer,20,20,0.08963980463980463,0.0,0.0,0.3416666666666668
deepfilternet3_peakminus3_wet0.5,160,new_trial,common_voice_available_uk,parakeet_cer,20,20,0.0027777777777777775,0.0,0.0,0.002777777777777817
deepfilternet3_peakminus3_wet0.5,160,new_trial,common_voice_available_uk,parakeet_wer,20,20,0.025,0.0,0.0,0.025000000000000355
deepfilternet3_peakminus3_wet0.5,160,new_trial,common_voice_available_uk,ecapa_similarity,20,20,0.9656695425510406,0.9781500101089478,0.883184066414833,0.9951307505369187
deepfilternet3_peakminus3_wet0.5,160,new_trial,common_voice_available_uk,clipping_fraction,20,20,0.0,0.0,0.0,0.0
deepfilternet3_peakminus3_wet0.5,160,new_trial,common_voice_available_uk,duration_ratio,20,20,0.8261963274474893,0.7943802521008403,0.6500917107583774,1.0
deepfilternet3_peakminus3_wet0.5,160,new_trial,common_voice_available_uk,hf_burst_count,20,20,0.35,0.0,0.0,2.0
deepfilternet3_peakminus3_wet0.5,160,new_trial,common_voice_available_uk,corpus_cer,655,,0.025954198473282442,,,
deepfilternet3_peakminus3_wet0.5,160,new_trial,common_voice_available_uk,corpus_wer,134,,0.08208955223880597,,,
deepfilternet3_peakminus3_wet0.5,160,new_trial,common_voice_available_uk,corpus_parakeet_cer,655,,0.0015267175572519084,,,
deepfilternet3_peakminus3_wet0.5,160,new_trial,common_voice_available_uk,corpus_parakeet_wer,134,,0.014925373134328358,,,
deepfilternet3_peakminus3_wet0.5,160,new_trial,fleurs_uk,sigmos_overall,20,20,2.941163945198059,2.9880495071411133,2.6111812472343443,3.282267260551453
deepfilternet3_peakminus3_wet0.5,160,new_trial,fleurs_uk,sigmos_speech,20,20,3.3905181884765625,3.410730004310608,3.041747879981995,3.752335357666016
deepfilternet3_peakminus3_wet0.5,160,new_trial,fleurs_uk,sigmos_noise,20,20,3.740088164806366,3.717747211456299,3.1758099794387817,4.341548466682434
deepfilternet3_peakminus3_wet0.5,160,new_trial,fleurs_uk,sigmos_coloration,20,20,3.618352007865906,3.594834566116333,3.203683590888977,4.170914149284362
deepfilternet3_peakminus3_wet0.5,160,new_trial,fleurs_uk,sigmos_discontinuity,20,20,3.84160258769989,3.8260347843170166,3.4994137406349184,4.18504490852356
deepfilternet3_peakminus3_wet0.5,160,new_trial,fleurs_uk,audiobox_pq,20,20,6.7575078248977665,6.9058613777160645,5.889635157585144,7.28932671546936
deepfilternet3_peakminus3_wet0.5,160,new_trial,fleurs_uk,cer,20,20,0.02507024339328152,0.009127873205543108,0.0,0.12394062078272607
deepfilternet3_peakminus3_wet0.5,160,new_trial,fleurs_uk,wer,20,20,0.07433636480007447,0.0393939393939394,0.0,0.3333333333333333
deepfilternet3_peakminus3_wet0.5,160,new_trial,fleurs_uk,parakeet_cer,20,20,0.008169428733338507,0.0,0.0,0.04581339712918661
deepfilternet3_peakminus3_wet0.5,160,new_trial,fleurs_uk,parakeet_wer,20,20,0.028794686496299397,0.0,0.0,0.1332949308755761
deepfilternet3_peakminus3_wet0.5,160,new_trial,fleurs_uk,ecapa_similarity,20,20,0.9924975782632828,0.9942314624786377,0.9804208904504776,0.9984366089105606
deepfilternet3_peakminus3_wet0.5,160,new_trial,fleurs_uk,clipping_fraction,20,20,0.0,0.0,0.0,0.0
deepfilternet3_peakminus3_wet0.5,160,new_trial,fleurs_uk,duration_ratio,20,20,0.9352075769456203,0.9488141005441062,0.846304616982187,1.0
deepfilternet3_peakminus3_wet0.5,160,new_trial,fleurs_uk,hf_burst_count,20,20,4.3,0.5,0.0,17.05
deepfilternet3_peakminus3_wet0.5,160,new_trial,fleurs_uk,corpus_cer,1950,,0.025128205128205128,,,
deepfilternet3_peakminus3_wet0.5,160,new_trial,fleurs_uk,corpus_wer,345,,0.06376811594202898,,,
deepfilternet3_peakminus3_wet0.5,160,new_trial,fleurs_uk,corpus_parakeet_cer,1950,,0.009743589743589744,,,
deepfilternet3_peakminus3_wet0.5,160,new_trial,fleurs_uk,corpus_parakeet_wer,345,,0.034782608695652174,,,
deepfilternet3_peakminus3_wet0.5,160,new_trial,opentts_lada,sigmos_overall,20,20,2.7712220191955566,2.8330564498901367,2.3085827827453613,3.1728607296943667
deepfilternet3_peakminus3_wet0.5,160,new_trial,opentts_lada,sigmos_speech,20,20,3.7019227743148804,3.7316914796829224,3.2299943566322327,4.106099653244018
deepfilternet3_peakminus3_wet0.5,160,new_trial,opentts_lada,sigmos_noise,20,20,4.0153926610946655,4.058985233306885,3.3494700312614443,4.484372615814209
deepfilternet3_peakminus3_wet0.5,160,new_trial,opentts_lada,sigmos_coloration,20,20,3.5095160722732546,3.557346820831299,2.773331367969513,4.062012553215027
deepfilternet3_peakminus3_wet0.5,160,new_trial,opentts_lada,sigmos_discontinuity,20,20,4.312746942043304,4.37755823135376,3.905877149105072,4.586248874664307
deepfilternet3_peakminus3_wet0.5,160,new_trial,opentts_lada,audiobox_pq,20,20,7.252661681175232,7.304797887802124,6.799687719345092,7.571770119667053
deepfilternet3_peakminus3_wet0.5,160,new_trial,opentts_lada,cer,20,20,0.010549585218702865,0.0,0.0,0.07748868778280545
deepfilternet3_peakminus3_wet0.5,160,new_trial,opentts_lada,wer,20,20,0.04894841269841269,0.0,0.0,0.16571428571428604
deepfilternet3_peakminus3_wet0.5,160,new_trial,opentts_lada,parakeet_cer,20,20,0.017227705056505244,0.0,0.0,0.08042986425339371
deepfilternet3_peakminus3_wet0.5,160,new_trial,opentts_lada,parakeet_wer,20,20,0.10482142857142855,0.0,0.0,0.4200000000000003
deepfilternet3_peakminus3_wet0.5,160,new_trial,opentts_lada,ecapa_similarity,20,20,0.8428760975599289,0.8361396193504333,0.7920339494943619,0.9256726026535034
deepfilternet3_peakminus3_wet0.5,160,new_trial,opentts_lada,clipping_fraction,20,20,0.0,0.0,0.0,0.0
deepfilternet3_peakminus3_wet0.5,160,new_trial,opentts_lada,duration_ratio,20,20,0.5513313427900088,0.5415800070573095,0.45017822333611807,0.6601515580614986
deepfilternet3_peakminus3_wet0.5,160,new_trial,opentts_lada,hf_burst_count,20,20,2.25,2.0,0.0,5.100000000000001
deepfilternet3_peakminus3_wet0.5,160,new_trial,opentts_lada,corpus_cer,753,,0.009296148738379814,,,
deepfilternet3_peakminus3_wet0.5,160,new_trial,opentts_lada,corpus_wer,155,,0.03870967741935484,,,
deepfilternet3_peakminus3_wet0.5,160,new_trial,opentts_lada,corpus_parakeet_cer,753,,0.01593625498007968,,,
deepfilternet3_peakminus3_wet0.5,160,new_trial,opentts_lada,corpus_parakeet_wer,155,,0.08387096774193549,,,
deepfilternet3_peakminus3_wet0.5,160,new_trial,opentts_mykyta,sigmos_overall,20,20,3.514041340351105,3.578646183013916,3.0562299251556397,4.0185973167419435
deepfilternet3_peakminus3_wet0.5,160,new_trial,opentts_mykyta,sigmos_speech,20,20,4.005230391025544,4.056997537612915,3.411892306804657,4.407749676704407
deepfilternet3_peakminus3_wet0.5,160,new_trial,opentts_mykyta,sigmos_noise,20,20,4.377888441085815,4.3798441886901855,4.034088921546936,4.668117356300354
deepfilternet3_peakminus3_wet0.5,160,new_trial,opentts_mykyta,sigmos_coloration,20,20,3.7833696007728577,3.823261022567749,3.0343695759773253,4.411020350456238
deepfilternet3_peakminus3_wet0.5,160,new_trial,opentts_mykyta,sigmos_discontinuity,20,20,4.356382822990417,4.361655950546265,3.932527947425842,4.729121923446655
deepfilternet3_peakminus3_wet0.5,160,new_trial,opentts_mykyta,audiobox_pq,20,20,7.67816162109375,7.733901500701904,7.306266331672669,7.987030434608459
deepfilternet3_peakminus3_wet0.5,160,new_trial,opentts_mykyta,cer,20,20,0.022486714596585997,0.0,0.0,0.06062271062271081
deepfilternet3_peakminus3_wet0.5,160,new_trial,opentts_mykyta,wer,20,20,0.06880827505827505,0.0,0.0,0.3416666666666668
deepfilternet3_peakminus3_wet0.5,160,new_trial,opentts_mykyta,parakeet_cer,20,20,0.021358428805237317,0.0,0.0,0.05965630114566309
deepfilternet3_peakminus3_wet0.5,160,new_trial,opentts_mykyta,parakeet_wer,20,20,0.05200757575757575,0.0,0.0,0.33666666666666667
deepfilternet3_peakminus3_wet0.5,160,new_trial,opentts_mykyta,ecapa_similarity,20,20,0.9615586787462235,0.9618613719940186,0.9304784089326859,0.9938119441270828
deepfilternet3_peakminus3_wet0.5,160,new_trial,opentts_mykyta,clipping_fraction,20,20,0.0,0.0,0.0,0.0
deepfilternet3_peakminus3_wet0.5,160,new_trial,opentts_mykyta,duration_ratio,20,20,0.7721270807369509,0.775611020923521,0.6361967938087342,1.0
deepfilternet3_peakminus3_wet0.5,160,new_trial,opentts_mykyta,hf_burst_count,20,20,2.3,2.5,0.0,4.150000000000002
deepfilternet3_peakminus3_wet0.5,160,new_trial,opentts_mykyta,corpus_cer,606,,0.01485148514851485,,,
deepfilternet3_peakminus3_wet0.5,160,new_trial,opentts_mykyta,corpus_wer,133,,0.05263157894736842,,,
deepfilternet3_peakminus3_wet0.5,160,new_trial,opentts_mykyta,corpus_parakeet_cer,606,,0.01155115511551155,,,
deepfilternet3_peakminus3_wet0.5,160,new_trial,opentts_mykyta,corpus_parakeet_wer,133,,0.045112781954887216,,,
deepfilternet3_peakminus3_wet0.5,160,new_trial,opentts_tetiana,sigmos_overall,20,20,3.3200496554374697,3.282209038734436,2.899107825756073,3.7770241379737852
deepfilternet3_peakminus3_wet0.5,160,new_trial,opentts_tetiana,sigmos_speech,20,20,3.922024393081665,3.8819468021392822,3.461881947517395,4.431722855567932
deepfilternet3_peakminus3_wet0.5,160,new_trial,opentts_tetiana,sigmos_noise,20,20,4.381596887111664,4.373401403427124,4.023141419887542,4.736008167266846
deepfilternet3_peakminus3_wet0.5,160,new_trial,opentts_tetiana,sigmos_coloration,20,20,3.5596250534057616,3.4859389066696167,3.0370442867279053,4.116988182067871
deepfilternet3_peakminus3_wet0.5,160,new_trial,opentts_tetiana,sigmos_discontinuity,20,20,4.270976459980011,4.2662858963012695,3.771045446395874,4.637015032768249
deepfilternet3_peakminus3_wet0.5,160,new_trial,opentts_tetiana,audiobox_pq,20,20,7.650083422660828,7.659747362136841,7.241715312004089,7.923648333549499
deepfilternet3_peakminus3_wet0.5,160,new_trial,opentts_tetiana,cer,20,20,0.01950334387834388,0.0,0.0,0.06493055555555559
deepfilternet3_peakminus3_wet0.5,160,new_trial,opentts_tetiana,wer,20,20,0.08964285714285714,0.0,0.0,0.3333333333333333
deepfilternet3_peakminus3_wet0.5,160,new_trial,opentts_tetiana,parakeet_cer,20,20,0.016088992026492027,0.0,0.0,0.052421652421652434
deepfilternet3_peakminus3_wet0.5,160,new_trial,opentts_tetiana,parakeet_wer,20,20,0.1301984126984127,0.0,0.0,0.4522222222222223
deepfilternet3_peakminus3_wet0.5,160,new_trial,opentts_tetiana,ecapa_similarity,20,20,0.8370954662561416,0.8377217650413513,0.7108036011457444,0.9565280586481094
deepfilternet3_peakminus3_wet0.5,160,new_trial,opentts_tetiana,clipping_fraction,20,20,0.0,0.0,0.0,0.0
deepfilternet3_peakminus3_wet0.5,160,new_trial,opentts_tetiana,duration_ratio,20,20,0.5926129336006729,0.6122362187769165,0.4387848109732255,0.6704493233776723
deepfilternet3_peakminus3_wet0.5,160,new_trial,opentts_tetiana,hf_burst_count,20,20,2.8,3.0,1.0,6.050000000000001
deepfilternet3_peakminus3_wet0.5,160,new_trial,opentts_tetiana,corpus_cer,721,,0.018030513176144243,,,
deepfilternet3_peakminus3_wet0.5,160,new_trial,opentts_tetiana,corpus_wer,153,,0.08496732026143791,,,
deepfilternet3_peakminus3_wet0.5,160,new_trial,opentts_tetiana,corpus_parakeet_cer,721,,0.015256588072122053,,,
deepfilternet3_peakminus3_wet0.5,160,new_trial,opentts_tetiana,corpus_parakeet_wer,153,,0.12418300653594772,,,
deepfilternet3_peakminus3_wet0.5,160,new_trial,tg_voices_uk,sigmos_overall,20,20,2.9846451759338377,3.0161194801330566,2.5349635243415833,3.5477234721183777
deepfilternet3_peakminus3_wet0.5,160,new_trial,tg_voices_uk,sigmos_speech,20,20,3.4870612144470217,3.470222234725952,2.8725135564804076,4.2050374269485475
deepfilternet3_peakminus3_wet0.5,160,new_trial,tg_voices_uk,sigmos_noise,20,20,3.909219968318939,3.873312473297119,3.5590749263763426,4.297165727615357
deepfilternet3_peakminus3_wet0.5,160,new_trial,tg_voices_uk,sigmos_coloration,20,20,3.493823003768921,3.4017977714538574,2.562107515335083,4.345912837982178
deepfilternet3_peakminus3_wet0.5,160,new_trial,tg_voices_uk,sigmos_discontinuity,20,20,4.034552192687988,3.933251976966858,3.739719104766846,4.472954511642456
deepfilternet3_peakminus3_wet0.5,160,new_trial,tg_voices_uk,audiobox_pq,20,20,6.699103283882141,6.742905378341675,6.071282958984375,7.178496789932251
deepfilternet3_peakminus3_wet0.5,160,new_trial,tg_voices_uk,cer,20,20,0.03440162258170669,0.0186786579038395,0.0,0.13831738437001598
deepfilternet3_peakminus3_wet0.5,160,new_trial,tg_voices_uk,wer,20,20,0.11252906815406813,0.0787878787878788,0.0,0.45079365079365086
deepfilternet3_peakminus3_wet0.5,160,new_trial,tg_voices_uk,parakeet_cer,20,20,0.03572901569962848,0.023214285714285715,0.0,0.11579768270944744
deepfilternet3_peakminus3_wet0.5,160,new_trial,tg_voices_uk,parakeet_wer,20,20,0.11448974636474636,0.07179487179487179,0.0,0.434920634920635
deepfilternet3_peakminus3_wet0.5,160,new_trial,tg_voices_uk,ecapa_similarity,20,20,0.9926242262125016,0.9945155084133148,0.9835367769002914,0.9991332918405533
deepfilternet3_peakminus3_wet0.5,160,new_trial,tg_voices_uk,clipping_fraction,20,20,0.0,0.0,0.0,0.0
deepfilternet3_peakminus3_wet0.5,160,new_trial,tg_voices_uk,duration_ratio,20,20,0.9548210080782343,0.9756754077781132,0.8812947738563099,1.0
deepfilternet3_peakminus3_wet0.5,160,new_trial,tg_voices_uk,hf_burst_count,20,20,1.35,1.0,0.0,4.0
deepfilternet3_peakminus3_wet0.5,160,new_trial,tg_voices_uk,corpus_cer,800,,0.04125,,,
deepfilternet3_peakminus3_wet0.5,160,new_trial,tg_voices_uk,corpus_wer,168,,0.11904761904761904,,,
deepfilternet3_peakminus3_wet0.5,160,new_trial,tg_voices_uk,corpus_parakeet_cer,800,,0.0425,,,
deepfilternet3_peakminus3_wet0.5,160,new_trial,tg_voices_uk,corpus_parakeet_wer,168,,0.11904761904761904,,,
deepfilternet3_peakminus3_wet0.5,160,new_trial,ua_ser,sigmos_overall,20,20,2.5739096879959105,2.5391980409622192,1.7357401371002197,3.2567722320556642
deepfilternet3_peakminus3_wet0.5,160,new_trial,ua_ser,sigmos_speech,20,20,3.1412851452827453,3.1551812887191772,2.2925889372825625,3.8413406014442444
deepfilternet3_peakminus3_wet0.5,160,new_trial,ua_ser,sigmos_noise,20,20,3.2109304666519165,3.3751078844070435,2.024470353126526,4.015864980220795
deepfilternet3_peakminus3_wet0.5,160,new_trial,ua_ser,sigmos_coloration,20,20,3.2405404686927795,3.2488030195236206,2.653235578536987,3.910202920436859
deepfilternet3_peakminus3_wet0.5,160,new_trial,ua_ser,sigmos_discontinuity,20,20,3.7131322622299194,3.6855255365371704,2.754442012310028,4.6449949741363525
deepfilternet3_peakminus3_wet0.5,160,new_trial,ua_ser,audiobox_pq,20,20,6.112598395347595,6.35306191444397,4.317270493507385,7.028858375549317
deepfilternet3_peakminus3_wet0.5,160,new_trial,ua_ser,cer,20,20,0.2597965157562167,0.11596638655462185,0.0,0.9683333333333334
deepfilternet3_peakminus3_wet0.5,160,new_trial,ua_ser,wer,20,20,0.3246031746031746,0.2361111111111111,0.0,1.0
deepfilternet3_peakminus3_wet0.5,160,new_trial,ua_ser,parakeet_cer,20,20,0.22557088043320417,0.06111111111111111,0.0,1.0142857142857145
deepfilternet3_peakminus3_wet0.5,160,new_trial,ua_ser,parakeet_wer,20,20,0.33591269841269844,0.19444444444444442,0.0,1.0250000000000004
deepfilternet3_peakminus3_wet0.5,160,new_trial,ua_ser,ecapa_similarity,20,20,0.9935802340507507,0.9945361018180847,0.9870498418807984,0.9978438138961792
deepfilternet3_peakminus3_wet0.5,160,new_trial,ua_ser,clipping_fraction,20,20,0.0,0.0,0.0,0.0
deepfilternet3_peakminus3_wet0.5,160,new_trial,ua_ser,duration_ratio,20,20,0.9962539811660903,1.0,0.9728752580597698,1.0000089178059368
deepfilternet3_peakminus3_wet0.5,160,new_trial,ua_ser,hf_burst_count,20,20,1.5,1.5,0.0,3.0500000000000007
deepfilternet3_peakminus3_wet0.5,160,new_trial,ua_ser,corpus_cer,601,,0.1896838602329451,,,
deepfilternet3_peakminus3_wet0.5,160,new_trial,ua_ser,corpus_wer,134,,0.26119402985074625,,,
deepfilternet3_peakminus3_wet0.5,160,new_trial,ua_ser,corpus_parakeet_cer,601,,0.15474209650582363,,,
deepfilternet3_peakminus3_wet0.5,160,new_trial,ua_ser,corpus_parakeet_wer,134,,0.26119402985074625,,,
deepfilternet3_peakminus3_wet0.5,160,new_trial,ukr_dialects,sigmos_overall,20,20,2.9905020236968993,2.972522258758545,2.517832911014557,3.473814272880554
deepfilternet3_peakminus3_wet0.5,160,new_trial,ukr_dialects,sigmos_speech,20,20,3.4910622954368593,3.5350624322891235,2.864713168144226,3.957908368110657
deepfilternet3_peakminus3_wet0.5,160,new_trial,ukr_dialects,sigmos_noise,20,20,3.7579646348953246,3.680354356765747,3.0314592719078064,4.692031598091125
deepfilternet3_peakminus3_wet0.5,160,new_trial,ukr_dialects,sigmos_coloration,20,20,3.5523399353027343,3.547489881515503,2.889425206184387,4.276297521591187
deepfilternet3_peakminus3_wet0.5,160,new_trial,ukr_dialects,sigmos_discontinuity,20,20,4.368152916431427,4.4547929763793945,3.9257717967033385,4.766901993751526
deepfilternet3_peakminus3_wet0.5,160,new_trial,ukr_dialects,audiobox_pq,20,20,6.597179841995239,6.926646947860718,4.615362691879272,7.579142737388611
deepfilternet3_peakminus3_wet0.5,160,new_trial,ukr_dialects,cer,20,20,0.16058733746969067,0.07751840274276495,0.0,0.5424908424908426
deepfilternet3_peakminus3_wet0.5,160,new_trial,ukr_dialects,wer,20,20,0.3454786975254692,0.3533246414602347,0.0,0.7409090909090911
deepfilternet3_peakminus3_wet0.5,160,new_trial,ukr_dialects,parakeet_cer,20,20,0.10881731049159668,0.09047824213700992,0.0,0.3347222222222222
deepfilternet3_peakminus3_wet0.5,160,new_trial,ukr_dialects,parakeet_wer,20,20,0.2798436026011851,0.26792698826597133,0.0,0.6363636363636364
deepfilternet3_peakminus3_wet0.5,160,new_trial,ukr_dialects,ecapa_similarity,20,20,0.9948696851730346,0.9963226914405823,0.9877019941806793,0.9994555205106735
deepfilternet3_peakminus3_wet0.5,160,new_trial,ukr_dialects,clipping_fraction,20,20,0.0,0.0,0.0,0.0
deepfilternet3_peakminus3_wet0.5,160,new_trial,ukr_dialects,duration_ratio,20,20,0.9894625148188266,1.0,0.9200796146550865,1.0
deepfilternet3_peakminus3_wet0.5,160,new_trial,ukr_dialects,hf_burst_count,20,20,2.05,0.0,0.0,5.550000000000008
deepfilternet3_peakminus3_wet0.5,160,new_trial,ukr_dialects,corpus_cer,1677,,0.11627906976744186,,,
deepfilternet3_peakminus3_wet0.5,160,new_trial,ukr_dialects,corpus_wer,376,,0.3351063829787234,,,
deepfilternet3_peakminus3_wet0.5,160,new_trial,ukr_dialects,corpus_parakeet_cer,1677,,0.08884913536076326,,,
deepfilternet3_peakminus3_wet0.5,160,new_trial,ukr_dialects,corpus_parakeet_wer,376,,0.2845744680851064,,,
deepfilternet3_peakminus3_wet0.5,160,new_trial,source_macro,sigmos_overall,8,,2.9970794185996055,,,
deepfilternet3_peakminus3_wet0.5,160,new_trial,source_macro,sigmos_speech,8,,3.555404192209244,,,
deepfilternet3_peakminus3_wet0.5,160,new_trial,source_macro,sigmos_noise,8,,3.9030826196074484,,,
deepfilternet3_peakminus3_wet0.5,160,new_trial,source_macro,sigmos_coloration,8,,3.4913608521223067,,,
deepfilternet3_peakminus3_wet0.5,160,new_trial,source_macro,sigmos_discontinuity,8,,4.1092948645353315,,,
deepfilternet3_peakminus3_wet0.5,160,new_trial,source_macro,audiobox_pq,8,,6.817694002389908,,,
deepfilternet3_peakminus3_wet0.5,160,new_trial,source_macro,cer,8,,0.07067328083606486,,,
deepfilternet3_peakminus3_wet0.5,160,new_trial,source_macro,wer,8,,0.144248331827767,,,
deepfilternet3_peakminus3_wet0.5,160,new_trial,source_macro,parakeet_cer,8,,0.054467442377972526,,,
deepfilternet3_peakminus3_wet0.5,160,new_trial,source_macro,parakeet_wer,8,,0.1338835188627933,,,
deepfilternet3_peakminus3_wet0.5,160,new_trial,source_macro,ecapa_similarity,8,,0.947596438601613,,,
deepfilternet3_peakminus3_wet0.5,160,new_trial,source_macro,clipping_fraction,8,,0.0,,,
deepfilternet3_peakminus3_wet0.5,160,new_trial,source_macro,duration_ratio,8,,0.8272515956979867,,,
deepfilternet3_peakminus3_wet0.5,160,new_trial,source_macro,hf_burst_count,8,,2.1125,,,
deepfilternet3_peakminus3_wet0.5_lufsminus23,160,new_trial,all,sigmos_overall,160,160,3.0053607165813445,3.0156816244125366,2.2878175497055055,3.713296639919281
deepfilternet3_peakminus3_wet0.5_lufsminus23,160,new_trial,all,sigmos_speech,160,160,3.5551268056035044,3.574462652206421,2.7666152715682983,4.25123131275177
deepfilternet3_peakminus3_wet0.5_lufsminus23,160,new_trial,all,sigmos_noise,160,160,3.8442210242152215,3.9211496114730835,2.87472665309906,4.611502289772034
deepfilternet3_peakminus3_wet0.5_lufsminus23,160,new_trial,all,sigmos_coloration,160,160,3.4998081043362617,3.482808232307434,2.7252076745033262,4.282613611221313
deepfilternet3_peakminus3_wet0.5_lufsminus23,160,new_trial,all,sigmos_discontinuity,160,160,4.125071780383587,4.154403448104858,3.5315619111061096,4.7099384546279905
deepfilternet3_peakminus3_wet0.5_lufsminus23,160,new_trial,all,audiobox_pq,160,160,6.815370716154575,7.000687599182129,4.80862329006195,7.839444208145141
deepfilternet3_peakminus3_wet0.5_lufsminus23,160,new_trial,all,cer,160,160,0.0699998850770667,0.0,0.0,0.3343137254901957
deepfilternet3_peakminus3_wet0.5_lufsminus23,160,new_trial,all,wer,160,160,0.14385770682776702,0.0,0.0,0.6389204545454537
deepfilternet3_peakminus3_wet0.5_lufsminus23,160,new_trial,all,parakeet_cer,160,160,0.0604396230555827,0.0,0.0,0.33472222222222175
deepfilternet3_peakminus3_wet0.5_lufsminus23,160,new_trial,all,parakeet_wer,160,160,0.13946729625536305,0.0,0.0,0.6018181818181811
deepfilternet3_peakminus3_wet0.5_lufsminus23,160,new_trial,all,ecapa_similarity,160,160,0.9475980341434479,0.9868228137493134,0.7960097849369049,0.9987152069807053
deepfilternet3_peakminus3_wet0.5_lufsminus23,160,new_trial,all,clipping_fraction,160,160,0.0,0.0,0.0,0.0
deepfilternet3_peakminus3_wet0.5_lufsminus23,160,new_trial,all,duration_ratio,160,160,0.8272515956979867,0.9074074074074074,0.489217673814165,1.0
deepfilternet3_peakminus3_wet0.5_lufsminus23,160,new_trial,all,hf_burst_count,160,160,2.65,2.0,0.0,9.099999999999966
deepfilternet3_peakminus3_wet0.5_lufsminus23,160,new_trial,all,corpus_cer,7763,,0.05564858946283653,,,
deepfilternet3_peakminus3_wet0.5_lufsminus23,160,new_trial,all,corpus_wer,1598,,0.14956195244055068,,,
deepfilternet3_peakminus3_wet0.5_lufsminus23,160,new_trial,all,corpus_parakeet_cer,7763,,0.046245008373051656,,,
deepfilternet3_peakminus3_wet0.5_lufsminus23,160,new_trial,all,corpus_parakeet_wer,1598,,0.13704630788485608,,,
deepfilternet3_peakminus3_wet0.5_lufsminus23,160,new_trial,common_voice_available_uk,sigmos_overall,20,20,2.8943562507629395,2.932161808013916,1.955293345451355,3.5347520470619203
deepfilternet3_peakminus3_wet0.5_lufsminus23,160,new_trial,common_voice_available_uk,sigmos_speech,20,20,3.2807705402374268,3.361845374107361,2.210172247886658,3.978462827205658
deepfilternet3_peakminus3_wet0.5_lufsminus23,160,new_trial,common_voice_available_uk,sigmos_noise,20,20,3.828544521331787,4.005751729011536,3.095030689239502,4.316358518600464
deepfilternet3_peakminus3_wet0.5_lufsminus23,160,new_trial,common_voice_available_uk,sigmos_coloration,20,20,3.2075604677200316,3.211159110069275,2.6947270393371583,3.768056881427765
deepfilternet3_peakminus3_wet0.5_lufsminus23,160,new_trial,common_voice_available_uk,sigmos_discontinuity,20,20,3.967413377761841,3.91679310798645,3.6524675488471985,4.6508955478668215
deepfilternet3_peakminus3_wet0.5_lufsminus23,160,new_trial,common_voice_available_uk,audiobox_pq,20,20,5.836580562591553,6.2264580726623535,3.810561013221741,6.8895690679550174
deepfilternet3_peakminus3_wet0.5_lufsminus23,160,new_trial,common_voice_available_uk,cer,20,20,0.032990883793990566,0.0,0.0,0.1126470588235296
deepfilternet3_peakminus3_wet0.5_lufsminus23,160,new_trial,common_voice_available_uk,wer,20,20,0.08963980463980463,0.0,0.0,0.3416666666666668
deepfilternet3_peakminus3_wet0.5_lufsminus23,160,new_trial,common_voice_available_uk,parakeet_cer,20,20,0.0027777777777777775,0.0,0.0,0.002777777777777817
deepfilternet3_peakminus3_wet0.5_lufsminus23,160,new_trial,common_voice_available_uk,parakeet_wer,20,20,0.025,0.0,0.0,0.025000000000000355
deepfilternet3_peakminus3_wet0.5_lufsminus23,160,new_trial,common_voice_available_uk,ecapa_similarity,20,20,0.9656657814979553,0.9781448841094971,0.8831963837146759,0.9951288908720016
deepfilternet3_peakminus3_wet0.5_lufsminus23,160,new_trial,common_voice_available_uk,clipping_fraction,20,20,0.0,0.0,0.0,0.0
deepfilternet3_peakminus3_wet0.5_lufsminus23,160,new_trial,common_voice_available_uk,duration_ratio,20,20,0.8261963274474893,0.7943802521008403,0.6500917107583774,1.0
deepfilternet3_peakminus3_wet0.5_lufsminus23,160,new_trial,common_voice_available_uk,hf_burst_count,20,20,0.35,0.0,0.0,2.0
deepfilternet3_peakminus3_wet0.5_lufsminus23,160,new_trial,common_voice_available_uk,corpus_cer,655,,0.025954198473282442,,,
deepfilternet3_peakminus3_wet0.5_lufsminus23,160,new_trial,common_voice_available_uk,corpus_wer,134,,0.08208955223880597,,,
deepfilternet3_peakminus3_wet0.5_lufsminus23,160,new_trial,common_voice_available_uk,corpus_parakeet_cer,655,,0.0015267175572519084,,,
deepfilternet3_peakminus3_wet0.5_lufsminus23,160,new_trial,common_voice_available_uk,corpus_parakeet_wer,134,,0.014925373134328358,,,
deepfilternet3_peakminus3_wet0.5_lufsminus23,160,new_trial,fleurs_uk,sigmos_overall,20,20,2.916861820220947,2.943344235420227,2.483100974559784,3.3319713830947877
deepfilternet3_peakminus3_wet0.5_lufsminus23,160,new_trial,fleurs_uk,sigmos_speech,20,20,3.3140100717544554,3.345334768295288,2.9569426774978638,3.6572175621986394
deepfilternet3_peakminus3_wet0.5_lufsminus23,160,new_trial,fleurs_uk,sigmos_noise,20,20,3.515612077713013,3.491613745689392,3.1087230920791624,3.8726668953895573
deepfilternet3_peakminus3_wet0.5_lufsminus23,160,new_trial,fleurs_uk,sigmos_coloration,20,20,3.5958354830741883,3.5809894800186157,3.104201066493988,4.095470857620239
deepfilternet3_peakminus3_wet0.5_lufsminus23,160,new_trial,fleurs_uk,sigmos_discontinuity,20,20,3.8868608832359315,3.8286632299423218,3.554313564300537,4.316393089294434
deepfilternet3_peakminus3_wet0.5_lufsminus23,160,new_trial,fleurs_uk,audiobox_pq,20,20,6.743777251243591,6.881399154663086,6.0489380121231076,7.257456636428833
deepfilternet3_peakminus3_wet0.5_lufsminus23,160,new_trial,fleurs_uk,cer,20,20,0.02533107515679406,0.004273504273504274,0.0,0.12394062078272607
deepfilternet3_peakminus3_wet0.5_lufsminus23,160,new_trial,fleurs_uk,wer,20,20,0.07676692035563003,0.016666666666666666,0.0,0.3333333333333333
deepfilternet3_peakminus3_wet0.5_lufsminus23,160,new_trial,fleurs_uk,parakeet_cer,20,20,0.008169428733338507,0.0,0.0,0.04581339712918661
deepfilternet3_peakminus3_wet0.5_lufsminus23,160,new_trial,fleurs_uk,parakeet_wer,20,20,0.028794686496299397,0.0,0.0,0.1332949308755761
deepfilternet3_peakminus3_wet0.5_lufsminus23,160,new_trial,fleurs_uk,ecapa_similarity,20,20,0.9924952894449234,0.9942321479320526,0.9804011732339859,0.9984368324279785
deepfilternet3_peakminus3_wet0.5_lufsminus23,160,new_trial,fleurs_uk,clipping_fraction,20,20,0.0,0.0,0.0,0.0
deepfilternet3_peakminus3_wet0.5_lufsminus23,160,new_trial,fleurs_uk,duration_ratio,20,20,0.9352075769456203,0.9488141005441062,0.846304616982187,1.0
deepfilternet3_peakminus3_wet0.5_lufsminus23,160,new_trial,fleurs_uk,hf_burst_count,20,20,8.15,6.5,0.0,19.300000000000004
deepfilternet3_peakminus3_wet0.5_lufsminus23,160,new_trial,fleurs_uk,corpus_cer,1950,,0.025128205128205128,,,
deepfilternet3_peakminus3_wet0.5_lufsminus23,160,new_trial,fleurs_uk,corpus_wer,345,,0.06376811594202898,,,
deepfilternet3_peakminus3_wet0.5_lufsminus23,160,new_trial,fleurs_uk,corpus_parakeet_cer,1950,,0.009743589743589744,,,
deepfilternet3_peakminus3_wet0.5_lufsminus23,160,new_trial,fleurs_uk,corpus_parakeet_wer,345,,0.034782608695652174,,,
deepfilternet3_peakminus3_wet0.5_lufsminus23,160,new_trial,opentts_lada,sigmos_overall,20,20,2.8908437371253966,2.8524487018585205,2.513919401168823,3.2392855763435366
deepfilternet3_peakminus3_wet0.5_lufsminus23,160,new_trial,opentts_lada,sigmos_speech,20,20,3.73551059961319,3.7465633153915405,3.3604578375816345,4.117597603797913
deepfilternet3_peakminus3_wet0.5_lufsminus23,160,new_trial,opentts_lada,sigmos_noise,20,20,4.044748699665069,4.102669715881348,3.315093922615051,4.559638667106628
deepfilternet3_peakminus3_wet0.5_lufsminus23,160,new_trial,opentts_lada,sigmos_coloration,20,20,3.334792673587799,3.2722913026809692,2.778692638874054,3.871022439002991
deepfilternet3_peakminus3_wet0.5_lufsminus23,160,new_trial,opentts_lada,sigmos_discontinuity,20,20,4.272196650505066,4.266845226287842,3.988637661933899,4.577608394622803
deepfilternet3_peakminus3_wet0.5_lufsminus23,160,new_trial,opentts_lada,audiobox_pq,20,20,7.267388319969177,7.31012225151062,6.783823132514954,7.575806593894958
deepfilternet3_peakminus3_wet0.5_lufsminus23,160,new_trial,opentts_lada,cer,20,20,0.010549585218702865,0.0,0.0,0.07748868778280545
deepfilternet3_peakminus3_wet0.5_lufsminus23,160,new_trial,opentts_lada,wer,20,20,0.04894841269841269,0.0,0.0,0.16571428571428604
deepfilternet3_peakminus3_wet0.5_lufsminus23,160,new_trial,opentts_lada,parakeet_cer,20,20,0.017227705056505244,0.0,0.0,0.08042986425339371
deepfilternet3_peakminus3_wet0.5_lufsminus23,160,new_trial,opentts_lada,parakeet_wer,20,20,0.10482142857142855,0.0,0.0,0.4200000000000003
deepfilternet3_peakminus3_wet0.5_lufsminus23,160,new_trial,opentts_lada,ecapa_similarity,20,20,0.8428830325603485,0.8361413478851318,0.7920361459255219,0.9256785601377487
deepfilternet3_peakminus3_wet0.5_lufsminus23,160,new_trial,opentts_lada,clipping_fraction,20,20,0.0,0.0,0.0,0.0
deepfilternet3_peakminus3_wet0.5_lufsminus23,160,new_trial,opentts_lada,duration_ratio,20,20,0.5513313427900088,0.5415800070573095,0.45017822333611807,0.6601515580614986
deepfilternet3_peakminus3_wet0.5_lufsminus23,160,new_trial,opentts_lada,hf_burst_count,20,20,2.25,2.0,0.0,5.100000000000001
deepfilternet3_peakminus3_wet0.5_lufsminus23,160,new_trial,opentts_lada,corpus_cer,753,,0.009296148738379814,,,
deepfilternet3_peakminus3_wet0.5_lufsminus23,160,new_trial,opentts_lada,corpus_wer,155,,0.03870967741935484,,,
deepfilternet3_peakminus3_wet0.5_lufsminus23,160,new_trial,opentts_lada,corpus_parakeet_cer,753,,0.01593625498007968,,,
deepfilternet3_peakminus3_wet0.5_lufsminus23,160,new_trial,opentts_lada,corpus_parakeet_wer,155,,0.08387096774193549,,,
deepfilternet3_peakminus3_wet0.5_lufsminus23,160,new_trial,opentts_mykyta,sigmos_overall,20,20,3.495035481452942,3.5498334169387817,3.0171180963516235,4.066063737869262
deepfilternet3_peakminus3_wet0.5_lufsminus23,160,new_trial,opentts_mykyta,sigmos_speech,20,20,4.001517760753631,4.140503406524658,3.4712632656097413,4.401589941978455
deepfilternet3_peakminus3_wet0.5_lufsminus23,160,new_trial,opentts_mykyta,sigmos_noise,20,20,4.326144826412201,4.390036582946777,3.849056899547577,4.681015801429749
deepfilternet3_peakminus3_wet0.5_lufsminus23,160,new_trial,opentts_mykyta,sigmos_coloration,20,20,3.894877564907074,3.9377766847610474,3.3940208077430727,4.305248260498047
deepfilternet3_peakminus3_wet0.5_lufsminus23,160,new_trial,opentts_mykyta,sigmos_discontinuity,20,20,4.369251310825348,4.357095718383789,3.990438711643219,4.684964656829834
deepfilternet3_peakminus3_wet0.5_lufsminus23,160,new_trial,opentts_mykyta,audiobox_pq,20,20,7.691520953178406,7.748579263687134,7.398664498329163,7.988796997070312
deepfilternet3_peakminus3_wet0.5_lufsminus23,160,new_trial,opentts_mykyta,cer,20,20,0.022486714596585997,0.0,0.0,0.06062271062271081
deepfilternet3_peakminus3_wet0.5_lufsminus23,160,new_trial,opentts_mykyta,wer,20,20,0.06880827505827505,0.0,0.0,0.3416666666666668
deepfilternet3_peakminus3_wet0.5_lufsminus23,160,new_trial,opentts_mykyta,parakeet_cer,20,20,0.021358428805237317,0.0,0.0,0.05965630114566309
deepfilternet3_peakminus3_wet0.5_lufsminus23,160,new_trial,opentts_mykyta,parakeet_wer,20,20,0.05200757575757575,0.0,0.0,0.33666666666666667
deepfilternet3_peakminus3_wet0.5_lufsminus23,160,new_trial,opentts_mykyta,ecapa_similarity,20,20,0.9615786612033844,0.9618673622608185,0.9304994136095047,0.9938152998685836
deepfilternet3_peakminus3_wet0.5_lufsminus23,160,new_trial,opentts_mykyta,clipping_fraction,20,20,0.0,0.0,0.0,0.0
deepfilternet3_peakminus3_wet0.5_lufsminus23,160,new_trial,opentts_mykyta,duration_ratio,20,20,0.7721270807369509,0.775611020923521,0.6361967938087342,1.0
deepfilternet3_peakminus3_wet0.5_lufsminus23,160,new_trial,opentts_mykyta,hf_burst_count,20,20,2.35,2.5,0.0,4.150000000000002
deepfilternet3_peakminus3_wet0.5_lufsminus23,160,new_trial,opentts_mykyta,corpus_cer,606,,0.01485148514851485,,,
deepfilternet3_peakminus3_wet0.5_lufsminus23,160,new_trial,opentts_mykyta,corpus_wer,133,,0.05263157894736842,,,
deepfilternet3_peakminus3_wet0.5_lufsminus23,160,new_trial,opentts_mykyta,corpus_parakeet_cer,606,,0.01155115511551155,,,
deepfilternet3_peakminus3_wet0.5_lufsminus23,160,new_trial,opentts_mykyta,corpus_parakeet_wer,133,,0.045112781954887216,,,
deepfilternet3_peakminus3_wet0.5_lufsminus23,160,new_trial,opentts_tetiana,sigmos_overall,20,20,3.2890154480934144,3.270592451095581,2.926345157623291,3.790295958518982
deepfilternet3_peakminus3_wet0.5_lufsminus23,160,new_trial,opentts_tetiana,sigmos_speech,20,20,3.9753063797950743,4.036348342895508,3.5397204637527464,4.3981719493865965
deepfilternet3_peakminus3_wet0.5_lufsminus23,160,new_trial,opentts_tetiana,sigmos_noise,20,20,4.342624688148499,4.411023855209351,3.863526499271393,4.711038446426391
deepfilternet3_peakminus3_wet0.5_lufsminus23,160,new_trial,opentts_tetiana,sigmos_coloration,20,20,3.680164802074432,3.7334989309310913,3.2626840114593505,4.057294702529907
deepfilternet3_peakminus3_wet0.5_lufsminus23,160,new_trial,opentts_tetiana,sigmos_discontinuity,20,20,4.228270268440246,4.245922565460205,3.693098306655884,4.660754680633545
deepfilternet3_peakminus3_wet0.5_lufsminus23,160,new_trial,opentts_tetiana,audiobox_pq,20,20,7.698524355888367,7.75227952003479,7.315166187286377,7.935878109931946
deepfilternet3_peakminus3_wet0.5_lufsminus23,160,new_trial,opentts_tetiana,cer,20,20,0.01950334387834388,0.0,0.0,0.06493055555555559
deepfilternet3_peakminus3_wet0.5_lufsminus23,160,new_trial,opentts_tetiana,wer,20,20,0.08964285714285714,0.0,0.0,0.3333333333333333
deepfilternet3_peakminus3_wet0.5_lufsminus23,160,new_trial,opentts_tetiana,parakeet_cer,20,20,0.01942232535982536,0.0,0.0,0.06703703703703705
deepfilternet3_peakminus3_wet0.5_lufsminus23,160,new_trial,opentts_tetiana,parakeet_wer,20,20,0.14686507936507937,0.07142857142857142,0.0,0.4522222222222223
deepfilternet3_peakminus3_wet0.5_lufsminus23,160,new_trial,opentts_tetiana,ecapa_similarity,20,20,0.8370871990919113,0.8376919627189636,0.7107783704996109,0.9565307974815369
deepfilternet3_peakminus3_wet0.5_lufsminus23,160,new_trial,opentts_tetiana,clipping_fraction,20,20,0.0,0.0,0.0,0.0
deepfilternet3_peakminus3_wet0.5_lufsminus23,160,new_trial,opentts_tetiana,duration_ratio,20,20,0.5926129336006729,0.6122362187769165,0.4387848109732255,0.6704493233776723
deepfilternet3_peakminus3_wet0.5_lufsminus23,160,new_trial,opentts_tetiana,hf_burst_count,20,20,2.95,3.0,1.0,6.050000000000001
deepfilternet3_peakminus3_wet0.5_lufsminus23,160,new_trial,opentts_tetiana,corpus_cer,721,,0.018030513176144243,,,
deepfilternet3_peakminus3_wet0.5_lufsminus23,160,new_trial,opentts_tetiana,corpus_wer,153,,0.08496732026143791,,,
deepfilternet3_peakminus3_wet0.5_lufsminus23,160,new_trial,opentts_tetiana,corpus_parakeet_cer,721,,0.016643550624133148,,,
deepfilternet3_peakminus3_wet0.5_lufsminus23,160,new_trial,opentts_tetiana,corpus_parakeet_wer,153,,0.13071895424836602,,,
deepfilternet3_peakminus3_wet0.5_lufsminus23,160,new_trial,tg_voices_uk,sigmos_overall,20,20,2.997453284263611,3.063867688179016,2.354252290725708,3.7166630744934084
deepfilternet3_peakminus3_wet0.5_lufsminus23,160,new_trial,tg_voices_uk,sigmos_speech,20,20,3.5073495507240295,3.5983251333236694,2.7666152715682983,4.107499790191651
deepfilternet3_peakminus3_wet0.5_lufsminus23,160,new_trial,tg_voices_uk,sigmos_noise,20,20,3.8978997111320495,4.005135536193848,3.069348907470703,4.34931013584137
deepfilternet3_peakminus3_wet0.5_lufsminus23,160,new_trial,tg_voices_uk,sigmos_coloration,20,20,3.5266722202301026,3.419609785079956,2.7913975954055785,4.418323516845703
deepfilternet3_peakminus3_wet0.5_lufsminus23,160,new_trial,tg_voices_uk,sigmos_discontinuity,20,20,4.213305199146271,4.094837665557861,3.798395204544067,4.72362072467804
deepfilternet3_peakminus3_wet0.5_lufsminus23,160,new_trial,tg_voices_uk,audiobox_pq,20,20,6.612786960601807,6.6380774974823,6.0556072473526,7.184964728355408
deepfilternet3_peakminus3_wet0.5_lufsminus23,160,new_trial,tg_voices_uk,cer,20,20,0.03440162258170669,0.0186786579038395,0.0,0.13831738437001598
deepfilternet3_peakminus3_wet0.5_lufsminus23,160,new_trial,tg_voices_uk,wer,20,20,0.11252906815406813,0.0787878787878788,0.0,0.45079365079365086
deepfilternet3_peakminus3_wet0.5_lufsminus23,160,new_trial,tg_voices_uk,parakeet_cer,20,20,0.03758660083894737,0.023214285714285715,0.0,0.1254901960784314
deepfilternet3_peakminus3_wet0.5_lufsminus23,160,new_trial,tg_voices_uk,parakeet_wer,20,20,0.1200453019203019,0.07179487179487179,0.0,0.44047619047619063
deepfilternet3_peakminus3_wet0.5_lufsminus23,160,new_trial,tg_voices_uk,ecapa_similarity,20,20,0.9926239639520645,0.9945161640644073,0.9835436761379241,0.9991386830806732
deepfilternet3_peakminus3_wet0.5_lufsminus23,160,new_trial,tg_voices_uk,clipping_fraction,20,20,0.0,0.0,0.0,0.0
deepfilternet3_peakminus3_wet0.5_lufsminus23,160,new_trial,tg_voices_uk,duration_ratio,20,20,0.9548210080782343,0.9756754077781132,0.8812947738563099,1.0
deepfilternet3_peakminus3_wet0.5_lufsminus23,160,new_trial,tg_voices_uk,hf_burst_count,20,20,1.45,1.0,0.0,4.0
deepfilternet3_peakminus3_wet0.5_lufsminus23,160,new_trial,tg_voices_uk,corpus_cer,800,,0.04125,,,
deepfilternet3_peakminus3_wet0.5_lufsminus23,160,new_trial,tg_voices_uk,corpus_wer,168,,0.11904761904761904,,,
deepfilternet3_peakminus3_wet0.5_lufsminus23,160,new_trial,tg_voices_uk,corpus_parakeet_cer,800,,0.045,,,
deepfilternet3_peakminus3_wet0.5_lufsminus23,160,new_trial,tg_voices_uk,corpus_parakeet_wer,168,,0.125,,,
deepfilternet3_peakminus3_wet0.5_lufsminus23,160,new_trial,ua_ser,sigmos_overall,20,20,2.574118423461914,2.5389750003814697,1.7412783145904542,3.2618680953979493
deepfilternet3_peakminus3_wet0.5_lufsminus23,160,new_trial,ua_ser,sigmos_speech,20,20,3.142723250389099,3.151435136795044,2.287357008457184,3.842888629436493
deepfilternet3_peakminus3_wet0.5_lufsminus23,160,new_trial,ua_ser,sigmos_noise,20,20,3.2098405599594115,3.362902045249939,2.024511158466339,4.019549012184143
deepfilternet3_peakminus3_wet0.5_lufsminus23,160,new_trial,ua_ser,sigmos_coloration,20,20,3.2396030902862547,3.248731255531311,2.6349255561828615,3.915044176578522
deepfilternet3_peakminus3_wet0.5_lufsminus23,160,new_trial,ua_ser,sigmos_discontinuity,20,20,3.7140256643295286,3.702894687652588,2.754082214832306,4.647463321685791
deepfilternet3_peakminus3_wet0.5_lufsminus23,160,new_trial,ua_ser,audiobox_pq,20,20,6.113063323497772,6.351522445678711,4.316965973377227,7.0290566205978395
deepfilternet3_peakminus3_wet0.5_lufsminus23,160,new_trial,ua_ser,cer,20,20,0.2597965157562167,0.11596638655462185,0.0,0.9683333333333334
deepfilternet3_peakminus3_wet0.5_lufsminus23,160,new_trial,ua_ser,wer,20,20,0.3246031746031746,0.2361111111111111,0.0,1.0
deepfilternet3_peakminus3_wet0.5_lufsminus23,160,new_trial,ua_ser,parakeet_cer,20,20,0.22557088043320417,0.06111111111111111,0.0,1.0142857142857145
deepfilternet3_peakminus3_wet0.5_lufsminus23,160,new_trial,ua_ser,parakeet_wer,20,20,0.33591269841269844,0.19444444444444442,0.0,1.0250000000000004
deepfilternet3_peakminus3_wet0.5_lufsminus23,160,new_trial,ua_ser,ecapa_similarity,20,20,0.993580836057663,0.9945409297943115,0.9870557636022568,0.9978422880172729
deepfilternet3_peakminus3_wet0.5_lufsminus23,160,new_trial,ua_ser,clipping_fraction,20,20,0.0,0.0,0.0,0.0
deepfilternet3_peakminus3_wet0.5_lufsminus23,160,new_trial,ua_ser,duration_ratio,20,20,0.9962539811660903,1.0,0.9728752580597698,1.0000089178059368
deepfilternet3_peakminus3_wet0.5_lufsminus23,160,new_trial,ua_ser,hf_burst_count,20,20,1.5,1.5,0.0,3.0500000000000007
deepfilternet3_peakminus3_wet0.5_lufsminus23,160,new_trial,ua_ser,corpus_cer,601,,0.1896838602329451,,,
deepfilternet3_peakminus3_wet0.5_lufsminus23,160,new_trial,ua_ser,corpus_wer,134,,0.26119402985074625,,,
deepfilternet3_peakminus3_wet0.5_lufsminus23,160,new_trial,ua_ser,corpus_parakeet_cer,601,,0.15474209650582363,,,
deepfilternet3_peakminus3_wet0.5_lufsminus23,160,new_trial,ua_ser,corpus_parakeet_wer,134,,0.26119402985074625,,,
deepfilternet3_peakminus3_wet0.5_lufsminus23,160,new_trial,ukr_dialects,sigmos_overall,20,20,2.985201287269592,2.999679684638977,2.2442957282066347,3.597578430175781
deepfilternet3_peakminus3_wet0.5_lufsminus23,160,new_trial,ukr_dialects,sigmos_speech,20,20,3.483826291561127,3.5730533599853516,2.7200594186782836,4.012732315063476
deepfilternet3_peakminus3_wet0.5_lufsminus23,160,new_trial,ukr_dialects,sigmos_noise,20,20,3.5883531093597414,3.7521263360977173,2.7592231392860413,4.5347943782806395
deepfilternet3_peakminus3_wet0.5_lufsminus23,160,new_trial,ukr_dialects,sigmos_coloration,20,20,3.518958532810211,3.581776976585388,2.5211971521377565,4.391403675079346
deepfilternet3_peakminus3_wet0.5_lufsminus23,160,new_trial,ukr_dialects,sigmos_discontinuity,20,20,4.3492508888244625,4.3229711055755615,3.883486104011536,4.85702953338623
deepfilternet3_peakminus3_wet0.5_lufsminus23,160,new_trial,ukr_dialects,audiobox_pq,20,20,6.55932400226593,6.974242448806763,4.510933089256286,7.5869098663330075
deepfilternet3_peakminus3_wet0.5_lufsminus23,160,new_trial,ukr_dialects,cer,20,20,0.15493933963419282,0.07751840274276495,0.0,0.5019230769230769
deepfilternet3_peakminus3_wet0.5_lufsminus23,160,new_trial,ukr_dialects,wer,20,20,0.33992314196991363,0.3533246414602347,0.0,0.7353535353535355
deepfilternet3_peakminus3_wet0.5_lufsminus23,160,new_trial,ukr_dialects,parakeet_cer,20,20,0.15140383743982577,0.08831373997250774,0.0,0.4641025641025645
deepfilternet3_peakminus3_wet0.5_lufsminus23,160,new_trial,ukr_dialects,parakeet_wer,20,20,0.30229159951952106,0.25945241199478486,0.0,0.8272727272727275
deepfilternet3_peakminus3_wet0.5_lufsminus23,160,new_trial,ukr_dialects,ecapa_similarity,20,20,0.9948695093393326,0.9963236749172211,0.9876899629831314,0.9994556695222855
deepfilternet3_peakminus3_wet0.5_lufsminus23,160,new_trial,ukr_dialects,clipping_fraction,20,20,0.0,0.0,0.0,0.0
deepfilternet3_peakminus3_wet0.5_lufsminus23,160,new_trial,ukr_dialects,duration_ratio,20,20,0.9894625148188266,1.0,0.9200796146550865,1.0
deepfilternet3_peakminus3_wet0.5_lufsminus23,160,new_trial,ukr_dialects,hf_burst_count,20,20,2.2,1.0,0.0,5.550000000000008
deepfilternet3_peakminus3_wet0.5_lufsminus23,160,new_trial,ukr_dialects,corpus_cer,1677,,0.11329755515802027,,,
deepfilternet3_peakminus3_wet0.5_lufsminus23,160,new_trial,ukr_dialects,corpus_wer,376,,0.3324468085106383,,,
deepfilternet3_peakminus3_wet0.5_lufsminus23,160,new_trial,ukr_dialects,corpus_parakeet_cer,1677,,0.10673822301729279,,,
deepfilternet3_peakminus3_wet0.5_lufsminus23,160,new_trial,ukr_dialects,corpus_parakeet_wer,376,,0.2925531914893617,,,
deepfilternet3_peakminus3_wet0.5_lufsminus23,160,new_trial,source_macro,sigmos_overall,8,,3.005360716581345,,,
deepfilternet3_peakminus3_wet0.5_lufsminus23,160,new_trial,source_macro,sigmos_speech,8,,3.5551268056035044,,,
deepfilternet3_peakminus3_wet0.5_lufsminus23,160,new_trial,source_macro,sigmos_noise,8,,3.8442210242152215,,,
deepfilternet3_peakminus3_wet0.5_lufsminus23,160,new_trial,source_macro,sigmos_coloration,8,,3.499808104336262,,,
deepfilternet3_peakminus3_wet0.5_lufsminus23,160,new_trial,source_macro,sigmos_discontinuity,8,,4.125071780383587,,,
deepfilternet3_peakminus3_wet0.5_lufsminus23,160,new_trial,source_macro,audiobox_pq,8,,6.815370716154575,,,
deepfilternet3_peakminus3_wet0.5_lufsminus23,160,new_trial,source_macro,cer,8,,0.0699998850770667,,,
deepfilternet3_peakminus3_wet0.5_lufsminus23,160,new_trial,source_macro,wer,8,,0.143857706827767,,,
deepfilternet3_peakminus3_wet0.5_lufsminus23,160,new_trial,source_macro,parakeet_cer,8,,0.06043962305558269,,,
deepfilternet3_peakminus3_wet0.5_lufsminus23,160,new_trial,source_macro,parakeet_wer,8,,0.13946729625536305,,,
deepfilternet3_peakminus3_wet0.5_lufsminus23,160,new_trial,source_macro,ecapa_similarity,8,,0.9475980341434479,,,
deepfilternet3_peakminus3_wet0.5_lufsminus23,160,new_trial,source_macro,clipping_fraction,8,,0.0,,,
deepfilternet3_peakminus3_wet0.5_lufsminus23,160,new_trial,source_macro,duration_ratio,8,,0.8272515956979867,,,
deepfilternet3_peakminus3_wet0.5_lufsminus23,160,new_trial,source_macro,hf_burst_count,8,,2.6500000000000004,,,
deepfilternet3_peakminus3_wet0.75,160,new_trial,all,sigmos_overall,160,160,3.0335439875721932,3.057451367378235,2.3464428782463074,3.7027900934219353
deepfilternet3_peakminus3_wet0.75,160,new_trial,all,sigmos_speech,160,160,3.5801102235913276,3.58860981464386,2.764689314365387,4.267377972602844
deepfilternet3_peakminus3_wet0.75,160,new_trial,all,sigmos_noise,160,160,3.9973502963781358,4.073445081710815,3.05314177274704,4.6579909324646
deepfilternet3_peakminus3_wet0.75,160,new_trial,all,sigmos_coloration,160,160,3.5135775029659273,3.512259006500244,2.729535937309265,4.253497648239136
deepfilternet3_peakminus3_wet0.75,160,new_trial,all,sigmos_discontinuity,160,160,4.127476185560226,4.156196355819702,3.5021384835243223,4.659168076515198
deepfilternet3_peakminus3_wet0.75,160,new_trial,all,audiobox_pq,160,160,6.882989622652531,7.090898036956787,4.789430499076843,7.854962420463562
deepfilternet3_peakminus3_wet0.75,160,new_trial,all,cer,160,160,0.06732640018903525,0.0,0.0,0.3333333333333333
deepfilternet3_peakminus3_wet0.75,160,new_trial,all,wer,160,160,0.14298054405997923,0.016666666666666666,0.0,0.5728571428571423
deepfilternet3_peakminus3_wet0.75,160,new_trial,all,parakeet_cer,160,160,0.059275847029017906,0.0,0.0,0.3333333333333333
deepfilternet3_peakminus3_wet0.75,160,new_trial,all,parakeet_wer,160,160,0.13574367612549293,0.0,0.0,0.6018181818181811
deepfilternet3_peakminus3_wet0.75,160,new_trial,all,ecapa_similarity,160,160,0.9426555406302214,0.9778118431568146,0.7959002286195755,0.9977869093418121
deepfilternet3_peakminus3_wet0.75,160,new_trial,all,clipping_fraction,160,160,0.0,0.0,0.0,0.0
deepfilternet3_peakminus3_wet0.75,160,new_trial,all,duration_ratio,160,160,0.8272515956979867,0.9074074074074074,0.489217673814165,1.0
deepfilternet3_peakminus3_wet0.75,160,new_trial,all,hf_burst_count,160,160,2.175,1.0,0.0,7.0
deepfilternet3_peakminus3_wet0.75,160,new_trial,all,corpus_cer,7763,,0.05539095710421229,,,
deepfilternet3_peakminus3_wet0.75,160,new_trial,all,corpus_wer,1598,,0.14956195244055068,,,
deepfilternet3_peakminus3_wet0.75,160,new_trial,all,corpus_parakeet_cer,7763,,0.04508566275924256,,,
deepfilternet3_peakminus3_wet0.75,160,new_trial,all,corpus_parakeet_wer,1598,,0.13391739674593242,,,
deepfilternet3_peakminus3_wet0.75,160,new_trial,common_voice_available_uk,sigmos_overall,20,20,2.857395875453949,2.8454965353012085,2.350673246383667,3.548581433296204
deepfilternet3_peakminus3_wet0.75,160,new_trial,common_voice_available_uk,sigmos_speech,20,20,3.288481116294861,3.3387863636016846,2.663226878643036,4.027822732925415
deepfilternet3_peakminus3_wet0.75,160,new_trial,common_voice_available_uk,sigmos_noise,20,20,3.9532546281814573,4.008886098861694,3.212746775150299,4.478952169418335
deepfilternet3_peakminus3_wet0.75,160,new_trial,common_voice_available_uk,sigmos_coloration,20,20,3.1975555658340453,3.2157737016677856,2.5510141372680666,3.744279825687409
deepfilternet3_peakminus3_wet0.75,160,new_trial,common_voice_available_uk,sigmos_discontinuity,20,20,4.049334168434143,4.025959491729736,3.5973014712333677,4.5334631443023685
deepfilternet3_peakminus3_wet0.75,160,new_trial,common_voice_available_uk,audiobox_pq,20,20,5.8649655222892765,6.498878002166748,3.903015875816345,6.969539928436279
deepfilternet3_peakminus3_wet0.75,160,new_trial,common_voice_available_uk,cer,20,20,0.033955796074692325,0.0,0.0,0.08098039215686295
deepfilternet3_peakminus3_wet0.75,160,new_trial,common_voice_available_uk,wer,20,20,0.10075091575091574,0.0,0.0,0.3416666666666668
deepfilternet3_peakminus3_wet0.75,160,new_trial,common_voice_available_uk,parakeet_cer,20,20,0.0027777777777777775,0.0,0.0,0.002777777777777817
deepfilternet3_peakminus3_wet0.75,160,new_trial,common_voice_available_uk,parakeet_wer,20,20,0.025,0.0,0.0,0.025000000000000355
deepfilternet3_peakminus3_wet0.75,160,new_trial,common_voice_available_uk,ecapa_similarity,20,20,0.9595316976308823,0.9688616991043091,0.883074164390564,0.9920858323574067
deepfilternet3_peakminus3_wet0.75,160,new_trial,common_voice_available_uk,clipping_fraction,20,20,0.0,0.0,0.0,0.0
deepfilternet3_peakminus3_wet0.75,160,new_trial,common_voice_available_uk,duration_ratio,20,20,0.8261963274474893,0.7943802521008403,0.6500917107583774,1.0
deepfilternet3_peakminus3_wet0.75,160,new_trial,common_voice_available_uk,hf_burst_count,20,20,0.45,0.0,0.0,2.0500000000000007
deepfilternet3_peakminus3_wet0.75,160,new_trial,common_voice_available_uk,corpus_cer,655,,0.02748091603053435,,,
deepfilternet3_peakminus3_wet0.75,160,new_trial,common_voice_available_uk,corpus_wer,134,,0.09701492537313433,,,
deepfilternet3_peakminus3_wet0.75,160,new_trial,common_voice_available_uk,corpus_parakeet_cer,655,,0.0015267175572519084,,,
deepfilternet3_peakminus3_wet0.75,160,new_trial,common_voice_available_uk,corpus_parakeet_wer,134,,0.014925373134328358,,,
deepfilternet3_peakminus3_wet0.75,160,new_trial,fleurs_uk,sigmos_overall,20,20,3.0023722887039184,3.029520273208618,2.595543718338013,3.4286508440971373
deepfilternet3_peakminus3_wet0.75,160,new_trial,fleurs_uk,sigmos_speech,20,20,3.4627988576889037,3.457450032234192,3.075822901725769,3.8949558258056642
deepfilternet3_peakminus3_wet0.75,160,new_trial,fleurs_uk,sigmos_noise,20,20,3.799531173706055,3.814914345741272,3.401175093650818,4.296696424484253
deepfilternet3_peakminus3_wet0.75,160,new_trial,fleurs_uk,sigmos_coloration,20,20,3.6857279777526855,3.6693211793899536,3.2026724815368652,4.168906927108765
deepfilternet3_peakminus3_wet0.75,160,new_trial,fleurs_uk,sigmos_discontinuity,20,20,3.8761871814727784,3.7763729095458984,3.601860320568085,4.211956262588501
deepfilternet3_peakminus3_wet0.75,160,new_trial,fleurs_uk,audiobox_pq,20,20,6.860886406898499,6.999547243118286,6.059704542160034,7.361167955398559
deepfilternet3_peakminus3_wet0.75,160,new_trial,fleurs_uk,cer,20,20,0.02444524339328152,0.009127873205543108,0.0,0.12394062078272607
deepfilternet3_peakminus3_wet0.75,160,new_trial,fleurs_uk,wer,20,20,0.06600303146674115,0.0393939393939394,0.0,0.1750000000000001
deepfilternet3_peakminus3_wet0.75,160,new_trial,fleurs_uk,parakeet_cer,20,20,0.008794428733338508,0.0,0.0,0.04581339712918661
deepfilternet3_peakminus3_wet0.75,160,new_trial,fleurs_uk,parakeet_wer,20,20,0.03296135316296607,0.0,0.0,0.1332949308755761
deepfilternet3_peakminus3_wet0.75,160,new_trial,fleurs_uk,ecapa_similarity,20,20,0.988708746433258,0.9910177886486053,0.9696752697229385,0.9970262169837951
deepfilternet3_peakminus3_wet0.75,160,new_trial,fleurs_uk,clipping_fraction,20,20,0.0,0.0,0.0,0.0
deepfilternet3_peakminus3_wet0.75,160,new_trial,fleurs_uk,duration_ratio,20,20,0.9352075769456203,0.9488141005441062,0.846304616982187,1.0
deepfilternet3_peakminus3_wet0.75,160,new_trial,fleurs_uk,hf_burst_count,20,20,4.4,0.5,0.0,17.1
deepfilternet3_peakminus3_wet0.75,160,new_trial,fleurs_uk,corpus_cer,1950,,0.024615384615384615,,,
deepfilternet3_peakminus3_wet0.75,160,new_trial,fleurs_uk,corpus_wer,345,,0.057971014492753624,,,
deepfilternet3_peakminus3_wet0.75,160,new_trial,fleurs_uk,corpus_parakeet_cer,1950,,0.010256410256410256,,,
deepfilternet3_peakminus3_wet0.75,160,new_trial,fleurs_uk,corpus_parakeet_wer,345,,0.03768115942028986,,,
deepfilternet3_peakminus3_wet0.75,160,new_trial,opentts_lada,sigmos_overall,20,20,2.79495130777359,2.8651654720306396,2.322001802921295,3.1522850871086123
deepfilternet3_peakminus3_wet0.75,160,new_trial,opentts_lada,sigmos_speech,20,20,3.702870488166809,3.7404284477233887,3.222750890254974,4.130921506881714
deepfilternet3_peakminus3_wet0.75,160,new_trial,opentts_lada,sigmos_noise,20,20,4.03977370262146,4.095135688781738,3.383897089958191,4.498890089988708
deepfilternet3_peakminus3_wet0.75,160,new_trial,opentts_lada,sigmos_coloration,20,20,3.492061638832092,3.563777804374695,2.704491639137268,4.020602655410767
deepfilternet3_peakminus3_wet0.75,160,new_trial,opentts_lada,sigmos_discontinuity,20,20,4.322892987728119,4.379398822784424,3.919551122188568,4.605434489250183
deepfilternet3_peakminus3_wet0.75,160,new_trial,opentts_lada,audiobox_pq,20,20,7.272706508636475,7.320085048675537,6.832710385322571,7.593724370002747
deepfilternet3_peakminus3_wet0.75,160,new_trial,opentts_lada,cer,20,20,0.010549585218702865,0.0,0.0,0.07748868778280545
deepfilternet3_peakminus3_wet0.75,160,new_trial,opentts_lada,wer,20,20,0.04894841269841269,0.0,0.0,0.16571428571428604
deepfilternet3_peakminus3_wet0.75,160,new_trial,opentts_lada,parakeet_cer,20,20,0.017227705056505244,0.0,0.0,0.08042986425339371
deepfilternet3_peakminus3_wet0.75,160,new_trial,opentts_lada,parakeet_wer,20,20,0.10482142857142855,0.0,0.0,0.4200000000000003
deepfilternet3_peakminus3_wet0.75,160,new_trial,opentts_lada,ecapa_similarity,20,20,0.8419686764478683,0.8320850729942322,0.7906224429607391,0.9240063935518265
deepfilternet3_peakminus3_wet0.75,160,new_trial,opentts_lada,clipping_fraction,20,20,0.0,0.0,0.0,0.0
deepfilternet3_peakminus3_wet0.75,160,new_trial,opentts_lada,duration_ratio,20,20,0.5513313427900088,0.5415800070573095,0.45017822333611807,0.6601515580614986
deepfilternet3_peakminus3_wet0.75,160,new_trial,opentts_lada,hf_burst_count,20,20,2.25,2.0,0.0,5.100000000000001
deepfilternet3_peakminus3_wet0.75,160,new_trial,opentts_lada,corpus_cer,753,,0.009296148738379814,,,
deepfilternet3_peakminus3_wet0.75,160,new_trial,opentts_lada,corpus_wer,155,,0.03870967741935484,,,
deepfilternet3_peakminus3_wet0.75,160,new_trial,opentts_lada,corpus_parakeet_cer,753,,0.01593625498007968,,,
deepfilternet3_peakminus3_wet0.75,160,new_trial,opentts_lada,corpus_parakeet_wer,155,,0.08387096774193549,,,
deepfilternet3_peakminus3_wet0.75,160,new_trial,opentts_mykyta,sigmos_overall,20,20,3.526862633228302,3.5794979333877563,3.0666797757148743,4.0044087886810305
deepfilternet3_peakminus3_wet0.75,160,new_trial,opentts_mykyta,sigmos_speech,20,20,4.003031957149505,4.085851669311523,3.404295039176941,4.459589576721191
deepfilternet3_peakminus3_wet0.75,160,new_trial,opentts_mykyta,sigmos_noise,20,20,4.393322587013245,4.353392601013184,4.032869911193847,4.677381491661072
deepfilternet3_peakminus3_wet0.75,160,new_trial,opentts_mykyta,sigmos_coloration,20,20,3.790972340106964,3.7711750268936157,3.032809293270111,4.447729372978211
deepfilternet3_peakminus3_wet0.75,160,new_trial,opentts_mykyta,sigmos_discontinuity,20,20,4.352089214324951,4.346961498260498,3.9265247344970704,4.728017830848694
deepfilternet3_peakminus3_wet0.75,160,new_trial,opentts_mykyta,audiobox_pq,20,20,7.699789881706238,7.759339809417725,7.343070721626281,7.998660635948181
deepfilternet3_peakminus3_wet0.75,160,new_trial,opentts_mykyta,cer,20,20,0.02343011082300109,0.0,0.0,0.06062271062271081
deepfilternet3_peakminus3_wet0.75,160,new_trial,opentts_mykyta,wer,20,20,0.0726544289044289,0.0,0.0,0.3416666666666668
deepfilternet3_peakminus3_wet0.75,160,new_trial,opentts_mykyta,parakeet_cer,20,20,0.021358428805237317,0.0,0.0,0.05965630114566309
deepfilternet3_peakminus3_wet0.75,160,new_trial,opentts_mykyta,parakeet_wer,20,20,0.05200757575757575,0.0,0.0,0.33666666666666667
deepfilternet3_peakminus3_wet0.75,160,new_trial,opentts_mykyta,ecapa_similarity,20,20,0.9569502204656601,0.9617569744586945,0.9069608241319657,0.9937166690826416
deepfilternet3_peakminus3_wet0.75,160,new_trial,opentts_mykyta,clipping_fraction,20,20,0.0,0.0,0.0,0.0
deepfilternet3_peakminus3_wet0.75,160,new_trial,opentts_mykyta,duration_ratio,20,20,0.7721270807369509,0.775611020923521,0.6361967938087342,1.0
deepfilternet3_peakminus3_wet0.75,160,new_trial,opentts_mykyta,hf_burst_count,20,20,2.3,2.5,0.0,4.150000000000002
deepfilternet3_peakminus3_wet0.75,160,new_trial,opentts_mykyta,corpus_cer,606,,0.0165016501650165,,,
deepfilternet3_peakminus3_wet0.75,160,new_trial,opentts_mykyta,corpus_wer,133,,0.06015037593984962,,,
deepfilternet3_peakminus3_wet0.75,160,new_trial,opentts_mykyta,corpus_parakeet_cer,606,,0.01155115511551155,,,
deepfilternet3_peakminus3_wet0.75,160,new_trial,opentts_mykyta,corpus_parakeet_wer,133,,0.045112781954887216,,,
deepfilternet3_peakminus3_wet0.75,160,new_trial,opentts_tetiana,sigmos_overall,20,20,3.3136592864990235,3.2797659635543823,2.894235575199127,3.7001282930374146
deepfilternet3_peakminus3_wet0.75,160,new_trial,opentts_tetiana,sigmos_speech,20,20,3.894543731212616,3.862441658973694,3.4710860013961793,4.346102333068847
deepfilternet3_peakminus3_wet0.75,160,new_trial,opentts_tetiana,sigmos_noise,20,20,4.396404445171356,4.4207985401153564,4.10925384759903,4.721703505516053
deepfilternet3_peakminus3_wet0.75,160,new_trial,opentts_tetiana,sigmos_coloration,20,20,3.571416199207306,3.508296489715576,3.046090066432953,4.077303218841553
deepfilternet3_peakminus3_wet0.75,160,new_trial,opentts_tetiana,sigmos_discontinuity,20,20,4.255220425128937,4.259713172912598,3.787404942512512,4.64614052772522
deepfilternet3_peakminus3_wet0.75,160,new_trial,opentts_tetiana,audiobox_pq,20,20,7.6654499769210815,7.6625847816467285,7.328978133201599,7.926313018798828
deepfilternet3_peakminus3_wet0.75,160,new_trial,opentts_tetiana,cer,20,20,0.01950334387834388,0.0,0.0,0.06493055555555559
deepfilternet3_peakminus3_wet0.75,160,new_trial,opentts_tetiana,wer,20,20,0.08964285714285714,0.0,0.0,0.3333333333333333
deepfilternet3_peakminus3_wet0.75,160,new_trial,opentts_tetiana,parakeet_cer,20,20,0.016088992026492027,0.0,0.0,0.052421652421652434
deepfilternet3_peakminus3_wet0.75,160,new_trial,opentts_tetiana,parakeet_wer,20,20,0.1301984126984127,0.0,0.0,0.4522222222222223
deepfilternet3_peakminus3_wet0.75,160,new_trial,opentts_tetiana,ecapa_similarity,20,20,0.8362793862819672,0.8379684388637543,0.7104064255952836,0.9569920778274537
deepfilternet3_peakminus3_wet0.75,160,new_trial,opentts_tetiana,clipping_fraction,20,20,0.0,0.0,0.0,0.0
deepfilternet3_peakminus3_wet0.75,160,new_trial,opentts_tetiana,duration_ratio,20,20,0.5926129336006729,0.6122362187769165,0.4387848109732255,0.6704493233776723
deepfilternet3_peakminus3_wet0.75,160,new_trial,opentts_tetiana,hf_burst_count,20,20,2.75,3.0,1.0,6.050000000000001
deepfilternet3_peakminus3_wet0.75,160,new_trial,opentts_tetiana,corpus_cer,721,,0.018030513176144243,,,
deepfilternet3_peakminus3_wet0.75,160,new_trial,opentts_tetiana,corpus_wer,153,,0.08496732026143791,,,
deepfilternet3_peakminus3_wet0.75,160,new_trial,opentts_tetiana,corpus_parakeet_cer,721,,0.015256588072122053,,,
deepfilternet3_peakminus3_wet0.75,160,new_trial,opentts_tetiana,corpus_parakeet_wer,153,,0.12418300653594772,,,
deepfilternet3_peakminus3_wet0.75,160,new_trial,tg_voices_uk,sigmos_overall,20,20,3.043443334102631,3.113979458808899,2.3944281339645386,3.667501151561737
deepfilternet3_peakminus3_wet0.75,160,new_trial,tg_voices_uk,sigmos_speech,20,20,3.5125375032424926,3.5272449254989624,2.764689314365387,4.267722415924072
deepfilternet3_peakminus3_wet0.75,160,new_trial,tg_voices_uk,sigmos_noise,20,20,4.060893404483795,4.101477146148682,3.499681317806244,4.573070812225342
deepfilternet3_peakminus3_wet0.75,160,new_trial,tg_voices_uk,sigmos_coloration,20,20,3.5231465220451357,3.4802262783050537,2.788957440853119,4.30189425945282
deepfilternet3_peakminus3_wet0.75,160,new_trial,tg_voices_uk,sigmos_discontinuity,20,20,4.014238858222962,3.916412830352783,3.6231649279594422,4.5994138479232785
deepfilternet3_peakminus3_wet0.75,160,new_trial,tg_voices_uk,audiobox_pq,20,20,6.822318387031555,6.989583492279053,6.134315466880798,7.27976553440094
deepfilternet3_peakminus3_wet0.75,160,new_trial,tg_voices_uk,cer,20,20,0.03440162258170669,0.0186786579038395,0.0,0.13831738437001598
deepfilternet3_peakminus3_wet0.75,160,new_trial,tg_voices_uk,wer,20,20,0.11252906815406813,0.0787878787878788,0.0,0.45079365079365086
deepfilternet3_peakminus3_wet0.75,160,new_trial,tg_voices_uk,parakeet_cer,20,20,0.036709407856491225,0.023214285714285715,0.0,0.1167780748663102
deepfilternet3_peakminus3_wet0.75,160,new_trial,tg_voices_uk,parakeet_wer,20,20,0.1200453019203019,0.07179487179487179,0.0,0.44047619047619063
deepfilternet3_peakminus3_wet0.75,160,new_trial,tg_voices_uk,ecapa_similarity,20,20,0.9881995320320129,0.9908046424388885,0.9736452341079712,0.9988769054412842
deepfilternet3_peakminus3_wet0.75,160,new_trial,tg_voices_uk,clipping_fraction,20,20,0.0,0.0,0.0,0.0
deepfilternet3_peakminus3_wet0.75,160,new_trial,tg_voices_uk,duration_ratio,20,20,0.9548210080782343,0.9756754077781132,0.8812947738563099,1.0
deepfilternet3_peakminus3_wet0.75,160,new_trial,tg_voices_uk,hf_burst_count,20,20,1.4,1.0,0.0,4.0
deepfilternet3_peakminus3_wet0.75,160,new_trial,tg_voices_uk,corpus_cer,800,,0.04125,,,
deepfilternet3_peakminus3_wet0.75,160,new_trial,tg_voices_uk,corpus_wer,168,,0.11904761904761904,,,
deepfilternet3_peakminus3_wet0.75,160,new_trial,tg_voices_uk,corpus_parakeet_cer,800,,0.04375,,,
deepfilternet3_peakminus3_wet0.75,160,new_trial,tg_voices_uk,corpus_parakeet_wer,168,,0.125,,,
deepfilternet3_peakminus3_wet0.75,160,new_trial,ua_ser,sigmos_overall,20,20,2.691411089897156,2.7249724864959717,1.7145902395248414,3.37327356338501
deepfilternet3_peakminus3_wet0.75,160,new_trial,ua_ser,sigmos_speech,20,20,3.188632595539093,3.204055666923523,2.2889964103698732,3.845590579509735
deepfilternet3_peakminus3_wet0.75,160,new_trial,ua_ser,sigmos_noise,20,20,3.428158128261566,3.643282413482666,2.1970303773880007,4.266085505485535
deepfilternet3_peakminus3_wet0.75,160,new_trial,ua_ser,sigmos_coloration,20,20,3.2620858788490295,3.2747098207473755,2.673323667049408,3.722945237159729
deepfilternet3_peakminus3_wet0.75,160,new_trial,ua_ser,sigmos_discontinuity,20,20,3.746883738040924,3.699527859687805,3.0691617131233215,4.580047631263733
deepfilternet3_peakminus3_wet0.75,160,new_trial,ua_ser,audiobox_pq,20,20,6.192639112472534,6.424662351608276,4.571287727355957,7.061425352096558
deepfilternet3_peakminus3_wet0.75,160,new_trial,ua_ser,cer,20,20,0.23024319870289967,0.13777089783281732,0.0,0.9683333333333334
deepfilternet3_peakminus3_wet0.75,160,new_trial,ua_ser,wer,20,20,0.30674603174603177,0.2361111111111111,0.0,0.8416666666666668
deepfilternet3_peakminus3_wet0.75,160,new_trial,ua_ser,parakeet_cer,20,20,0.22973754709987082,0.06111111111111111,0.0,1.0142857142857145
deepfilternet3_peakminus3_wet0.75,160,new_trial,ua_ser,parakeet_wer,20,20,0.34305555555555556,0.19444444444444442,0.0,1.0250000000000004
deepfilternet3_peakminus3_wet0.75,160,new_trial,ua_ser,ecapa_similarity,20,20,0.981985154747963,0.9846225380897522,0.9580217123031616,0.9965418756008149
deepfilternet3_peakminus3_wet0.75,160,new_trial,ua_ser,clipping_fraction,20,20,0.0,0.0,0.0,0.0
deepfilternet3_peakminus3_wet0.75,160,new_trial,ua_ser,duration_ratio,20,20,0.9962539811660903,1.0,0.9728752580597698,1.0000089178059368
deepfilternet3_peakminus3_wet0.75,160,new_trial,ua_ser,hf_burst_count,20,20,1.65,2.0,0.0,3.0500000000000007
deepfilternet3_peakminus3_wet0.75,160,new_trial,ua_ser,corpus_cer,601,,0.18469217970049917,,,
deepfilternet3_peakminus3_wet0.75,160,new_trial,ua_ser,corpus_wer,134,,0.26119402985074625,,,
deepfilternet3_peakminus3_wet0.75,160,new_trial,ua_ser,corpus_parakeet_cer,601,,0.15806988352745424,,,
deepfilternet3_peakminus3_wet0.75,160,new_trial,ua_ser,corpus_parakeet_wer,134,,0.26865671641791045,,,
deepfilternet3_peakminus3_wet0.75,160,new_trial,ukr_dialects,sigmos_overall,20,20,3.038256084918976,3.06801974773407,2.4998215317726133,3.582324552536011
deepfilternet3_peakminus3_wet0.75,160,new_trial,ukr_dialects,sigmos_speech,20,20,3.5879855394363402,3.5841058492660522,3.018468916416168,4.081915640830994
deepfilternet3_peakminus3_wet0.75,160,new_trial,ukr_dialects,sigmos_noise,20,20,3.907464301586151,3.8731213808059692,3.2080092787742616,4.685749435424805
deepfilternet3_peakminus3_wet0.75,160,new_trial,ukr_dialects,sigmos_coloration,20,20,3.5856539011001587,3.750831127166748,2.885122740268707,4.263323831558227
deepfilternet3_peakminus3_wet0.75,160,new_trial,ukr_dialects,sigmos_discontinuity,20,20,4.402962911128998,4.463785886764526,4.040089404582977,4.754675388336182
deepfilternet3_peakminus3_wet0.75,160,new_trial,ukr_dialects,audiobox_pq,20,20,6.685161185264588,7.070828199386597,4.7793961524963375,7.59200348854065
deepfilternet3_peakminus3_wet0.75,160,new_trial,ukr_dialects,cer,20,20,0.16208230083965405,0.07751840274276495,0.0,0.6155677655677656
deepfilternet3_peakminus3_wet0.75,160,new_trial,ukr_dialects,wer,20,20,0.34656960661637826,0.3533246414602347,0.0,0.8272727272727275
deepfilternet3_peakminus3_wet0.75,160,new_trial,ukr_dialects,parakeet_cer,20,20,0.14151248887643025,0.08614923780800558,0.0,0.393055555555556
deepfilternet3_peakminus3_wet0.75,160,new_trial,ukr_dialects,parakeet_wer,20,20,0.2778597813377029,0.2517482517482518,0.0,0.6545454545454548
deepfilternet3_peakminus3_wet0.75,160,new_trial,ukr_dialects,ecapa_similarity,20,20,0.9876209110021591,0.9900456666946411,0.9663345873355865,0.9993233382701874
deepfilternet3_peakminus3_wet0.75,160,new_trial,ukr_dialects,clipping_fraction,20,20,0.0,0.0,0.0,0.0
deepfilternet3_peakminus3_wet0.75,160,new_trial,ukr_dialects,duration_ratio,20,20,0.9894625148188266,1.0,0.9200796146550865,1.0
deepfilternet3_peakminus3_wet0.75,160,new_trial,ukr_dialects,hf_burst_count,20,20,2.2,0.0,0.0,5.550000000000008
deepfilternet3_peakminus3_wet0.75,160,new_trial,ukr_dialects,corpus_cer,1677,,0.11329755515802027,,,
deepfilternet3_peakminus3_wet0.75,160,new_trial,ukr_dialects,corpus_wer,376,,0.32978723404255317,,,
deepfilternet3_peakminus3_wet0.75,160,new_trial,ukr_dialects,corpus_parakeet_cer,1677,,0.10077519379844961,,,
deepfilternet3_peakminus3_wet0.75,160,new_trial,ukr_dialects,corpus_parakeet_wer,376,,0.2765957446808511,,,
deepfilternet3_peakminus3_wet0.75,160,new_trial,source_macro,sigmos_overall,8,,3.0335439875721932,,,
deepfilternet3_peakminus3_wet0.75,160,new_trial,source_macro,sigmos_speech,8,,3.5801102235913276,,,
deepfilternet3_peakminus3_wet0.75,160,new_trial,source_macro,sigmos_noise,8,,3.9973502963781358,,,
deepfilternet3_peakminus3_wet0.75,160,new_trial,source_macro,sigmos_coloration,8,,3.5135775029659273,,,
deepfilternet3_peakminus3_wet0.75,160,new_trial,source_macro,sigmos_discontinuity,8,,4.127476185560226,,,
deepfilternet3_peakminus3_wet0.75,160,new_trial,source_macro,audiobox_pq,8,,6.882989622652531,,,
deepfilternet3_peakminus3_wet0.75,160,new_trial,source_macro,cer,8,,0.06732640018903525,,,
deepfilternet3_peakminus3_wet0.75,160,new_trial,source_macro,wer,8,,0.14298054405997923,,,
deepfilternet3_peakminus3_wet0.75,160,new_trial,source_macro,parakeet_cer,8,,0.05927584702901789,,,
deepfilternet3_peakminus3_wet0.75,160,new_trial,source_macro,parakeet_wer,8,,0.13574367612549293,,,
deepfilternet3_peakminus3_wet0.75,160,new_trial,source_macro,ecapa_similarity,8,,0.9426555406302213,,,
deepfilternet3_peakminus3_wet0.75,160,new_trial,source_macro,clipping_fraction,8,,0.0,,,
deepfilternet3_peakminus3_wet0.75,160,new_trial,source_macro,duration_ratio,8,,0.8272515956979867,,,
deepfilternet3_peakminus3_wet0.75,160,new_trial,source_macro,hf_burst_count,8,,2.175,,,
deepfilternet3_peakminus6_wet1,160,new_trial,all,sigmos_overall,160,160,3.1132800072431563,3.1189210414886475,2.391359782218933,3.8410730719566346
deepfilternet3_peakminus6_wet1,160,new_trial,all,sigmos_speech,160,160,3.6251863703131675,3.669288992881775,2.909348428249359,4.2656558513641345
deepfilternet3_peakminus6_wet1,160,new_trial,all,sigmos_noise,160,160,4.152809584140778,4.201357126235962,3.3920894384384157,4.661892414093018
deepfilternet3_peakminus6_wet1,160,new_trial,all,sigmos_coloration,160,160,3.5484783053398132,3.5905439853668213,2.85774849653244,4.2301489353179935
deepfilternet3_peakminus6_wet1,160,new_trial,all,sigmos_discontinuity,160,160,4.132949072122574,4.13204288482666,3.4929288983345033,4.686009502410888
deepfilternet3_peakminus6_wet1,160,new_trial,all,audiobox_pq,160,160,6.988891997933388,7.272635459899902,5.279156970977783,7.869887042045592
deepfilternet3_peakminus6_wet1,160,new_trial,all,cer,160,160,0.07052981341089208,0.0,0.0,0.372301587301587
deepfilternet3_peakminus6_wet1,160,new_trial,all,wer,160,160,0.15692567559145942,0.0,0.0,0.6462121212121178
deepfilternet3_peakminus6_wet1,160,new_trial,all,parakeet_cer,160,160,0.06663285580837167,0.0,0.0,0.38461538461538464
deepfilternet3_peakminus6_wet1,160,new_trial,all,parakeet_wer,160,160,0.1482255258729677,0.0,0.0,0.6409090909090893
deepfilternet3_peakminus6_wet1,160,new_trial,all,ecapa_similarity,160,160,0.922208284586668,0.957976758480072,0.7719447314739227,0.996164208650589
deepfilternet3_peakminus6_wet1,160,new_trial,all,clipping_fraction,160,160,0.0,0.0,0.0,0.0
deepfilternet3_peakminus6_wet1,160,new_trial,all,duration_ratio,160,160,0.8272515956979867,0.9074074074074074,0.489217673814165,1.0
deepfilternet3_peakminus6_wet1,160,new_trial,all,hf_burst_count,160,160,2.175,1.0,0.0,7.0
deepfilternet3_peakminus6_wet1,160,new_trial,all,corpus_cer,7763,,0.057967280690454724,,,
deepfilternet3_peakminus6_wet1,160,new_trial,all,corpus_wer,1598,,0.15769712140175218,,,
deepfilternet3_peakminus6_wet1,160,new_trial,all,corpus_parakeet_cer,7763,,0.05165528790416076,,,
deepfilternet3_peakminus6_wet1,160,new_trial,all,corpus_parakeet_wer,1598,,0.1439299123904881,,,
deepfilternet3_peakminus6_wet1,160,new_trial,common_voice_available_uk,sigmos_overall,20,20,2.936724030971527,2.938800096511841,2.3629544019699096,3.6650994658470153
deepfilternet3_peakminus6_wet1,160,new_trial,common_voice_available_uk,sigmos_speech,20,20,3.329270875453949,3.331552028656006,2.705056643486023,4.020398044586182
deepfilternet3_peakminus6_wet1,160,new_trial,common_voice_available_uk,sigmos_noise,20,20,4.151913273334503,4.202091693878174,3.762454879283905,4.559325861930847
deepfilternet3_peakminus6_wet1,160,new_trial,common_voice_available_uk,sigmos_coloration,20,20,3.1884550213813783,3.0903964042663574,2.418917739391327,3.942917585372925
deepfilternet3_peakminus6_wet1,160,new_trial,common_voice_available_uk,sigmos_discontinuity,20,20,4.022537958621979,3.991795539855957,3.4578367352485655,4.687730216979981
deepfilternet3_peakminus6_wet1,160,new_trial,common_voice_available_uk,audiobox_pq,20,20,5.923968362808227,6.589543342590332,3.8627660036087037,7.015934109687805
deepfilternet3_peakminus6_wet1,160,new_trial,common_voice_available_uk,cer,20,20,0.04528143274232625,0.0,0.0,0.18709150326797402
deepfilternet3_peakminus6_wet1,160,new_trial,common_voice_available_uk,wer,20,20,0.13983821733821733,0.0,0.0,0.36666666666666714
deepfilternet3_peakminus6_wet1,160,new_trial,common_voice_available_uk,parakeet_cer,20,20,0.025567439096850865,0.0,0.0,0.07532679738562115
deepfilternet3_peakminus6_wet1,160,new_trial,common_voice_available_uk,parakeet_wer,20,20,0.07964285714285715,0.0,0.0,0.28750000000000053
deepfilternet3_peakminus6_wet1,160,new_trial,common_voice_available_uk,ecapa_similarity,20,20,0.9349528968334198,0.9544092416763306,0.8317402988672257,0.9877340495586395
deepfilternet3_peakminus6_wet1,160,new_trial,common_voice_available_uk,clipping_fraction,20,20,0.0,0.0,0.0,0.0
deepfilternet3_peakminus6_wet1,160,new_trial,common_voice_available_uk,duration_ratio,20,20,0.8261963274474893,0.7943802521008403,0.6500917107583774,1.0
deepfilternet3_peakminus6_wet1,160,new_trial,common_voice_available_uk,hf_burst_count,20,20,0.45,0.0,0.0,2.0500000000000007
deepfilternet3_peakminus6_wet1,160,new_trial,common_voice_available_uk,corpus_cer,655,,0.03358778625954199,,,
deepfilternet3_peakminus6_wet1,160,new_trial,common_voice_available_uk,corpus_wer,134,,0.11940298507462686,,,
deepfilternet3_peakminus6_wet1,160,new_trial,common_voice_available_uk,corpus_parakeet_cer,655,,0.015267175572519083,,,
deepfilternet3_peakminus6_wet1,160,new_trial,common_voice_available_uk,corpus_parakeet_wer,134,,0.05223880597014925,,,
deepfilternet3_peakminus6_wet1,160,new_trial,fleurs_uk,sigmos_overall,20,20,3.1037142276763916,3.1047900915145874,2.545400559902191,3.6620823621749876
deepfilternet3_peakminus6_wet1,160,new_trial,fleurs_uk,sigmos_speech,20,20,3.545374810695648,3.553909182548523,2.961192321777344,4.068613195419312
deepfilternet3_peakminus6_wet1,160,new_trial,fleurs_uk,sigmos_noise,20,20,4.027015268802643,3.998002767562866,3.693741261959076,4.3643766164779665
deepfilternet3_peakminus6_wet1,160,new_trial,fleurs_uk,sigmos_coloration,20,20,3.6785611152648925,3.619051218032837,3.267695701122284,4.1911217927932745
deepfilternet3_peakminus6_wet1,160,new_trial,fleurs_uk,sigmos_discontinuity,20,20,3.95073744058609,3.932482957839966,3.6356414198875426,4.253473567962646
deepfilternet3_peakminus6_wet1,160,new_trial,fleurs_uk,audiobox_pq,20,20,7.010616779327393,7.196595907211304,6.116267681121826,7.457987928390503
deepfilternet3_peakminus6_wet1,160,new_trial,fleurs_uk,cer,20,20,0.02687499514472837,0.004273504273504274,0.0,0.12394062078272607
deepfilternet3_peakminus6_wet1,160,new_trial,fleurs_uk,wer,20,20,0.07211414257785226,0.016666666666666666,0.0,0.3333333333333333
deepfilternet3_peakminus6_wet1,160,new_trial,fleurs_uk,parakeet_cer,20,20,0.010925948007714925,0.0,0.0,0.04581339712918661
deepfilternet3_peakminus6_wet1,160,new_trial,fleurs_uk,parakeet_wer,20,20,0.03796135316296607,0.0,0.0,0.13738095238095244
deepfilternet3_peakminus6_wet1,160,new_trial,fleurs_uk,ecapa_similarity,20,20,0.9798313915729523,0.9854170083999634,0.9372143000364304,0.9962144762277603
deepfilternet3_peakminus6_wet1,160,new_trial,fleurs_uk,clipping_fraction,20,20,0.0,0.0,0.0,0.0
deepfilternet3_peakminus6_wet1,160,new_trial,fleurs_uk,duration_ratio,20,20,0.9352075769456203,0.9488141005441062,0.846304616982187,1.0
deepfilternet3_peakminus6_wet1,160,new_trial,fleurs_uk,hf_burst_count,20,20,4.25,0.5,0.0,17.05
deepfilternet3_peakminus6_wet1,160,new_trial,fleurs_uk,corpus_cer,1950,,0.02717948717948718,,,
deepfilternet3_peakminus6_wet1,160,new_trial,fleurs_uk,corpus_wer,345,,0.06376811594202898,,,
deepfilternet3_peakminus6_wet1,160,new_trial,fleurs_uk,corpus_parakeet_cer,1950,,0.013333333333333334,,,
deepfilternet3_peakminus6_wet1,160,new_trial,fleurs_uk,corpus_parakeet_wer,345,,0.043478260869565216,,,
deepfilternet3_peakminus6_wet1,160,new_trial,opentts_lada,sigmos_overall,20,20,2.8184117555618284,2.8460142612457275,2.3345877170562743,3.324467408657074
deepfilternet3_peakminus6_wet1,160,new_trial,opentts_lada,sigmos_speech,20,20,3.7367547035217283,3.8136088848114014,3.2002193570137023,4.1351706981658936
deepfilternet3_peakminus6_wet1,160,new_trial,opentts_lada,sigmos_noise,20,20,4.050707244873047,4.022247314453125,3.4891502141952513,4.519250822067261
deepfilternet3_peakminus6_wet1,160,new_trial,opentts_lada,sigmos_coloration,20,20,3.475563633441925,3.5587939023971558,2.8034895777702333,3.906300437450409
deepfilternet3_peakminus6_wet1,160,new_trial,opentts_lada,sigmos_discontinuity,20,20,4.280816006660461,4.316391944885254,3.96370245218277,4.5966699600219725
deepfilternet3_peakminus6_wet1,160,new_trial,opentts_lada,audiobox_pq,20,20,7.291684579849243,7.342711687088013,6.87855806350708,7.5737384557724
deepfilternet3_peakminus6_wet1,160,new_trial,opentts_lada,cer,20,20,0.010549585218702865,0.0,0.0,0.07748868778280545
deepfilternet3_peakminus6_wet1,160,new_trial,opentts_lada,wer,20,20,0.04894841269841269,0.0,0.0,0.16571428571428604
deepfilternet3_peakminus6_wet1,160,new_trial,opentts_lada,parakeet_cer,20,20,0.014286528585917007,0.0,0.0,0.07748868778280545
deepfilternet3_peakminus6_wet1,160,new_trial,opentts_lada,parakeet_wer,20,20,0.09767857142857142,0.0,0.0,0.4200000000000003
deepfilternet3_peakminus6_wet1,160,new_trial,opentts_lada,ecapa_similarity,20,20,0.8412480026483535,0.8305835723876953,0.7893142908811569,0.9240423440933228
deepfilternet3_peakminus6_wet1,160,new_trial,opentts_lada,clipping_fraction,20,20,0.0,0.0,0.0,0.0
deepfilternet3_peakminus6_wet1,160,new_trial,opentts_lada,duration_ratio,20,20,0.5513313427900088,0.5415800070573095,0.45017822333611807,0.6601515580614986
deepfilternet3_peakminus6_wet1,160,new_trial,opentts_lada,hf_burst_count,20,20,2.2,2.0,0.0,5.100000000000001
deepfilternet3_peakminus6_wet1,160,new_trial,opentts_lada,corpus_cer,753,,0.009296148738379814,,,
deepfilternet3_peakminus6_wet1,160,new_trial,opentts_lada,corpus_wer,155,,0.03870967741935484,,,
deepfilternet3_peakminus6_wet1,160,new_trial,opentts_lada,corpus_parakeet_cer,753,,0.013280212483399735,,,
deepfilternet3_peakminus6_wet1,160,new_trial,opentts_lada,corpus_parakeet_wer,155,,0.07741935483870968,,,
deepfilternet3_peakminus6_wet1,160,new_trial,opentts_mykyta,sigmos_overall,20,20,3.545524036884308,3.520848274230957,3.085980713367462,4.089906358718872
deepfilternet3_peakminus6_wet1,160,new_trial,opentts_mykyta,sigmos_speech,20,20,3.9945288777351378,4.008535623550415,3.46413539648056,4.444187831878662
deepfilternet3_peakminus6_wet1,160,new_trial,opentts_mykyta,sigmos_noise,20,20,4.408637654781342,4.475228786468506,3.9466649174690245,4.732397079467773
deepfilternet3_peakminus6_wet1,160,new_trial,opentts_mykyta,sigmos_coloration,20,20,3.7857865929603576,3.7423417568206787,3.055353510379791,4.397297143936157
deepfilternet3_peakminus6_wet1,160,new_trial,opentts_mykyta,sigmos_discontinuity,20,20,4.342413020133972,4.356656789779663,3.8858687400817873,4.691097784042358
deepfilternet3_peakminus6_wet1,160,new_trial,opentts_mykyta,audiobox_pq,20,20,7.740632367134094,7.781989097595215,7.433974695205689,7.987826895713806
deepfilternet3_peakminus6_wet1,160,new_trial,opentts_mykyta,cer,20,20,0.02343011082300109,0.0,0.0,0.06062271062271081
deepfilternet3_peakminus6_wet1,160,new_trial,opentts_mykyta,wer,20,20,0.0726544289044289,0.0,0.0,0.3416666666666668
deepfilternet3_peakminus6_wet1,160,new_trial,opentts_mykyta,parakeet_cer,20,20,0.021358428805237317,0.0,0.0,0.05965630114566309
deepfilternet3_peakminus6_wet1,160,new_trial,opentts_mykyta,parakeet_wer,20,20,0.05200757575757575,0.0,0.0,0.33666666666666667
deepfilternet3_peakminus6_wet1,160,new_trial,opentts_mykyta,ecapa_similarity,20,20,0.9605325371026993,0.9662951827049255,0.9097946017980576,0.9937438279390335
deepfilternet3_peakminus6_wet1,160,new_trial,opentts_mykyta,clipping_fraction,20,20,0.0,0.0,0.0,0.0
deepfilternet3_peakminus6_wet1,160,new_trial,opentts_mykyta,duration_ratio,20,20,0.7721270807369509,0.775611020923521,0.6361967938087342,1.0
deepfilternet3_peakminus6_wet1,160,new_trial,opentts_mykyta,hf_burst_count,20,20,2.3,2.5,0.0,4.150000000000002
deepfilternet3_peakminus6_wet1,160,new_trial,opentts_mykyta,corpus_cer,606,,0.0165016501650165,,,
deepfilternet3_peakminus6_wet1,160,new_trial,opentts_mykyta,corpus_wer,133,,0.06015037593984962,,,
deepfilternet3_peakminus6_wet1,160,new_trial,opentts_mykyta,corpus_parakeet_cer,606,,0.01155115511551155,,,
deepfilternet3_peakminus6_wet1,160,new_trial,opentts_mykyta,corpus_parakeet_wer,133,,0.045112781954887216,,,
deepfilternet3_peakminus6_wet1,160,new_trial,opentts_tetiana,sigmos_overall,20,20,3.320897126197815,3.295533776283264,2.8894564747810363,3.67376971244812
deepfilternet3_peakminus6_wet1,160,new_trial,opentts_tetiana,sigmos_speech,20,20,3.8641393423080443,3.8390376567840576,3.4022116541862486,4.269834589958191
deepfilternet3_peakminus6_wet1,160,new_trial,opentts_tetiana,sigmos_noise,20,20,4.406725704669952,4.404510974884033,4.056561958789826,4.726694273948669
deepfilternet3_peakminus6_wet1,160,new_trial,opentts_tetiana,sigmos_coloration,20,20,3.5716139316558837,3.5553605556488037,3.115426814556122,4.12464714050293
deepfilternet3_peakminus6_wet1,160,new_trial,opentts_tetiana,sigmos_discontinuity,20,20,4.235303521156311,4.235062599182129,3.755979633331299,4.6668569326400755
deepfilternet3_peakminus6_wet1,160,new_trial,opentts_tetiana,audiobox_pq,20,20,7.6801080226898195,7.674039602279663,7.300129032135009,7.939295434951783
deepfilternet3_peakminus6_wet1,160,new_trial,opentts_tetiana,cer,20,20,0.01950334387834388,0.0,0.0,0.06493055555555559
deepfilternet3_peakminus6_wet1,160,new_trial,opentts_tetiana,wer,20,20,0.08964285714285714,0.0,0.0,0.3333333333333333
deepfilternet3_peakminus6_wet1,160,new_trial,opentts_tetiana,parakeet_cer,20,20,0.016088992026492027,0.0,0.0,0.052421652421652434
deepfilternet3_peakminus6_wet1,160,new_trial,opentts_tetiana,parakeet_wer,20,20,0.1301984126984127,0.0,0.0,0.4522222222222223
deepfilternet3_peakminus6_wet1,160,new_trial,opentts_tetiana,ecapa_similarity,20,20,0.8380234658718109,0.8396100103855133,0.7096677362918854,0.9573304116725921
deepfilternet3_peakminus6_wet1,160,new_trial,opentts_tetiana,clipping_fraction,20,20,0.0,0.0,0.0,0.0
deepfilternet3_peakminus6_wet1,160,new_trial,opentts_tetiana,duration_ratio,20,20,0.5926129336006729,0.6122362187769165,0.4387848109732255,0.6704493233776723
deepfilternet3_peakminus6_wet1,160,new_trial,opentts_tetiana,hf_burst_count,20,20,2.65,2.0,1.0,6.050000000000001
deepfilternet3_peakminus6_wet1,160,new_trial,opentts_tetiana,corpus_cer,721,,0.018030513176144243,,,
deepfilternet3_peakminus6_wet1,160,new_trial,opentts_tetiana,corpus_wer,153,,0.08496732026143791,,,
deepfilternet3_peakminus6_wet1,160,new_trial,opentts_tetiana,corpus_parakeet_cer,721,,0.015256588072122053,,,
deepfilternet3_peakminus6_wet1,160,new_trial,opentts_tetiana,corpus_parakeet_wer,153,,0.12418300653594772,,,
deepfilternet3_peakminus6_wet1,160,new_trial,tg_voices_uk,sigmos_overall,20,20,3.0950721740722655,3.169771909713745,2.5685518622398376,3.674130713939667
deepfilternet3_peakminus6_wet1,160,new_trial,tg_voices_uk,sigmos_speech,20,20,3.550966477394104,3.6765435934066772,2.8905712246894835,4.145596742630005
deepfilternet3_peakminus6_wet1,160,new_trial,tg_voices_uk,sigmos_noise,20,20,4.18429856300354,4.1120500564575195,3.7376030921936034,4.631581592559814
deepfilternet3_peakminus6_wet1,160,new_trial,tg_voices_uk,sigmos_coloration,20,20,3.5566379547119142,3.4925001859664917,2.9180857062339784,4.126599359512329
deepfilternet3_peakminus6_wet1,160,new_trial,tg_voices_uk,sigmos_discontinuity,20,20,4.0564873814582825,4.001721978187561,3.5784671664237977,4.5832319259643555
deepfilternet3_peakminus6_wet1,160,new_trial,tg_voices_uk,audiobox_pq,20,20,6.922473001480102,6.918150186538696,6.234179663658142,7.596841645240784
deepfilternet3_peakminus6_wet1,160,new_trial,tg_voices_uk,cer,20,20,0.03583019401027812,0.021567717996289426,0.0,0.13831738437001598
deepfilternet3_peakminus6_wet1,160,new_trial,tg_voices_uk,wer,20,20,0.14586240148740148,0.10555555555555556,0.0,0.5035714285714287
deepfilternet3_peakminus6_wet1,160,new_trial,tg_voices_uk,parakeet_cer,20,20,0.0318074470721775,0.017125292740046837,0.0,0.11481729055258469
deepfilternet3_peakminus6_wet1,160,new_trial,tg_voices_uk,parakeet_wer,20,20,0.10448974636474635,0.06458333333333333,0.0,0.434920634920635
deepfilternet3_peakminus6_wet1,160,new_trial,tg_voices_uk,ecapa_similarity,20,20,0.968622699379921,0.9791655242443085,0.9085363358259201,0.9980834364891052
deepfilternet3_peakminus6_wet1,160,new_trial,tg_voices_uk,clipping_fraction,20,20,0.0,0.0,0.0,0.0
deepfilternet3_peakminus6_wet1,160,new_trial,tg_voices_uk,duration_ratio,20,20,0.9548210080782343,0.9756754077781132,0.8812947738563099,1.0
deepfilternet3_peakminus6_wet1,160,new_trial,tg_voices_uk,hf_burst_count,20,20,1.6,1.0,0.0,4.0
deepfilternet3_peakminus6_wet1,160,new_trial,tg_voices_uk,corpus_cer,800,,0.0425,,,
deepfilternet3_peakminus6_wet1,160,new_trial,tg_voices_uk,corpus_wer,168,,0.13690476190476192,,,
deepfilternet3_peakminus6_wet1,160,new_trial,tg_voices_uk,corpus_parakeet_cer,800,,0.04,,,
deepfilternet3_peakminus6_wet1,160,new_trial,tg_voices_uk,corpus_parakeet_wer,168,,0.1130952380952381,,,
deepfilternet3_peakminus6_wet1,160,new_trial,ua_ser,sigmos_overall,20,20,2.8884324431419373,3.0338644981384277,1.7337311625480651,3.5573413252830504
deepfilternet3_peakminus6_wet1,160,new_trial,ua_ser,sigmos_speech,20,20,3.3059478998184204,3.4596418142318726,1.9376173138618469,3.9605562806129457
deepfilternet3_peakminus6_wet1,160,new_trial,ua_ser,sigmos_noise,20,20,3.865124189853668,3.9584708213806152,3.1829985618591308,4.490928149223327
deepfilternet3_peakminus6_wet1,160,new_trial,ua_ser,sigmos_coloration,20,20,3.4022009491920473,3.4724276065826416,2.919428277015686,3.797961151599884
deepfilternet3_peakminus6_wet1,160,new_trial,ua_ser,sigmos_discontinuity,20,20,3.7997860312461853,3.806573987007141,2.8844578862190247,4.533201360702515
deepfilternet3_peakminus6_wet1,160,new_trial,ua_ser,audiobox_pq,20,20,6.4550083637237545,6.688243627548218,5.235592150688172,7.468206667900086
deepfilternet3_peakminus6_wet1,160,new_trial,ua_ser,cer,20,20,0.22585831712459833,0.11596638655462185,0.0,0.9252564102564104
deepfilternet3_peakminus6_wet1,160,new_trial,ua_ser,wer,20,20,0.31507936507936507,0.2222222222222222,0.0,1.0
deepfilternet3_peakminus6_wet1,160,new_trial,ua_ser,parakeet_cer,20,20,0.23908791680240776,0.06111111111111111,0.0,1.0
deepfilternet3_peakminus6_wet1,160,new_trial,ua_ser,parakeet_wer,20,20,0.36249999999999993,0.19444444444444442,0.0,1.0250000000000004
deepfilternet3_peakminus6_wet1,160,new_trial,ua_ser,ecapa_similarity,20,20,0.9000762820243835,0.9470619559288025,0.6241537809371949,0.994666850566864
deepfilternet3_peakminus6_wet1,160,new_trial,ua_ser,clipping_fraction,20,20,0.0,0.0,0.0,0.0
deepfilternet3_peakminus6_wet1,160,new_trial,ua_ser,duration_ratio,20,20,0.9962539811660903,1.0,0.9728752580597698,1.0000089178059368
deepfilternet3_peakminus6_wet1,160,new_trial,ua_ser,hf_burst_count,20,20,1.7,2.0,0.0,4.0
deepfilternet3_peakminus6_wet1,160,new_trial,ua_ser,corpus_cer,601,,0.17637271214642264,,,
deepfilternet3_peakminus6_wet1,160,new_trial,ua_ser,corpus_wer,134,,0.2462686567164179,,,
deepfilternet3_peakminus6_wet1,160,new_trial,ua_ser,corpus_parakeet_cer,601,,0.16805324459234608,,,
deepfilternet3_peakminus6_wet1,160,new_trial,ua_ser,corpus_parakeet_wer,134,,0.2835820895522388,,,
deepfilternet3_peakminus6_wet1,160,new_trial,ukr_dialects,sigmos_overall,20,20,3.1974642634391786,3.1408350467681885,2.7547038197517395,3.7570109128952027
deepfilternet3_peakminus6_wet1,160,new_trial,ukr_dialects,sigmos_speech,20,20,3.674507975578308,3.6874356269836426,3.0807236194610597,4.238948798179627
deepfilternet3_peakminus6_wet1,160,new_trial,ukr_dialects,sigmos_noise,20,20,4.128054773807525,4.0904505252838135,3.3330233693122864,4.7249696254730225
deepfilternet3_peakminus6_wet1,160,new_trial,ukr_dialects,sigmos_coloration,20,20,3.7290072441101074,3.8926981687545776,3.013529372215271,4.370681238174439
deepfilternet3_peakminus6_wet1,160,new_trial,ukr_dialects,sigmos_discontinuity,20,20,4.375511217117309,4.494593381881714,3.7366775631904603,4.837126445770264
deepfilternet3_peakminus6_wet1,160,new_trial,ukr_dialects,audiobox_pq,20,20,6.886644506454468,7.30531907081604,5.012104535102845,7.6123477697372435
deepfilternet3_peakminus6_wet1,160,new_trial,ukr_dialects,cer,20,20,0.1769105283451577,0.09052636886155088,0.0,0.5773399014778325
deepfilternet3_peakminus6_wet1,160,new_trial,ukr_dialects,wer,20,20,0.37126557950314065,0.3533246414602347,0.0,0.940625
deepfilternet3_peakminus6_wet1,160,new_trial,ukr_dialects,parakeet_cer,20,20,0.173940146070176,0.09501241254795756,0.0,0.6396551724137934
deepfilternet3_peakminus6_wet1,160,new_trial,ukr_dialects,parakeet_wer,20,20,0.321325690428612,0.2690677966101695,0.0,0.8812500000000001
deepfilternet3_peakminus6_wet1,160,new_trial,ukr_dialects,ecapa_similarity,20,20,0.9543790012598038,0.977250337600708,0.8696293562650681,0.9989554643630981
deepfilternet3_peakminus6_wet1,160,new_trial,ukr_dialects,clipping_fraction,20,20,0.0,0.0,0.0,0.0
deepfilternet3_peakminus6_wet1,160,new_trial,ukr_dialects,duration_ratio,20,20,0.9894625148188266,1.0,0.9200796146550865,1.0
deepfilternet3_peakminus6_wet1,160,new_trial,ukr_dialects,hf_burst_count,20,20,2.25,0.5,0.0,6.450000000000006
deepfilternet3_peakminus6_wet1,160,new_trial,ukr_dialects,corpus_cer,1677,,0.12224209898628503,,,
deepfilternet3_peakminus6_wet1,160,new_trial,ukr_dialects,corpus_wer,376,,0.3484042553191489,,,
deepfilternet3_peakminus6_wet1,160,new_trial,ukr_dialects,corpus_parakeet_cer,1677,,0.12164579606440072,,,
deepfilternet3_peakminus6_wet1,160,new_trial,ukr_dialects,corpus_parakeet_wer,376,,0.30319148936170215,,,
deepfilternet3_peakminus6_wet1,160,new_trial,source_macro,sigmos_overall,8,,3.1132800072431563,,,
deepfilternet3_peakminus6_wet1,160,new_trial,source_macro,sigmos_speech,8,,3.6251863703131675,,,
deepfilternet3_peakminus6_wet1,160,new_trial,source_macro,sigmos_noise,8,,4.152809584140778,,,
deepfilternet3_peakminus6_wet1,160,new_trial,source_macro,sigmos_coloration,8,,3.5484783053398132,,,
deepfilternet3_peakminus6_wet1,160,new_trial,source_macro,sigmos_discontinuity,8,,4.132949072122575,,,
deepfilternet3_peakminus6_wet1,160,new_trial,source_macro,audiobox_pq,8,,6.988891997933388,,,
deepfilternet3_peakminus6_wet1,160,new_trial,source_macro,cer,8,,0.07052981341089207,,,
deepfilternet3_peakminus6_wet1,160,new_trial,source_macro,wer,8,,0.15692567559145942,,,
deepfilternet3_peakminus6_wet1,160,new_trial,source_macro,parakeet_cer,8,,0.06663285580837168,,,
deepfilternet3_peakminus6_wet1,160,new_trial,source_macro,parakeet_wer,8,,0.14822552587296767,,,
deepfilternet3_peakminus6_wet1,160,new_trial,source_macro,ecapa_similarity,8,,0.9222082845866679,,,
deepfilternet3_peakminus6_wet1,160,new_trial,source_macro,clipping_fraction,8,,0.0,,,
deepfilternet3_peakminus6_wet1,160,new_trial,source_macro,duration_ratio,8,,0.8272515956979867,,,
deepfilternet3_peakminus6_wet1,160,new_trial,source_macro,hf_burst_count,8,,2.175,,,
identity_lufsminus23,160,new_trial,all,sigmos_overall,160,160,2.931470054388046,2.9315638542175293,2.215416359901428,3.6415558815002442
identity_lufsminus23,160,new_trial,all,sigmos_speech,160,160,3.490175698697567,3.5132768154144287,2.6846542716026307,4.298138761520385
identity_lufsminus23,160,new_trial,all,sigmos_noise,160,160,3.7025728076696396,3.821528673171997,2.5589630246162414,4.546996736526489
identity_lufsminus23,160,new_trial,all,sigmos_coloration,160,160,3.4333222314715384,3.4209219217300415,2.7102921843528747,4.240091490745544
identity_lufsminus23,160,new_trial,all,sigmos_discontinuity,160,160,4.092532458901405,4.117123365402222,3.3924530148506165,4.734592485427856
identity_lufsminus23,160,new_trial,all,audiobox_pq,160,160,6.715920016169548,6.8643012046813965,4.5418229579925535,7.829117774963379
identity_lufsminus23,160,new_trial,all,cer,160,160,0.06552643029111191,0.0,0.0,0.3333333333333333
identity_lufsminus23,160,new_trial,all,wer,160,160,0.14338124578880596,0.0,0.0,0.6378787878787874
identity_lufsminus23,160,new_trial,all,parakeet_cer,160,160,0.06029093331567292,0.0,0.0,0.2623563218390792
identity_lufsminus23,160,new_trial,all,parakeet_wer,160,160,0.14307367251798936,0.0,0.0,0.6378787878787874
identity_lufsminus23,160,new_trial,all,ecapa_similarity,160,160,0.949161970242858,0.9912317395210266,0.7958632081747055,0.9999864310026169
identity_lufsminus23,160,new_trial,all,clipping_fraction,160,160,0.0,0.0,0.0,0.0
identity_lufsminus23,160,new_trial,all,duration_ratio,160,160,0.8272515956979867,0.9074074074074074,0.489217673814165,1.0
identity_lufsminus23,160,new_trial,all,hf_burst_count,160,160,2.6,1.0,0.0,9.049999999999983
identity_lufsminus23,160,new_trial,all,corpus_cer,7763,,0.05461806002833956,,,
identity_lufsminus23,160,new_trial,all,corpus_wer,1598,,0.14893617021276595,,,
identity_lufsminus23,160,new_trial,all,corpus_parakeet_cer,7763,,0.0446992142213062,,,
identity_lufsminus23,160,new_trial,all,corpus_parakeet_wer,1598,,0.13892365456821026,,,
identity_lufsminus23,160,new_trial,common_voice_available_uk,sigmos_overall,20,20,2.8310916304588316,2.8440879583358765,1.775617527961731,3.3936711668968202
identity_lufsminus23,160,new_trial,common_voice_available_uk,sigmos_speech,20,20,3.2152132749557496,3.2632302045822144,2.151904273033142,3.8531558752059936
identity_lufsminus23,160,new_trial,common_voice_available_uk,sigmos_noise,20,20,3.668533754348755,3.900708317756653,2.7415861248970033,4.282671475410462
identity_lufsminus23,160,new_trial,common_voice_available_uk,sigmos_coloration,20,20,3.1371413707733153,3.1845897436141968,2.680943024158478,3.7650203943252563
identity_lufsminus23,160,new_trial,common_voice_available_uk,sigmos_discontinuity,20,20,3.949995517730713,3.9511994123458862,3.382394540309906,4.651532506942749
identity_lufsminus23,160,new_trial,common_voice_available_uk,audiobox_pq,20,20,5.738622665405273,6.097785234451294,3.7414391040802,6.827261352539063
identity_lufsminus23,160,new_trial,common_voice_available_uk,cer,20,20,0.0360211868242936,0.0,0.0,0.1126470588235296
identity_lufsminus23,160,new_trial,common_voice_available_uk,wer,20,20,0.09678266178266177,0.0,0.0,0.3416666666666668
identity_lufsminus23,160,new_trial,common_voice_available_uk,parakeet_cer,20,20,0.0027777777777777775,0.0,0.0,0.002777777777777817
identity_lufsminus23,160,new_trial,common_voice_available_uk,parakeet_wer,20,20,0.025,0.0,0.0,0.025000000000000355
identity_lufsminus23,160,new_trial,common_voice_available_uk,ecapa_similarity,20,20,0.9683180958032608,0.9806538224220276,0.8845219820737839,0.9999870717525482
identity_lufsminus23,160,new_trial,common_voice_available_uk,clipping_fraction,20,20,0.0,0.0,0.0,0.0
identity_lufsminus23,160,new_trial,common_voice_available_uk,duration_ratio,20,20,0.8261963274474893,0.7943802521008403,0.6500917107583774,1.0
identity_lufsminus23,160,new_trial,common_voice_available_uk,hf_burst_count,20,20,0.3,0.0,0.0,1.1000000000000014
identity_lufsminus23,160,new_trial,common_voice_available_uk,corpus_cer,655,,0.02900763358778626,,,
identity_lufsminus23,160,new_trial,common_voice_available_uk,corpus_wer,134,,0.08955223880597014,,,
identity_lufsminus23,160,new_trial,common_voice_available_uk,corpus_parakeet_cer,655,,0.0015267175572519084,,,
identity_lufsminus23,160,new_trial,common_voice_available_uk,corpus_parakeet_wer,134,,0.014925373134328358,,,
identity_lufsminus23,160,new_trial,fleurs_uk,sigmos_overall,20,20,2.789768302440643,2.737958312034607,2.2618202924728394,3.2006874322891234
identity_lufsminus23,160,new_trial,fleurs_uk,sigmos_speech,20,20,3.1905586242675783,3.187968611717224,2.679913353919983,3.7386244535446167
identity_lufsminus23,160,new_trial,fleurs_uk,sigmos_noise,20,20,3.254980218410492,3.299659252166748,2.7292914271354674,3.6997586727142338
identity_lufsminus23,160,new_trial,fleurs_uk,sigmos_coloration,20,20,3.4635066390037537,3.4217361211776733,3.022019362449646,3.9870173692703252
identity_lufsminus23,160,new_trial,fleurs_uk,sigmos_discontinuity,20,20,3.798056435585022,3.7732505798339844,3.3924530148506165,4.284527087211609
identity_lufsminus23,160,new_trial,fleurs_uk,audiobox_pq,20,20,6.53425817489624,6.647697925567627,5.6297606229782104,7.1056223154068
identity_lufsminus23,160,new_trial,fleurs_uk,cer,20,20,0.02533107515679406,0.004273504273504274,0.0,0.12394062078272607
identity_lufsminus23,160,new_trial,fleurs_uk,wer,20,20,0.07676692035563003,0.016666666666666666,0.0,0.3333333333333333
identity_lufsminus23,160,new_trial,fleurs_uk,parakeet_cer,20,20,0.008169428733338507,0.0,0.0,0.04581339712918661
identity_lufsminus23,160,new_trial,fleurs_uk,parakeet_wer,20,20,0.028794686496299397,0.0,0.0,0.1332949308755761
identity_lufsminus23,160,new_trial,fleurs_uk,ecapa_similarity,20,20,0.9938904404640198,0.995135098695755,0.9838114321231842,0.9996635496616364
identity_lufsminus23,160,new_trial,fleurs_uk,clipping_fraction,20,20,0.0,0.0,0.0,0.0
identity_lufsminus23,160,new_trial,fleurs_uk,duration_ratio,20,20,0.9352075769456203,0.9488141005441062,0.846304616982187,1.0
identity_lufsminus23,160,new_trial,fleurs_uk,hf_burst_count,20,20,7.8,6.5,0.0,19.300000000000004
identity_lufsminus23,160,new_trial,fleurs_uk,corpus_cer,1950,,0.025128205128205128,,,
identity_lufsminus23,160,new_trial,fleurs_uk,corpus_wer,345,,0.06376811594202898,,,
identity_lufsminus23,160,new_trial,fleurs_uk,corpus_parakeet_cer,1950,,0.009743589743589744,,,
identity_lufsminus23,160,new_trial,fleurs_uk,corpus_parakeet_wer,345,,0.034782608695652174,,,
identity_lufsminus23,160,new_trial,opentts_lada,sigmos_overall,20,20,2.852221095561981,2.832209348678589,2.4926615357398987,3.224397110939026
identity_lufsminus23,160,new_trial,opentts_lada,sigmos_speech,20,20,3.7143821716308594,3.7347835302352905,3.328352177143097,4.085343647003174
identity_lufsminus23,160,new_trial,opentts_lada,sigmos_noise,20,20,3.992662823200226,4.077885866165161,3.31390665769577,4.530132126808167
identity_lufsminus23,160,new_trial,opentts_lada,sigmos_coloration,20,20,3.3166989922523498,3.2689335346221924,2.8745615005493166,3.863687062263489
identity_lufsminus23,160,new_trial,opentts_lada,sigmos_discontinuity,20,20,4.224159669876099,4.233466148376465,3.8455645084381103,4.514065480232239
identity_lufsminus23,160,new_trial,opentts_lada,audiobox_pq,20,20,7.246870326995849,7.290994882583618,6.76867036819458,7.5281589269638065
identity_lufsminus23,160,new_trial,opentts_lada,cer,20,20,0.011475511144628792,0.0,0.0,0.07748868778280545
identity_lufsminus23,160,new_trial,opentts_lada,wer,20,20,0.0539484126984127,0.0,0.0,0.16571428571428604
identity_lufsminus23,160,new_trial,opentts_lada,parakeet_cer,20,20,0.017227705056505244,0.0,0.0,0.08042986425339371
identity_lufsminus23,160,new_trial,opentts_lada,parakeet_wer,20,20,0.10482142857142855,0.0,0.0,0.4200000000000003
identity_lufsminus23,160,new_trial,opentts_lada,ecapa_similarity,20,20,0.8431393384933472,0.837355375289917,0.7918604612350464,0.9266784101724624
identity_lufsminus23,160,new_trial,opentts_lada,clipping_fraction,20,20,0.0,0.0,0.0,0.0
identity_lufsminus23,160,new_trial,opentts_lada,duration_ratio,20,20,0.5513313427900088,0.5415800070573095,0.45017822333611807,0.6601515580614986
identity_lufsminus23,160,new_trial,opentts_lada,hf_burst_count,20,20,2.3,2.0,0.0,5.100000000000001
identity_lufsminus23,160,new_trial,opentts_lada,corpus_cer,753,,0.010624169986719787,,,
identity_lufsminus23,160,new_trial,opentts_lada,corpus_wer,155,,0.04516129032258064,,,
identity_lufsminus23,160,new_trial,opentts_lada,corpus_parakeet_cer,753,,0.01593625498007968,,,
identity_lufsminus23,160,new_trial,opentts_lada,corpus_parakeet_wer,155,,0.08387096774193549,,,
identity_lufsminus23,160,new_trial,opentts_mykyta,sigmos_overall,20,20,3.472775065898895,3.5036205053329468,2.99076532125473,4.033534288406372
identity_lufsminus23,160,new_trial,opentts_mykyta,sigmos_speech,20,20,4.002527439594269,4.1248509883880615,3.490880918502808,4.38242404460907
identity_lufsminus23,160,new_trial,opentts_mykyta,sigmos_noise,20,20,4.287093710899353,4.394618511199951,3.781209480762482,4.636733531951904
identity_lufsminus23,160,new_trial,opentts_mykyta,sigmos_coloration,20,20,3.889130008220673,3.9728505611419678,3.350847291946411,4.276158261299133
identity_lufsminus23,160,new_trial,opentts_mykyta,sigmos_discontinuity,20,20,4.360586380958557,4.367597818374634,3.937329363822937,4.69857120513916
identity_lufsminus23,160,new_trial,opentts_mykyta,audiobox_pq,20,20,7.671975779533386,7.716284513473511,7.338401842117309,7.981496357917786
identity_lufsminus23,160,new_trial,opentts_mykyta,cer,20,20,0.020634862744734146,0.0,0.0,0.06062271062271081
identity_lufsminus23,160,new_trial,opentts_mykyta,wer,20,20,0.04380827505827506,0.0,0.0,0.2541666666666667
identity_lufsminus23,160,new_trial,opentts_mykyta,parakeet_cer,20,20,0.021358428805237317,0.0,0.0,0.05965630114566309
identity_lufsminus23,160,new_trial,opentts_mykyta,parakeet_wer,20,20,0.05200757575757575,0.0,0.0,0.33666666666666667
identity_lufsminus23,160,new_trial,opentts_mykyta,ecapa_similarity,20,20,0.9667856186628342,0.9732612371444702,0.9310939878225326,0.9999952346086503
identity_lufsminus23,160,new_trial,opentts_mykyta,clipping_fraction,20,20,0.0,0.0,0.0,0.0
identity_lufsminus23,160,new_trial,opentts_mykyta,duration_ratio,20,20,0.7721270807369509,0.775611020923521,0.6361967938087342,1.0
identity_lufsminus23,160,new_trial,opentts_mykyta,hf_burst_count,20,20,2.55,2.5,0.0,4.200000000000003
identity_lufsminus23,160,new_trial,opentts_mykyta,corpus_cer,606,,0.013201320132013201,,,
identity_lufsminus23,160,new_trial,opentts_mykyta,corpus_wer,133,,0.03759398496240601,,,
identity_lufsminus23,160,new_trial,opentts_mykyta,corpus_parakeet_cer,606,,0.01155115511551155,,,
identity_lufsminus23,160,new_trial,opentts_mykyta,corpus_parakeet_wer,133,,0.045112781954887216,,,
identity_lufsminus23,160,new_trial,opentts_tetiana,sigmos_overall,20,20,3.2954596519470214,3.275183320045471,2.83578382730484,3.8210366845130923
identity_lufsminus23,160,new_trial,opentts_tetiana,sigmos_speech,20,20,4.005844163894653,4.009113073348999,3.5684497594833373,4.45907154083252
identity_lufsminus23,160,new_trial,opentts_tetiana,sigmos_noise,20,20,4.327287745475769,4.408824443817139,3.8215953588485716,4.693726825714111
identity_lufsminus23,160,new_trial,opentts_tetiana,sigmos_coloration,20,20,3.6892330288887023,3.757499098777771,3.1484405040740966,4.1195735216140745
identity_lufsminus23,160,new_trial,opentts_tetiana,sigmos_discontinuity,20,20,4.216458177566528,4.258584499359131,3.6701647877693175,4.487309074401856
identity_lufsminus23,160,new_trial,opentts_tetiana,audiobox_pq,20,20,7.671393823623657,7.730195760726929,7.167947149276733,7.929653596878052
identity_lufsminus23,160,new_trial,opentts_tetiana,cer,20,20,0.01950334387834388,0.0,0.0,0.06493055555555559
identity_lufsminus23,160,new_trial,opentts_tetiana,wer,20,20,0.08964285714285714,0.0,0.0,0.3333333333333333
identity_lufsminus23,160,new_trial,opentts_tetiana,parakeet_cer,20,20,0.02275565869315869,0.0,0.0,0.07703703703703707
identity_lufsminus23,160,new_trial,opentts_tetiana,parakeet_wer,20,20,0.16353174603174603,0.07142857142857142,0.0,0.6033333333333334
identity_lufsminus23,160,new_trial,opentts_tetiana,ecapa_similarity,20,20,0.8294092953205109,0.8387507796287537,0.6809804528951645,0.9447037726640701
identity_lufsminus23,160,new_trial,opentts_tetiana,clipping_fraction,20,20,0.0,0.0,0.0,0.0
identity_lufsminus23,160,new_trial,opentts_tetiana,duration_ratio,20,20,0.5926129336006729,0.6122362187769165,0.4387848109732255,0.6704493233776723
identity_lufsminus23,160,new_trial,opentts_tetiana,hf_burst_count,20,20,3.05,3.0,1.0,6.050000000000001
identity_lufsminus23,160,new_trial,opentts_tetiana,corpus_cer,721,,0.018030513176144243,,,
identity_lufsminus23,160,new_trial,opentts_tetiana,corpus_wer,153,,0.08496732026143791,,,
identity_lufsminus23,160,new_trial,opentts_tetiana,corpus_parakeet_cer,721,,0.018030513176144243,,,
identity_lufsminus23,160,new_trial,opentts_tetiana,corpus_parakeet_wer,153,,0.13725490196078433,,,
identity_lufsminus23,160,new_trial,tg_voices_uk,sigmos_overall,20,20,2.8840975165367126,2.8046295642852783,2.369030487537384,3.558002042770386
identity_lufsminus23,160,new_trial,tg_voices_uk,sigmos_speech,20,20,3.389572036266327,3.4231420755386353,2.784782040119171,4.080981230735779
identity_lufsminus23,160,new_trial,tg_voices_uk,sigmos_noise,20,20,3.6852378606796266,3.6815028190612793,2.892461836338043,4.331912851333618
identity_lufsminus23,160,new_trial,tg_voices_uk,sigmos_coloration,20,20,3.4610581040382384,3.3118348121643066,2.8148342251777647,4.293785405158997
identity_lufsminus23,160,new_trial,tg_voices_uk,sigmos_discontinuity,20,20,4.204938328266143,4.131622076034546,3.733292317390442,4.742672538757325
identity_lufsminus23,160,new_trial,tg_voices_uk,audiobox_pq,20,20,6.412008357048035,6.433492422103882,5.6748956680297855,7.125976419448852
identity_lufsminus23,160,new_trial,tg_voices_uk,cer,20,20,0.03583019401027812,0.021567717996289426,0.0,0.13831738437001598
identity_lufsminus23,160,new_trial,tg_voices_uk,wer,20,20,0.12086240148740149,0.09545454545454546,0.0,0.45079365079365086
identity_lufsminus23,160,new_trial,tg_voices_uk,parakeet_cer,20,20,0.03567624339453419,0.023214285714285715,0.0,0.09616755793226389
identity_lufsminus23,160,new_trial,tg_voices_uk,parakeet_wer,20,20,0.11290244477744475,0.07179487179487179,0.0,0.304761904761905
identity_lufsminus23,160,new_trial,tg_voices_uk,ecapa_similarity,20,20,0.9944446206092834,0.9961371123790741,0.9850366711616516,0.9999977171421051
identity_lufsminus23,160,new_trial,tg_voices_uk,clipping_fraction,20,20,0.0,0.0,0.0,0.0
identity_lufsminus23,160,new_trial,tg_voices_uk,duration_ratio,20,20,0.9548210080782343,0.9756754077781132,0.8812947738563099,1.0
identity_lufsminus23,160,new_trial,tg_voices_uk,hf_burst_count,20,20,1.45,1.0,0.0,4.0
identity_lufsminus23,160,new_trial,tg_voices_uk,corpus_cer,800,,0.0425,,,
identity_lufsminus23,160,new_trial,tg_voices_uk,corpus_wer,168,,0.125,,,
identity_lufsminus23,160,new_trial,tg_voices_uk,corpus_parakeet_cer,800,,0.0425,,,
identity_lufsminus23,160,new_trial,tg_voices_uk,corpus_parakeet_wer,168,,0.11904761904761904,,,
identity_lufsminus23,160,new_trial,ua_ser,sigmos_overall,20,20,2.455446243286133,2.364864468574524,1.680048406124115,3.18292875289917
identity_lufsminus23,160,new_trial,ua_ser,sigmos_speech,20,20,3.012866473197937,2.968201756477356,2.3238118290901184,3.771301603317261
identity_lufsminus23,160,new_trial,ua_ser,sigmos_noise,20,20,3.0025866746902468,3.192643165588379,1.7656376242637635,3.83770216703415
identity_lufsminus23,160,new_trial,ua_ser,sigmos_coloration,20,20,3.101676952838898,3.1061288118362427,2.5376129031181334,3.706719994544983
identity_lufsminus23,160,new_trial,ua_ser,sigmos_discontinuity,20,20,3.6811326265335085,3.68343186378479,2.6760294318199156,4.696944236755371
identity_lufsminus23,160,new_trial,ua_ser,audiobox_pq,20,20,5.971326732635498,6.233439207077026,4.159895873069763,6.951512789726258
identity_lufsminus23,160,new_trial,ua_ser,cer,20,20,0.22037852633822733,0.11596638655462185,0.0,0.9252564102564104
identity_lufsminus23,160,new_trial,ua_ser,wer,20,20,0.31626984126984126,0.2361111111111111,0.0,1.0
identity_lufsminus23,160,new_trial,ua_ser,parakeet_cer,20,20,0.25429239040471413,0.06111111111111111,0.0,1.0142857142857145
identity_lufsminus23,160,new_trial,ua_ser,parakeet_wer,20,20,0.3555555555555555,0.19444444444444442,0.0,1.0250000000000004
identity_lufsminus23,160,new_trial,ua_ser,ecapa_similarity,20,20,0.9988072007894516,0.9991845190525055,0.9977679431438446,0.9998308688402175
identity_lufsminus23,160,new_trial,ua_ser,clipping_fraction,20,20,0.0,0.0,0.0,0.0
identity_lufsminus23,160,new_trial,ua_ser,duration_ratio,20,20,0.9962539811660903,1.0,0.9728752580597698,1.0000089178059368
identity_lufsminus23,160,new_trial,ua_ser,hf_burst_count,20,20,1.4,1.5,0.0,3.0500000000000007
identity_lufsminus23,160,new_trial,ua_ser,corpus_cer,601,,0.17803660565723795,,,
identity_lufsminus23,160,new_trial,ua_ser,corpus_wer,134,,0.2537313432835821,,,
identity_lufsminus23,160,new_trial,ua_ser,corpus_parakeet_cer,601,,0.1713810316139767,,,
identity_lufsminus23,160,new_trial,ua_ser,corpus_parakeet_wer,134,,0.27611940298507465,,,
identity_lufsminus23,160,new_trial,ukr_dialects,sigmos_overall,20,20,2.8709009289741516,2.8411604166030884,2.273680365085602,3.6375024795532225
identity_lufsminus23,160,new_trial,ukr_dialects,sigmos_speech,20,20,3.3904414057731627,3.4086910486221313,2.825720524787903,4.085827493667603
identity_lufsminus23,160,new_trial,ukr_dialects,sigmos_noise,20,20,3.4021996736526487,3.350593328475952,2.3283034205436706,4.511594271659852
identity_lufsminus23,160,new_trial,ukr_dialects,sigmos_coloration,20,20,3.408132755756378,3.3345426321029663,2.434659957885742,4.38331708908081
identity_lufsminus23,160,new_trial,ukr_dialects,sigmos_discontinuity,20,20,4.304932534694672,4.324390649795532,3.8250080227851866,4.79506664276123
identity_lufsminus23,160,new_trial,ukr_dialects,audiobox_pq,20,20,6.480904269218445,6.765422582626343,4.485663414001465,7.585946655273437
identity_lufsminus23,160,new_trial,ukr_dialects,cer,20,20,0.15503674223159541,0.07751840274276495,0.0,0.5245421245421246
identity_lufsminus23,160,new_trial,ukr_dialects,wer,20,20,0.34896859651536816,0.3533246414602347,0.0,0.8217171717171718
identity_lufsminus23,160,new_trial,ukr_dialects,parakeet_cer,20,20,0.12006983366011745,0.09284791038345541,0.0,0.3661324786324787
identity_lufsminus23,160,new_trial,ukr_dialects,parakeet_wer,20,20,0.3019759429538645,0.3107344632768362,0.0,0.7534090909090909
identity_lufsminus23,160,new_trial,ukr_dialects,ecapa_similarity,20,20,0.9985011518001556,0.9994651079177856,0.9913675338029861,0.9999374687671662
identity_lufsminus23,160,new_trial,ukr_dialects,clipping_fraction,20,20,0.0,0.0,0.0,0.0
identity_lufsminus23,160,new_trial,ukr_dialects,duration_ratio,20,20,0.9894625148188266,1.0,0.9200796146550865,1.0
identity_lufsminus23,160,new_trial,ukr_dialects,hf_burst_count,20,20,1.95,1.0,0.0,5.450000000000006
identity_lufsminus23,160,new_trial,ukr_dialects,corpus_cer,1677,,0.11091234347048301,,,
identity_lufsminus23,160,new_trial,ukr_dialects,corpus_wer,376,,0.32978723404255317,,,
identity_lufsminus23,160,new_trial,ukr_dialects,corpus_parakeet_cer,1677,,0.09421586165772212,,,
identity_lufsminus23,160,new_trial,ukr_dialects,corpus_parakeet_wer,376,,0.29521276595744683,,,
identity_lufsminus23,160,new_trial,source_macro,sigmos_overall,8,,2.931470054388046,,,
identity_lufsminus23,160,new_trial,source_macro,sigmos_speech,8,,3.490175698697567,,,
identity_lufsminus23,160,new_trial,source_macro,sigmos_noise,8,,3.7025728076696396,,,
identity_lufsminus23,160,new_trial,source_macro,sigmos_coloration,8,,3.4333222314715384,,,
identity_lufsminus23,160,new_trial,source_macro,sigmos_discontinuity,8,,4.092532458901405,,,
identity_lufsminus23,160,new_trial,source_macro,audiobox_pq,8,,6.715920016169548,,,
identity_lufsminus23,160,new_trial,source_macro,cer,8,,0.06552643029111192,,,
identity_lufsminus23,160,new_trial,source_macro,wer,8,,0.14338124578880596,,,
identity_lufsminus23,160,new_trial,source_macro,parakeet_cer,8,,0.06029093331567291,,,
identity_lufsminus23,160,new_trial,source_macro,parakeet_wer,8,,0.1430736725179893,,,
identity_lufsminus23,160,new_trial,source_macro,ecapa_similarity,8,,0.949161970242858,,,
identity_lufsminus23,160,new_trial,source_macro,clipping_fraction,8,,0.0,,,
identity_lufsminus23,160,new_trial,source_macro,duration_ratio,8,,0.8272515956979867,,,
identity_lufsminus23,160,new_trial,source_macro,hf_burst_count,8,,2.5999999999999996,,,
