alignment_flags,audio_sha256,audiobox_pq,cer,clipping_fraction,duration_seconds,ecapa_similarity,energy_sigmos_overall,hf_burst_count,native_sigmos_overall,parakeet_cer,parakeet_wer,removed_seconds,sample_id,sigmos_coloration,sigmos_discontinuity,sigmos_loudness,sigmos_noise,sigmos_overall,sigmos_reverb,sigmos_speech,source_id,status,trim_end_seconds,trim_start_seconds,wer
[],424c9865b0de9e5ea9ac5439abf34b93d840a1e5e8df0fd3803474d6ac3d6f27,6.293143272399902,0.0,0.0,1.67,0.9171968102455139,2.9200828075408936,0,3.0931668281555176,0.0,0.0,1.39,bd744dfcb13a4bc3,4.015464782714844,4.416047096252441,3.84541916847229,4.299796104431152,3.0334150791168213,3.5534255504608154,3.246866226196289,common_voice_available_uk,mfa_aligned,2.14,0.47,0.0
[],8025a55ffb3dc2c83e1ecb0888219449ae23a5c846f038b6244239505d141276,6.895712375640869,0.0,0.0,3.38,0.9703957438468933,3.063638925552368,2,3.0878286361694336,0.0,0.0,1.6,3629efade9dc9d0e,3.593637704849243,3.675157070159912,3.6025331020355225,4.237567901611328,2.7343862056732178,4.046273708343506,3.1911959648132324,common_voice_available_uk,mfa_aligned,4.05,0.67,0.0
[],1f49142daca3bf41095f4216d2300d220e3cc83d9bdebbb58c9f8ac9372ffb8e,6.101537227630615,0.0,0.0,1.8,0.8662680983543396,3.0066885948181152,0,2.7286770343780518,0.0,0.0,1.12,84647c0a102141c6,3.020766019821167,4.71848201751709,3.987367868423462,4.182347297668457,3.1585917472839355,3.2436442375183105,3.442081928253174,common_voice_available_uk,mfa_aligned,2.19,0.39,0.0
[],2ad2d313509f8138ccf538a8c5a3963c789817c4cb3529440e570ae9384a11c1,5.289772033691406,0.0,0.0,4.21,0.9408566951751709,3.3526611328125,0,3.1851558685302734,0.0,0.0,2.09,6c03301a3071c15b,3.5560576915740967,3.7514936923980713,3.6779227256774902,3.6992733478546143,3.0326576232910156,4.416722297668457,3.3916373252868652,common_voice_available_uk,mfa_aligned,5.08,0.87,0.0
[],91b47611f7fdea3758b3e6f8b8d9aeb7613256a971edbb6cb17c4cd40703aa35,6.655182361602783,0.03225806451612903,0.0,2.53,0.9793725609779358,2.969014883041382,1,3.0026283264160156,0.03225806451612903,0.16666666666666666,0.75,cbfd56eb3da1a4e8,4.375605583190918,4.141358852386475,4.637834548950195,3.824450969696045,2.933837652206421,3.9102418422698975,3.2819085121154785,common_voice_available_uk,mfa_aligned,3.02,0.49,0.16666666666666666
[],4925e60f118266ba7561cae7cfdd51653a2fb4f82458fe2ebd7d8e0970367f83,4.8264617919921875,0.09523809523809523,0.0,3.87,0.9821327328681946,2.003629446029663,0,1.8856616020202637,0.0,0.0,1.97,24ec86e44425eb2e,2.689781904220581,3.163189649581909,2.269613027572632,2.566110849380493,2.018764019012451,3.4371867179870605,2.430806875228882,common_voice_available_uk,mfa_aligned,4.49,0.62,0.14285714285714285
[],7c2f9792a3ede8c6a1ed2a715e6c5335012eb64063d34cfeb839680281c6466a,6.14894437789917,0.0,0.0,3.94,0.8931323885917664,3.5874297618865967,2,3.542668104171753,0.0,0.0,1.4,0135d9e7c341b143,3.3384294509887695,4.105585098266602,3.367135524749756,4.558602333068848,3.0916593074798584,4.532948017120361,3.385993480682373,common_voice_available_uk,mfa_aligned,4.73,0.79,0.0
[],b92f834af0ece975fa1f72f025f5a45cb11642e4980324bb03a5bc1c860b2207,7.118869304656982,0.017857142857142856,0.0,5.14,0.9826298356056213,3.094186544418335,0,3.095689296722412,0.0,0.0,1.34,6a5bd47b2ed86885,2.9035298824310303,4.679113388061523,4.1576738357543945,4.551270484924316,2.9503636360168457,4.1615705490112305,3.4184134006500244,common_voice_available_uk,mfa_aligned,5.58,0.44,0.07142857142857142
[],7f4515657ad22a50ef6368cabbdba12b90f41adfd7e615c9cab4380d80a24634,6.874199867248535,0.0,0.0,1.31,0.8459818959236145,3.498164653778076,0,3.3698861598968506,0.0,0.0,1.15,4ecfb59c39b134fc,2.5351619720458984,4.785066604614258,3.040290355682373,3.5017762184143066,2.853935718536377,2.74428391456604,3.2618048191070557,common_voice_available_uk,mfa_aligned,1.73,0.42,0.0
[],ea6adec5f4a10390ec52dbe9dc883647a49a37a96553e708324fc82bbdcaa0bb,6.907777786254883,0.0,0.0,2.68,0.9578264355659485,2.475951671600342,2,2.352478504180908,0.0,0.0,1.32,5133ff96c7655a6a,2.9786906242370605,3.6500046253204346,3.5050783157348633,4.209259986877441,2.5625381469726562,4.049991607666016,2.9149909019470215,common_voice_available_uk,mfa_aligned,3.43,0.75,0.0
[],03919fa413bf2704b600581feb52112fb698a8959fc4d8a48a03017e10c17de3,6.513270378112793,0.0,0.0,2.47,0.9685282707214355,3.018712043762207,0,3.1190173625946045,0.0,0.0,1.07,8533ec104c4a8f77,3.2158660888671875,3.9852442741394043,3.767364025115967,4.086373805999756,2.734632730484009,3.3396410942077637,3.1701321601867676,common_voice_available_uk,mfa_aligned,3.12,0.65,0.0
[],77bd295147c13a25cf055382d76c6cd24843eb0ebfed41a758b682d9e34cf163,6.235682964324951,0.0,0.0,5.59,0.9951821565628052,3.069671154022217,0,3.538736343383789,0.0,0.0,0.93,5d364a6c2903e148,3.448862075805664,3.6642613410949707,4.027615547180176,3.7050812244415283,2.9615767002105713,4.477570533752441,3.402465343475342,common_voice_available_uk,mfa_aligned,6.0,0.41,0.0
[],a63f0eed186d228da2ba3305496413c7a31e28ab71db319c22930702f14ecd15,5.461076736450195,0.0,0.0,2.75,0.9565852284431458,2.6483709812164307,0,2.739816904067993,0.0,0.0,1.43,38fd6a3a807cdb79,2.78519606590271,3.341128349304199,3.572814702987671,2.633258104324341,2.4500439167022705,4.706759929656982,3.147284984588623,common_voice_available_uk,mfa_aligned,3.25,0.5,0.0
[],d2bff357b5bb7202aa0ce7b7ede48b898bd5ca9149a70bb8e4cbc1e125900fa1,6.472845554351807,0.07692307692307693,0.0,4.08,0.9865575432777405,2.643728256225586,1,3.1286566257476807,0.0,0.0,0.96,ca34ec7922ab8b2d,4.330543518066406,4.225410461425781,4.410768508911133,3.985635280609131,2.730901002883911,3.6984899044036865,3.0703420639038086,common_voice_available_uk,mfa_aligned,4.34,0.26,0.3333333333333333
[],518ececac4f841a90bfb2d3a383513fbf26025d84840abfff6e27afa567a2853,6.88878059387207,0.016129032258064516,0.0,5.49,0.9962918758392334,3.4300689697265625,0,3.2212727069854736,0.016129032258064516,0.07142857142857142,0.67,ab0e038430cc081c,4.089123725891113,4.407925605773926,4.2879638671875,4.185765266418457,3.684720277786255,4.632007598876953,3.99360728263855,common_voice_available_uk,mfa_aligned,5.86,0.37,0.07142857142857142
[],a114ddea6d4dd3ef5d41c8af4057da0b606fa063f8ccf833742288fbfae4dd0e,7.097781181335449,0.0,0.0,5.300041666666667,0.9890404343605042,3.6554417610168457,1,3.844521999359131,0.0,0.0,0.7599583333333333,ff90f1ed5503526e,3.5899429321289062,4.404003143310547,4.260355472564697,4.234384536743164,3.519412040710449,4.356189250946045,4.105593681335449,common_voice_available_uk,mfa_aligned,5.55,0.24995833333333334,0.0
[],6194749b1f651279479fce721a585cfe129513b809588dbbcd6c7257a2e000c7,5.527478218078613,0.023255813953488372,0.0,5.0,0.9597960710525513,2.8466756343841553,4,2.821192741394043,0.0,0.0,2.18,7473140318a74b25,3.8472094535827637,3.8098225593566895,4.314537525177002,3.429943323135376,3.0119125843048096,4.413830280303955,3.4446957111358643,common_voice_available_uk,mfa_aligned,5.86,0.86,0.125
[],585f3ece73b7d426ab45a08fab63c47bc102188e278af202ecec26d1b5d3c1d6,7.207237243652344,0.0,0.0,2.58,0.9799904227256775,2.768275022506714,1,3.120582103729248,0.0,0.0,0.7,41d4e2df38c4b189,3.027853012084961,3.828030824661255,3.823707342147827,3.9598724842071533,2.883122205734253,4.38328742980957,3.441715717315674,common_voice_available_uk,mfa_aligned,2.87,0.29,0.0
[],9c2712a4cb916081f5048d7c051eff78881010d9322e1768dd1bf7b3070491bd,5.3672943115234375,0.0,0.0,1.3900833333333333,0.9368780255317688,2.939603567123413,0,3.189877510070801,0.0,0.0,1.2899166666666666,c3f9be4f84d2b726,4.331929683685303,4.731035232543945,4.167720794677734,3.673147439956665,3.236417531967163,3.338594913482666,3.6781210899353027,common_voice_available_uk,mfa_aligned,1.7200416666666667,0.32995833333333335,0.0
[],678377fc3335b228985f76361f6ff16891086f2156fa2e4bc2e2911013a5263b,5.798557281494141,0.0,0.0,3.36,0.8479639887809753,2.9272754192352295,0,3.0090134143829346,0.0,0.0,1.36,b09fe4f7cea768ec,3.964136838912964,3.726003885269165,3.2069082260131836,4.464188575744629,2.982766628265381,3.3482964038848877,3.345776081085205,common_voice_available_uk,mfa_aligned,3.91,0.55,0.0
[],4a1cea41456ce79cfd286343d128324e7b75c3f7cecbf4a3520594ebaed819ac,6.038625717163086,0.0,0.0,3.97,0.9874451160430908,2.595951795578003,1,2.4284584522247314,0.0,0.0,1.07,eb9c7a9c0d8f73a4,3.6080374717712402,4.782958030700684,3.0057156085968018,4.4662766456604,2.7121541500091553,3.503951072692871,3.0095951557159424,common_voice_available_uk,mfa_aligned,4.15,0.18,0.2857142857142857
[],5a21c9bbe5596fd9615187416c04e0ba5d7e730684c1e6bb1106e24c3e3082ac,6.802017688751221,0.0,0.0,2.77,0.9399669766426086,2.9068970680236816,5,2.9662766456604004,0.0,0.0,1.85,1301ea43d77db291,3.489821672439575,4.554816246032715,4.25611686706543,4.348072528839111,3.22139573097229,4.165162086486816,3.5155134201049805,common_voice_available_uk,mfa_aligned,3.44,0.67,0.0
[],3bd3b4d71bcc8895e4578578934239278c493a7bfc809027bdaaef6842685e5e,6.643142223358154,0.011494252873563218,0.0,8.030041666666667,0.9978084564208984,3.4877371788024902,0,3.6897456645965576,0.0,0.0,0.7299583333333334,64d83204af96c39b,3.891841411590576,4.076848983764648,4.1197991371154785,4.420021057128906,3.8618881702423096,4.738451957702637,4.298593521118164,common_voice_available_uk,mfa_aligned,8.35,0.31995833333333334,0.07692307692307693
[],e160f60728fb9752c0edda46ed059b7d84cce699208b93ef174666b9fa5118ee,4.032954216003418,0.058823529411764705,0.0,1.59,0.8816869258880615,2.9655041694641113,0,2.981020927429199,0.11764705882352941,0.25,1.15,9674a4979706a3df,2.3155457973480225,4.433366775512695,3.409054756164551,2.4247424602508545,2.2003819942474365,2.856083869934082,2.720996618270874,common_voice_available_uk,mfa_aligned,2.13,0.54,0.25
[],576848960e6f53205fa05436e02a0736bf6fd275931fc3499117bd5f3e5d1235,6.731522560119629,0.0,0.0,3.1,0.9812254309654236,2.973775625228882,1,3.1008403301239014,0.0,0.0,0.9,bf550da08426634d,3.5041615962982178,3.8257195949554443,4.229680061340332,3.7160372734069824,2.940887689590454,4.510117530822754,3.6483230590820312,common_voice_available_uk,mfa_aligned,3.49,0.39,0.0
[],4cc2629ee4fb1918f7017372e3489ad7040436c185541be9bf6a59fb1e89969c,6.237390041351318,0.02631578947368421,0.0,3.5,0.9840803146362305,2.5537240505218506,1,2.864337682723999,0.02631578947368421,0.125,1.16,578ab3ffd0615d7f,3.3313190937042236,4.568700790405273,3.896289825439453,3.098375082015991,2.521840810775757,3.936875343322754,3.3668715953826904,common_voice_available_uk,mfa_aligned,3.98,0.48,0.125
"[""large_boundary_removal""]",bf5358cfaea2f97cfed1627b0d6a4152c9dd1eb321402bc107047b86ca42fe37,3.7695090770721436,0.0,0.0,3.72,0.9999338388442993,2.590960741043091,1,2.3608953952789307,0.0,0.0,0.0,3c96bcbce614c65c,2.4217758178710938,3.284735679626465,3.395761251449585,3.2753798961639404,2.3414504528045654,3.3936758041381836,2.796980857849121,common_voice_available_uk,review_preserved_untrimmed,3.72,0.0,0.0
"[""large_boundary_removal""]",ecf2a9b52104097c98fbca8931b8eeca54a9ec4351d4a67d0682664e2fc19f83,4.6553263664245605,0.0,0.0,2.38,0.999897301197052,3.0587422847747803,0,3.0274248123168945,0.0,0.0,0.0,0fe8215e64d6622c,3.1726973056793213,4.5965895652771,3.552860975265503,3.345176935195923,3.0587422847747803,3.884993076324463,3.2618370056152344,common_voice_available_uk,review_preserved_untrimmed,2.38,0.0,0.0
[],6b8848a7deed6fedd1ae99cd716d2d6a0eb799b33f3c4722a70dba9d5e4a8df5,4.339051246643066,0.42857142857142855,0.0,1.5600833333333333,0.9300097823143005,2.9174020290374756,0,2.932988405227661,0.0,0.0,0.6799166666666666,cf94736feb4a459c,3.497182607650757,3.801741123199463,3.5170161724090576,2.760840654373169,2.338355541229248,3.3625576496124268,2.749858856201172,common_voice_available_uk,mfa_aligned,1.7000416666666667,0.13995833333333332,0.75
[],b2784a29ae7bba8a3e2f4bc69db940dbbf917e66b5321a6b476811a0edfc92b1,6.908149242401123,0.23529411764705882,0.0,3.54,0.9657773375511169,2.8290011882781982,0,2.760632276535034,0.14705882352941177,0.5,1.0,1f1d91b9f7e3fe0a,2.66210675239563,4.620370864868164,4.226423263549805,4.286266326904297,2.760382890701294,4.083147048950195,3.3883426189422607,common_voice_available_uk,mfa_aligned,3.67,0.13,0.6666666666666666
[],bf6597dbbdfd2be286989fa98cfdb899e996f8027f9014f50fcc48177927ec8f,4.804555892944336,0.1864406779661017,0.0,4.67,0.9706636071205139,2.3682966232299805,2,2.20271372795105,0.0,0.0,1.49,982c1557c707c37b,3.2310049533843994,4.219560146331787,2.975464105606079,3.6975061893463135,2.225270986557007,3.2028346061706543,2.5051631927490234,common_voice_available_uk,mfa_aligned,5.68,1.01,0.07692307692307693
[],f54405d48375ac9c6e8928b0a726a83205151858b88c002d1d8385dc98f7959a,6.461513996124268,0.0,0.0,3.930041666666667,0.9748370051383972,2.7162680625915527,0,2.5665736198425293,0.0,0.0,1.9899583333333333,3c57bf263f27ea98,3.2056422233581543,3.6337735652923584,3.7867259979248047,3.9385526180267334,2.8076040744781494,4.469979286193848,3.198246955871582,common_voice_available_uk,mfa_aligned,4.97,1.0399583333333333,0.0
[],1c1ffdecf57f290695e9d2305d3af8d7b12113e1847a9d7950e581305afa758b,6.948031425476074,0.0392156862745098,0.0,4.59,0.9732443690299988,2.9232940673828125,0,3.3733437061309814,0.0196078431372549,0.07142857142857142,1.75,223134094e8e5ab0,3.734173059463501,4.331650257110596,4.449762344360352,4.38470458984375,2.9196715354919434,4.074098587036133,3.145111560821533,common_voice_available_uk,mfa_aligned,5.46,0.87,0.14285714285714285
"[""large_boundary_removal""]",001dd349c0b28b391d08b77631264a594a2d2834c63deda3b45e745f191e8ec0,5.69543981552124,0.0,0.0,7.9,0.9999557137489319,3.0954549312591553,2,2.8577933311462402,0.06818181818181818,0.16666666666666666,0.0,52add74227b0d21d,3.0244905948638916,3.9565629959106445,4.069068431854248,4.476251602172852,2.8740811347961426,4.585729598999023,3.160316228866577,common_voice_available_uk,review_preserved_untrimmed,7.9,0.0,0.0
[],24fc287d115c06c2a6bf92f887a13e69f435de12535a46837e4b32ec8264b37c,6.705160617828369,0.020833333333333332,0.0,4.09,0.9690603017807007,3.3312296867370605,0,3.7334742546081543,0.041666666666666664,0.2727272727272727,2.01,94a9ab653ca83902,3.3900701999664307,4.649309158325195,4.385133743286133,4.126376152038574,3.2331173419952393,4.573301315307617,3.7692019939422607,common_voice_available_uk,mfa_aligned,4.74,0.65,0.2727272727272727
[],cff51c0a2bb714eea5b98e8567dee7ec0284a519b5e7d1b106eaeda04c2ebb0f,4.1136651039123535,0.10526315789473684,0.0,1.88,0.932249128818512,2.260241985321045,0,2.2403934001922607,0.0,0.0,0.82,fc6ff47c2e709833,1.7947156429290771,4.217209815979004,2.8624846935272217,2.1928725242614746,1.9915947914123535,3.4523870944976807,2.8998236656188965,common_voice_available_uk,mfa_aligned,2.05,0.17,0.3333333333333333
[],66f3296934e240814b375405ff28c08bcd68b0a404893dabe7d71f52466095ac,6.203336238861084,0.024390243902439025,0.0,3.18,0.9601790904998779,2.583728790283203,0,2.678581714630127,0.0,0.0,1.5,347243982690b318,2.683271646499634,4.3723907470703125,3.4421064853668213,4.163066864013672,2.3660106658935547,2.7960076332092285,2.72853946685791,common_voice_available_uk,mfa_aligned,3.79,0.61,0.1111111111111111
[],d70ec50ca74cb6f16b08e8d304e2a7c1d50a1e96dc859521cc5d944c4a78af0f,5.462285041809082,0.02631578947368421,0.0,6.11,0.9670525789260864,2.821112632751465,0,2.6378865242004395,0.0,0.0,1.75,d8e32e33e5c1df29,4.011013984680176,3.8906917572021484,3.538731575012207,4.048836708068848,2.952122926712036,3.368823528289795,3.3976900577545166,common_voice_available_uk,mfa_aligned,6.57,0.46,0.14285714285714285
[],e745e208c1b2063408a8e00a25b58917bd1f4271be078fde89ce70e99945fd2b,5.779489040374756,0.0,0.0,6.2,0.9813190698623657,2.378180503845215,0,2.3827948570251465,0.0,0.0,1.82,a6c984dd79145032,2.1865854263305664,4.674298286437988,3.5408287048339844,3.876652717590332,2.4285871982574463,3.3587677478790283,3.16603684425354,common_voice_available_uk,mfa_aligned,6.65,0.45,0.0
[],14871ee6ca270f5e6ff8da33a10d301c0fc861d46f98434cbe49b1adee219ef1,5.809020042419434,0.09615384615384616,0.0,3.91,0.9766721725463867,3.5092873573303223,1,3.5425729751586914,0.0,0.0,1.39,7670a5b617e193e2,3.1745612621307373,3.3417749404907227,3.160583734512329,3.5761892795562744,3.04081130027771,3.641960620880127,3.0666050910949707,common_voice_available_uk,mfa_aligned,4.55,0.64,0.2222222222222222
[],52b24f75531d979445e9d693119e6acd657c610282dc0d8665ca61a2b76a4932,6.093702793121338,0.02702702702702703,0.0,2.9000416666666666,0.9929119348526001,2.46445631980896,0,2.532140016555786,0.0,0.0,0.5599583333333333,5079e636f7eeb344,3.5250329971313477,3.8811569213867188,3.6758549213409424,3.263970375061035,2.46760892868042,4.199615478515625,2.8352184295654297,common_voice_available_uk,mfa_aligned,2.91,0.009958333333333333,0.125
[],ceac853c7319fbe97415fc36e5717594c5f791c08d155233421563a8c7cbf624,5.314287185668945,0.02857142857142857,0.0,5.13,0.9799513816833496,2.602678060531616,2,2.520066261291504,0.0,0.0,1.21,b48e8f5f23dbf821,4.059460639953613,4.080776214599609,3.2894463539123535,3.9907989501953125,2.6698944568634033,3.180234432220459,3.191438674926758,common_voice_available_uk,mfa_aligned,5.62,0.49,0.21428571428571427
[],d85e491f4de7c8d8ab93312711ccd62c4f6ae7a09bd41aa6dcee3468fb0c54eb,3.8119723796844482,0.1,0.0,3.0100416666666665,0.9599234461784363,1.814591646194458,0,2.2117838859558105,0.0,0.0,0.9499583333333333,49b0c44ecf616df0,2.344977378845215,3.8953585624694824,3.8847544193267822,2.64558482170105,2.037684440612793,2.590053081512451,2.3357152938842773,common_voice_available_uk,mfa_aligned,3.09,0.07995833333333334,0.2
[],ce8c9264be8226ea2e658c3477b14dc850da878f52a261c0c17841b4bfd18dc8,6.763322353363037,0.0,0.0,3.68,0.9714480638504028,3.9693541526794434,0,4.01768684387207,0.0,0.0,1.8,2543d525814a0e4d,4.147928237915039,4.562980651855469,4.403905391693115,3.9725587368011475,3.4523439407348633,4.271755218505859,3.98022198677063,common_voice_available_uk,mfa_aligned,4.56,0.88,0.0
[],68f33f41459ed74294089c3cfd9a25b3651adf79d8a3cabe6f6a8521233b9e2e,4.434905052185059,0.023809523809523808,0.0,3.29,0.9720317125320435,2.401007890701294,0,2.2897017002105713,0.0,0.0,1.19,459224798aad52a0,2.8649730682373047,3.728816032409668,3.2525947093963623,3.8162951469421387,2.2634360790252686,3.2178776264190674,2.6888251304626465,common_voice_available_uk,mfa_aligned,3.67,0.38,0.14285714285714285
[],36b6a584c2e5a54c459b9347cad901a250bcb979c87e24dbcab49d7a06a9ed64,3.995427131652832,0.30434782608695654,0.0,2.41,0.9425525665283203,2.3745615482330322,0,2.35160756111145,0.0,0.0,0.87,1f390e8837ce18f9,3.4283034801483154,3.366285562515259,3.503804922103882,2.3138411045074463,1.9918599128723145,3.964582920074463,2.3380753993988037,common_voice_available_uk,mfa_aligned,2.82,0.41,0.5
[],fe62eb0bbae473a33b8d3be62a627320a20700c160376afed1291afd71f45167,5.7688069343566895,0.04081632653061224,0.0,4.15,0.976681649684906,2.4831533432006836,0,2.3483517169952393,0.0,0.0,1.25,183485db68701b82,3.23903226852417,3.7164573669433594,3.675013303756714,3.685120105743408,3.0459840297698975,3.909825563430786,3.386701822280884,common_voice_available_uk,mfa_aligned,4.72,0.57,0.15384615384615385
[],073ac63bdfc48396f5ba5854f84ff36ae67e83495571256115b214735922a700,6.8345794677734375,0.0,0.0,3.36,0.97503262758255,2.79671573638916,0,3.2655954360961914,0.0,0.0,1.3,f83a422bcce4495a,3.015416145324707,4.441211700439453,4.131921768188477,3.5838394165039062,2.9342710971832275,3.9604313373565674,3.3431813716888428,common_voice_available_uk,mfa_aligned,3.71,0.35,0.0
[],44a979be9a01a14f1c6aa3a91250a0a66e5b4848b8223ec0712c00d1d0e20987,3.586077928543091,0.1702127659574468,0.0,3.83,0.983699381351471,2.0038232803344727,0,2.0131137371063232,0.0851063829787234,0.14285714285714285,0.89,698677149661b1af,2.3939945697784424,4.079179763793945,2.5832536220550537,2.092164993286133,1.892085075378418,2.9633243083953857,2.4015305042266846,common_voice_available_uk,mfa_aligned,4.06,0.23,0.21428571428571427
[],9db8499969fa171b4310ca5da2d344c55db2de9b7b266a7fd1590bcb364a06de,6.758504867553711,0.07272727272727272,0.0,3.97,0.9593687057495117,2.864556074142456,2,3.0349414348602295,0.01818181818181818,0.1111111111111111,1.43,a216b947907cd6e3,3.4658875465393066,4.410747051239014,3.1835222244262695,3.9795141220092773,2.9730002880096436,3.946216106414795,3.530250072479248,common_voice_available_uk,mfa_aligned,4.54,0.57,0.2222222222222222
[],df8171e4fe6f36d12966d7a3e493d1b5e6a97845e5875814f500cae39902e6f0,4.158262252807617,0.013888888888888888,0.0,5.44,0.986703634262085,1.829188346862793,0,2.152219295501709,0.0,0.0,0.8,1958758f315c6fed,1.8835227489471436,3.8294670581817627,3.5787994861602783,2.5347204208374023,1.6438181400299072,3.1635613441467285,2.0536234378814697,common_voice_available_uk,mfa_aligned,5.9,0.46,0.07142857142857142
[],756df7aaad5f52d5db168bf92b054ce5459d7406e9b9b1bdd517553d0227cef0,6.31083869934082,0.0,0.0,2.81,0.9654886722564697,3.2003655433654785,0,3.407184362411499,0.0,0.0,1.01,fbb09073bf2bc113,2.7042529582977295,4.536744594573975,3.8830037117004395,3.652188301086426,2.8834469318389893,4.327365875244141,3.3711466789245605,common_voice_available_uk,mfa_aligned,3.07,0.26,0.3333333333333333
[],6d994e42a9c31cb18fcc45db9933ce63f217c27a9f81e3b6ec16ad9e7369f826,5.873937129974365,0.03125,0.0,3.59,0.9600110054016113,2.753643274307251,3,3.19860577583313,0.0,0.0,1.31,8642f3af30e2913b,3.442361831665039,4.203723907470703,3.356959342956543,4.021970272064209,2.827877998352051,3.0372447967529297,3.3662400245666504,common_voice_available_uk,mfa_aligned,4.25,0.66,0.2857142857142857
[],61dd65e27ab078b34a0d8fb7e69371f8f732e956973327dbfdb6aa931f225ca3,6.980424880981445,0.0,0.0,2.31,0.9251551032066345,2.943429946899414,0,2.990030527114868,0.0,0.0,1.19,e140008b97e6c254,3.131840944290161,4.357030868530273,4.365957260131836,4.565568923950195,2.906949996948242,3.913292169570923,3.0653514862060547,common_voice_available_uk,mfa_aligned,2.67,0.36,0.0
[],25b0363c3798a0d4d283c0708fe988666c68a355670798048bb6ad7fb27f80bf,6.587243556976318,0.21052631578947367,0.0,1.82,0.9472692012786865,3.024768590927124,0,2.899552583694458,0.0,0.0,1.24,7e7f6a0e8e4dcbb7,2.7024078369140625,4.60459041595459,3.7468464374542236,4.175065040588379,3.06998610496521,3.528409719467163,3.5080161094665527,common_voice_available_uk,mfa_aligned,2.4,0.58,1.3333333333333333
[],1db3d1c51ce4e1afe6b83c47e18b286b95425f55b707ce6c8a7cd62a57fa5e25,7.375643730163574,0.0,0.0,4.39,0.9860144257545471,3.2480812072753906,4,3.7803754806518555,0.0,0.0,1.17,3e1b6ee9cf5311cb,3.6457111835479736,4.517695426940918,3.678338050842285,3.7072861194610596,3.2547292709350586,3.9691429138183594,3.7456274032592773,common_voice_available_uk,mfa_aligned,4.77,0.38,0.0
[],ab6fa13058142ae2c0c1085e07cc04c3462e10b3218a2887455e5a7b73489102,5.009553909301758,0.0,0.0,2.32,0.9320812821388245,2.678955316543579,0,2.9720404148101807,0.0,0.0,1.1,d6416741c85c4c37,2.4006564617156982,4.292523384094238,3.1167378425598145,4.289272785186768,2.3483505249023438,3.200939178466797,2.68876051902771,common_voice_available_uk,mfa_aligned,3.04,0.72,0.0
[],4db6d149702d6cd97dc9e4a47afed269f9405bc9e10df49d8b9850202226cfe2,6.76497220993042,0.0,0.0,2.39,0.9173329472541809,3.0759127140045166,0,3.425550937652588,0.0,0.0,1.25,2604105ea068dbc6,3.82892107963562,3.1433417797088623,3.4160654544830322,4.169619560241699,3.080944299697876,4.756508827209473,3.559635877609253,common_voice_available_uk,mfa_aligned,2.95,0.56,0.0
[],49e561b3bb9b3b5ea668afa8e7c84abeb515d36357c0831766609bba0c732f6f,5.714010715484619,0.0,0.0,2.17,0.9563543200492859,3.2609550952911377,0,3.2888734340667725,0.0,0.2857142857142857,1.43,936349caad0d2f31,3.1605329513549805,3.913531541824341,3.5245299339294434,3.701101064682007,2.8998966217041016,4.518917083740234,3.315290689468384,common_voice_available_uk,mfa_aligned,2.65,0.48,0.2857142857142857
"[""large_boundary_removal""]",09d89dc5fc1b90f4b9368af1e39cee44ba485fde02f12f2ff74bbdcc9152e6b9,4.073540687561035,0.0,0.0,2.14,0.9999918341636658,2.535433769226074,1,2.5307669639587402,0.0,0.0,0.0,c5ba9a29d9559e4e,3.4731059074401855,4.126193046569824,3.3288075923919678,3.0236403942108154,2.535433769226074,2.817239761352539,3.1994447708129883,common_voice_available_uk,review_preserved_untrimmed,2.14,0.0,0.0
[],808681331c606e6a9fd587ed33520fcb0675a683f24c9779923849661d68bff2,3.732239007949829,0.030303030303030304,0.0,3.1500416666666666,0.9501809477806091,1.9301302433013916,0,1.9272801876068115,0.0,0.0,1.2499583333333333,92cf71770b640932,2.6070327758789062,4.442326545715332,2.732121467590332,1.8406596183776855,1.8147797584533691,3.7087695598602295,2.5160398483276367,common_voice_available_uk,mfa_aligned,3.49,0.3399583333333333,0.14285714285714285
[],08826cfede725da9e63d28efe9ec6e4784d04f7bec77806fe72ba75f4979cf85,5.19799280166626,0.1,0.0,1.9400416666666667,0.9032942056655884,2.447678804397583,0,2.563239336013794,0.05,0.2,1.5799583333333334,ee243b80f8d270bc,3.305290699005127,3.599743127822876,2.733132839202881,3.774561882019043,2.5860791206359863,4.046939849853516,3.489839792251587,common_voice_available_uk,mfa_aligned,2.5100416666666665,0.57,0.4
[],3a5fa4982f4ee8f84a5bc2d5cf383d3de136564b4da51cd28bd04378fec95234,7.237484931945801,0.0,0.0,2.27,0.9530283212661743,2.9999940395355225,0,3.1487138271331787,0.0,0.0,1.77,e65825d92c96e85c,3.5704617500305176,3.952472686767578,3.582322597503662,3.88970685005188,3.107642412185669,4.034875392913818,3.4775843620300293,common_voice_available_uk,mfa_aligned,3.24,0.97,0.0
[],70d1b2e036c7d409a05b3eedc1c2cac6dd9d3c4fa6c378475ae0e241f7fa1870,6.286191940307617,0.0,0.0,3.33,0.9828495383262634,2.6934707164764404,0,2.9526076316833496,0.0,0.0,1.07,9d8a687bbf269efe,3.9139225482940674,4.169121742248535,3.5616486072540283,3.722214937210083,2.9566447734832764,3.787949323654175,3.327333688735962,common_voice_available_uk,mfa_aligned,3.61,0.28,0.0
[],eb5462a13c38d17e0eb7fb3eb2240461213de321e6820de1b117c594649191c8,5.948020935058594,0.0,0.0,3.5500416666666665,0.9678851366043091,2.3542733192443848,0,2.318509340286255,0.0,0.0,1.1099583333333334,09f874e3e1198079,3.2572412490844727,3.763429880142212,3.603740692138672,3.072951316833496,2.553041458129883,3.494269371032715,2.8166704177856445,common_voice_available_uk,mfa_aligned,3.8,0.24995833333333334,0.0
[],f83044c2147a2eefb65fbc3ce611943080887f2ecbc8ce3413a2840b624dff15,5.521234512329102,0.016129032258064516,0.0,4.55,0.9889776706695557,2.4519119262695312,0,2.584848403930664,0.0,0.0,0.93,7dbdb0f73921e411,2.7657692432403564,4.656991958618164,3.7706048488616943,4.356496810913086,2.764296531677246,2.9125194549560547,3.198622941970825,common_voice_available_uk,mfa_aligned,5.24,0.69,0.1
"[""large_boundary_removal""]",cd8507e5a4948ecb201cbaafabaaf2a7eff24c1a59bd64c5fb626573d99fd823,6.837973594665527,0.0,0.0,3.64,0.999994695186615,2.7007863521575928,0,2.7532501220703125,0.0,0.0,0.0,e073bf83b39678d8,3.914402484893799,3.824335813522339,3.556069850921631,4.243840217590332,2.814321517944336,4.519923210144043,3.1041321754455566,common_voice_available_uk,review_preserved_untrimmed,3.64,0.0,0.0
[],c6d340c603e38ac788c73bd3baae1541fbf9b03529fe0d1adc858305de8c4cce,6.164230823516846,0.0,0.0,2.12,0.9695878624916077,2.3982579708099365,0,2.906561851501465,0.0,0.0,1.12,4b22ce3678eb514b,3.2854623794555664,3.094703197479248,3.8597729206085205,3.943415641784668,2.358336925506592,4.062157154083252,2.5039193630218506,common_voice_available_uk,mfa_aligned,2.36,0.24,0.5
[],1061427cde4f169dc1def21b1086d46983b2cf9b9b8601a646fed177851cdf33,6.387820720672607,0.0,0.0,3.12,0.9763948917388916,2.841489315032959,0,3.1519711017608643,0.0,0.0,1.46,de07ff82ae6c5dc2,3.0357255935668945,3.887972831726074,3.704272985458374,3.8449108600616455,3.07120418548584,4.060748100280762,3.697357654571533,common_voice_available_uk,mfa_aligned,4.58,1.46,0.0
[],404541c1d14062a74415b1f938a4bbd724f5532107b90eb45b8c2ed899c8d3da,6.3300299644470215,0.05,0.0,2.180083333333333,0.9796239733695984,3.0985898971557617,0,3.185530424118042,0.0,0.0,0.7399166666666667,f6c698e842cbe8fb,3.2045373916625977,3.451664447784424,4.020054817199707,4.025533676147461,2.7995855808258057,4.4493865966796875,3.1879751682281494,common_voice_available_uk,mfa_aligned,2.4900416666666665,0.30995833333333334,0.3333333333333333
[],81e82680caaf5051cb14383faff2aff7aac46b78d14f227c59322438f1e0624a,7.243659496307373,0.0,0.0,3.51,0.9929169416427612,3.994077444076538,0,3.5024147033691406,0.0,0.0,0.49,738b587122caeb66,4.636188507080078,4.879364490509033,3.462291717529297,4.5817694664001465,3.5858192443847656,4.688417434692383,4.3201775550842285,common_voice_available_uk,mfa_aligned,3.91,0.4,0.0
[],31682ca96f1cd972a04acc97aee3f097ff252649a25340240133f370c73f3771,5.749597072601318,0.0975609756097561,0.0,4.13,0.9886098504066467,2.9794654846191406,0,3.274965763092041,0.04878048780487805,0.125,1.13,a540167ea41f6956,3.6837730407714844,3.8669464588165283,4.125932216644287,3.6103835105895996,3.0085055828094482,4.075201034545898,3.578756809234619,common_voice_available_uk,mfa_aligned,4.42,0.29,0.5
[],461487d12ab7b0e5e9abdf9dd46a1c2e433eb0dd97de66ed3aa3ca6bf211637a,6.576287746429443,0.0,0.0,2.4,0.9450384378433228,3.037773370742798,0,3.1627280712127686,0.0,0.0,1.32,04ebfca283f7b979,3.8338980674743652,4.181825637817383,3.8223438262939453,3.6800148487091064,2.9307258129119873,4.109900951385498,3.327848434448242,common_voice_available_uk,mfa_aligned,3.11,0.71,0.0
[],c1bd8d7a3e28db31721c61becb1218f66cbc3db364ea687148a11bf96817c9d2,5.877253532409668,0.0,0.0,1.5300416666666667,0.8314632773399353,2.4733662605285645,0,2.5882821083068848,0.2,0.5,1.2499583333333333,8600fde5ece1e1ce,3.342613458633423,3.863171339035034,3.362062692642212,3.4301598072052,2.582012414932251,3.7873528003692627,2.910898447036743,common_voice_available_uk,mfa_aligned,1.87,0.3399583333333333,0.0
[],1dcc770aff007a79a8f0a9bd058e9ee9bfc67405b69a9ada3b9acf4c71849548,6.69976282119751,0.0,0.0,2.95,0.9623314142227173,3.43015456199646,0,3.53585147857666,0.0,0.0,1.49,a2bc03280fea1efd,3.198402166366577,4.814050674438477,4.065485954284668,4.110870361328125,3.5175485610961914,4.409364700317383,3.898834705352783,common_voice_available_uk,mfa_aligned,3.8,0.85,0.0
[],5a92d5f381ac6d44f5a9fdf48f9eb747bb61f25da15a6fedb93fdcc385bb3d25,6.700201511383057,0.0,0.0,3.84,0.9853501319885254,2.918595552444458,0,2.738523006439209,0.0,0.0,0.82,190cf023178e4b18,3.4820618629455566,3.8131160736083984,3.9895105361938477,3.5653820037841797,2.8574845790863037,3.6632602214813232,3.182373523712158,common_voice_available_uk,mfa_aligned,4.08,0.24,0.0
[],45bdda995dc15eecb8ef5ef571c7988b78b5332d687efa2aadd5eb3464bee9a4,6.629760265350342,0.02631578947368421,0.0,4.89,0.9177749156951904,3.2652950286865234,0,3.270273447036743,0.05263157894736842,0.3333333333333333,3.03,f2bf7d3764df7fd5,4.2324724197387695,4.527246475219727,4.435500144958496,4.322239398956299,3.751427173614502,4.728808403015137,4.094808578491211,common_voice_available_uk,mfa_aligned,6.66,1.77,0.3333333333333333
[],61cfc9e35b61d7caeb69b30ff8e1a9ac9267b36c840c7cb98c34f9261bba8916,4.022791385650635,0.0,0.0,2.09,0.9576843976974487,2.0661139488220215,3,2.622591257095337,0.0,0.0,1.01,ff34d3911b4d2db0,2.5836853981018066,3.2788662910461426,2.540562391281128,4.263001441955566,1.8923780918121338,3.255471706390381,3.3603599071502686,common_voice_available_uk,mfa_aligned,2.88,0.79,0.0
[],6dc1cd26e6cca01b56030549ba00dc597d205e6fad003c725324eec2c9e912a1,6.5535783767700195,0.0,0.0,4.38,0.9351222515106201,3.562875509262085,0,3.6052138805389404,0.0,0.0,0.88,e27c556ac0c8b09a,3.7898504734039307,4.822941780090332,3.839226245880127,4.397570610046387,3.5953619480133057,3.7883694171905518,4.122530460357666,common_voice_available_uk,mfa_aligned,4.68,0.3,0.0
[],d33bd4312146c6404d4afde6fe38bb16f98340b9ea3841a9f5b4a126cc927282,5.926600933074951,0.08333333333333333,0.0,4.16,0.9816978573799133,2.4662532806396484,3,2.587193727493286,0.020833333333333332,0.14285714285714285,1.68,3259a8bb7087bd10,2.9645965099334717,3.9596288204193115,3.249077081680298,2.8659894466400146,2.268806219100952,3.6449856758117676,2.6079938411712646,common_voice_available_uk,mfa_aligned,4.8,0.64,0.5714285714285714
"[""large_boundary_removal""]",f59c7cd7e918a5c8982cdcc0d184acac4e6dfcb62b784d1be598dc5a2868bc5d,6.6950578689575195,0.0,0.0,4.08,0.999991238117218,2.9192845821380615,1,3.1860198974609375,0.0,0.0,0.0,a8f8f18e9e73e8b1,2.8970131874084473,4.276617050170898,3.6076762676239014,3.9384536743164062,3.201000213623047,3.7453057765960693,3.6934595108032227,common_voice_available_uk,review_preserved_untrimmed,4.08,0.0,0.0
"[""unknown_phone"", ""unsupported_transcript_tokens""]",92a9b2d542cff2123d1bcfe560b00cb60e3485ee591039c1d5cdf62ab8d801e8,4.94514274597168,0.14285714285714285,0.0,2.86,0.9999784231185913,3.3933560848236084,0,2.909571886062622,0.0,0.0,0.0,cf62baa6bea3511c,3.7007322311401367,3.843674659729004,3.5664966106414795,3.7044625282287598,2.9040324687957764,4.176888465881348,3.2590837478637695,common_voice_available_uk,review_preserved_untrimmed,2.86,0.0,0.6666666666666666
[],3b4a835b6f12368e55c355a0983d730ecbe34d824a59653615b550cda696289d,5.141002178192139,0.021739130434782608,0.0,4.69,0.9519948959350586,3.000067949295044,4,2.8194761276245117,0.0,0.0,1.91,24a43c098e24f6d3,2.78205943107605,3.977795124053955,3.253227472305298,4.002133369445801,2.6837494373321533,3.551614284515381,3.136974811553955,common_voice_available_uk,mfa_aligned,5.41,0.72,0.1111111111111111
[],4531abef79afa7973ed2f6b7a987710b1adff8364dd891a288754f28f112cfe2,5.525390625,0.0625,0.0,4.3,0.9741580486297607,3.109982490539551,1,3.242422580718994,0.0,0.0,1.32,ab87cc7022597587,3.8322885036468506,4.0597639083862305,3.9261648654937744,4.584916114807129,3.3122670650482178,3.8424930572509766,3.8967537879943848,common_voice_available_uk,mfa_aligned,4.9,0.6,0.2857142857142857
[],4b88dc9b1a751a273c1671b5d6c8e4afbe4b84ed4c5a2b69131b6f1526687303,5.014655113220215,0.0,0.0,2.75,0.9362474679946899,2.6469151973724365,3,2.844057083129883,0.0,0.0,2.01,2bd6ff5c75a47b3c,3.1315691471099854,4.06872034072876,3.9404172897338867,3.615483045578003,2.659827470779419,3.2448132038116455,2.891982316970825,common_voice_available_uk,mfa_aligned,3.51,0.76,0.0
[],06fc26e0c32fb729c02783298340170c14f287bccece9ee8c485f9cdd748631f,5.483427047729492,0.0,0.0,6.12,0.9862993359565735,1.9596545696258545,0,2.2977705001831055,0.0,0.0,1.12,25e5c2a8d846a852,1.7718510627746582,4.2336320877075195,3.112365484237671,4.248653888702393,2.1458871364593506,3.4453256130218506,2.4808812141418457,common_voice_available_uk,mfa_aligned,6.75,0.63,0.0
[],1ce0359bab0a6dd834419aba979e8f48bb4c88dd2b43e23a264e7c7fe6de9a9c,5.351029396057129,0.14814814814814814,0.0,2.24,0.9333373308181763,2.567638397216797,0,3.012345790863037,0.0,0.0,1.3,418a9b5fbccf4410,3.609264373779297,4.1257004737854,4.0411481857299805,3.1108973026275635,2.2985897064208984,4.390510559082031,3.0975723266601562,common_voice_available_uk,mfa_aligned,2.89,0.65,0.2
[],46ddfcf3ec9a06b7291d26d3d650b5ce70fd6e1defbd3798e172156a50ab9f57,6.862728595733643,0.0,0.0,3.19,0.9773604869842529,2.6697499752044678,0,3.119849681854248,0.0,0.0,0.89,ac78771565774557,3.0335631370544434,4.5014190673828125,3.834257125854492,4.082638740539551,2.5341694355010986,4.173037528991699,2.8752589225769043,common_voice_available_uk,mfa_aligned,3.58,0.39,0.0
[],dace5a761b8142fc5f4db340ddbb276346605891a4cd35fd853b96d05cfba86a,4.92399787902832,0.0,0.0,2.93,0.9633290767669678,2.7764265537261963,0,2.6930313110351562,0.0,0.0,1.01,248a9b242b97ecd0,2.928395986557007,3.9992802143096924,2.9333271980285645,3.5911388397216797,2.802746534347534,3.452942132949829,3.4147515296936035,common_voice_available_uk,mfa_aligned,3.54,0.61,0.0
[],26f2e39f57c4de49f81539152bbc3af6ec6cafeb2d9c0527f4ee4781643b6dab,5.916762828826904,0.0,0.0,2.48,0.8679794073104858,2.2656705379486084,2,2.114504814147949,0.0,0.0,1.2,9de8e4748ff30aa1,2.8731539249420166,4.1003031730651855,3.507171392440796,4.196925163269043,2.2033464908599854,3.1670873165130615,2.4834489822387695,common_voice_available_uk,mfa_aligned,3.29,0.81,0.0
[],c72b3312495fdf5da1ff055d7e756628c1c8f8f644fbae93e15b62d88d0e918d,6.046099662780762,0.02857142857142857,0.0,3.74,0.9713674783706665,2.7933218479156494,0,2.9008641242980957,0.0,0.0,1.48,0ea058639601775d,3.6233103275299072,3.7553858757019043,3.689007520675659,4.264012336730957,2.7767043113708496,3.6362922191619873,3.1912872791290283,common_voice_available_uk,mfa_aligned,4.29,0.55,0.1111111111111111
[],354a20affe80cfb63cfba4ddacffb3fe636fbf5c2cbc429d41d7cc55f8088f11,6.575852394104004,0.0,0.0,2.89,0.9522051811218262,2.754182815551758,0,2.775181770324707,0.0,0.0,1.29,8ff70b5855192e81,3.4731507301330566,4.186959266662598,3.740926504135132,4.275240898132324,2.8630213737487793,3.679596185684204,3.563947916030884,common_voice_available_uk,mfa_aligned,3.25,0.36,0.0
[],463723d1cda1750746c66f9d096423ea172fe0558d7969f8c07572db16b10d6f,6.894962787628174,0.0,0.0,2.4600416666666667,0.909310519695282,3.025003671646118,1,3.0161240100860596,0.0,0.0,2.0399583333333333,97b30e2faa6675a7,3.6845293045043945,3.389221429824829,3.8373589515686035,3.8411026000976562,3.080341100692749,4.2164201736450195,3.330017328262329,common_voice_available_uk,mfa_aligned,3.59,1.1299583333333334,0.0
[],8d7c33a40120ae5b449a2667fc16bb5b9da757a4278390a87a9f7c6e3815725a,5.102852821350098,0.0,0.0,2.15,0.8954113125801086,2.9417524337768555,0,2.2956531047821045,0.05555555555555555,0.5,1.09,7b859444522a56d6,3.1282243728637695,3.491276979446411,3.1345505714416504,4.2058868408203125,2.5011117458343506,3.3333470821380615,2.8820836544036865,common_voice_available_uk,mfa_aligned,2.99,0.84,0.0
[],0b6f30434c4331bff4f743174b7b889563d557a522e09f769b168f0346f9c272,4.266297817230225,0.0,0.0,1.98,0.9415595531463623,3.282951831817627,0,3.2924845218658447,0.0,0.0,1.2,67984f788bbcdd8d,2.4671249389648438,3.9137063026428223,3.6866419315338135,3.038451671600342,2.1442677974700928,3.518584728240967,3.8882062435150146,common_voice_available_uk,mfa_aligned,2.46,0.48,0.0
[],7d5a4eb5df36e34baa96521ea42afb21493087ef8ddaf3c615364ee0517d8c0f,6.44896936416626,0.02702702702702703,0.0,3.76,0.973499059677124,2.672109842300415,0,2.692415952682495,0.05405405405405406,0.25,1.64,16ae0891ea877b7e,3.466042995452881,4.218114852905273,4.074582099914551,3.811647653579712,2.9286742210388184,3.82232928276062,3.675968647003174,common_voice_available_uk,mfa_aligned,4.2,0.44,0.125
[],2a164858f5e5cd96e8c6178c61033c381e57c9305969bd5a97daca645461153f,5.846339225769043,0.046511627906976744,0.0,5.35,0.9890358448028564,2.921762228012085,0,2.7875397205352783,0.0,0.0,1.29,0f729ca38c51f5da,3.7011990547180176,3.8831369876861572,3.5230774879455566,4.344910144805908,3.061542272567749,3.4096198081970215,3.262193441390991,common_voice_available_uk,mfa_aligned,5.75,0.4,0.1111111111111111
[],e2c2a19c7a3f027c30952d6a6dae94cdc98ffd9bf13a8fa5fe531b4215c8443d,6.708531856536865,0.04081632653061224,0.0,3.98,0.9964351058006287,3.6784965991973877,0,3.94094181060791,0.0,0.0,0.38,e5e3dcf80a7a02be,3.8763303756713867,4.063723564147949,4.158337593078613,4.192392349243164,3.6748008728027344,4.107619285583496,3.868074655532837,common_voice_available_uk,mfa_aligned,4.27,0.29,0.2
[],c50c316e51fedc2c12b0324bc10a5756b43f5324ea79abb1d62aedc1fee3f3f2,6.564220428466797,0.024390243902439025,0.0,3.51,0.9718049764633179,3.17919659614563,0,3.4520797729492188,0.024390243902439025,0.2222222222222222,1.15,911fb24b28518351,3.516094923019409,3.5631091594696045,3.816558361053467,3.8192083835601807,2.908952474594116,3.9707672595977783,3.2139387130737305,common_voice_available_uk,mfa_aligned,3.99,0.48,0.2222222222222222
[],703fa7b3c9187aad9f78464bf1a594c04d0256d802b93e4e11448724d8e618d3,6.679884910583496,0.0,0.0,2.46,0.9345740079879761,3.7232468128204346,3,3.3153164386749268,0.0,0.0,1.84,844aa12bcd11ccdb,3.6293439865112305,4.5876970291137695,4.318902969360352,4.365289688110352,3.601996660232544,4.449458122253418,4.05579948425293,common_voice_available_uk,mfa_aligned,3.15,0.69,0.0
[],8d423553082aa158ddc8c3b1d3866c2f321616b1cb58ef4216e33be95796d947,6.263286113739014,0.017543859649122806,0.0,5.1,0.9850170016288757,2.928358554840088,0,3.3554751873016357,0.0,0.0,1.5,959a1c6cab14e4d4,3.6144661903381348,3.4748449325561523,3.637040615081787,3.8434205055236816,3.0073635578155518,4.5213727951049805,3.5059196949005127,fleurs_uk,mfa_aligned,5.94,0.84,0.1111111111111111
"[""unknown_phone"", ""unsupported_transcript_tokens""]",235f444eda5afd0514841d4fa2e35f57322d1a3dd845187d1b36d3b046b5c2af,6.230490684509277,0.0975609756097561,0.0,9.72,0.999794602394104,2.762816905975342,8,3.2513768672943115,0.0,0.0,0.0,fefd0259ff637326,3.1910815238952637,3.5793349742889404,3.2570815086364746,3.3621091842651367,2.8916518688201904,3.890195369720459,3.3292324542999268,fleurs_uk,review_preserved_untrimmed,9.72,0.0,0.07692307692307693
[],81e0cfcf0fff65bf6b83f6d397970066743904e1a8287042bf31fbda7593801a,6.678123474121094,0.0,0.0,4.320041666666667,0.9930097460746765,3.2313568592071533,0,3.0032799243927,0.0,0.0,0.8399583333333334,a381bc8d75f3eb60,3.437483549118042,3.389406681060791,3.4364590644836426,4.161822319030762,2.660465717315674,4.485533714294434,3.051300525665283,fleurs_uk,mfa_aligned,4.66,0.3399583333333333,0.0
[],7108feecaab05469ecba154dd9d578688aeb941213b0a6d4b053c46b9b29a305,6.413076400756836,0.0,0.0,5.57,0.9945240616798401,2.938464403152466,0,3.220578193664551,0.0,0.0,1.15,5558b228f9fb7124,4.059183597564697,4.094898223876953,4.161962509155273,3.7559702396392822,3.2394144535064697,4.526147842407227,3.5061025619506836,fleurs_uk,mfa_aligned,6.08,0.51,0.0
[],908f5119c9c560a5f3cce91c1e02cc7200302a8ec554bdee3b157bcc55c883be,6.563652992248535,0.018518518518518517,0.0,9.5,0.9913402795791626,2.724224090576172,3,3.141678810119629,0.018518518518518517,0.11764705882352941,1.66,b30673863ffb037d,3.0757229328155518,3.489149332046509,3.627859354019165,2.9142937660217285,2.7673730850219727,3.5636727809906006,3.264707565307617,fleurs_uk,mfa_aligned,9.99,0.49,0.11764705882352941
[],37382365eab16a7051880d9d7e39cf2d892be03733427925c95bd6a8073574e9,6.496434211730957,0.07462686567164178,0.0,5.36,0.9883662462234497,3.1540753841400146,4,3.354055166244507,0.014925373134328358,0.1111111111111111,1.24,c5b7866904cce653,3.653001070022583,3.0145199298858643,3.446621894836426,4.083522796630859,2.4888229370117188,4.265224933624268,2.738476276397705,fleurs_uk,mfa_aligned,5.73,0.37,0.3333333333333333
"[""unknown_phone"", ""unsupported_transcript_tokens""]",cbad5141e0fbc8cbe9e3aef3c5c5883b805da83dea92350e35cf67ae7f4a7279,7.32792854309082,0.0,0.0,10.68,0.9994710087776184,3.0116665363311768,1,3.648552894592285,0.1,0.14285714285714285,0.0,c832793e984ec4ad,3.570159435272217,4.073724269866943,4.657542705535889,3.983123779296875,3.1676621437072754,4.348202705383301,3.4547972679138184,fleurs_uk,review_preserved_untrimmed,10.68,0.0,0.0
"[""unknown_phone"", ""unsupported_transcript_tokens""]",c4d8360891253d5bc98cc46f3048b513fc27e3a855648a4f33edf2bc5382c9c3,7.266234397888184,0.06493506493506493,0.0,17.28,0.9994491934776306,3.002243995666504,8,3.244079113006592,0.045454545454545456,0.12903225806451613,0.0,f74bd666161897df,3.682114601135254,3.425006866455078,4.165746212005615,3.5484917163848877,2.9911370277404785,4.0861287117004395,3.434445381164551,fleurs_uk,review_preserved_untrimmed,17.28,0.0,0.0967741935483871
[],2bc5668ce1d1077fa6f0bca4589b07b4becb82d7a4f22c25dbf36b09570fee55,7.313087463378906,0.0,0.0,9.93,0.9940325617790222,2.8076424598693848,0,2.85858416557312,0.0,0.0,1.89,a90e40527649a849,3.0845158100128174,3.612910032272339,3.091895580291748,3.543365716934204,2.7889935970306396,4.111083030700684,3.3809762001037598,fleurs_uk,mfa_aligned,10.43,0.5,0.0
[],34541399eb55b61f87d487dd052cf579f84893de480f32e0b1a776b998d14cf3,5.804597854614258,0.0,0.0,3.75,0.9875508546829224,3.0477962493896484,0,3.367056131362915,0.0,0.0,0.99,909d184fdcd7f465,3.1993794441223145,3.553516149520874,3.3189470767974854,4.0006103515625,2.7284584045410156,4.606705665588379,3.0838546752929688,fleurs_uk,mfa_aligned,4.26,0.51,0.0
[],719f808f911f8f557263d4f2a4afd96f079304c72396939c68c35fbdcefde5f6,6.757235527038574,0.0,0.0,5.3,0.9750990271568298,2.0934300422668457,1,2.301875114440918,0.0,0.0,2.02,5037571598709644,3.4633865356445312,2.8800857067108154,3.955411672592163,3.432110071182251,2.308107376098633,3.9748308658599854,2.6814332008361816,fleurs_uk,mfa_aligned,6.17,0.87,0.0
[],a66a5ebaba517a68bc49f28cf2e8b752b39d25cdf127babac48c3010b441dcd6,6.578045845031738,0.019736842105263157,0.0,12.32,0.994338870048523,2.9356112480163574,1,2.9302587509155273,0.006578947368421052,0.041666666666666664,2.38,899793d24bd70411,3.5826222896575928,3.7111880779266357,3.415696859359741,4.033679008483887,3.071760416030884,4.5556159019470215,3.6294684410095215,fleurs_uk,mfa_aligned,13.2,0.88,0.041666666666666664
"[""unknown_phone"", ""unsupported_transcript_tokens""]",2f9691864c0cd04ee6ad6a1b4a47269b01ea6b2426dc704d2273a8683346f966,6.702488899230957,0.0,0.0,10.14,0.9998557567596436,2.746774911880493,0,2.753363609313965,0.0,0.0,0.0,715676cbceb6f9c3,3.0545291900634766,3.6381125450134277,2.929473876953125,2.7578461170196533,2.746774911880493,3.3957436084747314,2.925320625305176,fleurs_uk,review_preserved_untrimmed,10.14,0.0,0.0
[],df1f350317044fc12b306b8fa32637e11fa083be7f9013c6b43ea2095eede4e9,7.501780033111572,0.07142857142857142,0.0,11.340041666666666,0.9958481192588806,3.1084485054016113,14,3.3359639644622803,0.0,0.0,1.6199583333333334,85ca359309837202,3.9078595638275146,3.9978320598602295,4.096243858337402,4.197894096374512,3.376169204711914,3.777909994125366,3.705284833908081,fleurs_uk,mfa_aligned,11.68,0.3399583333333333,0.047619047619047616
[],abff103a0e4d7efdb8a578fc15f6f7a052a7f67282ffda7265d6e52a1365b911,6.548954010009766,0.0,0.0,9.4,0.9894192218780518,2.8318212032318115,9,3.109419107437134,0.0,0.0,2.42,2b1dd8402ce5d536,3.519427537918091,3.6906065940856934,3.177670955657959,3.810472011566162,2.9909560680389404,4.032412052154541,3.391494035720825,fleurs_uk,mfa_aligned,10.27,0.87,0.0
[],d1960df938568c9cabaa39bc347cd629f6a118122692ab728b45ef51e6e1a1cb,6.174574375152588,0.0,0.0,6.53,0.9960737824440002,2.8887743949890137,0,3.0381999015808105,0.0,0.0,1.03,2089464e1fd713a6,3.9784996509552,3.2946054935455322,3.612262010574341,3.969345808029175,2.7242133617401123,3.8343679904937744,3.2451717853546143,fleurs_uk,mfa_aligned,6.97,0.44,0.0
"[""unknown_phone"", ""unsupported_transcript_tokens""]",a6d32da718f0cdfc482dcbb163c882c67bd0aedc89bf82dade938d633532cabb,7.207801342010498,0.0,0.0,11.04,0.9995636343955994,3.123445987701416,4,3.430734395980835,0.05,0.2631578947368421,0.0,7079d2ab052b067c,3.9979918003082275,4.181303977966309,4.443637847900391,3.526707649230957,3.1071410179138184,4.467781066894531,3.6406853199005127,fleurs_uk,review_preserved_untrimmed,11.04,0.0,0.0
[],8e198dc1086d1fcbbdd7a3ba57ff5d50959db69de4ca99d932e3f9434e67c95f,5.775691032409668,0.0625,0.0,5.58,0.9845806956291199,2.539419174194336,0,2.884127616882324,0.0,0.0,1.98,fa71a8a80791f4ab,3.9705018997192383,4.308852672576904,3.015012741088867,3.655472755432129,2.506490707397461,2.8838729858398438,3.067086935043335,fleurs_uk,mfa_aligned,5.88,0.3,0.3333333333333333
[],a500e9afa4456a7282745996abc147082b5a6b830c0fd32f1bef4cd0eb820afd,6.304535865783691,0.0196078431372549,0.0,13.55,0.9975252747535706,3.0033631324768066,0,2.9078457355499268,0.032679738562091505,0.17391304347826086,1.39,6df018bdc9ae9404,3.374389171600342,3.3294970989227295,3.2044858932495117,3.864523410797119,2.7915844917297363,4.599606513977051,3.173204183578491,fleurs_uk,mfa_aligned,14.32,0.77,0.08695652173913043
[],b14437233c1bb0c1f06d60995387f2a13db8ce092c3c84ae557c69a9a334b8e2,6.593843460083008,0.01904761904761905,0.0,7.8,0.9908323884010315,2.4185221195220947,0,2.6649556159973145,0.009523809523809525,0.058823529411764705,1.68,bd9cfe27e08bb814,3.9529874324798584,3.887326955795288,2.931046962738037,2.4853010177612305,1.926645040512085,3.269352436065674,2.6332924365997314,fleurs_uk,mfa_aligned,8.66,0.86,0.11764705882352941
[],def42973019024f4e44686dd1d3b1178f1e65ec54b84a3a17cc75fe29d6d8e3e,6.453016757965088,0.0,0.0,6.6,0.9881553053855896,2.6063072681427,0,3.032992124557495,0.0,0.0,1.68,efd141fab8cb2a03,2.8678476810455322,4.028022766113281,2.9289920330047607,3.085840940475464,2.525747060775757,4.072085380554199,2.819340705871582,fleurs_uk,mfa_aligned,7.1,0.5,0.0
"[""unknown_phone"", ""unsupported_transcript_tokens""]",c718aadb663df5a562fe1575a89063f8d38bc6db4cf309aa64d48d7eeb4ccac7,6.204747200012207,0.0,0.0,18.12,0.9995957016944885,2.66736102104187,2,2.7544918060302734,0.0,0.0,0.0,fa44e451a4684ec5,3.209063768386841,3.7464311122894287,3.4120779037475586,2.8145740032196045,2.3826279640197754,3.2984628677368164,3.004009485244751,fleurs_uk,review_preserved_untrimmed,18.12,0.0,0.0
[],76657a18712034c45846da7f9787cd617dd91953a3838803cd4cb6fd6af1d96b,6.554832935333252,0.0,0.0,13.49,0.9974448680877686,2.602147340774536,0,2.5053298473358154,0.0,0.0,1.57,cbf905fca130b00c,3.077402114868164,3.73626446723938,2.96549129486084,3.5049214363098145,2.4114930629730225,4.519327640533447,2.721856117248535,fleurs_uk,mfa_aligned,14.01,0.52,0.0
[],d4d2b7a6b04f65937378a175bc2a332fa89d009a835ebdca95778ff53fb2a096,7.013783931732178,0.0,0.0,10.65,0.9808460474014282,2.752807855606079,8,2.9354755878448486,0.0,0.0,2.79,65bab893d591c920,3.1082940101623535,3.3426947593688965,3.914470911026001,3.688002824783325,2.7379865646362305,4.002599716186523,3.117889165878296,fleurs_uk,mfa_aligned,11.62,0.97,0.0
[],fa729ea58698804f1b5fa814a851953afa91b70c355b00038b3e68a3cfe4dc5c,5.257081031799316,0.0,0.0,8.47,0.9975717067718506,2.281068801879883,0,2.069657802581787,0.0,0.0,1.01,ab1b2261eb178b37,3.5322937965393066,2.9988906383514404,3.3689684867858887,3.691297769546509,2.3276565074920654,3.444106101989746,2.693495750427246,fleurs_uk,mfa_aligned,8.59,0.12,0.0
[],86f88b4e811286e27909927c070b7c504723d189749ce3894dc4785d69a7c6ad,7.479415416717529,0.020202020202020204,0.0,8.58,0.9936448335647583,2.9789347648620605,8,3.472278118133545,0.0,0.0,1.62,15e1f33a590fa5d2,3.3838045597076416,4.000548839569092,3.717216968536377,4.111758232116699,3.2641289234161377,4.408142566680908,3.610826253890991,fleurs_uk,mfa_aligned,9.22,0.64,0.13333333333333333
[],0d8bde9ae85201a0f65934d66156db530db1fc5bfc338292eec5f57fd2edc510,6.548868179321289,0.0,0.0,8.35,0.995620608329773,2.8221843242645264,0,3.147279977798462,0.0,0.0,1.25,caa96ffc8a50db0a,4.065792083740234,3.1445724964141846,2.974245309829712,3.646254062652588,2.757544755935669,4.576930046081543,3.3300857543945312,fleurs_uk,mfa_aligned,8.82,0.47,0.0
[],1a93cc563df1595ae6adfe3f3a9e824fff452ac1603746566382787bcfd653d8,6.6012396812438965,0.0,0.0,11.72,0.9978929162025452,3.656231641769409,1,3.827563524246216,0.0,0.0,1.06,53e7cf21713ad2e1,3.983811616897583,3.461702346801758,3.701575994491577,4.271490097045898,3.120941638946533,4.510564804077148,3.3775362968444824,fleurs_uk,mfa_aligned,11.99,0.27,0.0
"[""unknown_phone"", ""unsupported_transcript_tokens""]",41a49160102e7c3b08bcbb15aac4cf03641fc284af8568981dbfa95c93de880c,6.507870197296143,0.010416666666666666,0.0,11.22,0.9993992447853088,3.2637712955474854,1,3.2776432037353516,0.010416666666666666,0.058823529411764705,0.0,de98bdcd8fe80564,3.837418794631958,3.4359242916107178,4.103752136230469,4.127889633178711,2.9265811443328857,3.8316822052001953,3.395188808441162,fleurs_uk,review_preserved_untrimmed,11.22,0.0,0.058823529411764705
[],c1cbfa3d2f02214936b66c88fd8696114e603664baa306e2edec523a2c4dc4f8,6.7567548751831055,0.0,0.0,6.03,0.988998293876648,2.7647883892059326,0,2.7632076740264893,0.0,0.0,1.41,6fa4a717622444f8,3.5211403369903564,3.2545006275177,2.7809548377990723,2.998929500579834,2.4661266803741455,3.2185020446777344,2.7328133583068848,fleurs_uk,mfa_aligned,6.56,0.53,0.0
"[""unknown_phone"", ""unsupported_transcript_tokens""]",9bb56b5903718788c192501d71d49506e9dfe3e18a942e1d3673291662da3cc7,6.051204204559326,0.14035087719298245,0.0,6.84,0.9994770288467407,3.1128251552581787,0,2.51828670501709,0.0,0.0,0.0,4a4d08bebc42b317,3.2849130630493164,4.086909770965576,3.1270508766174316,3.676950216293335,2.6840953826904297,4.208154678344727,3.2870984077453613,fleurs_uk,review_preserved_untrimmed,6.84,0.0,0.3333333333333333
[],53fc27317d8d304326755e66fe6a4db3a534ddb35849971a0f8221f57dee0727,7.014835834503174,0.039473684210526314,0.0,4.71,0.981001079082489,2.7324936389923096,1,3.0771515369415283,0.05263157894736842,0.21428571428571427,1.53,d01073aaf9fe19e1,2.599142074584961,3.897951364517212,3.795841932296753,3.5675225257873535,2.549024820327759,3.3529551029205322,2.873249053955078,fleurs_uk,mfa_aligned,5.09,0.38,0.14285714285714285
"[""unknown_phone"", ""unsupported_transcript_tokens""]",10bd1b96c041cdd359fe0e70608941ca27f071d95c2333fa94c3753dc0979fc6,6.805355072021484,0.023622047244094488,0.0,17.16,0.9997724294662476,3.2524197101593018,9,3.2263567447662354,0.03937007874015748,0.038461538461538464,0.0,22a1fd4042f42034,3.1773664951324463,3.8868749141693115,3.427699327468872,3.8937571048736572,3.1523468494415283,4.352694988250732,3.637082099914551,fleurs_uk,review_preserved_untrimmed,17.16,0.0,0.07692307692307693
[],6430b298e8b27baa8dfd83cee95fb5c7a4afd28c5c0bda7ad01fb066c9a2e194,6.851375579833984,0.12307692307692308,0.0,12.9,0.9894731044769287,3.18526554107666,1,2.974071502685547,0.007692307692307693,0.045454545454545456,2.58,4738fc04a1e4189e,3.8485217094421387,3.2147650718688965,4.192907333374023,3.9207253456115723,2.772982358932495,4.174749851226807,3.2412028312683105,fleurs_uk,mfa_aligned,13.77,0.87,0.13636363636363635
[],07493a55709c18cd4e92d894d4d1e6d2aa2bc38111e5248d3d67e585f8b83cc3,6.195197105407715,0.029850746268656716,0.0,5.23,0.9923058152198792,3.0428683757781982,0,2.8478751182556152,0.0,0.0,1.37,fe393cbcd4c75050,3.4144537448883057,3.365365505218506,3.576397657394409,3.997823715209961,2.5171256065368652,4.303223133087158,2.9435739517211914,fleurs_uk,mfa_aligned,5.88,0.65,0.2222222222222222
"[""unknown_phone"", ""unsupported_transcript_tokens""]",f45b3df6d29af8bffbd52d893eaec895ec886720a2182eeea3c9218ad226f08c,6.7730512619018555,0.0,0.0,10.08,0.9998973608016968,2.9685404300689697,11,3.1567342281341553,0.011627906976744186,0.06666666666666667,0.0,c3f42dd599b43df9,3.695295572280884,3.8474912643432617,3.3814027309417725,3.814088821411133,3.2118332386016846,4.628026008605957,3.817615270614624,fleurs_uk,review_preserved_untrimmed,10.08,0.0,0.0
[],28ab71bd86deafe61daac898a474100be5779858f326c53c31c0c815fc9f07de,6.0896077156066895,0.0,0.0,4.14,0.9754241108894348,2.2877414226531982,0,2.4870593547821045,0.0,0.0,1.5,c990d6277b807d72,2.8808085918426514,3.4444026947021484,3.086591958999634,3.702507972717285,2.1245551109313965,4.630832672119141,2.2365987300872803,fleurs_uk,mfa_aligned,4.64,0.5,0.0
[],b6b983823a76660ded32d825da32a0318c42e4e03c4b2527816509602c42e15d,7.3748459815979,0.007462686567164179,0.0,13.18,0.9965323805809021,3.066800117492676,13,3.3033828735351562,0.007462686567164179,0.047619047619047616,1.58,ee5e4637dffa94a2,3.4363298416137695,3.4218802452087402,4.114996910095215,3.962059259414673,2.547410488128662,4.017490386962891,2.830784559249878,fleurs_uk,mfa_aligned,13.81,0.63,0.047619047619047616
[],b4574fd82ba61e58300dd81a5cab90ca86d2f5a90a2144f2ea1e9af0711bef6c,7.021456241607666,0.0,0.0,9.86,0.9931765794754028,2.7085087299346924,3,2.3970248699188232,0.0,0.0,1.6,eee1753076a7de8f,3.461505889892578,3.4526867866516113,4.015844821929932,3.2854788303375244,2.399327516555786,3.8241724967956543,2.8869237899780273,fleurs_uk,mfa_aligned,10.22,0.36,0.0
[],3b70ad50bb2ce1264cfd1338e616b016c086d27821e759b91e2bf36eaaa7e364,6.294004440307617,0.0,0.0,3.21,0.97700434923172,2.8547749519348145,0,2.821031093597412,0.0,0.0,1.59,f52f97e9d64af685,3.726606607437134,3.72794508934021,3.129911422729492,2.605106830596924,2.344344139099121,3.259901285171509,2.7840943336486816,fleurs_uk,mfa_aligned,4.12,0.91,0.0
[],aa241e8539db69a463ebdbd3b324c250f9d545b8b7220c25baa5e78b8e2646eb,6.681628227233887,0.0,0.0,6.48,0.96205735206604,2.015493392944336,4,2.2570858001708984,0.0,0.0,2.34,327108867eaaa2da,3.7118351459503174,3.9095187187194824,4.034950256347656,2.9378457069396973,2.0784473419189453,4.476553916931152,2.66188907623291,fleurs_uk,mfa_aligned,7.33,0.85,0.0
[],f8bbd9717210d241859f1c94cd4e7337e17c05a7ed3a071218fe50fa44b680b0,7.324792385101318,0.0,0.0,8.730041666666667,0.9830572605133057,2.6310973167419434,0,2.948049545288086,0.0,0.0,2.129958333333333,83c307693927f61f,3.787234306335449,3.4390838146209717,3.638331413269043,3.711019277572632,2.721355676651001,3.9088244438171387,3.1061296463012695,fleurs_uk,mfa_aligned,9.79,1.0599583333333333,0.0
"[""unknown_phone"", ""unsupported_transcript_tokens""]",058790f177d4fa8200524a8e51fe611d7561c70c948761c1c32f094d9cc66f3f,7.072966575622559,0.0,0.0,16.26,0.9994902014732361,2.917839288711548,8,3.0710198879241943,0.09090909090909091,0.08695652173913043,0.0,e5bb518608bfdb7d,3.7924704551696777,3.8600974082946777,4.54328727722168,3.511979818344116,2.867180824279785,4.652590751647949,3.2554566860198975,fleurs_uk,review_preserved_untrimmed,16.26,0.0,0.0
[],8a0ea20a823fa921a1cc94158a82da80894778e89bed0894b3b267f2aa706280,6.7914252281188965,0.0,0.0,9.92,0.9921851754188538,3.1149606704711914,9,3.4332971572875977,0.0,0.0,1.9,5691f663ddaec5b5,3.962049722671509,3.84627103805542,3.693873167037964,3.861379623413086,3.1147148609161377,4.696429252624512,3.624041795730591,fleurs_uk,mfa_aligned,10.67,0.75,0.0
[],634486374416df1599fff3dced01fb05e71921aedac258c432b5609bcb68461e,6.616987705230713,0.0,0.0,5.06,0.9952463507652283,2.590902090072632,0,2.858308792114258,0.0,0.0,0.7,55d68ad35312f5dd,2.903094530105591,3.347804069519043,2.8499035835266113,3.807765483856201,2.474656343460083,3.873493194580078,2.787473678588867,fleurs_uk,mfa_aligned,5.15,0.09,0.14285714285714285
"[""unknown_phone"", ""unsupported_transcript_tokens""]",895746637072635bce0d534274671dc9cf31c01dda4cb6602dfd5b6e0ec8c868,6.403378009796143,0.07575757575757576,0.0,12.06,0.9995402097702026,3.6428027153015137,0,3.53610897064209,0.03787878787878788,0.09523809523809523,0.0,a27cd8f0d418a777,3.5864202976226807,3.3719987869262695,3.4524357318878174,4.078638553619385,3.071682929992676,4.1050496101379395,3.4601025581359863,fleurs_uk,review_preserved_untrimmed,12.06,0.0,0.19047619047619047
"[""unknown_phone"", ""unsupported_transcript_tokens""]",848722035fa94ee95f50bce3b05d09ccccc617fd26d55671eca1f6cbdb8fbab7,7.505167484283447,0.022727272727272728,0.0,10.74,0.999711811542511,2.874217987060547,13,3.9802489280700684,0.056818181818181816,0.15789473684210525,0.0,794cb4991dbc7609,3.9206371307373047,3.8508265018463135,4.152838706970215,3.8019073009490967,3.399111270904541,3.751495361328125,3.776585578918457,fleurs_uk,review_preserved_untrimmed,10.74,0.0,0.10526315789473684
[],5b371256c2b772842f9276c7e5adf7b8f6f8e8c80bfe1c0ec46b9321fbca9f88,6.135047435760498,0.012658227848101266,0.0,7.2,0.9866492748260498,2.568423271179199,0,2.8817999362945557,0.0,0.0,1.68,f33621494d6e16b1,3.9693546295166016,3.104085683822632,3.100977659225464,3.683584213256836,2.5082526206970215,4.282366752624512,2.8504536151885986,fleurs_uk,mfa_aligned,8.02,0.82,0.07692307692307693
"[""unknown_phone"", ""unsupported_transcript_tokens""]",ffafd0d463a1982bce25c54a098ec9b1b9f6102593732baab844b7ef1d7734ad,6.475128650665283,0.0,0.0,9.24,0.999375581741333,2.741525411605835,0,3.1784276962280273,0.0,0.0,0.0,a5f851ef061a7203,3.8976078033447266,3.8739051818847656,4.060113430023193,3.9753904342651367,2.8178155422210693,4.85185432434082,3.5178515911102295,fleurs_uk,review_preserved_untrimmed,9.24,0.0,0.0
[],1a7243b680a1bb441a26f44724bf6048c706d314582f84d8936143b6d3e64ef1,7.40966796875,0.0,0.0,12.19,0.9965752363204956,3.0009851455688477,10,3.9459471702575684,0.0,0.0,1.25,d090e200f4cc636c,3.749518394470215,3.8113386631011963,3.6351211071014404,2.7715110778808594,2.708904981613159,3.3656206130981445,3.239003896713257,fleurs_uk,mfa_aligned,12.57,0.38,0.0
[],3a8ce1c8726e70cc33dd5f7f29e3829181c9527cb64e9d967bb812e972d40416,6.2166547775268555,0.01639344262295082,0.0,11.47,0.9835322499275208,2.9191720485687256,10,3.2405030727386475,0.01639344262295082,0.15789473684210525,2.57,e982fb32bb0b099e,3.7225100994110107,4.207952499389648,4.168301105499268,3.4512181282043457,2.672942876815796,2.2577221393585205,3.2100980281829834,fleurs_uk,mfa_aligned,12.66,1.19,0.3684210526315789
[],9bc24d63daef5ced78c95710f6368493cf2b17e8079328ec11974a71d0ecd0d6,6.086655616760254,0.0,0.0,6.6,0.9868466854095459,2.6911978721618652,0,2.4960293769836426,0.0,0.0,1.8,1e7c62bd46d20f2f,2.971095561981201,4.247476577758789,3.4260048866271973,3.6543455123901367,2.6987271308898926,4.218416213989258,3.0776171684265137,fleurs_uk,mfa_aligned,7.14,0.54,0.0
[],604aa5e387b93ee630663917de4d933133d2dcc94f9543c20f40260537be06fa,6.658469200134277,0.017543859649122806,0.0,4.93,0.963225245475769,3.1470859050750732,7,2.948080539703369,0.0,0.0,1.97,ca507cf5283e14fe,3.356163263320923,3.4478302001953125,3.6718838214874268,3.610478401184082,2.9385788440704346,3.689117670059204,3.43967342376709,fleurs_uk,mfa_aligned,5.8,0.87,0.09090909090909091
[],911f3349b759d9fa4461d353823f4b69e3c87cd1c184ae453389a45f3f3e4397,6.412285804748535,0.0,0.0,9.91,0.9965174198150635,2.299058675765991,0,2.3969507217407227,0.0,0.0,1.49,0467f502d836f78d,3.6377203464508057,3.2234058380126953,3.2553484439849854,2.527754545211792,2.270961284637451,3.258362293243408,2.682900905609131,fleurs_uk,mfa_aligned,10.8,0.89,0.125
[],80b6417167643c4413edc54029938ea4a203c7431583439492cd3728cfaa0ef3,6.179680824279785,0.022321428571428572,0.0,16.58,0.9988175630569458,3.174452781677246,0,3.2608118057250977,0.017857142857142856,0.10526315789473684,1.18,333b67b57a0d2b71,3.415731191635132,3.7772576808929443,3.3433218002319336,3.8250765800476074,2.997905731201172,4.239678382873535,3.3251569271087646,fleurs_uk,mfa_aligned,16.96,0.38,0.07894736842105263
[],371b1170c7b6e80d1d3e707bedf1c1daa6312485b6276922151ad7fe15db5731,6.75213098526001,0.011111111111111112,0.0,16.760041666666666,0.9859245419502258,2.675156354904175,7,2.7757608890533447,0.011111111111111112,0.03333333333333333,3.0399583333333333,ca195eb9cde9d3c7,3.392423152923584,3.7257020473480225,3.941586971282959,2.82955002784729,2.481580972671509,3.7265090942382812,3.111297607421875,fleurs_uk,mfa_aligned,17.91,1.1499583333333334,0.03333333333333333
[],02167185aac2036483ac118d54a5a5d7e43fcc5be04dc0e7e4518d6ec5e5b9ef,6.815659523010254,0.007194244604316547,0.0,11.15,0.99407958984375,2.9254374504089355,11,2.817854881286621,0.0,0.0,1.99,735df4c409f942b8,4.1162614822387695,3.5592620372772217,4.473909854888916,3.4373791217803955,2.8348255157470703,3.499077081680298,3.3510677814483643,fleurs_uk,mfa_aligned,11.62,0.47,0.047619047619047616
"[""unknown_phone"", ""unsupported_transcript_tokens""]",b7f8c01ba0861f1967734c3b1b7c1ed5f263c7dc14ef0863aaa57a2371b77741,6.727558612823486,0.029411764705882353,0.0,7.44,0.9992595911026001,1.9463834762573242,5,2.3291211128234863,0.0,0.0,0.0,354818c76e7c2e34,2.5712146759033203,3.390773296356201,3.7480857372283936,2.7885704040527344,2.029301404953003,4.096804618835449,2.620450735092163,fleurs_uk,review_preserved_untrimmed,7.44,0.0,0.1
[],f409593184c86bc546b55fee15c468163c7d5cf91dc174d502333f680ea8b279,6.734413146972656,0.009259259259259259,0.0,8.2,0.9968932271003723,3.202843189239502,0,3.49774432182312,0.0,0.0,0.74,a6941dfe32692f98,3.8348028659820557,3.526695728302002,3.4363269805908203,3.8417816162109375,2.710887908935547,4.639830589294434,3.232396364212036,fleurs_uk,mfa_aligned,8.81,0.61,0.05
[],9b54b381d203cb404d731428dfb0ac97a6a11a5fa1d27df5a2e9704d582b1df3,7.583371162414551,0.007874015748031496,0.0,10.12,0.9955022931098938,3.382899284362793,9,3.844522714614868,0.015748031496062992,0.041666666666666664,1.34,7b2374559c058ccb,3.465196132659912,3.8521242141723633,4.235599517822266,3.975590229034424,2.9668853282928467,4.032997131347656,3.3378143310546875,fleurs_uk,mfa_aligned,10.48,0.36,0.041666666666666664
[],ce61fde3c47c3916ea1c8126f5402dc310fa2374d242e74b04bbd5d3d81da185,6.311044216156006,0.0,0.0,8.05,0.9871709942817688,3.0012269020080566,6,2.860983371734619,0.0,0.0,1.73,4033a0a142097204,4.140820026397705,3.7773590087890625,3.760436773300171,3.2532565593719482,3.0290818214416504,4.51617431640625,3.451151132583618,fleurs_uk,mfa_aligned,8.53,0.48,0.0
[],a94ebc7a787c886b355de13e57e3eaec8b310d552e4d222d553160a830a82a1d,6.773134708404541,0.0,0.0,10.25,0.9893757700920105,2.2212014198303223,18,2.8491876125335693,0.0,0.0,2.11,a52a91ca78ee3ab3,3.06904673576355,3.526461124420166,3.887223482131958,2.955538034439087,2.1974523067474365,4.2617387771606445,2.652994394302368,fleurs_uk,mfa_aligned,10.7,0.45,0.0
"[""unknown_phone"", ""unsupported_transcript_tokens""]",73465b6441096b8da0a2c139bd97a0cf3f2240913b07dd7a4d172df17e9f0eac,6.368620872497559,0.0,0.0,9.84,0.9995090365409851,2.7092785835266113,0,2.644737720489502,0.0,0.0,0.0,debdc6a4c5a4f3c6,3.568424701690674,2.9448723793029785,3.199383497238159,4.148558139801025,2.572349786758423,4.273367881774902,3.052579402923584,fleurs_uk,review_preserved_untrimmed,9.84,0.0,0.0
[],5b5bf59a7469143de43b3d0da405bfe358c28d806baeed5e9adc28e215b489a8,7.579173564910889,0.0,0.0,14.16,0.997830331325531,3.114189386367798,20,3.4038429260253906,0.0,0.0,1.14,5eb6300304d1d12b,4.091546058654785,3.9284796714782715,3.853881597518921,3.5552704334259033,2.9750475883483887,4.046532154083252,3.3028597831726074,fleurs_uk,mfa_aligned,14.56,0.4,0.0
"[""unknown_phone"", ""unsupported_transcript_tokens""]",eab598cbf09f288ffad2255443051577b49905e99668fe6a716794cf42d504b6,7.060492038726807,0.026041666666666668,0.0,18.42,0.9998718500137329,2.73335599899292,1,2.864945650100708,0.0,0.0,0.0,868a3bdab88599ee,3.520843744277954,3.9669134616851807,3.123525857925415,2.824152708053589,2.73335599899292,3.8548152446746826,2.9147870540618896,fleurs_uk,review_preserved_untrimmed,18.42,0.0,0.06666666666666667
[],8279ace685890585514ecab726bd6bdcb3f0c28db50b3e77533ed7eac6f1e14e,6.806325435638428,0.13076923076923078,0.0,9.93,0.9958155751228333,2.738352060317993,0,2.84867000579834,0.13076923076923078,0.14285714285714285,1.11,8698daf0e9701268,3.597851037979126,3.9815542697906494,2.755967140197754,2.9288320541381836,2.7262110710144043,3.4755313396453857,3.4158270359039307,fleurs_uk,mfa_aligned,10.58,0.65,0.14285714285714285
"[""unknown_phone"", ""unsupported_transcript_tokens""]",8e94ccaab01e9884ee5f9af936ee59a2eeb41e4f7ae4ff39e4222c1e96a5dee5,5.885334491729736,0.07971014492753623,0.0,13.08,0.9995884299278259,3.389291286468506,0,3.148993492126465,0.036231884057971016,0.19047619047619047,0.0,8d594f701ffd3ba4,3.6101837158203125,3.4397990703582764,3.926180362701416,3.6349596977233887,3.0549685955047607,4.364173889160156,3.5503315925598145,fleurs_uk,review_preserved_untrimmed,13.08,0.0,0.19047619047619047
[],480cf62db7b51ec0fd6bb6cc51a73cdda1253f02e0e9a55a28186fb5356123cb,6.613454341888428,0.02040816326530612,0.0,9.98,0.9678643941879272,2.598618984222412,10,2.718790054321289,0.02040816326530612,0.06666666666666667,2.86,33e0e64ffb911169,3.1830592155456543,3.5759401321411133,3.6378300189971924,3.4637908935546875,2.666761875152588,3.2459115982055664,3.186584949493408,fleurs_uk,mfa_aligned,10.82,0.84,0.06666666666666667
[],66928dfdddd2f1bbf40bc1bebf294f73fffcecff82840086705afda811b0b741,7.4682841300964355,0.04225352112676056,0.0,5.76,0.9878045916557312,3.1293959617614746,6,3.6527180671691895,0.0,0.0,1.32,cc3cbeb88a0ca00b,3.418210744857788,4.2105207443237305,3.4229087829589844,3.4541127681732178,2.7823069095611572,4.237765312194824,3.369441509246826,fleurs_uk,mfa_aligned,6.22,0.46,0.2727272727272727
[],171265d3fada37f9c93f908a97f43eb3a1b3ec08ce85e4a6b905fb2eff572f74,7.436769008636475,0.0,0.0,10.41,0.9945294857025146,3.1404542922973633,12,3.2438106536865234,0.0,0.0,1.53,8689b5eec74f2fff,3.779492139816284,3.6094093322753906,3.8427517414093018,3.8484692573547363,2.9969561100006104,3.872124433517456,3.389718770980835,fleurs_uk,mfa_aligned,11.15,0.74,0.0
[],9615c3219ba31983fa243e1b260a8baa926298fabf75260e6c06e5dabb009387,6.817776679992676,0.0,0.0,8.64,0.9948573708534241,2.579463005065918,0,2.668008804321289,0.0,0.0,1.56,ac9151cf24a412e1,3.593135356903076,3.6642749309539795,2.963712692260742,2.8489608764648438,2.6445376873016357,3.871562957763672,2.9835011959075928,fleurs_uk,mfa_aligned,9.39,0.75,0.0
[],3fa319f27f95bd2e65c1d12779eb2dcda42e7737ebbfc832753d4d7663d5f22d,6.347487449645996,0.009708737864077669,0.0,8.2,0.992946207523346,2.6410036087036133,0,2.5824480056762695,0.0,0.0,1.64,a45c10147c84d9f8,3.5653834342956543,3.867856502532959,3.9137284755706787,3.557790517807007,2.460630416870117,4.662891387939453,3.0216729640960693,fleurs_uk,mfa_aligned,8.67,0.47,0.0625
[],23c4729a909342b22c8fbe67b6ece18be4a679934b89dfbb02739b218ec75d4a,6.626967430114746,0.0,0.0,11.65,0.9971791505813599,3.1211681365966797,11,3.311089277267456,0.0,0.0,1.31,a8763d00c05c7270,3.696817636489868,3.6280717849731445,3.364645481109619,3.583646535873413,2.944923162460327,4.09616756439209,3.43860125541687,fleurs_uk,mfa_aligned,12.08,0.43,0.0
[],75af77cf390ad12090f29c9a7e95d3dffac10434793e4ec12ba8b842a8e8be99,6.2228217124938965,0.005494505494505495,0.0,13.4,0.9984068870544434,2.945711612701416,0,3.2850003242492676,0.005494505494505495,0.038461538461538464,1.12,69aafe87d955ba4b,3.835657835006714,3.593400716781616,3.5737156867980957,3.6718831062316895,3.1804897785186768,4.229334831237793,3.707052707672119,fleurs_uk,mfa_aligned,13.69,0.29,0.038461538461538464
[],b1b0cc515bcc9fe6eef8f8c02d88eceeb4b98f40a065b8e19e097c3defb782bc,6.233598232269287,0.0,0.0,8.400041666666667,0.9053186178207397,2.3164634704589844,11,2.6165339946746826,0.0,0.0,4.319958333333333,f654a2482168dbd9,3.039809465408325,3.780771255493164,2.9686832427978516,3.9977569580078125,2.465407371520996,2.0410690307617188,3.1593706607818604,fleurs_uk,mfa_aligned,10.83,2.4299583333333334,0.0
"[""unknown_phone"", ""unsupported_transcript_tokens""]",e67bad2ac53a4fcf8b825e52d10dd94e06e4157056c46e505ad176c3ae8d5d8d,6.741791725158691,0.1,0.0,16.14,0.999466598033905,2.6380372047424316,7,2.8387534618377686,0.03,0.09523809523809523,0.0,f16b002601063e11,3.6928014755249023,3.7454493045806885,4.079255104064941,3.8695075511932373,2.6757891178131104,3.751159429550171,3.1393637657165527,fleurs_uk,review_preserved_untrimmed,16.14,0.0,0.14285714285714285
[],32501c03d08ce1d46d9a30497e404372f84d468048b871b1b894547442873071,6.505170822143555,0.0,0.0,11.14,0.9981585144996643,3.294649600982666,10,3.097309112548828,0.0,0.0,0.74,584722206ba5ea87,3.7318685054779053,3.9184207916259766,3.3156893253326416,3.551687717437744,3.450486421585083,4.596231460571289,4.158115386962891,fleurs_uk,mfa_aligned,11.41,0.27,0.0
[],b11681a7500049332ab78e286ce62fc8f43211a39b27b76ece4c73f444ea47fb,6.575497627258301,0.0,0.0,5.4,0.9912969470024109,3.3165340423583984,0,3.2197682857513428,0.0,0.0,1.14,222a96e0d7dd0ce7,3.340223789215088,3.624941110610962,3.538849353790283,4.026298999786377,2.6335601806640625,4.7552900314331055,3.207594394683838,fleurs_uk,mfa_aligned,6.05,0.65,0.0
"[""unknown_phone"", ""unsupported_transcript_tokens""]",f084ce9934551de7b95b1ec92ab1fd2729b07f2bc2aa89458fafbdade27e937e,6.777340412139893,0.017241379310344827,0.0,12.0,0.9998008608818054,2.898390769958496,1,2.811324119567871,0.09482758620689655,0.14285714285714285,0.0,4046a6918cbc6198,3.2044973373413086,3.8805909156799316,3.2953274250030518,3.9725775718688965,2.9218525886535645,4.161397933959961,3.3851845264434814,fleurs_uk,review_preserved_untrimmed,12.0,0.0,0.09523809523809523
[],338cda264dde4354fbb014724fbe46ebd04bed7cc165a38745eff7a59eae7433,6.383953094482422,0.0,0.0,3.23,0.9655718207359314,2.5413708686828613,0,2.69112491607666,0.020833333333333332,0.125,1.75,f0495e9522a7580f,3.350238561630249,3.5073373317718506,3.4796078205108643,3.4693968296051025,2.506927251815796,4.075554847717285,2.8079826831817627,fleurs_uk,mfa_aligned,3.85,0.62,0.0
[],e60c1467236eda6b0dd652ca9cae70e491e06843c415645910553119201700f2,5.893021583557129,0.0,0.0,6.77,0.9734522700309753,2.724160671234131,2,2.762763500213623,0.0,0.0,2.23,d3c65f60de08cc59,3.359764337539673,3.8987739086151123,3.6545584201812744,3.257791042327881,2.6209545135498047,3.11828351020813,3.022752523422241,fleurs_uk,mfa_aligned,7.59,0.82,0.0
[],b9941eb32e3b5f8ee6e0483adcf49a8cb9ff91f6cadfe4b920233e1584eea704,6.348398685455322,0.0,0.0,5.17,0.9942611455917358,2.793571710586548,0,2.5662927627563477,0.0,0.0,0.89,804a5cfa9e39d4c0,3.8927037715911865,3.637927770614624,3.129812240600586,2.410160541534424,2.30016827583313,3.953951120376587,2.862983465194702,fleurs_uk,mfa_aligned,5.68,0.51,0.0
[],96ef163c22b4e9791d8e91ccdc212409845e4774c467b9290da6120586f2ff34,6.255420207977295,0.037037037037037035,0.0,10.840041666666666,0.9940379858016968,2.5438292026519775,1,2.5487112998962402,0.06172839506172839,0.15384615384615385,1.9399583333333332,d9356cbfb7795081,2.823200225830078,3.8636698722839355,2.476219415664673,2.735961437225342,2.4624061584472656,2.899860143661499,2.961313009262085,fleurs_uk,mfa_aligned,11.95,1.1099583333333334,0.07692307692307693
"[""unknown_phone"", ""unsupported_transcript_tokens""]",8d2cd99f58eede8a8278e356605646aec9979726880d2e7901b5c80141d49ee6,7.490650177001953,0.0,0.0,12.06,0.9996883273124695,3.108262062072754,18,3.4546542167663574,0.0,0.0,0.0,a137d8e70532b244,3.288464069366455,4.103532791137695,4.312075138092041,3.669663429260254,3.1506474018096924,3.7232911586761475,3.5077314376831055,fleurs_uk,review_preserved_untrimmed,12.06,0.0,0.0
"[""unknown_phone"", ""unsupported_transcript_tokens""]",b3de7cdc9107c2ab36c0e34f8572776a2a9bc23509ef39f04668ef02e91b1115,6.5698418617248535,0.05,0.0,9.96,0.9997714161872864,2.8419532775878906,1,2.883901357650757,0.0,0.0,0.0,b47e47b723203d93,3.4206416606903076,4.209482669830322,3.021108627319336,2.761918306350708,2.8419532775878906,3.6305251121520996,3.1033146381378174,fleurs_uk,review_preserved_untrimmed,9.96,0.0,0.07142857142857142
"[""unknown_phone"", ""unsupported_transcript_tokens""]",79340ffe4bbbfd3b2206e73ef69755951df36eea64e9f4c0492c19684822821f,7.234288692474365,0.0,0.0,10.92,0.9998758435249329,2.90803599357605,1,2.7842864990234375,0.017543859649122806,0.041666666666666664,0.0,d4455526189dee42,3.0582313537597656,3.7767419815063477,3.1975481510162354,3.969388484954834,2.7567429542541504,4.463316440582275,3.314436912536621,fleurs_uk,review_preserved_untrimmed,10.92,0.0,0.0
[],ceb7aa620bf77faf067a3caffccc15f4bd72c53cc04b6c830a704be630f6dd7e,6.699046611785889,0.0,0.0,5.59,0.9886329770088196,3.2112951278686523,0,3.1054816246032715,0.0,0.0,1.49,e677a32e926ce1d5,3.5927515029907227,4.015286445617676,3.2935197353363037,3.679129123687744,2.981854200363159,4.409557342529297,3.3625543117523193,fleurs_uk,mfa_aligned,6.32,0.73,0.0
[],765138693aad210f3377dec69f8026d10f542c565b3737f21abc6f0aaa358fd7,6.786499977111816,0.006622516556291391,0.0,14.0,0.9912438988685608,2.8463847637176514,13,3.2631258964538574,0.006622516556291391,0.041666666666666664,2.62,1c3410a58f3482b4,3.675584554672241,3.8571133613586426,4.256954193115234,3.248685598373413,2.957062244415283,3.9573867321014404,3.415341377258301,fleurs_uk,mfa_aligned,14.61,0.61,0.041666666666666664
[],89195929b8b21079e4ceaac6c81c0c50066dd9a71f4206a6a5c29864e3e85e02,6.39694881439209,0.02631578947368421,0.0,6.18,0.9926737546920776,3.060817241668701,0,3.2338409423828125,0.0,0.0,1.44,88157b1754b1f7fc,3.678341865539551,3.628340244293213,3.475452423095703,3.7088425159454346,3.0228476524353027,3.890108823776245,3.618425130844116,fleurs_uk,mfa_aligned,6.6,0.42,0.14285714285714285
"[""unknown_phone"", ""unsupported_transcript_tokens""]",5627320d9aeec261a20c0d13ed230721f35d96a23e5090c796d889037d922b2a,7.36624002456665,0.07633587786259542,0.0,12.36,0.9997232556343079,2.748039484024048,11,3.3669121265411377,0.015267175572519083,0.1,0.0,d60a45ed449aa919,3.7954459190368652,3.606887102127075,3.9251980781555176,3.797759532928467,3.103180170059204,3.601789712905884,3.486032485961914,fleurs_uk,review_preserved_untrimmed,12.36,0.0,0.15
[],e1c091482909edf6b2db5a8b2e2e79d0126c6d2474c6b55a9dc2995be8249bb2,6.684565544128418,0.024096385542168676,0.0,5.99,0.9875878095626831,2.327915906906128,0,1.9867267608642578,0.0,0.0,1.45,51a1f94f96449920,3.7209787368774414,3.3697617053985596,2.9651267528533936,2.6709952354431152,1.8242735862731934,3.6649672985076904,2.194669485092163,fleurs_uk,mfa_aligned,6.47,0.48,0.07142857142857142
[],92b9294d1e2c423d6809505c023074b010335a070410a39f8bd0ea4211d6a593,6.537531852722168,0.008547008547008548,0.0,11.74,0.9917160868644714,3.1728525161743164,9,3.1507720947265625,0.008547008547008548,0.045454545454545456,2.42,4e3c5ab1819b3e25,3.6695289611816406,2.956927537918091,3.650913715362549,3.751981258392334,2.5431201457977295,3.9579105377197266,2.973440408706665,fleurs_uk,mfa_aligned,12.47,0.73,0.045454545454545456
[],4830e478b1137b73cae39e7bce9ed48e9baf7d091032709773b29419f2b6c0e9,7.051824569702148,0.009900990099009901,0.0,9.91,0.9506127834320068,3.017479181289673,8,3.098604202270508,0.019801980198019802,0.11764705882352941,2.69,92ed791b24f80b91,3.3851161003112793,4.479455947875977,3.8375675678253174,3.871028184890747,2.8717970848083496,3.7726454734802246,3.3082380294799805,fleurs_uk,mfa_aligned,10.81,0.9,0.058823529411764705
[],4f39a5846805104ab9a19db2a16f1e779c70d798985b4284954b7b1671e4efe7,6.509472370147705,0.0,0.0,9.07,0.9943318367004395,2.3886606693267822,0,2.352933883666992,0.0,0.0,1.55,9402e75a29af9903,3.0927059650421143,3.3795111179351807,3.2242329120635986,3.8747007846832275,2.431619882583618,4.36871337890625,2.7616162300109863,fleurs_uk,mfa_aligned,9.72,0.65,0.09523809523809523
[],17114c402a3ed4d76f11e85d4499cc9e85f4f7eaf22d0848abe9ebc58ae70436,6.331503391265869,0.0,0.0,10.7,0.9918964505195618,3.3137574195861816,11,3.366473913192749,0.0,0.0,1.66,079895761aba879c,3.5548787117004395,3.876561403274536,3.0171425342559814,4.038956642150879,3.1383979320526123,4.394648551940918,3.5451035499572754,fleurs_uk,mfa_aligned,11.35,0.65,0.0
[],efc9c428d4b9259447f77d4c56d821c796907b446eface58bae4058ce948316c,7.083719730377197,0.0,0.0,5.89,0.9871204495429993,3.129206895828247,4,3.304365396499634,0.0,0.0,1.37,10cdf3773f922512,3.886113405227661,4.077130317687988,3.175628185272217,4.26128625869751,3.5199520587921143,4.667912483215332,4.076715469360352,fleurs_uk,mfa_aligned,6.37,0.48,0.0
[],673347afe6fba7a551c801ca0bf5ab5e0b34c1c7280fba26b06c8c7b9b205790,5.864559173583984,0.0,0.0,9.130041666666667,0.9894417524337769,2.270622968673706,0,2.609689235687256,0.009433962264150943,0.058823529411764705,1.9099583333333334,8f3c95d98fcf2542,3.58734393119812,3.0139682292938232,3.275717258453369,3.4183311462402344,2.4068548679351807,4.118663311004639,2.7650222778320312,fleurs_uk,mfa_aligned,10.21,1.0799583333333334,0.0
[],1743bc84e093bf0d5e66b41e4496c2741bfd5866d8edccc51aecd03909bde3a7,7.132859706878662,0.0,0.0,7.18,0.9916077256202698,3.472991466522217,5,3.6737823486328125,0.0,0.0,1.64,3c418e8b71f5cea6,3.7833704948425293,3.9262802600860596,3.6954498291015625,3.8946969509124756,3.3734705448150635,4.155047416687012,3.8590168952941895,fleurs_uk,mfa_aligned,7.66,0.48,0.0
[],d017556ae858a184c5d78021751e18f9cf4a681b67613b0c508f8dbc55b8ba61,6.929635524749756,0.0,0.0,9.64,0.9686893224716187,3.2398760318756104,6,3.396800994873047,0.0,0.0,3.32,21c35569bc050375,3.8955180644989014,3.9499094486236572,4.454444408416748,3.2574245929718018,2.842925786972046,4.505617618560791,3.7279164791107178,fleurs_uk,mfa_aligned,10.41,0.77,0.0
[],65bf8ef6bcc09d732cab3fb0cc3ede97d6a721c98cae3a6ed546ff8d78ec3831,7.132250785827637,0.0,0.0,3.410041666666667,0.9709435105323792,2.954268455505371,0,3.241652011871338,0.0,0.0,1.5099583333333333,cf89152cdd4870d0,3.74770188331604,3.6185286045074463,3.8741533756256104,3.829976797103882,3.0141797065734863,4.198642730712891,3.536435842514038,fleurs_uk,mfa_aligned,3.75,0.3399583333333333,0.0
[],1276673a3839a2ecb0434809e6b49c630def6b30a1527066113714d7c1146a05,7.221297740936279,0.0,0.0,2.76,0.8693459033966064,2.9283785820007324,1,3.069099187850952,0.0,0.0,2.76,eb898a121f485b26,3.023092269897461,4.255522727966309,3.093170166015625,4.715775489807129,2.674225330352783,3.9993319511413574,3.4214532375335693,opentts_lada,mfa_aligned,4.27,1.51,0.0
[],ae21e394e1aa8a8b98533576ce2bed3dc023c470cdb14926ae17ffe248936e45,7.369134902954102,0.0,0.0,4.040041666666666,0.8620721101760864,2.1252918243408203,1,2.560267210006714,0.0,0.0,3.1599583333333334,e8449482430bafd8,3.3661036491394043,4.132127285003662,3.2312605381011963,2.2030372619628906,2.2869327068328857,4.235373497009277,3.269127607345581,opentts_lada,mfa_aligned,5.6,1.5599583333333333,0.0
"[""large_boundary_removal""]",6c6bfbdc18c083b90a29ab9612648318865819ad52a8e933166c3f317daa6411,7.62390661239624,0.034482758620689655,0.0,5.52,0.9999976754188538,2.391056537628174,1,2.489030122756958,0.0,0.0,0.0,21bb6688a0a1113f,2.371959924697876,3.427431583404541,2.4216315746307373,3.735105514526367,2.2988390922546387,3.7582879066467285,2.7685160636901855,opentts_lada,review_preserved_untrimmed,5.52,0.0,0.16666666666666666
"[""large_boundary_removal""]",0a649d62f60fc08fbba867ea26b5b6f57b7a7c02c7a3728f522ca00d4aac08d6,7.4276957511901855,0.13636363636363635,0.0,4.44,0.9999992251396179,2.3782637119293213,2,3.0023248195648193,0.045454545454545456,0.16666666666666666,0.0,0dd5f5a8f9a09cc5,3.2798972129821777,3.578680992126465,2.733158826828003,3.608011245727539,3.133626699447632,3.864781141281128,3.5553135871887207,opentts_lada,review_preserved_untrimmed,4.44,0.0,0.8333333333333334
[],f9e87bdd2307172006a4da3d3fb46d85c80b71c22c3b6dd43bae7e59d987fd20,7.306480884552002,0.04878048780487805,0.0,3.930041666666667,0.9055051207542419,2.8700850009918213,1,3.052204132080078,0.024390243902439025,0.1111111111111111,2.4899583333333335,a62f0a11f72e0935,3.450218439102173,4.162222862243652,3.3790695667266846,4.083948135375977,3.1824026107788086,3.9203643798828125,3.8965632915496826,opentts_lada,mfa_aligned,5.28,1.3499583333333334,0.2222222222222222
"[""large_boundary_removal""]",b4f438694180d90e28dca2e2076af09d7d33dbc02a9782efbf158be2f5cf6b5b,7.555150985717773,0.0,0.0,5.34,0.9999974370002747,2.315849542617798,1,2.9537060260772705,0.0,0.0,0.0,7a5dcfae51994d97,3.577954053878784,4.087547302246094,3.2090532779693604,3.810765504837036,2.954676389694214,3.9845330715179443,3.5734448432922363,opentts_lada,review_preserved_untrimmed,5.34,0.0,0.0
[],6b1ffae7dc8a037f4df4eefebd1fa219e87df6085f289bdd91517d91da43fd08,7.212477684020996,0.0,0.0,4.61,0.8560114502906799,3.190753698348999,5,2.8524258136749268,0.0,0.14285714285714285,2.89,6a0d36c4b3017098,3.130762815475464,3.943220376968384,2.73372483253479,3.911062717437744,2.7016286849975586,3.8880836963653564,3.0816304683685303,opentts_lada,mfa_aligned,6.02,1.41,0.0
[],bedbd8c6939b4c3de16873c4925790df8fd1f758bd5a672c5eade7ac79b416bb,7.2192702293396,0.0,0.0,3.8,0.9519370794296265,3.0097484588623047,4,3.0183165073394775,0.0,0.0,2.56,ed7746419b367042,3.3270761966705322,4.020613670349121,2.6093668937683105,3.09478759765625,2.8299896717071533,4.160045623779297,3.7117817401885986,opentts_lada,mfa_aligned,5.48,1.68,0.0
[],128608d6597583c5f34af66b4e422c4065b117c2345a4ac884e07189f941ba62,7.39158821105957,0.05714285714285714,0.0,2.85,0.8880815505981445,2.998612880706787,3,3.243185520172119,0.0,0.0,2.79,14cfdbc496752bee,3.6953747272491455,4.126718521118164,3.3831565380096436,4.521969795227051,3.1761879920959473,4.28388786315918,3.7763333320617676,opentts_lada,mfa_aligned,4.5,1.65,0.2222222222222222
"[""large_boundary_removal""]",a0d9703b756bb4842e9bb0c5e1baa344421027aa009ee3b8f56d1ff6d0c60f13,7.304880142211914,0.0975609756097561,0.0,6.0,0.9999907612800598,2.8079466819763184,3,3.3844237327575684,0.07317073170731707,0.4,0.0,b3a0725d52e4df4a,3.1386375427246094,3.9795174598693848,2.8409690856933594,4.564228057861328,3.209517002105713,4.191558361053467,3.9200422763824463,opentts_lada,review_preserved_untrimmed,6.0,0.0,0.4
[],e0da76fa290d84d2aff5f776e6c6a1289484c407cefe364d653450268e2f51fe,7.360029697418213,0.3584905660377358,0.0,4.600041666666667,0.9557995796203613,2.5422940254211426,5,3.122272253036499,0.0,0.0,2.2999583333333335,2c77c8ce4c9a8e81,2.9749631881713867,4.02191162109375,3.1648359298706055,3.6988096237182617,2.537628412246704,4.523227691650391,3.0350685119628906,opentts_lada,mfa_aligned,5.96,1.3599583333333334,0.25
"[""large_boundary_removal""]",1e8e6fff5bb5d1762b75e3ea55a4dec4e630a23f4f54a261151735467b549363,7.655913352966309,0.07692307692307693,0.0,4.56,0.9999991059303284,3.256645441055298,2,2.654310703277588,0.07692307692307693,0.8,0.0,13376eeaa2862f39,3.401991605758667,3.649017572402954,3.050204277038574,3.932140827178955,2.8894028663635254,3.8196070194244385,3.510133981704712,opentts_lada,review_preserved_untrimmed,4.56,0.0,0.6
[],2e408d1fd873ac4b622696fd676c2a9163ef70b4219e5d6812cc1cbc4b396999,7.384449481964111,0.047619047619047616,0.0,3.8,0.8846964240074158,2.6671717166900635,4,2.999587297439575,0.023809523809523808,0.125,2.62,fd0881c5cac462ed,2.9538509845733643,3.694228172302246,3.502190113067627,4.566959381103516,2.6827139854431152,3.7459185123443604,3.7051782608032227,opentts_lada,mfa_aligned,5.42,1.62,0.125
"[""large_boundary_removal""]",513c5309c3e41f1a70fb2a352e407e432640ec7bc001894de0f566ccb1de95c4,7.267350196838379,0.0,0.0,5.28,0.9999979734420776,2.8811914920806885,1,2.9901087284088135,0.0,0.0,0.0,8f098940e429bdf0,3.1313397884368896,3.7544851303100586,4.037836074829102,4.098629951477051,3.068352699279785,4.02910041809082,3.6509721279144287,opentts_lada,review_preserved_untrimmed,5.28,0.0,0.0
[],c00c8935da45db3643c58e5dbd34a124fe5ed3ea987dea6d3c0565b066aa79a0,6.943716049194336,0.06779661016949153,0.0,4.92,0.7917605042457581,2.461550712585449,6,2.5144197940826416,0.06779661016949153,0.1,3.42,6883c011c9ab0f41,3.7985222339630127,4.180039405822754,1.7658822536468506,4.09040641784668,2.6196200847625732,4.379321575164795,3.580444812774658,opentts_lada,mfa_aligned,6.57,1.65,0.1
[],6d968954ef814b6aeecfea671dbacb89a7b0d7f366e392443fd3dd0d0e12c593,7.482112407684326,0.0,0.0,4.7,0.952542781829834,2.875108003616333,4,3.1425187587738037,0.0,0.0,2.98,15c1b955fd45d0cb,2.677595376968384,4.128273963928223,3.862949848175049,3.93727707862854,2.786787748336792,4.26344633102417,3.411731719970703,opentts_lada,mfa_aligned,6.19,1.49,0.0
"[""large_boundary_removal""]",9fff8351111d7fa5a3310a725338fb02e5ab1d1eb4736f94e42e0a0e0c0b6d98,7.395260334014893,0.05263157894736842,0.0,4.8,0.9999979138374329,3.0206174850463867,0,2.9221365451812744,0.10526315789473684,0.4,0.0,d87767e09ae3c0a7,3.7264864444732666,4.141242504119873,2.632225275039673,4.079742431640625,2.7071917057037354,4.341981887817383,3.073072910308838,opentts_lada,review_preserved_untrimmed,4.8,0.0,0.2
[],561d8a9763ebb851de9723b1f543ccac5cf6c811a7c5b644462fa388b9879659,7.192007541656494,0.0,0.0,3.71,0.8830355405807495,2.4475886821746826,3,3.1476666927337646,0.0,0.0,3.31,8de6fd86720527cf,3.255514144897461,4.2294416427612305,3.0126330852508545,3.0783743858337402,2.78629732131958,3.798107624053955,3.5380921363830566,opentts_lada,mfa_aligned,5.59,1.88,0.0
[],5c665ed4c3cd094fd84b58a60407680ad8b76cc0958aa0b41308731fbe282445,7.249180793762207,0.0,0.0,3.31,0.8369311690330505,2.7242062091827393,2,2.9544951915740967,0.0,0.4,2.75,0d420c948e3fca43,3.4713287353515625,3.8456225395202637,3.3789429664611816,3.8848485946655273,2.611342668533325,3.89176344871521,3.322122097015381,opentts_lada,mfa_aligned,4.89,1.58,0.0
[],dd87a5ff8fcab0fffdbb74456bdbd1d13f690fc97af75f3ad2b057030e7122d9,7.1191887855529785,0.0,0.0,3.54,0.9174461960792542,2.601646661758423,3,3.1799557209014893,0.0,0.0,2.58,b7c03ad16de492da,3.748023748397827,4.073488712310791,2.5758228302001953,4.2177510261535645,2.651824474334717,4.078648090362549,3.77162766456604,opentts_lada,mfa_aligned,5.06,1.52,0.0
"[""large_boundary_removal""]",646a4d3372167ac0df90232486cd14b90c95cc8e501a6f724df89193061d3379,7.6988205909729,0.1,0.0,4.8,0.999998927116394,2.8749337196350098,3,2.9668989181518555,0.05,0.2,0.0,0f5525a960cd2733,3.248039960861206,3.2338621616363525,3.3882992267608643,4.131329536437988,2.9526586532592773,4.341244697570801,3.285877227783203,opentts_lada,review_preserved_untrimmed,4.8,0.0,0.4
[],82bd31dc8ec0ea74e7a48789f3a80dc37722ac1a2cf88b4855a75aba4ed5032b,7.327880382537842,0.018867924528301886,0.0,4.570041666666667,0.9395038485527039,2.588388204574585,3,2.801025629043579,0.018867924528301886,0.1111111111111111,1.9099583333333334,faefb12a08a739b4,3.616678476333618,4.057385444641113,2.983262062072754,2.8031110763549805,2.450901746749878,4.559478282928467,3.8113107681274414,opentts_lada,mfa_aligned,5.9,1.3299583333333334,0.1111111111111111
[],ac67ee580fd9d609944cae2f94f00b8d4e9684935b5493a6d84d6383fddbe4d6,7.176269054412842,0.0,0.0,2.34,0.9016736149787903,2.5148375034332275,0,3.218287706375122,0.03571428571428571,0.14285714285714285,2.34,c0cf2c236786cfe1,3.1170871257781982,4.411699295043945,2.7225708961486816,3.808655261993408,2.4422554969787598,3.854416847229004,3.739870309829712,opentts_lada,mfa_aligned,3.76,1.42,0.0
[],991d76e431e9d29f3515a40a73721981fbfbd9c2eab0ddc7f45668b5edf3e402,7.464524269104004,0.0,0.0,2.2600416666666665,0.7763187289237976,2.862861156463623,1,2.7820088863372803,0.0,0.0,2.1199583333333334,a1cc283cf940e383,3.111268997192383,4.429713249206543,3.2453227043151855,3.43367338180542,2.5018386840820312,3.773817300796509,3.597612142562866,opentts_lada,mfa_aligned,3.37,1.1099583333333334,0.0
"[""large_boundary_removal""]",fe05a7f854c85be4488a205b84ebdd0890ed61c79a7a8554ea5d5224815edad9,7.643435955047607,0.0,0.0,5.16,0.9999977946281433,2.087455987930298,2,2.8034119606018066,0.0,0.0,0.0,23c007617141ed90,3.421492338180542,3.328260660171509,3.0834903717041016,4.0021538734436035,2.620296001434326,3.603193759918213,3.1886398792266846,opentts_lada,review_preserved_untrimmed,5.16,0.0,0.0
[],09b105842fc5fc95653121de0125d34a330553ffbef1f522eb69d0a2e60723e5,7.458700180053711,0.0,0.0,4.28,0.9163652658462524,2.929255485534668,2,2.915781259536743,0.0,0.0,3.64,812f332833a170a3,3.365902900695801,4.491527557373047,2.949636697769165,3.658524751663208,2.91195011138916,4.516178607940674,3.8540844917297363,opentts_lada,mfa_aligned,5.98,1.7,0.0
"[""large_boundary_removal""]",f1b28c51508f0e01f722e1a970e432b6e6012e09f83a5c2f8f13d5cad046e805,7.306069374084473,0.0,0.0,6.18,0.9999843835830688,2.6576476097106934,1,2.998107671737671,0.0,0.0,0.0,fac6abf113898efb,2.7138125896453857,3.727482557296753,2.690870523452759,4.131113052368164,2.4808061122894287,4.257216453552246,3.1246578693389893,opentts_lada,review_preserved_untrimmed,6.18,0.0,0.0
"[""large_boundary_removal""]",14a1aac0593c6d582e08832552223e5e07906d30352f37388db8fd249fb05958,7.40147066116333,0.03571428571428571,0.0,5.16,0.9999989867210388,2.9110023975372314,2,3.476891040802002,0.0,0.0,0.0,e9a72a1613b465ae,3.650688648223877,4.1160993576049805,3.3650283813476562,4.278586387634277,3.3420495986938477,4.454684257507324,3.8098080158233643,opentts_lada,review_preserved_untrimmed,5.16,0.0,0.2
[],d8da8bf1c61f17cfd0e39f7d0caeb459f491dfe6a59a7f3973ea800319ce23c2,7.341601371765137,0.0,0.0,4.61,0.9134991765022278,2.791900873184204,5,3.249415874481201,0.0,0.0,2.65,3370cc314324afd0,3.7996368408203125,4.248645782470703,2.617039680480957,4.009381294250488,2.700589179992676,4.186779022216797,3.884359121322632,opentts_lada,mfa_aligned,5.59,0.98,0.0
[],a598986d366247bfe46c01c3d492d7d0d3ff75171fbc4b41c27e05bc2faef1eb,7.005271911621094,0.041666666666666664,0.0,4.16,0.8794974684715271,2.722580671310425,3,3.083216667175293,0.020833333333333332,0.1,2.98,ec2af6a0a797fee2,3.6003856658935547,4.454822540283203,3.2209537029266357,4.410740852355957,2.5575153827667236,4.050634384155273,3.7551138401031494,opentts_lada,mfa_aligned,6.0,1.84,0.1
[],167e194d63e767c22572fe125c4c27f92835cdda4388543aeacd736b883f8d76,7.4159770011901855,0.023809523809523808,0.0,3.24,0.7879365682601929,3.051987648010254,3,3.1510775089263916,0.0,0.0,2.34,5f9e3d1b5205c791,2.9753010272979736,3.988476514816284,3.090848684310913,3.436429977416992,3.045804738998413,4.191961288452148,3.7679028511047363,opentts_lada,mfa_aligned,4.65,1.41,0.1
"[""large_boundary_removal""]",3b12ff26685aa805ef1df23e1b02f91f48561e14216a9fd8497c6479e394cba8,7.338570594787598,0.037037037037037035,0.0,5.1,0.9999975562095642,3.022814989089966,2,2.601682186126709,0.0,0.0,0.0,36d8c7ae4a7d8fcc,3.250413656234741,4.086198329925537,2.706782102584839,4.32741641998291,2.8343634605407715,4.343683242797852,3.536943197250366,opentts_lada,review_preserved_untrimmed,5.1,0.0,0.2
[],9d471222a899d3ecb803cdd292fb4abfc1a99222b8604dc406f8a57a7f34dfa0,7.37136173248291,0.0,0.0,4.54,0.9064106345176697,2.48366117477417,3,3.156080961227417,0.0,0.13333333333333333,1.94,5d9cc95c0c3b48cb,3.1584484577178955,4.790912628173828,3.2545151710510254,3.043682098388672,3.1676762104034424,4.004846096038818,3.9240896701812744,opentts_lada,mfa_aligned,5.47,0.93,0.0
[],e852d1152107a9dc6efbbbc105eaff5ecda0975452bf7e58855a712c0de5fefa,7.362961292266846,0.0,0.0,4.65,0.9127410054206848,3.019239902496338,4,3.0629079341888428,0.0,0.0,2.73,a7cd21518394e414,3.3387808799743652,4.394579887390137,2.739163398742676,3.8972864151000977,3.1979453563690186,4.664454936981201,3.980423927307129,opentts_lada,mfa_aligned,6.02,1.37,0.0
[],41a5d7d3d0ef1d1d41f1ff043fafb672bfd714b73b86acd82a1c861767916f8d,7.255125045776367,0.0,0.0,5.59,0.9378239512443542,2.432908296585083,4,2.811452865600586,0.0,0.0,2.81,8398aa249a64e7dd,3.576287269592285,4.300966739654541,2.146738290786743,3.767832040786743,2.278738260269165,4.07557487487793,3.4120399951934814,opentts_lada,mfa_aligned,7.33,1.74,0.0
[],3ebcdb94d02930446dff5a9332f3a37cb17b47ba933446486d444e5d0dfcd273,7.272281169891357,0.025,0.0,3.25,0.9309628009796143,2.7756948471069336,2,3.683563470840454,0.025,0.125,2.51,8fe3928a78329cf5,3.7867143154144287,4.415200710296631,2.6392290592193604,4.274627685546875,2.668365478515625,4.352822303771973,3.943570375442505,opentts_lada,mfa_aligned,4.74,1.49,0.125
"[""large_boundary_removal""]",f5668d365d79fb8ee382995eb76e5b0fc1e7a1db831aecc913073cab78bbd709,7.381308555603027,0.05,0.0,4.62,0.9999942779541016,3.2747244834899902,3,2.746321678161621,0.0,0.0,0.0,89af8e11c37988c5,3.7838900089263916,3.894774913787842,3.2115638256073,4.419763088226318,3.314727783203125,3.9743990898132324,3.9377188682556152,opentts_lada,review_preserved_untrimmed,4.62,0.0,0.2
[],e83c35c650ba00afb1bcd0d4cfe15a04ae2b664ba24d0886367298ac5c4dc30d,7.625554084777832,0.0,0.0,2.8,0.8497108817100525,2.6569809913635254,1,2.791022777557373,0.0,0.0,2.6,37660310fa3b4d6d,3.1964964866638184,4.859353065490723,3.204251289367676,3.561729907989502,2.9981861114501953,4.137781620025635,3.601710557937622,opentts_lada,mfa_aligned,4.4,1.6,0.0
[],5da7a350aa30cf54cd91003f9be5f4406cb70d54295d859029ce9624f0523fad,7.152988910675049,0.0392156862745098,0.0,4.07,0.9527347683906555,2.392634868621826,6,2.818969488143921,0.0784313725490196,0.375,2.41,ae86e1b727ab4994,3.4273669719696045,4.775738716125488,2.827810764312744,3.8262643814086914,2.531203031539917,4.763133525848389,3.92330002784729,opentts_lada,mfa_aligned,5.48,1.41,0.25
[],95494456e965eb00cbaeb2163f73537d15ee8ea2367598675fb27459c8b4fb85,7.365068435668945,0.5079365079365079,0.0,3.3,0.897707998752594,2.754786252975464,2,2.809053897857666,0.5079365079365079,0.6363636363636364,1.98,c23113a06a84767d,3.196164131164551,4.337732315063477,2.00882625579834,4.053086280822754,2.726759672164917,4.222993850708008,3.789844512939453,opentts_lada,mfa_aligned,5.16,1.86,0.6363636363636364
"[""large_boundary_removal""]",c8049368671203c5fd018421b0c1e2963dffc06edf6b6716957aebf22145b0a1,7.448410987854004,0.041666666666666664,0.0,5.46,0.9999930262565613,2.6579558849334717,3,3.567786693572998,0.0,0.0,0.0,2e1312c52e3a30c1,3.4864885807037354,3.8028740882873535,3.0895426273345947,4.204700469970703,3.2335212230682373,4.317303657531738,3.625497579574585,opentts_lada,review_preserved_untrimmed,5.46,0.0,0.3333333333333333
[],70c9a4940f73e881a1d15cbbeaded35e293ff1baf0c970bddbbbd3f699d706a9,7.343315124511719,0.0,0.0,2.7400416666666665,0.9194405674934387,2.814406394958496,1,3.0969624519348145,0.0,0.0,2.6599583333333334,cb52983eab2b2756,2.7391457557678223,4.248364448547363,3.309475898742676,3.6651651859283447,2.9706835746765137,3.99761962890625,3.4641356468200684,opentts_lada,mfa_aligned,4.65,1.9099583333333334,0.0
[],d4947a942c8224349cee223e06fb0165b6f4fcc221a6f0b9723b9b0d199c2e4e,7.600654602050781,0.0,0.0,3.02,0.8418043255805969,2.5662856101989746,2,2.970701217651367,0.0,0.0,2.38,c136c6d30b2df2ce,2.8626224994659424,3.8909873962402344,3.168938159942627,3.9855778217315674,2.6144165992736816,3.770151376724243,3.6066362857818604,opentts_lada,mfa_aligned,4.25,1.23,0.0
[],893105d642ff32052e9f437d14206fcdff965d9297562c5d5a93316e6f118087,7.0549774169921875,0.025,0.0,3.97,0.9055188894271851,3.0786969661712646,2,2.8743679523468018,0.0,0.0,2.39,b4e8a408cefc180c,3.6105897426605225,3.7246108055114746,2.9604310989379883,3.4189069271087646,3.156001091003418,3.7806966304779053,3.7472801208496094,opentts_lada,mfa_aligned,5.34,1.37,0.09090909090909091
[],bbef411e2ef2903ad553906f85dc432641f721dc49d24a826839481c416c5762,7.062724590301514,0.08823529411764706,0.0,3.27,0.8686790466308594,2.870018243789673,3,3.12748122215271,0.08823529411764706,0.14285714285714285,2.19,63b846f0797232dd,3.9291136264801025,4.453912258148193,3.124293327331543,4.415256500244141,3.4383385181427,4.422422409057617,4.112393856048584,opentts_lada,mfa_aligned,4.1,0.83,0.14285714285714285
[],32bf5a089eab90794d896bfa36b8e20cf0b6713bc88fcd3514529b43242628b5,7.111600875854492,0.0,0.0,3.61,0.8717547655105591,2.6977927684783936,1,2.7112696170806885,0.02564102564102564,0.1111111111111111,3.23,8572e866f1dc645a,3.3654141426086426,4.0908098220825195,2.9730496406555176,2.8058791160583496,2.4635045528411865,3.827282667160034,3.502908706665039,opentts_lada,mfa_aligned,5.2,1.59,0.0
[],cdb59e0435b7798ddafb1957b41b7f27aef6c13a8622f6ae3d2c4e9ce613699d,7.164351463317871,0.047619047619047616,0.0,3.27,0.937586784362793,2.2221152782440186,3,1.9715361595153809,0.07142857142857142,0.5,2.25,b47d33d39090f18c,3.4868719577789307,4.205344200134277,2.089707136154175,2.5700173377990723,2.283656597137451,3.43589448928833,2.9411087036132812,opentts_lada,mfa_aligned,4.76,1.49,0.3333333333333333
"[""large_boundary_removal""]",e5ba90b55f4e055e2d659743b4a0485b66731306f136b8e8b1fe3525d6fb9ff2,7.4601006507873535,0.0,0.0,5.16,0.9999811053276062,3.220158100128174,0,3.383725643157959,0.0,0.0,0.0,ae7464dd19369d7c,3.113166332244873,4.018527030944824,3.2737298011779785,4.695167541503906,2.9730381965637207,4.626184463500977,3.4740822315216064,opentts_lada,review_preserved_untrimmed,5.16,0.0,0.0
"[""large_boundary_removal""]",4fb075cbf237f39b893691fd9e495f2d7f16e60053f8b0d49d4246ace9b86221,7.565013408660889,0.0,0.0,5.7,0.9999967813491821,3.025678873062134,3,3.0930418968200684,0.0,0.0,0.0,1392e9cab03d35ac,3.0993781089782715,3.345623254776001,2.9071857929229736,4.31165885925293,2.951112747192383,4.060718536376953,3.2138783931732178,opentts_lada,review_preserved_untrimmed,5.7,0.0,0.0
[],d45121052c1776b6079c5e9fe835106341811f1d872ee877b861bcd861da45ce,6.591162204742432,0.0,0.0,2.76,0.7657173275947571,2.7412703037261963,3,3.21573543548584,0.0,0.0,2.58,0d8baee843210a93,4.0940704345703125,4.600350379943848,2.781898260116577,4.078250408172607,2.9896433353424072,4.375098705291748,3.5194907188415527,opentts_lada,mfa_aligned,4.38,1.62,0.0
"[""large_boundary_removal""]",010a576080c3d4f6cb23f08278f1e81b994ffb6610720e653f42ce95c7d90d5d,7.561032295227051,0.05263157894736842,0.0,4.38,0.9999958276748657,3.113053321838379,2,3.1653599739074707,0.0,0.0,0.0,8ef25dfa5c938f24,3.4358065128326416,3.7413876056671143,3.0135457515716553,4.3078484535217285,3.2087881565093994,3.799187421798706,3.644371271133423,opentts_lada,review_preserved_untrimmed,4.38,0.0,0.25
[],3c358e1637915b1c309e6aab1de910a80dde1cb01c807fe4eac810218b60f4c0,6.888996601104736,0.0,0.0,4.01,0.8889404535293579,2.3840408325195312,2,2.3184287548065186,0.0,0.0,2.35,40ca8ab75d42caf5,3.1075243949890137,4.3147053718566895,3.2728769779205322,3.731950283050537,2.6036765575408936,4.231764316558838,3.415904998779297,opentts_lada,mfa_aligned,5.01,1.0,0.0
[],cb8c5b4e04f0b299445bbc18dbfb6e630a69d652873ec0c491a0677241d90d6d,7.185854434967041,0.0,0.0,3.5500416666666665,0.9008986949920654,2.9202654361724854,3,3.092108726501465,0.0,0.0,2.4499583333333335,c3a385cebac82c87,3.635892629623413,4.513667106628418,2.8053605556488037,3.3366916179656982,2.4886271953582764,4.725383758544922,3.697309732437134,opentts_lada,mfa_aligned,5.09,1.5399583333333333,0.0
[],2c888ff9f4d1c20eedd6e6d40ddc5ba37eaf693790d7c787a224953fcd3c88c8,7.337398529052734,0.016666666666666666,0.0,5.61,0.9819689393043518,3.5392658710479736,8,3.1359732151031494,0.0,0.0,1.95,50b57b7a80c645f6,3.963494300842285,4.3712053298950195,3.753117322921753,3.412217140197754,3.066650629043579,4.770854473114014,3.9683332443237305,opentts_lada,mfa_aligned,7.11,1.5,0.16666666666666666
[],9583df5cbb754a4b058772cb7e078ca2d5f298b869acb1dea1bb85e86c38d73b,7.263545989990234,0.0,0.0,4.21,0.8656031489372253,2.677107810974121,2,2.535951852798462,0.0,0.0,2.21,8050544d45d48e02,3.040994882583618,4.567481994628906,3.229881525039673,2.247377395629883,2.2809736728668213,4.4623003005981445,3.637467384338379,opentts_lada,mfa_aligned,5.62,1.41,0.0
"[""large_boundary_removal""]",9c8beee8d07a5e4522b1fa96d71a7a2b6e326f0df63db16ac030a99c1247f5a7,7.692356109619141,0.0,0.0,5.4,0.9999988079071045,2.213641405105591,1,2.7960832118988037,0.0,0.0,0.0,f1a3a5a7e7156e30,3.338968515396118,3.888136386871338,2.068127393722534,3.8326900005340576,2.440939426422119,4.176858901977539,3.0051991939544678,opentts_lada,review_preserved_untrimmed,5.4,0.0,0.0
[],4df9b7ec07053f05d5c0a90c7245b985d347d8817618b1c1326b0ecf2430df2f,7.4756293296813965,0.0,0.0,2.37,0.8613553047180176,2.5670840740203857,2,2.697876453399658,0.0,0.0,2.31,367cf4190991df76,3.7851126194000244,3.667328119277954,2.7508857250213623,3.8130297660827637,2.7146263122558594,4.254804611206055,3.4567580223083496,opentts_lada,mfa_aligned,3.95,1.58,0.0
[],c557775cb93da829b7889a0d8a2f4d752d5d87b3230c433e4560b7416d46626c,7.167167663574219,0.03333333333333333,0.0,4.99,0.8701727986335754,3.1143062114715576,2,3.364104986190796,0.0,0.0,3.41,38f52c8e92c8c314,3.527083396911621,4.195999622344971,3.1082515716552734,3.6372549533843994,2.7709312438964844,4.461129188537598,4.133665561676025,opentts_lada,mfa_aligned,6.7,1.71,0.07142857142857142
[],5333cf594e6074cce1d8e1b2ab37d5ab992e845cb4baae45fe8a302190998f3d,7.290160179138184,0.0,0.0,3.94,0.8511350750923157,2.49690318107605,3,2.780602216720581,0.0,0.0,2.42,9563831fae486725,3.6916091442108154,4.7365899085998535,3.6483347415924072,4.399585723876953,2.802004337310791,4.128267288208008,3.560520648956299,opentts_lada,mfa_aligned,5.53,1.59,0.0
[],ee91375e4e0e1766c273eb7ec1543b1dc1bc98e5c1b323fb9584ca360b5b6b39,7.546396255493164,0.0,0.0,3.42,0.818147599697113,2.729703187942505,3,3.006932497024536,0.0,0.0,2.94,500da6c2d85b4239,3.7633094787597656,4.403246879577637,2.2562716007232666,4.496801853179932,2.813533306121826,4.643346309661865,3.853529691696167,opentts_lada,mfa_aligned,5.14,1.72,0.0
[],da576567fa8f99a957bd4c70cbb1030779b53eed57474ee655070419bb18a268,7.177199840545654,0.0,0.0,2.94,0.9049375057220459,2.373598098754883,2,3.285524368286133,0.02702702702702703,0.16666666666666666,2.4,6d435c25ec88193a,3.34197735786438,4.315993309020996,2.89214825630188,3.9726901054382324,2.7255733013153076,4.025378704071045,3.4781675338745117,opentts_lada,mfa_aligned,4.33,1.39,0.0
[],587db19b3211152588a61cc4e5df9ee3a571e5791e73ab73b27c289b50beeca0,7.137159824371338,0.04878048780487805,0.0,3.48,0.8651908040046692,2.47798490524292,4,3.138582706451416,0.04878048780487805,0.7142857142857143,2.82,754d3aa83fff6c31,3.211329221725464,4.016568183898926,3.6431667804718018,3.466212511062622,2.5977389812469482,4.007299900054932,3.761429786682129,opentts_lada,mfa_aligned,4.85,1.37,1.0
[],02512fd69172b92fc0c0b98ddb3a1272080d7931e56605ee543e96b977616c9d,7.419459342956543,0.020833333333333332,0.0,3.89,0.8558254837989807,2.4917824268341064,3,2.6547560691833496,0.0,0.0,2.47,c6033c8f5d1b61f0,2.821866750717163,4.186457633972168,3.6120355129241943,3.1862287521362305,2.5962326526641846,4.206794738769531,3.489642858505249,opentts_lada,mfa_aligned,5.12,1.23,0.1111111111111111
[],80b27f9e5758749f60410f0668575e44a5738eb05541d904a8ee655a54dc78c6,7.19551420211792,0.0,0.0,3.49,0.9200146198272705,2.867814302444458,2,2.916322946548462,0.0,0.0,2.93,4115fa4f711a73c3,3.5016872882843018,4.45638370513916,3.1991915702819824,3.5295937061309814,2.763490676879883,4.342286109924316,3.89780592918396,opentts_lada,mfa_aligned,5.17,1.68,0.0
"[""large_boundary_removal""]",e78f945f70046f518dc1f00bcf815f3ab6d80dc30f13a5ec969d7f446cb0c420,7.275002956390381,0.0,0.0,5.1,0.9999498128890991,2.9705286026000977,0,3.210618734359741,0.0,0.0,0.0,22aae211e4a9f6bb,3.2880187034606934,3.753751277923584,3.1762197017669678,4.249364852905273,3.262620449066162,4.385077953338623,3.749835729598999,opentts_lada,review_preserved_untrimmed,5.1,0.0,0.0
[],8794b19b175acbd3344b43d5cf3a96fe038199e65e936a89810d52056877403c,6.723957538604736,0.0,0.0,2.86,0.826308012008667,2.526341676712036,0,3.182661771774292,0.0,0.0,2.48,afcd21da27e9d366,3.304574966430664,4.6086273193359375,2.8512816429138184,3.1608896255493164,2.5776138305664062,3.98864483833313,3.6631908416748047,opentts_lada,mfa_aligned,4.13,1.27,0.0
[],4c4b56ec8c837d28958dc226b62ede53d8696271302cc33aa091dcd6e6215d75,7.335607051849365,0.0,0.0,5.14,0.8972593545913696,3.015390634536743,4,3.147832155227661,0.0,0.0,1.76,2cfc2221e4930a13,3.381441116333008,4.702081203460693,3.256803274154663,3.9454102516174316,3.091977119445801,4.460351943969727,3.8333981037139893,opentts_lada,mfa_aligned,6.05,0.91,0.0
[],18d040bda37601d18eb6b9a1747d63a23075f7c6b5f39e0e31499b38b0a55ee6,7.19603157043457,0.0,0.0,4.07,0.8882052898406982,2.65545916557312,6,3.1227946281433105,0.0,0.0,2.35,60a88bb5a86a6769,3.4309043884277344,4.454176902770996,3.172795057296753,3.4230010509490967,2.5435314178466797,4.103085517883301,3.7850520610809326,opentts_lada,mfa_aligned,5.47,1.4,0.0
"[""large_boundary_removal""]",2e93a6b87a22c6753378f18a4f88b89789eba2b18f2ac6515c5ecaf8838d8df2,7.521317481994629,0.0,0.0,5.52,0.9999977350234985,2.833158016204834,1,2.8983633518218994,0.058823529411764705,0.3333333333333333,0.0,993562ae800f5241,3.4046671390533447,3.6626946926116943,2.812046766281128,3.8169848918914795,2.9092347621917725,4.168461799621582,3.4247961044311523,opentts_lada,review_preserved_untrimmed,5.52,0.0,0.0
[],43009b6b02616dd730c51ccf382a5b5d290211f6adcbd9510696ca77f0d12e97,7.52834415435791,0.0,0.0,2.5900416666666666,0.747463583946228,3.3349874019622803,2,3.343200445175171,0.0,0.0,2.3299583333333334,1638d7672e185d8d,3.6639866828918457,3.997751474380493,3.290813684463501,3.8992297649383545,2.8086225986480713,3.880760431289673,4.090882778167725,opentts_lada,mfa_aligned,3.89,1.2999583333333333,0.0
"[""large_boundary_removal""]",74ffa77433af6edb4f97991ab4744e4581407b975f769a610cd3fc5d97446815,7.775195121765137,0.0,0.0,4.74,0.9999992251396179,2.9470183849334717,1,3.121899366378784,0.0,0.0,0.0,e54cb0321b792fb3,3.756899356842041,3.860640048980713,2.99973726272583,4.3551740646362305,3.2366764545440674,4.208642959594727,3.7734241485595703,opentts_lada,review_preserved_untrimmed,4.74,0.0,0.0
"[""large_boundary_removal""]",318cf231c73ff8c75cee7ef841cdc2127447374df3ab03f0b3768c5fb7f0fbb0,7.497297763824463,0.0,0.0,4.32,0.9999973177909851,2.402339458465576,2,2.365121364593506,0.0,0.0,0.0,d2ce58ca31ea83b0,3.4437098503112793,2.9951512813568115,3.060818672180176,4.136709213256836,2.581791877746582,4.112863540649414,2.825092077255249,opentts_lada,review_preserved_untrimmed,4.32,0.0,0.0
[],47bfa8e05282f7b7376d15970ab5cc9acdca0ee03abeaad42a14a6cedbbe8853,7.390371322631836,0.0,0.0,4.670041666666667,0.9714666604995728,2.6028761863708496,4,3.1119041442871094,0.0,0.0,1.8099583333333333,5304f7031602317a,3.2956364154815674,4.048167705535889,3.2104310989379883,3.996079444885254,2.9186501502990723,4.27604866027832,3.4955990314483643,opentts_lada,mfa_aligned,5.8,1.1299583333333334,0.0
[],a27460c26497663dcba6196e71ac9edd0b825c1aa7ad386508002a52f69ac8b4,7.382812023162842,0.0,0.0,3.64,0.7815980911254883,2.850219488143921,1,2.7742645740509033,0.0,0.0,2.72,6631f5ca7fe6482d,2.986562490463257,4.807380676269531,2.948042631149292,3.843764066696167,2.6654460430145264,4.504199028015137,3.2603626251220703,opentts_lada,mfa_aligned,5.07,1.43,0.0
[],9f83ed7ca11f4a9fc8286af90baa0813a052d3511e0aaaa1e0b73c26948e9d7f,7.391132831573486,0.037037037037037035,0.0,2.79,0.8342055082321167,2.968301773071289,0,2.732074737548828,0.0,0.0,2.37,3ffe87a8fbd2ba55,3.1375107765197754,4.263069152832031,2.742926836013794,3.6985116004943848,2.669196128845215,4.007402420043945,3.2096874713897705,opentts_lada,mfa_aligned,4.18,1.39,0.14285714285714285
[],58037200241a9c989d629d8807cd6657ff645c6d577118ddf6af8081969e20bf,7.4640278816223145,0.0,0.0,2.92,0.8050186038017273,2.34110689163208,3,2.5315182209014893,0.0,0.0,2.12,d97c3ffd13bab92d,3.591991424560547,4.576652526855469,2.604604482650757,4.1768012046813965,3.4009335041046143,4.297348499298096,3.9807872772216797,opentts_lada,mfa_aligned,3.8,0.88,0.0
[],73c6e3c55b1eb8a5d2bf5120acf49fb84101b5ffe757f79ceada5df4fe7e6cdc,7.041361331939697,0.0,0.0,5.400041666666667,0.9332106113433838,2.9497804641723633,5,3.2774105072021484,0.0,0.15384615384615385,2.9399583333333332,e9811b7c2ddd4e3b,3.615081787109375,4.330970287322998,2.5928850173950195,4.466822624206543,3.030116319656372,4.610558032989502,3.84255051612854,opentts_lada,mfa_aligned,6.93,1.5299583333333333,0.15384615384615385
"[""large_boundary_removal""]",2970690cca1a0638dcc2eda9b21a1626ae5df5e6d5532972839d59f17eb88788,7.218331336975098,0.03571428571428571,0.0,4.92,0.9999698400497437,2.9135735034942627,0,2.9833157062530518,0.03571428571428571,0.3333333333333333,0.0,db9a783efaeefc90,3.1238155364990234,3.921933889389038,3.54632568359375,4.135050296783447,2.95041823387146,4.143489837646484,3.5604746341705322,opentts_lada,review_preserved_untrimmed,4.92,0.0,0.5
[],d6feb50e73e2b875f53e8cd52241953083d024a4412e77be19b4eac0912ced07,7.507092475891113,0.02127659574468085,0.0,4.06,0.8725398182868958,3.201554298400879,2,3.0445451736450195,0.02127659574468085,0.125,3.26,3faa153457aa9053,3.283428430557251,4.417756080627441,2.8676273822784424,3.943148136138916,2.9169228076934814,4.5192999839782715,3.587567090988159,opentts_lada,mfa_aligned,5.9,1.84,0.125
[],1fc80567041c3e0149eb6d42ca71e6e6949d03b3f30813fb3911053c22dcd33f,6.7057952880859375,0.0,0.0,3.430041666666667,0.7910106778144836,2.8372304439544678,3,3.4762673377990723,0.024390243902439025,0.14285714285714285,2.8099583333333333,0b791c8fee95553d,3.5184876918792725,4.50588321685791,2.755943536758423,4.572330951690674,2.7595815658569336,3.6811978816986084,4.108342170715332,opentts_lada,mfa_aligned,4.78,1.3499583333333334,0.0
[],13798850d547a59fbfbb03a59a08a851901036080590ed171fcea61a83ff3973,7.417825222015381,0.0,0.0,3.29,0.9281722903251648,2.974384069442749,0,3.4358909130096436,0.02631578947368421,0.125,2.35,e951bb2bb584ed3b,2.949929714202881,4.680825710296631,3.299499273300171,3.283470630645752,2.7382874488830566,3.986889600753784,3.963225841522217,opentts_lada,mfa_aligned,4.94,1.65,0.0
[],409082a1c7426f801d6b350ab6e34747d883d93f470d5407976f1136061b04d8,7.37268590927124,0.0,0.0,2.7,0.8444728255271912,2.64719295501709,2,2.90989089012146,0.0,0.0,2.64,de17a05f28fba27d,3.143127918243408,3.87050461769104,3.6145827770233154,3.5011162757873535,2.8448445796966553,3.8286874294281006,3.480942964553833,opentts_lada,mfa_aligned,4.09,1.39,0.0
[],baff1c482d4356cc019d812d227c726b35770118c088ebbf924e3f745bfbb16b,7.277099609375,0.0,0.0,4.62,0.8961294889450073,3.142207384109497,3,2.8306756019592285,0.0,0.0,1.8,a46c4e3dd06a9aaf,3.4489634037017822,4.794377326965332,3.581960678100586,3.8067052364349365,3.2502903938293457,4.456322193145752,3.7171504497528076,opentts_lada,mfa_aligned,5.42,0.8,0.0
[],07182798e54519b94c793a52b6c1da1728eb1ab5e2a091584e934478bcf6203f,7.3770294189453125,0.0,0.0,4.34,0.9341473579406738,2.737626314163208,2,3.097493886947632,0.018518518518518517,0.1,2.5,3239037655f3c62b,3.2874999046325684,4.11536979675293,3.2521610260009766,3.965006113052368,2.5502917766571045,4.178186416625977,3.659179925918579,opentts_lada,mfa_aligned,5.82,1.48,0.0
[],1a6aa5a9e620c077d1c95438ec8f048a6d9a8c02069b6883ceb718d96627e205,7.033714294433594,0.10526315789473684,0.0,1.95,0.9063643217086792,3.305882453918457,0,2.61250638961792,0.0,0.0,1.95,0926bee71f6de28a,3.3414433002471924,3.8816466331481934,3.1086606979370117,3.389157772064209,3.1179211139678955,3.628380537033081,3.65316104888916,opentts_lada,mfa_aligned,3.21,1.26,0.3333333333333333
[],0478f0423fc579e9a5396b29dadbb9a1fe66e4e36a7687442604e8d202de847a,7.221221446990967,0.0,0.0,4.08,0.9206793308258057,2.8537819385528564,3,2.6489851474761963,0.0,0.0,2.34,15216fcd52dfed59,3.4450604915618896,3.7795374393463135,2.5214247703552246,4.44416618347168,3.076519727706909,4.037364959716797,3.5161678791046143,opentts_lada,mfa_aligned,5.71,1.63,0.0
[],ba8714102c5382e0bd97c60858d63f2119188abb0074370c2aa79c9dd9d47520,7.214199542999268,0.0,0.0,4.32,0.8574308753013611,2.8310368061065674,1,3.21006178855896,0.0,0.0,3.0,b2d2f9b372cebb9a,3.681016445159912,4.087214946746826,3.1801352500915527,3.825094699859619,2.7949647903442383,4.072715759277344,3.6561050415039062,opentts_lada,mfa_aligned,5.83,1.51,0.0
[],154d2cd101eb039e8659d3b11121356fa78aa3a4b19b977b1044bc27b998ff06,7.173944473266602,0.10526315789473684,0.0,2.66,0.674381673336029,2.4145264625549316,2,2.628197431564331,0.3684210526315789,1.0,1.72,6a7781dfa09ea82e,3.6061811447143555,4.370584487915039,2.9315266609191895,3.7713305950164795,2.7987723350524902,4.314136028289795,3.5723955631256104,opentts_lada,mfa_aligned,3.46,0.8,0.16666666666666666
"[""large_boundary_removal""]",21d3f8020ebefd0f61579e9c9a5a76c7dd5bfbd60f9becfdd5484af081586a62,7.565000057220459,0.0,0.0,5.7,0.9999990463256836,2.943262815475464,1,2.866530418395996,0.0,0.0,0.0,1f0ad04adc6756b7,3.5508804321289062,3.840846300125122,2.7476346492767334,4.129456996917725,3.049365997314453,4.134617328643799,3.6478734016418457,opentts_lada,review_preserved_untrimmed,5.7,0.0,0.0
[],f7e0428212b575a8cf3525a7f8ce1b9d2bbbdd314449c02b4ac6a4afd7ec3158,7.454653263092041,0.0,0.0,4.100041666666667,0.919221043586731,2.2904934883117676,3,2.721649408340454,0.0,0.0,2.319958333333333,e576487c8a8d17b7,3.002561092376709,4.275389671325684,3.0005273818969727,3.884833335876465,2.688932180404663,3.8649260997772217,3.9047470092773438,opentts_lada,mfa_aligned,5.46,1.3599583333333334,0.0
[],acdb6470058386e20a6f5cfedd082fc6a0fd12eacd5a26e9fc6074594a47d34d,7.351621150970459,0.0,0.0,3.4200416666666666,0.9644653797149658,2.9552953243255615,2,3.111786365509033,0.0,0.0,1.9799583333333333,c38700278b6b82f4,3.677180528640747,4.372718811035156,3.160914421081543,4.246013641357422,2.93601393699646,4.036849021911621,4.326010704040527,opentts_lada,mfa_aligned,4.73,1.3099583333333333,0.0
[],4437448c14f802a553825a9be69e79fb3ba3d60607429e92589eec585e02693f,7.454845428466797,0.0,0.0,3.0,0.8836745619773865,2.5356271266937256,2,2.920152187347412,0.0,0.0,2.82,d93fc4c98890ebf0,3.480020761489868,4.007585525512695,3.055696964263916,3.8147072792053223,2.5797343254089355,3.9975082874298096,3.564937114715576,opentts_lada,mfa_aligned,4.69,1.69,0.0
"[""large_boundary_removal""]",e80668a6377f583eeead6b3e8fc077c79aafe8ae22cf4fc307d643c49fc206e1,7.468630790710449,0.0,0.0,5.1,0.9999967217445374,3.060781717300415,1,3.3044559955596924,0.0,0.0,0.0,f7e215626f22d612,3.1104016304016113,3.870124101638794,3.2932279109954834,4.762879371643066,3.0026135444641113,4.564949989318848,3.4840543270111084,opentts_lada,review_preserved_untrimmed,5.1,0.0,0.0
[],d13a76d0b437c64cde779a4a7720d5e8ce61b85240ae676c85ed5be0abde6a0e,7.108758926391602,0.03225806451612903,0.0,2.96,0.8496407866477966,3.0761592388153076,0,2.979132890701294,0.03225806451612903,0.16666666666666666,2.38,f03f962b4c44f815,3.4646055698394775,4.126010894775391,3.1041419506073,4.235010147094727,2.756441593170166,4.20029878616333,3.6382126808166504,opentts_lada,mfa_aligned,4.36,1.4,0.16666666666666666
[],96f5d6b3a939ea60a753aaa9e3653f6e6c436089e0c3481903cc9818eabb8596,7.5378923416137695,0.018867924528301886,0.0,4.22,0.8834169507026672,2.399167060852051,4,3.060539960861206,0.0,0.0,2.32,eb744d66547433cf,3.5198123455047607,4.078827381134033,2.5442862510681152,4.178349018096924,2.6117515563964844,4.080992698669434,3.953909397125244,opentts_lada,mfa_aligned,5.74,1.52,0.16666666666666666
"[""large_boundary_removal""]",7ae020f4774afa3975b2e70bcdbc54e6f46cdd1694f2e210d0794c65e8aaae51,7.288690567016602,0.05555555555555555,0.0,5.4,0.9999971985816956,2.844712018966675,3,3.3044211864471436,0.0,0.0,0.0,cc9834c73af666b8,3.200488328933716,3.794114589691162,3.013521671295166,4.165088176727295,2.772632122039795,4.078998565673828,3.308692216873169,opentts_lada,review_preserved_untrimmed,5.4,0.0,0.3333333333333333
[],a457c83d858698cafdf8c2a9e8f4b8a94e2774123d7a04b779a9f3e142308bbe,7.0302910804748535,0.0,0.0,2.71,0.8135191202163696,3.0520987510681152,1,2.8064463138580322,0.0,0.0,2.63,346d44fa77ff8baa,3.3657071590423584,3.8673670291900635,3.072402238845825,3.4574408531188965,2.4444565773010254,3.692548990249634,3.6178078651428223,opentts_lada,mfa_aligned,4.41,1.7,0.0
[],fafd6d5c28e9185bc126d9d9688852036d8390de144780e607a23dc0b8133752,7.279685974121094,0.0,0.0,2.65,0.8553913235664368,3.2606680393218994,4,2.7889294624328613,0.0,0.0,2.63,fd4fada003f9d13c,3.1423192024230957,4.703054428100586,2.92576265335083,3.138538360595703,2.5907609462738037,3.7605950832366943,4.156712532043457,opentts_lada,mfa_aligned,4.07,1.42,0.0
[],615d985d68fc0b45402c83fee20f67e091be434134bcddc330dae54dda45cf27,6.8427910804748535,0.0,0.0,4.160041666666666,0.875927209854126,2.7886786460876465,3,3.106837511062622,0.0425531914893617,0.14285714285714285,3.2199583333333335,b77683880022388b,3.1767935752868652,4.384035587310791,2.8729162216186523,3.697629928588867,2.6381707191467285,4.526979446411133,3.8145129680633545,opentts_lada,mfa_aligned,5.98,1.8199583333333333,0.0
[],5f1d6fb65852736ded71b26b438fcc0ff6ac16dd646ca171b0a31f918d826676,7.259689807891846,0.0,0.0,4.35,0.9693604707717896,3.063661575317383,2,2.935009479522705,0.0,0.0,2.01,ceffff0097a3c337,3.4712228775024414,4.250268459320068,3.292241096496582,4.106884002685547,2.829710006713867,3.779405117034912,3.823774576187134,opentts_lada,mfa_aligned,5.77,1.42,0.0
[],a70fedfe6615ec5e0a6a3c22bae7964a0cbd6fe3bf65d2c84be6c01fa22fbb30,7.514012336730957,0.0,0.0,2.31,0.9473322033882141,3.9470248222351074,2,3.7003934383392334,0.0,0.0,0.99,d9142a1825f6670e,3.6149063110351562,4.59780216217041,4.584515571594238,4.669641494750977,3.834909200668335,4.471540451049805,4.345691680908203,opentts_mykyta,mfa_aligned,2.94,0.63,0.0
[],5e70360d1e981b3e19e4ea046f38254255cbab5ad0c5c18cd78c3d0ed12ce8f5,7.471494674682617,0.0625,0.0,2.58,0.9310487508773804,2.5461792945861816,1,2.8068807125091553,0.0,0.0,1.08,58a476fc30599f00,3.1058244705200195,4.210409164428711,2.89681339263916,4.009077548980713,2.7090797424316406,3.81719970703125,2.98665452003479,opentts_mykyta,mfa_aligned,3.21,0.63,0.2
[],be1d163a61d4928d363aff071576d30c3eeb8d6ca4bfb78fefa66e7df0159b90,7.79023551940918,0.018518518518518517,0.0,5.86,0.9835125207901001,3.9385786056518555,5,4.177424430847168,0.018518518518518517,0.1111111111111111,1.58,a873e806b8130af9,4.886284351348877,4.40250301361084,3.969360589981079,4.189567565917969,4.0248517990112305,4.383583068847656,4.533984184265137,opentts_mykyta,mfa_aligned,6.64,0.78,0.1111111111111111
[],a3f7b269313db7ed29b08a883b75068e92b83c010abaecce51f71036f2e9212d,7.823596477508545,0.0,0.0,6.16,0.983859658241272,3.5968220233917236,2,3.246403932571411,0.0,0.0,0.8,46aa2e4062987a5d,3.800710439682007,4.489871978759766,4.319065093994141,4.318144798278809,3.4017205238342285,4.147822380065918,3.656235456466675,opentts_mykyta,mfa_aligned,6.61,0.45,0.0
[],194a432daf3ff7894d425ed5602fdcc477adf0a7b14ee97689c951820d8e43d1,7.6773681640625,0.034482758620689655,0.0,4.3,0.9924967885017395,3.5831644535064697,2,3.695319414138794,0.0,0.0,0.98,3a2012d91c2c6df9,3.7142174243927,4.135359764099121,4.382029056549072,4.462832927703857,3.974191188812256,4.409885883331299,4.467260360717773,opentts_mykyta,mfa_aligned,4.94,0.64,0.16666666666666666
[],3f54040f73edd19358472491ed54b880ca0ae773a659282650a57e7b284f9b5a,7.736361980438232,0.0,0.0,4.62,0.9870849251747131,3.3714067935943604,3,3.8128113746643066,0.0,0.0,1.14,1853fc4b9f791b61,4.024408340454102,4.233456611633301,4.611691474914551,4.18337869644165,3.5450353622436523,4.496345520019531,4.156085968017578,opentts_mykyta,mfa_aligned,5.27,0.65,0.0
[],022abe98098bf7edbc000ea205c12d6d3508b7cb72efa475c72b8dac1b6b04f0,7.5897417068481445,0.0,0.0,3.01,0.9701452851295471,2.9230403900146484,1,3.1419968605041504,0.0,0.0,1.25,1f1ae89bb0ffb8b8,3.852755546569824,4.646655082702637,3.573982000350952,4.043890953063965,3.1345903873443604,3.9365859031677246,3.843050956726074,opentts_mykyta,mfa_aligned,3.67,0.66,0.0
[],8ad04b16cef151ba188e8f92c93cc2c2ff544ccc9ced04d1ed5ce5e45215fa6d,7.7323689460754395,0.0,0.0,5.51,0.9881831407546997,3.5276224613189697,3,3.503366708755493,0.0,0.0,1.45,11a93ede4910d3dd,4.216231346130371,3.723703622817993,3.6361725330352783,4.1933512687683105,3.5818774700164795,4.662405014038086,4.155988693237305,opentts_mykyta,mfa_aligned,6.45,0.94,0.0
[],5b875e3d03932617d6e5d3f96bec89184e7e3d8b175dd51679feb5f6f012db00,7.582455635070801,0.034482758620689655,0.0,3.15,0.9371356964111328,3.1620595455169678,3,3.5142030715942383,0.0,0.0,1.89,93bfc7f74dde98e1,3.035853862762451,4.651210308074951,4.127290725708008,4.321599960327148,3.401526689529419,4.21755313873291,4.117353439331055,opentts_mykyta,mfa_aligned,4.33,1.18,0.16666666666666666
[],58f8ab885a7bad66273cc041f31032814728da6e5688003e3a1e2f64b353b102,7.397110462188721,0.0,0.0,2.08,0.9584857821464539,3.9810101985931396,2,3.350313663482666,0.0,0.0,1.1,c227e2b3fb38f248,3.3232944011688232,4.590520858764648,3.7231059074401855,4.330893516540527,3.7691361904144287,4.0994873046875,4.3927764892578125,opentts_mykyta,mfa_aligned,2.78,0.7,0.0
[],5be1c4b51f2f974b4f900d40635d5a54c05e1902c4ffe28b89d366e38a56423d,7.76735782623291,0.0,0.0,2.34,0.8626341223716736,4.2490620613098145,2,3.943288564682007,0.0,0.0,1.14,8e1d3dd1aac3927d,4.5336809158325195,4.953678131103516,4.439912796020508,4.749887466430664,4.461276054382324,4.857760429382324,4.724535942077637,opentts_mykyta,mfa_aligned,2.87,0.53,0.0
[],3137efdd473c5115c0be5cbe3d6ea43787455ec97bde7af85cf71da2fee369ad,7.831385135650635,0.0,0.0,3.23,0.9854192137718201,3.477491855621338,2,3.7122116088867188,0.034482758620689655,0.25,1.03,26bdebf13abce380,4.270991325378418,4.4748005867004395,3.65189528465271,4.288896083831787,3.706533908843994,4.504568099975586,4.229450225830078,opentts_mykyta,mfa_aligned,3.86,0.63,0.75
[],130b85ca6f114a618f72de2b68e155b8a6eb722322ab528e4428c110ec7900c6,7.909484386444092,0.041666666666666664,0.0,5.15,0.9906588196754456,3.8629965782165527,3,3.827002763748169,0.041666666666666664,0.2222222222222222,1.09,068c6b39972a03f6,4.4678955078125,4.604803085327148,4.918543815612793,3.8875491619110107,4.151534557342529,4.559683799743652,4.519445419311523,opentts_mykyta,mfa_aligned,5.73,0.58,0.2222222222222222
[],f1a09e1ce3d91ac0dceba003a25e472c5fab9484e01761dd202a3dedd003beff,7.648232460021973,0.0,0.0,2.05,0.8702923059463501,3.359266519546509,1,3.592682123184204,0.0,0.0,1.43,33d5751b554e65c1,3.507314443588257,3.791419744491577,3.997622489929199,4.342294216156006,3.191296339035034,3.9238829612731934,3.503366470336914,opentts_mykyta,mfa_aligned,2.89,0.84,0.0
[],f3e72f8db707f8ffef8ec3e7eeae9a4b34fce85c9779c4041eb0112f5a65ed61,7.604861259460449,0.029411764705882353,0.0,4.1,0.8960044980049133,4.256494045257568,3,3.96547269821167,0.0,0.0,1.06,d411f0cb05023318,3.894364595413208,4.184591770172119,4.021939277648926,4.3298749923706055,3.7718276977539062,4.116463661193848,4.213645935058594,opentts_mykyta,mfa_aligned,4.68,0.58,0.125
[],253d7bcd9afea99aa3b840b67ae9a7f28865c2569074637d5a361498132f4b64,7.85892391204834,0.0,0.0,4.16,0.9854266047477722,3.4780027866363525,1,3.731919288635254,0.0,0.0,1.0,83e20366aa3cd58e,3.6498301029205322,4.157506942749023,4.420008659362793,3.7147605419158936,3.4586353302001953,4.655949592590332,4.288631916046143,opentts_mykyta,mfa_aligned,4.74,0.58,0.0
[],a46316d8e25a683a51a06bb1c99d0629d836ae9cbf1860f69cce0b5faa72d86c,7.643088340759277,0.0,0.0,3.22,0.9766181111335754,3.8922932147979736,3,4.22585391998291,0.0,0.0,1.22,0fa020189e7c14d7,3.8012354373931885,4.190418243408203,4.246577262878418,4.058824062347412,3.8277406692504883,4.424901962280273,4.406355857849121,opentts_mykyta,mfa_aligned,3.89,0.67,0.0
[],fe7da8f803d88859d2e2e498d0e6aa6e2a63d1da9c6309350c2fe7472129ee5b,7.468845367431641,0.0,0.0,3.3,0.9700244665145874,3.927783966064453,3,3.9501774311065674,0.0,0.0,1.44,b218e5f5481f2829,3.979522228240967,4.352850914001465,4.366656303405762,3.9661519527435303,3.5948638916015625,4.4573235511779785,4.022981643676758,opentts_mykyta,mfa_aligned,4.18,0.88,0.0
[],dc2d51b5512309d0aded2436933c1f036c48b65014440421f29efdce86e14808,7.841650009155273,0.0,0.0,5.6,0.9812325239181519,3.310177803039551,1,3.4265286922454834,0.0,0.0,1.6,893ac17a096d2adf,3.7066328525543213,4.3020339012146,3.997281074523926,4.3717451095581055,3.7773566246032715,4.041046619415283,4.14727258682251,opentts_mykyta,mfa_aligned,6.41,0.81,0.0
[],81946e900dc8177a67c7bf308381a05e99a261786373d2929a54875cfcc399a4,7.896268367767334,0.0,0.0,3.9700416666666665,0.9809061288833618,2.8536570072174072,1,3.0272719860076904,0.0,0.0,1.4899583333333333,8683742dfe90c138,3.786167621612549,4.410890579223633,3.6316568851470947,4.068105697631836,3.334207773208618,3.747685194015503,3.805121421813965,opentts_mykyta,mfa_aligned,5.01,1.0399583333333333,0.0
[],799f7ed3a5d700cb5175a09f91ff265417d455783630eb878c6459f5cbc530fb,7.729372978210449,0.0,0.0,5.49,0.9921615123748779,3.662630558013916,3,3.9552955627441406,0.020833333333333332,0.08333333333333333,0.99,cab9c4d164655544,4.027952671051025,4.718401908874512,4.217035293579102,4.650607109069824,3.814073324203491,4.332943439483643,4.33803653717041,opentts_mykyta,mfa_aligned,6.09,0.6,0.0
[],a52dee340226e45de3cfa105892c61fd00887bc6589cc270d8a25633210a7911,7.820732593536377,0.0,0.0,5.28,0.9918828010559082,3.0720815658569336,4,3.6436779499053955,0.0,0.0,1.2,71f0271b5dfe44f8,3.7352890968322754,4.028592586517334,3.3851730823516846,3.801298141479492,3.440700054168701,4.012414932250977,4.125296592712402,opentts_mykyta,mfa_aligned,6.05,0.77,0.0
[],e9fc1e47bc52c168aaf7b46167e7b3ec5b9b516df538d24ad7e4d44b52db3a83,7.831230640411377,0.0,0.0,5.55,0.9855695962905884,3.653618335723877,4,3.569424629211426,0.0,0.0,1.47,d1b2cd8e8e3b9e91,3.808976411819458,4.031661510467529,3.7221548557281494,4.2910308837890625,3.4704625606536865,4.297466278076172,3.833813190460205,opentts_mykyta,mfa_aligned,6.49,0.94,0.0
[],8bb84dc88df40173f809b1154a78dfe304f29bd1d8a7e082f237d7c301b39d80,7.509824275970459,0.0,0.0,2.16,0.8077657222747803,3.057570457458496,1,3.347210645675659,0.0,0.0,1.08,6057d3ad2ee84619,3.270392894744873,4.567555904388428,4.291749000549316,4.395623207092285,3.2568345069885254,3.940199851989746,3.6066038608551025,opentts_mykyta,mfa_aligned,2.87,0.71,0.0
[],ff3023ad48fa32ae7641357f39d72809e8a25df420c8c519a0385a1efed73461,7.46503210067749,0.0,0.0,2.0,0.8970950245857239,3.762442111968994,1,3.251960515975952,0.0,0.0,1.12,e482532f1c169286,4.039904594421387,4.22136116027832,3.055615186691284,4.718148708343506,3.1702141761779785,4.551050662994385,3.8712146282196045,opentts_mykyta,mfa_aligned,2.8,0.8,0.0
[],c57182f8a7f054ae0cd6e2d806f654a95e037638141133327f32ca6ea06b81e2,7.581490516662598,0.0,0.0,2.32,0.8409792184829712,2.662398099899292,0,3.0742082595825195,0.0,0.0,1.58,b60e2ca45d3ebc8a,3.8711650371551514,4.577458381652832,3.850616455078125,4.637788772583008,2.944251298904419,3.7612621784210205,3.2089011669158936,opentts_mykyta,mfa_aligned,3.27,0.95,0.0
[],341b428dc66da87ac6158e4e3307b39ba37206033f28f7ac4548aa05de8c1579,7.852414608001709,0.18181818181818182,0.0,3.73,0.9884862899780273,3.833052396774292,1,4.159867286682129,0.18181818181818182,0.125,1.01,af8eeb0bdaaf6faf,3.7161803245544434,4.438263416290283,4.608821392059326,4.686997413635254,3.96390962600708,4.489866256713867,4.310022354125977,opentts_mykyta,mfa_aligned,4.59,0.86,0.125
[],59b176adcb88de18f41cd82f8453fcbfc2ad2a69e0b5638638d4a3efcc26359c,7.755030155181885,0.0,0.0,4.08,0.9811397790908813,3.5852603912353516,1,3.7122507095336914,0.0,0.0,1.2,38f2f5441396d96c,4.147672176361084,4.828712463378906,4.492860794067383,4.6373138427734375,3.7193546295166016,3.862133264541626,4.289538383483887,opentts_mykyta,mfa_aligned,4.77,0.69,0.0
[],f81300dc2862b2029d8c798368b87f119dd77c96794b2acef61672908aa76b45,7.709165096282959,0.12,0.0,2.73,0.9599087834358215,3.3005940914154053,1,3.543809652328491,0.04,0.3333333333333333,1.41,d944b26bf4c847b1,4.117045879364014,4.020237922668457,3.677246332168579,3.7933361530303955,3.3583950996398926,4.657796859741211,4.153406143188477,opentts_mykyta,mfa_aligned,3.59,0.86,1.0
"[""large_boundary_removal""]",b2a832570c0755516258a8108faead24835c74871e247056456db5d5d6d44d32,7.982226371765137,0.0,0.0,3.18,0.9999975562095642,3.2938191890716553,0,3.2546792030334473,0.0,0.0,0.0,bb95b943aaeb4c5e,3.0874321460723877,4.426005840301514,4.173900604248047,4.389473915100098,3.2938191890716553,4.253121376037598,3.6406145095825195,opentts_mykyta,review_preserved_untrimmed,3.18,0.0,0.0
[],221b81b361e20265c8863e3786c6aefaad4685d2dcb173d989aaeaf98e28cdb1,7.5852274894714355,0.0,0.0,2.76,0.9630382657051086,3.7106423377990723,3,3.7022907733917236,0.0,0.0,1.26,ce673f8d30ab8f12,3.472907066345215,4.1361775398254395,4.483088493347168,4.480968475341797,3.6707379817962646,4.278642654418945,3.882397174835205,opentts_mykyta,mfa_aligned,3.55,0.79,0.0
[],284d121f1588862a6f73642fc616fb89146c4cbc23959c709caa5c260199c6bc,7.860501289367676,0.017241379310344827,0.0,6.96,0.9940589070320129,3.2018563747406006,7,4.031274795532227,0.0,0.18181818181818182,1.26,eb7ee2068c5040e2,3.413989305496216,4.147523403167725,4.022317886352539,4.419665336608887,3.2132835388183594,3.913412094116211,4.037612438201904,opentts_mykyta,mfa_aligned,7.66,0.7,0.09090909090909091
[],262efd6d69e485aaf59a50a5bcfdf68b72f1033d8ba79d04e2028ad2921f934b,7.196172714233398,0.0,0.0,2.39,0.9668391942977905,3.322909116744995,0,3.717782735824585,0.0,0.0,0.97,650a0b090c1c3aa2,2.909039258956909,4.489532470703125,3.0660486221313477,4.399981498718262,3.529151201248169,4.411482810974121,4.2587785720825195,opentts_mykyta,mfa_aligned,2.99,0.6,0.0
[],610f034eea51d97ad65bbb45c36ff2503fa626cf2f6db47133410db98988657f,7.680342674255371,0.0,0.0,2.52,0.8930966854095459,3.618905782699585,1,3.4920406341552734,0.0,0.4,1.5,54128cb05339f5b0,4.01804256439209,4.478184700012207,4.666201591491699,3.9835360050201416,3.4309229850769043,4.488011360168457,3.969334602355957,opentts_mykyta,mfa_aligned,3.47,0.95,0.0
[],bc675060d5e2dd7f4f4bdc32b6fdf1a0c00feeb5ba041def9946a98446d3d6af,7.681767463684082,0.0,0.0,2.33,0.9632749557495117,3.3708317279815674,0,3.5478110313415527,0.0,0.0,0.91,cc5d36cab9c23040,3.386458158493042,4.387202262878418,3.521088123321533,3.971083641052246,3.4015092849731445,3.9221696853637695,4.163116931915283,opentts_mykyta,mfa_aligned,2.83,0.5,0.0
[],413f765c4d7427aecc55f7016c87fab5cd8300ab6342524c6751919acc80021b,7.872635364532471,0.0,0.0,5.46,0.9828869700431824,3.8262598514556885,4,3.294743776321411,0.0,0.0,1.2,89a174d7aca41048,4.188210487365723,4.406546592712402,4.789027690887451,4.302645683288574,3.7498674392700195,4.433442115783691,4.4141035079956055,opentts_mykyta,mfa_aligned,6.18,0.72,0.0
[],c99e4d8f559837890ffbfbab2bf05829feee1c1c48b69ce4543f60705958e91d,7.69541597366333,0.020833333333333332,0.0,5.76,0.989425539970398,3.554471015930176,3,3.7598466873168945,0.0,0.0,1.26,40710901d6cb8262,3.529423713684082,4.367671489715576,3.799592971801758,4.280246734619141,3.5128302574157715,4.059197425842285,3.914051055908203,opentts_mykyta,mfa_aligned,6.58,0.82,0.1111111111111111
[],6766f7a33d0ffca412ea3b3cf8cce7359bc6b1906ae2b9fde598aec2b5ebb2ca,7.293118953704834,0.0,0.0,1.8600416666666666,0.9638612270355225,3.8944480419158936,2,3.68377423286438,0.0,0.0,0.9599583333333334,ec6d1dbdf3184832,3.444124460220337,4.6632080078125,3.713484764099121,4.539628982543945,3.3288357257843018,3.557892084121704,4.025430202484131,opentts_mykyta,mfa_aligned,2.5100416666666665,0.65,0.0
[],a8179ebb19ac1a1510c5ce8c5f6854859b64c166b787058f2f04c367818552bd,7.278841018676758,0.037037037037037035,0.0,2.8,0.9652472734451294,3.7637293338775635,5,3.431676149368286,0.0,0.0,1.28,9a04b60abe51ab96,4.050016403198242,4.679525375366211,3.6599133014678955,3.987978219985962,3.7633750438690186,4.4148149490356445,4.436624050140381,opentts_mykyta,mfa_aligned,3.63,0.83,0.5
[],87b7d89e2c3030588d186d10790a9d23304231dda00f21194d79bbdaf576aea6,7.475142955780029,0.0,0.0,4.25,0.978032648563385,3.7822842597961426,4,4.0044097900390625,0.0,0.0,1.39,1020265fb84912cd,3.8004064559936523,4.621686935424805,4.05281400680542,4.202862739562988,3.828791856765747,4.523983955383301,4.23475980758667,opentts_mykyta,mfa_aligned,5.08,0.83,0.0
[],6d229270e5bd7d216a91bd438ab84a4528844bb0ee3a938014fd2f308d515ebf,7.828588485717773,0.0,0.0,2.44,0.9571122527122498,3.449084520339966,1,3.590174913406372,0.0,0.0,1.46,28cdbef953fe3a3d,4.058423042297363,4.906130313873291,4.144234657287598,4.7904253005981445,3.750990390777588,3.9413182735443115,4.2422590255737305,opentts_mykyta,mfa_aligned,3.32,0.88,0.0
[],8dc364037ec6d6551cb23a3cf960c79331ba2c933f800265ed5c46ab8056f93c,7.715702056884766,0.0,0.0,2.85,0.9521950483322144,2.9738569259643555,1,3.3278238773345947,0.0,0.0,1.35,816a74e16fd172b3,3.8588106632232666,3.951184034347534,3.986013412475586,4.438904762268066,3.184972047805786,3.6649861335754395,3.413904905319214,opentts_mykyta,mfa_aligned,3.6,0.75,0.0
[],f0191973598bfe41fcf83c66415d968726512d42f9ac66caef28e0c76af471cc,7.582968711853027,0.0,0.0,4.46,0.9611945152282715,3.955979824066162,3,4.089045524597168,0.0,0.0,1.06,3ae6136844cf3860,4.15690803527832,4.202249526977539,4.424854278564453,4.090544700622559,3.769984722137451,4.385674476623535,4.411200523376465,opentts_mykyta,mfa_aligned,5.14,0.68,0.0
[],4080542f5aa6472d6e4cb4935b127f72f19f479c9c4de8088ea46541651e7553,7.671574592590332,0.0,0.0,2.48,0.9655903577804565,3.4610588550567627,0,3.4602267742156982,0.0,0.0,1.0,45c74b66f4e52208,3.414401054382324,4.792394638061523,4.534114837646484,4.857959270477295,3.7546281814575195,4.911219596862793,3.981076955795288,opentts_mykyta,mfa_aligned,3.04,0.56,0.0
[],1da4fadbd199f2b03d934681f235819aeeff48779194f453c54b325ceca2cd04,7.926455497741699,0.0,0.0,4.89,0.9749657511711121,3.4065611362457275,1,3.3643815517425537,0.0,0.0,1.29,24853fa87a94d515,4.035456657409668,4.2504730224609375,3.632152795791626,4.619500637054443,3.6199662685394287,3.8778176307678223,3.994353771209717,opentts_mykyta,mfa_aligned,5.68,0.79,0.0
[],fc44a32c99cf99cda94ebfe81f20fcfe70ab21357fd48528348624ad6cde673c,7.985441207885742,0.0,0.0,6.01,0.9909364581108093,4.005609035491943,4,3.8125555515289307,0.0,0.0,1.43,ae9b420e7bff1109,4.700176239013672,4.5966997146606445,4.147884845733643,4.469359397888184,4.544216156005859,4.729833602905273,4.781237602233887,opentts_mykyta,mfa_aligned,6.82,0.81,0.0
[],d823dc3240252b3a2afb5888962cc7a78f755ece5945d1bab1f5eb8fd471f6a0,7.653238296508789,0.0,0.0,4.42,0.9827057123184204,3.544545888900757,1,3.6561524868011475,0.0,0.0,1.22,665b5819f3675c27,3.6087520122528076,4.482529640197754,3.731891632080078,4.1609368324279785,3.8650777339935303,4.775649547576904,4.487006187438965,opentts_mykyta,mfa_aligned,5.12,0.7,0.0
[],6b71571d3e0b0b4da6d08b9ba70e44195b4745c9b1d657dabe9fc6cfb136cfda,7.454777717590332,0.06666666666666667,0.0,1.7800416666666667,0.9027120471000671,3.5903406143188477,1,3.303189277648926,0.26666666666666666,1.0,1.1599583333333334,8d75b459ab38ab77,3.005695343017578,4.84536075592041,3.6903738975524902,4.5441389083862305,3.005521774291992,4.26563835144043,3.1399924755096436,opentts_mykyta,mfa_aligned,2.5500416666666665,0.77,0.6666666666666666
[],788ce4d4cd2c8b23ffe21355abcc2b3b26e6540509fbb9979d5e655af6dd9b3c,7.725020408630371,0.0,0.0,2.56,0.9577093720436096,4.072696685791016,1,3.951099395751953,0.0,0.0,1.1,d9495281ebad598c,4.414280891418457,4.73918342590332,3.6356256008148193,4.489518642425537,4.031529426574707,3.97751522064209,4.3335161209106445,opentts_mykyta,mfa_aligned,3.17,0.61,0.0
[],22d5e785f8ad9632917568741dc77ef6517ff50942cb4fcc968f9e23e50e3c42,7.836841106414795,0.0,0.0,4.61,0.9891030788421631,3.6597907543182373,5,3.919476270675659,0.0,0.0,1.09,702d94d54b2de6ea,4.179830074310303,4.647836208343506,4.052144527435303,4.572371959686279,3.3977906703948975,4.285163879394531,4.3170928955078125,opentts_mykyta,mfa_aligned,5.29,0.68,0.0
[],154288df5f9de72ecbb30b854070fe65f3a706bbac55c91453729f66293e587e,7.714962959289551,0.0,0.0,2.32,0.9569796919822693,3.9723610877990723,2,3.656785726547241,0.0,0.0,1.22,759503caf060248e,4.111573219299316,4.716355323791504,3.8077993392944336,3.93025541305542,3.850316286087036,3.6509032249450684,4.209448337554932,opentts_mykyta,mfa_aligned,3.01,0.69,0.0
[],c02c4a579107a80d4c9831d7d5613f54cdd0f208366d5ca081a0f99fb69d3d07,7.755427360534668,0.018867924528301886,0.0,6.05,0.9838236570358276,3.1317121982574463,4,3.8293473720550537,0.0,0.0,1.63,9aa6e3a376121857,4.236783027648926,4.693881511688232,4.131047248840332,4.239932060241699,3.0852060317993164,4.362662315368652,4.0747575759887695,opentts_mykyta,mfa_aligned,7.04,0.99,0.07692307692307693
[],af750b513192d33d57f4ee36c999d946f36cc92b42db9bb8a6023e4b70431732,7.587019443511963,0.0,0.0,2.32,0.9568603038787842,3.3398685455322266,1,3.562629461288452,0.0,0.0,1.04,6eb6a11b059b40ed,3.121166467666626,3.9864132404327393,3.650056838989258,4.296816825866699,3.4220590591430664,4.012547492980957,3.8974716663360596,opentts_mykyta,mfa_aligned,2.92,0.6,0.0
[],076b6547664f41345c5387f70f87b69e029b813aeb93c07b96ad9e8b21a0bf3c,7.9157633781433105,0.0,0.0,7.73,0.9429088234901428,3.911489963531494,6,4.6124372482299805,0.0,0.0,0.97,c3d00006e0bfca7f,4.243386268615723,4.26777458190918,4.421885967254639,4.2709503173828125,4.046868324279785,4.353332996368408,4.527682304382324,opentts_mykyta,mfa_aligned,8.38,0.65,0.0
[],b486817d8d1d4d435205bac6282c344d19022012cb74e3bcfe2e61e68045b2c8,7.466490268707275,0.0,0.0,3.03,0.9407387375831604,3.9692492485046387,0,3.5046322345733643,0.0,0.0,1.35,172b480844041235,4.062987327575684,4.478663444519043,3.8598062992095947,4.550110816955566,3.861985445022583,4.4428277015686035,4.299539566040039,opentts_mykyta,mfa_aligned,3.71,0.68,0.0
[],fffdc135643c5eed6e16eb66d67ebf95b579bd3b50da9be88234c52d8386167d,7.711419105529785,0.0,0.0,4.01,0.9807683229446411,3.526132583618164,3,3.2829277515411377,0.0,0.0,1.27,3e5148008feaa9d6,3.5538275241851807,4.382661819458008,4.387415885925293,3.5143799781799316,3.5079457759857178,3.9830880165100098,4.13578987121582,opentts_mykyta,mfa_aligned,4.63,0.62,0.0
[],4e91d64d8f9cc95f525038e2dc795b7f0ead83a592b3b74abb9b1b5f3fcae96b,7.802541255950928,0.024390243902439025,0.0,4.64,0.9870402812957764,3.4073991775512695,3,4.193976879119873,0.0,0.0,1.24,779b30fd4a6ef945,3.991910934448242,4.373664855957031,4.039346218109131,4.254208087921143,3.8504140377044678,4.093781471252441,4.335928916931152,opentts_mykyta,mfa_aligned,5.35,0.71,0.1
"[""large_boundary_removal""]",fd250bec53a6ea66b6f06ddc65b35009adaf341e64e4e2337398c07afeb77eed,7.566540718078613,0.09523809523809523,0.0,4.74,0.9999985098838806,3.8797550201416016,2,3.8417391777038574,0.0,0.0,0.0,c2022c0fb7fb3cbb,4.358646392822266,3.923978090286255,3.6235101222991943,4.488204002380371,3.6130435466766357,4.568577289581299,3.9783005714416504,opentts_mykyta,review_preserved_untrimmed,4.74,0.0,0.2
[],439e9fb81c316ab89a6fc5e241d09ba96e54171921f00aabd9a944c82eebee4b,7.626026630401611,0.0,0.0,3.91,0.9586837291717529,3.87092924118042,1,3.6054983139038086,0.0,0.0,1.13,0e70b22afd9d6907,3.756511688232422,4.6775031089782715,3.1850922107696533,4.622984886169434,3.780433416366577,3.852290630340576,4.173191070556641,opentts_mykyta,mfa_aligned,4.51,0.6,0.0
[],1a4b49e1f58fe326acfb89a6d3f20cd43562195a27a2a33e2633bdde389b168c,7.861856460571289,0.0,0.0,4.33,0.9577847719192505,3.802877187728882,1,3.5029563903808594,0.0,0.0,1.25,0b4fcd3172eb7286,4.086092472076416,4.009393692016602,4.224642753601074,4.393826961517334,3.7684237957000732,4.498682022094727,4.108765602111816,opentts_mykyta,mfa_aligned,4.97,0.64,0.0
[],72a913c120f970e578c1a31d4d0acb610667a201fc6106bf2281cee04d4cc4f7,7.7357258796691895,0.02127659574468085,0.0,4.97,0.9891108274459839,3.6020960807800293,4,3.428724527359009,0.0425531914893617,0.125,1.21,b341789359dce578,3.864609956741333,4.466243743896484,3.8214926719665527,4.270346641540527,3.732805013656616,4.157693862915039,4.180481910705566,opentts_mykyta,mfa_aligned,5.67,0.7,0.125
[],5482bc3989bcc12ff47de3d5581f116083104ca289d1006135d0860e4caddcbb,7.587835788726807,0.037037037037037035,0.0,3.09,0.9686534404754639,2.910125732421875,2,3.5824875831604004,0.0,0.0,1.11,56af01b39e804540,3.496121406555176,4.539572715759277,2.825408697128296,4.336055755615234,3.071096897125244,4.475549697875977,3.4279754161834717,opentts_mykyta,mfa_aligned,3.77,0.68,0.14285714285714285
[],860984cbcce5d343db21becca68ff5b6136fc3553ea42e48ab88abbd93dd5c82,7.745341777801514,0.03571428571428571,0.0,3.24,0.9187367558479309,3.8762781620025635,2,3.496098518371582,0.03571428571428571,0.16666666666666666,1.14,08cd68b8108e009a,4.0837225914001465,4.629280090332031,3.5823700428009033,4.771697044372559,3.761279821395874,4.598938941955566,4.359127998352051,opentts_mykyta,mfa_aligned,3.95,0.71,0.16666666666666666
[],48c57f43152384b0cd42ffc82b42117058611c2103fc8ef28256def2e5c2ebd5,7.437208652496338,0.23076923076923078,0.0,1.7700416666666667,0.9257118701934814,3.6991889476776123,1,3.6082117557525635,0.38461538461538464,0.3333333333333333,1.0499583333333333,1225dbcf200ac14c,3.673102378845215,4.6098856925964355,4.161549091339111,4.478826522827148,3.777489423751831,3.586789846420288,4.193016052246094,opentts_mykyta,mfa_aligned,2.5300416666666665,0.76,0.3333333333333333
[],3df69815225750d0e62ce671d723427930e3a6773320d91ee4c72edcf760c05e,7.919405937194824,0.017543859649122806,0.0,6.01,0.961765706539154,3.1856396198272705,3,3.414874315261841,0.0,0.0,1.73,7faeadec8c57496d,3.4911575317382812,4.44787073135376,4.639401435852051,3.942387819290161,3.1680850982666016,3.9920151233673096,3.8387451171875,opentts_mykyta,mfa_aligned,7.19,1.18,0.1
[],38d8ef43b9e7eb0d8cc4038b10ae3aed3fc2c8d78c0d9e21af442356151e5a87,7.467041969299316,0.0,0.0,2.2,0.8137879967689514,3.632511854171753,0,3.527172327041626,0.0,0.0,1.22,fe82a6bad6876302,3.650826930999756,4.476655006408691,4.037182331085205,4.371664047241211,3.6124496459960938,4.002079010009766,4.06879997253418,opentts_mykyta,mfa_aligned,3.01,0.81,0.0
[],aae0ec0b2c9be960bf127c60a19d0b70edfdd8c1bff2374825ea1e87c8768ab0,7.7827959060668945,0.05263157894736842,0.0,4.04,0.9860729575157166,3.695244789123535,4,4.275016784667969,0.0,0.0,0.88,857380e9a1187eb1,4.411703109741211,4.6983795166015625,3.83793306350708,4.629929542541504,4.130825042724609,4.307631969451904,4.538018226623535,opentts_mykyta,mfa_aligned,4.4,0.36,0.3333333333333333
[],083faea7eba6b5bcce096cbed6161cfbd71c43d0f6f2f17cc0e58a82af8e3217,7.885381698608398,0.0,0.0,5.91,0.9905279874801636,3.2030556201934814,4,3.598358392715454,0.0,0.0,1.35,460b4d2feca22ce8,3.7551960945129395,4.564344882965088,3.178309202194214,4.409847259521484,3.2366280555725098,3.7957236766815186,4.004892349243164,opentts_mykyta,mfa_aligned,6.71,0.8,0.0
[],e493ba557c719b3f1aaee8f3a4c93c7ed5390eba654e63ad7987b3986f9e08ab,7.825475692749023,0.0,0.0,5.62,0.9912691116333008,3.2057440280914307,4,3.899083375930786,0.0,0.3,1.28,b62f01cd9805b14d,3.6445934772491455,4.745985984802246,4.579904556274414,4.359431266784668,3.705444574356079,3.9899468421936035,4.224621772766113,opentts_mykyta,mfa_aligned,6.41,0.79,0.2
[],721b2e4daa8724319c3de129649e025ff2ff1be80b4c6a9b8f6a809d38143382,7.893465995788574,0.01818181818181818,0.0,6.84,0.9935190677642822,4.191354751586914,1,4.161597728729248,0.0,0.0,1.26,f4d8e81a756dff64,4.419855117797852,4.7612833976745605,4.062870025634766,4.781418800354004,4.099428176879883,4.385265350341797,4.544879913330078,opentts_mykyta,mfa_aligned,7.69,0.85,0.1
[],9c3989c14ae09a7ab5e0f6b763e1afc5eddaee799cfc8ef5cd709c3eaa78a745,7.821428298950195,0.058823529411764705,0.0,2.27,0.971788763999939,3.708303928375244,0,3.5516650676727295,0.0,0.0,0.97,146cb3c3efe048dc,3.786823034286499,4.5766143798828125,3.434650421142578,4.614139556884766,3.386281728744507,4.500091075897217,3.8137240409851074,opentts_mykyta,mfa_aligned,2.88,0.61,0.2
[],9d416c780792a2397235c78c7d0fd12f174e36f0652ec201f6f7cd8b2c15f438,7.59364652633667,0.0,0.0,5.12,0.9833471775054932,3.558346748352051,1,3.5674543380737305,0.0,0.0,1.84,24653ff6f29be580,3.517277479171753,4.309852600097656,3.866565465927124,4.59071159362793,3.24959397315979,4.497957706451416,3.668720245361328,opentts_mykyta,mfa_aligned,6.55,1.43,0.2
[],f88ff42b334660959840f27fd32e02a8cab5169f303cdb6db77ee0073b766a5b,7.416648864746094,0.0,0.0,2.52,0.9811390042304993,3.8814821243286133,1,4.0789031982421875,0.125,0.5,0.78,9a1b36f9c0d29651,4.36555814743042,4.44328498840332,3.596134901046753,4.643283367156982,3.789595365524292,4.5878705978393555,4.262153148651123,opentts_mykyta,mfa_aligned,3.01,0.49,0.0
[],89a419b49b024f14957c0fd9f9b3f8d38471b655609bbd1fa1668c7d28c7ceea,7.8247575759887695,0.0,0.0,4.43,0.9829315543174744,3.005006790161133,5,3.7889788150787354,0.0,0.0,1.27,e60157d50f82490e,3.5635690689086914,4.069606781005859,3.4318556785583496,4.016970634460449,3.009795665740967,3.701409339904785,4.035071849822998,opentts_mykyta,mfa_aligned,5.2,0.77,0.0
[],6de40937b166bb3ac22f24ae12bd9c43875380671e514801c3748179b8b2aff8,7.540591716766357,0.03225806451612903,0.0,3.4,0.880694568157196,3.8186659812927246,0,3.5454020500183105,0.0,0.0,1.4,0ade7737eb81422c,3.446934938430786,4.7705230712890625,4.368162155151367,4.051421165466309,3.8016233444213867,4.888936996459961,4.181307315826416,opentts_mykyta,mfa_aligned,4.32,0.92,0.14285714285714285
[],d695a9d58edbef517aaf0bb3914b0e5b1e7bf98cbeb7b3959b684f70dcf444d8,7.756288051605225,0.0,0.0,2.4,0.9298192262649536,3.74729323387146,1,3.5226938724517822,0.17647058823529413,0.5,1.32,8ffb075bfd746701,4.285140514373779,4.159515857696533,4.1230082511901855,4.007719039916992,3.751854419708252,4.497650146484375,4.154905319213867,opentts_mykyta,mfa_aligned,3.17,0.77,0.0
[],40ff4546fc2dfac86b427503e610c7a0e98e86a23e90e5fd4ac2dfee1fcd241b,7.560428619384766,0.0,0.0,2.76,0.9847111701965332,3.1638176441192627,2,3.6343491077423096,0.0,0.0,0.78,106e7c8fab0b530d,2.458449602127075,4.6907806396484375,4.601773262023926,3.932387590408325,3.178813934326172,3.626518726348877,3.776081085205078,opentts_mykyta,mfa_aligned,3.23,0.47,0.0
[],ad0b8e98406be1bcda7cbe853d8e4d7c95f9e2bd5a42e46057775ac2e1d76248,7.535240173339844,0.0,0.0,2.41,0.9775328636169434,2.7665209770202637,0,3.346433162689209,0.0,0.0,0.59,ce0ee1553b19271d,4.1637678146362305,4.767393112182617,3.774305820465088,4.439668655395508,3.418144941329956,3.621583938598633,3.729677677154541,opentts_mykyta,mfa_aligned,2.84,0.43,0.0
"[""large_boundary_removal""]",74bb65f413522291a2b15acba64f7d14885a3eb53f7b11f53ec2c2cc4f2fbbcd,7.5897417068481445,0.0,0.0,4.38,0.9999987483024597,3.956861972808838,0,3.8083527088165283,0.0,0.0,0.0,31d99722613515de,3.357382297515869,4.417477607727051,4.046062469482422,4.674685478210449,3.2308096885681152,4.45652961730957,3.6628165245056152,opentts_mykyta,review_preserved_untrimmed,4.38,0.0,0.0
[],08199858edcfcaa11c7a5dd4a0296131d2a0ffde1cdf69e7d4da70cd1c21826d,7.6440324783325195,0.047619047619047616,0.0,3.65,0.9701763391494751,3.2169620990753174,1,3.456313133239746,0.0,0.0,1.33,165d7ac4539ea550,3.9632728099823,4.252910137176514,3.934713363647461,4.507697105407715,3.6797425746917725,4.341344833374023,3.9540059566497803,opentts_mykyta,mfa_aligned,4.36,0.71,0.25
[],1e181a007487d21b1773cb63bc7e5a7cb29b1598b7b5c99d96b8ceefe130a9ef,7.596374034881592,0.0,0.0,2.84,0.9630083441734314,3.252727508544922,0,3.2709741592407227,0.0,0.0,1.12,3e36471d7291de19,3.3043384552001953,4.409852981567383,3.730426073074341,4.468503475189209,3.1002557277679443,3.861630439758301,3.278261184692383,opentts_mykyta,mfa_aligned,3.53,0.69,0.0
[],f39a1f048146ffba7dd1bd96fd169722650dd2ae5a6e3a02af12441bf750460f,7.911952972412109,0.0,0.0,4.56,0.9303736686706543,3.6813302040100098,4,3.731001853942871,0.0,0.0,1.2,e939d57085d2c25f,3.9675028324127197,4.307338237762451,3.711992025375366,4.3596601486206055,3.82446026802063,4.23216438293457,4.446030616760254,opentts_mykyta,mfa_aligned,5.37,0.81,0.0
[],87e5d7be1ad06b90e3ec650cb18fb32d239fc759d09baaad75d9d4effdaf7a8c,7.5870466232299805,0.0,0.0,2.91,0.9584222435951233,3.179488182067871,1,3.3252553939819336,0.0,0.0,1.17,641f35120a841c0e,3.7121198177337646,4.455499649047852,3.925330638885498,4.438737392425537,3.4189162254333496,3.6236536502838135,3.76861572265625,opentts_mykyta,mfa_aligned,3.57,0.66,0.0
[],85fb02c01709dcd1b986950510d02e2f904d92d853b637ddeb959fe03f0cfcbd,7.578441143035889,0.0,0.0,3.57,0.9868240356445312,3.3701560497283936,3,4.13332986831665,0.0,0.0,1.05,dc15931f26708709,3.0347509384155273,4.472184181213379,4.269560813903809,4.220075607299805,3.4261887073516846,4.1359710693359375,4.14082670211792,opentts_mykyta,mfa_aligned,4.24,0.67,0.0
[],fb699d6f62a2d367d662b2587dbf3e4b02341005c2a60259aa56dc15b68cad83,7.849806785583496,0.0,0.0,6.81,0.9948987364768982,3.298330068588257,1,3.7874486446380615,0.0,0.16666666666666666,1.17,b464d316ca24d760,3.8385627269744873,4.095942497253418,4.273464202880859,4.447585105895996,3.066537618637085,4.542150497436523,3.4066011905670166,opentts_mykyta,mfa_aligned,7.48,0.67,0.16666666666666666
[],86f6f1c00c6e870c1b61d39c96a9e3d37673dcd73a59e602723514f487320f06,7.5394978523254395,0.0,0.0,2.31,0.9496442079544067,3.1912357807159424,1,3.549957036972046,0.0,0.0,1.23,4c8cc187ea79f48d,3.1065213680267334,4.049363613128662,4.007846355438232,4.532956123352051,3.076129198074341,4.10175895690918,3.4200198650360107,opentts_mykyta,mfa_aligned,3.1,0.79,0.0
[],50cec7b7f27b27e1d34a1faa64c6fe4e2b1aeb1ad046a12517b82fca04927f65,7.709688186645508,0.0,0.0,3.73,0.987743079662323,3.2827181816101074,1,3.471301555633545,0.0,0.0,0.95,b9915342e8142107,3.198077440261841,4.417054176330566,4.423163890838623,4.523908615112305,3.4056081771850586,4.026416778564453,3.977121591567993,opentts_mykyta,mfa_aligned,4.28,0.55,0.0
[],889c78474def153dcda6b6c8b42abc596777250d496b001fd0516d639ed44d21,7.565577507019043,0.0625,0.0,2.0600416666666668,0.8988786935806274,3.1178600788116455,2,3.3032851219177246,0.0,0.0,1.5999583333333334,08e5267f9131bcc9,3.370452880859375,4.35179328918457,4.364686012268066,4.081331253051758,3.397160530090332,3.8224778175354004,3.7235846519470215,opentts_mykyta,mfa_aligned,3.12,1.0599583333333333,2.0
[],21fde16741d47e5ef2d30593c4ff96175438dc8e488aef9d7626900d1c62134f,7.767815589904785,0.0,0.0,5.38,0.990298867225647,3.8438949584960938,4,4.074845790863037,0.0,0.0,1.04,6e78035caa846668,3.231088161468506,4.725586891174316,4.544381141662598,4.705554008483887,3.35249662399292,4.186579704284668,3.672245979309082,opentts_mykyta,mfa_aligned,6.14,0.76,0.0
[],da849265047af5ff080d84d77b817d77714729a3b32145d2607b5429c8da8dbc,7.506532669067383,0.06666666666666667,0.0,2.08,0.9148904085159302,3.0755016803741455,1,3.739684820175171,0.0,0.0,1.4,47ee75a2844099fb,4.118661403656006,4.5904860496521,3.5100302696228027,3.6354026794433594,3.0842084884643555,4.042121887207031,4.100711822509766,opentts_mykyta,mfa_aligned,2.94,0.86,0.3333333333333333
[],c4a4426772f4d363c25108e654c088e8f3594a011250929beb53794132cab149,7.328818321228027,0.0,0.0,2.45,0.9457060098648071,3.32301926612854,1,3.768599271774292,0.0,0.0,1.33,c98198390609c516,2.9026455879211426,4.812593460083008,4.25879430770874,4.523753643035889,3.4177770614624023,4.331748008728027,4.076282501220703,opentts_mykyta,mfa_aligned,3.18,0.73,0.0
[],1370eb1ae932d9f424c01ca2d45813e37e1c73942a56e9b7f99e9db3cb04e5a6,7.923978805541992,0.0,0.0,5.21,0.9772857427597046,3.912597894668579,4,4.161944389343262,0.0,0.0,1.27,e348d2067b490046,4.176577091217041,4.438495635986328,4.353293418884277,4.580796241760254,3.991018772125244,4.315692901611328,4.419503211975098,opentts_mykyta,mfa_aligned,6.15,0.94,0.0
[],283357774576bfe842ea5798eb7ff72f7e0812981d0bef12f864c0abcffffdc4,7.385689735412598,0.0,0.0,2.41,0.9529280066490173,3.305406093597412,1,3.627257823944092,0.0,0.0,1.37,9032257b1f1d3074,3.533198356628418,3.990340232849121,3.734894275665283,3.7803421020507812,3.455923080444336,3.504653215408325,3.9597835540771484,opentts_mykyta,mfa_aligned,3.22,0.81,0.0
[],eee27b8a2e52ad2203435da3a61b3f9c4c6281bc65a65f707dfd09faf2076507,7.803199291229248,0.058823529411764705,0.0,2.04,0.9137241244316101,3.511457681655884,1,3.4630706310272217,0.0,0.0,1.56,b5f32e27533dab40,3.4898033142089844,3.8865885734558105,4.198258399963379,4.694819450378418,3.3917200565338135,4.081985950469971,4.097469329833984,opentts_mykyta,mfa_aligned,2.89,0.85,0.25
[],0e09bdce2a174afb9082d2b06fe0b6de68c14c0b344fcac4469506c651f01ba8,7.547924518585205,0.0,0.0,2.11,0.9416090846061707,3.0119431018829346,0,3.0358266830444336,0.0,0.0,1.43,f023cbba44d138eb,3.396995782852173,4.385547637939453,3.989001750946045,4.124009609222412,3.091420888900757,3.9795913696289062,3.4994802474975586,opentts_mykyta,mfa_aligned,3.01,0.9,0.0
[],fae043bcc92f590a1c05349621bfb2f48eb9a7a7b8eb4a7280562d6d257c7212,7.206160545349121,0.0,0.0,2.26,0.9418409466743469,3.001296043395996,1,3.432344675064087,0.0,0.0,0.98,62bb8e5a39453ae3,3.5480165481567383,4.059803009033203,4.246391296386719,4.198848724365234,2.863532781600952,4.148383140563965,3.5261971950531006,opentts_mykyta,mfa_aligned,2.85,0.59,0.0
[],9c7b4a969f5a0222aad9f4d57628e3846ee6242dba83509e16b74b0a2f4ba8b3,7.852578639984131,0.0,0.0,4.46,0.8537886142730713,3.3935444355010986,4,3.8618860244750977,0.0,0.0,0.76,e68afd9ed334cd51,3.4924604892730713,3.7779154777526855,4.114498138427734,4.123769760131836,3.5493524074554443,4.053783416748047,3.9572482109069824,opentts_mykyta,mfa_aligned,5.05,0.59,0.0
[],ec021c88681a2bf6e405039626af4498e57aacd941a9e46646408424b4c1e08b,7.432064533233643,0.0,0.0,2.33,0.9784008264541626,3.7776358127593994,3,3.373486042022705,0.0,0.0,0.79,9c159ddda6fb6cb7,4.157290935516357,4.848117828369141,3.5915510654449463,4.411946773529053,3.92576003074646,3.8567190170288086,4.4653425216674805,opentts_mykyta,mfa_aligned,2.71,0.38,0.0
[],da373ea1af424d50f5ad9d06069e72aadd2c00f4fa3bd327f65d33313b1595e0,7.56018590927124,0.047619047619047616,0.0,2.66,0.9499885439872742,2.862400770187378,0,3.13470196723938,0.0,0.0,1.18,1e9806d17e5573c9,3.48588490486145,4.217986583709717,3.186199426651001,4.334925651550293,3.40883731842041,3.4723236560821533,4.131381034851074,opentts_mykyta,mfa_aligned,3.45,0.79,0.2
[],cea5cc49381e1c588186a8b3a40ed0e4c5c4d032ea522a8735f547012f7a3141,7.699038028717041,0.0,0.0,2.41,0.9682319164276123,3.386378049850464,4,3.640995740890503,0.0,0.0,1.01,d4352057d9d22eb1,3.5647945404052734,4.726155757904053,3.7849342823028564,4.2421369552612305,3.4939088821411133,3.798100709915161,4.077469825744629,opentts_mykyta,mfa_aligned,3.02,0.61,0.0
[],540dbe2c49426c37df6c85ae43005bb82d4cb2fc9acd55c637dbcc15c860884d,7.740928649902344,0.0,0.0,3.67,0.933420717716217,3.3417837619781494,2,3.2372915744781494,0.0,0.0,2.33,69aa62f12d1bb5a3,3.8453595638275146,4.329763412475586,4.088649749755859,4.822896957397461,3.338899850845337,4.673362731933594,3.480276107788086,opentts_tetiana,mfa_aligned,4.55,0.88,0.0
"[""large_boundary_removal""]",f9ca664f57d71cd23c14bdf69e9c1a24013d60bcab789ab7c84bf7a6bc3c50db,7.501802921295166,0.0,0.0,4.56,0.9999972581863403,3.905768632888794,2,3.740126848220825,0.0,0.0,0.0,2fddf33762c8114f,3.6112918853759766,4.1360979080200195,3.052091598510742,4.726528167724609,3.356193780899048,4.505781650543213,4.0489020347595215,opentts_tetiana,review_preserved_untrimmed,4.56,0.0,0.0
[],81404ef3989dc23b76319c82326cad68c271188e2c39d9aa8229e2aa648ce6d6,7.759840965270996,0.0,0.0,2.35,0.8027550578117371,3.203136920928955,0,3.3849103450775146,0.0,0.0,2.03,4013357b3fe2c12f,3.9322519302368164,4.195589065551758,3.6833314895629883,4.347992897033691,3.3382627964019775,4.15988302230835,4.0314788818359375,opentts_tetiana,mfa_aligned,3.07,0.72,0.0
"[""large_boundary_removal""]",0fc94a426f963586e88794249d24b46287ee43d2c9de717313d72c02e9ae35f5,7.538242340087891,0.0,0.0,5.34,0.9999971389770508,3.3244426250457764,0,3.251906156539917,0.0,0.0,0.0,fe953367bcd1e8e7,3.106450080871582,3.987675905227661,3.81526517868042,4.510782718658447,2.9173338413238525,4.515964508056641,3.491555690765381,opentts_tetiana,review_preserved_untrimmed,5.34,0.0,0.0
[],3d57b951247b4236d5d104051324bc91991936187022602cafddd5a846c64300,7.661769390106201,0.038461538461538464,0.0,5.52,0.902214527130127,3.5915331840515137,2,3.6205523014068604,0.038461538461538464,0.25,3.3,2358d7481f29ecb9,3.9084482192993164,4.336880683898926,4.350144386291504,4.587495803833008,3.890782356262207,4.816497802734375,4.185050010681152,opentts_tetiana,mfa_aligned,7.28,1.76,0.375
[],5ef1a2b310131b64583e33ae99ff84cc6d0a22b85a07d1dc04ece7da3f26e75d,7.975511074066162,0.0,0.0,2.8,0.863936722278595,3.7502288818359375,1,3.5591349601745605,0.0,0.0,2.359,bc4220dedb2b39a0,3.737502098083496,3.7948129177093506,3.8753912448883057,4.033408164978027,3.1808414459228516,3.7734663486480713,3.6297850608825684,opentts_tetiana,mfa_aligned,3.7,0.9,0.0
"[""large_boundary_removal""]",bc4c0d135abdf683c45386ece7e6ccaee8c1bdac0239bafc50ba5936b28f785e,7.624879837036133,0.0,0.0,4.26,0.9999949336051941,3.4218671321868896,2,3.110083818435669,0.0,0.6666666666666666,0.0,7f83c375a3ce348d,3.8153693675994873,3.7580487728118896,3.5805177688598633,4.240119934082031,3.2771918773651123,4.297929763793945,3.741962194442749,opentts_tetiana,review_preserved_untrimmed,4.26,0.0,0.6666666666666666
[],79dbb998170a0041e7337807e88799df75a6988e2af86bca7215cec5df4078eb,7.963351726531982,0.0,0.0,5.39,0.9199838638305664,3.2127022743225098,2,3.4455041885375977,0.0,0.0,3.31,b1ea5292bccd0671,3.0640578269958496,4.1339826583862305,4.142350673675537,4.575007438659668,3.0831422805786133,4.316249847412109,3.688729763031006,opentts_tetiana,mfa_aligned,6.35,0.96,0.0
[],a700d03148166412940335feee040ed11ef76be2fd41c0f3fccbdcde17d07625,7.599613189697266,0.0,0.0,4.02,0.9140605330467224,3.731288194656372,2,3.4261531829833984,0.0,0.0,2.88,88dd01cd49ab14d9,3.433128833770752,4.291340351104736,3.788316011428833,4.57047700881958,3.644108772277832,4.690730094909668,4.004249572753906,opentts_tetiana,mfa_aligned,4.9,0.88,0.0
[],394cf18ad156823645cbe4082d5ef1dac4a0b7cfd9930075819989edf9ba6061,7.861502647399902,0.0,0.0,3.99,0.8280680775642395,3.027684450149536,6,3.772115707397461,0.0,0.0,2.37,6c92f017a55d40e3,3.5864789485931396,4.100021839141846,3.5833258628845215,4.375626564025879,3.2523090839385986,3.875061511993408,4.182938575744629,opentts_tetiana,mfa_aligned,4.97,0.98,0.25
"[""large_boundary_removal""]",bbb1db6e11728690d6305129668a3825a2081b2a32faf68d39ef00d0ccb888a6,7.684999942779541,0.04,0.0,5.52,0.9999973773956299,3.263889789581299,2,3.5681426525115967,0.04,0.2,0.0,bf443762b49ae701,3.243054151535034,3.873859405517578,3.7559974193573,4.673306941986084,3.2543609142303467,4.199209213256836,3.6651651859283447,opentts_tetiana,review_preserved_untrimmed,5.52,0.0,0.2
[],9d1e0dde8a322b518e5f52b0306310f4cdd97886f9734113772346ead1010364,7.61805534362793,0.05555555555555555,0.0,2.61,0.8018676042556763,2.7963461875915527,2,2.9942684173583984,0.0,0.0,1.47,7b166b9d0dc1973a,3.609541416168213,3.8518788814544678,3.7330482006073,4.196817398071289,3.261023998260498,3.987917900085449,3.8638951778411865,opentts_tetiana,mfa_aligned,3.22,0.61,0.5
"[""large_boundary_removal""]",b642d4c76c8707094bf1421f90c07562e27d2f4334a8ae438275f503f7bc2b24,7.601903915405273,0.0,0.0,5.16,0.9999988079071045,2.7405388355255127,2,3.416233777999878,0.0,0.0,0.0,5416fd85919c0a15,3.3883306980133057,4.178074359893799,3.913562774658203,4.584477424621582,3.1987617015838623,4.486041069030762,3.5430572032928467,opentts_tetiana,review_preserved_untrimmed,5.16,0.0,0.0
"[""large_boundary_removal""]",f9df2208193d82190c562ad063b5089c51ec8073f1906a25145216b35d884f07,7.632386207580566,0.0,0.0,5.459,0.9999966025352478,3.351811170578003,1,3.127687931060791,0.0,0.0,0.0,fee4ee249024ec1e,3.7504587173461914,3.813084840774536,3.93951678276062,4.261463165283203,3.2891695499420166,4.035747051239014,3.8073651790618896,opentts_tetiana,review_preserved_untrimmed,5.459,0.0,0.0
"[""large_boundary_removal""]",a27cad95ef3c0c0905725b2424eb5450b5c5e611e2777e8723f4fba839a740e2,7.51289176940918,0.038461538461538464,0.0,4.74,0.9999927282333374,3.5780551433563232,0,3.4920597076416016,0.0,0.0,0.0,db66d78beb3f1e12,3.823415756225586,4.333460807800293,3.82448410987854,4.58043909072876,3.3409688472747803,4.617265701293945,3.803412437438965,opentts_tetiana,review_preserved_untrimmed,4.74,0.0,0.2
"[""large_boundary_removal""]",59d17ec68a2e5b621355c227467e0906522c629b0b972cbe8136c227b728c0f8,7.501936435699463,0.0,0.0,5.82,0.9999961256980896,3.4838929176330566,2,3.5272669792175293,0.0,0.0,0.0,a4d20c904d039c3c,3.5192747116088867,3.4442782402038574,3.2877728939056396,4.355535507202148,3.2350542545318604,4.077762603759766,3.9517252445220947,opentts_tetiana,review_preserved_untrimmed,5.82,0.0,0.0
[],4fda1e6333540c3992eceb42eaa6cd5b9e32850167789f2391c781fb1e5e2a6c,7.569913387298584,0.0967741935483871,0.0,3.91,0.8748961091041565,3.394803047180176,1,3.323094367980957,0.0967741935483871,0.2222222222222222,1.55,e1efaab5dc0d3951,3.772495746612549,4.279078483581543,3.839080572128296,4.666072845458984,3.460235357284546,4.833252429962158,3.8317532539367676,opentts_tetiana,mfa_aligned,4.6,0.69,0.7777777777777778
[],796a9f9f9c6aabdfc49377d5ecb42259591bcbf02eea9a5a621f1da67a1f9bd3,7.658647537231445,0.0,0.0,5.7,0.8974703550338745,3.0216383934020996,4,3.4780707359313965,0.0,0.18181818181818182,2.04,459946afe3d52514,3.5595829486846924,4.2480010986328125,3.555274486541748,4.424134254455566,3.1855781078338623,4.414983749389648,3.6887972354888916,opentts_tetiana,mfa_aligned,6.63,0.93,0.18181818181818182
[],b000852c0ea60de6bd9358f45e1bf78181e104a8968527e23ddf8c38c0f78ca4,7.901792526245117,0.015873015873015872,0.0,5.930041666666667,0.9607738852500916,3.357008934020996,4,3.435959577560425,0.015873015873015872,0.16666666666666666,2.8899583333333334,3ff7e27f7339a49d,3.8981773853302,4.559535503387451,4.1513142585754395,4.67034912109375,3.5337274074554443,4.536689758300781,3.764070987701416,opentts_tetiana,mfa_aligned,7.46,1.5299583333333333,0.08333333333333333
[],6d0d2c86d74485fc0d5236a7ddb20806bcd43e255eb594caea272df5f1751fc6,7.536259174346924,0.0,0.0,3.27,0.7816274762153625,3.5133728981018066,1,3.65086030960083,0.0,0.0,1.65,499279273b190180,3.6966230869293213,4.128842353820801,3.967858076095581,4.222451686859131,3.219590663909912,3.8216683864593506,3.5350260734558105,opentts_tetiana,mfa_aligned,3.98,0.71,0.0
[],d8adb10a62dcc9d0fd943226190bafc7a349fb1ae05eee2a3afb7a5d872ad5aa,7.575425148010254,0.0,0.0,4.520041666666667,0.7017309069633484,3.721022367477417,3,3.696368932723999,0.0,0.0,2.4999583333333333,61fc9fdf75d88c36,3.7245709896087646,4.330286026000977,4.140838623046875,4.8339691162109375,3.582658052444458,4.720076560974121,3.9942715167999268,opentts_tetiana,mfa_aligned,5.67,1.1499583333333334,0.0
[],56a98a19ab89c22cce34a65f2f347b55ac77aee0b1d6feb5652faec2394d49a2,7.743141174316406,0.0,0.0,5.980041666666667,0.9631094932556152,3.7652933597564697,4,3.5659940242767334,0.0,0.0,2.1799583333333334,b64ca386085e5daa,3.5496842861175537,3.9350321292877197,4.391838073730469,4.6996355056762695,3.372335195541382,4.1057634353637695,3.8099451065063477,opentts_tetiana,mfa_aligned,7.02,1.0399583333333333,0.0
[],37dc28a0d9dd5145c529789662019a0f233ef90471d028bdef3ed3e5336bf7b4,7.7932329177856445,0.01639344262295082,0.0,6.16,0.9635913372039795,3.842817783355713,4,3.9748144149780273,0.01639344262295082,0.09090909090909091,2.78,946d8018677820ed,4.340320587158203,4.215335845947266,4.269654273986816,4.630951404571533,3.966695785522461,4.322113037109375,4.511557102203369,opentts_tetiana,mfa_aligned,7.13,0.97,0.09090909090909091
[],95d1e911d5cd04e93b2dea2bb55bbe7150a97b3d71a237ef6f32ccb7359f8add,7.687612056732178,0.0,0.0,4.430041666666667,0.7983125448226929,3.562879800796509,6,3.6205413341522217,0.0,0.0,2.2899583333333333,859e40bc01bb7b75,3.925703763961792,4.255379676818848,3.74554181098938,4.614703178405762,3.7244768142700195,4.5438032150268555,4.085812568664551,opentts_tetiana,mfa_aligned,5.5,1.0699583333333333,0.0
[],c737ba3506fe0b45f07db086f5681834fa0b1fe6d8f29fe09912b18cbcd5b5f9,7.890488147735596,0.02857142857142857,0.0,4.180041666666667,0.8746967315673828,3.788241386413574,1,3.5110487937927246,0.02857142857142857,0.1,1.8799583333333334,68193da121bd8ff3,4.092715263366699,4.248752593994141,3.4805514812469482,4.61535120010376,4.152830600738525,4.238123893737793,4.532718658447266,opentts_tetiana,mfa_aligned,5.21,1.0299583333333333,0.1
[],646be23ca5438cc514b6304e3003d8574914f5ce941084dadb3e4906d258aaac,7.468914985656738,0.0625,0.0,2.89,0.6804070472717285,3.235856771469116,4,3.400480031967163,0.03125,0.2,1.91,8295344a595567ca,3.585073232650757,4.031604766845703,4.199010848999023,3.950606107711792,3.290925979614258,4.655340194702148,3.6803159713745117,opentts_tetiana,mfa_aligned,3.5,0.61,0.2
[],3c8021ba09246c8cc2719854280d5c73f56c52fa1099358f8e5ba8afa7018a1b,7.877007007598877,0.03225806451612903,0.0,3.87,0.9334766864776611,3.3586366176605225,2,3.39445424079895,0.03225806451612903,0.1111111111111111,1.89,9e2468dbf1c72078,3.6406238079071045,3.773298978805542,3.666368246078491,4.309623718261719,3.291895866394043,3.8943092823028564,3.7863173484802246,opentts_tetiana,mfa_aligned,5.05,1.18,0.1111111111111111
[],207071ee5f8644a06ed05150602d74bcff16764c9cd1278c153b437e8149d3e0,7.648234844207764,0.0,0.0,5.29,0.9329673647880554,3.287592887878418,5,4.090019702911377,0.0,0.0,2.27,6097f5f5350b6e17,3.09261155128479,4.126492500305176,4.011435508728027,4.118721961975098,2.870258092880249,4.129158973693848,3.7566440105438232,opentts_tetiana,mfa_aligned,6.69,1.4,0.0
[],0c78931692e39152cde1443d5d4197b0a14b594b78065dcc2edac81ec149de51,7.835809230804443,0.041666666666666664,0.0,3.39,0.8366026878356934,3.2530689239501953,0,3.119387626647949,0.041666666666666664,0.5,2.13,e9238b21c870beaa,3.6406047344207764,3.9293699264526367,3.93939471244812,4.357682228088379,3.354125738143921,4.113972187042236,3.830735921859741,opentts_tetiana,mfa_aligned,4.39,1.0,0.5
"[""large_boundary_removal""]",4565c2aa441529c712f75f41837250d21fa45c90d512e3a7fc0e07f398525976,7.529214859008789,0.0,0.0,5.82,0.9999911189079285,3.511993169784546,1,3.598247766494751,0.0,0.0,0.0,9379781954c6f1d8,3.8332324028015137,4.158300399780273,4.011099815368652,4.240781784057617,3.5441274642944336,4.408199310302734,4.127349853515625,opentts_tetiana,review_preserved_untrimmed,5.82,0.0,0.0
"[""large_boundary_removal""]",077d91d23ed0a4e1ea656dfc85774b76cb4de67f935c4bf0550d205d4c3da68e,7.893230438232422,0.0,0.0,4.68,0.9999884963035583,3.320422887802124,1,3.083203077316284,0.0,0.0,0.0,2a3c80b50e3009f0,3.596961498260498,3.9702978134155273,3.573129177093506,4.641171455383301,2.8488097190856934,4.260130405426025,3.3257808685302734,opentts_tetiana,review_preserved_untrimmed,4.68,0.0,0.0
[],5397558822fc763b267bf7bf2119a3277f8ea440cd87bd9d09c792cb1abd1093,7.822231769561768,0.0,0.0,2.87,0.7336509227752686,3.3329880237579346,1,3.7166383266448975,0.13043478260869565,0.25,1.81,8604fdddfe4c48dd,3.7768359184265137,3.5257956981658936,3.566256046295166,4.253054618835449,3.3604042530059814,4.229633808135986,3.720888137817383,opentts_tetiana,mfa_aligned,3.84,0.97,0.0
[],e39abe82087591131d442cd91b91dc845fef253fd72646cf488212138d9bc76f,7.8108439445495605,0.0,0.0,4.270041666666667,0.8021626472473145,3.054800271987915,0,3.3970136642456055,0.0,0.0,3.7699583333333333,69d1cc2407bc6c03,3.1984703540802,4.221149444580078,3.5378711223602295,4.324092388153076,3.25415301322937,4.417453765869141,3.6264138221740723,opentts_tetiana,mfa_aligned,5.59,1.3199583333333333,0.0
[],95d600e9624b6699d524dc1c026e896f6c1c5164a96acad18394a81e298496c0,7.766768932342529,0.0,0.0,5.460041666666666,0.8878083229064941,3.1607134342193604,1,3.775827407836914,0.0,0.0,3.359958333333333,0143eb9645fe77e0,3.7608888149261475,4.012377738952637,3.6474647521972656,4.492658615112305,3.4468934535980225,4.6736907958984375,3.6993799209594727,opentts_tetiana,mfa_aligned,6.62,1.1599583333333334,0.0
[],a727c5e4a32229545f3ece8d919bc903c6e0692a7ec71682c9a07397b7c4bbc0,7.5935258865356445,0.0,0.0,4.99,0.9401967525482178,4.063433647155762,5,4.06514835357666,0.037037037037037035,0.1111111111111111,2.45,1b7ca199d0cb0e62,4.672797203063965,4.554052352905273,4.510475158691406,4.508565425872803,4.046879768371582,4.749544143676758,4.3853864669799805,opentts_tetiana,mfa_aligned,5.7,0.71,0.0
[],27a2dbfed3f200b143bf836cf51727de28582210ae2c8e029b814e58c22952e8,7.695459365844727,0.0,0.0,3.7000416666666665,0.891933798789978,3.7980902194976807,3,3.702751636505127,0.0,0.0,2.718958333333333,89ae889a44d5c4a2,3.583688974380493,4.833384990692139,2.9377479553222656,4.460318088531494,3.6154556274414062,4.870436668395996,4.714847564697266,opentts_tetiana,mfa_aligned,4.75,1.0499583333333333,0.0
[],0fc19c463928af859d6cde84f643a7998dd97da809af43d33b0d3b6279d0dfa2,7.652179718017578,0.0,0.0,5.07,0.916088342666626,3.457063913345337,4,3.6907832622528076,0.0,0.16666666666666666,2.49,193ee9ae8fe3bbfb,4.052680969238281,4.382379531860352,3.8439247608184814,4.471284866333008,3.6753718852996826,4.698686599731445,4.310847282409668,opentts_tetiana,mfa_aligned,5.81,0.74,0.16666666666666666
[],be06d87317420fc9dc8cb56491989bda4cabfab7d0f1bd08aa03086ec05d808c,7.8011579513549805,0.0,0.0,3.34,0.8466688394546509,3.251173257827759,0,3.589210271835327,0.0,0.0,3.26,02749462d9239370,3.3527252674102783,4.546903610229492,3.7338507175445557,4.675440788269043,3.3487765789031982,4.537924289703369,3.7539894580841064,opentts_tetiana,mfa_aligned,4.73,1.39,0.2857142857142857
[],b81e6550f5f06061b2f898c7787399960432cda81ffba41c5fb3eb17228ffb02,7.7469305992126465,0.02564102564102564,0.0,3.26,0.8711130619049072,2.7485342025756836,3,3.050908327102661,0.0,0.0,2.86,19050e6fd81455e8,3.399714946746826,4.105759620666504,3.6545042991638184,4.07887077331543,2.6465306282043457,3.7086281776428223,3.573704242706299,opentts_tetiana,mfa_aligned,4.04,0.78,0.14285714285714285
[],f17a2df469550a7804d714e6fb960f825d7522867748c75dc55c8e12a2f65467,7.639839172363281,0.0,0.0,3.09,0.9223802089691162,3.6528267860412598,1,3.2543909549713135,0.0,0.0,1.65,c1b469d85d055d45,3.244670867919922,3.9404444694519043,4.706407070159912,4.376739501953125,3.753119468688965,4.324214935302734,4.285344123840332,opentts_tetiana,mfa_aligned,3.93,0.84,0.0
[],acc8443b0836f6d7e93b5da0439f3b864d82eecf165b1d52b0d78786f6a82746,7.672235488891602,0.078125,0.0,6.88,0.9824990630149841,3.4320733547210693,8,3.647306203842163,0.140625,0.5,1.82,1e1b5cdab1a0dcfd,3.290729284286499,4.28428840637207,4.183639049530029,4.141824722290039,3.484081983566284,4.045673847198486,4.201217174530029,opentts_tetiana,mfa_aligned,7.39,0.51,0.3333333333333333
"[""large_boundary_removal""]",c8b2211d5ef0dcfb1f3d3ca7e24b0445f4a67309375d1b7c07f91aea99fd7a3e,7.635052680969238,0.0,0.0,7.08,0.9999991655349731,3.3483052253723145,1,3.520848035812378,0.0,0.0,0.0,e116b5fec3fc501a,3.4959442615509033,3.7620840072631836,4.447778701782227,4.133806228637695,3.033104181289673,4.499398708343506,3.4841368198394775,opentts_tetiana,review_preserved_untrimmed,7.08,0.0,0.0
"[""large_boundary_removal""]",3b78d9f77637652c2c81d4a30e3d2a2d79a25ef10a3a7e4f42b844866ba1646e,7.656712055206299,0.0,0.0,4.8,0.9999969005584717,3.716975212097168,2,3.8612172603607178,0.0,0.0,0.0,e8ecb91a8db5f101,3.9244234561920166,3.98340106010437,3.699033498764038,4.471753120422363,3.534064769744873,4.090745449066162,3.9842822551727295,opentts_tetiana,review_preserved_untrimmed,4.8,0.0,0.0
[],00f1cec9c526015627fe61fafdf83da564aa8837838d68134864b24c82f9f24e,7.9455037117004395,0.0,0.0,2.87,0.853817880153656,2.699561357498169,1,3.4740545749664307,0.06666666666666667,0.3333333333333333,1.63,1c1b3c40bdff7da4,3.286747455596924,3.863882064819336,3.7822213172912598,4.541581153869629,2.739616632461548,4.7531633377075195,3.392836332321167,opentts_tetiana,mfa_aligned,3.57,0.7,0.0
[],c5a9ca8d3ad3f92d76682726f681abe5ba661dced6d806134f9605b9b2b550a5,7.549096584320068,0.045454545454545456,0.0,5.920041666666667,0.9236338138580322,3.5161492824554443,5,3.3650782108306885,0.045454545454545456,0.3076923076923077,2.6599583333333334,989d0e13d74863b2,3.4888758659362793,4.131304740905762,4.415468692779541,4.250347137451172,3.3630876541137695,4.549562454223633,4.028558731079102,opentts_tetiana,mfa_aligned,6.98,1.0599583333333333,0.3076923076923077
[],64cb347f8aeac9a08f60b928149e0192442450f560a9d17a8289c612c146e42e,7.548555374145508,0.0,0.0,2.9900416666666665,0.8006829619407654,3.0683982372283936,0,3.23513126373291,0.0,0.0,2.589958333333333,f6d754017472b88b,3.3967137336730957,3.762848377227783,4.404364585876465,4.61057186126709,3.2407517433166504,3.8363966941833496,3.755342960357666,opentts_tetiana,mfa_aligned,4.15,1.1599583333333334,0.0
[],90a57638f302f1e9ca793e743c29c0ac838306ffd8bf4045c0d2b646379a5225,7.722504615783691,0.08,0.0,3.23,0.9271532893180847,3.295515298843384,3,3.7094242572784424,0.0,0.0,2.05,b3539b2152304982,3.6306803226470947,3.965691089630127,3.745727777481079,4.363116264343262,3.169753313064575,4.101864814758301,3.5876305103302,opentts_tetiana,mfa_aligned,3.96,0.73,0.2
[],08a7b146ef87ba4f6eff61fcbeb25074244439245b6f024d402b9d1f1e004ca1,7.781271934509277,0.019230769230769232,0.0,4.830041666666666,0.8812519907951355,3.2931582927703857,7,3.1498122215270996,0.0,0.0,2.9099583333333334,bcbc8ecf63883fb5,3.661794424057007,4.19114875793457,4.550230979919434,4.055113315582275,3.8667054176330566,4.108220100402832,4.389011383056641,opentts_tetiana,mfa_aligned,5.97,1.1399583333333334,0.08333333333333333
[],842a1757a357586c8362ebd8083f816077fdbe36482ee420b4427e5dce2c861f,7.8330793380737305,0.0,0.0,3.26,0.8538942933082581,3.531491756439209,2,3.3175621032714844,0.0,0.0,2.86,52633a8fe28a5f7e,3.2806317806243896,3.9180736541748047,3.4167075157165527,4.346909999847412,3.361600875854492,4.021289825439453,3.80983304977417,opentts_tetiana,mfa_aligned,4.28,1.02,0.0
[],45219676fb34820f1a0c04ac2549300ef14520c3ebeee4410cf2ea3630ea997b,7.655882358551025,0.0,0.0,3.47,0.8451868891716003,3.477750062942505,1,3.436284303665161,0.0,0.0,2.77,248453bd3d5bc9d6,3.3837122917175293,4.002486228942871,4.436485290527344,3.9988014698028564,3.2518370151519775,4.310996055603027,4.191546440124512,opentts_tetiana,mfa_aligned,4.14,0.67,0.0
[],2a51428a5682716e4eadbc4355a39a0d08736a9e7ce20b869aa5c176bbbda9e3,7.5250701904296875,0.0,0.0,3.76,0.7640518546104431,3.3898732662200928,1,3.697639226913452,0.0,0.0,1.94,6c1b26cdb98675eb,3.3210604190826416,4.2300028800964355,3.6047909259796143,4.359179496765137,3.2708396911621094,4.354985237121582,3.8551511764526367,opentts_tetiana,mfa_aligned,4.54,0.78,0.0
[],11fd4b530b65859f94056803a6c5b899dbceb10d522929a204fe92184c2caddb,7.685847759246826,0.0625,0.0,5.67,0.9571284651756287,3.1761605739593506,3,3.4553496837615967,0.03125,0.15384615384615385,2.85,cd37b0cdc57fb83a,3.211397647857666,3.9061741828918457,3.585705518722534,4.496509552001953,3.1080217361450195,4.059798717498779,3.6220109462738037,opentts_tetiana,mfa_aligned,6.51,0.84,0.23076923076923078
[],666632c603cc88d075c6855c9a243e4878bf434290e614c89b00d33bfa3ad376,7.48988676071167,0.0,0.0,4.210041666666666,0.9428554177284241,3.6563377380371094,2,3.9367194175720215,0.0,0.0,2.569958333333333,56b3dcf62366b901,3.3795254230499268,4.635572910308838,3.8770294189453125,4.793885231018066,3.6243436336517334,4.483253479003906,4.191518783569336,opentts_tetiana,mfa_aligned,5.31,1.0999583333333334,0.0
[],a514c93f784b33a3f355fcefea2d7c03e517346b6d3ea997f69eab55c544381f,7.854232311248779,0.0,0.0,4.79,0.8718855381011963,3.447239637374878,3,3.7781450748443604,0.0,0.0,1.63,5567c17d1664afde,3.752152681350708,4.354060173034668,3.8170251846313477,4.5172529220581055,4.015799045562744,4.823410987854004,4.461727142333984,opentts_tetiana,mfa_aligned,5.46,0.67,0.0
[],3599734e8b3e2a45423e990a5831f43e1155577249cef731efc64aced3584922,7.874748706817627,0.02702702702702703,0.0,3.59,0.8914092183113098,3.3706138134002686,5,3.1425533294677734,0.05405405405405406,0.2857142857142857,2.77,42e09cdd9bd73577,3.905301809310913,4.18881368637085,3.629030466079712,4.202935695648193,3.5988197326660156,4.557690620422363,4.104222774505615,opentts_tetiana,mfa_aligned,4.47,0.88,0.42857142857142855
[],04703e6a35e6eeedde477750d979f0a4e8a8618158b8ab896fc2ec2d60574759,7.6216888427734375,0.0,0.0,3.94,0.9585028290748596,3.753948211669922,1,3.773566246032715,0.0,0.0,2.06,93a34b9e6a293a63,3.5973427295684814,4.332225799560547,3.9737250804901123,4.629927635192871,3.5387802124023438,4.200281143188477,4.102100849151611,opentts_tetiana,mfa_aligned,4.77,0.83,0.0
[],9fc46dcf520f4e67b97dba762652f7b4719ed0777109b19056fe54e520bd0e56,7.551610946655273,0.0,0.0,4.58,0.9387009143829346,3.172135829925537,4,4.01313591003418,0.0,0.0,2.5,a436afe8019dd6e6,3.4135231971740723,4.465884208679199,4.025132656097412,4.258755207061768,3.1343014240264893,4.19126033782959,4.096930503845215,opentts_tetiana,mfa_aligned,5.16,0.58,0.0
[],53b3d325417ca57c2f8a7f7f66c4ec95e9c83cc6c32a22a58c7cb16cf78fde1f,7.496773719787598,0.0,0.0,2.2400416666666665,0.8284060955047607,3.173551321029663,3,3.4256796836853027,0.0,0.0,2.1999583333333335,5d09e242043295b6,3.4690639972686768,4.353239059448242,4.313971519470215,4.510378360748291,2.958669424057007,3.579986095428467,3.895268201828003,opentts_tetiana,mfa_aligned,3.27,1.0299583333333333,0.0
[],7c565a1e01aa4d1bf3512c5e314e6590f0bfdfebaa84dc9a87d354d8f3543f3e,7.732802867889404,0.05263157894736842,0.0,3.72,0.8267421126365662,3.3855082988739014,0,3.707038402557373,0.05263157894736842,0.1,1.74,8b41685a32cf90a7,3.0540943145751953,4.815394401550293,4.16307258605957,4.50738000869751,3.1231465339660645,4.576376914978027,3.8997044563293457,opentts_tetiana,mfa_aligned,4.44,0.72,0.1
[],0c4591d797668522111ef9deda6d24bc75dbb15a4eee136fbeb1d7c591e299ac,7.785146236419678,0.05405405405405406,0.0,3.5300416666666665,0.8170701861381531,3.461308717727661,3,3.93984055519104,0.0,0.0,2.169958333333333,91240b7e497809fb,3.1631412506103516,4.134420394897461,4.332212448120117,4.50749397277832,3.425304889678955,4.247866153717041,3.981889009475708,opentts_tetiana,mfa_aligned,4.62,1.0899583333333334,0.14285714285714285
[],06b5e32da221cc3f6cfa443e5d453cae1624efc0878cfcf58315183a20054526,7.781664848327637,0.05714285714285714,0.0,3.55,0.9133910536766052,3.21905255317688,5,3.55883526802063,0.05714285714285714,0.1111111111111111,2.21,0e2d7d05aa72dde7,3.2851178646087646,4.403092384338379,4.465936660766602,4.015791416168213,3.1261587142944336,4.13455867767334,3.4280102252960205,opentts_tetiana,mfa_aligned,4.33,0.78,0.1111111111111111
"[""large_boundary_removal""]",4ef9f950b7720628267948302f5ab705160c4857eb462e6f643fd588b1f235de,7.492334842681885,0.0,0.0,5.399,0.9999986886978149,3.579028844833374,1,4.036011219024658,0.045454545454545456,0.25,0.0,a8406d897e716af5,3.7061448097229004,4.090188026428223,4.440074920654297,4.855076789855957,3.660081386566162,4.637624740600586,3.8133890628814697,opentts_tetiana,review_preserved_untrimmed,5.399,0.0,0.0
[],a7361bf521a56923e4719d69c1f533139282eee8b669491828ec3c134200c940,7.477133274078369,0.030303030303030304,0.0,3.25,0.9090428352355957,2.889796018600464,3,3.472113847732544,0.030303030303030304,0.14285714285714285,2.45,77b50dee243d0c2d,3.8784799575805664,4.242916107177734,3.785607099533081,4.341777801513672,3.0633883476257324,4.288388252258301,4.022737503051758,opentts_tetiana,mfa_aligned,4.49,1.24,0.14285714285714285
[],83affe1053f751eb890cc6c3f130a3312e3d069e9ead4d69a7329d2e00f57d16,7.66477632522583,0.05,0.0,3.75,0.953506588935852,3.8753020763397217,1,4.018953323364258,0.025,0.1111111111111111,1.59,dd0092ad2a86266e,3.901085138320923,4.394282341003418,4.049186706542969,4.262078285217285,3.8589279651641846,4.603775501251221,4.523950099945068,opentts_tetiana,mfa_aligned,4.75,1.0,0.3333333333333333
[],124a9d27eebf982584e5c80b199a6d4d0d7dd29d9e08042ff3900f25aa8f485c,7.385182857513428,0.0,0.0,4.31,0.9298616051673889,3.0237245559692383,3,3.3791115283966064,0.023809523809523808,0.3,2.17,76df0f4029032371,3.2542405128479004,3.8605597019195557,3.7851433753967285,3.8514597415924072,3.231412172317505,3.7772839069366455,3.718412160873413,opentts_tetiana,mfa_aligned,5.22,0.91,0.2
[],3a6a89e460c40c4c85058ba24f9aa1a2117093a6e050f80e9a103138ad06fd0b,7.771728515625,0.06060606060606061,0.0,3.78,0.7826222777366638,2.8590521812438965,3,3.6610987186431885,0.030303030303030304,0.125,2.22,3262642bc54e60b2,3.5925536155700684,4.555752277374268,3.6545732021331787,4.24129056930542,3.277728319168091,4.169849395751953,3.839510440826416,opentts_tetiana,mfa_aligned,5.01,1.23,0.25
[],4e555546f221f45603d0deb24ac47c0fe9d6556a8a578d0a89f024f40eff43ce,7.580817699432373,0.03571428571428571,0.0,3.19,0.868101179599762,3.2825963497161865,2,3.3069212436676025,0.0,0.0,2.09,f0f1e00645a9ae0c,3.3217976093292236,4.27766227722168,3.9471921920776367,4.032930850982666,3.441072940826416,4.077046871185303,4.011758804321289,opentts_tetiana,mfa_aligned,4.0,0.81,0.16666666666666666
[],8931c5be1db318708ab8ddb06c19fc150c8bd2753a26917be568b7590380f52a,7.0417633056640625,0.08,0.0,2.370041666666667,0.8082587122917175,3.473973512649536,1,3.473020553588867,0.08,0.25,2.3699583333333334,6b7e760c05f10343,3.4592106342315674,4.758592128753662,3.8945393562316895,4.626368522644043,3.1992945671081543,4.457180976867676,3.986915111541748,opentts_tetiana,mfa_aligned,3.42,1.0499583333333333,0.25
[],63f39f1f518ed9385b387f00ad4067e16844f539b8ed79ade11927168497c1c1,7.496176719665527,0.0,0.0,4.290041666666666,0.8444356918334961,3.495950698852539,2,3.8367087841033936,0.0,0.0,3.2099583333333332,3212b7cac1a07f62,3.739776611328125,3.8488259315490723,3.6667964458465576,4.080083847045898,3.7220962047576904,3.7091169357299805,4.187643051147461,opentts_tetiana,mfa_aligned,5.84,1.5499583333333333,0.0
[],acdf20f3090abd61adb770cbe025f34ad603e6f245dcbb3b25bc6e193c8dfb7e,7.841188430786133,0.03333333333333333,0.0,4.570041666666667,0.9410886764526367,3.32414174079895,3,3.266831636428833,0.06666666666666667,0.2222222222222222,2.4499583333333335,ddb4b0992794a754,3.98671293258667,3.9370758533477783,4.0248494148254395,4.706683158874512,3.3755905628204346,4.520575046539307,3.7036545276641846,opentts_tetiana,mfa_aligned,5.87,1.2999583333333333,0.1111111111111111
[],5813738f5003e1689dabe08dd8bf457938a43cfe161fc05dd14272b0ea475277,7.629169464111328,0.0,0.0,5.12,0.9693692922592163,2.956169843673706,7,3.166041612625122,0.0,0.0,2.26,5fc38e14b23a74a7,3.692941904067993,3.9814188480377197,4.082108020782471,3.9706056118011475,3.360546350479126,4.305507659912109,3.809654712677002,opentts_tetiana,mfa_aligned,5.88,0.76,0.0
[],27452481eebe31911a3052b325bd6ad60201b9e35b7c7eca1db856c8f3235faf,7.818524360656738,0.03333333333333333,0.0,3.120041666666667,0.84773188829422,2.86767578125,3,3.2155630588531494,0.03333333333333333,0.14285714285714285,2.1599583333333334,e726cd177b517677,2.8725221157073975,4.096095085144043,3.714755058288574,4.481202125549316,2.909092664718628,4.179366111755371,3.4944355487823486,opentts_tetiana,mfa_aligned,4.15,1.0299583333333333,0.14285714285714285
[],4e2425e86d76b20bf31851d65ab45e7f7a456fce4be1cacc03bb1fd722e86260,7.916653633117676,0.03225806451612903,0.0,3.41,0.8984447717666626,3.6841721534729004,1,3.9665703773498535,0.0,0.0,2.23,d15f0fed2f188d89,3.696478843688965,4.298759937286377,3.66671085357666,4.356411933898926,3.6176955699920654,4.475407600402832,4.196829795837402,opentts_tetiana,mfa_aligned,3.84,0.43,0.2857142857142857
[],ab6dae674337845876aa1d71f61ee96d1bcda433c7a43976e86a510b026f1d62,7.726841926574707,0.0,0.0,4.29,0.827416181564331,3.048720598220825,4,3.7725753784179688,0.0,0.0,2.25,c3a5d2ccdd8f047d,3.2208034992218018,4.0640411376953125,3.834059953689575,4.27541446685791,3.1231095790863037,4.693325519561768,4.0901618003845215,opentts_tetiana,mfa_aligned,5.26,0.97,0.0
[],719f5536f3de22340971a72de766fba3a58bd6f3efef2c5c06392665e96a7ee1,7.657164573669434,0.0,0.0,5.760041666666667,0.8211743831634521,3.3636085987091064,5,3.3904902935028076,0.0,0.0,3.359958333333333,c6dad82b12822296,3.3086204528808594,4.683624744415283,3.6274919509887695,4.39581298828125,3.575000047683716,4.7429399490356445,4.053007125854492,opentts_tetiana,mfa_aligned,7.33,1.5699583333333333,0.0
[],c3b9639d305e29102fb73f539b76926cfecedefb07972166af58d7b23a206c32,7.559877872467041,0.0,0.0,3.1,0.8516785502433777,2.7850165367126465,2,3.792093515396118,0.0,0.0,2.42,d92a7ba054aef551,2.944575786590576,4.423159599304199,3.1850783824920654,4.624704837799072,3.169297218322754,4.310030460357666,3.7527153491973877,opentts_tetiana,mfa_aligned,4.09,0.99,0.0
[],2e90cb80c92b29889840955b6bcd7fa4371447bf228b66f71726453b3364743c,7.8624067306518555,0.017543859649122806,0.0,5.760041666666667,0.7827126383781433,3.6454713344573975,2,3.3965609073638916,0.03508771929824561,0.3,2.339958333333333,404e82ff92d09c49,3.6152501106262207,4.532131195068359,4.079982757568359,4.649548530578613,3.374040126800537,4.484720706939697,3.894237518310547,opentts_tetiana,mfa_aligned,6.82,1.0599583333333333,0.1
"[""large_boundary_removal""]",2624dd13b2dea70440d4a0c01cf994b0a396f7c1725bb988a7e898b4bce12fa4,7.767272472381592,0.034482758620689655,0.0,5.4,0.9999980330467224,2.7459161281585693,2,3.5260701179504395,0.034482758620689655,0.2,0.0,928ef336870c1d95,3.597979784011841,4.420560359954834,3.650562286376953,4.7866411209106445,3.6191940307617188,4.500120162963867,4.144864559173584,opentts_tetiana,review_preserved_untrimmed,5.4,0.0,0.2
[],b3bf418eb82b7d66fb156d6decfe388f0f3ece702e1d889c9a91e50ec0198da7,7.781216144561768,0.015625,0.0,5.3,0.9492497444152832,3.4105045795440674,4,3.841768741607666,0.015625,0.07692307692307693,2.74,320ccf7987bbf476,3.7421987056732178,4.211008071899414,3.632133960723877,4.0141754150390625,3.446638822555542,4.034157752990723,3.965155601501465,opentts_tetiana,mfa_aligned,6.04,0.74,0.07692307692307693
[],ed79d90f97c8e1aa841273887f624bf5a90b3404d12bfd5755bf2e184e8d520c,7.643002033233643,0.014285714285714285,0.0,6.320041666666667,0.9432612657546997,3.713510751724243,6,3.5179014205932617,0.014285714285714285,0.1,2.3789583333333333,d63cfac7a758aa49,3.899287462234497,4.425677299499512,3.9486517906188965,4.563587665557861,3.4644775390625,4.4103803634643555,4.328566551208496,opentts_tetiana,mfa_aligned,7.45,1.1299583333333334,0.1
[],8744cf5478127412b2ef7f9e2158701c9af8ba8d10c1cb6c34251406b4a839ae,7.448979377746582,0.0,0.0,3.94,0.8897596597671509,2.9904067516326904,5,3.545647144317627,0.0,0.0,1.94,6eecc0d6fd16d1ba,2.977682590484619,4.268209457397461,3.5360476970672607,4.647207736968994,2.9444756507873535,3.8002233505249023,3.662761926651001,opentts_tetiana,mfa_aligned,4.64,0.7,0.0
[],6e0c717ff375346b95828e44b2a90bf83b43208d58451c57244819a50f3494c0,7.716419219970703,0.0,0.0,2.67,0.879059374332428,2.8384323120117188,1,3.528721332550049,0.2222222222222222,0.2857142857142857,2.669,fabd7d8790334054,3.546529769897461,4.226258277893066,3.372931480407715,4.598663330078125,3.24615740776062,4.579178810119629,4.117670059204102,opentts_tetiana,mfa_aligned,4.07,1.4,0.0
[],a4a877266bd41d89773ff88691ff47262c2e33d7656eef4e72c400ca1ed82758,7.625731945037842,0.0,0.0,4.24,0.9161949753761292,3.157057523727417,3,3.39436411857605,0.0,0.0,2.78,27c7bdd1a2d0ea4d,3.515658140182495,3.7690486907958984,4.0428466796875,4.4811296463012695,2.945051431655884,4.3904242515563965,3.2362029552459717,opentts_tetiana,mfa_aligned,5.61,1.37,0.0
[],2f1e762712ed6cc6b83a4d6519459e277d47f183fb951eeb6b0e23662d5191f5,7.370016574859619,0.0,0.0,3.24,0.9159429669380188,2.7883806228637695,3,3.9057669639587402,0.0,0.0,2.22,f950c22fb87d55d6,3.174672842025757,4.295199394226074,3.9310295581817627,4.252061367034912,3.162672281265259,4.410837650299072,3.5191638469696045,opentts_tetiana,mfa_aligned,4.23,0.99,0.0
[],98a1e5a4cec0a0887ed1114abff58f9dead95a7151099e767fbe654959169d3f,7.825145721435547,0.05128205128205128,0.0,3.49,0.845150887966156,3.431690216064453,2,3.4646565914154053,0.05128205128205128,0.3333333333333333,2.27,dda6c4b2479d2318,3.6493825912475586,4.286413192749023,3.913262128829956,4.141289234161377,3.4884047508239746,4.272459030151367,4.2585577964782715,opentts_tetiana,mfa_aligned,4.44,0.95,0.3333333333333333
"[""large_boundary_removal""]",8cba78e470b65816c7777e007da8a990a56dceb755698b7d181716664f86e651,7.327144622802734,0.0,0.0,5.4,0.9999967217445374,2.8515617847442627,3,3.541776657104492,0.0,0.0,0.0,1ddfcc4fb227a7e9,3.69348406791687,4.048792839050293,4.164244651794434,4.489914894104004,3.436127185821533,4.563255310058594,4.052122116088867,opentts_tetiana,review_preserved_untrimmed,5.4,0.0,0.0
[],efa8c3038dee5baff04a4eb3e47fdd3319916cb795fd31308960f3f23e09206f,7.566577434539795,0.0,0.0,4.430041666666667,0.878286600112915,3.6905884742736816,5,3.8974339962005615,0.0,0.0,3.129958333333333,642a0b4005aa2e95,3.4358208179473877,4.466293811798096,4.107542991638184,4.302976608276367,3.6453747749328613,4.159811973571777,4.030430793762207,opentts_tetiana,mfa_aligned,5.74,1.3099583333333333,0.0
[],ceb4629e68c8f6392cf14227405ec862099309c55ee19a7d896a269fc14e2a84,7.543117046356201,0.05128205128205128,0.0,4.16,0.800570547580719,3.1138644218444824,4,3.1856822967529297,0.0,0.2222222222222222,2.439,53094efed47fb1df,3.3516883850097656,3.6214752197265625,3.5106606483459473,4.669816017150879,2.783912420272827,4.0413618087768555,3.1992621421813965,opentts_tetiana,mfa_aligned,5.01,0.85,0.3333333333333333
[],2ff4c77a1dba4aee23dcc2f55e1e4eceb9ba795ebfaa872e8d23dfc1b6cc6915,7.526072978973389,0.0,0.0,2.92,0.8580291867256165,3.6285488605499268,3,3.5030815601348877,0.0,0.0,2.84,8f871c64da1f9b76,3.9468026161193848,4.470121383666992,3.8064591884613037,4.748512268066406,4.096195220947266,4.609409332275391,4.509905815124512,opentts_tetiana,mfa_aligned,3.78,0.86,0.0
[],31b0dac9f083d6541931c891bc8840c752345c03de3b3f7c065d431a0c24dc73,7.53474760055542,0.0,0.0,4.98,0.9494310021400452,3.2101452350616455,6,3.794987678527832,0.0,0.2,2.4,32cc8406425d69b5,3.3554728031158447,4.228723526000977,3.85353684425354,4.114373207092285,3.2450480461120605,4.1840338706970215,3.7037031650543213,opentts_tetiana,mfa_aligned,5.95,0.97,0.0
[],c92b1292d32da7f050f2f27bab055d6788a61bd99f5d22a631b2b1be13d6c8f9,7.967205047607422,0.07692307692307693,0.0,2.36,0.8827424645423889,3.0196950435638428,0,3.7068252563476562,0.0,0.0,2.02,436fd629fef8f0ae,3.3013761043548584,3.5364770889282227,3.659985303878784,4.427580833435059,2.911712884902954,3.6972780227661133,3.5144312381744385,opentts_tetiana,mfa_aligned,2.94,0.58,0.3333333333333333
[],c8384652e669f61df85febe13a565b5b4caa4a5c43220b8a753747426b39619d,7.745598793029785,0.1111111111111111,0.0,2.55,0.8166074752807617,3.167353391647339,3,3.8011739253997803,0.037037037037037035,0.2,2.55,135ed3c3ae5837f8,3.130307197570801,4.776036262512207,4.544695854187012,4.1214752197265625,3.36213755607605,4.734858989715576,4.172476768493652,opentts_tetiana,mfa_aligned,3.72,1.17,0.2
[],d8b6f7833b28deecda38e43169c18f67f79f067efad8c461bb1b27859568d5bd,7.570236682891846,0.0,0.0,5.14,0.9162582159042358,3.416416883468628,3,3.846066474914551,0.0,0.0,2.24,b60ea5a3487fd1ae,4.276852607727051,4.459995269775391,4.454237461090088,4.44666862487793,3.598874568939209,4.619589328765869,4.109804153442383,opentts_tetiana,mfa_aligned,5.76,0.62,0.15384615384615385
"[""large_boundary_removal""]",9569a83deb2256f7c987eb7301a046644b38ef42caafd3f725fa2eb652f6e618,7.664520263671875,0.09523809523809523,0.0,4.68,0.999996542930603,3.467406749725342,0,3.262573003768921,0.0,0.0,0.0,720ee61b33ce69b4,3.597975492477417,4.070466041564941,3.766721725463867,4.1362457275390625,3.175309181213379,3.929539442062378,3.6367061138153076,opentts_tetiana,review_preserved_untrimmed,4.68,0.0,0.6666666666666666
[],a1e4b571ff9097fcf5174791ae2e919a6673e034b6ade2e0b5842403e3e6faf4,7.830542087554932,0.016129032258064516,0.0,6.75,0.9430672526359558,3.428239345550537,4,3.2611076831817627,0.016129032258064516,0.09090909090909091,2.07,4c9f5813ca9056a2,3.4934537410736084,3.9760403633117676,3.7903554439544678,4.288382530212402,3.336379051208496,4.127429008483887,3.675720453262329,opentts_tetiana,mfa_aligned,7.53,0.78,0.09090909090909091
[],4361c11e9c9443fe5f3bff126eb0a1b0515fad6e9046751b8ebfd3f45ca89081,7.5675368309021,0.0,0.0,4.83,0.8810608983039856,3.1867237091064453,4,3.3802902698516846,0.0,0.0,2.07,8679673b1593264e,3.939605951309204,4.536026954650879,3.349114418029785,3.952136754989624,3.231339693069458,4.659505844116211,4.162008285522461,opentts_tetiana,mfa_aligned,5.53,0.7,0.0
[],743513edde2a267a31d9f55e6349e06e461442f22236eba19eeb9320298efd84,7.735151767730713,0.0,0.0,2.34,0.7747668027877808,2.9354865550994873,0,3.128530502319336,0.0,0.0,2.22,2731484c2e7f95be,3.3821499347686768,4.5631842613220215,4.063612461090088,4.455444812774658,3.7507503032684326,4.6923627853393555,4.326078414916992,opentts_tetiana,mfa_aligned,3.13,0.79,0.0
[],e8aeb0bea9b895d506da4ec0ebae77794be90708448eae66b977decda316ed7d,7.837083339691162,0.019230769230769232,0.0,5.79,0.9717199206352234,4.273876190185547,2,4.205113410949707,0.019230769230769232,0.08333333333333333,1.53,ad6b911003f52646,4.225858688354492,4.788813591003418,4.156734943389893,4.735111236572266,4.290581226348877,4.630423545837402,4.636152744293213,opentts_tetiana,mfa_aligned,6.55,0.76,0.08333333333333333
"[""large_boundary_removal""]",f2b24064d9613ecfc528a6b2c3ed6da676698269fff24986ef0d1f4f039b734c,7.548410892486572,0.0,0.0,5.52,0.9999926686286926,3.591752767562866,3,3.337434768676758,0.0,0.5,0.0,7f676601dcced195,3.5051796436309814,3.480633497238159,3.8055648803710938,4.193830966949463,3.3145344257354736,4.195048809051514,3.700896978378296,opentts_tetiana,review_preserved_untrimmed,5.52,0.0,0.5
"[""large_boundary_removal""]",259e67a1013441d80f7b5deeaf79c53223855864b107a3279e1e5fde94205293,7.488622665405273,0.23809523809523808,0.0,4.5,0.9999675154685974,3.353207588195801,3,3.361783742904663,0.23809523809523808,0.4,0.0,378359aa39452278,3.0142927169799805,4.13236665725708,3.9781453609466553,4.7082109451293945,3.265829563140869,4.58692741394043,3.8789961338043213,opentts_tetiana,review_preserved_untrimmed,4.5,0.0,0.4
[],efe488b434166d37d20a9bdc33341b2c47d75f815be42109c892b6b077d1f0bf,4.594521522521973,0.02857142857142857,0.0,3.09,0.965981662273407,2.254436731338501,0,2.551100730895996,0.02857142857142857,0.16666666666666666,0.97,59ade686dfc9f541,2.2604763507843018,4.261192798614502,3.616527795791626,4.6236748695373535,2.4042739868164062,3.5703704357147217,2.7353413105010986,tg_voices_uk,mfa_aligned,3.94,0.85,0.16666666666666666
[],7a00c71402871fbdf97a1861805149963c38244fccabfdfdb34ca0c49e372e5a,7.08036470413208,0.0,0.0,3.18,0.9765092730522156,3.548375368118286,4,3.5683419704437256,0.0,0.0,1.0,5a30e97954c5364f,3.821160078048706,4.253070831298828,4.357635498046875,4.469892501831055,3.4407217502593994,3.9964988231658936,3.7935631275177,tg_voices_uk,mfa_aligned,3.69,0.51,0.0
[],30ac57838875450e5287b70423096cbd570a310415b6675ea2d6a688dea33a39,6.657697677612305,0.0,0.0,4.5,0.994445264339447,2.6413793563842773,2,2.730865240097046,0.0,0.0,0.4735,4ba9fb21ee3f5893,3.8540079593658447,3.9093971252441406,4.397411346435547,3.950957775115967,2.993992328643799,3.588311195373535,3.422346591949463,tg_voices_uk,mfa_aligned,4.85,0.35,0.0
[],1d0b91807efea557a31278aa58385b27185ac890831cede62328fff045acca14,5.79623556137085,0.0,0.0,1.42,0.927928626537323,3.1842916011810303,0,3.455576181411743,0.0,0.0,0.9535,2c82d3133d9b1bf7,3.544752597808838,4.223305702209473,3.681692600250244,3.728386163711548,3.077181100845337,4.092198371887207,4.030050277709961,tg_voices_uk,mfa_aligned,1.85,0.43,0.0
[],e045fac872547bac2a987275197fc9a98371d35d7d30ab52456e961e0ad90d2c,5.16304349899292,0.04081632653061224,0.0,4.0435,0.9984651207923889,2.480290174484253,2,2.2119810581207275,0.04081632653061224,0.2727272727272727,0.09,ae14f41f9aeea63a,3.11580491065979,4.3294525146484375,2.5317909717559814,2.262502431869507,2.2613909244537354,2.6557528972625732,3.1509273052215576,tg_voices_uk,mfa_aligned,4.1335,0.09,0.2727272727272727
[],26eca401518b6a3c1291f8134a7b0b39d3888fd1ca5cea98ff857d7ab98261dd,6.646671295166016,0.046511627906976744,0.0,3.3600416666666666,0.999203622341156,2.817474365234375,2,2.5180039405822754,0.023255813953488372,0.09090909090909091,0.013458333333333333,3060dfb5ad8622fe,3.163306951522827,3.569256067276001,3.443833351135254,3.528043508529663,2.7813422679901123,3.5779733657836914,3.07674241065979,tg_voices_uk,mfa_aligned,3.37,0.009958333333333333,0.18181818181818182
[],a3673a0bb31c411367f034902c2f1033929ac18442522584d3a01a860e2de970,6.450695991516113,0.05172413793103448,0.0,4.58,0.9958781003952026,3.0482726097106934,5,3.8033432960510254,0.0,0.2222222222222222,0.5535,437115bddff90aac,4.086064338684082,4.959428310394287,3.529163360595703,3.800260543823242,3.170037269592285,4.054333686828613,4.42527437210083,tg_voices_uk,mfa_aligned,5.08,0.5,0.5555555555555556
[],186111e44ef656a4cd70562b59d66326f9bf1d30dbc967c0b113e08a853cdee7,6.906519412994385,0.058823529411764705,0.0,5.7135,0.9972314834594727,2.910170555114746,4,3.2076303958892822,0.17647058823529413,0.5555555555555556,0.38,2bf8f4ca350a8335,3.523042917251587,4.15108060836792,3.6530380249023438,3.8770382404327393,2.910170555114746,3.795509099960327,3.710153818130493,tg_voices_uk,mfa_aligned,6.0935,0.38,0.4444444444444444
[],52651c62a1f35bdf1d22965833de07f830e44f9a765c087e2aa203406b5961db,6.15064811706543,0.0,0.0,10.86,0.9974800944328308,2.8651702404022217,8,2.7112131118774414,0.0,0.0,1.3735,ae2089eb986e145a,3.8522424697875977,4.174570083618164,3.866861343383789,2.981663227081299,2.860658645629883,4.518404483795166,3.6783945560455322,tg_voices_uk,mfa_aligned,11.48,0.62,0.0
[],9ade52de2e3fbda68729bf7cce4423f2e62a7cb9d39d44527d6740348f61faf5,7.167181491851807,0.06349206349206349,0.0,8.71,0.9992877840995789,2.717296838760376,3,3.0005030632019043,0.06349206349206349,0.3333333333333333,0.2435,201c870f2e07fc7a,3.658797025680542,4.23735237121582,3.3909945487976074,3.682685375213623,2.7330243587493896,3.531536817550659,3.242892265319824,tg_voices_uk,mfa_aligned,8.81,0.1,0.3333333333333333
[],d3906c006ed6e53477b73be7241ce8ab03c787dcef8b38ba6f67e754f4512d02,7.227268695831299,0.0,0.0,2.7900416666666668,0.9883113503456116,2.9913549423217773,0,3.0917062759399414,0.0,0.0,0.4099583333333333,1573392baf542b95,3.1789581775665283,3.709700584411621,3.892185926437378,4.2274932861328125,2.739169120788574,3.8281686305999756,3.321636438369751,tg_voices_uk,mfa_aligned,3.12,0.32995833333333335,0.0
[],2461f2f46a4be0d44947449b658d68fdc486f137e2334c33e2824ca4f349dddc,6.556034564971924,0.21052631578947367,0.0,1.9600416666666667,0.9648202061653137,3.433812141418457,1,3.693509340286255,0.0,0.0,0.6934583333333333,a343c3b60397f081,3.8319361209869385,4.749128341674805,3.9581375122070312,4.579185485839844,3.11822247505188,4.010964393615723,3.6965534687042236,tg_voices_uk,mfa_aligned,2.4500416666666665,0.49,1.0
[],792268fd7e12cafe429f3284e15d8735549930d8dda8a31b01116722634acda5,6.732702732086182,0.0625,0.0,4.95,0.9973471760749817,2.990405797958374,1,2.736931800842285,0.041666666666666664,0.2222222222222222,0.3835,dd4dfdc4d7d9cd0c,3.649717092514038,3.6950724124908447,3.49464750289917,3.75642466545105,3.212918281555176,4.168325424194336,4.176084041595459,tg_voices_uk,mfa_aligned,5.21,0.26,0.3333333333333333
[],d6517ccfbed0fee56948f1a164cc5dd08c2dcf2578820d04090f1c89e6841d43,6.092611312866211,0.03278688524590164,0.0,7.95,0.9999026656150818,2.6076061725616455,4,2.6416802406311035,0.03278688524590164,0.09090909090909091,0.0835,453f4ba9b461f99f,3.7131125926971436,4.071326732635498,4.1144609451293945,3.2509984970092773,2.569326162338257,4.138274192810059,3.574674367904663,tg_voices_uk,mfa_aligned,7.95,0.0,0.09090909090909091
[],2957eab3d3174776d1c4d3cd341503e3f6633ea16f07d7fbc3a761e950d1f2b9,5.950608253479004,0.11764705882352941,0.0,2.37,0.9942055940628052,2.4347777366638184,2,2.235872268676758,0.058823529411764705,0.2,0.2235,8f9bd30121a7c414,2.462578773498535,4.295821189880371,3.6957478523254395,2.497828722000122,1.9816617965698242,4.163399696350098,2.5641720294952393,tg_voices_uk,mfa_aligned,2.37,0.0,0.2
[],8fc942b4a7400da3ff3a56df179d43c63412e226a3fd0701100c03d871ca65fc,6.134796619415283,0.0,0.0,4.03,0.9897156357765198,2.6876373291015625,1,2.652219772338867,0.0,0.0,0.7035,55126c0808de1dca,2.654489755630493,4.410512924194336,3.839186191558838,3.2959752082824707,2.6498045921325684,3.4016809463500977,3.110211133956909,tg_voices_uk,mfa_aligned,4.39,0.36,0.0
[],f58152b375e9f808f0fd9c476eb028bfc72bbde8f4ea20f145ce08fde0837902,5.116506576538086,0.02631578947368421,0.0,5.230041666666667,0.9990854859352112,2.9640111923217773,0,3.001253604888916,0.0,0.0,0.14345833333333333,1f5c4d9d94584166,2.219919204711914,4.8082380294799805,3.4625301361083984,3.7342023849487305,2.4410834312438965,3.549081802368164,2.899052381515503,tg_voices_uk,mfa_aligned,5.28,0.049958333333333334,0.125
[],6cb69a32cd8422553d830bac977c5e18f27a5fd8a7a056039a1a0c3a11f13331,6.440273761749268,0.0,0.0,2.4700416666666665,0.993961751461029,3.2503902912139893,2,3.200226068496704,0.0,0.0,0.2834583333333333,7e635aa19e714fce,3.6130003929138184,4.22379207611084,3.820343017578125,4.314356803894043,3.4054572582244873,4.29778528213501,3.6423802375793457,tg_voices_uk,mfa_aligned,2.48,0.009958333333333333,0.0
[],9d808a45542510b9bdc21b0998b72b0130b3710d733caadb11619c85d8c95280,6.347781181335449,0.20833333333333334,0.0,4.32,0.998035728931427,2.667755126953125,0,2.9246222972869873,0.0625,0.2,0.3735,8430672c813e7b8f,3.5668091773986816,3.1874921321868896,3.39178466796875,3.663769483566284,2.7257027626037598,4.385910987854004,3.1696064472198486,tg_voices_uk,mfa_aligned,4.32,0.0,0.5
[],e8eb62f2450af44a8ac4d678f1077ccc997cb30d933750d82f562767136c3934,5.537942886352539,0.0,0.0,2.33,0.9588735103607178,2.1308014392852783,0,2.1202425956726074,0.0,0.0,0.8635,7d520c9452cdfc46,3.2061498165130615,4.134926795959473,2.4653496742248535,3.92110538482666,2.437265396118164,3.9949238300323486,3.452639102935791,tg_voices_uk,mfa_aligned,2.97,0.64,0.0
[],7a8c9ff060e7c3f38141399733e3720eb61205d7517339e1f1e9451b7daf946d,7.092443466186523,0.037037037037037035,0.0,2.53,0.9785087704658508,3.9094793796539307,0,3.422837972640991,0.037037037037037035,0.6,0.8835,3e685b190ba45f40,3.854372024536133,3.5667941570281982,4.087140083312988,3.917062997817993,2.999955415725708,4.558720111846924,3.550813913345337,tg_voices_uk,mfa_aligned,3.24,0.71,0.2
[],142a96f607c3a5f0583e5da42c3eba9e100f22efd173ac0adaae8bb7ada67c6a,7.2455525398254395,0.0,0.0,3.35,0.9857129454612732,2.196930170059204,3,2.553098201751709,0.0,0.0,0.7035,0da85bf49f563322,2.9346868991851807,4.134651184082031,3.522730588912964,3.638313055038452,2.4650187492370605,3.0183472633361816,3.0298538208007812,tg_voices_uk,mfa_aligned,3.87,0.52,0.0
[],21b2f6fcd65f683f9fa0c834fb543223a72b8fd7e184196f78e946a91b5e332e,6.302478790283203,0.0,0.0,2.11,0.9630467295646667,3.1861417293548584,1,2.7611265182495117,0.0,0.0,1.1835,7771c2336bd98b36,3.677480459213257,4.035056114196777,4.013824462890625,4.120948791503906,2.5358262062072754,4.548956394195557,3.8968214988708496,tg_voices_uk,mfa_aligned,2.4,0.29,0.0
[],319ec040cddfb62ea5afc119a8e870740466a9e64f93c816b86c84c9daf4c78b,6.518625736236572,0.0,0.0,1.84,0.9480912089347839,3.600146532058716,1,3.6054956912994385,0.0,0.0,1.1935,80d1e80731f94de5,3.6042773723602295,4.2057085037231445,4.362110137939453,3.786346197128296,3.20096755027771,3.704554557800293,3.835334539413452,tg_voices_uk,mfa_aligned,2.61,0.77,0.0
[],393d986c27dab94ec006c86f995eaac3bcc944c4c9bc5c62f6dd048b5cd7674c,5.9552764892578125,0.03571428571428571,0.0,3.75,0.9875211119651794,2.923595905303955,2,2.8915178775787354,0.0,0.0,0.83,55de86debdfa6538,3.3770220279693604,3.8495495319366455,3.561105489730835,3.9083847999572754,3.095677137374878,4.242560863494873,3.5476224422454834,tg_voices_uk,mfa_aligned,4.23,0.48,0.2
[],ac689789137d12c959d7210f207cf48383f121b5802262ee79de6adebc6cd51b,7.2255120277404785,0.3333333333333333,0.0,1.7000833333333334,0.9885166883468628,2.9614856243133545,2,2.5117454528808594,0.16666666666666666,0.5,0.3734166666666667,92161c225505cef3,3.1115264892578125,4.743304252624512,4.499578475952148,3.403911828994751,3.056652545928955,3.9091832637786865,3.5299582481384277,tg_voices_uk,mfa_aligned,1.7100416666666667,0.009958333333333333,0.5
[],96b2797ef76d30cbc980ddb24b6bd474496a610dfd920b2cdb3bf5281f13a62a,6.608980655670166,0.0,0.0,3.02,0.9994956254959106,3.136800765991211,3,3.264531373977661,0.02857142857142857,0.16666666666666666,0.0735,c32331f6933db117,3.991785764694214,3.705772638320923,2.8678510189056396,4.287006378173828,3.133889675140381,3.6125571727752686,3.864891529083252,tg_voices_uk,mfa_aligned,3.02,0.0,0.0
[],1e79ceb20cc6c935c1f85d534ddb848cc3725a032cf6dddcf126c0da793592bc,6.385980129241943,0.05555555555555555,0.0,2.3,0.9961575269699097,3.4253313541412354,1,3.458705186843872,0.0,0.0,0.1935,dff69328d8d33467,3.339308023452759,4.603283882141113,4.072070121765137,4.553216934204102,3.500394344329834,4.303079605102539,4.332768440246582,tg_voices_uk,mfa_aligned,2.42,0.12,0.3333333333333333
[],6bcb488cc513bd455f3d7e7460cf39d38b4b9f1ce021b5d2a102b619a1845f26,5.989182949066162,0.058823529411764705,0.0,3.5835,0.9943365454673767,2.590271234512329,1,2.6316423416137695,0.058823529411764705,0.14285714285714285,0.73,b077e47d42dcdaa2,4.066789627075195,3.7895872592926025,3.602537155151367,3.16658878326416,2.7706103324890137,3.44693922996521,3.544545888900757,tg_voices_uk,mfa_aligned,4.3135,0.73,0.14285714285714285
[],71e1e4fd62242671af8abff1a743becca0ccf53f43856e70bbbbddd1f1ebe6e9,6.343433380126953,0.0,0.0,1.8900416666666666,0.9699768424034119,2.291517972946167,1,2.2064032554626465,0.0,0.0,1.1034583333333334,e9b78993f1c0e88e,2.941326856613159,3.779585361480713,3.2990927696228027,3.7376296520233154,2.249194860458374,3.4889447689056396,3.73331356048584,tg_voices_uk,mfa_aligned,2.2800416666666665,0.39,0.0
[],c52fcc3d1ff629e8bf1630a4afd52659e615bf3cc67988fc3324997e40cbe337,6.3953094482421875,0.0,0.0,1.9700416666666667,0.9851654171943665,3.3391146659851074,0,3.299546957015991,0.0,0.0,0.5234583333333334,7849f87d6989d8de,4.05864143371582,4.684885025024414,3.8674416542053223,4.3501386642456055,3.5044641494750977,3.798757553100586,4.128361701965332,tg_voices_uk,mfa_aligned,2.2400416666666665,0.27,0.0
[],39a2448e1ee7cbc76b4171d920f7477e2c4f132a5ecb6426b53f75c0516827ef,5.772702693939209,0.0,0.0,2.2,0.9814386963844299,2.5434775352478027,0,2.327322006225586,0.0,0.0,0.5335,ac936925e682db33,3.1883673667907715,4.493756294250488,3.9203877449035645,3.2438628673553467,2.251023054122925,4.456116676330566,3.3886072635650635,tg_voices_uk,mfa_aligned,2.48,0.28,0.0
[],cf62fe507a99f7e0d1899bfb6755a100f833be7fb2b8d64eb8fa38dd83f545be,6.043745040893555,0.11538461538461539,0.0,6.02,0.9973163604736328,1.9955940246582031,0,1.8818778991699219,0.0,0.0,0.4335,f8d46eb306eedb2a,3.047462224960327,4.057395935058594,2.7009775638580322,1.7789514064788818,1.9182984828948975,3.6694931983947754,2.577115058898926,tg_voices_uk,mfa_aligned,6.18,0.16,0.375
[],d37ca3b9c4c24c030a79a7810cf77cc8d3248278d28329cec04946c32bb5a116,6.514437675476074,0.0,0.0,2.31,0.9998124241828918,2.655280590057373,2,2.7080159187316895,0.0,0.0,0.0035,99dfde6bbdae21df,4.099596977233887,4.734848499298096,3.877584218978882,2.296189308166504,2.6301915645599365,4.520218372344971,3.322270154953003,tg_voices_uk,mfa_aligned,2.31,0.0,0.0
[],abef3c331b03e60887c074cfa166425a273d82b7ddaab0324cf466d6084bb2e6,5.846541881561279,0.13333333333333333,0.0,4.65,0.9940438866615295,2.5414845943450928,2,2.383967161178589,0.1,0.5,1.0235,e63ca37142e403df,2.7582008838653564,3.770355701446533,2.7828423976898193,2.1259849071502686,2.15944242477417,4.352817535400391,3.0107827186584473,tg_voices_uk,mfa_aligned,5.16,0.51,0.5
[],4f9f8034b8a71006be78e25c18a53ea4ae8eff6c7d4add7d74b11d7a77cfa787,6.051908493041992,0.05084745762711865,0.0,7.41,0.9995765686035156,2.658292531967163,0,2.468693971633911,0.05084745762711865,0.1,0.1635,3459e9ecf4a5ab88,3.5133121013641357,4.049570083618164,4.231775283813477,3.390791654586792,2.6551835536956787,3.5298171043395996,3.2096970081329346,tg_voices_uk,mfa_aligned,7.41,0.0,0.1
[],899a59c04ac1b4840da8548eb70ebbcb4984dc273c546656d9bd29cbcb9fdb7d,6.118457794189453,0.03278688524590164,0.0,4.56,0.9903429746627808,3.4051737785339355,1,3.1844558715820312,0.03278688524590164,0.07692307692307693,0.96,5ef8bb577dfc820f,3.3787190914154053,4.314979553222656,3.889425754547119,3.7276899814605713,3.2572834491729736,4.6167192459106445,3.5449695587158203,tg_voices_uk,mfa_aligned,4.85,0.29,0.07692307692307693
[],41473e4a6ce07fb181b18a258917f6602b118fd62bf06c8de9a6bffc4ab3a0a9,7.062664031982422,0.022727272727272728,0.0,3.52,0.9956127405166626,2.95004940032959,0,3.104207754135132,0.0,0.0,0.3735,4f17bca587d2ff0d,3.6623167991638184,3.985802412033081,4.111114025115967,4.039179801940918,3.080996036529541,2.9764368534088135,3.3554911613464355,tg_voices_uk,mfa_aligned,3.52,0.0,0.1
[],0e6b6c4c5f5f2a6d89fc3ae263a4eafc4f970c3f5acfa0a2adbb36ff171411de,7.268270492553711,0.0,0.0,3.53,0.9931223392486572,2.893002510070801,1,2.8962483406066895,0.0,0.0,0.5235,4d7b9e5933acc2cc,3.227180004119873,4.621631622314453,3.962430715560913,3.5210485458374023,2.834568977355957,4.571439266204834,3.504040479660034,tg_voices_uk,mfa_aligned,3.74,0.21,0.0
[],2202b926a1a0cc0f4d3c2881f0f187732f211475612802f399b597e7f3989749,5.579553127288818,0.3125,0.0,1.74,0.9851115942001343,2.3972461223602295,0,1.9249629974365234,0.0,0.0,0.3535,d0f08e189a6a5ff2,3.148648500442505,4.719740867614746,3.4663589000701904,4.072024822235107,2.4190900325775146,3.476860523223877,2.927274703979492,tg_voices_uk,mfa_aligned,1.86,0.12,1.3333333333333333
[],cd9320c231fcb5af779cc8cfe67fe02d3fbb504b2880671de8e5cd3cf94ee52a,6.659413814544678,0.03333333333333333,0.0,5.34,0.9973993301391602,3.935042381286621,3,3.6275746822357178,0.03333333333333333,0.4,0.6135,35e7a78e78b39a8a,4.409787654876709,4.361638069152832,4.166499137878418,3.7434492111206055,3.8909597396850586,4.477107048034668,4.625655174255371,tg_voices_uk,mfa_aligned,5.71,0.37,0.3
[],fd5350b7a1902f64963bdd7ee4eb58a8e63e41b388c8aac5304c722f190a0a81,6.62587308883667,0.13636363636363635,0.0,3.3735,0.9999324083328247,2.757798194885254,1,2.4733176231384277,0.11363636363636363,0.42857142857142855,0.0,a8dc57ce6c88a19d,2.312978982925415,3.9158902168273926,2.887042999267578,4.185996055603027,2.757798194885254,3.542278289794922,2.9338738918304443,tg_voices_uk,mfa_aligned,3.3735,0.0,0.5714285714285714
[],4092109ed0a6124f804d6fb7bef0be476c19b5b79803cffe9bdb00e121c55ec7,7.155009746551514,0.0,0.0,2.2300416666666667,0.9861337542533875,3.2189784049987793,0,3.5797131061553955,0.0,0.0,0.7234583333333333,942dc23a4f307676,3.615122079849243,3.985872745513916,3.6262922286987305,3.6637840270996094,3.099879264831543,3.7093379497528076,3.498591184616089,tg_voices_uk,mfa_aligned,2.4900416666666665,0.26,0.5
[],d541489148a0811a91a4b96d0197807a16ce4ae470474101182dab8b02e5a6d6,7.1489129066467285,0.02564102564102564,0.0,3.68,0.9995286464691162,3.773317575454712,1,4.357548713684082,0.0,0.0,0.0935,9ad058e84a7cee1a,4.20979118347168,4.457680702209473,4.315218925476074,4.180130958557129,3.7925608158111572,4.088922023773193,4.346421241760254,tg_voices_uk,mfa_aligned,3.68,0.0,0.25
[],8e406a9860f10d95fbd9f620d7f9f49c5f72620cafcb6657b7e94781268c91d1,6.765071868896484,0.0,0.0,2.7335,0.9999867677688599,2.5243773460388184,0,2.6520917415618896,0.0,0.0,0.0,34109ff078e8ebbc,3.235708475112915,3.726386070251465,3.975663423538208,3.8050007820129395,2.5243773460388184,3.8555309772491455,2.8505630493164062,tg_voices_uk,mfa_aligned,2.7335,0.0,0.0
[],b4f3dda0e04270c2da42c9a811b70ed4c6ef814329ffac63a6496f038254ae6f,6.060401916503906,0.0,0.0,7.6,0.9996442794799805,2.7576792240142822,1,3.0239365100860596,0.01639344262295082,0.18181818181818182,0.2135,9a834c7b2a4361d9,3.2512247562408447,3.933462381362915,3.9480140209198,3.311638593673706,2.4813902378082275,3.9015491008758545,2.95357084274292,tg_voices_uk,mfa_aligned,7.73,0.13,0.0
[],61bdc72957ed2845d4462e1df2c3e800b4dd21ee261280e6c1dedc439cb2511a,6.67434024810791,0.0,0.0,2.27,0.9916358590126038,2.416995048522949,0,2.7228810787200928,0.0,0.0,0.4235,8c76532e76531c31,3.083728313446045,3.7758562564849854,3.704375743865967,3.264188051223755,2.6119933128356934,3.4299404621124268,3.0923826694488525,tg_voices_uk,mfa_aligned,2.62,0.35,0.0
"[""large_boundary_removal""]",4df3d253ea21241a73cdbc35e9b7e716d93aee0f932486d85a5d208cdfc3653d,6.715173721313477,0.0,0.0,3.3135,0.9999943971633911,2.990156888961792,0,1.9082608222961426,0.0,0.0,0.0,0f11cf153c9d4cf0,3.0586154460906982,4.490372657775879,3.1399154663085938,3.001201629638672,2.990156888961792,4.194822788238525,3.2715601921081543,tg_voices_uk,review_preserved_untrimmed,3.3135,0.0,0.0
[],a890284d93e52d906f78cde44cfb73b1ba92051c2827883854d08334c849566e,5.2949395179748535,0.19230769230769232,0.0,2.21,0.9944027066230774,2.903604030609131,0,2.762939214706421,0.15384615384615385,0.25,0.2635,e1304f2e88eab378,2.4837892055511475,4.109920501708984,3.172854423522949,3.351332187652588,2.848928213119507,3.9627749919891357,3.3746235370635986,tg_voices_uk,mfa_aligned,2.21,0.0,0.25
[],07ccb8a2dd16c88dc606300ddebbc2770ad0bcfe873d5d2782b4e3691661c43a,6.795676231384277,0.0,0.0,6.08,0.9916269779205322,3.118455171585083,4,3.0465171337127686,0.03225806451612903,0.15384615384615385,1.6535,49a0f944677d8954,3.487826347351074,3.7196409702301025,4.5529303550720215,3.8064279556274414,3.0841360092163086,4.167300701141357,3.4778454303741455,tg_voices_uk,mfa_aligned,7.53,1.45,0.0
[],2ecdaad39a76bb42b1e9c149f4fc67a22e797e681cba7b76ed2f768cb5dd6f8f,6.351047992706299,0.10344827586206896,0.0,3.7,0.9966879487037659,2.8597238063812256,3,2.6967644691467285,0.10344827586206896,0.14285714285714285,0.5135,f82c3035011a7926,2.9401307106018066,4.734655380249023,3.3486273288726807,3.399998188018799,2.9120380878448486,3.441094160079956,3.7022619247436523,tg_voices_uk,mfa_aligned,3.7,0.0,0.14285714285714285
"[""large_boundary_removal""]",b10ad66f74d545f2b05787509e527a17f468796fe01c5d760301cd03dbf11abc,5.87852144241333,0.21428571428571427,0.0,2.5335,0.9999970197677612,2.2653920650482178,2,2.0923047065734863,0.14285714285714285,0.25,0.0,c3843c5f27f25bc9,3.6887001991271973,3.6693713665008545,3.479107618331909,3.0334136486053467,2.2653920650482178,3.339205741882324,2.7263166904449463,tg_voices_uk,review_preserved_untrimmed,2.5335,0.0,0.75
[],31c683150dabff0d2d9bd2557797e04173fb47135a325d5b7d6ee421691af62d,5.686864376068115,0.03389830508474576,0.0,8.4335,0.9999935030937195,2.324279308319092,1,2.3209872245788574,0.03389830508474576,0.06666666666666667,0.0,20b69eec04f09874,3.243945360183716,4.209339141845703,3.2924561500549316,3.0787830352783203,2.324279308319092,3.283381700515747,2.7002828121185303,tg_voices_uk,mfa_aligned,8.4335,0.0,0.06666666666666667
[],a94017a5a3eed4bfeb37de39e815b1fd2da367f0dbbbb4152ddb923376e73a4f,6.920583248138428,0.0,0.0,2.0,0.9606190323829651,4.999700546264648,2,4.188442230224609,0.0,0.0,0.8935,416b4bec03137c4c,4.998097896575928,4.997921943664551,4.998932838439941,2.6857521533966064,4.998989105224609,3.4756367206573486,4.995706558227539,tg_voices_uk,mfa_aligned,2.54,0.54,0.0
[],ab25bc5839fe9051c34c0d52bb2021d8fc71d8e9d1c4cf48175e3e3cc4a625cf,6.495140075683594,0.02,0.0,4.79,0.9999714493751526,2.499321222305298,1,2.1344008445739746,0.02,0.1111111111111111,0.0035,2e6bf590e008cf51,3.0746219158172607,3.513432741165161,4.065855026245117,3.5803756713867188,2.4179747104644775,3.150878667831421,3.057701826095581,tg_voices_uk,mfa_aligned,4.79,0.0,0.1111111111111111
[],0dd5700018968b7a01ca4869452f538378ecac60c138b81bbb75cd49080b6698,6.984931945800781,0.14285714285714285,0.0,3.15,0.9937836527824402,2.8289170265197754,0,2.1379408836364746,0.08571428571428572,0.2857142857142857,0.5035,d3754eb4100330cb,3.1481456756591797,4.093737602233887,4.132646560668945,3.0998148918151855,2.6361589431762695,4.487485885620117,3.099440097808838,tg_voices_uk,mfa_aligned,3.54,0.39,0.2857142857142857
[],d7e7a0f499d35b5a04b1935269f245e7018d0e1c16271ef7cb1e37a30a1eeeac,6.339450836181641,0.14035087719298245,0.0,4.96,0.9981988668441772,2.5803139209747314,2,2.5989725589752197,0.14035087719298245,0.36363636363636365,0.2935,827fe93c88e27b5b,3.9439170360565186,4.0049943923950195,3.6154675483703613,3.5345661640167236,2.8302860260009766,3.4277541637420654,3.387969970703125,tg_voices_uk,mfa_aligned,5.14,0.18,0.2727272727272727
[],45b929c14f61e6c3c628e60a01a15b6381163f9df21e07b210e3db4777b8ec93,6.476702690124512,0.0,0.0,1.86,0.9428462386131287,3.2519116401672363,2,3.0817878246307373,0.0,0.0,1.1935,86a39f7f2712239b,3.788888454437256,4.6056647300720215,3.716309070587158,3.955493450164795,3.6989002227783203,4.131011009216309,4.21453857421875,tg_voices_uk,mfa_aligned,2.73,0.87,0.0
[],7739154d3961b474699158a5038950162b649bdff8a0eb621778d1964cae1f5b,5.754250526428223,0.0,0.0,7.880041666666667,0.9991956353187561,3.120694160461426,2,3.1222147941589355,0.03571428571428571,0.3,0.19345833333333334,568b4a5c107767da,3.544562339782715,4.553102493286133,3.7787673473358154,3.6862900257110596,3.2463579177856445,4.383557319641113,3.690312147140503,tg_voices_uk,mfa_aligned,8.02,0.13995833333333332,0.0
[],be500a5ef4b5dba59f6a9ed8ab4301f0fb53bb12aa356d17f3e7095d5968d74a,5.499917984008789,0.0,0.0,2.3635,0.9865027666091919,2.151945114135742,0,2.286449909210205,0.0,0.0,0.57,69241b4e5656715f,3.203874349594116,4.915680885314941,3.3527791500091553,2.9486172199249268,1.9212286472320557,3.261445999145508,2.3267064094543457,tg_voices_uk,mfa_aligned,2.9335,0.57,0.0
[],8c0547613ce0b364da0a3b6f06e6ad48f31c90af2dc186f16a6f7bd42329f526,5.3126349449157715,0.0,0.0,1.8,0.9776921272277832,2.17924427986145,2,2.3084075450897217,0.0,0.0,0.6935,803122a38c01d1fb,3.1107943058013916,3.2840447425842285,3.7666327953338623,3.8846216201782227,2.3682658672332764,3.5112242698669434,3.0357561111450195,tg_voices_uk,mfa_aligned,2.16,0.36,0.0
[],06657fc19bf26858fc7d94bbf96bbe605873915d81a0d1adf180e28a94fd5fd3,6.1981377601623535,0.038461538461538464,0.0,2.09,0.9637094140052795,2.4987146854400635,0,2.265002489089966,0.0,0.3333333333333333,0.8235,e8ae32ee9004fd33,2.8553900718688965,2.9840710163116455,2.7088537216186523,2.3191001415252686,1.9702508449554443,2.5498850345611572,2.044109582901001,tg_voices_uk,mfa_aligned,2.29,0.2,0.3333333333333333
[],7e2be2ba77aae6c13665b8b2457aee5473925083482b0225cfeaee691b3077e7,6.349231243133545,0.0,0.0,4.51,0.9944273233413696,3.1108031272888184,3,3.1954126358032227,0.0,0.0,0.4635,27789ef0611f2091,4.331751346588135,4.367596626281738,3.538686752319336,3.325087308883667,3.220985174179077,3.8987741470336914,3.9799418449401855,tg_voices_uk,mfa_aligned,4.88,0.37,0.0
[],f7ffaab5b856cedfe8c5c1c61a92eb5ed2663e33cdd9eb96911a2a15f69b5f90,4.648184776306152,0.3728813559322034,0.0,5.27,0.9920387864112854,2.759033203125,0,2.3642730712890625,0.2542372881355932,1.0,0.97,88bd598f008ff157,2.593559503555298,3.591369867324829,3.7552003860473633,3.712766647338867,2.503384828567505,3.6060333251953125,3.066683053970337,tg_voices_uk,mfa_aligned,5.94,0.67,0.8181818181818182
[],9a6968ac991d34235f2719666328b3913f84b0cf071e9b8685057290aced9415,6.368897914886475,0.01694915254237288,0.0,4.7035,0.9974125623703003,2.772672653198242,0,2.953751802444458,0.05084745762711865,0.0625,0.29,f823e7681f9fe225,3.5453407764434814,4.067188262939453,3.8083889484405518,3.995551109313965,2.4518957138061523,3.9743828773498535,3.531876802444458,tg_voices_uk,mfa_aligned,4.9935,0.29,0.0625
[],282e1d95997982dab7d6fcfb58cc7ed10569a113edcb8a5f53ea9defed3e12d6,6.360167980194092,0.0784313725490196,0.0,4.3935,0.9999967217445374,2.639925003051758,4,2.2693068981170654,0.058823529411764705,0.36363636363636365,0.0,62cc7bd36f68a298,3.0617945194244385,4.369541168212891,4.016409873962402,3.2177560329437256,2.639925003051758,3.375739097595215,3.0080206394195557,tg_voices_uk,mfa_aligned,4.3935,0.0,0.2727272727272727
[],0c9f546376590e61ab119670f0fc4ad99e53b89f75a2a957d4da9f4a9ef44098,7.010214328765869,0.023809523809523808,0.0,5.43,0.9986329674720764,3.001753807067871,3,3.0788464546203613,0.0,0.0,0.5435,2f3cba8d9f5c9c25,4.031125068664551,4.037021636962891,3.431633949279785,3.9012985229492188,3.1848232746124268,3.452005386352539,3.466794967651367,tg_voices_uk,mfa_aligned,5.85,0.42,0.125
[],16527d3af26e37852510b0a6ce9c794b06cb8e3cdfac14c18b700141d8353548,6.532426834106445,0.0,0.0,1.76,0.9675752520561218,3.205691337585449,0,2.733579158782959,0.0,0.0,0.5335,a38f4072312baa2e,3.5620663166046143,3.8854544162750244,4.3980560302734375,4.4635114669799805,2.989413261413574,3.6879303455352783,3.2735812664031982,tg_voices_uk,mfa_aligned,2.04,0.28,0.0
[],596d231561800e3b9d9d2778a2b9761df3cd8ac94f11241b4dae3cf72ee68426,5.305765628814697,0.0,0.0,1.38,0.9464223384857178,2.9405980110168457,0,2.8722589015960693,0.0,0.0,1.0135,9f0cc5c4c74e219b,3.5361459255218506,3.749086618423462,3.2770116329193115,3.266653060913086,2.5445308685302734,3.1168909072875977,3.0170934200286865,tg_voices_uk,mfa_aligned,2.17,0.79,0.0
[],2277e64f3fada10ba231b2ae26e43f11b20f87bd8cf97fb64f3addffae7dd65e,5.734387397766113,0.08695652173913043,0.0,1.9835,0.9992092847824097,3.408097982406616,0,3.447181224822998,0.08695652173913043,0.3333333333333333,0.03,31ece5d3b9b634c7,3.57200288772583,4.846495628356934,3.459594249725342,4.181138038635254,3.553298234939575,4.604378700256348,4.232258319854736,tg_voices_uk,mfa_aligned,2.0135,0.03,0.3333333333333333
[],90c2dbfea5ec752dfc5c1a89eeeae47f2ea4498a8e50177f6211cf8c51522624,6.562877178192139,0.058823529411764705,0.0,1.57,0.9569966197013855,2.671588659286499,0,2.5773396492004395,0.058823529411764705,0.2,0.6835,448c7cee04bfa8cd,3.824000835418701,4.406372547149658,4.237246990203857,3.6559743881225586,2.7679169178009033,3.756263256072998,3.932147741317749,tg_voices_uk,mfa_aligned,2.0,0.43,0.2
[],78ace445715c18daf320f0d1c31fbc7a6df40034937db30f6cf908fda44a821a,6.835958957672119,0.05555555555555555,0.0,5.160041666666666,0.9981449842453003,3.1408796310424805,11,3.128744602203369,0.05555555555555555,0.07692307692307693,0.25345833333333334,593b1c8c69e1b8ce,3.451472043991089,4.653995513916016,4.4439897537231445,4.711604595184326,3.7004904747009277,3.8098433017730713,4.243480205535889,tg_voices_uk,mfa_aligned,5.41,0.24995833333333334,0.07692307692307693
[],cef5d19e1668a77e9c8a3aa65abe6b5c341a0d04b96263fd30efde5514d97af1,6.6371073722839355,0.17543859649122806,0.0,6.63,0.99835604429245,2.6494219303131104,0,2.4926419258117676,0.07017543859649122,0.1111111111111111,0.6435,51d1c15b3e70b3a4,3.3935887813568115,4.51108455657959,4.397707939147949,3.171070098876953,2.865793466567993,3.944467067718506,3.284318685531616,tg_voices_uk,mfa_aligned,6.63,0.0,0.1111111111111111
[],8a40d1c7a51febccd5db27e8c97eb564f550776d7d27744135a469e1712eedad,6.212437629699707,0.047619047619047616,0.0,2.0500416666666665,0.9570615887641907,2.7043633460998535,0,2.5311107635498047,0.047619047619047616,0.2,0.8634583333333333,bfba3cb5e21bbd3a,3.298203706741333,3.8022263050079346,3.862032175064087,3.028083562850952,1.7911136150360107,3.680651903152466,2.6257693767547607,tg_voices_uk,mfa_aligned,2.2600416666666665,0.21,0.2
[],905bdd9fcf7f10f7a2d35fa46b864ccd5f1e156fe48b98c8b43ccfeeae04294c,6.00317907333374,0.0,0.0,4.82,0.9917157292366028,2.3451011180877686,0,2.5842175483703613,0.0,0.0,0.8335,962c90bf6df6db11,3.629160165786743,4.531593322753906,3.784641742706299,2.9515933990478516,2.3763585090637207,3.225647211074829,2.7464003562927246,tg_voices_uk,mfa_aligned,5.57,0.75,0.0
[],3f063b47770257707945cbc39c9c5e176c9046e02d64dc99ed0990515a8510c7,5.002506732940674,0.0,0.0,1.63,0.8868551254272461,3.301347017288208,0,3.4434218406677246,0.0,0.0,1.6235,4a499ff6ee15bc09,3.1042287349700928,3.9556100368499756,3.886324405670166,4.240078926086426,2.9539670944213867,3.8652102947235107,3.5676510334014893,tg_voices_uk,mfa_aligned,2.64,1.01,0.0
[],2b10294afa86c2ee88b660ad0447e4b598fae879df3ec1e2637d63599cbf8b1f,6.580556392669678,0.0,0.0,5.4735,0.9999873042106628,2.3132171630859375,0,2.4905669689178467,0.0,0.0,0.0,1bb191727cf865aa,3.281545877456665,4.381648540496826,4.1238508224487305,2.9776806831359863,2.3132171630859375,4.262779235839844,3.047854423522949,tg_voices_uk,mfa_aligned,5.4735,0.0,0.0
[],0a7fa731fe7b990da85dcd2b3e630259ddf7377594c50a93a54770ca83e13454,7.478822708129883,0.07936507936507936,0.0,4.92,0.9978275299072266,3.5094854831695557,2,3.6034300327301025,0.06349206349206349,0.2,0.3335,7afbfeda4a1943d5,3.8623743057250977,4.1854352951049805,3.8508529663085938,4.209102630615234,3.596311330795288,4.40159797668457,4.156395435333252,tg_voices_uk,mfa_aligned,5.1,0.18,0.2
[],74794907041c44f327351050cc8e1907ff0a2e542e415c554f697bd2bdd6743a,6.061166286468506,0.0,0.0,2.06,0.974027156829834,3.326416254043579,0,3.854177236557007,0.0,0.0,0.7735,5b3899af8f752319,4.5219855308532715,4.052633762359619,3.6972239017486572,3.9133899211883545,3.663914918899536,4.144192695617676,4.194667816162109,tg_voices_uk,mfa_aligned,2.61,0.55,0.0
[],01c92829e48ca1cdb139bd517e5ee8dd7cdaa67840c466ca2cda103717e57c10,7.003944396972656,0.016666666666666666,0.0,6.43,0.9939938187599182,3.6035878658294678,7,3.4325692653656006,0.0,0.0,0.9035,6e233d493552ff0e,4.495209693908691,4.954819679260254,3.622741222381592,4.538244247436523,3.3265633583068848,3.7532784938812256,3.6479246616363525,tg_voices_uk,mfa_aligned,7.02,0.59,0.09090909090909091
[],8cb04f7085726f97b0146f2749c461f73e966fc42c1c83d5c1adc3d36b8fec33,6.558883190155029,0.0,0.0,2.9635,0.9880520105361938,3.16434645652771,3,2.724118232727051,0.0,0.0,0.63,874ee0fbe04650eb,3.5980312824249268,4.764691352844238,3.519033908843994,4.168156623840332,2.993993043899536,3.613154649734497,3.7414937019348145,tg_voices_uk,mfa_aligned,3.5935,0.63,0.0
[],3afc9f72c5744f4152caee94076d27999b442dfa48b5b262c6da5aac2962f03a,5.954338073730469,0.0,0.0,2.3200416666666666,0.9990676641464233,2.643812656402588,0,2.694096803665161,0.0,0.0,0.11345833333333333,a65b7736466b6639,3.0406177043914795,3.548875331878662,4.004924297332764,3.652437925338745,2.4256093502044678,4.203078269958496,2.822835922241211,tg_voices_uk,mfa_aligned,2.3200416666666666,0.0,0.0
[],1757ca5590aa50d511836d3f60fe62ce612dbe96b780de2c7fdeb39e5ebe0a00,5.956539630889893,0.0,0.0,1.93,0.9247729182243347,3.223005771636963,0,1.7829842567443848,0.0,0.0,1.85,71c2601a98290420,3.106071949005127,4.294716835021973,4.330972671508789,3.1841399669647217,2.5824434757232666,4.675629615783691,3.122586488723755,tg_voices_uk,mfa_aligned,3.7,1.77,0.0
[],e160df93b6eb37d2b1acee5fbfa24715a0f57f1a12f24f4fc45f79073e299937,6.5977091789245605,0.01639344262295082,0.0,7.82,0.9993742108345032,2.91841197013855,1,2.7728092670440674,0.01639344262295082,0.09090909090909091,0.2335,ee1bcfca55685f89,3.8270530700683594,3.9148831367492676,4.334494590759277,3.6018803119659424,2.866495370864868,4.132458686828613,3.279940128326416,tg_voices_uk,mfa_aligned,7.82,0.0,0.18181818181818182
[],ae28d14238ca90535cc7d38ef137f837c0f2ae2e9b259874d553616b611d8268,6.879424095153809,0.027777777777777776,0.0,3.88,0.9804090261459351,2.7434427738189697,0,2.795346975326538,0.0,0.0,1.4735,688ca135f008a4bb,3.3831143379211426,4.075539588928223,3.486968517303467,3.7237021923065186,2.7717361450195312,3.2772645950317383,3.3374125957489014,tg_voices_uk,mfa_aligned,4.4,0.52,0.125
[],52b16a9bda406332fd4cbb18cd69ecb050b2173f0329ddcb35273966eca0d275,6.470407009124756,0.0,0.0,7.95,0.9998524188995361,2.679737091064453,3,2.254199743270874,0.017857142857142856,0.07692307692307693,0.0835,3dce096c4a44842f,3.292349338531494,3.9195055961608887,4.161918640136719,3.476093053817749,2.6378231048583984,4.310716152191162,3.0828864574432373,tg_voices_uk,mfa_aligned,7.95,0.0,0.0
[],5f63a2f80b0757c6bae65d5758eb72b43935b6d98bc25b3340e5041f8c3d30dc,4.926166534423828,0.09090909090909091,0.0,2.0500416666666665,0.9889896512031555,3.0252442359924316,0,2.994628429412842,0.2727272727272727,0.6666666666666666,0.38345833333333335,f6175f23c57e2bd0,4.0737457275390625,3.58489727973938,4.057858467102051,3.0712790489196777,2.60725998878479,3.5411319732666016,3.0413477420806885,tg_voices_uk,mfa_aligned,2.2200416666666665,0.17,0.3333333333333333
[],d9089df8e6ff8e8caa40c7f7883d96bde6ed1f5d03fe4ed6860479ef24cc330f,6.138971328735352,0.0,0.0,3.86,0.9855164289474487,3.11055064201355,1,3.1722874641418457,0.0,0.0,0.6135,fae330cef3ec5625,3.718855857849121,3.9883835315704346,3.434922218322754,4.047532081604004,2.9772872924804688,4.292272090911865,3.467057228088379,tg_voices_uk,mfa_aligned,4.41,0.55,0.0
[],f845b4c25b647e54c76b57d4ef94cbd6a9f0ec8f6c897ab238926c50c55c5784,6.612680435180664,0.0,0.0,2.4900416666666665,0.9900773167610168,3.153090000152588,0,3.550752878189087,0.0,0.0,0.5299583333333333,68560aaf280b0585,3.279285192489624,4.601354122161865,3.699686050415039,3.539085865020752,3.323005437850952,4.040677070617676,3.7471659183502197,tg_voices_uk,mfa_aligned,2.82,0.32995833333333335,0.0
[],f8d541f2454307c0c7caa2853860e007235e9e6ec79de12a6f4502e5875ce9b6,6.504189491271973,0.0,0.0,2.5300416666666665,0.9892686605453491,2.510378360748291,0,2.3661298751831055,0.0,0.0,0.3634583333333333,4558986978112bdc,2.9684112071990967,3.694004774093628,3.962435722351074,3.1271495819091797,2.5327751636505127,3.7953336238861084,3.0457444190979004,tg_voices_uk,mfa_aligned,2.5300416666666665,0.0,0.0
[],a5ffc4ae49f42d402d9977744b2436fef00d52ce4dcfd36b6cb2fc5f8077e65b,6.429584503173828,0.0,0.0,2.9900416666666665,0.9928585290908813,2.7378969192504883,0,2.368664026260376,0.0,0.0,0.46345833333333336,015ce2877dca09b6,2.9612996578216553,4.30222749710083,2.8295786380767822,3.012284517288208,2.413160800933838,3.4586710929870605,3.2563066482543945,tg_voices_uk,mfa_aligned,3.0,0.009958333333333333,0.0
[],d19966a525d27461fea9c92d5412b81e39c3b1fcc7ba3313687ce03a3124c618,5.551092147827148,0.0,0.0,1.79,0.9929097294807434,2.7189953327178955,1,2.4855780601501465,0.0,0.0,0.2635,0494a2a8da2ae831,2.934582471847534,3.8838634490966797,3.455083131790161,3.2755281925201416,2.455115795135498,3.0398850440979004,2.7256343364715576,tg_voices_uk,mfa_aligned,1.79,0.0,0.0
[],62d1de2b2b9d03e24d9a2f57a99e38eb1db38fb902a577894657e5a8b5fbbbd5,6.501758098602295,0.0,0.0,3.16,0.9889667630195618,3.0941977500915527,0,2.783277988433838,0.0,0.0,1.0135,1d1a2eb127fef6c1,3.869826078414917,3.9637837409973145,4.327281951904297,3.8623316287994385,2.9747354984283447,4.53864049911499,3.4325523376464844,tg_voices_uk,mfa_aligned,3.78,0.62,0.0
[],aa5eda6cc39d3e3f5eb1bffc7e8711c2d6147d0fda4712721e84365db401d058,7.0489277839660645,0.2,0.0,2.88,0.9952440857887268,2.5809895992279053,3,3.170111656188965,0.125,0.3333333333333333,0.3335,b1147de288dda47b,3.811800718307495,4.630647659301758,4.567901611328125,3.4802780151367188,2.691650390625,4.546780586242676,3.8464293479919434,tg_voices_uk,mfa_aligned,2.94,0.06,0.4444444444444444
[],ff03bae377462029c24a673a2f8a52d589826170d43fb444ee6542407191d81c,7.392020225524902,0.04,0.0,2.15,0.9970613121986389,3.132662534713745,1,3.195937395095825,0.0,0.0,0.1635,c5bc392fbdf84ad7,4.234251976013184,4.44706916809082,3.6546900272369385,4.2785115242004395,2.7318878173828125,3.363194704055786,3.995805501937866,tg_voices_uk,mfa_aligned,2.15,0.0,0.25
[],cd2523ac507dd7e5b83aba195950bf4d341a99fdc73a8b41051362d3412b0f88,6.052042007446289,0.02040816326530612,0.0,6.26,0.9960112571716309,2.797187566757202,1,2.8039004802703857,0.02040816326530612,0.1,0.6535,91e27cdcc0bb2033,3.2764205932617188,3.9393422603607178,3.8649744987487793,3.6852705478668213,2.520899534225464,4.346736907958984,3.2185709476470947,tg_voices_uk,mfa_aligned,6.53,0.27,0.1
[],a9069975b6c931f49c09b8966c4cd13bac39b323bb70c975e40d4051cc8ab13b,6.175742149353027,0.5454545454545454,0.0,1.71,0.9193329811096191,3.037360668182373,0,2.6857497692108154,0.18181818181818182,0.5,1.01,ad387df59a236c45,4.680266380310059,4.210206031799316,2.227998971939087,3.867812395095825,2.9905624389648438,2.708761692047119,3.3302762508392334,tg_voices_uk,mfa_aligned,2.0,0.29,0.5
[],2d7797bb492dfbaea8a654f9448c88ccdff776aead29ef7b617717986bfcc03f,6.02238130569458,0.0,0.0,1.73,0.9678475856781006,3.216999053955078,0,3.589625358581543,0.0,0.0,0.9235,69a34776de65ca8e,3.605969190597534,4.685204982757568,3.8616580963134766,4.545938491821289,3.743962526321411,4.709735870361328,3.952455759048462,tg_voices_uk,mfa_aligned,2.19,0.46,0.0
[],cc1183c355975447ce241dc4b923b62ffe7d5dbb8b3d9c8a0aabcb3198b9a880,6.580251216888428,0.1875,0.0,2.14,0.9881423711776733,2.9739887714385986,2,2.739776849746704,0.0,0.0,0.6735,34a7195683ba3c42,3.0086021423339844,4.21712064743042,4.6065545082092285,3.784318685531616,2.72228741645813,4.05432653427124,3.1424105167388916,tg_voices_uk,mfa_aligned,2.5,0.36,0.3333333333333333
[],6be4ea8070f4eb6c7f2d7e00022894a5d37d1cfa2ba87662163835b1e5b66211,6.121445178985596,0.42857142857142855,0.0,1.56,0.9598531723022461,3.5099966526031494,3,3.4128470420837402,0.0,0.0,0.6535,b1b5312393f01c46,3.7613940238952637,4.071693420410156,2.8950979709625244,4.214176654815674,3.2683043479919434,3.84443736076355,3.9381227493286133,tg_voices_uk,mfa_aligned,2.09,0.53,0.3333333333333333
[],070eb6775367980947699842404787691cd761af924612700f125b9b3ebb965e,4.277531623840332,0.0,0.0,2.33,0.9745402336120605,2.496616840362549,7,2.636232376098633,0.15625,0.4444444444444444,0.62525,3d266a831e90d335,3.492131471633911,4.384557247161865,2.9194259643554688,3.4652411937713623,2.796412229537964,2.803764581680298,3.332746982574463,ua_ser,mfa_aligned,2.33,0.0,0.0
[],2d92c9e84aa615e2d8bedfe77590ff387c7134b98f08064ba5c16563416ff0e1,6.531689167022705,0.0,0.0,2.803625,0.9991125464439392,3.0470104217529297,3,2.707334041595459,0.0,0.0,0.0,9f745e229d10784b,3.603994607925415,3.7817986011505127,3.5584170818328857,3.810410737991333,3.0470104217529297,3.94488525390625,3.3838987350463867,ua_ser,mfa_aligned,2.803625,0.0,0.0
[],f069b5b89cb98c350513612441288f160c32b0e2d2c18beccf78fa19b85b457c,6.026114463806152,0.0,0.0,2.12,0.9910101294517517,2.2202415466308594,0,2.2559919357299805,0.05555555555555555,0.16666666666666666,0.184,a78886575d348f74,3.7083024978637695,3.758307695388794,4.267104148864746,3.24381947517395,2.1768081188201904,3.891190767288208,2.8387579917907715,ua_ser,mfa_aligned,2.12,0.0,0.0
[],9fba062b0a52e3c07a7b2cdefb4483438744b77df41efe1701184c7ccf2b54b4,4.457090377807617,0.7931034482758621,0.0,1.7900416666666668,0.805733859539032,1.9429683685302734,1,1.8331539630889893,0.5862068965517241,0.8333333333333334,0.9519583333333334,b4ee8d66216948ee,2.6228396892547607,4.248573303222656,3.1857516765594482,2.3972225189208984,1.65431809425354,3.1980655193328857,2.086869478225708,ua_ser,mfa_aligned,2.13,0.3399583333333333,1.0
[],d40c84e1a533d85321a67bcd2db9edc74fa393ae60eeaa0f8b6593c8d478261b,5.93572473526001,0.06451612903225806,0.0,2.3027083333333334,0.9991915225982666,2.2304935455322266,1,2.1830883026123047,0.0,0.0,0.0,18087c3a908cfea9,3.2382171154022217,3.5213022232055664,3.037649393081665,2.2749502658843994,2.2304935455322266,3.709151029586792,3.3875598907470703,ua_ser,mfa_aligned,2.3027083333333334,0.0,0.2857142857142857
[],b1283fc6a3d4b145da48c16ea7f2e5ad70c8caf5b32b712c2cb8a454fec87a22,7.238947868347168,0.25,0.0,4.33,0.9993003010749817,3.4219980239868164,6,2.547844648361206,0.16666666666666666,0.38461538461538464,0.006833333333333334,836387254fd4ca1a,3.943854808807373,4.757291793823242,3.793950319290161,4.431558609008789,3.351787805557251,4.623607635498047,3.7570929527282715,ua_ser,mfa_aligned,4.33,0.0,0.46153846153846156
[],428e82452e50a924596520cf476cb37331b6bc43e328fed423aabb9f6485dc12,6.557848930358887,0.15151515151515152,0.0,2.548,0.9996832609176636,2.7955515384674072,0,2.870454788208008,0.0,0.0,0.0,0593e655648ddfad,3.3757665157318115,3.964010715484619,3.9847588539123535,3.6375861167907715,2.7955515384674072,4.328755855560303,2.8979363441467285,ua_ser,mfa_aligned,2.548,0.0,0.125
[],4867c70ee7e5dde7afd8fd2696a3724f26a7d689cacada45e54206f09339cc6f,7.206457614898682,0.0,0.0,3.67875,0.9995279908180237,3.013472557067871,1,2.5410654544830322,0.022222222222222223,0.125,0.0,ca4f931206a8a29c,3.699537515640259,3.9468677043914795,3.4581620693206787,2.910245180130005,3.013472557067871,3.831279754638672,3.975390911102295,ua_ser,mfa_aligned,3.67875,0.0,0.0
[],b9d8821e3129a281391c1c18f26125c841c61da0edd2f2f8f306050316c9c1dc,6.182586669921875,0.0,0.0,2.9900416666666665,0.98954176902771,2.561866044998169,0,2.171492576599121,0.0,0.0,0.21620833333333334,a86527ce460d5853,3.0529181957244873,3.6224565505981445,2.7521462440490723,2.3597095012664795,2.0595285892486572,3.9827702045440674,2.8733677864074707,ua_ser,mfa_aligned,3.0,0.009958333333333333,0.0
[],d8a9cebcae54cc62318d433f7bb29ec377b29a86075aae29716208a045eadcf4,6.417796611785889,0.1864406779661017,0.0,3.3453333333333335,0.9999399781227112,2.305320978164673,3,2.3620941638946533,0.03389830508474576,0.08333333333333333,0.0,d34fe67295b53ab3,3.6821157932281494,3.1085572242736816,3.3389809131622314,1.7902336120605469,2.305320978164673,3.5961742401123047,2.8151350021362305,ua_ser,mfa_aligned,3.3453333333333335,0.0,0.16666666666666666
[],85c22f1b6ae2a9d1e1761e58dda81398b6878e8ca01b348a40a20e117a0758af,6.358695030212402,0.1111111111111111,0.0,2.28125,0.9996039271354675,2.3895528316497803,0,2.8204946517944336,0.0,0.0,0.0,6781c55f86ce67a0,3.6509287357330322,4.399838924407959,3.320650577545166,3.028195381164551,2.3895528316497803,3.0445470809936523,3.072251558303833,ua_ser,mfa_aligned,2.28125,0.0,0.5
[],39b14bed0e689bae48da58a01d263ef3b04b08394dd88cc4fafe991d01a1ce4b,6.825308322906494,0.0,0.0,2.818,0.9987598061561584,2.949226140975952,1,3.000243902206421,0.02564102564102564,0.125,0.0,9abe21701d8300f2,3.232550859451294,4.149774551391602,3.9650285243988037,3.435960292816162,2.949226140975952,4.451143264770508,3.4911694526672363,ua_ser,mfa_aligned,2.818,0.0,0.0
[],52c799f9e8e827f3d4665e2b52d435d1a8e2dc1c8ff55ede21a1466586f82c2e,6.40172004699707,0.10714285714285714,0.0,1.65,0.9578458666801453,2.825206756591797,0,2.9105865955352783,0.07142857142857142,0.2222222222222222,0.94375,5bdc248dbac9a5b6,3.777451276779175,3.750711441040039,3.36385440826416,3.648728609085083,2.6645095348358154,2.884152889251709,2.828728675842285,ua_ser,mfa_aligned,1.65,0.0,0.3333333333333333
[],8b5232c51b532e733a0fe323fa87953ec1ece8d92593d7f72994c534cf0b3f03,6.0935845375061035,0.34782608695652173,0.0,1.79,0.985561728477478,2.511697769165039,1,2.342902660369873,0.391304347826087,0.8,0.23483333333333334,70a9b8589969bf9e,3.0399320125579834,4.455209732055664,3.602877378463745,4.068849563598633,2.6424386501312256,3.9959771633148193,2.630997657775879,ua_ser,mfa_aligned,1.79,0.0,0.6
[],11d0253f36f9968cbb13c72cfeb33eb187e5ccdad445a072ac3e843f6377febc,7.061080455780029,0.03225806451612903,0.0,2.99,0.9983883500099182,2.138718605041504,2,1.8649044036865234,0.03225806451612903,0.16666666666666666,0.082,ef6f31ec38e2ba31,3.347696304321289,3.831784963607788,3.1589925289154053,3.1020419597625732,2.033112049102783,3.719677448272705,2.2052252292633057,ua_ser,mfa_aligned,2.99,0.0,0.16666666666666666
[],e831608db391cf99c83ab30c4080c2e21716780b1c231dd7f70858470182c632,6.771441459655762,0.06666666666666667,0.0,2.41,0.9989267587661743,2.572118043899536,2,2.7343413829803467,0.13333333333333333,0.5,0.10525,58b5f26093b11b52,3.5306832790374756,4.089682579040527,3.104156494140625,2.9655938148498535,2.6038410663604736,3.549549102783203,3.0044302940368652,ua_ser,mfa_aligned,2.41,0.0,0.25
[],42814ca9fbe0057d7b5d46aaaa5895de8be45594352e7dc226d046e02e63cc20,6.1723761558532715,0.0,0.0,2.16,0.9980989694595337,2.505479574203491,2,2.249216318130493,0.0,0.0,0.144,aac5ba3d4c7f0b02,3.470891237258911,3.161376714706421,3.5778579711914062,3.48209810256958,2.498917579650879,3.850982904434204,2.72410249710083,ua_ser,mfa_aligned,2.16,0.0,0.0
[],37b1a4dff400e0293ad6b9f1d091176a5fadbc20e123f8ce033345539792a48c,6.260348320007324,0.0,0.0,4.0244583333333335,0.9999481439590454,2.5455353260040283,1,2.8073008060455322,0.0,0.0,0.0,58eee0eb0e5d10fd,3.2260231971740723,4.392033100128174,3.1210100650787354,2.3383045196533203,2.5455353260040283,3.6700170040130615,3.069088935852051,ua_ser,mfa_aligned,4.0244583333333335,0.0,0.0
[],712ca3e5b37853e9784c6e8250fe564a09a7b996854e8791c335bea6a9391f7a,6.169424533843994,0.0,0.0,3.1017083333333333,0.9997813701629639,2.8119747638702393,2,3.287795066833496,0.0,0.0,0.0,3114b59a1dddc877,3.6281137466430664,4.191858768463135,3.316882848739624,3.9065513610839844,2.8119747638702393,3.9612064361572266,3.2780208587646484,ua_ser,mfa_aligned,3.1017083333333333,0.0,0.0
[],b6a1c72fcd83404a7726bbb352b891c6d65d75e4c843d226d01163162c9d0133,6.267733573913574,0.2631578947368421,0.0,2.432,0.9991504549980164,1.864689826965332,0,2.186971664428711,0.0,0.0,0.0,d5dd48a9b47cae15,3.15012788772583,2.281101703643799,3.4467310905456543,3.2812819480895996,1.864689826965332,3.9660158157348633,2.346554756164551,ua_ser,mfa_aligned,2.432,0.0,0.2
[],1240cfb759587125362a21903bf26d71a209d63afec3461ffee324229d982c0f,4.592099189758301,0.15384615384615385,0.0,2.13,0.9963195323944092,2.2197494506835938,0,2.2662200927734375,0.15384615384615385,0.3333333333333333,0.050625,0782b89dc09f07ca,3.3695292472839355,3.66239857673645,3.50846004486084,2.016472101211548,2.190220355987549,3.5504095554351807,2.991302013397217,ua_ser,mfa_aligned,2.13,0.0,0.6666666666666666
[],f265b4e67204516073044be3ea6b44d6c07bc5ce3fe3955b27c0a694901676b2,4.792686462402344,0.08,0.0,2.430041666666667,0.9902510643005371,2.110673189163208,1,2.3128600120544434,0.0,0.0,0.12420833333333334,4fa0c8aa9fbd58a8,2.9585249423980713,3.310393810272217,2.657510280609131,2.545661687850952,1.9909794330596924,2.937130928039551,2.7167978286743164,ua_ser,mfa_aligned,2.430041666666667,0.0,0.16666666666666666
[],3d50ef45de744b72dcb3c1faf88d36715291287e2e84161330c8308fa003c1de,5.693994998931885,0.0,0.0,2.36,0.9966439008712769,2.5619845390319824,3,2.2070422172546387,0.0,0.0,0.072,7ca79417ff847026,2.9003145694732666,2.806068181991577,3.2310125827789307,2.8394761085510254,2.635261058807373,2.914945125579834,2.8070356845855713,ua_ser,mfa_aligned,2.36,0.0,0.0
[],3f12d6d7c507ce22812b3fa08d8ee5f022e6283110017434c881ea74be80b2e9,6.00545597076416,0.4166666666666667,0.0,1.854,0.9643813371658325,2.7743353843688965,0,2.502542018890381,0.125,0.14285714285714285,0.66,9b49305c687397b4,2.80098557472229,3.9163973331451416,2.8413076400756836,3.7684874534606934,2.7432940006256104,3.3576786518096924,2.8914363384246826,ua_ser,mfa_aligned,2.514,0.66,0.5714285714285714
[],f30d742bc48e30db42d1a7fa48d200484f1cdcbf93de15e71ccd0e6dcb0ab2fd,7.1716837882995605,0.4473684210526316,0.0,2.581875,0.9996315836906433,2.659520149230957,0,2.7986578941345215,0.18421052631578946,0.3333333333333333,0.0,c0ff44009f1d582b,3.272015333175659,4.593594551086426,3.6065714359283447,3.8298227787017822,2.659520149230957,4.054944038391113,3.161651372909546,ua_ser,mfa_aligned,2.581875,0.0,0.6666666666666666
[],5a464561d018708ab2f678e4922754224ec2cd2e26ad78b6367a6ab32721b62f,4.947484016418457,0.06896551724137931,0.0,2.78,0.9755235314369202,2.4179439544677734,0,2.3396477699279785,0.0,0.0,0.636875,bd8ee5e7d31ae146,3.1728780269622803,3.6566481590270996,2.5106828212738037,3.6233878135681152,2.0395801067352295,2.6277341842651367,2.680474281311035,ua_ser,mfa_aligned,3.29,0.51,0.2
[],b6db5f9bcaf025d1a1491cff11f07f326743797aa0324ecbb3e8393958fb0927,4.451176166534424,0.058823529411764705,0.0,1.45,0.9233125448226929,1.8201446533203125,0,2.155818462371826,0.23529411764705882,0.75,1.1819583333333334,e4ea07bd6ff3d635,2.9333293437957764,4.000971794128418,3.0603575706481934,2.49676513671875,1.8199255466461182,2.0935611724853516,2.398054838180542,ua_ser,mfa_aligned,2.03,0.58,0.25
[],e1473b5433f2c3cdc5d18b9ea93f1b6dc525ae8ca48b1fdbf04a80841ce522a2,7.00452184677124,0.0,0.0,2.153875,0.9996911883354187,2.428520679473877,0,2.3124184608459473,0.06060606060606061,0.16666666666666666,0.0,8bc611ba615a4311,3.2142727375030518,3.8786239624023438,2.992222547531128,3.399306535720825,2.428520679473877,3.316713333129883,2.643551826477051,ua_ser,mfa_aligned,2.153875,0.0,0.0
[],e67089c30be9a8c9a32b56a619f8bb6430ccb58c575c4226251c2b8a87226eb7,6.7554473876953125,0.11764705882352941,0.0,2.3625,0.9991963505744934,2.8167965412139893,2,2.5775887966156006,0.14705882352941177,0.5,0.0,e333b6260ad8a588,2.9805150032043457,3.661074638366699,3.9020559787750244,3.695760726928711,2.8167965412139893,4.1296281814575195,3.1598708629608154,ua_ser,mfa_aligned,2.3625,0.0,0.3333333333333333
[],eb6aae67095504e05021487e5b3e8173428445ff623674ca9947e91c750aa052,6.315803050994873,0.08888888888888889,0.0,2.5415,0.9775044322013855,3.179034948348999,0,3.009380340576172,0.1111111111111111,0.5,0.26,7d10601c621333fb,3.4752001762390137,4.191956520080566,3.7343597412109375,2.9377341270446777,2.800173044204712,3.9955248832702637,3.1629533767700195,ua_ser,mfa_aligned,2.8015,0.26,0.16666666666666666
[],6b6fbb79530597474ff5f744e7098cc93cbb316b3061c6f17c792c68faa9a2b9,5.969954490661621,0.0,0.0,2.548125,0.9998506307601929,2.097292900085449,0,1.5982997417449951,0.030303030303030304,0.14285714285714285,0.0,43d91fefabe96223,3.4419472217559814,4.564422607421875,3.699399471282959,2.6157925128936768,2.097292900085449,3.063429594039917,3.354672431945801,ua_ser,mfa_aligned,2.548125,0.0,0.0
[],1070f305bfc45fcc4950225717a759af4e1cf77a88d46d9fdd15f756e9630b29,5.958349704742432,0.0,0.0,1.79,0.9476147890090942,2.504420757293701,0,2.7777698040008545,0.0,0.0,0.54525,b22923f08cac12d4,3.714087963104248,4.543410301208496,2.1846821308135986,2.376100540161133,2.069660186767578,2.7116096019744873,2.4241437911987305,ua_ser,mfa_aligned,2.02,0.23,0.0
[],d135e613a0397994bc756e096f74c61fdb2791cd69cdbf4516eeed2773a05cce,7.300179481506348,0.0,0.0,2.07,0.9941808581352234,1.505711317062378,1,1.7845263481140137,0.0,0.0,0.20133333333333334,5b6269d4fed7ccdd,2.921945571899414,3.694582939147949,2.722071886062622,1.992661714553833,1.6738791465759277,3.1157779693603516,2.2357122898101807,ua_ser,mfa_aligned,2.1,0.03,0.0
[],49c248fb9020f95164fd4909cb73b4ca603c5676d64dc7932781b3b356f129c7,6.9375529289245605,0.08333333333333333,0.0,2.311875,0.9991605877876282,2.511436939239502,0,2.5141358375549316,0.20833333333333334,0.5714285714285714,0.0,a70ab834f6ce953d,3.1834805011749268,3.707517385482788,3.547435760498047,3.1758830547332764,2.511436939239502,3.683856964111328,3.2073538303375244,ua_ser,mfa_aligned,2.311875,0.0,0.2857142857142857
[],53142a2a4eab65ad8aaad2f12279d9c5aa4a660288b86337a682506e7138d138,6.9026570320129395,0.019230769230769232,0.0,3.00375,0.9993125796318054,3.047250986099243,2,3.282970905303955,0.0,0.0,0.0,541577e82eaed72c,3.628114700317383,4.058583736419678,3.928180694580078,4.258777141571045,3.047250986099243,4.455329418182373,3.534475803375244,ua_ser,mfa_aligned,3.00375,0.0,0.1111111111111111
[],daec6a23bc09e9530096ccbbb8e551ed95922091f4e2c9a3e2a884c2d8a6f7a7,6.602171897888184,0.07407407407407407,0.0,4.44,0.9995627999305725,2.7845139503479004,3,2.8891735076904297,0.07407407407407407,0.13333333333333333,0.031875,d39f374b06904f0f,3.603506326675415,3.8170416355133057,3.9640722274780273,3.9665167331695557,2.889176368713379,4.403929710388184,3.764841079711914,ua_ser,mfa_aligned,4.44,0.0,0.06666666666666667
[],9e63c01d5a08ffb47123896e7d5a5e7a9f78fbfa3c1a63a65855a8fa2ae31a64,6.237454891204834,0.17391304347826086,0.0,1.73,0.9548522233963013,3.221036911010742,2,2.963970899581909,0.0,0.0,0.6139583333333334,19ffee07e35a6234,2.8392581939697266,4.69322395324707,4.035549163818359,4.288799285888672,3.2961387634277344,3.668243408203125,3.8224000930786133,ua_ser,mfa_aligned,1.73,0.0,0.25
[],beacdebc24b655d69e06e20a845314c483d6e4d37846a7971fdc7ffb263d2a15,7.113929271697998,0.05714285714285714,0.0,2.6632083333333334,0.9988064765930176,2.4936740398406982,2,2.175722122192383,0.02857142857142857,0.16666666666666666,0.0,3ec62c9173577600,2.9492874145507812,4.053750991821289,3.316659927368164,3.1700429916381836,2.4936740398406982,4.575278282165527,2.859550952911377,ua_ser,mfa_aligned,2.6632083333333334,0.0,0.3333333333333333
[],8313f0e6d63976b9f3f6939609a00bb3da575a0a50d01869721c620ea2cb32c8,4.413560390472412,0.6153846153846154,0.0,2.316125,0.9986221194267273,2.7661330699920654,3,3.0077555179595947,1.0,1.0,0.0,757812da0cf15f8e,3.499148368835449,3.7076358795166016,3.590454339981079,3.590045928955078,2.7661330699920654,3.7643332481384277,3.2935831546783447,ua_ser,mfa_aligned,2.316125,0.0,0.75
[],0b3f128f494a583de46d08b440f708e89f9ecf04bf2ee9d7573c89f69c2c076a,5.957483291625977,0.08,0.0,2.34,0.996505618095398,2.0807337760925293,0,2.1581242084503174,0.0,0.0,0.09333333333333334,04c4c7dc06b94da8,3.1044671535491943,4.542080402374268,2.8650176525115967,1.7246415615081787,1.7787399291992188,3.178629159927368,2.284329652786255,ua_ser,mfa_aligned,2.38,0.04,0.125
[],2b83b934f9dfc3274ade9d454d8933417dd1344dbd4fe6b69a209c8c2c775778,4.638890266418457,0.8888888888888888,0.0,1.59,0.9428659677505493,2.351613998413086,0,2.3058993816375732,1.0,1.0,0.71,e801b3f088696656,3.2764852046966553,3.6248064041137695,2.978764533996582,2.216564416885376,2.4571750164031982,2.961400270462036,3.0072152614593506,ua_ser,mfa_aligned,1.59,0.0,1.0
[],233f316b18b53b8e987a4927b77b9bdf488a34c9e463d2a77991d7124f6c2354,5.679989337921143,0.1724137931034483,0.0,2.7344166666666667,0.9977997541427612,1.7069792747497559,1,1.780491590499878,0.10344827586206896,0.3333333333333333,0.049958333333333334,15b2d2eaa7874652,2.9900684356689453,3.5210843086242676,2.868655204772949,2.1156504154205322,1.6918823719024658,3.052295684814453,2.329470157623291,ua_ser,mfa_aligned,2.784375,0.049958333333333334,0.16666666666666666
[],31c0f1b4359c88a0f76fe9b81e07d512ee2e0596d725b2af740e5743a1339c64,7.641353130340576,0.2413793103448276,0.0,2.176,0.9991758465766907,2.4029598236083984,0,2.2963690757751465,0.034482758620689655,0.16666666666666666,0.0,695662ccff496a1d,2.93786883354187,3.982534408569336,3.5968844890594482,3.1897144317626953,2.4029598236083984,3.6052405834198,2.829559803009033,ua_ser,mfa_aligned,2.176,0.0,0.16666666666666666
[],39f1f8b3271be4034e6e3c6ce49cb7f7090a70ef63049ea408d178d5c860afe6,3.9345054626464844,0.42857142857142855,0.0,1.9,0.9910506010055542,2.679598808288574,0,2.280879497528076,1.2857142857142858,1.5,0.248625,b906c61e2ad5a262,2.982150077819824,3.8606693744659424,2.4160523414611816,2.129873514175415,2.4990572929382324,3.734326124191284,2.8385519981384277,ua_ser,mfa_aligned,1.9,0.0,2.0
[],98830f0f034af6bfca6c93e191e091b5fbbcac7029cc5b54c0afd48b9aecbda7,6.69663143157959,0.0,0.0,4.241375,0.9989096522331238,2.5368034839630127,4,2.8955867290496826,0.0,0.0,0.009958333333333333,0ef7f42f655f2a11,3.7523562908172607,3.7518622875213623,3.4018287658691406,2.867513418197632,2.738300085067749,3.668996810913086,3.4317963123321533,ua_ser,mfa_aligned,4.251333333333333,0.009958333333333333,0.0
[],5ce31396d2cdaff49092c3b83b3df90e20da603340aa5ac323fca53e10343708,5.660384654998779,0.07894736842105263,0.0,3.07,0.9982436895370483,2.7102928161621094,4,2.8978142738342285,0.05263157894736842,0.16666666666666666,0.186875,00d2f52a40fc6586,3.2115817070007324,4.508664131164551,3.574169874191284,3.476030111312866,2.6528642177581787,4.334628105163574,3.4534378051757812,ua_ser,mfa_aligned,3.07,0.0,0.16666666666666666
[],e9a2f0065a90f10b47fe5944cdf336b2260182287600bde57a3be9da8e579886,6.6419997215271,0.0,0.0,2.56,0.9976587295532227,2.8981456756591797,0,2.9504947662353516,0.0,0.0,0.021875,568dab3a2129f2cf,3.6602485179901123,4.185912609100342,3.2808356285095215,3.9493236541748047,2.945335865020752,3.5671873092651367,3.4807288646698,ua_ser,mfa_aligned,2.56,0.0,0.0
[],5a5f2c39da67c58ff2106ced5ebf0546abf1ea5315f68facae396175932ffad5,4.95382833480835,0.3333333333333333,0.0,1.592125,0.9700064063072205,2.4210102558135986,0,2.9836535453796387,0.3333333333333333,0.42857142857142855,0.57,2d9cbb4700b84c4a,3.6693685054779053,3.8245391845703125,3.704827308654785,3.0908191204071045,2.9076457023620605,2.8030989170074463,3.583371639251709,ua_ser,mfa_aligned,2.162125,0.57,0.42857142857142855
[],78cc2f2861c415784c39fbccf228b494586448a5cae66a80560c6fb4e8ecd01c,7.021028995513916,0.0,0.0,2.3200416666666666,0.9998602867126465,2.4458260536193848,1,2.5158064365386963,0.0,0.0,0.0050416666666666665,93864d5cb7bd8791,3.150554895401001,3.8656153678894043,2.9483091831207275,3.13413405418396,2.4386489391326904,3.485736846923828,2.7254161834716797,ua_ser,mfa_aligned,2.3200416666666666,0.0,0.0
"[""large_boundary_removal"", ""short_speech_span""]",a8d352dd28dca31049a109ef010a63d2f39f0570f7019918d033d5b375551e0d,4.535974979400635,0.0,0.0,2.4538333333333333,0.999710738658905,2.2387778759002686,0,1.8355803489685059,0.8333333333333334,2.0,0.0,7f35bf53f2cbccc0,2.807185173034668,4.3612799644470215,2.4899652004241943,2.233109474182129,2.2387778759002686,3.9865853786468506,2.4167072772979736,ua_ser,review_preserved_untrimmed,2.4538333333333333,0.0,0.0
[],5abe2694e6475fdd70d9dd694022adfeba3dcce06402b5fc08f113c43b87e7c3,6.173264503479004,0.35294117647058826,0.0,2.210625,0.9986411929130554,1.4664804935455322,0,1.2662022113800049,0.3235294117647059,0.8333333333333334,0.0,2b5a0a4398f05eb9,2.7401349544525146,2.573251485824585,3.392591714859009,1.9578957557678223,1.4664804935455322,3.4799301624298096,1.9623181819915771,ua_ser,mfa_aligned,2.210625,0.0,0.6666666666666666
[],2746215f2e9a4d5ce33eb4af3ce790a7fa1a91ca1da97ba6b95bac36d282432f,3.922234058380127,0.17391304347826086,0.0,1.94,0.960731565952301,1.6220035552978516,0,2.2067790031433105,0.2608695652173913,0.16666666666666666,0.3790833333333333,6c5a196b3a1dcb26,3.535395383834839,3.901610851287842,2.507317304611206,2.3522868156433105,1.5112314224243164,3.1163556575775146,2.178903579711914,ua_ser,mfa_aligned,2.07,0.13,0.16666666666666666
[],f83af5fdb8848670deb4e9efaca7032c3ad2cbb9078dc860ebfe2200a414a2e5,3.979909896850586,0.21875,0.0,1.9900416666666667,0.9761351943016052,2.3849575519561768,0,2.3240103721618652,0.40625,1.0,0.6617916666666667,f7753b7ddb38c36d,3.015456438064575,4.073967456817627,2.736311912536621,1.8873682022094727,2.5123190879821777,3.5404322147369385,3.0178165435791016,ua_ser,mfa_aligned,2.2600416666666665,0.27,0.75
[],fe7b4d1c7ac7e6ed59bdc31ad3420aa799424132559c01851341b1f77dd98864,6.302371025085449,0.1,0.0,2.185208333333333,0.9994181990623474,1.9236133098602295,0,1.9527747631072998,0.2,0.4,0.0,a602cf7755b3964f,2.939260959625244,3.324075937271118,3.1213011741638184,2.7878711223602295,1.9236133098602295,3.649169683456421,2.4246561527252197,ua_ser,mfa_aligned,2.185208333333333,0.0,0.2
[],3e0f208de9d3d70eac894758d8e59c1781b85b36f09cebc8816a41e5b8dd7a7d,6.288778781890869,0.0,0.0,2.7855,0.9994112849235535,3.2430737018585205,2,2.8040568828582764,0.0,0.0,0.0,47dc0a795c5ad36f,3.7445943355560303,4.094954490661621,4.270621299743652,4.230057239532471,3.2430737018585205,4.440979480743408,3.2960493564605713,ua_ser,mfa_aligned,2.7855,0.0,0.0
[],0c8b842e3c13effb927a5af671a3198ed77d3e972921e83eeb5fe865f320cac9,7.186137676239014,0.0,0.0,2.82,0.991911768913269,2.7744064331054688,2,2.770357131958008,0.0,0.0,0.45375,74e1ee12f1f05863,3.188476324081421,4.455661773681641,4.222934722900391,3.9698493480682373,2.8401410579681396,3.804170608520508,3.195061445236206,ua_ser,mfa_aligned,2.82,0.0,0.0
[],370d7d2878f12f1d88610ccc635bff8fcf723ea1b0bed12bccbf96783018aebf,4.85048246383667,0.0784313725490196,0.0,3.4662083333333333,0.9992606043815613,2.4782071113586426,2,2.548581123352051,0.058823529411764705,0.25,0.0,e57fa4bf7f28ac8d,2.888836622238159,4.784619331359863,3.045952558517456,3.4397847652435303,2.4782071113586426,2.469787120819092,3.4667766094207764,ua_ser,mfa_aligned,3.4662083333333333,0.0,0.375
"[""large_boundary_removal"", ""short_speech_span""]",7c2be5d6809e16ebdf02378f3e0b69ce3aa4db4a5ef5204e5e6ba7c8b2c03fff,5.265248775482178,0.0,0.0,2.03,0.9993339776992798,1.305112600326538,0,1.5638742446899414,1.5,1.0,0.0,ff3f4fed8815497a,2.283081531524658,4.583405494689941,2.8474223613739014,1.9122669696807861,1.305112600326538,2.430734872817993,1.892852783203125,ua_ser,review_preserved_untrimmed,2.03,0.0,0.0
[],27c9e4b8a3291e4b332ef42694280a1c220ee1bc42bbf398b172c14dbaaeb18b,5.609589099884033,0.15625,0.0,2.378458333333333,0.9988918304443359,2.912372589111328,3,2.7627344131469727,0.0625,0.3333333333333333,0.0,1f4aff1ea7c9e835,3.341362237930298,4.272323131561279,3.7863690853118896,3.383350133895874,2.912372589111328,3.654369831085205,3.4243569374084473,ua_ser,mfa_aligned,2.378458333333333,0.0,0.3333333333333333
"[""large_boundary_removal""]",7514ddf236c403febed82f6f7302db4661e3e71598fea6b0597762253071dea5,4.413516521453857,0.8571428571428571,0.0,3.0407083333333333,0.999813437461853,2.7853775024414062,0,2.6008145809173584,0.09523809523809523,0.16666666666666666,0.0,53c06bfa319664c0,3.167532205581665,4.658636569976807,3.2800066471099854,2.5916125774383545,2.7853775024414062,3.7346012592315674,3.0993499755859375,ua_ser,review_preserved_untrimmed,3.0407083333333333,0.0,1.0
[],766a4059aeacb95f0167b75fd30216b9f186bfd0337a70538a4358bed61ae9f0,5.814561367034912,0.058823529411764705,0.0,2.531,0.9991742372512817,2.108717918395996,3,2.0509493350982666,0.08823529411764706,0.2222222222222222,0.0,57872d6abf3e8e0a,3.108747720718384,2.695462465286255,4.072233200073242,3.3373563289642334,2.108717918395996,4.514328479766846,2.670112371444702,ua_ser,mfa_aligned,2.531,0.0,0.2222222222222222
[],e3f9867ef2b0ff59694903d592e27c56933ff241c2075b514abdbce4c47283d7,7.415792465209961,0.9666666666666667,0.0,2.2000416666666665,0.9483054280281067,2.25588321685791,1,2.0719244480133057,1.0,1.0,0.10916666666666666,32aaf7503b6cd3df,2.308501720428467,2.0056424140930176,1.161461353302002,2.888392210006714,1.3808510303497314,3.8981409072875977,1.556999683380127,ua_ser,mfa_aligned,2.2000416666666665,0.0,1.0
"[""large_boundary_removal""]",5dccdc04a5ca40642d4be34b0406750f4d7efe7e016438541647d04d05087b42,5.139150142669678,0.0,0.0,2.097,0.999574601650238,1.5244126319885254,0,1.7940869331359863,0.5384615384615384,1.0,0.0,8a11f9741aa8e2f1,2.631117820739746,3.7016990184783936,2.9685938358306885,1.7250335216522217,1.5244126319885254,3.4155852794647217,1.9254157543182373,ua_ser,review_preserved_untrimmed,2.097,0.0,0.0
[],2660f22a2cad2a9faff17514bb2fdebd97e4b8b0cdacfc1010be0a1ae70d077d,5.244710445404053,0.0,0.0,1.94,0.9912114143371582,2.0289368629455566,0,2.257660388946533,0.06896551724137931,0.14285714285714285,0.26,fa3f4e9b373fa1f7,2.9770679473876953,4.066437721252441,3.249635934829712,2.6435484886169434,1.7001380920410156,2.2528905868530273,2.15474534034729,ua_ser,mfa_aligned,2.2,0.26,0.0
[],9e875b0a741b7f5aff7571e669ea5b30cf527c78617eb79cbfcc7442001dbac1,6.932376384735107,0.0,0.0,2.4,0.9990641474723816,2.6714117527008057,4,2.5458312034606934,0.0,0.5,0.032,28420ad22b688e99,3.1998794078826904,4.005500793457031,4.203409194946289,3.113065242767334,2.640207052230835,3.8653194904327393,3.785076856613159,ua_ser,mfa_aligned,2.4,0.0,0.5
[],9410dc05461a5ab67264cf93acb1fa41edf1c7ebe299781935f4e5f6dcde7a83,5.910445213317871,0.043478260869565216,0.0,1.737625,0.9732493162155151,2.216507911682129,0,2.08146595954895,0.043478260869565216,0.16666666666666666,0.3,729cc5141afe01f8,2.826526165008545,3.213740587234497,3.6542255878448486,2.8200716972351074,2.4082224369049072,3.647249460220337,2.7713980674743652,ua_ser,mfa_aligned,2.037625,0.3,0.16666666666666666
"[""unknown_phone"", ""unsupported_transcript_tokens""]",b651ca7f97d047d76ed9ddb57455b554ef6e37d64389e5b0725e13d354352e94,6.357211589813232,0.28,0.0,2.749125,0.9996200799942017,2.1130218505859375,0,2.1000757217407227,0.32,0.4,0.0,6d16d28a433f5eed,2.9453535079956055,4.218192100524902,3.065159797668457,3.1265292167663574,2.1130218505859375,3.6326475143432617,2.4760468006134033,ua_ser,review_preserved_untrimmed,2.749125,0.0,0.4
[],72a1ecf403ca4c1abeed8c84521ff3211a844ad15a4a537c2756f40e0838bd8c,6.809053897857666,0.0,0.0,2.176,0.9992725253105164,2.7812044620513916,0,2.6023201942443848,0.0,0.0,0.0,01ffd913ca35a85a,3.427501678466797,3.9218909740448,3.8089311122894287,2.6518235206604004,2.7812044620513916,3.8191936016082764,3.3495354652404785,ua_ser,mfa_aligned,2.176,0.0,0.0
[],4bd709b7a88a6821785d1ed78a76ee713746eae7bb4af842508f0feae6b39863,5.549989223480225,0.17142857142857143,0.0,2.82,0.9500877261161804,1.9719798564910889,1,1.914985179901123,0.17142857142857143,0.3333333333333333,0.38,01acdc595005cacc,2.6276261806488037,4.365078926086426,2.9955801963806152,2.2014858722686768,1.756788969039917,2.523329973220825,2.288989543914795,ua_ser,mfa_aligned,2.82,0.0,0.3333333333333333
[],961fa1b59a0479b444d1668f9bd6a554872df3d299326de30443362f85266cb5,6.866274833679199,0.0,0.0,2.377,0.9983208775520325,1.8577861785888672,0,1.4804584980010986,0.0,0.0,0.0,c3d00b149ec47080,2.4786691665649414,3.5554606914520264,3.3942055702209473,1.696302890777588,1.8577861785888672,3.442537784576416,2.9136948585510254,ua_ser,mfa_aligned,2.377,0.0,0.0
[],cdb9134ad211bbdd40ed9b2033ce82d501bd1972dd80dc452a2fae4e5202550e,6.01422643661499,0.0,0.0,2.4,0.9956384897232056,2.0739219188690186,1,1.9640512466430664,0.15625,0.2,0.032,edf503cc844ba0d3,2.9159531593322754,3.732210397720337,3.8881895542144775,2.13407564163208,2.0419182777404785,3.771679639816284,2.8479232788085938,ua_ser,mfa_aligned,2.4,0.0,0.0
[],3a24fbd16212aa84e696ca97567ac56d94381798fb2cceda72bf513affd75974,5.741744518280029,0.15384615384615385,0.0,1.9789583333333334,0.9248192310333252,2.2921535968780518,0,2.3041725158691406,0.15384615384615385,0.4,0.67,87d83788cc6a7e28,2.8423759937286377,4.626821517944336,2.9955124855041504,3.3981740474700928,2.7952985763549805,3.701533317565918,3.3316986560821533,ua_ser,mfa_aligned,2.6489583333333333,0.67,0.4
[],a073002c8ebb15041f28b07dd3cac6ba5416f61a79318ebae353847c9585d899,7.101941108703613,0.18181818181818182,0.0,2.5,0.9973140358924866,1.9296526908874512,0,1.5808045864105225,0.11363636363636363,0.3333333333333333,0.06,509bccd5148742ca,2.8169121742248535,3.704395294189453,3.770120859146118,2.8519468307495117,2.096203327178955,3.3294677734375,2.315143585205078,ua_ser,mfa_aligned,2.5,0.0,0.3333333333333333
[],40df73cd525497cd8585e789bc38361445d0e4721653fc8f1bea0cbf4527015c,7.421772003173828,0.22413793103448276,0.0,4.9275,0.9996829628944397,2.9596495628356934,2,2.6835975646972656,0.1206896551724138,0.26666666666666666,0.0,2b49bc0c5d89e67a,3.9981184005737305,3.867311477661133,4.012423992156982,4.225504398345947,2.9596495628356934,4.835433483123779,3.392805576324463,ua_ser,mfa_aligned,4.9275,0.0,0.3333333333333333
[],8f58dd250ad504083225168ea6753ebbb4011a8ec35f0eb45179607c9c6775c9,6.658329963684082,0.08823529411764706,0.0,2.548,0.9994025826454163,3.073270797729492,0,3.0840039253234863,0.2647058823529412,0.3,0.0,a6213b90c70f0ff3,3.5557403564453125,3.515641450881958,3.7445223331451416,4.301143646240234,3.073270797729492,4.24276876449585,3.57161021232605,ua_ser,mfa_aligned,2.548,0.0,0.2
[],526342c0e8de49ab839bd1ac5605251b6ad5955831ed3d0d2128cc4c3324ae89,6.3543572425842285,0.0,0.0,2.75,0.9827423691749573,2.2304904460906982,0,2.3885085582733154,0.13513513513513514,0.25,0.32125,1331cdba582b5a20,2.631028890609741,4.07402229309082,3.086239814758301,3.918818473815918,2.752338171005249,4.316159248352051,3.462871551513672,ua_ser,mfa_aligned,2.75,0.0,0.0
[],fce25077f37ea15bb7ae0015d562c955187a2f940374f3caaa7a167ddd724d82,5.083526611328125,0.34615384615384615,0.0,1.9600416666666667,0.9986412525177002,1.8799798488616943,1,2.1034481525421143,0.2692307692307692,0.3333333333333333,0.03995833333333333,9359e4f30d603a21,3.2556848526000977,4.117517471313477,2.262129306793213,2.1684820652008057,1.726731300354004,2.1775505542755127,2.0514235496520996,ua_ser,mfa_aligned,1.9600416666666667,0.0,0.5
[],bd5d74b256be024f2c4f074fa2098d6a856d0a88bddb2b51dea4b54f51e3d92a,5.492076396942139,0.24324324324324326,0.0,2.986875,0.9997264742851257,2.137099266052246,1,1.8935494422912598,0.02702702702702703,0.125,0.0,679966d55e8e6024,2.753636360168457,2.946789026260376,2.6714205741882324,1.4969651699066162,2.137099266052246,3.1785800457000732,2.5868895053863525,ua_ser,mfa_aligned,2.986875,0.0,0.25
[],883676e7de429e1dc84d4f87f08e228f1731ee7acd2c021308753f31447319f5,7.216015338897705,0.0,0.0,3.2335833333333333,0.999559223651886,3.0576279163360596,2,2.6732168197631836,0.0,0.0,0.0,966bcf69ce24929e,2.9797439575195312,4.806692123413086,3.8916454315185547,3.2085633277893066,3.0576279163360596,4.0483784675598145,3.8067479133605957,ua_ser,mfa_aligned,3.2335833333333333,0.0,0.0
[],06a6983772308a84b421a94e7b38b7e68bb222745c45db831e357e24b159317a,4.363107681274414,0.5666666666666667,0.0,2.4500416666666665,0.9878050088882446,1.8901393413543701,1,2.1506965160369873,0.4,0.6666666666666666,0.36970833333333336,157355cf2bf9948d,3.1899666786193848,3.4349167346954346,2.955864191055298,3.379584550857544,1.987989902496338,2.955744743347168,2.5451295375823975,ua_ser,mfa_aligned,2.4500416666666665,0.0,0.8333333333333334
[],d022143648965c27f5c401f4ae89658d368e9026c7e10c62d10dad1aebece60f,6.577722072601318,0.0,0.0,2.716875,0.9994103312492371,2.760338068008423,4,2.6443064212799072,0.0,0.0,0.0,05376696eff3f338,3.1339735984802246,3.595860719680786,3.619105339050293,3.8266050815582275,2.760338068008423,4.326223373413086,3.0027387142181396,ua_ser,mfa_aligned,2.716875,0.0,0.0
[],156661abb6d00060a97f613403f8fc55f4908ad80f3ad206c5fd8173f53adaf4,6.998411655426025,0.0,0.0,2.05,0.9990536570549011,2.7161970138549805,3,2.813760995864868,0.05,0.16666666666666666,0.0425,a9c3ed1fe6845469,3.3408896923065186,3.292593479156494,3.1961042881011963,3.871062755584717,2.7601139545440674,3.262336015701294,3.2219929695129395,ua_ser,mfa_aligned,2.05,0.0,0.0
[],cde9970cd90179bdf512271134b70731feb27adc05070d7fce6e65cc51f0280e,6.073477745056152,0.0,0.0,2.56025,0.9996201992034912,2.6768898963928223,0,2.4008331298828125,0.038461538461538464,0.375,0.03,b529b739bf077d08,3.543473720550537,4.223091125488281,3.5997560024261475,2.0431578159332275,2.519918918609619,3.745598554611206,3.3234095573425293,ua_ser,mfa_aligned,2.59025,0.03,0.0
[],84429df3ba89f4ab5f6acb78cdedf950e1c978f9b6fe46fb48ed7da63f03de3a,6.680057525634766,0.0,0.0,2.26125,0.9996649622917175,2.455772876739502,1,1.9749078750610352,0.0,0.0,0.0,d68511dc1fc2bdcb,2.7456235885620117,4.65408992767334,3.6248691082000732,2.5137808322906494,2.455772876739502,3.8665733337402344,3.28824782371521,ua_ser,mfa_aligned,2.26125,0.0,0.0
[],ba5d9376b163ff2c1a3c96e284875d4b247e3ac1ead5db9885ae165ed1fd50ca,6.521884441375732,0.0784313725490196,0.0,2.716875,0.9994789958000183,2.369381904602051,5,2.1148438453674316,0.0196078431372549,0.08333333333333333,0.0,69310569deb34f07,3.122810125350952,2.9291329383850098,2.6203484535217285,2.403573751449585,2.369381904602051,3.0334420204162598,2.9228076934814453,ua_ser,mfa_aligned,2.716875,0.0,0.16666666666666666
[],025ee6789fd1f5fb4102157efb255dc757d96689d8653db8e86f40f6a517c2a5,6.589833736419678,0.12195121951219512,0.0,2.688,0.9984172582626343,1.3837854862213135,0,1.4356911182403564,0.0975609756097561,0.125,0.0,852b72f0266145ba,2.398336410522461,3.2788147926330566,2.9958465099334717,1.772226333618164,1.3837854862213135,2.607591152191162,2.124821901321411,ua_ser,mfa_aligned,2.688,0.0,0.25
[],dc3ae230223506f433d819b328e4ff08a1c60245839acdb3ad85f10c07f5b61f,5.251993656158447,0.09090909090909091,0.0,3.12,0.9915354251861572,2.1589818000793457,1,2.155794858932495,0.09090909090909091,0.14285714285714285,0.68,60a290aaf923919a,3.3796000480651855,4.1508283615112305,3.1427085399627686,3.0707273483276367,2.6252338886260986,3.2398629188537598,3.4657933712005615,ua_ser,mfa_aligned,3.67,0.55,0.14285714285714285
[],c57ac812ba1106c8fe81caf7769b0bf4c3c36f14ec269045b4b8f26d0a85ed5c,6.460524559020996,0.05128205128205128,0.0,2.97375,0.9796841144561768,2.2862982749938965,0,2.4086554050445557,0.05128205128205128,0.25,0.57,b5d1f05c0444e84e,4.012917518615723,4.475818157196045,3.8425590991973877,3.1784260272979736,2.799880027770996,3.5945963859558105,3.2589035034179688,ua_ser,mfa_aligned,3.54375,0.57,0.25
[],ae79bc8ec2bd5877437d95e0289dee85547de2ebc30813ec79fb76d76c8a3f6c,5.254424571990967,0.0,0.0,1.9600416666666667,0.9887488484382629,1.8589792251586914,2,2.3695790767669678,0.0,0.0,0.4084583333333333,2a4bc72c4adcaf1f,2.7439491748809814,3.9716382026672363,2.719558000564575,2.547304630279541,1.7142274379730225,2.8312325477600098,2.0520436763763428,ua_ser,mfa_aligned,2.2600416666666665,0.3,0.0
[],a637a5ac3a6b0f3e4cbed0df9096d1a79cec463dda2c90be6db351a146265d73,6.897669792175293,0.0,0.0,2.03,0.9979974031448364,3.08435320854187,2,3.0873804092407227,0.0,0.0,0.018,6a0b75596ff7a4da,3.730161428451538,4.542728424072266,3.508963108062744,3.8526322841644287,3.167630434036255,4.463285446166992,3.5202527046203613,ua_ser,mfa_aligned,2.03,0.0,0.0
[],a69c8b11de17db3af82627c044625d49199b89b474902cb04ede53359d97d98d,5.919795989990234,0.1320754716981132,0.0,3.63,0.99806809425354,1.8707053661346436,0,2.1283297538757324,0.07547169811320754,0.16666666666666666,0.133,686bb112f920104c,2.7806849479675293,3.209826707839966,3.059875726699829,1.7092509269714355,1.9200406074523926,3.6585755348205566,2.5940704345703125,ua_ser,mfa_aligned,3.63,0.0,0.16666666666666666
[],d3301d1b18b7d4e355263757ad1395849861af9a04ce6a9c2a83e73d54856f0b,4.105678081512451,0.6296296296296297,0.0,2.08,0.9947752952575684,1.5996992588043213,1,1.2020809650421143,0.9629629629629629,0.8333333333333334,0.11745833333333333,babb3ecc4f6decd1,2.1069564819335938,3.3337998390197754,3.1795108318328857,2.8575994968414307,1.5203170776367188,4.331518173217773,1.9490413665771484,ua_ser,mfa_aligned,2.08,0.0,0.6666666666666666
[],d1da313da0198fb623d574d7b63c31525b5ae2f2833dce7615086b7aff8fa712,6.976048469543457,0.0,0.0,3.498875,0.999595582485199,2.762573003768921,2,2.4729361534118652,0.0,0.0,0.0,95066237ea583bc3,3.299128770828247,3.084132432937622,3.2890655994415283,3.469773769378662,2.762573003768921,4.0448198318481445,2.9341044425964355,ua_ser,mfa_aligned,3.498875,0.0,0.0
[],10f4d46c311a7b5ed342eb38f735e7eb55e295c93b0661662d471dd76fd7aed5,6.73079252243042,0.15625,0.0,2.77625,0.999772310256958,2.8082025051116943,0,2.1980648040771484,0.125,0.42857142857142855,0.0,0c528ab86210ee04,3.545555591583252,3.554713249206543,3.4196512699127197,3.079110860824585,2.8082025051116943,4.011011123657227,3.360999345779419,ua_ser,mfa_aligned,2.77625,0.0,0.42857142857142855
[],8702fc20773bf5e1621fd05117946b3324fd2d2169ea0ecf7a3600516d7c09a5,4.651503562927246,0.9230769230769231,0.0,1.83,0.7975911498069763,1.6447293758392334,2,1.798335075378418,1.0,1.0,0.5250833333333333,caea7fd720cfc08e,3.35374116897583,3.9015707969665527,2.016101837158203,1.2361361980438232,1.4781980514526367,3.19144344329834,2.4512906074523926,ua_ser,mfa_aligned,2.03,0.2,1.0
[],66f190c3063ea8a20c0ffefd30e046a1ec1b3ce126ed16e6b1197504071a69ee,6.577878475189209,0.0,0.0,2.176,0.9992675185203552,2.8915462493896484,1,2.401740074157715,0.029411764705882353,0.16666666666666666,0.0,d02b08892d93f141,3.3522608280181885,3.5914735794067383,4.373465538024902,3.6021745204925537,2.8915462493896484,3.7844436168670654,3.1247947216033936,ua_ser,mfa_aligned,2.176,0.0,0.0
[],70c5d491b096a6631afeccba2f28ee729aa7787c84c5d033d9df7e5204b0ce0e,6.648157119750977,0.0,0.0,2.048,0.999250054359436,2.462172031402588,0,2.1142144203186035,0.09375,0.125,0.0,993fa09da2be2867,3.281085729598999,4.741662979125977,3.9534497261047363,2.078146457672119,2.462172031402588,3.733846426010132,3.28326678276062,ua_ser,mfa_aligned,2.048,0.0,0.0
[],7267b9994d1fd30c328be97955969e54621f16cb7fdb365609f7b7926d6e911b,7.469951152801514,0.0,0.0,2.35,0.9997594952583313,2.620973587036133,1,2.501115560531616,0.0,0.0,0.0125,79c7278ac03ee9f0,3.326430082321167,3.6149773597717285,3.51164174079895,3.7595248222351074,2.6369359493255615,3.8780086040496826,3.1064341068267822,ua_ser,mfa_aligned,2.35,0.0,0.0
[],d85633fde4c549dd750d6c97a52dc8f8a4bd1cf22a5c03014ff7753a035cdab9,6.1086907386779785,0.037037037037037035,0.0,2.4095,0.9856386184692383,2.405627727508545,0,2.775954008102417,0.07407407407407407,0.3333333333333333,0.12,5b18ec06d2865d22,3.3478360176086426,3.73164963722229,3.5304150581359863,3.1631057262420654,2.759303569793701,4.127666473388672,2.9663021564483643,ua_ser,mfa_aligned,2.5295,0.12,0.16666666666666666
[],1e152abff84663050e9bc86a1dd18607886d75aae07b201a5b2685d4a467bc3d,6.325453758239746,0.16129032258064516,0.0,2.71,0.9923861026763916,2.9786159992218018,2,2.6620657444000244,0.06451612903225806,0.1111111111111111,0.209375,7b37a173fad7b143,3.7247416973114014,3.7884888648986816,3.8215866088867188,4.190924167633057,3.138810873031616,3.5169126987457275,3.4683337211608887,ua_ser,mfa_aligned,2.71,0.0,0.3333333333333333
[],4dfed8761d9e0d53ea977a112278956d7239cf6e65abea53e5baddb0ffd2d013,4.736036777496338,0.3333333333333333,0.0,1.82,0.9613623023033142,2.157846450805664,0,2.1401476860046387,0.2857142857142857,0.6666666666666666,0.45,a73071d89696b39a,3.1847381591796875,3.362522602081299,2.5056052207946777,2.077561616897583,1.583477258682251,2.8283839225769043,2.42689847946167,ukr_dialects,mfa_aligned,1.99,0.17,0.6666666666666666
[],30cbf579b9b23f70bea0d541e3d16a36f89d9b52a5029a9852a076e290131842,7.6284918785095215,0.1276595744680851,0.0,9.05,0.9957147836685181,3.4271018505096436,0,3.420788049697876,0.14893617021276595,0.5789473684210527,1.126,0d903a219416e592,3.882723569869995,4.357026100158691,2.79717755317688,3.7960002422332764,3.0087716579437256,4.149057388305664,3.450237274169922,ukr_dialects,mfa_aligned,9.05,0.0,0.5263157894736842
[],e6cf95f3f0171ba682a638875a435c8e7d986da146b9dd1998f105d57ac2dace,6.7549052238464355,0.0,0.0,6.41,0.9996675848960876,2.511453866958618,4,2.5544517040252686,0.0,0.0,0.0,a237faa0e9bc87dd,3.6697821617126465,3.7278943061828613,3.2483489513397217,2.610504627227783,2.5091443061828613,3.4759511947631836,2.8001484870910645,ukr_dialects,mfa_aligned,6.41,0.0,0.0
[],5d35bdc7d512336c878fb174db3cef0d9c4926a54fc6d31a334fd3740963d1c7,7.4391326904296875,0.05921052631578947,0.0,14.83,0.9983326196670532,3.1286346912384033,1,3.1336615085601807,0.06578947368421052,0.1875,0.786,54eeef47799137c1,4.201022148132324,4.420135021209717,2.4007325172424316,4.32819938659668,2.9411911964416504,4.639723777770996,3.1497490406036377,ukr_dialects,mfa_aligned,14.83,0.0,0.28125
[],7a3ff856087f00683e366364a39163f452b2575aa02c0bd115d559814476c079,7.396790504455566,0.3333333333333333,0.0,4.224,0.999489963054657,2.8129489421844482,0,2.742824077606201,0.3611111111111111,0.6363636363636364,0.0,9bab0aa3a629938d,3.5059194564819336,4.431584358215332,2.8493497371673584,4.613654136657715,2.8142030239105225,3.8053011894226074,3.4892578125,ukr_dialects,mfa_aligned,4.224,0.0,0.6363636363636364
[],a376e2446086d9249adcbafbf94864be023a9bdaf759f23df71c2dc7930f6a3d,4.899509429931641,0.22413793103448276,0.0,5.6,0.9928930401802063,2.7127249240875244,0,2.758347988128662,0.2413793103448276,0.4375,0.461,41159136ebf7f7a3,2.5520150661468506,3.4675631523132324,3.4806692600250244,3.336888074874878,2.1993892192840576,3.928077220916748,2.6424548625946045,ukr_dialects,mfa_aligned,6.02,0.42,0.5625
[],92234031300e59b6af9705d15b64ff80f1a1d4d0272ee6ea49117a27369e0594,6.376438617706299,0.0,0.0,2.03,0.9723929166793823,2.9220211505889893,1,2.8820228576660156,0.0,0.0,0.33,8e7ec197983fb8d3,3.5605967044830322,4.166022300720215,2.905431032180786,4.419908046722412,3.037114143371582,3.519733428955078,3.4713847637176514,ukr_dialects,mfa_aligned,2.03,0.0,0.0
[],b22b7cf890842bd17b29ef40b60c6e336e5f3c1f00e1b9890c9ae687b63b6373,7.481950283050537,0.13559322033898305,0.0,5.03,0.9991351366043091,2.8578052520751953,0,3.006397008895874,0.1016949152542373,0.5,0.026,7b15981516e06ca9,4.065500259399414,4.291647434234619,2.748748779296875,4.377330780029297,2.9775118827819824,4.50262451171875,3.387392282485962,ukr_dialects,mfa_aligned,5.03,0.0,0.4166666666666667
[],c97f0cbc3ed9885056c88737f88995f311da5c1bdf1f96bac65ee90264cbfaa3,4.8074564933776855,0.1111111111111111,0.0,3.34,0.9772385954856873,2.462057113647461,0,2.4294557571411133,0.0,0.0,1.26,ecccb25e97188c6c,3.158406972885132,4.437766075134277,2.80509352684021,2.201662063598633,2.3929967880249023,3.304468870162964,3.077949047088623,ukr_dialects,mfa_aligned,3.34,0.0,0.2
[],b2b7215e3a4ff904644ad0a29723f6e08d30d918247757ce65be312891218dd4,5.202687740325928,0.12698412698412698,0.0,6.78,0.9996556639671326,2.1277236938476562,1,2.19244122505188,0.047619047619047616,0.125,0.0,2f668652e951fd93,2.8938632011413574,4.260965824127197,3.083437204360962,2.1430327892303467,2.1277236938476562,3.206972122192383,3.3675100803375244,ukr_dialects,mfa_aligned,6.78,0.0,0.25
[],2d482f7ad9bab1709e6c29921ef957f463e385acfa976ee1d9123649a0bfaf94,6.022487163543701,0.5,0.0,2.430041666666667,0.9768519997596741,2.3315837383270264,0,2.1923930644989014,0.0625,0.25,0.6999583333333333,86fbe1ea16af07cd,3.1487021446228027,4.355449676513672,2.9500839710235596,3.7148876190185547,2.306312322616577,3.27555775642395,2.611875295639038,ukr_dialects,mfa_aligned,2.430041666666667,0.0,0.75
[],d83e2e211d2bc0c1e94e0d801823bed2ba215525c2a9f0d1c9e1fabdb82a2a6a,6.910902976989746,0.0,0.0,14.890041666666667,0.9982659220695496,2.6088459491729736,13,2.0664539337158203,0.0,0.0,1.0299583333333333,242bb56bb37571ba,3.2772014141082764,4.589542388916016,3.5312347412109375,2.244537353515625,2.2136242389678955,3.049276113510132,3.1316754817962646,ukr_dialects,mfa_aligned,15.14,0.24995833333333334,0.0
[],9c11a70f769e95f8e158570b92a31f5c3970e892a9cb986d80a6d9776fb31794,7.673614501953125,0.16455696202531644,0.0,7.66,0.9990845322608948,3.390998363494873,2,3.222242832183838,0.0759493670886076,0.3181818181818182,0.148,e50d0d4b1c00b856,4.084264278411865,4.321590423583984,3.0744454860687256,4.5134687423706055,3.482851505279541,4.524904251098633,3.992035150527954,ukr_dialects,mfa_aligned,7.66,0.0,0.45454545454545453
[],c738cfb98249cccd58e1eebe1b8266a4594b917136c41b97d095f1284d0c6d86,5.48629093170166,0.0,0.0,11.18,0.9927273988723755,2.0028879642486572,0,1.8197720050811768,0.0,0.0,0.94,4acb82bc34643fb8,3.2557036876678467,4.6190056800842285,2.372725486755371,2.050588607788086,2.1070892810821533,2.648622751235962,2.9559226036071777,ukr_dialects,mfa_aligned,11.18,0.0,0.0
[],b904f8286b29f0446c1911100f17a7c53e47688426093573492cd77779d5013f,6.5911664962768555,0.3125,0.0,3.14,0.9725615382194519,2.572967767715454,0,2.542288303375244,0.3125,0.4,0.97,840ba85823240964,3.5071604251861572,3.849769115447998,3.043300151824951,3.141934394836426,2.0424318313598633,3.075568199157715,2.55216908454895,ukr_dialects,mfa_aligned,3.14,0.0,0.4
[],6ef9f9a30fc7ffef77dbe977dd22ad29a093e172fdda4519538b55a415b85911,5.962407112121582,0.9649122807017544,0.0,7.67,0.9846959114074707,2.857339382171631,0,2.586073637008667,0.9473684210526315,1.3076923076923077,1.69,c9d0a1f87abc187b,3.0898351669311523,4.260679244995117,4.109905242919922,3.062518358230591,2.787499189376831,4.208502769470215,3.3725333213806152,ukr_dialects,mfa_aligned,7.67,0.0,1.3846153846153846
"[""large_boundary_removal""]",964189eea8534da28fd792c5e8525728183a7e56859f3fd767baa176ad8836fa,4.862964153289795,0.6666666666666666,0.0,2.1,0.9990150928497314,2.6973323822021484,0,2.821763753890991,1.3333333333333333,1.0,0.0,6a64ff4852a96de3,3.345017671585083,3.6063497066497803,2.8938913345336914,2.6079390048980713,2.6973323822021484,3.075653076171875,3.0082406997680664,ukr_dialects,review_preserved_untrimmed,2.1,0.0,1.0
[],8abda42040fab80ec17577c613290d2ff3b05f162129dd8ac6c9173c5ddc977e,7.496720790863037,0.07582938388625593,0.0,19.290041666666667,0.9990502595901489,3.536149024963379,2,3.321573495864868,0.11374407582938388,0.3958333333333333,0.6779583333333333,558e902c5d7d46f3,4.233962059020996,4.712760925292969,2.7492787837982178,4.795278072357178,3.30411696434021,4.952849388122559,3.830000162124634,ukr_dialects,mfa_aligned,19.290041666666667,0.0,0.3541666666666667
[],ab2a2c9120911e8912d36af55485158491a59dcc7535b2638ad70c4deeab7f10,4.820732116699219,0.21212121212121213,0.0,2.89,0.9985578060150146,3.1096742153167725,0,3.0609281063079834,0.06060606060606061,0.1111111111111111,0.03,41e58a4191de07bd,3.0808587074279785,4.268670558929443,4.136911392211914,3.6677234172821045,3.039268970489502,4.549787521362305,4.014441013336182,ukr_dialects,mfa_aligned,2.89,0.0,0.3333333333333333
[],146cefeb35d0fc2349bacc21941e2f1cb7f4168428db68ce877c6a4f6111e8de,5.210118770599365,0.04054054054054054,0.0,7.22,0.9980458617210388,2.0830438137054443,0,2.089001417160034,0.02702702702702703,0.05555555555555555,0.38,7f3e8a5402a396c8,3.0652477741241455,4.116211414337158,3.5986835956573486,2.2225916385650635,2.109994411468506,2.9766852855682373,2.677642345428467,ukr_dialects,mfa_aligned,7.22,0.0,0.05555555555555555
[],73dc03aba5df462a69ba15828211198a05a79248eb97e8fd71d0a6447416a0e2,6.13696813583374,0.0,0.0,4.330041666666666,0.9863141775131226,2.7333850860595703,0,2.7685201168060303,0.02702702702702703,0.125,0.8699583333333333,314b92c52c435e0b,3.4416186809539795,4.037951469421387,3.340796709060669,2.8369863033294678,2.716233491897583,3.240617036819458,3.33691668510437,ukr_dialects,mfa_aligned,4.38,0.049958333333333334,0.0
[],f56b8e1335c66fe85ea3c772e74c4822132a07ff1317276a1660a98791525fef,7.493701457977295,0.1506849315068493,0.0,6.87,0.9978822469711304,3.1575939655303955,0,2.8445892333984375,0.1232876712328767,0.3684210526315789,0.426,29d771f7f65c7f6d,3.7353086471557617,4.289996147155762,2.953984260559082,4.4630255699157715,3.047938823699951,4.521994590759277,3.39941668510437,ukr_dialects,mfa_aligned,6.87,0.0,0.47368421052631576
[],13e8077a101f77a38a9f52b556843a8a5a96136244206cb95bdb80f1f220176d,6.487454891204834,0.045454545454545456,0.0,5.23,0.9816104769706726,1.5353915691375732,0,1.546004295349121,0.06818181818181818,0.2727272727272727,1.43,f372269ffe3275c2,3.546704053878784,4.514471054077148,2.555917263031006,1.3860962390899658,1.6995930671691895,3.4865291118621826,3.1320159435272217,ukr_dialects,mfa_aligned,5.51,0.28,0.18181818181818182
[],5e4f32d190c86211b90e2a68bbfefb296f423aef4bd23182d50b2deb01b65b67,7.473546028137207,0.05555555555555555,0.0,8.53,0.9977325797080994,3.4469685554504395,2,3.318617105484009,0.07777777777777778,0.23809523809523808,0.558,0e63f6ac4d9ba2b0,3.71091365814209,4.224607467651367,2.5658085346221924,4.523770332336426,3.241278886795044,4.441436767578125,3.5978000164031982,ukr_dialects,mfa_aligned,8.53,0.0,0.19047619047619047
[],7706f205dde63b9097b16016bbf79dbc1bc5c79e3875d14380bc3a00af105e81,5.693861961364746,0.234375,0.0,6.24,0.9896733164787292,2.3803489208221436,0,2.1662988662719727,0.15625,0.3333333333333333,1.11,3e2faddd06d54425,3.527071952819824,4.00791072845459,3.6848714351654053,2.459660530090332,2.4553608894348145,3.1003825664520264,2.944474220275879,ukr_dialects,mfa_aligned,6.24,0.0,0.5833333333333334
[],eef5e5b0633e1b3369bb856ef258f1dc30ec60aa57d2f08b3715500bdab0df52,5.724488258361816,0.22065727699530516,0.0,19.740041666666666,0.999466598033905,2.7907094955444336,0,2.753934144973755,0.15023474178403756,0.38596491228070173,0.059958333333333336,702561049f1f39e2,3.3964006900787354,3.1256601810455322,3.7413578033447266,2.7206344604492188,2.794692039489746,4.301603317260742,3.2413320541381836,ukr_dialects,mfa_aligned,19.740041666666666,0.0,0.43859649122807015
[],df270832b69bd5613e0d46e014f52e95b3dae28302374630456f26084a972f9b,5.985644817352295,0.11904761904761904,0.0,2.67,0.9784566164016724,3.485694408416748,0,3.530318021774292,1.0,1.0,0.64,e4864d2df79bd445,3.534700632095337,4.750148773193359,3.5091214179992676,4.041865825653076,3.558154821395874,4.186881065368652,4.168745994567871,ukr_dialects,mfa_aligned,2.67,0.0,0.08333333333333333
[],4da19a60944b531ee18ff7cbdefeb440369595a1bf765e82495a9d6f0c08f427,6.947127819061279,0.27586206896551724,0.0,2.5700416666666666,0.9740325212478638,2.6131057739257812,0,2.3054192066192627,0.06896551724137931,0.14285714285714285,1.2099583333333332,9a53543d89606468,2.6808900833129883,3.1302497386932373,3.371811866760254,3.014718770980835,2.006883382797241,3.0311851501464844,2.7833549976348877,ukr_dialects,mfa_aligned,2.5700416666666666,0.0,0.7142857142857143
[],c0ef2276e62b97198cf50613be2d69c8223aa78b41cdd3ed5cb4af7557f0a344,6.383062362670898,0.3645833333333333,0.0,10.48,0.997642993927002,3.230518102645874,0,3.2659993171691895,0.1875,0.44,0.34,97c99077b7b8cd1f,3.5502967834472656,4.276494026184082,3.818938970565796,3.954214572906494,3.0995850563049316,3.882725954055786,3.564420461654663,ukr_dialects,mfa_aligned,10.74,0.26,0.72
[],f7590d8ce443e05dce9db3f9e0eadf44f3bcf18425f50317bc144025aacf58d1,4.620113372802734,0.0,0.0,1.99,0.9912415146827698,2.648869037628174,0,2.8158960342407227,0.11538461538461539,0.25,0.33,9a08bccb686a9cfc,3.1838972568511963,3.592977285385132,3.4024715423583984,2.8680460453033447,2.3800363540649414,3.7482728958129883,2.5145606994628906,ukr_dialects,mfa_aligned,1.99,0.0,0.0
[],eb46ed571592a3c486805f8579ed44e3ef187641320dc49a16b785a5ad8ad8cb,6.411017894744873,0.03333333333333333,0.0,7.069,0.999611496925354,2.993882894515991,0,2.762646436691284,0.03333333333333333,0.058823529411764705,0.0,4347bf5310942834,3.6187267303466797,4.410071849822998,3.856950521469116,3.3192951679229736,2.993882894515991,3.9628665447235107,3.427366018295288,ukr_dialects,mfa_aligned,7.069,0.0,0.058823529411764705
[],20a2c8d1f453d67cf3a21db0928301b8530f297b592256c159d5e94b68b77ca0,7.48954963684082,0.13725490196078433,0.0,4.16,0.999477744102478,2.800907611846924,0,3.0456130504608154,0.11764705882352941,0.625,0.0,f8bdfd7bd77fa1ce,3.6274168491363525,4.484891891479492,3.0989434719085693,4.312550067901611,2.800907611846924,4.170614719390869,3.3935141563415527,ukr_dialects,mfa_aligned,4.16,0.0,0.75
[],dba95fa53672ff65df00e225ef64c5588f9699442fe774f42aca36a995d375e4,5.8382720947265625,0.4117647058823529,0.0,4.290041666666666,0.9896513819694519,2.442812919616699,0,2.3378124237060547,0.058823529411764705,0.1,0.23995833333333333,822f0bcd4cb98b92,2.5363736152648926,4.401886463165283,2.909465789794922,2.1198363304138184,2.115147352218628,3.003140926361084,2.570350408554077,ukr_dialects,mfa_aligned,4.43,0.13995833333333332,0.6
[],167514ea9b0326d0e366ff777965a7a45a7f7c0fa40882d3d619921c49760512,6.085306644439697,0.12987012987012986,0.0,11.34,0.9992525577545166,3.0655975341796875,0,2.975879430770874,0.09090909090909091,0.18181818181818182,0.24,296ccfb816eeed83,3.679596185684204,3.890885353088379,3.7936880588531494,4.243782043457031,3.169609546661377,3.7505741119384766,3.623974323272705,ukr_dialects,mfa_aligned,11.34,0.0,0.18181818181818182
[],d29dce3764f2f78bdcc4a197fc8a4ef1918d6e2323487a7eecafe121a9ec3077,5.591441631317139,0.05263157894736842,0.0,7.44,0.9957166314125061,2.1933069229125977,1,2.3462467193603516,0.03508771929824561,0.058823529411764705,0.56,dadb51e263de4b43,2.663947820663452,4.175189018249512,3.6245102882385254,2.4119796752929688,2.1820156574249268,3.059476375579834,2.577084541320801,ukr_dialects,mfa_aligned,7.44,0.0,0.11764705882352941
[],358f323aedc03eefadaac693734165d4a1ad892f92dbb6830bb5b7c144250495,6.0858893394470215,0.37142857142857144,0.0,2.2600416666666665,0.9800722002983093,2.569463014602661,0,2.4153807163238525,0.2571428571428571,0.5,0.6799583333333333,c264aef7ef14b160,3.347172737121582,3.476569652557373,3.3420379161834717,2.93265962600708,2.4908998012542725,3.5030717849731445,3.236335039138794,ukr_dialects,mfa_aligned,2.2600416666666665,0.0,0.5833333333333334
[],e6ac50b2ac7351a096111622c22a00688d010f1ec526a094ee7662b3f3e6b8f3,7.692689895629883,0.15730337078651685,0.0,8.89,0.9990820288658142,3.712256669998169,1,3.3301682472229004,0.21348314606741572,0.6,0.326,ed75e77294c340d0,4.771060943603516,4.599944114685059,3.0890908241271973,4.27058744430542,3.9302797317504883,4.388708114624023,4.36558723449707,ukr_dialects,mfa_aligned,8.89,0.0,0.65
[],6b0d6945008ab7cbd9b9b4ae8f8f4d990d8544aacd6f84ebf86bf3fb58fbdcf3,6.981783866882324,0.047619047619047616,0.0,1.82,0.9644749164581299,2.850471019744873,1,2.7895960807800293,0.047619047619047616,0.25,0.804,bfe785bdf79df31a,4.0513811111450195,3.835980176925659,2.7664661407470703,4.10263729095459,2.5747036933898926,3.876065731048584,3.057269811630249,ukr_dialects,mfa_aligned,1.82,0.0,0.25
[],dd2d59c9af16cd54d8ea1d133b536e4021bca3113e1c4800429aba6124cf968f,7.251530170440674,0.12,0.0,1.98,0.9918720126152039,2.717391014099121,0,2.793475866317749,0.12,0.4,0.26,e1e1d5db68276240,3.6353564262390137,3.57058048248291,2.186964988708496,3.3883724212646484,2.5216164588928223,3.6216466426849365,3.2007176876068115,ukr_dialects,mfa_aligned,1.98,0.0,0.4
[],12ea7ac55f9ae5ee421663eb076258c1d58ab3ebe6648d6cec1c4a69231e8c43,7.692791938781738,0.1375,0.0,7.09,0.9977282285690308,2.5171403884887695,1,2.8009824752807617,0.175,0.6,0.27,6bb7fe1dda248aff,4.0377912521362305,4.634153366088867,2.637871265411377,3.744645357131958,2.73795485496521,4.533383369445801,3.2117488384246826,ukr_dialects,mfa_aligned,7.09,0.0,0.3
[],be0a330b52bda850283fa3ce046b11e3245435b5c256127791e9191081a2196c,6.876119136810303,0.0,0.0,4.53,0.9713361263275146,2.387037515640259,3,2.1150400638580322,0.01818181818181818,0.08333333333333333,2.01,5652df24fa209a85,3.3827295303344727,4.417178630828857,3.750465154647827,3.6364097595214844,2.596914052963257,3.827181577682495,2.987494945526123,ukr_dialects,mfa_aligned,4.53,0.0,0.0
[],3bfd19bd316683bed8c4163e7267a454a21c734005f903238ce468ba1c05082d,7.536357402801514,0.125,0.0,3.75,0.9988231658935547,2.664623260498047,2,2.686762809753418,0.075,0.42857142857142855,0.026,263bbe5a83c21022,3.6991515159606934,4.071999549865723,2.6436147689819336,3.8577136993408203,2.652146577835083,3.9517593383789062,3.2615017890930176,ukr_dialects,mfa_aligned,3.75,0.0,0.5714285714285714
[],d91eb0b83a8d5b37bf648b90edb9857df552c04b1697db3beb0034545b65b50f,5.359079837799072,0.3103448275862069,0.0,1.9,0.9955905675888062,2.1795992851257324,0,2.40970778465271,0.06896551724137931,0.16666666666666666,0.12,8994f61724e32836,3.7751100063323975,3.163229465484619,3.912493944168091,2.96647047996521,2.162971258163452,3.997121810913086,2.4962525367736816,ukr_dialects,mfa_aligned,1.9,0.0,0.6666666666666666
[],3dcf9c57ce78762acddc6a2cfa8523d765153025aa775d5855a8c08a5e4d7068,6.223858833312988,0.17142857142857143,0.0,3.13,0.9991371631622314,3.3797006607055664,0,3.5092122554779053,0.05714285714285714,0.09090909090909091,0.09,1eb21ddca0218ac0,3.7618789672851562,4.188909530639648,3.6046242713928223,3.6127688884735107,3.3469178676605225,3.828742027282715,3.8859353065490723,ukr_dialects,mfa_aligned,3.13,0.0,0.2727272727272727
[],7a76dd297029401a7bd9c5eea2608b2d72caf72eb4f0860f99c16be19796aa26,3.602156639099121,0.7647058823529411,0.0,1.3400416666666666,0.9094246625900269,1.7960140705108643,0,1.8400497436523438,1.0588235294117647,1.25,0.6999583333333333,64f7dfc385fd0332,1.932621717453003,2.745262622833252,1.9808800220489502,2.6943182945251465,1.6207265853881836,3.6548244953155518,2.1153595447540283,ukr_dialects,mfa_aligned,1.3400416666666666,0.0,1.25
"[""large_boundary_removal""]",e3e0c5b7567a6e31385350dbfe1a92b48f6e956b2391d6651c1d623fea92751e,6.3705830574035645,0.13333333333333333,0.0,3.391,0.9993771910667419,2.5398812294006348,0,2.6952593326568604,0.0,0.0,0.0,0839ab4db381da1e,3.3193514347076416,4.043061256408691,3.982121467590332,4.613020896911621,2.5398812294006348,2.8844211101531982,2.812748908996582,ukr_dialects,review_preserved_untrimmed,3.391,0.0,0.3333333333333333
[],ab6abf376ebbc36dd1d145bfa197a38909dd9fffba431141a08541050beee82c,7.625458240509033,0.12307692307692308,0.0,7.616,0.9995192885398865,3.3499584197998047,0,3.2493529319763184,0.13846153846153847,0.42105263157894735,0.0,bf7fa24b56a90ac9,4.274285316467285,4.26887321472168,2.3308825492858887,4.468008995056152,3.35188889503479,4.465756893157959,3.8423197269439697,ukr_dialects,mfa_aligned,7.616,0.0,0.2631578947368421
[],0bd3940a2852fd644d3ea655d957453c900402fac283a4d93421428ea7e33b2d,5.289868354797363,0.13114754098360656,0.0,5.46,0.9933186173439026,2.0560290813446045,0,2.156693696975708,0.11475409836065574,0.3333333333333333,1.379,9d313dc5c2894ba2,2.2120463848114014,3.685568332672119,2.686917781829834,1.3149278163909912,1.8027901649475098,2.6735546588897705,2.746649742126465,ukr_dialects,mfa_aligned,5.89,0.43,0.26666666666666666
"[""large_boundary_removal""]",b9183a5e5e4c6310f75ae2bd61597d02684f0059494a3a6dfc338e8525302579,5.795341968536377,0.0,0.0,5.5,0.9989907741546631,2.3013694286346436,0,2.4697258472442627,0.23076923076923078,0.3333333333333333,0.0,8a3949ca3cf2196f,3.09124493598938,3.3422696590423584,2.8784101009368896,3.5114753246307373,2.3013694286346436,3.614405632019043,2.6957476139068604,ukr_dialects,review_preserved_untrimmed,5.5,0.0,0.0
[],95055795a32aa5ed647e66ca82397d9acdfb60565e5161f48b0ba1c4895a0822,6.771886348724365,0.37142857142857144,0.0,2.6,0.9666012525558472,3.014799118041992,0,2.93371319770813,0.2857142857142857,0.875,0.739,f22b87646ba1578f,2.780590772628784,4.768589973449707,3.953794479370117,3.9388628005981445,2.821241855621338,3.8608059883117676,3.422940254211426,ukr_dialects,mfa_aligned,2.78,0.18,0.625
[],1e993f57b49348530aa9630bdc5461d2ba46b0eb4a86bdb8398bb309875573e7,4.781699180603027,0.17391304347826086,0.0,6.21,0.9914884567260742,2.520825147628784,0,2.397261619567871,0.043478260869565216,0.09090909090909091,0.42,694cc49500f2b87c,2.8699393272399902,3.4050612449645996,3.346890449523926,2.266875743865967,2.6056556701660156,4.32625675201416,3.195323944091797,ukr_dialects,mfa_aligned,6.37,0.16,0.45454545454545453
[],7537ebe964413689dcc7739ec1451183b149c14b87d5a65ca28e81f6c2074239,7.301872253417969,0.16666666666666666,0.0,2.09,0.9746727347373962,2.767481565475464,0,2.6231298446655273,0.3333333333333333,0.5714285714285714,0.534,6a258d45765bd4c5,4.123051643371582,4.296331405639648,2.792057991027832,4.119750499725342,2.818652629852295,4.433271408081055,3.1538918018341064,ukr_dialects,mfa_aligned,2.09,0.0,0.2857142857142857
[],20b90d277faaa7e083e936b72194285b423f380198f54b14840b7e9a277a20bc,7.086793422698975,0.0,0.0,4.88,0.9912930130958557,2.8869097232818604,4,2.8105900287628174,0.014925373134328358,0.07692307692307693,0.52,4353235c5f194455,2.8781933784484863,4.113968849182129,4.084702491760254,3.1551408767700195,2.5961849689483643,3.7555766105651855,3.2196764945983887,ukr_dialects,mfa_aligned,4.88,0.0,0.0
[],ec16716d4818bb0e3d783558f334af1a3cbea69135630d0a2ff72ae8e78cfb62,4.171158790588379,0.3958333333333333,0.0,4.94,0.997512936592102,2.2206223011016846,0,2.367610454559326,0.3125,0.4,0.0,154537938649b4f0,2.525350570678711,3.283137559890747,2.8528008460998535,2.2520155906677246,2.2206223011016846,3.6295464038848877,2.451158285140991,ukr_dialects,mfa_aligned,4.94,0.0,0.8
[],a9752c860494e9aeddcd410dbc983091f9a360dc8780fc79e337f92a95f84a31,6.185154438018799,0.13636363636363635,0.0,8.29,0.9432310461997986,2.563131809234619,6,2.774724006652832,0.10606060606060606,0.38461538461538464,2.05,a2da8be2193fa216,3.3895769119262695,4.430746078491211,3.0536365509033203,2.4671003818511963,2.8640992641448975,4.112573623657227,3.4696645736694336,ukr_dialects,mfa_aligned,8.29,0.0,0.38461538461538464
"[""large_boundary_removal""]",4d529baa1371e2c769bfd0b40b40379c81f8afda028d409756f4777649dd2016,5.834447860717773,0.09090909090909091,0.0,2.46,0.9999186396598816,2.761946678161621,0,2.762169599533081,0.2727272727272727,1.3333333333333333,0.0,f962b3769de914d2,2.9922125339508057,4.200146198272705,2.9730048179626465,3.9215431213378906,2.761946678161621,3.7158944606781006,3.0406715869903564,ukr_dialects,review_preserved_untrimmed,2.46,0.0,0.6666666666666666
[],95edfd8260b793a523c061586e68d9840d491c066023ede569db892f1058d289,6.215478420257568,0.5714285714285714,0.0,3.28,0.9887097477912903,3.276421070098877,4,3.154186725616455,0.23809523809523808,0.5555555555555556,0.34,f0d2b87d5ba3b68e,2.9288816452026367,4.7732086181640625,3.5701873302459717,3.8221511840820312,3.2501845359802246,3.9988763332366943,3.5562169551849365,ukr_dialects,mfa_aligned,3.28,0.0,1.0
[],73046a716f30bf41a8f3c5e0849d2a6288d701a7242ba37e6abc4ebeb38f3977,7.369551181793213,0.05714285714285714,0.0,2.680041666666667,0.9920107126235962,2.988877773284912,0,2.8243680000305176,0.08571428571428572,0.18181818181818182,0.19995833333333332,f9b84ffab9cfe5dd,3.8488962650299072,4.400659561157227,2.3168535232543945,3.942070960998535,2.6144278049468994,3.93991756439209,3.5559186935424805,ukr_dialects,mfa_aligned,2.680041666666667,0.0,0.2727272727272727
[],5582ca13d7256f068ec1c9cf0e4a973e757f578b21874019e6ebee916462074d,6.456562042236328,0.043478260869565216,0.0,4.1,0.9760491251945496,2.7559010982513428,4,2.34873628616333,0.0,0.0,1.231,30942657994cb72e,3.124558925628662,4.0904541015625,2.9979007244110107,3.6861445903778076,2.6098697185516357,3.191908597946167,3.055065155029297,ukr_dialects,mfa_aligned,4.36,0.26,0.09090909090909091
[],8b6e475282349ded403d23b882b26f696d4751acc963e70739047dc7dbba4319,6.309967994689941,0.7948717948717948,0.0,2.479,0.9821966886520386,2.710420846939087,1,2.499267101287842,0.7948717948717948,0.875,0.72,566c39695cadae26,3.859562873840332,3.5140678882598877,3.852370023727417,3.13753080368042,3.144909381866455,4.64469575881958,4.027340888977051,ukr_dialects,mfa_aligned,3.199,0.72,0.875
[],8b2a16019bb6f65ae5292069c1d2f7201e240e4b3a6bcaec3e97d48aaa24f381,5.464923858642578,0.2898550724637681,0.0,12.029,0.9987947940826416,2.1099917888641357,0,2.215646505355835,0.14492753623188406,0.4117647058823529,0.0,c43b6871fb7abcf7,2.8939404487609863,3.709990978240967,3.470716953277588,1.9026570320129395,2.1099917888641357,2.818589448928833,2.7125675678253174,ukr_dialects,mfa_aligned,12.029,0.0,0.6470588235294118
[],6be0140d87ecc931e74559c659805a371de06f806862ec30c352b15785017920,6.9036865234375,0.0072992700729927005,0.0,14.35,0.9995408058166504,2.284176826477051,5,2.211089849472046,0.0,0.0,0.55,2c57b228b9d2349e,3.6434032917022705,4.296003818511963,3.100315570831299,2.0856754779815674,2.34338641166687,3.1042020320892334,2.9913501739501953,ukr_dialects,mfa_aligned,14.35,0.0,0.034482758620689655
[],19881106b843fab145a276bd6d1e860bc637e585dc78238e6be918de779e6119,6.903260231018066,0.45098039215686275,0.0,3.93,0.997310996055603,3.4886932373046875,3,3.040407657623291,0.35294117647058826,0.8461538461538461,0.29,2a6e18b3e07e2956,3.570553779602051,4.265711784362793,3.6758198738098145,3.742114543914795,3.421910285949707,3.7866854667663574,3.8780934810638428,ukr_dialects,mfa_aligned,3.93,0.0,1.0
[],2520e7c1403f817a610652629aa4a28022b73b4d6b699b43219bb0d21c81bc21,5.494888782501221,0.3,0.0,2.0400416666666668,0.9669796228408813,2.4991848468780518,1,2.7102630138397217,0.3,0.6666666666666666,0.8199583333333333,64326990b57264c9,3.963902711868286,4.315849304199219,3.8642828464508057,3.071011781692505,2.7518742084503174,3.6362690925598145,3.2840094566345215,ukr_dialects,mfa_aligned,2.7000416666666665,0.66,0.6666666666666666
[],ca016473bbb90b9204d51ba3b77d908458bc76191a65548ba247d3ad2be515c3,6.013121604919434,0.136986301369863,0.0,7.35,0.9996412396430969,3.1323323249816895,1,2.9193615913391113,0.0136986301369863,0.045454545454545456,0.0,ab089df50f15fd9b,3.4700443744659424,4.464603900909424,3.7878005504608154,4.133738040924072,3.1323323249816895,3.6084272861480713,3.7933640480041504,ukr_dialects,mfa_aligned,7.35,0.0,0.22727272727272727
[],6b28b9d94ce4d25a4a3e0069625b3854f26d715b35e16565a09728eb3e1e4995,7.359950542449951,0.23728813559322035,0.0,5.568,0.9994748830795288,2.2482733726501465,1,2.277695655822754,0.15254237288135594,0.46153846153846156,0.0,258401e9b5844ceb,3.920353889465332,4.3193559646606445,2.368809461593628,4.01352071762085,2.244889259338379,4.246426582336426,2.8925843238830566,ukr_dialects,mfa_aligned,5.568,0.0,0.6923076923076923
[],a9248900957e77960eb77ad1f629a1afdc09d131b153bfbd2664858d3c67b7f1,6.690914630889893,0.0,0.0,4.35,0.9926241040229797,2.4488985538482666,5,2.484238862991333,0.0,0.0,0.69,c1b3bd09e07db289,3.3605315685272217,4.123101234436035,3.0632741451263428,2.610222101211548,1.8874390125274658,3.0863587856292725,2.4543371200561523,ukr_dialects,mfa_aligned,4.35,0.0,0.0
[],d56206cff0265d6a1c1e2d50786cf572b91cb9e1e74f8676de7a5a5aea4ffa44,5.246351718902588,0.10909090909090909,0.0,4.99,0.9817867875099182,2.27738356590271,6,2.462099313735962,0.07272727272727272,0.09090909090909091,0.81,316f532261a9d135,3.595975399017334,4.387689590454102,3.3223068714141846,2.940089225769043,2.7693278789520264,2.72886061668396,3.4035391807556152,ukr_dialects,mfa_aligned,5.66,0.67,0.18181818181818182
[],f0e8a7185a0bd516a553979cd3aad9894e22f43de4640a022a26028968464c45,6.077856063842773,0.0,0.0,2.07,0.950473964214325,2.5314857959747314,1,2.3365743160247803,0.058823529411764705,0.14285714285714285,0.67,3eaea0949e59c63c,3.349593162536621,4.078177452087402,3.0087034702301025,2.4616987705230713,2.4510226249694824,2.711764097213745,3.5428106784820557,ukr_dialects,mfa_aligned,2.07,0.0,0.0
[],98890e1dfc96625621c1d8bc56f2f4a64cf975446f870b770d05ed73021467df,5.5633745193481445,0.9,0.0,2.96,0.9763113260269165,2.3652405738830566,0,2.6719791889190674,0.15,0.3333333333333333,0.48,e825ef3a856b4735,2.695362091064453,4.0402445793151855,2.871654748916626,2.347442626953125,2.3666539192199707,3.025017261505127,2.8538973331451416,ukr_dialects,mfa_aligned,2.96,0.0,0.8888888888888888
[],72052c874376a61d574a65a32e24de012372a84c86159f4e54b7b13d45a09dba,7.550357818603516,0.0684931506849315,0.0,6.32,0.9993354082107544,3.009469985961914,0,3.064394474029541,0.0684931506849315,0.3076923076923077,0.144,c4bd25a3e37e2f75,3.6312255859375,4.242441177368164,2.5776774883270264,4.415226936340332,2.9749250411987305,4.527191162109375,3.401061534881592,ukr_dialects,mfa_aligned,6.32,0.0,0.3076923076923077
[],71f3d7e3fc0440e54ef7011a6e741f5aea95a7f1b37584acce9da4a299424743,3.7949092388153076,0.22580645161290322,0.0,2.16,0.9999876022338867,2.531644344329834,0,2.546581506729126,0.0,0.0,0.0,626a1b5a7d4f1be6,2.6346516609191895,4.658191680908203,3.7965049743652344,3.7252731323242188,2.531644344329834,2.5451698303222656,2.8247170448303223,ukr_dialects,mfa_aligned,2.16,0.0,0.5
[],f31e3bd61e308593f1fc349a69c5a02a0ae237e1c31df042cab204fd0574ad5d,5.410882472991943,0.0,0.0,2.021,0.9936530590057373,2.1223769187927246,1,2.2981951236724854,0.0,0.0,0.2,0778c18cc75cdb00,2.2744691371917725,4.009082794189453,3.2847204208374023,2.5598275661468506,1.8072047233581543,4.619738578796387,2.26318359375,ukr_dialects,mfa_aligned,2.221,0.2,0.0
[],a6bea1d7ca951c1b427541dde8e2369c219b4d51d621b4d47af351eee5ae241c,4.092555046081543,0.014705882352941176,0.0,6.26,0.9999769926071167,1.6803903579711914,0,1.837496042251587,0.014705882352941176,0.07142857142857142,0.0,9586770df2d8998d,1.9393558502197266,4.327878952026367,2.9802334308624268,1.7013952732086182,1.6803903579711914,3.0598835945129395,2.3534162044525146,ukr_dialects,mfa_aligned,6.26,0.0,0.07142857142857142
[],8d9a9d16521d59e8fd1ed974020c8371c6ff4eec12dd12e3db9a7afce5253bf3,7.603743553161621,0.0,0.0,15.890041666666667,0.998847246170044,3.8597424030303955,9,3.2476749420166016,0.0,0.0,0.9299583333333333,bc994a1816813eb6,4.184086799621582,4.52146053314209,4.669499397277832,4.135692119598389,3.6551806926727295,4.1263933181762695,4.059807777404785,ukr_dialects,mfa_aligned,16.490041666666666,0.6,0.0
[],78187168cc4b4d5f29924091fd54b3ef150fa1a81ca6434c3e2225085f7e3fc8,6.832209587097168,0.2,0.0,5.13,0.9879992008209229,2.59279203414917,1,2.1537327766418457,0.18333333333333332,0.2631578947368421,0.51,aabdb6483bfd2e33,3.9106199741363525,4.368894577026367,3.169956684112549,2.4420480728149414,2.3689568042755127,3.463420867919922,2.9673171043395996,ukr_dialects,mfa_aligned,5.64,0.51,0.3157894736842105
[],1edf6aafab0781dfc5734c3c478fc0cd0444029ffda73adfbdbe3931b39ccc39,6.87254524230957,0.04285714285714286,0.0,6.22,0.9871383905410767,2.601451873779297,6,2.415741205215454,0.02857142857142857,0.23076923076923078,0.84,9eb5785631635bcc,3.362267255783081,3.5693819522857666,3.4699156284332275,3.0154576301574707,2.6225616931915283,2.7025558948516846,3.0984890460968018,ukr_dialects,mfa_aligned,6.22,0.0,0.23076923076923078
[],5189c30f40415a05d25362fd16be5b65d867e04b2862a31eb48809acbea29b63,4.263241291046143,0.1111111111111111,0.0,5.52,0.9956346154212952,2.7497596740722656,0,2.7187740802764893,0.17777777777777778,0.4444444444444444,0.24,d1aaed43c3f470c7,2.916043519973755,4.433260440826416,3.0156524181365967,1.975062370300293,2.782069206237793,3.5436365604400635,3.296208381652832,ukr_dialects,mfa_aligned,5.52,0.0,0.2222222222222222
"[""large_boundary_removal""]",6e8167f818783a94a5d13a2f91e937599b3e11aa5b4480dd4c5da7dfccd758ee,4.863907337188721,0.0,0.0,2.931,0.999209463596344,2.935185432434082,0,2.825988292694092,0.14285714285714285,0.25,0.0,6fe0c19b1687d9fd,2.651103973388672,3.8565590381622314,3.118063449859619,3.617476463317871,2.935185432434082,4.025403022766113,3.3410747051239014,ukr_dialects,review_preserved_untrimmed,2.931,0.0,0.0
[],b220a5e5bbd1988ff252df8da34eb6aed381bb3ef474d54e502ff50592bd0b19,7.556609630584717,0.10344827586206896,0.0,5.82,0.9982547163963318,3.036961078643799,0,3.268812894821167,0.05172413793103448,0.23076923076923078,0.324,ebbb475ae0b3b99d,4.494302272796631,4.609325408935547,2.085495948791504,4.381995677947998,2.9864721298217773,4.67274284362793,3.827263116836548,ukr_dialects,mfa_aligned,5.82,0.0,0.38461538461538464
[],219004ce7937df92665ddf732b3fb9129183dc2925c0d7d619db7b4962c108ba,6.797172546386719,0.05263157894736842,0.0,2.67,0.9882978200912476,2.58333158493042,1,2.4063544273376465,0.0,0.0,0.21,0b4b8c379f2776ff,3.347799777984619,4.090634346008301,3.8278541564941406,3.587188959121704,2.4898593425750732,3.4069275856018066,2.8466684818267822,ukr_dialects,mfa_aligned,2.67,0.0,0.1
[],b28559542733116ad406cb27b217e000953415f80f5fe25f2b7fa79a659a174e,4.828029632568359,0.18333333333333332,0.0,9.84,0.9990025162696838,2.3291797637939453,0,2.1200249195098877,0.19166666666666668,0.6153846153846154,0.0,d493e655c444f5ff,2.344189167022705,3.278789520263672,3.1337060928344727,1.9636034965515137,2.3291797637939453,3.2841269969940186,3.009873628616333,ukr_dialects,mfa_aligned,9.84,0.0,0.3076923076923077
[],83ce8462333b2f78b4c9689794b116471911a319e8a481296fe68cef5d3ee9ca,4.628011703491211,0.1,0.0,4.46,0.9874103665351868,2.8182947635650635,0,2.8886051177978516,0.06666666666666667,0.2857142857142857,0.54,ad367fcec6fcb05a,2.5802667140960693,3.52178955078125,3.201098918914795,3.0136940479278564,2.7283570766448975,3.6400020122528076,3.092900276184082,ukr_dialects,mfa_aligned,4.46,0.0,0.2857142857142857
[],66caf7a6fed46efbcf50eef62a155775dc256f00cf04e0654f0d9db6df8cf564,7.281652450561523,0.06086956521739131,0.0,10.67,0.9979706406593323,2.7670092582702637,1,2.5414888858795166,0.08695652173913043,0.4230769230769231,0.658,ac39b8868249abce,4.150720596313477,4.024734020233154,2.525735855102539,4.106888294219971,2.7163848876953125,4.526157855987549,3.24528169631958,ukr_dialects,mfa_aligned,10.67,0.0,0.2692307692307692
[],27575392ef668a6ecebb38d1ed274375fbacad38831c2e4ced24c160fe310a19,6.319933891296387,0.19387755102040816,0.0,11.85,0.9990413784980774,2.9128782749176025,0,2.871095895767212,0.2755102040816326,0.44,0.071,bc7742c907d24d2f,3.71925950050354,4.784524917602539,3.7520053386688232,4.366118431091309,2.894028902053833,2.882040500640869,3.4054694175720215,ukr_dialects,mfa_aligned,11.85,0.0,0.4
[],0170e9616b56091fe3f5fd270ffe25f189f17d698a0ccc10b4284579a3270197,5.14540958404541,0.3333333333333333,0.0,6.71,0.9981995224952698,2.3841164112091064,0,2.466123580932617,0.20634920634920634,0.26666666666666666,0.0,4d7035ab3ea935bb,2.96293568611145,4.425165176391602,3.3467164039611816,2.76863431930542,2.3841164112091064,3.8696582317352295,2.857463836669922,ukr_dialects,mfa_aligned,6.71,0.0,0.5333333333333333
[],6c4a1e6d84625f492474926fde0a269833aee7ef341fa95d4ebde5e605ff62ce,5.187285900115967,0.4482758620689655,0.0,2.01,0.9663598537445068,1.4314470291137695,0,1.7773573398590088,0.3103448275862069,0.42857142857142855,0.45,1dae50f6c705d197,2.3619277477264404,4.779069423675537,2.582038164138794,2.351618528366089,1.473006248474121,2.146358013153076,2.0708439350128174,ukr_dialects,mfa_aligned,2.01,0.0,0.7142857142857143
[],54a44cdbcecae6b3a9a16390d6ae45e0b68acfa1ed8c9de271598f7fc30c9f2d,7.46843147277832,0.09174311926605505,0.0,10.26,0.9991368651390076,2.9459803104400635,2,3.274916410446167,0.14678899082568808,0.4166666666666667,0.172,549386c09d2fcf4a,4.439682483673096,4.329703330993652,2.61629319190979,4.152155876159668,3.041647434234619,4.400806427001953,3.750912666320801,ukr_dialects,mfa_aligned,10.26,0.0,0.2916666666666667
[],fd8a1518f7559c11c9a0b81f2a4f7b0d68ec40eeae652e6640b60485819366ca,6.07396125793457,0.0,0.0,1.54,0.9620732069015503,3.0236313343048096,0,3.0114383697509766,0.0,0.5,0.72,0d5acbee36e35f4b,3.1181800365448,3.6014251708984375,3.3511979579925537,3.3777503967285156,2.7730164527893066,4.121057033538818,3.0832700729370117,ukr_dialects,mfa_aligned,2.13,0.59,0.5
[],2e0130be06f5d3209e4647f579300f03844c80267c8c85b7e804c008061385e5,5.2036285400390625,0.475,0.0,5.0,0.9989532232284546,2.758862257003784,0,2.6814510822296143,0.1,0.15384615384615385,0.1,a6390ea60fa8955f,3.5171687602996826,3.6395092010498047,3.0481176376342773,3.2468643188476562,2.7654237747192383,2.979999303817749,3.1400599479675293,ukr_dialects,mfa_aligned,5.0,0.0,0.6153846153846154
[],f20e01317d750f5c33cf502e5780db8ed59bd024ec4f7dbd21fd8516ffb592be,6.423310279846191,0.2828282828282828,0.0,9.97,0.9950794577598572,3.272108554840088,0,3.319178342819214,0.3434343434343434,0.6818181818181818,0.93,1de226ddd11f1191,3.4559597969055176,4.38812780380249,3.718470573425293,4.090160369873047,3.3330636024475098,4.333047866821289,3.866795063018799,ukr_dialects,mfa_aligned,9.97,0.0,0.5909090909090909
[],ec6e603f849db66f53df4aec70caf7107b89cc371faf70ce616d8a17403b8f52,5.301844120025635,0.32857142857142857,0.0,6.69,0.9989414215087891,2.0631232261657715,0,2.2629990577697754,0.34285714285714286,0.3888888888888889,0.0,04413a02ee61f031,2.9878134727478027,3.3901925086975098,3.0063297748565674,2.0342209339141846,2.0631232261657715,3.006007671356201,2.7309436798095703,ukr_dialects,mfa_aligned,6.69,0.0,0.3888888888888889
[],ba557783293ccede7817efcd58ffbd615b8eece469c169a942996b320c66e464,7.312983512878418,0.06349206349206349,0.0,5.73,0.9978345036506653,3.1614389419555664,0,2.922647714614868,0.047619047619047616,0.1875,0.222,afb0639f8533a96a,4.1527509689331055,4.401317119598389,2.8385462760925293,3.9670252799987793,3.3624258041381836,4.702688217163086,3.8675835132598877,ukr_dialects,mfa_aligned,5.73,0.0,0.125
[],01344cb188508e89cf4643e71dc93e4f5e57c756745691e62081a579b167f62c,7.676120758056641,0.10112359550561797,0.0,9.28,0.9987092614173889,3.1757473945617676,2,2.9072601795196533,0.11235955056179775,0.24,0.576,7265b848bca4d28e,3.763653039932251,4.19866943359375,3.0234975814819336,4.298320770263672,3.13041090965271,4.400429725646973,3.5016698837280273,ukr_dialects,mfa_aligned,9.28,0.0,0.44
[],3891138d6526096b66883d590c6a274a7ba963f2789f1d30ca757ca10be4369b,7.451788425445557,0.0735930735930736,0.0,19.830041666666666,0.9994939565658569,3.243957281112671,0,2.858733892440796,0.09090909090909091,0.3050847457627119,0.009958333333333333,2890141f6247d55f,4.511005401611328,4.552946090698242,2.819765567779541,4.440991401672363,3.2225263118743896,4.976656913757324,3.549687623977661,ukr_dialects,mfa_aligned,19.830041666666666,0.0,0.3220338983050847
[],911fc84b78ba86f89561ce8208853c52d9d0f9a2b00b6c495c27bdafcf958245,6.024440765380859,0.043478260869565216,0.0,7.45,0.9992915987968445,3.17702054977417,0,2.884286403656006,0.028985507246376812,0.045454545454545456,0.0,a95bca27330ef230,3.5177700519561768,3.9631688594818115,3.9671106338500977,3.2582788467407227,3.17702054977417,3.298154354095459,3.686009645462036,ukr_dialects,mfa_aligned,7.45,0.0,0.09090909090909091
[],cc330419a1eb3fa7ef13d9cfbed604f4ee8a2d0a53e8303f63f2c7efb24c4483,6.849121570587158,0.43859649122807015,0.0,5.33,0.9641541242599487,2.7623820304870605,3,2.342381000518799,0.0,0.0,1.369,858792926bd04b40,3.6605379581451416,4.363772392272949,3.6480796337127686,2.8720862865448,2.6701931953430176,2.814552068710327,3.3082118034362793,ukr_dialects,mfa_aligned,5.33,0.0,0.3333333333333333
[],2c825b9ab190ae5d5e78adedf43a18b7366f94ed4dbdaab2d1f98265b21c34a0,7.063701629638672,0.14492753623188406,0.0,5.43,0.9982878565788269,2.891197443008423,0,2.966249942779541,0.14492753623188406,0.3125,0.15,34298b8fbc78f285,3.4593565464019775,4.377676486968994,3.8082778453826904,3.3881876468658447,2.8821072578430176,4.097272872924805,3.446861743927002,ukr_dialects,mfa_aligned,5.43,0.0,0.25
[],b7cfa1e7a1b19cfd82800b2527bb79b79f3448dd7ca5c078451d723471a93360,4.8168511390686035,0.5384615384615384,0.0,3.03,0.9976525902748108,2.7071526050567627,0,2.459867477416992,0.3333333333333333,0.6363636363636364,0.12,5a9e8cef3dac3395,3.2300069332122803,3.7355198860168457,3.277340888977051,2.5542807579040527,2.607109546661377,3.450988292694092,3.265620708465576,ukr_dialects,mfa_aligned,3.03,0.0,0.8181818181818182
[],150f023feaff7d20d1e1a2a8054ba41038cb86383518d8dbd9b4c4d1c0f2ba00,5.995162010192871,0.20588235294117646,0.0,10.99,0.9972875118255615,3.1653056144714355,0,3.339076280593872,0.08823529411764706,0.25,0.35,b9787bd603a6f2a2,2.9562361240386963,4.855320930480957,3.3275060653686523,4.390094757080078,3.1393723487854004,4.32819128036499,3.96305251121521,ukr_dialects,mfa_aligned,10.99,0.0,0.39285714285714285
