count,mean,median,metric,p05,p95,profile,source_id,stddev_population
800,3.5276985058188437,3.564349412918091,sigmos_coloration,2.68711861371994,4.311894941329956,original,all,0.5075823167662722
800,3.9600167936086654,4.002864360809326,sigmos_discontinuity,3.149201142787933,4.634529113769531,original,all,0.4538020342948555
800,3.531025376021862,3.5612382888793945,sigmos_loudness,2.6480835556983946,4.341577649116515,original,all,0.511882304691444
800,3.7653212866187094,3.938693642616272,sigmos_noise,2.2829752802848815,4.670220255851746,original,all,0.7246354641154956
800,2.9970223990082743,3.0142349004745483,sigmos_overall,2.099687170982361,3.8612506985664368,original,all,0.5582476808687888
800,4.148338088095188,4.273637771606445,sigmos_reverb,3.1061372637748716,4.833286786079406,original,all,0.5462914908475209
800,3.4568220248818395,3.4904706478118896,sigmos_speech,2.4807275772094726,4.368060755729675,original,all,0.5728655736413459
100,3.2482297348976137,3.319142460823059,sigmos_coloration,2.330826830863953,4.121970891952515,original,common_voice_available_uk,0.5703857786544058
100,4.038454358577728,4.009509563446045,sigmos_discontinuity,3.376376187801361,4.695081186294556,original,common_voice_available_uk,0.4109295111847421
100,3.7342727470397947,3.662661075592041,sigmos_loudness,2.9439390659332276,4.606583619117737,original,common_voice_available_uk,0.49511493868021617
100,3.8666829752922056,3.9663044214248657,sigmos_noise,2.8984164357185365,4.5326361656188965,original,common_voice_available_uk,0.5558274016940561
100,2.927236657142639,2.9691585302352905,sigmos_overall,2.200189006328583,3.691932094097137,original,common_voice_available_uk,0.45878553996163274
100,3.9442558550834654,3.959630608558655,sigmos_reverb,3.075807535648346,4.717949151992798,original,common_voice_available_uk,0.5463120899247805
100,3.3599067997932432,3.3613728284835815,sigmos_speech,2.5358811020851135,4.080715584754944,original,common_voice_available_uk,0.47420784149941314
100,3.638849768638611,3.61588454246521,sigmos_coloration,3.0651588916778563,4.2282659053802485,original,fleurs_uk,0.38421843086046703
100,3.719111077785492,3.7340328693389893,sigmos_discontinuity,3.0386958599090574,4.254493474960327,original,fleurs_uk,0.3725400475236944
100,3.6050301241874694,3.5934892892837524,sigmos_loudness,2.8452411532402038,4.494100451469421,original,fleurs_uk,0.5379687037779043
100,3.7820151591300966,3.8937448263168335,sigmos_noise,2.729883050918579,4.368990898132324,original,fleurs_uk,0.4986264876718547
100,3.016038382053375,3.035596013069153,sigmos_overall,2.351743245124817,3.6537712812423706,original,fleurs_uk,0.3976308935297739
100,4.231605689525605,4.378998517990112,sigmos_reverb,3.338436710834503,4.805100536346435,original,fleurs_uk,0.4909717750252467
100,3.4301925611495974,3.4200475215911865,sigmos_speech,2.7720189929008483,4.093879008293151,original,fleurs_uk,0.43098200876906045
100,3.6552325797080996,3.679430842399597,sigmos_coloration,3.1584641337394714,4.1518481254577635,original,opentts_lada,0.3350605657419795
100,4.100620748996735,4.068866729736328,sigmos_discontinuity,3.6775739192962646,4.59281358718872,original,opentts_lada,0.292952165742585
100,2.96054203748703,2.9714715480804443,sigmos_loudness,2.2630332350730895,3.5659963726997375,original,opentts_lada,0.4144130415830517
100,3.9731652688980104,3.9921677112579346,sigmos_noise,3.3436280131340026,4.450546884536743,original,opentts_lada,0.33518586642142156
100,2.976842348575592,2.998847484588623,sigmos_overall,2.5306632995605467,3.386997091770172,original,opentts_lada,0.2803259959663946
100,4.370726819038391,4.379897594451904,sigmos_reverb,3.8543094754219056,4.817310094833374,original,opentts_lada,0.3014271090162402
100,3.491037652492523,3.510963797569275,sigmos_speech,3.0009109735488892,3.995234751701355,original,opentts_lada,0.31472627575543094
100,3.8890147471427916,3.9275490045547485,sigmos_coloration,3.194681429862976,4.398529982566833,original,opentts_mykyta,0.38669106517600293
100,4.324137921333313,4.289810657501221,sigmos_discontinuity,3.8999051213264466,4.751649022102356,original,opentts_mykyta,0.24293725693505866
100,3.8899010014533997,3.887081265449524,sigmos_loudness,3.296255898475647,4.429287385940552,original,opentts_mykyta,0.34518410337520966
100,4.332830586433411,4.336764097213745,sigmos_noise,3.930809426307678,4.715639615058899,original,opentts_mykyta,0.25389158592493205
100,3.6377598214149476,3.6019283533096313,sigmos_overall,3.141632115840912,4.162718391418457,original,opentts_mykyta,0.31170449109916865
100,4.523167991638184,4.552743196487427,sigmos_reverb,3.9885733366012572,4.861537432670593,original,opentts_mykyta,0.26893555528151286
100,4.09399245262146,4.104534387588501,sigmos_speech,3.5818708300590516,4.548473596572876,original,opentts_mykyta,0.30846767850468904
100,3.9011575865745542,3.8612653017044067,sigmos_coloration,3.4461856365203856,4.380150508880615,original,opentts_tetiana,0.3018905572951128
100,4.191970932483673,4.200751781463623,sigmos_discontinuity,3.7684309244155885,4.63001697063446,original,opentts_tetiana,0.27104293108583577
100,3.788477084636688,3.803656578063965,sigmos_loudness,3.38246545791626,4.210784196853638,original,opentts_tetiana,0.30054116034877326
100,4.468383085727692,4.499156475067139,sigmos_noise,4.054687213897705,4.8078330755233765,original,opentts_tetiana,0.2478283583112477
100,3.540933005809784,3.51937472820282,sigmos_overall,3.127272915840149,4.013426780700684,original,opentts_tetiana,0.2664553683985823
100,4.6300548696517945,4.677284002304077,sigmos_reverb,4.18904185295105,4.891708898544311,original,opentts_tetiana,0.2226838871842467
100,4.021220965385437,4.0234456062316895,sigmos_speech,3.5356137990951537,4.481360697746277,original,opentts_tetiana,0.2797391999642023
100,3.429439706802368,3.4459599256515503,sigmos_coloration,2.7230939984321596,4.148026609420777,original,tg_voices_uk,0.4857111033181098
100,3.9891981983184817,3.9494189023971558,sigmos_discontinuity,3.3410834670066833,4.643011546134948,original,tg_voices_uk,0.3954946848236647
100,3.624249050617218,3.6365344524383545,sigmos_loudness,2.953414225578308,4.226886892318726,original,tg_voices_uk,0.40902215384550944
100,3.558762276172638,3.669959783554077,sigmos_noise,2.531028485298157,4.3981647968292235,original,tg_voices_uk,0.6217591629501706
100,2.8432733464241027,2.750451683998108,sigmos_overall,2.1188457012176514,3.6308714151382446,original,tg_voices_uk,0.516864021598195
100,4.014999659061432,4.052378177642822,sigmos_reverb,3.3195624113082887,4.6904816865921015,original,tg_voices_uk,0.4537614001235376
100,3.3410614633560183,3.315225601196289,sigmos_speech,2.5262901425361632,4.209563732147217,original,tg_voices_uk,0.5122405857683682
100,3.1294721817970275,3.145674228668213,sigmos_coloration,2.5775392293930053,3.671902632713318,original,ua_ser,0.3935594910665963
100,3.5167048001289367,3.5431727170944214,sigmos_discontinuity,2.527153432369232,4.292359638214111,original,ua_ser,0.5432719322652294
100,3.321327328681946,3.35220205783844,sigmos_loudness,2.662083899974823,3.9947834849357604,original,ua_ser,0.421124454221197
100,2.921991002559662,3.0128451585769653,sigmos_noise,1.7572957158088685,4.007952547073364,original,ua_ser,0.7307362930026194
100,2.368772919178009,2.341275215148926,sigmos_overall,1.5799580693244935,3.0078367590904236,original,ua_ser,0.4394676500688319
100,3.631688268184662,3.680168032646179,sigmos_reverb,2.7307983160018923,4.461352872848511,original,ua_ser,0.5270908795251371
100,2.8196221208572387,2.874626040458679,sigmos_speech,2.098844826221466,3.5068665742874146,original,ua_ser,0.4572999341506537
100,3.330191740989685,3.292376399040222,sigmos_coloration,2.56846227645874,4.242487525939941,original,ukr_dialects,0.5103190569545158
100,3.7999363112449647,3.8279948234558105,sigmos_discontinuity,3.1117149353027345,4.487009644508362,original,ukr_dialects,0.42027336923375946
100,3.3244036340713503,3.335338592529297,sigmos_loudness,2.5839080810546875,3.965437686443329,original,ukr_dialects,0.4160669041999827
100,3.218739938735962,3.2212469577789307,sigmos_noise,2.1121867656707765,4.3801830291748045,original,ukr_dialects,0.749447882248443
100,2.665322711467743,2.7145185470581055,sigmos_overall,2.0551337242126464,3.3220032334327696,original,ukr_dialects,0.42086255441878456
100,3.8402055525779724,3.822103261947632,sigmos_reverb,2.954267656803131,4.605040526390075,original,ukr_dialects,0.5488422929816265
100,3.0975421833992005,3.0317776203155518,sigmos_speech,2.4794878721237184,3.9086532831192016,original,ukr_dialects,0.4318536834285052
800,3.4436837154626847,3.471275806427002,sigmos_coloration,2.6308587551116944,4.1800429105758665,identity_wet1,all,0.4738784540752039
800,4.078574197888375,4.105672359466553,sigmos_discontinuity,3.2922005891799926,4.7505059242248535,identity_wet1,all,0.4485548765933229
800,3.543768127858639,3.601144552230835,sigmos_loudness,2.600996124744415,4.421949863433838,identity_wet1,all,0.5620355997476755
800,3.7308476221561433,3.8886280059814453,sigmos_noise,2.222290277481079,4.6299806356430055,identity_wet1,all,0.7286370641101663
800,2.8984644374251367,2.9054912328720093,sigmos_overall,1.9876734972000123,3.772104144096374,identity_wet1,all,0.5389687143398547
800,3.956793867945671,4.0345165729522705,sigmos_reverb,2.954814052581787,4.66296956539154,identity_wet1,all,0.5322572321747225
800,3.450655936598778,3.4667857885360718,sigmos_speech,2.4806394934654237,4.320469212532044,identity_wet1,all,0.5532955966837078
100,3.285568907260895,3.3348742723464966,sigmos_coloration,2.3435057997703552,4.152155447006225,identity_wet1,common_voice_available_uk,0.5741715038562213
100,4.078143041133881,4.078014373779297,sigmos_discontinuity,3.3383087158203124,4.733631372451782,identity_wet1,common_voice_available_uk,0.42913168852283845
100,3.6703980469703676,3.6781303882598877,sigmos_loudness,2.8560171008110045,4.386072325706482,identity_wet1,common_voice_available_uk,0.465485006442009
100,3.785685427188873,3.93850314617157,sigmos_noise,2.5292215228080748,4.480002546310424,identity_wet1,common_voice_available_uk,0.6048898041675943
100,2.7964272117614746,2.868551254272461,sigmos_overall,1.9918466567993165,3.5956936836242677,identity_wet1,common_voice_available_uk,0.45467331648671816
100,3.82744788646698,3.8974093198776245,sigmos_reverb,2.909697675704956,4.634828090667725,identity_wet1,common_voice_available_uk,0.5284761803049758
100,3.2535307216644287,3.262015223503113,sigmos_speech,2.4783774971961976,4.057749938964844,identity_wet1,common_voice_available_uk,0.4585558483166591
100,3.531819052696228,3.5845212936401367,sigmos_coloration,2.901980233192444,4.0010513901710505,identity_wet1,fleurs_uk,0.3442669622137439
100,3.669072825908661,3.6774407625198364,sigmos_discontinuity,3.0144923448562624,4.208029007911682,identity_wet1,fleurs_uk,0.32989832277580877
100,3.5596360254287718,3.5092285871505737,sigmos_loudness,2.9294497847557066,4.318653273582458,identity_wet1,fleurs_uk,0.4596422364952448
100,3.561025950908661,3.674416661262512,sigmos_noise,2.7327131271362304,4.128923058509827,identity_wet1,fleurs_uk,0.45572741546016843
100,2.7564961314201355,2.7517589330673218,sigmos_overall,2.1938074469566344,3.2695960044860835,identity_wet1,fleurs_uk,0.33788231076828473
100,4.012786989212036,4.091148138046265,sigmos_reverb,3.2134911179542542,4.653105783462524,identity_wet1,fleurs_uk,0.5199691548567292
100,3.205356788635254,3.2431873083114624,sigmos_speech,2.661444342136383,3.7303499341011044,identity_wet1,fleurs_uk,0.36391679986182796
100,3.361002655029297,3.3660032749176025,sigmos_coloration,2.8605847120285035,3.787360441684723,identity_wet1,opentts_lada,0.30066980365931073
100,4.135963726043701,4.127496242523193,sigmos_discontinuity,3.5711185216903685,4.738547348976135,identity_wet1,opentts_lada,0.3649749376089333
100,3.0109647369384764,3.058257818222046,sigmos_loudness,2.250420129299164,3.6160119771957397,identity_wet1,opentts_lada,0.39233126394653156
100,3.8625398015975954,3.9216017723083496,sigmos_noise,3.0317919492721557,4.564364624023438,identity_wet1,opentts_lada,0.4986647185187359
100,2.8084363985061644,2.7794647216796875,sigmos_overall,2.433834409713745,3.2509068965911867,identity_wet1,opentts_lada,0.272866666584672
100,4.14914219379425,4.14063572883606,sigmos_reverb,3.743250036239624,4.627042555809021,identity_wet1,opentts_lada,0.284612165164389
100,3.6230690908432006,3.6412919759750366,sigmos_speech,3.0711726903915406,4.091755747795105,identity_wet1,opentts_lada,0.29451921566511474
100,3.7619273042678834,3.7713396549224854,sigmos_coloration,3.035798716545105,4.414559602737427,identity_wet1,opentts_mykyta,0.43348662790704084
100,4.4168109345436095,4.440890312194824,sigmos_discontinuity,3.94982373714447,4.813399410247802,identity_wet1,opentts_mykyta,0.2763101164831906
100,3.98195837020874,4.014892816543579,sigmos_loudness,3.1847530603408813,4.608964896202087,identity_wet1,opentts_mykyta,0.4279151914509445
100,4.329261946678161,4.359545707702637,sigmos_noise,3.8009000420570374,4.720523405075073,identity_wet1,opentts_mykyta,0.28004599787813667
100,3.5475705218315126,3.52099072933197,sigmos_overall,3.063700520992279,4.0494963169097895,identity_wet1,opentts_mykyta,0.3384088892138651
100,4.188568177223206,4.202066421508789,sigmos_reverb,3.6235501646995543,4.6657764434814455,identity_wet1,opentts_mykyta,0.33607666989104845
100,4.048350648880005,4.1130595207214355,sigmos_speech,3.413539719581604,4.527997398376465,identity_wet1,opentts_mykyta,0.3508331617976163
100,3.5670275020599367,3.5857760906219482,sigmos_coloration,3.063559651374817,4.054682683944702,identity_wet1,opentts_tetiana,0.31890559819934977
100,4.176577007770538,4.193368911743164,sigmos_discontinuity,3.751220095157623,4.687373113632202,identity_wet1,opentts_tetiana,0.2980596413243021
100,3.888411753177643,3.8415026664733887,sigmos_loudness,3.371740627288818,4.454822421073914,identity_wet1,opentts_tetiana,0.3375341832114357
100,4.408198068141937,4.437124729156494,sigmos_noise,4.0134067177772526,4.750418710708618,identity_wet1,opentts_tetiana,0.23750384461355187
100,3.370926015377045,3.3399343490600586,sigmos_overall,2.907150936126709,3.969150948524475,identity_wet1,opentts_tetiana,0.309095789173284
100,4.3302420496940615,4.323163986206055,sigmos_reverb,3.777093029022217,4.749725103378296,identity_wet1,opentts_tetiana,0.30307596529689634
100,3.9155502676963807,3.886616826057434,sigmos_speech,3.477662813663483,4.509988379478455,identity_wet1,opentts_tetiana,0.3138174683429604
100,3.4618447113037107,3.500569224357605,sigmos_coloration,2.5880709886550903,4.335653162002563,identity_wet1,tg_voices_uk,0.5159753098656128
100,4.163310706615448,4.143003702163696,sigmos_discontinuity,3.5658982157707215,4.810150909423828,identity_wet1,tg_voices_uk,0.4125069331474397
100,3.739281597137451,3.781704545021057,sigmos_loudness,2.779142963886261,4.446769189834595,identity_wet1,tg_voices_uk,0.5013343658340438
100,3.6178586649894715,3.6857802867889404,sigmos_noise,2.4888922929763795,4.538628959655762,identity_wet1,tg_voices_uk,0.5757914982428802
100,2.839806580543518,2.7711732387542725,sigmos_overall,2.1505533933639525,3.6989797353744507,identity_wet1,tg_voices_uk,0.4970982932054468
100,3.849578907489777,3.8499841690063477,sigmos_reverb,3.0388081550598143,4.559356069564819,identity_wet1,tg_voices_uk,0.4820637207927202
100,3.426468970775604,3.3882886171340942,sigmos_speech,2.696557140350342,4.247944617271423,identity_wet1,tg_voices_uk,0.5131433050698567
100,3.1946018862724306,3.2057305574417114,sigmos_coloration,2.6156311631202698,3.744982433319092,identity_wet1,ua_ser,0.3900895258950378
100,3.87311429977417,3.8900973796844482,sigmos_discontinuity,2.922979700565338,4.66036593914032,identity_wet1,ua_ser,0.5511455827227754
100,3.315180232524872,3.3298157453536987,sigmos_loudness,2.4862695574760436,4.078791999816894,identity_wet1,ua_ser,0.5406309727466718
100,2.9831676077842713,3.0849649906158447,sigmos_noise,1.7250139236450195,4.225732040405274,identity_wet1,ua_ser,0.7620728784014723
100,2.4096560525894164,2.4989874362945557,sigmos_overall,1.5095797538757325,3.0765478014945984,identity_wet1,ua_ser,0.5001480887780625
100,3.589389486312866,3.6686201095581055,sigmos_reverb,2.5206528306007385,4.455727219581604,identity_wet1,ua_ser,0.5812735515386448
100,2.926709771156311,2.9788020849227905,sigmos_speech,2.0469682812690735,3.7574803590774537,identity_wet1,ua_ser,0.5203793444004388
100,3.385677704811096,3.4487892389297485,sigmos_coloration,2.3610408186912535,4.230664467811584,identity_wet1,ukr_dialects,0.5727532575456582
100,4.115601041316986,4.260822534561157,sigmos_discontinuity,3.2829201579093934,4.751070833206176,identity_wet1,ukr_dialects,0.44558855397442854
100,3.184314260482788,3.099629521369934,sigmos_loudness,2.35661963224411,3.9678611755371094,identity_wet1,ukr_dialects,0.5233554933082248
100,3.2990435099601747,3.3573192358016968,sigmos_noise,1.974489426612854,4.472381377220153,identity_wet1,ukr_dialects,0.8680932622565343
100,2.658396587371826,2.7049314975738525,sigmos_overall,1.7976303100585938,3.3654000282287595,identity_wet1,ukr_dialects,0.487849204615135
100,3.7071952533721926,3.7494235038757324,sigmos_reverb,2.711303687095642,4.6440420866012575,identity_wet1,ukr_dialects,0.6338999974835869
100,3.206211233139038,3.230259895324707,sigmos_speech,2.449945294857025,3.9883747577667235,identity_wet1,ukr_dialects,0.47642607971124046
800,3.4435718935728072,3.471275806427002,sigmos_coloration,2.6308587551116944,4.1800429105758665,normalized_original,all,0.47382663440359973
800,4.078568079173565,4.105672359466553,sigmos_discontinuity,3.2922005891799926,4.7505059242248535,normalized_original,all,0.4484939007480236
800,3.5440446320176124,3.601144552230835,sigmos_loudness,2.60401850938797,4.421949863433838,normalized_original,all,0.5616815694928786
800,3.7308896759152415,3.8886280059814453,sigmos_noise,2.222290277481079,4.6299806356430055,normalized_original,all,0.7286935570499915
800,2.8985496005415916,2.9054912328720093,sigmos_overall,1.9876734972000123,3.772104144096374,normalized_original,all,0.5389762578001182
800,3.9567931056022645,4.0345165729522705,sigmos_reverb,2.954814052581787,4.66296956539154,normalized_original,all,0.5322526074741408
800,3.4507495176792147,3.4667857885360718,sigmos_speech,2.4806394934654237,4.320469212532044,normalized_original,all,0.5532695228689218
100,3.285587577819824,3.3348742723464966,sigmos_coloration,2.3435057997703552,4.152155447006225,normalized_original,common_voice_available_uk,0.5741058631209934
100,4.0781840276718135,4.078014373779297,sigmos_discontinuity,3.3383087158203124,4.733631372451782,normalized_original,common_voice_available_uk,0.42906573626362987
100,3.670482792854309,3.6781303882598877,sigmos_loudness,2.8560171008110045,4.386072325706482,normalized_original,common_voice_available_uk,0.4653853990573394
100,3.7856994223594667,3.93850314617157,sigmos_noise,2.5292215228080748,4.480002546310424,normalized_original,common_voice_available_uk,0.6048990650504499
100,2.7964463901519774,2.868551254272461,sigmos_overall,1.9918466567993165,3.5956936836242677,normalized_original,common_voice_available_uk,0.45465127474244965
100,3.8274912142753603,3.8974093198776245,sigmos_reverb,2.909697675704956,4.634828090667725,normalized_original,common_voice_available_uk,0.5284335501770271
100,3.2534911918640135,3.262015223503113,sigmos_speech,2.4783774971961976,4.057749938964844,normalized_original,common_voice_available_uk,0.45858683947146694
100,3.531827538013458,3.5845212936401367,sigmos_coloration,2.901980233192444,4.0010513901710505,normalized_original,fleurs_uk,0.3442722725814884
100,3.669141721725464,3.6774407625198364,sigmos_discontinuity,3.0144923448562624,4.208029007911682,normalized_original,fleurs_uk,0.32988704034785093
100,3.5597681832313537,3.5092285871505737,sigmos_loudness,2.9294497847557066,4.318653273582458,normalized_original,fleurs_uk,0.45973074008591075
100,3.5610495257377623,3.674416661262512,sigmos_noise,2.7327131271362304,4.128923058509827,normalized_original,fleurs_uk,0.45574126652021235
100,2.7565328907966613,2.7517589330673218,sigmos_overall,2.1938074469566344,3.2695960044860835,normalized_original,fleurs_uk,0.33791014194429697
100,4.012947916984558,4.091148138046265,sigmos_reverb,3.2134911179542542,4.653105783462524,normalized_original,fleurs_uk,0.5200241581223479
100,3.2054875564575194,3.2431873083114624,sigmos_speech,2.661444342136383,3.7303499341011044,normalized_original,fleurs_uk,0.3640333763171495
100,3.360810000896454,3.3660032749176025,sigmos_coloration,2.8605847120285035,3.787304711341858,normalized_original,opentts_lada,0.3006129673967708
100,4.135884327888489,4.127496242523193,sigmos_discontinuity,3.5711185216903685,4.738547348976135,normalized_original,opentts_lada,0.36494956712813104
100,3.01108261346817,3.058257818222046,sigmos_loudness,2.2507949352264403,3.6160119771957397,normalized_original,opentts_lada,0.39202347048041886
100,3.8625192189216615,3.9216017723083496,sigmos_noise,3.0317919492721557,4.564364624023438,normalized_original,opentts_lada,0.49893365002632967
100,2.8085733103752135,2.7794647216796875,sigmos_overall,2.433834409713745,3.2509068965911867,normalized_original,opentts_lada,0.2727558601214733
100,4.149044787883758,4.14063572883606,sigmos_reverb,3.743250036239624,4.627042555809021,normalized_original,opentts_lada,0.284512631936995
100,3.6229966259002686,3.6412919759750366,sigmos_speech,3.0711726903915406,4.091755747795105,normalized_original,opentts_lada,0.2944643212930715
100,3.761911778450012,3.7713396549224854,sigmos_coloration,3.035798716545105,4.414559602737427,normalized_original,opentts_mykyta,0.4334766436366621
100,4.4168043398857115,4.440890312194824,sigmos_discontinuity,3.94982373714447,4.813399410247802,normalized_original,opentts_mykyta,0.2763147732701033
100,3.9819711470603942,4.014892816543579,sigmos_loudness,3.1847530603408813,4.608964896202087,normalized_original,opentts_mykyta,0.4278875121893412
100,4.329253654479981,4.359545707702637,sigmos_noise,3.8009000420570374,4.719735646247863,normalized_original,opentts_mykyta,0.28003447025419964
100,3.547578845024109,3.52099072933197,sigmos_overall,3.063700520992279,4.0494963169097895,normalized_original,opentts_mykyta,0.3383995976401985
100,4.188559222221374,4.202066421508789,sigmos_reverb,3.6235501646995543,4.6657764434814455,normalized_original,opentts_mykyta,0.3360669990984109
100,4.048352596759796,4.1130595207214355,sigmos_speech,3.413539719581604,4.527997398376465,normalized_original,opentts_mykyta,0.35083217776359216
100,3.5670275020599367,3.5857760906219482,sigmos_coloration,3.063559651374817,4.054682683944702,normalized_original,opentts_tetiana,0.31890559819934977
100,4.176577007770538,4.193368911743164,sigmos_discontinuity,3.751220095157623,4.687373113632202,normalized_original,opentts_tetiana,0.2980596413243021
100,3.888411753177643,3.8415026664733887,sigmos_loudness,3.371740627288818,4.454822421073914,normalized_original,opentts_tetiana,0.3375341832114357
100,4.408198068141937,4.437124729156494,sigmos_noise,4.0134067177772526,4.750418710708618,normalized_original,opentts_tetiana,0.23750384461355187
100,3.370926015377045,3.3399343490600586,sigmos_overall,2.907150936126709,3.969150948524475,normalized_original,opentts_tetiana,0.309095789173284
100,4.3302420496940615,4.323163986206055,sigmos_reverb,3.777093029022217,4.749725103378296,normalized_original,opentts_tetiana,0.30307596529689634
100,3.9155502676963807,3.886616826057434,sigmos_speech,3.477662813663483,4.509988379478455,normalized_original,opentts_tetiana,0.3138174683429604
100,3.4617449331283567,3.500569224357605,sigmos_coloration,2.5880709886550903,4.335653162002563,normalized_original,tg_voices_uk,0.5160970745385588
100,4.163302977085113,4.143003702163696,sigmos_discontinuity,3.5658982157707215,4.810150909423828,normalized_original,tg_voices_uk,0.41249937180173624
100,3.739225709438324,3.781704545021057,sigmos_loudness,2.779142963886261,4.446769189834595,normalized_original,tg_voices_uk,0.5015837503333477
100,3.6179018354415895,3.6857802867889404,sigmos_noise,2.4888922929763795,4.538628959655762,normalized_original,tg_voices_uk,0.5758515307149223
100,2.8397933292388915,2.7711732387542725,sigmos_overall,2.1505533933639525,3.6989797353744507,normalized_original,tg_voices_uk,0.49699729286867167
100,3.849470021724701,3.8499841690063477,sigmos_reverb,3.0388081550598143,4.559356069564819,normalized_original,tg_voices_uk,0.48236937580918404
100,3.4266331434249877,3.3882886171340942,sigmos_speech,2.696557140350342,4.247944617271423,normalized_original,tg_voices_uk,0.5129724896782368
100,3.1945919251441954,3.2057305574417114,sigmos_coloration,2.6156311631202698,3.744982433319092,normalized_original,ua_ser,0.3900964754011586
100,3.873092625141144,3.8900973796844482,sigmos_discontinuity,2.922979700565338,4.66036593914032,normalized_original,ua_ser,0.5511525606486073
100,3.315196604728699,3.3298157453536987,sigmos_loudness,2.4862695574760436,4.078791999816894,normalized_original,ua_ser,0.5406129860062356
100,2.983179051876068,3.0849649906158447,sigmos_noise,1.7250139236450195,4.225732040405274,normalized_original,ua_ser,0.7620579950939951
100,2.409665915966034,2.4989874362945557,sigmos_overall,1.5095797538757325,3.0765478014945984,normalized_original,ua_ser,0.5001335685524236
100,3.589391350746155,3.6686201095581055,sigmos_reverb,2.5206528306007385,4.455727219581604,normalized_original,ua_ser,0.5812720321270466
100,2.9267182207107543,2.9788020849227905,sigmos_speech,2.0469682812690735,3.7574803590774537,normalized_original,ua_ser,0.5203681174188718
100,3.385073893070221,3.4487892389297485,sigmos_coloration,2.3610408186912535,4.23597822189331,normalized_original,ukr_dialects,0.5723177481869349
100,4.1155576062202455,4.260822534561157,sigmos_discontinuity,3.2829201579093934,4.751070833206176,normalized_original,ukr_dialects,0.44525919317588314
100,3.186218252182007,3.099629521369934,sigmos_loudness,2.366913115978241,3.9678611755371094,normalized_original,ukr_dialects,0.5217738621932207
100,3.2993166303634642,3.3573192358016968,sigmos_noise,1.974489426612854,4.4702819824218745,normalized_original,ukr_dialects,0.8684451191786654
100,2.6588801074028017,2.7067829370498657,sigmos_overall,1.7976303100585938,3.3654000282287595,normalized_original,ukr_dialects,0.4883779813974671
100,3.707198281288147,3.7494235038757324,sigmos_reverb,2.711303687095642,4.639972376823425,normalized_original,ukr_dialects,0.6336892762598436
100,3.2067665386199953,3.2280057668685913,sigmos_speech,2.449945294857025,3.9931554436683654,normalized_original,ukr_dialects,0.4766727464803198
800,3.4667673376202583,3.464773416519165,sigmos_coloration,2.7075656175613405,4.188931035995483,deepfilternet3_wet0.5,all,0.46250715170483564
800,4.098401519954205,4.122776031494141,sigmos_discontinuity,3.3576500058174132,4.749254441261291,deepfilternet3_wet0.5,all,0.424523321468372
800,3.5819907182455064,3.6273871660232544,sigmos_loudness,2.6295191764831545,4.423982715606689,deepfilternet3_wet0.5,all,0.5491048224403694
800,3.8499197936058045,3.9714936017990112,sigmos_noise,2.4789932131767274,4.647945141792297,deepfilternet3_wet0.5,all,0.6348275981339604
800,2.9562542980909345,2.9539794921875,sigmos_overall,2.148558735847473,3.787754487991333,deepfilternet3_wet0.5,all,0.500077223228463
800,3.98676143348217,4.030204772949219,sigmos_reverb,3.0420007944107055,4.664110279083252,deepfilternet3_wet0.5,all,0.5060246853894292
800,3.4989941519498826,3.5117387771606445,sigmos_speech,2.6247119665145875,4.279851055145263,deepfilternet3_wet0.5,all,0.5126461323764275
100,3.294124698638916,3.3333293199539185,sigmos_coloration,2.348758041858673,4.102593660354614,deepfilternet3_wet0.5,common_voice_available_uk,0.5426594424802292
100,4.114081149101257,4.102086305618286,sigmos_discontinuity,3.442813813686371,4.727768397331237,deepfilternet3_wet0.5,common_voice_available_uk,0.41415398879081206
100,3.69833372592926,3.703178644180298,sigmos_loudness,2.975468397140503,4.350837326049804,deepfilternet3_wet0.5,common_voice_available_uk,0.4118388430146694
100,3.911003596782684,4.016162633895874,sigmos_noise,2.913390028476715,4.5147124290466305,deepfilternet3_wet0.5,common_voice_available_uk,0.47635585296013944
100,2.8817076683044434,2.9101486206054688,sigmos_overall,2.2105554223060606,3.5848327755928038,deepfilternet3_wet0.5,common_voice_available_uk,0.4017159031946748
100,3.8499378681182863,3.8726218938827515,sigmos_reverb,3.191664230823517,4.565883779525757,deepfilternet3_wet0.5,common_voice_available_uk,0.47923248858697354
100,3.3325918889045716,3.3342084884643555,sigmos_speech,2.6828853130340575,4.050907039642334,deepfilternet3_wet0.5,common_voice_available_uk,0.4182972346708791
100,3.5609288597106934,3.5716378688812256,sigmos_coloration,2.975253689289093,4.08703122138977,deepfilternet3_wet0.5,fleurs_uk,0.3497976585201354
100,3.730662236213684,3.7024582624435425,sigmos_discontinuity,3.1832632303237913,4.2604338169097895,deepfilternet3_wet0.5,fleurs_uk,0.3260488626371437
100,3.599639108181,3.5303632020950317,sigmos_loudness,2.973836672306061,4.404307317733765,deepfilternet3_wet0.5,fleurs_uk,0.4517321169901692
100,3.698861017227173,3.728362798690796,sigmos_noise,2.975447249412537,4.215542149543762,deepfilternet3_wet0.5,fleurs_uk,0.3771455400348601
100,2.844649271965027,2.8672996759414673,sigmos_overall,2.2973729372024536,3.3111034750938413,deepfilternet3_wet0.5,fleurs_uk,0.3177343471315903
100,4.033359651565552,4.096753835678101,sigmos_reverb,3.3025647044181823,4.65670063495636,deepfilternet3_wet0.5,fleurs_uk,0.4563945434034572
100,3.2932375931739806,3.349329948425293,sigmos_speech,2.7371989846229554,3.82830296754837,deepfilternet3_wet0.5,fleurs_uk,0.346499238787623
100,3.371434988975525,3.3803470134735107,sigmos_coloration,2.9123958230018614,3.8230186462402345,deepfilternet3_wet0.5,opentts_lada,0.29477626340725277
100,4.140130538940429,4.144465446472168,sigmos_discontinuity,3.5471698522567747,4.7344053268432615,deepfilternet3_wet0.5,opentts_lada,0.37084378322319284
100,3.0221047163009644,3.0658631324768066,sigmos_loudness,2.2434391617774962,3.565381801128387,deepfilternet3_wet0.5,opentts_lada,0.39736990717630044
100,3.9099381399154662,3.9478847980499268,sigmos_noise,3.154913067817688,4.5565276622772215,deepfilternet3_wet0.5,opentts_lada,0.46839210272944737
100,2.8087298464775086,2.7859249114990234,sigmos_overall,2.3704676747322084,3.2487472891807556,deepfilternet3_wet0.5,opentts_lada,0.26249126231883835
100,4.169249517917633,4.135192632675171,sigmos_reverb,3.721264886856079,4.604285883903503,deepfilternet3_wet0.5,opentts_lada,0.28669412190874466
100,3.6287748074531554,3.6497362852096558,sigmos_speech,3.0384989023208617,4.037328624725341,deepfilternet3_wet0.5,opentts_lada,0.2881699879685209
100,3.7539835357666016,3.755928158760071,sigmos_coloration,3.0623122692108153,4.3875030994415285,deepfilternet3_wet0.5,opentts_mykyta,0.43134279800432496
100,4.419997863769531,4.436296463012695,sigmos_discontinuity,3.9324540495872498,4.797166442871093,deepfilternet3_wet0.5,opentts_mykyta,0.2665244676268384
100,3.98617479801178,4.008924722671509,sigmos_loudness,3.2950142860412597,4.598138523101807,deepfilternet3_wet0.5,opentts_mykyta,0.416005282487978
100,4.354586243629456,4.364300727844238,sigmos_noise,3.8587071895599365,4.735603499412536,deepfilternet3_wet0.5,opentts_mykyta,0.2637929592994387
100,3.552345199584961,3.5328441858291626,sigmos_overall,3.0497018575668333,4.012506294250488,deepfilternet3_wet0.5,opentts_mykyta,0.3188072348730625
100,4.1984495401382445,4.20669150352478,sigmos_reverb,3.6060792565345765,4.696838760375976,deepfilternet3_wet0.5,opentts_mykyta,0.33360735156994437
100,4.031777489185333,4.083625316619873,sigmos_speech,3.4259716868400574,4.493717789649963,deepfilternet3_wet0.5,opentts_mykyta,0.3345638471092119
100,3.558506579399109,3.5542057752609253,sigmos_coloration,3.063899552822113,4.052606415748596,deepfilternet3_wet0.5,opentts_tetiana,0.3123307251515806
100,4.16381252527237,4.154722690582275,sigmos_discontinuity,3.678981029987335,4.67264187335968,deepfilternet3_wet0.5,opentts_tetiana,0.29581019340547904
100,3.8766151905059814,3.8403773307800293,sigmos_loudness,3.3781577348709106,4.4696531057357785,deepfilternet3_wet0.5,opentts_tetiana,0.34704649685634875
100,4.4321524524688725,4.448657989501953,sigmos_noise,4.03845089673996,4.763157677650452,deepfilternet3_wet0.5,opentts_tetiana,0.22679748188435397
100,3.369234790802002,3.303227663040161,sigmos_overall,2.9180614233016966,3.9571831107139586,deepfilternet3_wet0.5,opentts_tetiana,0.30798390713369056
100,4.342352089881897,4.388577461242676,sigmos_reverb,3.7268205285072327,4.775114274024963,deepfilternet3_wet0.5,opentts_tetiana,0.2983862024581929
100,3.8933673429489137,3.8799145221710205,sigmos_speech,3.4457490921020506,4.468413829803467,deepfilternet3_wet0.5,opentts_tetiana,0.31622051362743897
100,3.4804808402061465,3.4744064807891846,sigmos_coloration,2.595253920555115,4.301966524124145,deepfilternet3_wet0.5,tg_voices_uk,0.5197104530597134
100,4.165164699554444,4.16163444519043,sigmos_discontinuity,3.61081839799881,4.814616966247558,deepfilternet3_wet0.5,tg_voices_uk,0.38797326619808586
100,3.813698716163635,3.831539034843445,sigmos_loudness,2.9205694437026977,4.460645413398742,deepfilternet3_wet0.5,tg_voices_uk,0.4672115102176928
100,3.8069203877449036,3.8540865182876587,sigmos_noise,2.8848439335823057,4.549009537696838,deepfilternet3_wet0.5,tg_voices_uk,0.5009023731388634
100,2.9166113996505736,2.8907265663146973,sigmos_overall,2.256139039993286,3.714694082736969,deepfilternet3_wet0.5,tg_voices_uk,0.4738422006871109
100,3.885372107028961,3.8857388496398926,sigmos_reverb,3.1687541961669923,4.637394523620605,deepfilternet3_wet0.5,tg_voices_uk,0.4791790418804053
100,3.492669413089752,3.4741584062576294,sigmos_speech,2.8287049412727354,4.312435293197631,deepfilternet3_wet0.5,tg_voices_uk,0.4789481008975024
100,3.2694327235221863,3.269111156463623,sigmos_coloration,2.6964632511138915,3.83036345243454,deepfilternet3_wet0.5,ua_ser,0.3963554838853612
100,3.915939733982086,3.9202977418899536,sigmos_discontinuity,3.056449282169342,4.637210536003113,deepfilternet3_wet0.5,ua_ser,0.5124952391939332
100,3.3999193787574766,3.39881694316864,sigmos_loudness,2.5243706822395326,4.16349458694458,deepfilternet3_wet0.5,ua_ser,0.5447763866924903
100,3.1807667016983032,3.287294864654541,sigmos_noise,1.9755030870437622,4.2470811843872065,deepfilternet3_wet0.5,ua_ser,0.7135240300376529
100,2.5138435530662537,2.5838916301727295,sigmos_overall,1.6778090834617614,3.2045663475990294,deepfilternet3_wet0.5,ua_ser,0.4768232644713225
100,3.641445562839508,3.7293113470077515,sigmos_reverb,2.441820228099823,4.514378213882446,deepfilternet3_wet0.5,ua_ser,0.573802321780876
100,3.0200952744483947,3.089660882949829,sigmos_speech,2.1750818729400634,3.7239877343177796,deepfilternet3_wet0.5,ua_ser,0.4982726521726453
100,3.4452464747428895,3.539387583732605,sigmos_coloration,2.5689810633659365,4.270574903488159,deepfilternet3_wet0.5,ukr_dialects,0.564364216565781
100,4.137423412799835,4.230650186538696,sigmos_discontinuity,3.4079189538955688,4.731738018989563,deepfilternet3_wet0.5,ukr_dialects,0.4129114104961424
100,3.2594401121139525,3.268978714942932,sigmos_loudness,2.4005717158317568,4.123488926887512,deepfilternet3_wet0.5,ukr_dialects,0.5510154130240147
100,3.5051298093795777,3.5399601459503174,sigmos_noise,2.1759127020835876,4.491246438026428,deepfilternet3_wet0.5,ukr_dialects,0.7497533192277346
100,2.762912654876709,2.7779862880706787,sigmos_overall,1.8941721796989441,3.4915058255195617,deepfilternet3_wet0.5,ukr_dialects,0.4697584253138049
100,3.773925130367279,3.7721859216690063,sigmos_reverb,2.8569854736328124,4.64948468208313,deepfilternet3_wet0.5,ukr_dialects,0.6073483687973634
100,3.2994394063949586,3.3062856197357178,sigmos_speech,2.5065320253372194,4.0763102054595945,deepfilternet3_wet0.5,ukr_dialects,0.48919718928689876
800,3.512489648759365,3.5382273197174072,sigmos_coloration,2.676743972301483,4.218143582344054,deepfilternet3_wet1,all,0.45884333300998975
800,4.126216412484646,4.146808862686157,sigmos_discontinuity,3.49693341255188,4.734574913978577,deepfilternet3_wet1,all,0.3893308375340128
800,3.606869483888149,3.6497459411621094,sigmos_loudness,2.5664106726646425,4.4289604187011715,deepfilternet3_wet1,all,0.5487592761965029
800,4.1102463817596435,4.1741931438446045,sigmos_noise,3.436512899398804,4.65260922908783,deepfilternet3_wet1,all,0.39693403930870585
800,3.0833594369888306,3.074773073196411,sigmos_overall,2.3222425818443297,3.839767801761627,deepfilternet3_wet1,all,0.4482388016210818
800,4.0348401221632955,4.059931516647339,sigmos_reverb,3.238495421409607,4.683351230621338,deepfilternet3_wet1,all,0.4531991579986707
800,3.589232769012451,3.618171811103821,sigmos_speech,2.837848401069641,4.28555474281311,deepfilternet3_wet1,all,0.4509976018556207
100,3.3270167899131775,3.390194892883301,sigmos_coloration,2.3753562331199647,4.123116827011108,deepfilternet3_wet1,common_voice_available_uk,0.5458453520704083
100,4.127953493595124,4.102094888687134,sigmos_discontinuity,3.3693906903266906,4.743992471694947,deepfilternet3_wet1,common_voice_available_uk,0.41421365145334166
100,3.693655536174774,3.665659546852112,sigmos_loudness,3.089910399913788,4.2471739768981935,deepfilternet3_wet1,common_voice_available_uk,0.37197298002674956
100,4.167519094944001,4.214684724807739,sigmos_noise,3.6369649887084963,4.599715375900269,deepfilternet3_wet1,common_voice_available_uk,0.30228444896662715
100,2.984633033275604,2.997531294822693,sigmos_overall,2.410670590400696,3.5897745490074153,deepfilternet3_wet1,common_voice_available_uk,0.3708814799319649
100,3.84437379360199,3.823594093322754,sigmos_reverb,3.0824820041656493,4.633705019950867,deepfilternet3_wet1,common_voice_available_uk,0.48462547631013225
100,3.380267674922943,3.331831932067871,sigmos_speech,2.7813250541687013,3.993020939826965,deepfilternet3_wet1,common_voice_available_uk,0.3943378812568898
100,3.608986532688141,3.6799780130386353,sigmos_coloration,2.770199942588806,4.355240702629089,deepfilternet3_wet1,fleurs_uk,0.45007672235779256
100,3.8209660410881043,3.8136056661605835,sigmos_discontinuity,3.3044936776161196,4.40175850391388,deepfilternet3_wet1,fleurs_uk,0.2975591148207005
100,3.459324822425842,3.4796764850616455,sigmos_loudness,2.270651650428772,4.34691596031189,deepfilternet3_wet1,fleurs_uk,0.6364978141665725
100,3.934224886894226,3.9683518409729004,sigmos_noise,3.480598783493042,4.434962582588196,deepfilternet3_wet1,fleurs_uk,0.3138445972802686
100,2.9383521699905395,2.9913817644119263,sigmos_overall,2.1723160266876222,3.540806472301483,deepfilternet3_wet1,fleurs_uk,0.4498103097072703
100,4.015083782672882,4.064426898956299,sigmos_reverb,3.303065633773804,4.633456015586853,deepfilternet3_wet1,fleurs_uk,0.42668586067694597
100,3.420513775348663,3.4871708154678345,sigmos_speech,2.8562216639518736,3.9672547221183776,deepfilternet3_wet1,fleurs_uk,0.3940374036189806
100,3.347387766838074,3.328385829925537,sigmos_coloration,2.900185215473175,3.855909597873688,deepfilternet3_wet1,opentts_lada,0.294022962433021
100,4.146128475666046,4.157341480255127,sigmos_discontinuity,3.4464417099952698,4.701443099975586,deepfilternet3_wet1,opentts_lada,0.37726988547727536
100,3.0987191581726075,3.1690213680267334,sigmos_loudness,2.366096866130829,3.6968342065811157,deepfilternet3_wet1,opentts_lada,0.41144830535334154
100,3.9481622982025146,3.9830516576766968,sigmos_noise,3.252987778186798,4.5019190311431885,deepfilternet3_wet1,opentts_lada,0.39750608123807535
100,2.8305150628089906,2.8449184894561768,sigmos_overall,2.391693878173828,3.2263420939445493,deepfilternet3_wet1,opentts_lada,0.24797442882446985
100,4.177080118656159,4.155025959014893,sigmos_reverb,3.7352009177207948,4.627422332763672,deepfilternet3_wet1,opentts_lada,0.2777367271444935
100,3.6297863698005677,3.6573410034179688,sigmos_speech,3.141698253154755,4.1092321395874025,deepfilternet3_wet1,opentts_lada,0.28375558471832335
100,3.7480107140541077,3.7529152631759644,sigmos_coloration,3.0948216915130615,4.374643874168396,deepfilternet3_wet1,opentts_mykyta,0.3900075271886372
100,4.36243305683136,4.390265703201294,sigmos_discontinuity,3.907677924633026,4.760233068466187,deepfilternet3_wet1,opentts_mykyta,0.28211512223660873
100,3.982187280654907,3.98866069316864,sigmos_loudness,3.4014279365539553,4.54611554145813,deepfilternet3_wet1,opentts_mykyta,0.38609608624026515
100,4.364637780189514,4.373420715332031,sigmos_noise,3.9084240078926085,4.73402054309845,deepfilternet3_wet1,opentts_mykyta,0.24580477714729226
100,3.563217399120331,3.5477112531661987,sigmos_overall,3.1169573187828066,3.971088171005249,deepfilternet3_wet1,opentts_mykyta,0.2908014685473441
100,4.203996975421905,4.228333473205566,sigmos_reverb,3.6695166707038878,4.73136887550354,deepfilternet3_wet1,opentts_mykyta,0.3348809452845109
100,4.01184406042099,4.09453821182251,sigmos_speech,3.426529049873352,4.439594459533692,deepfilternet3_wet1,opentts_mykyta,0.31472803591505366
100,3.5876036405563356,3.5655548572540283,sigmos_coloration,3.097571539878845,4.123883771896362,deepfilternet3_wet1,opentts_tetiana,0.31286362810315943
100,4.1609823346138,4.167515516281128,sigmos_discontinuity,3.673229146003723,4.586732053756714,deepfilternet3_wet1,opentts_tetiana,0.27787850484384485
100,3.8470233511924743,3.814384937286377,sigmos_loudness,3.2981770515441893,4.443630075454712,deepfilternet3_wet1,opentts_tetiana,0.34908668492307937
100,4.436327412128448,4.462860822677612,sigmos_noise,3.987907016277313,4.7283852100372314,deepfilternet3_wet1,opentts_tetiana,0.22315974507740402
100,3.3916531157493592,3.3504077196121216,sigmos_overall,2.896265411376953,3.8916512489318844,deepfilternet3_wet1,opentts_tetiana,0.3139043095677545
100,4.338721120357514,4.397266626358032,sigmos_reverb,3.768210804462433,4.738037729263306,deepfilternet3_wet1,opentts_tetiana,0.2974221983650126
100,3.881894335746765,3.875562310218811,sigmos_speech,3.354389417171478,4.448930048942566,deepfilternet3_wet1,opentts_tetiana,0.3277702771451356
100,3.5028396344184873,3.516932964324951,sigmos_coloration,2.633546459674835,4.380223178863525,deepfilternet3_wet1,tg_voices_uk,0.5236863383588566
100,4.161790616512299,4.1080322265625,sigmos_discontinuity,3.643395555019379,4.863129806518555,deepfilternet3_wet1,tg_voices_uk,0.3882410669691896
100,3.8754404854774473,3.8927526473999023,sigmos_loudness,3.13353009223938,4.54015052318573,deepfilternet3_wet1,tg_voices_uk,0.4363792922579424
100,4.1251057386398315,4.159789085388184,sigmos_noise,3.5488602042198183,4.641552662849426,deepfilternet3_wet1,tg_voices_uk,0.34346730397405156
100,3.079793350696564,3.0460479259490967,sigmos_overall,2.419231915473938,3.7727072358131406,deepfilternet3_wet1,tg_voices_uk,0.4502340106808249
100,3.920568382740021,3.8659160137176514,sigmos_reverb,3.107941818237305,4.6217059135437015,deepfilternet3_wet1,tg_voices_uk,0.4451326147809811
100,3.546562159061432,3.5801846981048584,sigmos_speech,2.8125565886497497,4.294318532943725,deepfilternet3_wet1,tg_voices_uk,0.45317270649951896
100,3.415784697532654,3.4504973888397217,sigmos_coloration,2.668723404407501,3.9089224219322203,deepfilternet3_wet1,ua_ser,0.38727721929514153
100,4.0136769890785216,4.061097621917725,sigmos_discontinuity,3.146475112438202,4.654765462875366,deepfilternet3_wet1,ua_ser,0.45842921202247605
100,3.5865292286872865,3.613108515739441,sigmos_loudness,2.8450359225273134,4.202039432525635,deepfilternet3_wet1,ua_ser,0.4354693333217122
100,3.807913076877594,3.8398752212524414,sigmos_noise,3.0868796706199646,4.434139680862427,deepfilternet3_wet1,ua_ser,0.4731681405751395
100,2.8569577860832216,2.9091579914093018,sigmos_overall,2.1798547387123106,3.4805110335350036,deepfilternet3_wet1,ua_ser,0.42362542312314067
100,3.803890209197998,3.795689582824707,sigmos_reverb,2.818912982940674,4.550504207611084,deepfilternet3_wet1,ua_ser,0.5087609655635796
100,3.287575733661652,3.376158833503723,sigmos_speech,2.4678893804550173,3.987775194644928,deepfilternet3_wet1,ua_ser,0.4764564045531347
100,3.562287414073944,3.6963613033294678,sigmos_coloration,2.654354453086853,4.305989050865173,deepfilternet3_wet1,ukr_dialects,0.528302798956889
100,4.215800292491913,4.239384174346924,sigmos_discontinuity,3.657176697254181,4.718683862686157,deepfilternet3_wet1,ukr_dialects,0.34633366165593416
100,3.312076008319855,3.4097119569778442,sigmos_loudness,2.260991609096527,4.276539754867554,deepfilternet3_wet1,ukr_dialects,0.6323101405509326
100,4.0980807662010195,4.149219036102295,sigmos_noise,3.500617742538452,4.670566248893738,deepfilternet3_wet1,ukr_dialects,0.37031942662408146
100,3.021753578186035,3.0027908086776733,sigmos_overall,2.37168265581131,3.6779460191726683,deepfilternet3_wet1,ukr_dialects,0.4069659180867835
100,3.975006594657898,3.9734299182891846,sigmos_reverb,3.20674843788147,4.723429703712464,deepfilternet3_wet1,ukr_dialects,0.4935948488318173
100,3.5554180431365965,3.4867072105407715,sigmos_speech,2.894816446304321,4.232166767120361,deepfilternet3_wet1,ukr_dialects,0.4062670806409534
800,3.5191547349095345,3.5323861837387085,sigmos_coloration,2.7403093576431274,4.2119872093200685,deepfilternet3_peakminus3_wet1,all,0.4528086469207825
800,4.127145112454891,4.14581823348999,sigmos_discontinuity,3.467553639411926,4.724369764328003,deepfilternet3_peakminus3_wet1,all,0.3943552840172423
800,3.620291057229042,3.6629658937454224,sigmos_loudness,2.6888560891151427,4.415288090705872,deepfilternet3_peakminus3_wet1,all,0.5336153911960596
800,4.118719051778316,4.177546262741089,sigmos_noise,3.43573534488678,4.665098619461059,deepfilternet3_peakminus3_wet1,all,0.3863316680434692
800,3.0937214675545692,3.069795250892639,sigmos_overall,2.3999922394752504,3.829081404209137,deepfilternet3_peakminus3_wet1,all,0.4337730705631794
800,4.050825143158436,4.0869691371917725,sigmos_reverb,3.2579392075538633,4.684797835350037,deepfilternet3_peakminus3_wet1,all,0.44007109442293085
800,3.591895318329334,3.605738043785095,sigmos_speech,2.8396411895751954,4.273590469360352,deepfilternet3_peakminus3_wet1,all,0.44441390011269916
100,3.3354763102531435,3.3841291666030884,sigmos_coloration,2.384804201126099,4.091976189613342,deepfilternet3_peakminus3_wet1,common_voice_available_uk,0.5456630300442948
100,4.1321067094802855,4.110426187515259,sigmos_discontinuity,3.357488179206848,4.756861591339112,deepfilternet3_peakminus3_wet1,common_voice_available_uk,0.4120007747040482
100,3.688022153377533,3.6571067571640015,sigmos_loudness,3.07306113243103,4.307601404190064,deepfilternet3_peakminus3_wet1,common_voice_available_uk,0.3805528912541061
100,4.171050083637238,4.212752103805542,sigmos_noise,3.6167696356773376,4.596045708656311,deepfilternet3_peakminus3_wet1,common_voice_available_uk,0.30602471432064265
100,2.983812301158905,3.005548357963562,sigmos_overall,2.417226803302765,3.5875663161277767,deepfilternet3_peakminus3_wet1,common_voice_available_uk,0.3608756637531607
100,3.8527645754814146,3.8435009717941284,sigmos_reverb,3.1146535754203795,4.634154582023621,deepfilternet3_peakminus3_wet1,common_voice_available_uk,0.48615712819921875
100,3.3749620652198793,3.377106189727783,sigmos_speech,2.7572628974914553,3.963214838504791,deepfilternet3_peakminus3_wet1,common_voice_available_uk,0.3741465916341138
100,3.642915441989899,3.6502057313919067,sigmos_coloration,3.052052044868469,4.273203420639038,deepfilternet3_peakminus3_wet1,fleurs_uk,0.38848401073320155
100,3.816530480384827,3.8106054067611694,sigmos_discontinuity,3.346270167827606,4.306063413619995,deepfilternet3_peakminus3_wet1,fleurs_uk,0.2946994370123615
100,3.567862627506256,3.5048348903656006,sigmos_loudness,2.8306729197502136,4.402350544929504,deepfilternet3_peakminus3_wet1,fleurs_uk,0.49396062215558745
100,3.9593156290054323,3.978107452392578,sigmos_noise,3.436770224571228,4.39265387058258,deepfilternet3_peakminus3_wet1,fleurs_uk,0.29176914729061537
100,3.0142260003089905,2.995317578315735,sigmos_overall,2.449255132675171,3.5886545419692992,deepfilternet3_peakminus3_wet1,fleurs_uk,0.34661761544692116
100,4.102917919158935,4.096280097961426,sigmos_reverb,3.5185350656509398,4.705682396888733,deepfilternet3_peakminus3_wet1,fleurs_uk,0.3432364838420643
100,3.4433263540267944,3.4473519325256348,sigmos_speech,2.8579012989997863,4.029123330116272,deepfilternet3_peakminus3_wet1,fleurs_uk,0.3529849160655265
100,3.351499297618866,3.330768585205078,sigmos_coloration,2.9049246311187744,3.8554779648780824,deepfilternet3_peakminus3_wet1,opentts_lada,0.2906042162990857
100,4.140474572181701,4.164677619934082,sigmos_discontinuity,3.465564858913422,4.661337995529174,deepfilternet3_peakminus3_wet1,opentts_lada,0.3739725370096521
100,3.0981933736801146,3.150877356529236,sigmos_loudness,2.3502136945724486,3.6648298501968384,deepfilternet3_peakminus3_wet1,opentts_lada,0.4093356348080373
100,3.945954442024231,3.9796302318573,sigmos_noise,3.2441206336021424,4.499060702323914,deepfilternet3_peakminus3_wet1,opentts_lada,0.39803740562177675
100,2.828938946723938,2.844363212585449,sigmos_overall,2.3881110310554505,3.2313642024993894,deepfilternet3_peakminus3_wet1,opentts_lada,0.24573690979795812
100,4.176089859008789,4.157373905181885,sigmos_reverb,3.7012216091156005,4.622520661354065,deepfilternet3_peakminus3_wet1,opentts_lada,0.27650317468052765
100,3.6254305839538574,3.650458812713623,sigmos_speech,3.1465479493141175,4.106147360801697,deepfilternet3_peakminus3_wet1,opentts_lada,0.2895872807705115
100,3.753476691246033,3.7696715593338013,sigmos_coloration,3.111086678504944,4.399733066558838,deepfilternet3_peakminus3_wet1,opentts_mykyta,0.4039885685645632
100,4.37420104265213,4.368305206298828,sigmos_discontinuity,3.9704452753067017,4.7711045980453495,deepfilternet3_peakminus3_wet1,opentts_mykyta,0.2774193661115538
100,3.974032092094421,3.992416739463806,sigmos_loudness,3.313438892364502,4.543259406089782,deepfilternet3_peakminus3_wet1,opentts_mykyta,0.39753774716377943
100,4.369380941390991,4.373592853546143,sigmos_noise,3.8920756816864013,4.7217319965362545,deepfilternet3_peakminus3_wet1,opentts_mykyta,0.25439248185837987
100,3.5498784399032592,3.5479527711868286,sigmos_overall,3.0782371282577516,4.027759599685669,deepfilternet3_peakminus3_wet1,opentts_mykyta,0.304392740555013
100,4.209217040538788,4.241081714630127,sigmos_reverb,3.7057891130447387,4.715452480316162,deepfilternet3_peakminus3_wet1,opentts_mykyta,0.3329038952269249
100,3.9987492966651916,4.05027437210083,sigmos_speech,3.407848584651947,4.403274273872375,deepfilternet3_peakminus3_wet1,opentts_mykyta,0.31326339352936317
100,3.5738699579238893,3.5540690422058105,sigmos_coloration,3.082400548458099,4.108101487159729,deepfilternet3_peakminus3_wet1,opentts_tetiana,0.3126854081468415
100,4.158971753120422,4.190430402755737,sigmos_discontinuity,3.7067051768302917,4.590503144264221,deepfilternet3_peakminus3_wet1,opentts_tetiana,0.27297584083832116
100,3.853476927280426,3.8220126628875732,sigmos_loudness,3.3097654938697816,4.432261800765991,deepfilternet3_peakminus3_wet1,opentts_tetiana,0.35103399200292684
100,4.436095004081726,4.4661946296691895,sigmos_noise,3.989365816116333,4.743277835845947,deepfilternet3_peakminus3_wet1,opentts_tetiana,0.2201242379310012
100,3.3758084988594055,3.3259267807006836,sigmos_overall,2.8836288452148438,3.889557063579559,deepfilternet3_peakminus3_wet1,opentts_tetiana,0.3043710912287392
100,4.342820026874542,4.403063774108887,sigmos_reverb,3.731356346607208,4.764213275909424,deepfilternet3_peakminus3_wet1,opentts_tetiana,0.29773662140409707
100,3.873964421749115,3.898014545440674,sigmos_speech,3.370773446559906,4.439113140106201,deepfilternet3_peakminus3_wet1,opentts_tetiana,0.3162880710841805
100,3.51588130235672,3.532326102256775,sigmos_coloration,2.6616409540176393,4.251257109642029,deepfilternet3_peakminus3_wet1,tg_voices_uk,0.5015687392247624
100,4.148458499908447,4.109626293182373,sigmos_discontinuity,3.5974737286567686,4.821171998977661,deepfilternet3_peakminus3_wet1,tg_voices_uk,0.4065958828414527
100,3.860582036972046,3.8997915983200073,sigmos_loudness,3.0809613347053526,4.514239931106567,deepfilternet3_peakminus3_wet1,tg_voices_uk,0.4821151399373887
100,4.14929015159607,4.135748386383057,sigmos_noise,3.5554964184761046,4.634725618362427,deepfilternet3_peakminus3_wet1,tg_voices_uk,0.34274067561740373
100,3.0917958426475525,3.0543957948684692,sigmos_overall,2.336835253238678,3.763917100429535,deepfilternet3_peakminus3_wet1,tg_voices_uk,0.47399716526403496
100,3.9222364234924316,3.8827919960021973,sigmos_reverb,3.1370131969451904,4.603299021720886,deepfilternet3_peakminus3_wet1,tg_voices_uk,0.41908819767187555
100,3.564362781047821,3.5504146814346313,sigmos_speech,2.8795950412750244,4.37782895565033,deepfilternet3_peakminus3_wet1,tg_voices_uk,0.46638614375275694
100,3.4196737098693846,3.490963339805603,sigmos_coloration,2.686470317840576,3.9694391012191774,deepfilternet3_peakminus3_wet1,ua_ser,0.39862000316858337
100,4.019740765094757,4.1047844886779785,sigmos_discontinuity,3.125841510295868,4.632176256179809,deepfilternet3_peakminus3_wet1,ua_ser,0.4879786866043843
100,3.603669595718384,3.613312244415283,sigmos_loudness,2.896366631984711,4.295178413391113,deepfilternet3_peakminus3_wet1,ua_ser,0.43379024892035567
100,3.8235925149917604,3.858673930168152,sigmos_noise,3.0448058009147645,4.4378684759140015,deepfilternet3_peakminus3_wet1,ua_ser,0.4327370229235938
100,2.8804489850997923,2.93573796749115,sigmos_overall,2.0573317885398863,3.4961102962493897,deepfilternet3_peakminus3_wet1,ua_ser,0.42484955227787224
100,3.8189274573326113,3.8237428665161133,sigmos_reverb,2.8358530402183533,4.553898406028748,deepfilternet3_peakminus3_wet1,ua_ser,0.49660942749090076
100,3.3054010033607484,3.39620578289032,sigmos_speech,2.4516717195510864,3.9566654562950134,deepfilternet3_peakminus3_wet1,ua_ser,0.48938839764576864
100,3.560445168018341,3.598614454269409,sigmos_coloration,2.5830653309822083,4.341563034057617,deepfilternet3_peakminus3_wet1,ukr_dialects,0.5376272917726581
100,4.226677076816559,4.234487056732178,sigmos_discontinuity,3.6184978127479552,4.706867241859436,deepfilternet3_peakminus3_wet1,ukr_dialects,0.3348585743929173
100,3.3164896512031556,3.4151705503463745,sigmos_loudness,2.2395294904708862,4.250484776496887,deepfilternet3_peakminus3_wet1,ukr_dialects,0.6402950785543428
100,4.095073647499085,4.136660099029541,sigmos_noise,3.442748498916626,4.588414692878723,deepfilternet3_peakminus3_wet1,ukr_dialects,0.35882107149024806
100,3.0248627257347107,2.994479537010193,sigmos_overall,2.386853837966919,3.7140837788581846,deepfilternet3_peakminus3_wet1,ukr_dialects,0.4214876183061472
100,3.9816278433799743,4.024407625198364,sigmos_reverb,3.2357500076293944,4.728964853286743,deepfilternet3_peakminus3_wet1,ukr_dialects,0.5038618862739754
100,3.5489660406112673,3.506391406059265,sigmos_speech,2.859609603881836,4.226739835739136,deepfilternet3_peakminus3_wet1,ukr_dialects,0.41995866696201595
800,3.484531029164791,3.485498785972595,sigmos_coloration,2.6999554514884947,4.218856334686279,deepfilternet3_peakminus3_wet0.75,all,0.45738991216440295
800,4.11445213407278,4.128648281097412,sigmos_discontinuity,3.433290708065033,4.727424812316895,deepfilternet3_peakminus3_wet0.75,all,0.40541577175703325
800,3.600077247917652,3.653754234313965,sigmos_loudness,2.654931879043579,4.431950330734253,deepfilternet3_peakminus3_wet0.75,all,0.5496622498326581
800,3.9392100539803505,4.030714750289917,sigmos_noise,2.8292328834533693,4.653832364082336,deepfilternet3_peakminus3_wet0.75,all,0.5579059650341214
800,3.0019944989681244,2.9959449768066406,sigmos_overall,2.2689206838607787,3.7912033438682555,deepfilternet3_peakminus3_wet0.75,all,0.4720948305207056
800,4.009800676107407,4.053694248199463,sigmos_reverb,3.1238189339637756,4.6734126329422,deepfilternet3_peakminus3_wet0.75,all,0.48969706672079805
800,3.5351944011449814,3.5595496892929077,sigmos_speech,2.720892119407654,4.261061096191406,deepfilternet3_peakminus3_wet0.75,all,0.4780022652912662
100,3.2971675157547,3.3259084224700928,sigmos_coloration,2.270690405368805,4.120132923126221,deepfilternet3_peakminus3_wet0.75,common_voice_available_uk,0.5460717594414229
100,4.128757605552673,4.11574125289917,sigmos_discontinuity,3.486315631866455,4.725085210800171,deepfilternet3_peakminus3_wet0.75,common_voice_available_uk,0.40809911137207205
100,3.7093424010276794,3.6808594465255737,sigmos_loudness,3.036670219898224,4.2993087530136105,deepfilternet3_peakminus3_wet0.75,common_voice_available_uk,0.3863261243122536
100,4.004796733856201,4.051938056945801,sigmos_noise,3.226382386684418,4.5197718143463135,deepfilternet3_peakminus3_wet0.75,common_voice_available_uk,0.38577803458678944
100,2.927933919429779,2.9486637115478516,sigmos_overall,2.3324295043945313,3.6559247970581055,deepfilternet3_peakminus3_wet0.75,common_voice_available_uk,0.38194311773161044
100,3.8351061081886293,3.8549283742904663,sigmos_reverb,3.146477556228638,4.582431125640869,deepfilternet3_peakminus3_wet0.75,common_voice_available_uk,0.4942275890949535
100,3.368928003311157,3.3592782020568848,sigmos_speech,2.7280287742614746,3.981670248508453,deepfilternet3_peakminus3_wet0.75,common_voice_available_uk,0.3937925553605977
100,3.577591452598572,3.5572129487991333,sigmos_coloration,2.9641346454620363,4.184014987945557,deepfilternet3_peakminus3_wet0.75,fleurs_uk,0.35675121308312324
100,3.7775689458847044,3.7412384748458862,sigmos_discontinuity,3.296009349822998,4.380446696281433,deepfilternet3_peakminus3_wet0.75,fleurs_uk,0.3185530678062771
100,3.585416302680969,3.4935076236724854,sigmos_loudness,2.8314828157424925,4.442709612846374,deepfilternet3_peakminus3_wet0.75,fleurs_uk,0.4897582044100202
100,3.7810132575035094,3.8132224082946777,sigmos_noise,3.175537586212158,4.237483382225037,deepfilternet3_peakminus3_wet0.75,fleurs_uk,0.3469546716929655
100,2.8996829056739806,2.8841243982315063,sigmos_overall,2.3812039375305174,3.3589500427246093,deepfilternet3_peakminus3_wet0.75,fleurs_uk,0.32370410676749506
100,4.0469834518432615,4.052343368530273,sigmos_reverb,3.331679630279541,4.639598178863525,deepfilternet3_peakminus3_wet0.75,fleurs_uk,0.39734226006301004
100,3.343619067668915,3.347466826438904,sigmos_speech,2.7204440355300905,3.8290664911270142,deepfilternet3_peakminus3_wet0.75,fleurs_uk,0.3465359873553841
100,3.366682231426239,3.36237370967865,sigmos_coloration,2.886446809768677,3.8242814660072324,deepfilternet3_peakminus3_wet0.75,opentts_lada,0.2954269367034874
100,4.1463998246192935,4.164515256881714,sigmos_discontinuity,3.5578047394752503,4.70946307182312,deepfilternet3_peakminus3_wet0.75,opentts_lada,0.37337388199996596
100,3.040364263057709,3.06132709980011,sigmos_loudness,2.24871426820755,3.574397563934326,deepfilternet3_peakminus3_wet0.75,opentts_lada,0.40756263634901846
100,3.933211328983307,3.943987250328064,sigmos_noise,3.209973728656769,4.561836528778076,deepfilternet3_peakminus3_wet0.75,opentts_lada,0.4433979860083615
100,2.8115238881111146,2.802164316177368,sigmos_overall,2.439250922203064,3.23117595911026,deepfilternet3_peakminus3_wet0.75,opentts_lada,0.2546499340235267
100,4.179137833118439,4.14788031578064,sigmos_reverb,3.7195919036865233,4.643318152427673,deepfilternet3_peakminus3_wet0.75,opentts_lada,0.28718449506762056
100,3.6284430050849914,3.6527950763702393,sigmos_speech,3.099231994152069,4.037133717536926,deepfilternet3_peakminus3_wet0.75,opentts_lada,0.28419467099983187
100,3.7497723507881164,3.781083822250366,sigmos_coloration,3.0162503600120543,4.372483563423157,deepfilternet3_peakminus3_wet0.75,opentts_mykyta,0.4226889996072609
100,4.403929522037506,4.3930933475494385,sigmos_discontinuity,3.8846771359443664,4.797910594940186,deepfilternet3_peakminus3_wet0.75,opentts_mykyta,0.27182055918033776
100,3.978898673057556,3.9968295097351074,sigmos_loudness,3.287528657913208,4.5961545467376705,deepfilternet3_peakminus3_wet0.75,opentts_mykyta,0.41043850752574496
100,4.359831426143646,4.374228477478027,sigmos_noise,3.910531425476074,4.728085255622863,deepfilternet3_peakminus3_wet0.75,opentts_mykyta,0.2605075633875246
100,3.5503424310684206,3.5756455659866333,sigmos_overall,3.043974506855011,4.039690160751343,deepfilternet3_peakminus3_wet0.75,opentts_mykyta,0.3176151846730907
100,4.204593300819397,4.194075345993042,sigmos_reverb,3.5955226540565492,4.751926970481873,deepfilternet3_peakminus3_wet0.75,opentts_mykyta,0.3334317544305459
100,4.020454189777374,4.085041522979736,sigmos_speech,3.4115116477012633,4.466660952568054,deepfilternet3_peakminus3_wet0.75,opentts_mykyta,0.32615725797844175
100,3.5602343821525575,3.530442953109741,sigmos_coloration,3.0961507320404054,4.041247844696045,deepfilternet3_peakminus3_wet0.75,opentts_tetiana,0.3128916591934859
100,4.161418151855469,4.138387680053711,sigmos_discontinuity,3.7217477798461913,4.673269271850586,deepfilternet3_peakminus3_wet0.75,opentts_tetiana,0.285503954971041
100,3.866769163608551,3.8255865573883057,sigmos_loudness,3.418616473674774,4.428891038894653,deepfilternet3_peakminus3_wet0.75,opentts_tetiana,0.3559621207573067
100,4.434315421581268,4.452630519866943,sigmos_noise,4.000023746490479,4.759115314483642,deepfilternet3_peakminus3_wet0.75,opentts_tetiana,0.22732856165566576
100,3.3658931159973147,3.314302682876587,sigmos_overall,2.8971680402755737,3.953857660293579,deepfilternet3_peakminus3_wet0.75,opentts_tetiana,0.30765726270881194
100,4.348240709304809,4.404655933380127,sigmos_reverb,3.690560352802277,4.768888545036316,deepfilternet3_peakminus3_wet0.75,opentts_tetiana,0.2988842769842245
100,3.8794342184066775,3.8761788606643677,sigmos_speech,3.416696882247925,4.435393810272217,deepfilternet3_peakminus3_wet0.75,opentts_tetiana,0.315258486812943
100,3.5146547770500183,3.539345383644104,sigmos_coloration,2.5927862167358398,4.220777463912963,deepfilternet3_peakminus3_wet0.75,tg_voices_uk,0.5162592635800339
100,4.157597045898438,4.117908000946045,sigmos_discontinuity,3.60023193359375,4.833196496963501,deepfilternet3_peakminus3_wet0.75,tg_voices_uk,0.38143725885396257
100,3.8645563745498657,3.893176794052124,sigmos_loudness,3.0041722297668456,4.528745841979981,deepfilternet3_peakminus3_wet0.75,tg_voices_uk,0.44590971278368186
100,3.9588268494606016,4.018835544586182,sigmos_noise,3.2712722301483153,4.546691131591797,deepfilternet3_peakminus3_wet0.75,tg_voices_uk,0.41255346131640164
100,2.9928208589553833,2.9788777828216553,sigmos_overall,2.3037105798721313,3.7344273567199706,deepfilternet3_peakminus3_wet0.75,tg_voices_uk,0.47186085930143346
100,3.921511695384979,3.9350556135177612,sigmos_reverb,3.22713680267334,4.644972038269043,deepfilternet3_peakminus3_wet0.75,tg_voices_uk,0.44435556216649885
100,3.5496680164337158,3.5831607580184937,sigmos_speech,2.851567018032074,4.203719186782837,deepfilternet3_peakminus3_wet0.75,tg_voices_uk,0.4638775050613979
100,3.3267563915252687,3.358497738838196,sigmos_coloration,2.581170177459717,3.870606982707977,deepfilternet3_peakminus3_wet0.75,ua_ser,0.3832562469772531
100,3.986252624988556,3.984022855758667,sigmos_discontinuity,3.240856981277466,4.632088923454285,deepfilternet3_peakminus3_wet0.75,ua_ser,0.47477970449046947
100,3.4771800899505614,3.520294427871704,sigmos_loudness,2.5888242959976195,4.222988033294678,deepfilternet3_peakminus3_wet0.75,ua_ser,0.533084711645096
100,3.3481615471839903,3.483825922012329,sigmos_noise,2.097931468486786,4.210519957542419,deepfilternet3_peakminus3_wet0.75,ua_ser,0.7023593490888131
100,2.6341261649131775,2.690719962120056,sigmos_overall,1.7584957003593444,3.250620114803314,deepfilternet3_peakminus3_wet0.75,ua_ser,0.45633460469975773
100,3.7084505462646487,3.7718112468719482,sigmos_reverb,2.597573292255402,4.532949352264405,deepfilternet3_peakminus3_wet0.75,ua_ser,0.5966033845605271
100,3.1285231757164,3.1922320127487183,sigmos_speech,2.32937433719635,3.760027897357941,deepfilternet3_peakminus3_wet0.75,ua_ser,0.4703993953930828
100,3.483389132022858,3.529841423034668,sigmos_coloration,2.564422345161438,4.33218936920166,deepfilternet3_peakminus3_wet0.75,ukr_dialects,0.5580197319698019
100,4.153693351745606,4.2451488971710205,sigmos_discontinuity,3.4458224177360535,4.683463001251221,deepfilternet3_peakminus3_wet0.75,ukr_dialects,0.40075240722853633
100,3.278090715408325,3.312236189842224,sigmos_loudness,2.323795664310455,4.238611078262329,deepfilternet3_peakminus3_wet0.75,ukr_dialects,0.5956810509084405
100,3.6935238671302795,3.7657432556152344,sigmos_noise,2.5477256178855896,4.5147441864013675,deepfilternet3_peakminus3_wet0.75,ukr_dialects,0.6162115637218392
100,2.833632707595825,2.8513524532318115,sigmos_overall,2.0376314759254455,3.5250452876091005,deepfilternet3_peakminus3_wet0.75,ukr_dialects,0.43812567540878034
100,3.834381763935089,3.800628900527954,sigmos_reverb,2.8747846841812135,4.669744682312012,deepfilternet3_peakminus3_wet0.75,ukr_dialects,0.5809240274246298
100,3.36248553276062,3.3701661825180054,sigmos_speech,2.515830338001251,4.048400354385376,deepfilternet3_peakminus3_wet0.75,ukr_dialects,0.4553022965710649
800,3.4630786967277527,3.4758256673812866,sigmos_coloration,2.684704637527466,4.183042573928833,clearervoice_wet0.5,all,0.46325586189711004
800,4.096135111153126,4.115644454956055,sigmos_discontinuity,3.3758407831192017,4.762069797515869,clearervoice_wet0.5,all,0.4324725566712483
800,3.5676532706618307,3.611135959625244,sigmos_loudness,2.6598621249198913,4.42507164478302,clearervoice_wet0.5,all,0.5470804745285811
800,3.81175872027874,3.9392647743225098,sigmos_noise,2.4771270394325255,4.628531217575073,clearervoice_wet0.5,all,0.6518720636206584
800,2.929792231321335,2.913817882537842,sigmos_overall,2.098163735866547,3.7657526731491084,clearervoice_wet0.5,all,0.5017445818804627
800,3.976034597158432,4.043215751647949,sigmos_reverb,2.9654403924942017,4.675540542602539,clearervoice_wet0.5,all,0.5254353752625575
800,3.476038696467876,3.4825427532196045,sigmos_speech,2.611511218547821,4.288388586044311,clearervoice_wet0.5,all,0.519304278908453
100,3.2842881369590757,3.2780967950820923,sigmos_coloration,2.3102447032928466,4.179964232444763,clearervoice_wet0.5,common_voice_available_uk,0.5607989111362779
100,4.123059132099152,4.129276275634766,sigmos_discontinuity,3.481540870666504,4.776932001113892,clearervoice_wet0.5,common_voice_available_uk,0.41412636099154426
100,3.685789203643799,3.713666319847107,sigmos_loudness,2.950173008441925,4.374622344970703,clearervoice_wet0.5,common_voice_available_uk,0.42982144458946064
100,3.889109055995941,3.9756062030792236,sigmos_noise,2.9381563544273375,4.5042404413223265,clearervoice_wet0.5,common_voice_available_uk,0.481865780206652
100,2.8481442761421203,2.8683630228042603,sigmos_overall,2.1468660950660707,3.5971416234970093,clearervoice_wet0.5,common_voice_available_uk,0.4119096342215385
100,3.8511363744735716,3.8893489837646484,sigmos_reverb,3.13231965303421,4.637817144393921,clearervoice_wet0.5,common_voice_available_uk,0.5254166082589147
100,3.3014522218704223,3.2784968614578247,sigmos_speech,2.538749647140503,4.036852097511291,clearervoice_wet0.5,common_voice_available_uk,0.4237043647703089
100,3.5350165462493894,3.5975964069366455,sigmos_coloration,2.881629836559296,4.085461187362671,clearervoice_wet0.5,fleurs_uk,0.3558740838542063
100,3.6994324922561646,3.715445637702942,sigmos_discontinuity,3.1094464302062987,4.246612238883972,clearervoice_wet0.5,fleurs_uk,0.32513567371254987
100,3.574734513759613,3.5448880195617676,sigmos_loudness,2.966743516921997,4.342288637161254,clearervoice_wet0.5,fleurs_uk,0.44119661018372563
100,3.6552017736434936,3.7435063123703003,sigmos_noise,2.9278212189674377,4.245771837234497,clearervoice_wet0.5,fleurs_uk,0.4000469471713427
100,2.7937829804420473,2.8275305032730103,sigmos_overall,2.233813536167145,3.2510869264602658,clearervoice_wet0.5,fleurs_uk,0.3220966266313165
100,4.011670656204224,4.093786239624023,sigmos_reverb,3.116993546485901,4.627642488479614,clearervoice_wet0.5,fleurs_uk,0.49742578299309287
100,3.2498488569259645,3.284069299697876,sigmos_speech,2.6940330386161806,3.6937730669975277,clearervoice_wet0.5,fleurs_uk,0.3456594551629452
100,3.3688171315193176,3.3813586235046387,sigmos_coloration,2.920560193061829,3.7832215428352356,clearervoice_wet0.5,opentts_lada,0.2919398511086482
100,4.13267404794693,4.156872987747192,sigmos_discontinuity,3.523849809169769,4.716825628280639,clearervoice_wet0.5,opentts_lada,0.3613726886139978
100,3.0178467559814455,3.0732831954956055,sigmos_loudness,2.230907928943634,3.5686481595039368,clearervoice_wet0.5,opentts_lada,0.3872332546804233
100,3.8863025593757627,3.944623112678528,sigmos_noise,3.0657825827598573,4.532268762588501,clearervoice_wet0.5,opentts_lada,0.48372191161285927
100,2.801396782398224,2.7767924070358276,sigmos_overall,2.4226552724838255,3.268990087509155,clearervoice_wet0.5,opentts_lada,0.26483125702871624
100,4.165724425315857,4.148970365524292,sigmos_reverb,3.726628279685974,4.598466324806213,clearervoice_wet0.5,opentts_lada,0.2832258853695558
100,3.607226448059082,3.6157153844833374,sigmos_speech,3.011586916446686,4.006955826282501,clearervoice_wet0.5,opentts_lada,0.292474623368707
100,3.7579798102378845,3.7541719675064087,sigmos_coloration,3.058937668800354,4.374783325195312,clearervoice_wet0.5,opentts_mykyta,0.4305965946881624
100,4.416964795589447,4.441598653793335,sigmos_discontinuity,3.9619444489479063,4.800005173683166,clearervoice_wet0.5,opentts_mykyta,0.2774740970108602
100,3.9762769317626954,4.00524640083313,sigmos_loudness,3.215879964828491,4.609002637863159,clearervoice_wet0.5,opentts_mykyta,0.41718171713276625
100,4.335109167098999,4.365962028503418,sigmos_noise,3.822807323932648,4.747956442832947,clearervoice_wet0.5,opentts_mykyta,0.27537755919446666
100,3.528724069595337,3.540387749671936,sigmos_overall,3.0494683146476746,4.016679644584656,clearervoice_wet0.5,opentts_mykyta,0.3271849274057792
100,4.204977564811706,4.197709321975708,sigmos_reverb,3.6053460597991944,4.66941077709198,clearervoice_wet0.5,opentts_mykyta,0.32891186776057924
100,4.027440171241761,4.10938835144043,sigmos_speech,3.430271065235138,4.491793489456176,clearervoice_wet0.5,opentts_mykyta,0.3416785602783664
100,3.568856325149536,3.5655773878097534,sigmos_coloration,3.083465576171875,4.04793050289154,clearervoice_wet0.5,opentts_tetiana,0.3138963824493737
100,4.1711988806724545,4.182372331619263,sigmos_discontinuity,3.751978850364685,4.698753571510315,clearervoice_wet0.5,opentts_tetiana,0.29968223624610785
100,3.8836339855194093,3.8308587074279785,sigmos_loudness,3.360893487930298,4.438476276397705,clearervoice_wet0.5,opentts_tetiana,0.34660739228372356
100,4.414053821563721,4.418800592422485,sigmos_noise,4.040008127689362,4.7789407730102536,clearervoice_wet0.5,opentts_tetiana,0.23380326429171022
100,3.3511231684684755,3.300869107246399,sigmos_overall,2.8747265934944153,3.96059193611145,clearervoice_wet0.5,opentts_tetiana,0.3048889919198591
100,4.342964723110199,4.397427320480347,sigmos_reverb,3.7399580240249635,4.7745675325393675,clearervoice_wet0.5,opentts_tetiana,0.30047346864756613
100,3.8905966663360596,3.875576615333557,sigmos_speech,3.4433976650238036,4.449946498870849,clearervoice_wet0.5,opentts_tetiana,0.3194707716954119
100,3.487995524406433,3.495290160179138,sigmos_coloration,2.5484183192253114,4.356496572494507,clearervoice_wet0.5,tg_voices_uk,0.5246123227834625
100,4.165325694084167,4.135548830032349,sigmos_discontinuity,3.5658681392669678,4.789800405502319,clearervoice_wet0.5,tg_voices_uk,0.39981562356704714
100,3.784289996623993,3.829950213432312,sigmos_loudness,2.987057399749756,4.460482811927795,clearervoice_wet0.5,tg_voices_uk,0.4822087372449698
100,3.742788088321686,3.7648134231567383,sigmos_noise,2.9548444747924805,4.546251249313355,clearervoice_wet0.5,tg_voices_uk,0.5178932507386527
100,2.8938464593887328,2.8387861251831055,sigmos_overall,2.2689170479774474,3.7137306451797487,clearervoice_wet0.5,tg_voices_uk,0.48522558224572254
100,3.878166444301605,3.865778684616089,sigmos_reverb,3.0496230125427246,4.609893202781677,clearervoice_wet0.5,tg_voices_uk,0.48084468509884765
100,3.46516432762146,3.4136929512023926,sigmos_speech,2.717731070518494,4.268396544456482,clearervoice_wet0.5,tg_voices_uk,0.48638447264923407
100,3.2591214036941527,3.2569117546081543,sigmos_coloration,2.6468820571899414,3.840159392356872,clearervoice_wet0.5,ua_ser,0.4010010969177346
100,3.9201238799095153,3.9071470499038696,sigmos_discontinuity,3.052791178226471,4.700178909301758,clearervoice_wet0.5,ua_ser,0.5275299657389594
100,3.3749608206748962,3.433113932609558,sigmos_loudness,2.381078803539276,4.205191230773925,clearervoice_wet0.5,ua_ser,0.5430751987146722
100,3.147681016921997,3.1400593519210815,sigmos_noise,2.0457080721855165,4.189689111709595,clearervoice_wet0.5,ua_ser,0.7000418441647525
100,2.508948600292206,2.625864267349243,sigmos_overall,1.6605255603790283,3.1234972000122068,clearervoice_wet0.5,ua_ser,0.465935740833211
100,3.6332390689849854,3.7351101636886597,sigmos_reverb,2.4497797012329103,4.445702362060547,clearervoice_wet0.5,ua_ser,0.5891006737613285
100,3.0191624999046325,3.072961449623108,sigmos_speech,2.082847762107849,3.7853934884071347,clearervoice_wet0.5,ua_ser,0.5033884875583698
100,3.4425546956062316,3.4776448011398315,sigmos_coloration,2.565758764743805,4.242034006118774,clearervoice_wet0.5,ukr_dialects,0.5326259096419436
100,4.140301966667176,4.231523275375366,sigmos_discontinuity,3.376136815547943,4.727618384361267,clearervoice_wet0.5,ukr_dialects,0.4216599247252131
100,3.243693957328796,3.215604066848755,sigmos_loudness,2.4235993146896364,3.991204857826233,clearervoice_wet0.5,ukr_dialects,0.5208364409485413
100,3.423824279308319,3.4547685384750366,sigmos_noise,2.101609265804291,4.46191062927246,clearervoice_wet0.5,ukr_dialects,0.784573362878533
100,2.7123715138435363,2.728260636329651,sigmos_overall,1.902668833732605,3.401721465587616,clearervoice_wet0.5,ukr_dialects,0.46294680089344514
100,3.7203975200653074,3.733638644218445,sigmos_reverb,2.7991415739059446,4.670389318466187,clearervoice_wet0.5,ukr_dialects,0.629195214104742
100,3.2474183797836305,3.2809518575668335,sigmos_speech,2.456835079193115,3.9796429395675657,clearervoice_wet0.5,ukr_dialects,0.47772044016830256
800,3.476097467839718,3.49223792552948,sigmos_coloration,2.685850715637207,4.197160696983337,clearervoice_wet0.75,all,0.4550327232802747
800,4.1100930559635165,4.135983467102051,sigmos_discontinuity,3.3947994828224184,4.759223628044128,clearervoice_wet0.75,all,0.4233818075465589
800,3.583965365886688,3.6280864477157593,sigmos_loudness,2.650902509689331,4.41792185306549,clearervoice_wet0.75,all,0.5452600816089677
800,3.8754861307144166,3.9818309545516968,sigmos_noise,2.6796690344810488,4.637784242630005,clearervoice_wet0.75,all,0.5927309330775925
800,2.955874505639076,2.9438283443450928,sigmos_overall,2.164527726173401,3.761788940429687,clearervoice_wet0.75,all,0.4797159527088931
800,3.988080823421478,4.059934854507446,sigmos_reverb,2.9700441122055055,4.691022324562073,clearervoice_wet0.75,all,0.5289852837970058
800,3.4980044683814047,3.502084732055664,sigmos_speech,2.660097289085388,4.272553730010986,clearervoice_wet0.75,all,0.49545178017412966
100,3.2927639985084536,3.3410592079162598,sigmos_coloration,2.304855155944824,4.201444625854492,clearervoice_wet0.75,common_voice_available_uk,0.5495265590083073
100,4.152144894599915,4.2124717235565186,sigmos_discontinuity,3.4646563649177553,4.778512334823608,clearervoice_wet0.75,common_voice_available_uk,0.41203359549812635
100,3.7038818120956423,3.7143335342407227,sigmos_loudness,3.072241926193237,4.342248940467834,clearervoice_wet0.75,common_voice_available_uk,0.4040038232530209
100,3.969754862785339,4.028084993362427,sigmos_noise,3.152906835079193,4.504957151412964,clearervoice_wet0.75,common_voice_available_uk,0.40808620970392073
100,2.869879765510559,2.9049571752548218,sigmos_overall,2.195819687843323,3.600409281253815,clearervoice_wet0.75,common_voice_available_uk,0.3915219153570248
100,3.833728921413422,3.886837124824524,sigmos_reverb,2.9706637501716613,4.6970196723937985,clearervoice_wet0.75,common_voice_available_uk,0.5529824887886179
100,3.3205115008354187,3.3291847705841064,sigmos_speech,2.663891923427582,4.020478463172912,clearervoice_wet0.75,common_voice_available_uk,0.4018557604191981
100,3.5403078103065493,3.596592664718628,sigmos_coloration,2.917310130596161,4.077828454971313,clearervoice_wet0.75,fleurs_uk,0.36023556999858686
100,3.7068036699295046,3.73056161403656,sigmos_discontinuity,3.0694003105163574,4.241523408889771,clearervoice_wet0.75,fleurs_uk,0.3252088838267649
100,3.5690399169921876,3.5459647178649902,sigmos_loudness,2.883413004875183,4.351906394958496,clearervoice_wet0.75,fleurs_uk,0.4505072357092608
100,3.7104868865013123,3.752210259437561,sigmos_noise,3.064207124710083,4.262187433242798,clearervoice_wet0.75,fleurs_uk,0.3699992614865248
100,2.817297406196594,2.843865394592285,sigmos_overall,2.1975868701934815,3.2990963816642758,clearervoice_wet0.75,fleurs_uk,0.3302032063323089
100,4.006969780921936,4.085449457168579,sigmos_reverb,3.118430292606354,4.626389503479004,clearervoice_wet0.75,fleurs_uk,0.5035349766640549
100,3.2746027088165284,3.310479521751404,sigmos_speech,2.699949359893799,3.770791125297546,clearervoice_wet0.75,fleurs_uk,0.35402759132918077
100,3.3734345197677613,3.38287353515625,sigmos_coloration,2.952267897129059,3.787034285068512,clearervoice_wet0.75,opentts_lada,0.29000128071906434
100,4.134246938228607,4.162874698638916,sigmos_discontinuity,3.571958804130554,4.687572288513183,clearervoice_wet0.75,opentts_lada,0.3574265959864635
100,3.020590808391571,3.0700284242630005,sigmos_loudness,2.2141498565673827,3.558092510700226,clearervoice_wet0.75,opentts_lada,0.39118814242161615
100,3.9007583379745485,3.962937831878662,sigmos_noise,3.1196036338806152,4.545942163467407,clearervoice_wet0.75,opentts_lada,0.47240677025027406
100,2.798412547111511,2.7889161109924316,sigmos_overall,2.4313288807868956,3.2390256762504577,clearervoice_wet0.75,opentts_lada,0.26240976347093
100,4.178089137077332,4.177564859390259,sigmos_reverb,3.7149510741233827,4.624521470069885,clearervoice_wet0.75,opentts_lada,0.2882119830694182
100,3.598855836391449,3.6051613092422485,sigmos_speech,2.986281716823578,4.017398786544799,clearervoice_wet0.75,opentts_lada,0.29438449675261613
100,3.7582851028442383,3.764625072479248,sigmos_coloration,3.097402548789978,4.379434084892273,clearervoice_wet0.75,opentts_mykyta,0.42625835970496445
100,4.416021702289581,4.422981023788452,sigmos_discontinuity,3.9566080927848817,4.804049777984619,clearervoice_wet0.75,opentts_mykyta,0.2794157740339852
100,3.9775926804542543,4.007822275161743,sigmos_loudness,3.242054843902588,4.601266241073608,clearervoice_wet0.75,opentts_mykyta,0.4120636313619052
100,4.337101426124573,4.366117238998413,sigmos_noise,3.841876435279846,4.74641752243042,clearervoice_wet0.75,opentts_mykyta,0.27487015061636444
100,3.5220073771476748,3.5264092683792114,sigmos_overall,3.047079658508301,3.9835277676582335,clearervoice_wet0.75,opentts_mykyta,0.325138470378858
100,4.214610793590546,4.186439275741577,sigmos_reverb,3.6244293212890626,4.661823034286499,clearervoice_wet0.75,opentts_mykyta,0.3252705041024688
100,4.0169985747337345,4.086842060089111,sigmos_speech,3.438805377483368,4.481112098693847,clearervoice_wet0.75,opentts_mykyta,0.337242433823321
100,3.5681005239486696,3.5600494146347046,sigmos_coloration,3.0479349851608277,4.061441588401794,clearervoice_wet0.75,opentts_tetiana,0.3122232884982302
100,4.167834203243256,4.201117992401123,sigmos_discontinuity,3.741152548789978,4.703222990036011,clearervoice_wet0.75,opentts_tetiana,0.3025844135419935
100,3.880252673625946,3.818878650665283,sigmos_loudness,3.344399881362915,4.4463674306869505,clearervoice_wet0.75,opentts_tetiana,0.3521019468404741
100,4.413245520591736,4.4130024909973145,sigmos_noise,4.017389082908631,4.771339678764344,clearervoice_wet0.75,opentts_tetiana,0.23482299362206066
100,3.3393802547454836,3.297656297683716,sigmos_overall,2.873576259613037,3.929370093345642,clearervoice_wet0.75,opentts_tetiana,0.30658743017021917
100,4.348154706954956,4.414874315261841,sigmos_reverb,3.786502206325531,4.798991680145264,clearervoice_wet0.75,opentts_tetiana,0.29696523382604717
100,3.873999502658844,3.8515076637268066,sigmos_speech,3.430063045024872,4.430024814605713,clearervoice_wet0.75,opentts_tetiana,0.32252775740534206
100,3.505143852233887,3.5505666732788086,sigmos_coloration,2.558985340595245,4.183919596672057,clearervoice_wet0.75,tg_voices_uk,0.5259020472391294
100,4.162759909629822,4.136307954788208,sigmos_discontinuity,3.539620614051819,4.8166821002960205,clearervoice_wet0.75,tg_voices_uk,0.40015385801707376
100,3.810331461429596,3.8602137565612793,sigmos_loudness,3.0257535576820374,4.507658052444458,clearervoice_wet0.75,tg_voices_uk,0.4657757412801137
100,3.8374663519859316,3.863787889480591,sigmos_noise,3.0608113765716554,4.539970397949219,clearervoice_wet0.75,tg_voices_uk,0.4597893952679317
100,2.938095624446869,2.8615885972976685,sigmos_overall,2.3042998552322387,3.7244200468063355,clearervoice_wet0.75,tg_voices_uk,0.4726093236354491
100,3.909615879058838,3.9039032459259033,sigmos_reverb,3.185325789451599,4.640570878982544,clearervoice_wet0.75,tg_voices_uk,0.47047973751950856
100,3.4956123995780946,3.4257837533950806,sigmos_speech,2.7715724229812624,4.259762716293335,clearervoice_wet0.75,tg_voices_uk,0.4697164737352452
100,3.3137717247009277,3.354965329170227,sigmos_coloration,2.63383070230484,3.9145735025405886,clearervoice_wet0.75,ua_ser,0.38789680634846474
100,3.980689172744751,3.9699597358703613,sigmos_discontinuity,3.159913921356201,4.714709806442261,clearervoice_wet0.75,ua_ser,0.5013917983802759
100,3.4527365732192994,3.491586208343506,sigmos_loudness,2.4217554211616514,4.245455241203308,clearervoice_wet0.75,ua_ser,0.5543595754013239
100,3.317207136154175,3.390304446220398,sigmos_noise,2.0919121146202087,4.222682094573974,clearervoice_wet0.75,ua_ser,0.6477912644648517
100,2.6190076231956483,2.7114237546920776,sigmos_overall,1.7746849656105042,3.2726945281028748,clearervoice_wet0.75,ua_ser,0.4579148932764394
100,3.6941304707527163,3.8249733448028564,sigmos_reverb,2.453561580181122,4.49180040359497,clearervoice_wet0.75,ua_ser,0.6050197708351672
100,3.1299321913719176,3.189753770828247,sigmos_speech,2.1110574126243593,3.8707231640815736,clearervoice_wet0.75,ua_ser,0.5031640548339138
100,3.456972210407257,3.4983978271484375,sigmos_coloration,2.5389650106430053,4.234518241882324,clearervoice_wet0.75,ukr_dialects,0.5200428550279618
100,4.160243957042694,4.25861668586731,sigmos_discontinuity,3.394507884979248,4.720119047164917,clearervoice_wet0.75,ukr_dialects,0.4069752700594642
100,3.2572970008850097,3.2211626768112183,sigmos_loudness,2.405035924911499,4.070638275146484,clearervoice_wet0.75,ukr_dialects,0.5397532413480405
100,3.517868523597717,3.6064915657043457,sigmos_noise,2.1509376525878907,4.488748359680176,clearervoice_wet0.75,ukr_dialects,0.7363880062298389
100,2.7429154467582704,2.7512909173965454,sigmos_overall,2.0239256739616396,3.4180378079414364,clearervoice_wet0.75,ukr_dialects,0.44604618732696183
100,3.7193468976020814,3.647866368293762,sigmos_reverb,2.8167176485061645,4.67005500793457,clearervoice_wet0.75,ukr_dialects,0.6393558185292103
100,3.2735230326652527,3.2852253913879395,sigmos_speech,2.5513630390167235,3.9787444829940792,clearervoice_wet0.75,ukr_dialects,0.45885137310932506
800,3.5034719452261927,3.5193369388580322,sigmos_coloration,2.756172502040863,4.182577753067016,clearervoice_wet1,all,0.44359743471324736
800,4.13157024294138,4.1614556312561035,sigmos_discontinuity,3.4432815432548525,4.763030624389648,clearervoice_wet1,all,0.41889107718590185
800,3.597466635107994,3.6519569158554077,sigmos_loudness,2.643210458755493,4.426392960548401,clearervoice_wet1,all,0.5433991258022378
800,3.975550617277622,4.05616569519043,sigmos_noise,2.9804959416389467,4.646826219558716,clearervoice_wet1,all,0.5140808524643308
800,3.002768813073635,3.006906270980835,sigmos_overall,2.2836504340171815,3.7656613588333125,clearervoice_wet1,all,0.4559556151429745
800,3.9980806121230126,4.082061052322388,sigmos_reverb,2.9900972127914427,4.677620315551757,clearervoice_wet1,all,0.5246918144672436
800,3.5290642017126084,3.52919340133667,sigmos_speech,2.7265968918800354,4.275357604026794,clearervoice_wet1,all,0.4715613294822325
100,3.313830075263977,3.3606492280960083,sigmos_coloration,2.3226062059402466,4.149275279045105,clearervoice_wet1,common_voice_available_uk,0.5490267234452207
100,4.177082619667053,4.222580432891846,sigmos_discontinuity,3.4804954171180724,4.808952689170837,clearervoice_wet1,common_voice_available_uk,0.4151310374585452
100,3.702685890197754,3.7142186164855957,sigmos_loudness,3.0378581523895263,4.387562775611878,clearervoice_wet1,common_voice_available_uk,0.41165261086271665
100,4.0582139730453495,4.156602621078491,sigmos_noise,3.3596609234809875,4.543612718582153,clearervoice_wet1,common_voice_available_uk,0.3859562508854432
100,2.8941624355316162,2.9076489210128784,sigmos_overall,2.2978389739990233,3.582178032398224,clearervoice_wet1,common_voice_available_uk,0.3703102772491039
100,3.8175603795051574,3.86886203289032,sigmos_reverb,2.8139530062675475,4.686155247688293,clearervoice_wet1,common_voice_available_uk,0.5736310428443341
100,3.3194185996055605,3.2837188243865967,sigmos_speech,2.6921814918518066,3.987334358692169,clearervoice_wet1,common_voice_available_uk,0.3952661708515881
100,3.5572260189056397,3.635225534439087,sigmos_coloration,2.9487123847007752,4.020052981376648,clearervoice_wet1,fleurs_uk,0.33436372123795943
100,3.7269909143447877,3.7376723289489746,sigmos_discontinuity,3.143234980106354,4.27753779888153,clearervoice_wet1,fleurs_uk,0.32952861437042613
100,3.559402804374695,3.54809033870697,sigmos_loudness,2.8747123956680296,4.394975566864013,clearervoice_wet1,fleurs_uk,0.47005950149325615
100,3.773828980922699,3.8374234437942505,sigmos_noise,3.080876040458679,4.317022705078125,clearervoice_wet1,fleurs_uk,0.364044153493536
100,2.850268964767456,2.8565479516983032,sigmos_overall,2.188747525215149,3.362244462966919,clearervoice_wet1,fleurs_uk,0.33931559838128095
100,3.9877585053443907,4.089854001998901,sigmos_reverb,2.8505075335502625,4.640730619430542,clearervoice_wet1,fleurs_uk,0.5332922448328987
100,3.305247390270233,3.378543257713318,sigmos_speech,2.6876986980438233,3.83009672164917,clearervoice_wet1,fleurs_uk,0.3648791123746568
100,3.3745631885528566,3.3854578733444214,sigmos_coloration,2.9618581891059876,3.7949087858200072,clearervoice_wet1,opentts_lada,0.29248921973139097
100,4.137462630271911,4.158232688903809,sigmos_discontinuity,3.5960034251213076,4.709999036788941,clearervoice_wet1,opentts_lada,0.35381177851406276
100,3.0210884618759155,3.072415351867676,sigmos_loudness,2.2206838011741636,3.5593119859695435,clearervoice_wet1,opentts_lada,0.39703660075768216
100,3.9150975823402403,3.9699923992156982,sigmos_noise,3.083854246139526,4.547430372238159,clearervoice_wet1,opentts_lada,0.46146850318430915
100,2.7968228602409364,2.781297445297241,sigmos_overall,2.436200726032257,3.2380730748176574,clearervoice_wet1,opentts_lada,0.2605965415465366
100,4.189614605903626,4.1860597133636475,sigmos_reverb,3.7417214632034304,4.642537331581115,clearervoice_wet1,opentts_lada,0.2928722868549313
100,3.590232665538788,3.57946515083313,sigmos_speech,2.967767119407654,4.048125219345093,clearervoice_wet1,opentts_lada,0.2968207720571873
100,3.7631357741355895,3.755218029022217,sigmos_coloration,3.118847632408142,4.383940434455871,clearervoice_wet1,opentts_mykyta,0.41734399154329
100,4.409964554309845,4.416272401809692,sigmos_discontinuity,3.9495460271835325,4.8033607006073,clearervoice_wet1,opentts_mykyta,0.27953459397933295
100,3.9841022276878357,4.01425576210022,sigmos_loudness,3.280032527446747,4.562627363204956,clearervoice_wet1,opentts_mykyta,0.4011569840240338
100,4.335558276176453,4.360477924346924,sigmos_noise,3.8442962050437925,4.7515849590301515,clearervoice_wet1,opentts_mykyta,0.2785503019147385
100,3.51814394235611,3.497254252433777,sigmos_overall,3.0376294612884522,3.997401189804077,clearervoice_wet1,opentts_mykyta,0.3207407416399457
100,4.227619795799256,4.187668085098267,sigmos_reverb,3.643311095237732,4.663936424255371,clearervoice_wet1,opentts_mykyta,0.32509432007075223
100,4.006945385932922,4.072375059127808,sigmos_speech,3.4381978034973146,4.493868350982666,clearervoice_wet1,opentts_mykyta,0.3344478585068058
100,3.568402967453003,3.556859850883484,sigmos_coloration,3.0363717913627624,4.075968599319458,clearervoice_wet1,opentts_tetiana,0.31256145634693294
100,4.163033711910248,4.174988031387329,sigmos_discontinuity,3.7019224524497987,4.738677501678467,clearervoice_wet1,opentts_tetiana,0.30607076738059197
100,3.87752158164978,3.839062452316284,sigmos_loudness,3.361808884143829,4.4562126159667965,clearervoice_wet1,opentts_tetiana,0.3579837194619294
100,4.408200986385346,4.422817230224609,sigmos_noise,3.990752112865448,4.752281236648559,clearervoice_wet1,opentts_tetiana,0.23758791577926663
100,3.325823383331299,3.288699746131897,sigmos_overall,2.88510115146637,3.8677066922187806,clearervoice_wet1,opentts_tetiana,0.30814625923645395
100,4.353579962253571,4.413863897323608,sigmos_reverb,3.8637141466140745,4.781989240646363,clearervoice_wet1,opentts_tetiana,0.29325979824897713
100,3.85510559797287,3.84284770488739,sigmos_speech,3.3993983387947084,4.406009864807129,clearervoice_wet1,opentts_tetiana,0.3254193076609389
100,3.5345444965362547,3.585756540298462,sigmos_coloration,2.70354163646698,4.13505344390869,clearervoice_wet1,tg_voices_uk,0.5011568900148341
100,4.18848415851593,4.148127317428589,sigmos_discontinuity,3.574329662322998,4.806785416603089,clearervoice_wet1,tg_voices_uk,0.3870629676944476
100,3.8347366404533387,3.8760554790496826,sigmos_loudness,3.014516997337341,4.549233341217041,clearervoice_wet1,tg_voices_uk,0.45309909245189867
100,3.9698696327209473,3.976536512374878,sigmos_noise,3.189398241043091,4.590041470527649,clearervoice_wet1,tg_voices_uk,0.41512923850835787
100,3.00051265001297,2.9755722284317017,sigmos_overall,2.324202847480774,3.7560835480690002,clearervoice_wet1,tg_voices_uk,0.4682021748677581
100,3.915973310470581,3.945493698120117,sigmos_reverb,3.1836478114128113,4.619801926612854,clearervoice_wet1,tg_voices_uk,0.46926323298647044
100,3.539179084300995,3.505056142807007,sigmos_speech,2.8822048187255858,4.318602466583252,clearervoice_wet1,tg_voices_uk,0.46146451365562047
100,3.4263057279586793,3.431135892868042,sigmos_coloration,2.787597692012787,4.0382427215576175,clearervoice_wet1,ua_ser,0.3917837646466413
100,4.011306216716767,4.028345108032227,sigmos_discontinuity,3.2976157784461977,4.738283705711365,clearervoice_wet1,ua_ser,0.5016508866623226
100,3.5113078355789185,3.5795905590057373,sigmos_loudness,2.6272427558898928,4.263572764396668,clearervoice_wet1,ua_ser,0.5373985205514038
100,3.639636843204498,3.710155725479126,sigmos_noise,2.5775440454483034,4.45123405456543,clearervoice_wet1,ua_ser,0.5714739161053006
100,2.7978781700134276,2.849799633026123,sigmos_overall,1.813084065914154,3.4428831815719603,clearervoice_wet1,ua_ser,0.48516406861943506
100,3.7565192413330077,3.8098796606063843,sigmos_reverb,2.6876722097396852,4.484118151664734,clearervoice_wet1,ua_ser,0.5910151310099282
100,3.2743631076812743,3.398439049720764,sigmos_speech,2.169538640975952,3.896797442436218,clearervoice_wet1,ua_ser,0.5030680046688432
100,3.48976731300354,3.549300789833069,sigmos_coloration,2.5437668323516847,4.230832052230835,clearervoice_wet1,ukr_dialects,0.5144962351283625
100,4.238237137794495,4.297131061553955,sigmos_discontinuity,3.5613098978996276,4.741678404808044,clearervoice_wet1,ukr_dialects,0.388584135491746
100,3.2888876390457153,3.2584989070892334,sigmos_loudness,2.381607174873352,4.1279696226119995,clearervoice_wet1,ukr_dialects,0.5472136624913703
100,3.7039986634254456,3.865161895751953,sigmos_noise,2.291373372077942,4.504762530326843,clearervoice_wet1,ukr_dialects,0.6574605271654618
100,2.838538098335266,2.867295742034912,sigmos_overall,2.222568356990814,3.47718106508255,clearervoice_wet1,ukr_dialects,0.4173303270985072
100,3.7360190963745117,3.7006787061691284,sigmos_reverb,2.8171349287033083,4.668956327438354,clearervoice_wet1,ukr_dialects,0.5998108046642743
100,3.342021782398224,3.408046007156372,sigmos_speech,2.631515347957611,3.995144951343536,clearervoice_wet1,ukr_dialects,0.43044853159813046
800,3.4182613614201545,3.4129343032836914,sigmos_coloration,2.728699207305908,4.126640701293945,sidon_wet0.5,all,0.413441930063068
800,4.135996420681477,4.175016164779663,sigmos_discontinuity,3.4143320441246034,4.737051677703858,sidon_wet0.5,all,0.40981058026949213
800,3.6993090862035753,3.7698333263397217,sigmos_loudness,2.637897527217865,4.539257216453552,sidon_wet0.5,all,0.6093764462988674
800,4.026319636404514,4.168706655502319,sigmos_noise,2.869248354434967,4.667191696166992,sidon_wet0.5,all,0.5634510074917607
800,3.009552409350872,3.0298244953155518,sigmos_overall,2.1698690056800842,3.7129604697227476,sidon_wet0.5,all,0.4774832555816697
800,4.2204806146025655,4.329737901687622,sigmos_reverb,3.4301894903182983,4.814703130722046,sidon_wet0.5,all,0.4732904679791623
800,3.6122026336193085,3.6665271520614624,sigmos_speech,2.8208048582077025,4.268516778945923,sidon_wet0.5,all,0.4640036172836038
100,3.345694622993469,3.3542659282684326,sigmos_coloration,2.614625322818756,4.007327127456665,sidon_wet0.5,common_voice_available_uk,0.4352519833902884
100,4.00573183298111,4.0419840812683105,sigmos_discontinuity,3.2082326769828797,4.776805186271668,sidon_wet0.5,common_voice_available_uk,0.4264856876803946
100,3.8374215173721313,3.8771204948425293,sigmos_loudness,3.302310872077942,4.4192393779754635,sidon_wet0.5,common_voice_available_uk,0.37649874355554136
100,4.029239454269409,4.110118389129639,sigmos_noise,3.315437710285187,4.545275139808655,sidon_wet0.5,common_voice_available_uk,0.39155387816709275
100,2.9274322509765627,2.923941135406494,sigmos_overall,2.358966958522797,3.520944285392761,sidon_wet0.5,common_voice_available_uk,0.34564420417982783
100,4.1139306282997135,4.199229717254639,sigmos_reverb,3.4301894903182983,4.794377493858337,sidon_wet0.5,common_voice_available_uk,0.45224622318407165
100,3.4641964292526244,3.483602285385132,sigmos_speech,2.8195647239685058,4.0968687534332275,sidon_wet0.5,common_voice_available_uk,0.3835637735763324
100,3.4885726618766784,3.5063400268554688,sigmos_coloration,2.7498964071273804,3.99851187467575,sidon_wet0.5,fleurs_uk,0.3445013085100434
100,4.101042125225067,4.068164825439453,sigmos_discontinuity,3.5992496967315675,4.637227344512939,sidon_wet0.5,fleurs_uk,0.3369733539171788
100,3.4299142861366274,3.4159367084503174,sigmos_loudness,1.913013792037964,4.707704401016235,sidon_wet0.5,fleurs_uk,0.8742004281535636
100,4.163328981399536,4.213299989700317,sigmos_noise,3.2727087140083313,4.72881920337677,sidon_wet0.5,fleurs_uk,0.438837695984696
100,3.0586957859992983,3.1068854331970215,sigmos_overall,2.2625836372375487,3.673462951183319,sidon_wet0.5,fleurs_uk,0.4242278874893417
100,4.388169503211975,4.511037826538086,sigmos_reverb,3.540582036972046,4.876674151420593,sidon_wet0.5,fleurs_uk,0.43071054310081436
100,3.6748214387893676,3.7274539470672607,sigmos_speech,3.019126129150391,4.219804763793945,sidon_wet0.5,fleurs_uk,0.3590158358400346
100,3.3086801624298094,3.3319889307022095,sigmos_coloration,2.736152470111847,3.801757574081421,sidon_wet0.5,opentts_lada,0.3216277251533659
100,4.135840332508087,4.102524995803833,sigmos_discontinuity,3.52356812953949,4.760348272323609,sidon_wet0.5,opentts_lada,0.3609184075734054
100,3.176406898498535,3.1766157150268555,sigmos_loudness,2.5230714678764343,3.8637372970581056,sidon_wet0.5,opentts_lada,0.4268199765594598
100,4.007813875675201,4.093989133834839,sigmos_noise,3.2368385791778564,4.653758716583252,sidon_wet0.5,opentts_lada,0.43399040263566707
100,2.7849553656578063,2.755946636199951,sigmos_overall,2.3576764822006226,3.2945319056510924,sidon_wet0.5,opentts_lada,0.28951284875828315
100,4.183518264293671,4.169902086257935,sigmos_reverb,3.6663418889045714,4.716610741615296,sidon_wet0.5,opentts_lada,0.32760338061665734
100,3.5236849999427795,3.5181031227111816,sigmos_speech,2.997496771812439,4.005799627304077,sidon_wet0.5,opentts_lada,0.33408073377066655
100,3.586408476829529,3.524518847465515,sigmos_coloration,3.1067778706550597,4.246730375289917,sidon_wet0.5,opentts_mykyta,0.37496913605593557
100,4.343827433586121,4.402850151062012,sigmos_discontinuity,3.8661272525787354,4.756438112258911,sidon_wet0.5,opentts_mykyta,0.2800739283955154
100,4.093432202339172,4.110150337219238,sigmos_loudness,3.483271133899689,4.612022352218628,sidon_wet0.5,opentts_mykyta,0.3816162661777301
100,4.288028497695922,4.293951749801636,sigmos_noise,3.861435568332672,4.638573789596558,sidon_wet0.5,opentts_mykyta,0.24108090745099578
100,3.4303437757492063,3.4675101041793823,sigmos_overall,2.9537399649620055,3.8349080085754395,sidon_wet0.5,opentts_mykyta,0.2754190062350891
100,4.435949404239654,4.497514247894287,sigmos_reverb,3.9142400860786437,4.787982749938965,sidon_wet0.5,opentts_mykyta,0.2719615988798267
100,3.938243420124054,3.9534010887145996,sigmos_speech,3.4532457828521728,4.360658931732178,sidon_wet0.5,opentts_mykyta,0.3069871850765807
100,3.4315887594223025,3.408692955970764,sigmos_coloration,2.9193233013153077,4.033043479919433,sidon_wet0.5,opentts_tetiana,0.339359462900318
100,4.30283143043518,4.303821086883545,sigmos_discontinuity,3.7298654913902283,4.789863348007202,sidon_wet0.5,opentts_tetiana,0.31825420789773023
100,4.052626440525055,4.078606128692627,sigmos_loudness,3.4942012429237366,4.572319579124451,sidon_wet0.5,opentts_tetiana,0.3631631141764257
100,4.389589304924011,4.425563097000122,sigmos_noise,3.9818270564079286,4.6888830900192255,sidon_wet0.5,opentts_tetiana,0.23062307714429092
100,3.351421139240265,3.342723846435547,sigmos_overall,2.8406880736351012,3.8246076226234433,sidon_wet0.5,opentts_tetiana,0.31614342801572487
100,4.4503511977195735,4.46533203125,sigmos_reverb,4.052582883834839,4.838815641403198,sidon_wet0.5,opentts_tetiana,0.25428879265083143
100,3.9331483602523805,3.9483591318130493,sigmos_speech,3.4305187225341798,4.462293291091919,sidon_wet0.5,opentts_tetiana,0.31835151309911375
100,3.4980074548721314,3.49046528339386,sigmos_coloration,2.844080412387848,4.195617389678955,sidon_wet0.5,tg_voices_uk,0.42225889504102604
100,4.079459142684937,4.079107999801636,sigmos_discontinuity,3.4894460797309876,4.726238322257996,sidon_wet0.5,tg_voices_uk,0.38135453525715285
100,3.965202338695526,4.0166916847229,sigmos_loudness,2.9721065282821657,4.608302021026612,sidon_wet0.5,tg_voices_uk,0.4531523734965831
100,4.023999319076538,4.145171880722046,sigmos_noise,2.903424608707428,4.616758561134338,sidon_wet0.5,tg_voices_uk,0.5311945359723913
100,3.0349643874168395,3.0922352075576782,sigmos_overall,2.307739233970642,3.709334886074066,sidon_wet0.5,tg_voices_uk,0.4643962774739281
100,4.194941771030426,4.2506184577941895,sigmos_reverb,3.4484527111053467,4.7233216047286986,sidon_wet0.5,tg_voices_uk,0.39166398417398574
100,3.628182361125946,3.701219081878662,sigmos_speech,2.965510606765747,4.210465717315674,sidon_wet0.5,tg_voices_uk,0.4409646497369453
100,3.1853999662399293,3.2062796354293823,sigmos_coloration,2.457422471046448,3.842020857334137,sidon_wet0.5,ua_ser,0.43434293873825736
100,3.8586532926559447,3.9183287620544434,sigmos_discontinuity,2.8940070509910583,4.65850989818573,sidon_wet0.5,ua_ser,0.5588309301608129
100,3.488604710102081,3.564997434616089,sigmos_loudness,2.7599351048469543,4.245556044578552,sidon_wet0.5,ua_ser,0.49789406304968997
100,3.377002522945404,3.45164692401886,sigmos_noise,2.2342639446258543,4.338430166244507,sidon_wet0.5,ua_ser,0.6886618416745641
100,2.5448528122901917,2.5826401710510254,sigmos_overall,1.7645129203796386,3.2097531914710995,sidon_wet0.5,ua_ser,0.48496777672037045
100,3.75043053150177,3.7358572483062744,sigmos_reverb,2.7181126713752746,4.645660400390625,sidon_wet0.5,ua_ser,0.5777249887384878
100,3.187560746669769,3.265909433364868,sigmos_speech,2.174645948410034,3.8176566123962403,sidon_wet0.5,ua_ser,0.5532166888247074
100,3.5017387866973877,3.5434991121292114,sigmos_coloration,2.8776172399520874,4.161210083961487,sidon_wet0.5,ukr_dialects,0.463637649683447
100,4.260585775375366,4.29222846031189,sigmos_discontinuity,3.716781938076019,4.692704129219055,sidon_wet0.5,ukr_dialects,0.3091076758037736
100,3.5508642959594727,3.5888866186141968,sigmos_loudness,2.607402777671814,4.522701120376587,sidon_wet0.5,ukr_dialects,0.6078053577028316
100,3.9315551352500915,4.210611343383789,sigmos_noise,2.5882544040679933,4.7219088792800905,sidon_wet0.5,ukr_dialects,0.6983326984389829
100,2.9437537574768067,2.969448447227478,sigmos_overall,2.062774109840393,3.7490670919418334,sidon_wet0.5,ukr_dialects,0.4894303348477309
100,4.246553616523743,4.422281503677368,sigmos_reverb,3.18113055229187,4.826475811004639,sidon_wet0.5,ukr_dialects,0.5536162260289287
100,3.5477833127975464,3.5673409700393677,sigmos_speech,2.8124102115631104,4.288412308692932,sidon_wet0.5,ukr_dialects,0.45933323975206697
800,3.4423832511901855,3.4414929151535034,sigmos_coloration,2.7378464460372927,4.071072387695312,sidon_wet1,all,0.399783354154524
800,4.161987112760544,4.203572988510132,sigmos_discontinuity,3.5552277326583863,4.715185976028442,sidon_wet1,all,0.36415351721358763
800,3.7340695145726204,3.8278032541275024,sigmos_loudness,2.7516508221626284,4.506157755851746,sidon_wet1,all,0.5557656770421887
800,4.247217628955841,4.296252012252808,sigmos_noise,3.5900079131126406,4.699053001403808,sidon_wet1,all,0.35133080901070274
800,3.108292656838894,3.121375322341919,sigmos_overall,2.3502445340156557,3.765410006046295,sidon_wet1,all,0.42316321733578877
800,4.432382177114487,4.500302791595459,sigmos_reverb,3.8276201725006103,4.841896343231201,sidon_wet1,all,0.3203086010158486
800,3.707838515639305,3.7210217714309692,sigmos_speech,2.9987183690071104,4.287932801246643,sidon_wet1,all,0.39187842388814187
100,3.369771485328674,3.3345346450805664,sigmos_coloration,2.6829823732376097,3.942974460124969,sidon_wet1,common_voice_available_uk,0.3760998713449337
100,4.02542709350586,3.996984362602234,sigmos_discontinuity,3.4388089060783384,4.605686044692993,sidon_wet1,common_voice_available_uk,0.3742784001140304
100,3.812002971172333,3.7978917360305786,sigmos_loudness,3.163015913963318,4.39522705078125,sidon_wet1,common_voice_available_uk,0.3767005658662077
100,4.25187726020813,4.293769836425781,sigmos_noise,3.6940277576446534,4.663305950164795,sidon_wet1,common_voice_available_uk,0.31179672390727864
100,3.027548871040344,3.025195598602295,sigmos_overall,2.4826306104660034,3.6177720427513123,sidon_wet1,common_voice_available_uk,0.3479377451969099
100,4.39361873626709,4.44611120223999,sigmos_reverb,3.8608473539352417,4.789332294464112,sidon_wet1,common_voice_available_uk,0.3011001508261945
100,3.601128237247467,3.632205605506897,sigmos_speech,2.992578864097595,4.198089265823365,sidon_wet1,common_voice_available_uk,0.3605416743044731
100,3.5490718483924866,3.582985043525696,sigmos_coloration,2.9073739290237426,4.097916913032532,sidon_wet1,fleurs_uk,0.37633333076571857
100,4.124157028198242,4.091064691543579,sigmos_discontinuity,3.562443721294403,4.618863606452942,sidon_wet1,fleurs_uk,0.33660023417492463
100,3.474861750602722,3.517821788787842,sigmos_loudness,1.925342071056366,4.626945114135742,sidon_wet1,fleurs_uk,0.8569961270953051
100,4.379215996265412,4.423475980758667,sigmos_noise,3.8922569513320924,4.764837670326233,sidon_wet1,fleurs_uk,0.2617503014154808
100,3.1545073056221007,3.1971683502197266,sigmos_overall,2.2680530309677125,3.7817963123321534,sidon_wet1,fleurs_uk,0.44145518900427966
100,4.570930912494659,4.591359615325928,sigmos_reverb,4.086101388931274,4.908709239959717,sidon_wet1,fleurs_uk,0.24488266360501024
100,3.765147898197174,3.7637245655059814,sigmos_speech,3.243488621711731,4.222917938232422,sidon_wet1,fleurs_uk,0.30997855927336687
100,3.2960598254203797,3.3109495639801025,sigmos_coloration,2.765615165233612,3.787710165977478,sidon_wet1,opentts_lada,0.31881673696418555
100,4.254743638038636,4.266865015029907,sigmos_discontinuity,3.6671112298965456,4.791155242919922,sidon_wet1,opentts_lada,0.3445385950115755
100,3.2215773963928225,3.2022743225097656,sigmos_loudness,2.5483448982238768,3.9181834578514096,sidon_wet1,opentts_lada,0.42040370915613606
100,4.0724845576286315,4.119267463684082,sigmos_noise,3.4225473642349242,4.581322813034058,sidon_wet1,opentts_lada,0.4189998028324246
100,2.8231005001068117,2.8210309743881226,sigmos_overall,2.3475510716438293,3.2979358673095702,sidon_wet1,opentts_lada,0.30258763779809617
100,4.362050516605377,4.382248401641846,sigmos_reverb,3.831157159805298,4.817458438873291,sidon_wet1,opentts_lada,0.2938108189278216
100,3.553403549194336,3.5936667919158936,sigmos_speech,2.9038329839706423,3.9690819144248963,sidon_wet1,opentts_lada,0.3304753885787683
100,3.558028607368469,3.5699390172958374,sigmos_coloration,2.9051982402801513,4.171562933921813,sidon_wet1,opentts_mykyta,0.37987301404023155
100,4.300606253147126,4.318398475646973,sigmos_discontinuity,3.8092881202697755,4.72675096988678,sidon_wet1,opentts_mykyta,0.2916860409494388
100,4.076081066131592,4.088738679885864,sigmos_loudness,3.5682093024253847,4.555392956733703,sidon_wet1,opentts_mykyta,0.31947912044735677
100,4.312223749160767,4.284816026687622,sigmos_noise,3.9532785058021545,4.69634780883789,sidon_wet1,opentts_mykyta,0.2264631819381326
100,3.417967417240143,3.429733395576477,sigmos_overall,2.9872830271720887,3.850237822532654,sidon_wet1,opentts_mykyta,0.28392539059496913
100,4.531970183849335,4.58026647567749,sigmos_reverb,4.05830192565918,4.809971141815185,sidon_wet1,opentts_mykyta,0.25011344414156994
100,3.9264087796211244,3.9677693843841553,sigmos_speech,3.500078523159027,4.434865975379944,sidon_wet1,opentts_mykyta,0.3105065511405182
100,3.4434061431884766,3.4055083990097046,sigmos_coloration,2.948865830898285,3.960773992538452,sidon_wet1,opentts_tetiana,0.3167003906487836
100,4.319787263870239,4.334834098815918,sigmos_discontinuity,3.7906805276870728,4.7418506145477295,sidon_wet1,opentts_tetiana,0.3059361935529187
100,3.9831502723693846,3.952532172203064,sigmos_loudness,3.436114418506622,4.525908899307251,sidon_wet1,opentts_tetiana,0.3216273712889688
100,4.3998504781723025,4.416212320327759,sigmos_noise,4.000427222251892,4.7489996433258055,sidon_wet1,opentts_tetiana,0.2274089214889438
100,3.3559001684188843,3.3778631687164307,sigmos_overall,2.7314493298530578,3.876067507266998,sidon_wet1,opentts_tetiana,0.3571277229382066
100,4.519699149131775,4.553158283233643,sigmos_reverb,4.072278308868408,4.839081907272338,sidon_wet1,opentts_tetiana,0.2407235740411274
100,3.9282956504821778,3.979300022125244,sigmos_speech,3.325287973880768,4.482710075378418,sidon_wet1,opentts_tetiana,0.349165024797623
100,3.4789733052253724,3.4644827842712402,sigmos_coloration,2.763860213756561,4.189027047157287,sidon_wet1,tg_voices_uk,0.4444686521365484
100,4.073023669719696,4.073930025100708,sigmos_discontinuity,3.56599303483963,4.61372709274292,sidon_wet1,tg_voices_uk,0.3419974035105727
100,3.9440826845169066,3.9431885480880737,sigmos_loudness,3.2183530926704407,4.557838082313538,sidon_wet1,tg_voices_uk,0.4000747680332025
100,4.232880439758301,4.289211750030518,sigmos_noise,3.63602477312088,4.6261474132537845,sidon_wet1,tg_voices_uk,0.2978864422445794
100,3.146711049079895,3.1293444633483887,sigmos_overall,2.5552865624427796,3.6950855255126953,sidon_wet1,tg_voices_uk,0.38573357271724895
100,4.392397971153259,4.447621822357178,sigmos_reverb,3.8123865723609924,4.795016527175903,sidon_wet1,tg_voices_uk,0.3073798948638092
100,3.7004466962814333,3.6800663471221924,sigmos_speech,3.184907114505768,4.208749437332153,sidon_wet1,tg_voices_uk,0.3594067391717186
100,3.322933168411255,3.345874309539795,sigmos_coloration,2.6481770157814024,3.901350259780884,sidon_wet1,ua_ser,0.4222168743700383
100,3.9794093799591064,4.0076470375061035,sigmos_discontinuity,3.130470097064972,4.57161386013031,sidon_wet1,ua_ser,0.4295918042021966
100,3.706079652309418,3.7663216590881348,sigmos_loudness,2.9138531923294066,4.360694074630738,sidon_wet1,ua_ser,0.47995387188789296
100,4.070534329414368,4.146519660949707,sigmos_noise,3.265977132320404,4.632092475891113,sidon_wet1,ua_ser,0.4490927322704376
100,2.8495333981513977,2.882338523864746,sigmos_overall,2.1582852482795714,3.505967271327972,sidon_wet1,ua_ser,0.4166897162836415
100,4.180896828174591,4.243254661560059,sigmos_reverb,3.4744159460067747,4.704543256759644,sidon_wet1,ua_ser,0.38284193264459904
100,3.4987639355659486,3.5528805255889893,sigmos_speech,2.6287615299224854,4.199095678329468,sidon_wet1,ua_ser,0.46362785294863573
100,3.520821626186371,3.569270968437195,sigmos_coloration,2.693339765071869,4.16350212097168,sidon_wet1,ukr_dialects,0.447514946460507
100,4.218742575645447,4.266824245452881,sigmos_discontinuity,3.669393837451935,4.663962650299072,sidon_wet1,ukr_dialects,0.3021793531248021
100,3.654720323085785,3.7627391815185547,sigmos_loudness,2.8498928785324096,4.537684798240662,sidon_wet1,ukr_dialects,0.5058492746479805
100,4.258674221038818,4.329570055007935,sigmos_noise,3.580476975440979,4.707543921470642,sidon_wet1,ukr_dialects,0.3817081807755214
100,3.0910725450515746,3.113679051399231,sigmos_overall,2.3437424063682557,3.756019413471222,sidon_wet1,ukr_dialects,0.42253161931005756
100,4.5074931192398076,4.607296705245972,sigmos_reverb,3.9417628169059755,4.868908309936524,sidon_wet1,ukr_dialects,0.3295452444441824
100,3.6891133785247803,3.680327534675598,sigmos_speech,2.893970954418182,4.244055223464966,sidon_wet1,ukr_dialects,0.3896032792095602
800,3.4152474811673166,3.4047675132751465,sigmos_coloration,2.7564231276512148,4.09218807220459,clearervoice_sidon_wet0.5,all,0.4049317352586719
800,4.148662902414799,4.177799463272095,sigmos_discontinuity,3.4466100931167603,4.705950307846069,clearervoice_sidon_wet0.5,all,0.3970003100361368
800,3.706819958090782,3.7859230041503906,sigmos_loudness,2.636693060398102,4.535438346862792,clearervoice_sidon_wet0.5,all,0.593988478943421
800,4.031121134459973,4.163683891296387,sigmos_noise,2.8191285133361816,4.674289107322693,clearervoice_sidon_wet0.5,all,0.5598643560007179
800,3.0170139038562773,3.05389666557312,sigmos_overall,2.2066884994506837,3.704267334938049,clearervoice_sidon_wet0.5,all,0.4673357764845275
800,4.229531097710133,4.333921909332275,sigmos_reverb,3.365859639644623,4.800838327407837,clearervoice_sidon_wet0.5,all,0.4596986794061306
800,3.620131288766861,3.6697129011154175,sigmos_speech,2.8110395073890686,4.244586515426636,clearervoice_sidon_wet0.5,all,0.4487686517200391
100,3.32541761636734,3.300727128982544,sigmos_coloration,2.672027850151062,3.9894304513931274,clearervoice_sidon_wet0.5,common_voice_available_uk,0.432250328225775
100,4.011643261909485,3.9855875968933105,sigmos_discontinuity,3.3304767370224,4.769059658050537,clearervoice_sidon_wet0.5,common_voice_available_uk,0.42931619832005297
100,3.8365565943717956,3.84325635433197,sigmos_loudness,3.168070936203003,4.431419062614441,clearervoice_sidon_wet0.5,common_voice_available_uk,0.39477759498554066
100,4.0203847980499265,4.089499473571777,sigmos_noise,3.1071979641914367,4.564443778991699,clearervoice_sidon_wet0.5,common_voice_available_uk,0.4104550545970329
100,2.905065095424652,2.873253345489502,sigmos_overall,2.3024064540863036,3.4899693965911864,clearervoice_sidon_wet0.5,common_voice_available_uk,0.35367023661221725
100,4.130004446506501,4.224548816680908,sigmos_reverb,3.396977651119232,4.789526700973511,clearervoice_sidon_wet0.5,common_voice_available_uk,0.4452671611620503
100,3.4474277973175047,3.4428513050079346,sigmos_speech,2.8417986035346985,4.031360220909119,clearervoice_sidon_wet0.5,common_voice_available_uk,0.37607574208236993
100,3.4934023094177244,3.5019487142562866,sigmos_coloration,2.8545879244804384,4.004435706138611,clearervoice_sidon_wet0.5,fleurs_uk,0.3209326916067107
100,4.1113375425338745,4.097566366195679,sigmos_discontinuity,3.590924823284149,4.583031010627747,clearervoice_sidon_wet0.5,fleurs_uk,0.31163998568252116
100,3.446853532791138,3.3868311643600464,sigmos_loudness,1.8326172351837158,4.710307788848877,clearervoice_sidon_wet0.5,fleurs_uk,0.870888076936254
100,4.222809739112854,4.254298448562622,sigmos_noise,3.525113570690155,4.731654644012451,clearervoice_sidon_wet0.5,fleurs_uk,0.38538918905219943
100,3.062757124900818,3.106721878051758,sigmos_overall,2.2285274863243103,3.6972216725349427,clearervoice_sidon_wet0.5,fleurs_uk,0.42707462982269523
100,4.3939045453071595,4.511168956756592,sigmos_reverb,3.534808897972107,4.869993448257446,clearervoice_sidon_wet0.5,fleurs_uk,0.42121363857779054
100,3.6683705615997315,3.696796178817749,sigmos_speech,2.9668567180633545,4.200603008270264,clearervoice_sidon_wet0.5,fleurs_uk,0.3677545268151938
100,3.3186487221717833,3.339627265930176,sigmos_coloration,2.7569918632507324,3.849127638339996,clearervoice_sidon_wet0.5,opentts_lada,0.32845921780686627
100,4.139953556060791,4.134184122085571,sigmos_discontinuity,3.4912740707397463,4.765968751907349,clearervoice_sidon_wet0.5,opentts_lada,0.36451920706729907
100,3.183218705654144,3.181869864463806,sigmos_loudness,2.4793599963188173,3.887973415851593,clearervoice_sidon_wet0.5,opentts_lada,0.4363164169582719
100,4.000024697780609,4.04126501083374,sigmos_noise,3.232022702693939,4.60936439037323,clearervoice_sidon_wet0.5,opentts_lada,0.4333938221953129
100,2.7829492497444153,2.763040781021118,sigmos_overall,2.403607177734375,3.256727886199951,clearervoice_sidon_wet0.5,opentts_lada,0.2862921343115941
100,4.17346244096756,4.198422908782959,sigmos_reverb,3.710894286632538,4.734036231040955,clearervoice_sidon_wet0.5,opentts_lada,0.33397431147813333
100,3.5320766711235048,3.565604090690613,sigmos_speech,2.9990347981452943,3.9858662486076355,clearervoice_sidon_wet0.5,opentts_lada,0.32498675230383467
100,3.5862501192092897,3.52312433719635,sigmos_coloration,3.067324924468994,4.249939775466919,clearervoice_sidon_wet0.5,opentts_mykyta,0.37034878397204507
100,4.339730966091156,4.4151930809021,sigmos_discontinuity,3.850432538986206,4.776279783248901,clearervoice_sidon_wet0.5,opentts_mykyta,0.28607765146021147
100,4.08775143623352,4.122604131698608,sigmos_loudness,3.409007716178894,4.607412242889405,clearervoice_sidon_wet0.5,opentts_mykyta,0.3755324814933862
100,4.295738823413849,4.320843458175659,sigmos_noise,3.879821467399597,4.666884899139404,clearervoice_sidon_wet0.5,opentts_mykyta,0.24699243682881175
100,3.4325344514846803,3.4822909832000732,sigmos_overall,2.8545703649520875,3.81808100938797,clearervoice_sidon_wet0.5,opentts_mykyta,0.2824970176692828
100,4.431238317489624,4.493170738220215,sigmos_reverb,3.922456419467926,4.789403510093689,clearervoice_sidon_wet0.5,opentts_mykyta,0.27751137852247654
100,3.9324259185791015,3.9611852169036865,sigmos_speech,3.41196722984314,4.391653203964234,clearervoice_sidon_wet0.5,opentts_mykyta,0.3115333256143815
100,3.4257843780517576,3.4016917943954468,sigmos_coloration,2.9572190284729003,3.9445170521736146,clearervoice_sidon_wet0.5,opentts_tetiana,0.3219210700121516
100,4.301843626499176,4.330796003341675,sigmos_discontinuity,3.8117067575454713,4.695232009887695,clearervoice_sidon_wet0.5,opentts_tetiana,0.30368497252480453
100,4.020556488037109,3.9974056482315063,sigmos_loudness,3.490919053554535,4.521108102798462,clearervoice_sidon_wet0.5,opentts_tetiana,0.35014776527737584
100,4.386817984580993,4.41307806968689,sigmos_noise,3.961472237110138,4.696076846122741,clearervoice_sidon_wet0.5,opentts_tetiana,0.23231096051974698
100,3.351514468193054,3.345602512359619,sigmos_overall,2.8386860370635985,3.7943415999412533,clearervoice_sidon_wet0.5,opentts_tetiana,0.31052032793563944
100,4.45672967672348,4.493985652923584,sigmos_reverb,4.015156507492065,4.798974871635437,clearervoice_sidon_wet0.5,opentts_tetiana,0.24757254123126685
100,3.923972315788269,3.915344715118408,sigmos_speech,3.405190885066986,4.401585054397582,clearervoice_sidon_wet0.5,opentts_tetiana,0.31470398154742824
100,3.462114408016205,3.436087727546692,sigmos_coloration,2.7957310914993285,4.233366298675537,clearervoice_sidon_wet0.5,tg_voices_uk,0.4285298662831181
100,4.150816972255707,4.126533031463623,sigmos_discontinuity,3.5504986524581907,4.749041366577148,clearervoice_sidon_wet0.5,tg_voices_uk,0.3620820090013557
100,3.9884918546676635,4.0454206466674805,sigmos_loudness,3.0596858739852903,4.588727951049805,clearervoice_sidon_wet0.5,tg_voices_uk,0.4318200460480092
100,4.013351681232453,4.161108493804932,sigmos_noise,2.967354440689087,4.60662431716919,clearervoice_sidon_wet0.5,tg_voices_uk,0.5298055863791182
100,3.0691404271125795,3.102502942085266,sigmos_overall,2.388200116157532,3.639584219455719,clearervoice_sidon_wet0.5,tg_voices_uk,0.4470364364270171
100,4.223461406230927,4.321260452270508,sigmos_reverb,3.4035744786262514,4.763210582733154,clearervoice_sidon_wet0.5,tg_voices_uk,0.4147773924454532
100,3.6731403923034667,3.7228899002075195,sigmos_speech,2.9275014638900756,4.229544353485108,clearervoice_sidon_wet0.5,tg_voices_uk,0.4169114046670487
100,3.232302718162537,3.2454423904418945,sigmos_coloration,2.5527679204940794,3.849484658241272,clearervoice_sidon_wet0.5,ua_ser,0.41508984446336467
100,3.8957021045684814,3.938842535018921,sigmos_discontinuity,2.898406970500946,4.579313945770264,clearervoice_sidon_wet0.5,ua_ser,0.531185606256773
100,3.551546320915222,3.5658260583877563,sigmos_loudness,2.7939832329750063,4.192057204246521,clearervoice_sidon_wet0.5,ua_ser,0.4192587233405785
100,3.432061240673065,3.518315315246582,sigmos_noise,2.1834074020385743,4.426973104476929,clearervoice_sidon_wet0.5,ua_ser,0.7087933497948368
100,2.6041986298561097,2.582574725151062,sigmos_overall,1.8331001162528993,3.3304962515830994,clearervoice_sidon_wet0.5,ua_ser,0.4504743421037579
100,3.78147839307785,3.8160780668258667,sigmos_reverb,2.8213004946708677,4.670969486236572,clearervoice_sidon_wet0.5,ua_ser,0.5550212621695786
100,3.236108808517456,3.2781198024749756,sigmos_speech,2.153763461112976,3.889694046974182,clearervoice_sidon_wet0.5,ua_ser,0.5128161032337124
100,3.4780595779418944,3.451751708984375,sigmos_coloration,2.720718193054199,4.165631628036499,clearervoice_sidon_wet0.5,ukr_dialects,0.47416534851753683
100,4.238275189399719,4.2931599617004395,sigmos_discontinuity,3.6903064131736754,4.688064289093018,clearervoice_sidon_wet0.5,ukr_dialects,0.3271122130935166
100,3.539584732055664,3.481166958808899,sigmos_loudness,2.6214465737342834,4.458028078079224,clearervoice_sidon_wet0.5,ukr_dialects,0.5987555221345481
100,3.8777801108360292,4.065101385116577,sigmos_noise,2.5352577567100525,4.676536202430725,clearervoice_sidon_wet0.5,ukr_dialects,0.6983045513114239
100,2.9279517841339113,2.973497152328491,sigmos_overall,2.0131793856620788,3.6434468030929565,clearervoice_sidon_wet0.5,ukr_dialects,0.4937228323402528
100,4.24596955537796,4.372088193893433,sigmos_reverb,3.3993389010429382,4.82868070602417,clearervoice_sidon_wet0.5,ukr_dialects,0.5015332600756356
100,3.5475278449058534,3.575750946998596,sigmos_speech,2.7399991273880007,4.209508681297303,clearervoice_sidon_wet0.5,ukr_dialects,0.45897457236757694
800,3.453483029305935,3.4511289596557617,sigmos_coloration,2.7935784220695496,4.090425395965576,clearervoice_sidon_wet1,all,0.395050527780853
800,4.156363761723042,4.168601036071777,sigmos_discontinuity,3.5274978637695313,4.710544991493225,clearervoice_sidon_wet1,all,0.37639299381579344
800,3.7480948877334597,3.837916612625122,sigmos_loudness,2.7277599215507506,4.49167914390564,clearervoice_sidon_wet1,all,0.5585091071919353
800,4.245974338054657,4.286514520645142,sigmos_noise,3.5829204440116884,4.724318170547485,clearervoice_sidon_wet1,all,0.3591583687876774
800,3.1212125161290167,3.1400266885757446,sigmos_overall,2.4093435168266297,3.7553382873535153,clearervoice_sidon_wet1,all,0.4087530577700807
800,4.439525120854378,4.498699188232422,sigmos_reverb,3.8422343134880066,4.833497858047485,clearervoice_sidon_wet1,all,0.3145498842736897
800,3.7112202921509745,3.746021270751953,sigmos_speech,3.0485156893730165,4.292415881156921,clearervoice_sidon_wet1,all,0.385856125247864
100,3.3754238176345823,3.3847198486328125,sigmos_coloration,2.7895128965377807,4.029687309265137,clearervoice_sidon_wet1,common_voice_available_uk,0.37665181593432845
100,4.017870965003968,4.006457805633545,sigmos_discontinuity,3.3504307508468627,4.581633973121643,clearervoice_sidon_wet1,common_voice_available_uk,0.38842989727533317
100,3.819014985561371,3.8362518548965454,sigmos_loudness,3.2072873950004577,4.36904890537262,clearervoice_sidon_wet1,common_voice_available_uk,0.3724743036486027
100,4.237594270706177,4.2513275146484375,sigmos_noise,3.5796151757240295,4.6897248268127445,clearervoice_sidon_wet1,common_voice_available_uk,0.3139513643185033
100,3.012566111087799,3.0339168310165405,sigmos_overall,2.418777143955231,3.5621912479400635,clearervoice_sidon_wet1,common_voice_available_uk,0.34183266268042145
100,4.4073955655097965,4.446507453918457,sigmos_reverb,3.899522578716278,4.782781195640564,clearervoice_sidon_wet1,common_voice_available_uk,0.2794096381114997
100,3.590079138278961,3.5756313800811768,sigmos_speech,3.023707187175751,4.082353615760803,clearervoice_sidon_wet1,common_voice_available_uk,0.35529925725427147
100,3.5581871914863585,3.5347427129745483,sigmos_coloration,2.898145687580109,4.055015754699707,clearervoice_sidon_wet1,fleurs_uk,0.37018870143513816
100,4.118350400924682,4.1092681884765625,sigmos_discontinuity,3.597765338420868,4.550789952278137,clearervoice_sidon_wet1,fleurs_uk,0.3097761101601053
100,3.48671781539917,3.5998551845550537,sigmos_loudness,1.870786154270172,4.672189140319825,clearervoice_sidon_wet1,fleurs_uk,0.8538148117618507
100,4.383678789138794,4.402788162231445,sigmos_noise,3.9426548361778258,4.764852929115295,clearervoice_sidon_wet1,fleurs_uk,0.2546438560636643
100,3.149022922515869,3.2155805826187134,sigmos_overall,2.3416484355926515,3.7463887095451356,clearervoice_sidon_wet1,fleurs_uk,0.4246180766466998
100,4.585699434280396,4.6239707469940186,sigmos_reverb,4.193101906776429,4.8762153625488285,clearervoice_sidon_wet1,fleurs_uk,0.21922429699575874
100,3.7600004410743715,3.7867578268051147,sigmos_speech,3.2160333395004272,4.206989479064942,clearervoice_sidon_wet1,fleurs_uk,0.3140569172837856
100,3.301086926460266,3.3253124952316284,sigmos_coloration,2.7025890827178953,3.8191570043563843,clearervoice_sidon_wet1,opentts_lada,0.34122864611242326
100,4.238969349861145,4.2692039012908936,sigmos_discontinuity,3.559638786315918,4.753805208206177,clearervoice_sidon_wet1,opentts_lada,0.3513932753971532
100,3.2194669032096863,3.2059942483901978,sigmos_loudness,2.474277448654175,4.026136445999145,clearervoice_sidon_wet1,opentts_lada,0.4315907231242019
100,4.077561006546021,4.151795387268066,sigmos_noise,3.401858723163605,4.6155061483383175,clearervoice_sidon_wet1,opentts_lada,0.41149261837277806
100,2.824602885246277,2.8185219764709473,sigmos_overall,2.3293413043022158,3.2806738018989563,clearervoice_sidon_wet1,opentts_lada,0.30115716271325466
100,4.348884778022766,4.364437103271484,sigmos_reverb,3.8494391202926637,4.79836790561676,clearervoice_sidon_wet1,opentts_lada,0.29010956171988617
100,3.5482183623313905,3.5843104124069214,sigmos_speech,3.016952872276306,3.9835044622421263,clearervoice_sidon_wet1,opentts_lada,0.3349073835730574
100,3.579083888530731,3.5942492485046387,sigmos_coloration,3.037090706825256,4.160971593856812,clearervoice_sidon_wet1,opentts_mykyta,0.3610700578637147
100,4.3065819382667545,4.331201791763306,sigmos_discontinuity,3.8673522233963014,4.737189984321594,clearervoice_sidon_wet1,opentts_mykyta,0.29632823581240225
100,4.079891912937164,4.112438440322876,sigmos_loudness,3.5431008100509644,4.581412458419799,clearervoice_sidon_wet1,opentts_mykyta,0.32595933758771284
100,4.297601644992828,4.277555227279663,sigmos_noise,3.945409119129181,4.69878830909729,clearervoice_sidon_wet1,opentts_mykyta,0.23104145755642733
100,3.4195692896842957,3.451903223991394,sigmos_overall,2.9856939911842346,3.8652747869491577,clearervoice_sidon_wet1,opentts_mykyta,0.27868478875407265
100,4.530814499855041,4.582195281982422,sigmos_reverb,4.056883025169372,4.8062254905700685,clearervoice_sidon_wet1,opentts_mykyta,0.24095474627902588
100,3.927728924751282,3.9526630640029907,sigmos_speech,3.4502580046653746,4.394282650947571,clearervoice_sidon_wet1,opentts_mykyta,0.3102982897221823
100,3.4346781611442565,3.4350218772888184,sigmos_coloration,2.947926342487335,3.948174202442169,clearervoice_sidon_wet1,opentts_tetiana,0.3151891059705762
100,4.326776649951935,4.333306550979614,sigmos_discontinuity,3.7871833205223084,4.783341598510742,clearervoice_sidon_wet1,opentts_tetiana,0.3100352410953713
100,3.9728736758232115,3.949743390083313,sigmos_loudness,3.494143915176392,4.455066919326782,clearervoice_sidon_wet1,opentts_tetiana,0.3282892428055154
100,4.394096260070801,4.3963048458099365,sigmos_noise,3.9687615633010864,4.7598918914794925,clearervoice_sidon_wet1,opentts_tetiana,0.2337956263197375
100,3.3482776737213134,3.349623203277588,sigmos_overall,2.7086646795272826,3.8579049706459045,clearervoice_sidon_wet1,opentts_tetiana,0.3492550410558357
100,4.533331623077393,4.576822996139526,sigmos_reverb,4.111394286155701,4.8385422945022585,clearervoice_sidon_wet1,opentts_tetiana,0.2280417573078233
100,3.9229127097129823,3.9492212533950806,sigmos_speech,3.345699155330658,4.457155227661133,clearervoice_sidon_wet1,opentts_tetiana,0.34329326859645654
100,3.49497177362442,3.47515070438385,sigmos_coloration,2.8873430728912353,4.208267545700073,clearervoice_sidon_wet1,tg_voices_uk,0.41633576791136073
100,4.076487708091736,4.04773473739624,sigmos_discontinuity,3.5785088777542113,4.669748973846436,clearervoice_sidon_wet1,tg_voices_uk,0.3413715829115512
100,3.9248419857025145,3.9855923652648926,sigmos_loudness,3.074000346660614,4.517472839355468,clearervoice_sidon_wet1,tg_voices_uk,0.3991058911797118
100,4.24067234992981,4.260868072509766,sigmos_noise,3.652143108844757,4.66367552280426,clearervoice_sidon_wet1,tg_voices_uk,0.3112773467885385
100,3.176653094291687,3.1496217250823975,sigmos_overall,2.649518895149231,3.638737869262695,clearervoice_sidon_wet1,tg_voices_uk,0.34267447817300695
100,4.417468342781067,4.495057582855225,sigmos_reverb,3.786495566368103,4.782499647140503,clearervoice_sidon_wet1,tg_voices_uk,0.3272340607622112
100,3.7164848828315735,3.7290852069854736,sigmos_speech,3.154729998111725,4.305069756507874,clearervoice_sidon_wet1,tg_voices_uk,0.3653498333378492
100,3.353615746498108,3.320448637008667,sigmos_coloration,2.733560764789581,4.024779462814331,clearervoice_sidon_wet1,ua_ser,0.413328697993019
100,3.934900028705597,3.974803328514099,sigmos_discontinuity,3.0634400129318236,4.599209332466125,clearervoice_sidon_wet1,ua_ser,0.4670414721976243
100,3.818852686882019,3.8852806091308594,sigmos_loudness,3.0620878100395204,4.4624162197113035,clearervoice_sidon_wet1,ua_ser,0.4774515903619075
100,4.065340735912323,4.180429935455322,sigmos_noise,3.1682416081428526,4.621102905273437,clearervoice_sidon_wet1,ua_ser,0.4994443482422022
100,2.9349090480804443,2.9384987354278564,sigmos_overall,2.2426220893859865,3.6912962675094603,clearervoice_sidon_wet1,ua_ser,0.42887659495971303
100,4.162223331928253,4.193472862243652,sigmos_reverb,3.5523354411125183,4.733601331710815,clearervoice_sidon_wet1,ua_ser,0.3734434190786874
100,3.536910388469696,3.566845417022705,sigmos_speech,2.840613806247711,4.148063993453979,clearervoice_sidon_wet1,ua_ser,0.44246819330700304
100,3.530816729068756,3.5750911235809326,sigmos_coloration,2.7385963916778566,4.176505517959595,clearervoice_sidon_wet1,ukr_dialects,0.4529889558789946
100,4.2309730529785154,4.300363540649414,sigmos_discontinuity,3.5743049144744874,4.656940293312073,clearervoice_sidon_wet1,ukr_dialects,0.3231326948772136
100,3.663099136352539,3.759039521217346,sigmos_loudness,2.7317960262298584,4.412183856964111,clearervoice_sidon_wet1,ukr_dialects,0.532261881110279
100,4.271249647140503,4.309202432632446,sigmos_noise,3.6211962699890137,4.72579288482666,clearervoice_sidon_wet1,ukr_dialects,0.37356020268018536
100,3.1040991044044492,3.1340092420578003,sigmos_overall,2.3721887826919557,3.719859516620636,clearervoice_sidon_wet1,ukr_dialects,0.41058003118564484
100,4.53038339138031,4.618364334106445,sigmos_reverb,4.017286860942841,4.878194999694824,clearervoice_sidon_wet1,ukr_dialects,0.3020757544391083
100,3.6874274897575376,3.705413579940796,sigmos_speech,3.0130966305732727,4.263452363014221,clearervoice_sidon_wet1,ukr_dialects,0.3799495961857121
800,3.4223244526982306,3.409622311592102,sigmos_coloration,2.757501447200775,4.14224226474762,clearervoice_sidon_deepfilternet3_wet0.5,all,0.4082095643185778
800,4.142350717782974,4.15804386138916,sigmos_discontinuity,3.4725094079971313,4.714726209640503,clearervoice_sidon_deepfilternet3_wet0.5,all,0.385853247181522
800,3.677402483522892,3.750509023666382,sigmos_loudness,2.604626142978668,4.497778749465941,clearervoice_sidon_deepfilternet3_wet0.5,all,0.5873726688989727
800,4.031546176970005,4.169869899749756,sigmos_noise,2.8963215708732606,4.675816369056702,clearervoice_sidon_deepfilternet3_wet0.5,all,0.5631228309530362
800,3.027379447817802,3.0608670711517334,sigmos_overall,2.2151877641677857,3.7099689364433286,clearervoice_sidon_deepfilternet3_wet0.5,all,0.4693309975394499
800,4.208153682053089,4.297662973403931,sigmos_reverb,3.3458451509475706,4.808184361457824,clearervoice_sidon_deepfilternet3_wet0.5,all,0.45992222964429647
800,3.631342168152332,3.6831544637680054,sigmos_speech,2.8496901631355285,4.250731420516968,clearervoice_sidon_deepfilternet3_wet0.5,all,0.44444746232019816
100,3.359627859592438,3.336736798286438,sigmos_coloration,2.769783353805542,4.133925271034241,clearervoice_sidon_deepfilternet3_wet0.5,common_voice_available_uk,0.43651288271673905
100,4.029269516468048,4.003542184829712,sigmos_discontinuity,3.342877447605133,4.698418402671813,clearervoice_sidon_deepfilternet3_wet0.5,common_voice_available_uk,0.4269747385922644
100,3.7995962142944335,3.8000987768173218,sigmos_loudness,3.1378584265708924,4.452676820755005,clearervoice_sidon_deepfilternet3_wet0.5,common_voice_available_uk,0.3989411827915186
100,4.033586378097534,4.131343841552734,sigmos_noise,3.2054214477539062,4.589321327209473,clearervoice_sidon_deepfilternet3_wet0.5,common_voice_available_uk,0.41656865539897303
100,2.9251886367797852,2.9060301780700684,sigmos_overall,2.3596847295761108,3.4973490238189697,clearervoice_sidon_deepfilternet3_wet0.5,common_voice_available_uk,0.3322474282398469
100,4.122571141719818,4.181636333465576,sigmos_reverb,3.424698233604431,4.783289432525635,clearervoice_sidon_deepfilternet3_wet0.5,common_voice_available_uk,0.43354183020620635
100,3.491155164241791,3.485389471054077,sigmos_speech,2.869971179962158,4.064020824432373,clearervoice_sidon_deepfilternet3_wet0.5,common_voice_available_uk,0.37112418664971225
100,3.4927652430534364,3.4937915802001953,sigmos_coloration,2.947651445865631,3.9864409446716307,clearervoice_sidon_deepfilternet3_wet0.5,fleurs_uk,0.3229526695830688
100,4.116689670085907,4.066510200500488,sigmos_discontinuity,3.6993075966835023,4.576949596405029,clearervoice_sidon_deepfilternet3_wet0.5,fleurs_uk,0.2998217827458169
100,3.4141122579574583,3.3083460330963135,sigmos_loudness,1.9696682572364808,4.693301939964294,clearervoice_sidon_deepfilternet3_wet0.5,fleurs_uk,0.8630226938934693
100,4.225744736194611,4.258423089981079,sigmos_noise,3.370953011512756,4.7481348514556885,clearervoice_sidon_deepfilternet3_wet0.5,fleurs_uk,0.3980206119488987
100,3.068037631511688,3.1107258796691895,sigmos_overall,2.282723104953766,3.6653130531311033,clearervoice_sidon_deepfilternet3_wet0.5,fleurs_uk,0.4132732933006531
100,4.383832049369812,4.46041464805603,sigmos_reverb,3.604851686954498,4.847413063049316,clearervoice_sidon_deepfilternet3_wet0.5,fleurs_uk,0.42287649494770535
100,3.660622284412384,3.700660228729248,sigmos_speech,2.9544535636901856,4.172759652137756,clearervoice_sidon_deepfilternet3_wet0.5,fleurs_uk,0.35515747438765294
100,3.335676019191742,3.3564391136169434,sigmos_coloration,2.7875895500183105,3.89638512134552,clearervoice_sidon_deepfilternet3_wet0.5,opentts_lada,0.3208695442234157
100,4.1252740335464475,4.078721523284912,sigmos_discontinuity,3.513091254234314,4.792505693435669,clearervoice_sidon_deepfilternet3_wet0.5,opentts_lada,0.37267707399960925
100,3.171999888420105,3.185957908630371,sigmos_loudness,2.4223942518234254,3.8277023434638977,clearervoice_sidon_deepfilternet3_wet0.5,opentts_lada,0.4283229137739676
100,4.025001091957092,4.066164970397949,sigmos_noise,3.2505656599998476,4.7062735080719,clearervoice_sidon_deepfilternet3_wet0.5,opentts_lada,0.42427789517979153
100,2.7935741758346557,2.777475357055664,sigmos_overall,2.344648003578186,3.3454415440559386,clearervoice_sidon_deepfilternet3_wet0.5,opentts_lada,0.29190937275835366
100,4.134852194786072,4.12960410118103,sigmos_reverb,3.666833281517029,4.739307808876037,clearervoice_sidon_deepfilternet3_wet0.5,opentts_lada,0.3324420528283776
100,3.5433131361007693,3.53362774848938,sigmos_speech,2.9810401678085325,4.003473448753357,clearervoice_sidon_deepfilternet3_wet0.5,opentts_lada,0.3227997046737095
100,3.5675794219970705,3.519590735435486,sigmos_coloration,3.036854565143585,4.2151686668396,clearervoice_sidon_deepfilternet3_wet0.5,opentts_mykyta,0.3696335998493123
100,4.313654992580414,4.35264778137207,sigmos_discontinuity,3.894542419910431,4.738172268867492,clearervoice_sidon_deepfilternet3_wet0.5,opentts_mykyta,0.26392298672116343
100,4.015373439788818,4.059731483459473,sigmos_loudness,3.360595715045929,4.546490359306335,clearervoice_sidon_deepfilternet3_wet0.5,opentts_mykyta,0.377686500309538
100,4.300686020851135,4.295400142669678,sigmos_noise,3.923546242713928,4.678487348556518,clearervoice_sidon_deepfilternet3_wet0.5,opentts_mykyta,0.2320834813532722
100,3.4333765625953676,3.4816678762435913,sigmos_overall,2.849478781223297,3.7522673845291137,clearervoice_sidon_deepfilternet3_wet0.5,opentts_mykyta,0.28403501184615343
100,4.403615272045135,4.43923807144165,sigmos_reverb,3.8832554459571837,4.754812407493591,clearervoice_sidon_deepfilternet3_wet0.5,opentts_mykyta,0.26801358013166326
100,3.9127081274986266,3.9386028051376343,sigmos_speech,3.377294456958771,4.364066791534424,clearervoice_sidon_deepfilternet3_wet0.5,opentts_mykyta,0.3016651633273061
100,3.420326142311096,3.4025113582611084,sigmos_coloration,2.897596037387848,3.8823062062263487,clearervoice_sidon_deepfilternet3_wet0.5,opentts_tetiana,0.3093931342912979
100,4.257824671268463,4.2896435260772705,sigmos_discontinuity,3.751879799365997,4.703807687759399,clearervoice_sidon_deepfilternet3_wet0.5,opentts_tetiana,0.2884258561010695
100,3.9828975343704225,4.030099868774414,sigmos_loudness,3.410593044757843,4.440729093551636,clearervoice_sidon_deepfilternet3_wet0.5,opentts_tetiana,0.31594402717360864
100,4.361990051269531,4.382015705108643,sigmos_noise,3.955098104476929,4.670939898490905,clearervoice_sidon_deepfilternet3_wet0.5,opentts_tetiana,0.2304130964824809
100,3.4006334829330442,3.3920819759368896,sigmos_overall,2.933377718925476,3.864425706863403,clearervoice_sidon_deepfilternet3_wet0.5,opentts_tetiana,0.29192052645110206
100,4.43549046754837,4.478238821029663,sigmos_reverb,3.991758108139038,4.820041131973267,clearervoice_sidon_deepfilternet3_wet0.5,opentts_tetiana,0.25275777264609894
100,3.9518520998954774,3.94135582447052,sigmos_speech,3.5165935754776,4.4705686330795285,clearervoice_sidon_deepfilternet3_wet0.5,opentts_tetiana,0.28950523116850857
100,3.4691934394836426,3.4114946126937866,sigmos_coloration,2.8509366035461428,4.238890886306763,clearervoice_sidon_deepfilternet3_wet0.5,tg_voices_uk,0.44970118203262
100,4.146900219917297,4.132468223571777,sigmos_discontinuity,3.5564083814620973,4.721043395996094,clearervoice_sidon_deepfilternet3_wet0.5,tg_voices_uk,0.36259190435367844
100,3.9678874468803405,4.03875207901001,sigmos_loudness,3.04452406167984,4.611123514175415,clearervoice_sidon_deepfilternet3_wet0.5,tg_voices_uk,0.4367705669869261
100,4.022650306224823,4.147433280944824,sigmos_noise,3.0961361289024354,4.6476822853088375,clearervoice_sidon_deepfilternet3_wet0.5,tg_voices_uk,0.5218587356231001
100,3.064265069961548,3.091267943382263,sigmos_overall,2.345970642566681,3.6721313953399655,clearervoice_sidon_deepfilternet3_wet0.5,tg_voices_uk,0.45324637501739823
100,4.189070224761963,4.267104148864746,sigmos_reverb,3.355430567264557,4.745046472549438,clearervoice_sidon_deepfilternet3_wet0.5,tg_voices_uk,0.42197463997183454
100,3.6789538049697876,3.705835461616516,sigmos_speech,2.949960672855377,4.262894225120545,clearervoice_sidon_deepfilternet3_wet0.5,tg_voices_uk,0.4223090634010027
100,3.250617923736572,3.3268020153045654,sigmos_coloration,2.4961395144462584,3.8711930513381954,clearervoice_sidon_deepfilternet3_wet0.5,ua_ser,0.4326442060997379
100,3.9109280371665953,3.9502416849136353,sigmos_discontinuity,2.991916561126709,4.659079766273498,clearervoice_sidon_deepfilternet3_wet0.5,ua_ser,0.5287328059622934
100,3.5503502917289733,3.5861217975616455,sigmos_loudness,2.6574102640151978,4.193836879730225,clearervoice_sidon_deepfilternet3_wet0.5,ua_ser,0.481031511324772
100,3.4043691658973696,3.534375309944153,sigmos_noise,2.221833288669586,4.417101645469665,clearervoice_sidon_deepfilternet3_wet0.5,ua_ser,0.7223021302307413
100,2.599096109867096,2.6318963766098022,sigmos_overall,1.7352668046951294,3.3525285363197326,clearervoice_sidon_deepfilternet3_wet0.5,ua_ser,0.47618302763681014
100,3.7761738896369934,3.7936683893203735,sigmos_reverb,2.78048859834671,4.662425065040589,clearervoice_sidon_deepfilternet3_wet0.5,ua_ser,0.5574882736271036
100,3.2518280029296873,3.361937165260315,sigmos_speech,2.1978482365608216,3.957241344451904,clearervoice_sidon_deepfilternet3_wet0.5,ua_ser,0.5359704234144055
100,3.4828095722198484,3.480911135673523,sigmos_coloration,2.710678720474243,4.203990650177002,clearervoice_sidon_deepfilternet3_wet0.5,ukr_dialects,0.4905852887591686
100,4.238264601230622,4.262436628341675,sigmos_discontinuity,3.623666560649872,4.631795525550842,clearervoice_sidon_deepfilternet3_wet0.5,ukr_dialects,0.31129332275265115
100,3.5170027947425844,3.4580326080322266,sigmos_loudness,2.586642527580261,4.4098358154296875,clearervoice_sidon_deepfilternet3_wet0.5,ukr_dialects,0.5783724031539421
100,3.8783416652679445,4.120575189590454,sigmos_noise,2.518622326850891,4.665145325660705,clearervoice_sidon_deepfilternet3_wet0.5,ukr_dialects,0.6982806742489023
100,2.9348639130592344,3.0097789764404297,sigmos_overall,2.007633888721466,3.6151831865310666,clearervoice_sidon_deepfilternet3_wet0.5,ukr_dialects,0.48315931101474524
100,4.219624216556549,4.339150428771973,sigmos_reverb,3.278399658203125,4.813139200210571,clearervoice_sidon_deepfilternet3_wet0.5,ukr_dialects,0.5194260688801661
100,3.5603047251701354,3.623162269592285,sigmos_speech,2.7203192591667174,4.187759828567505,clearervoice_sidon_deepfilternet3_wet0.5,ukr_dialects,0.4585606859924271
800,3.464939286708832,3.4655492305755615,sigmos_coloration,2.8241331338882447,4.1163791656494135,clearervoice_sidon_deepfilternet3_wet1,all,0.386097457039442
800,4.131450262069702,4.152750253677368,sigmos_discontinuity,3.5389376401901247,4.689561462402343,clearervoice_sidon_deepfilternet3_wet1,all,0.3634920546214153
800,3.6966169720888136,3.7690517902374268,sigmos_loudness,2.7018027782440184,4.448441910743713,clearervoice_sidon_deepfilternet3_wet1,all,0.542468417808836
800,4.285308208167553,4.328103065490723,sigmos_noise,3.6616487741470336,4.7303640127182005,clearervoice_sidon_deepfilternet3_wet1,all,0.31914885833260265
800,3.1530088275671004,3.1615673303604126,sigmos_overall,2.4467319369316103,3.760111999511718,clearervoice_sidon_deepfilternet3_wet1,all,0.4007696241830933
800,4.414060162603855,4.483519077301025,sigmos_reverb,3.816451108455658,4.829981279373169,clearervoice_sidon_deepfilternet3_wet1,all,0.3169341287219418
800,3.7213331243395804,3.7578705549240112,sigmos_speech,3.0706387519836427,4.3044078826904295,clearervoice_sidon_deepfilternet3_wet1,all,0.37328977406055663
100,3.3853328037261963,3.3688143491744995,sigmos_coloration,2.7867541193962095,4.017784023284912,clearervoice_sidon_deepfilternet3_wet1,common_voice_available_uk,0.3773734337060875
100,3.9973728370666506,4.004802227020264,sigmos_discontinuity,3.329498565196991,4.595395302772522,clearervoice_sidon_deepfilternet3_wet1,common_voice_available_uk,0.3748696909162073
100,3.7295526313781737,3.716378688812256,sigmos_loudness,3.158937656879425,4.369693922996521,clearervoice_sidon_deepfilternet3_wet1,common_voice_available_uk,0.3763551582521437
100,4.28972587108612,4.315248489379883,sigmos_noise,3.6367096066474915,4.734601736068726,clearervoice_sidon_deepfilternet3_wet1,common_voice_available_uk,0.31153776728109
100,3.04933655500412,3.057830333709717,sigmos_overall,2.4742273330688476,3.5745555758476257,clearervoice_sidon_deepfilternet3_wet1,common_voice_available_uk,0.3256933624232262
100,4.367588410377502,4.3933985233306885,sigmos_reverb,3.7758052110672,4.827449345588684,clearervoice_sidon_deepfilternet3_wet1,common_voice_available_uk,0.2889512078971761
100,3.5963049054145815,3.6339612007141113,sigmos_speech,3.0093477725982667,4.1475971937179565,clearervoice_sidon_deepfilternet3_wet1,common_voice_available_uk,0.34442407479007087
100,3.56983827829361,3.5521003007888794,sigmos_coloration,2.9167291641235353,4.137963843345642,clearervoice_sidon_deepfilternet3_wet1,fleurs_uk,0.35869770157583164
100,4.128877828121185,4.127336740493774,sigmos_discontinuity,3.687965726852417,4.6170941352844235,clearervoice_sidon_deepfilternet3_wet1,fleurs_uk,0.2884222314484952
100,3.4492044639587403,3.481700897216797,sigmos_loudness,1.9044681787490845,4.544591951370239,clearervoice_sidon_deepfilternet3_wet1,fleurs_uk,0.8254027284958755
100,4.391541061401367,4.409290552139282,sigmos_noise,3.934373605251312,4.77164990901947,clearervoice_sidon_deepfilternet3_wet1,fleurs_uk,0.24884287023245308
100,3.176110565662384,3.2314168214797974,sigmos_overall,2.344862163066864,3.799914562702179,clearervoice_sidon_deepfilternet3_wet1,fleurs_uk,0.4146793349351649
100,4.579376263618469,4.615248918533325,sigmos_reverb,4.174444460868836,4.8720362186431885,clearervoice_sidon_deepfilternet3_wet1,fleurs_uk,0.2250541378691541
100,3.7691338157653806,3.7997266054153442,sigmos_speech,3.2615058064460754,4.23583984375,clearervoice_sidon_deepfilternet3_wet1,fleurs_uk,0.3094789775689692
100,3.312086343765259,3.320349931716919,sigmos_coloration,2.7420921683311463,3.861291563510895,clearervoice_sidon_deepfilternet3_wet1,opentts_lada,0.3260081550888779
100,4.232635037899017,4.201220512390137,sigmos_discontinuity,3.7096073031425476,4.74722580909729,clearervoice_sidon_deepfilternet3_wet1,opentts_lada,0.35181960541558716
100,3.2218388438224794,3.2084391117095947,sigmos_loudness,2.59212783575058,3.953402578830719,clearervoice_sidon_deepfilternet3_wet1,opentts_lada,0.4137331569047719
100,4.145344226360321,4.189947605133057,sigmos_noise,3.4642651200294496,4.6673708200454715,clearervoice_sidon_deepfilternet3_wet1,opentts_lada,0.3921921125571909
100,2.854255533218384,2.885831832885742,sigmos_overall,2.353336000442505,3.326214063167572,clearervoice_sidon_deepfilternet3_wet1,opentts_lada,0.29291984665320586
100,4.327486183643341,4.353487253189087,sigmos_reverb,3.833565580844879,4.780974245071411,clearervoice_sidon_deepfilternet3_wet1,opentts_lada,0.2864859176021197
100,3.565250988006592,3.6028053760528564,sigmos_speech,2.9237172484397886,3.9700705289840696,clearervoice_sidon_deepfilternet3_wet1,opentts_lada,0.3362502078114479
100,3.566103060245514,3.568237543106079,sigmos_coloration,2.981622242927551,4.1270753860473635,clearervoice_sidon_deepfilternet3_wet1,opentts_mykyta,0.35081771503312187
100,4.230264477729797,4.24062442779541,sigmos_discontinuity,3.7869853138923646,4.6904243469238285,clearervoice_sidon_deepfilternet3_wet1,opentts_mykyta,0.29027366468172194
100,4.02166620016098,4.034954786300659,sigmos_loudness,3.4454646706581116,4.492823791503906,clearervoice_sidon_deepfilternet3_wet1,opentts_mykyta,0.33166129479649886
100,4.315101175308228,4.291610479354858,sigmos_noise,3.9948025941848755,4.644008612632751,clearervoice_sidon_deepfilternet3_wet1,opentts_mykyta,0.20583312565805267
100,3.449269104003906,3.4490535259246826,sigmos_overall,3.053490912914276,3.883267903327942,clearervoice_sidon_deepfilternet3_wet1,opentts_mykyta,0.2571127625675799
100,4.487112858295441,4.524848222732544,sigmos_reverb,4.007822740077972,4.784290409088134,clearervoice_sidon_deepfilternet3_wet1,opentts_mykyta,0.24491383819728507
100,3.9050255680084227,3.9147136211395264,sigmos_speech,3.447783553600311,4.3643553256988525,clearervoice_sidon_deepfilternet3_wet1,opentts_mykyta,0.2810806148540113
100,3.4566727685928345,3.45277738571167,sigmos_coloration,2.9798288345336914,3.929883253574371,clearervoice_sidon_deepfilternet3_wet1,opentts_tetiana,0.3047661805014614
100,4.2717338562011715,4.240445852279663,sigmos_discontinuity,3.806187999248505,4.760121011734009,clearervoice_sidon_deepfilternet3_wet1,opentts_tetiana,0.2830526358224244
100,3.928263204097748,3.9362664222717285,sigmos_loudness,3.4499091148376464,4.338538289070129,clearervoice_sidon_deepfilternet3_wet1,opentts_tetiana,0.2721744676408264
100,4.366541397571564,4.376159906387329,sigmos_noise,3.981191122531891,4.759383749961853,clearervoice_sidon_deepfilternet3_wet1,opentts_tetiana,0.23958911775681713
100,3.3809300374984743,3.410690426826477,sigmos_overall,2.83181254863739,3.873350977897644,clearervoice_sidon_deepfilternet3_wet1,opentts_tetiana,0.3332597711224609
100,4.5034247446060185,4.562321186065674,sigmos_reverb,4.0878084897994995,4.827693009376526,clearervoice_sidon_deepfilternet3_wet1,opentts_tetiana,0.24881352881011154
100,3.927541344165802,3.92714786529541,sigmos_speech,3.3878842115402223,4.421127271652222,clearervoice_sidon_deepfilternet3_wet1,opentts_tetiana,0.338516155475584
100,3.4776079511642455,3.463647484779358,sigmos_coloration,2.834755003452301,4.241520428657531,clearervoice_sidon_deepfilternet3_wet1,tg_voices_uk,0.41562752404421277
100,4.064378230571747,4.05104923248291,sigmos_discontinuity,3.5543344259262084,4.595936059951782,clearervoice_sidon_deepfilternet3_wet1,tg_voices_uk,0.3272879532908716
100,3.8677041292190553,3.872558116912842,sigmos_loudness,3.111158275604248,4.4671389818191525,clearervoice_sidon_deepfilternet3_wet1,tg_voices_uk,0.3976871186196106
100,4.2801339507102965,4.347614765167236,sigmos_noise,3.707169806957245,4.667212677001953,clearervoice_sidon_deepfilternet3_wet1,tg_voices_uk,0.29908939579720584
100,3.1859532165527344,3.1467069387435913,sigmos_overall,2.7407046794891357,3.7443585991859436,clearervoice_sidon_deepfilternet3_wet1,tg_voices_uk,0.3498297535856477
100,4.378320953845978,4.427345275878906,sigmos_reverb,3.8142951011657713,4.799124240875244,clearervoice_sidon_deepfilternet3_wet1,tg_voices_uk,0.33397376234805887
100,3.702959735393524,3.7303653955459595,sigmos_speech,3.1644319176673887,4.247069931030273,clearervoice_sidon_deepfilternet3_wet1,tg_voices_uk,0.3744075134185284
100,3.379935948848724,3.3466556072235107,sigmos_coloration,2.7423409461975097,4.111820983886719,clearervoice_sidon_deepfilternet3_wet1,ua_ser,0.4231944800951054
100,3.937191801071167,3.9726548194885254,sigmos_discontinuity,2.9411843061447143,4.622173118591308,clearervoice_sidon_deepfilternet3_wet1,ua_ser,0.4667787905004311
100,3.7734176993370054,3.8213623762130737,sigmos_loudness,2.8626175045967104,4.5201873779296875,clearervoice_sidon_deepfilternet3_wet1,ua_ser,0.5289962399460112
100,4.190042662620544,4.264304161071777,sigmos_noise,3.526818096637726,4.6539004087448115,clearervoice_sidon_deepfilternet3_wet1,ua_ser,0.3715640574880133
100,2.9687483978271483,2.9768561124801636,sigmos_overall,2.2313026666641234,3.69692690372467,clearervoice_sidon_deepfilternet3_wet1,ua_ser,0.438744411812818
100,4.175654094219208,4.188238143920898,sigmos_reverb,3.6242277145385744,4.697374892234802,clearervoice_sidon_deepfilternet3_wet1,ua_ser,0.3496953759007012
100,3.573539369106293,3.623953938484192,sigmos_speech,2.86150963306427,4.21522741317749,clearervoice_sidon_deepfilternet3_wet1,ua_ser,0.4386820183134224
100,3.5719371390342713,3.6813422441482544,sigmos_coloration,2.828171491622925,4.1810746669769285,clearervoice_sidon_deepfilternet3_wet1,ukr_dialects,0.4213983188921229
100,4.189148027896881,4.23895525932312,sigmos_discontinuity,3.5835002422332765,4.6433748483657835,clearervoice_sidon_deepfilternet3_wet1,ukr_dialects,0.34192563599739134
100,3.581288604736328,3.6472009420394897,sigmos_loudness,2.744537281990051,4.353447914123535,clearervoice_sidon_deepfilternet3_wet1,ukr_dialects,0.49244177711521514
100,4.304035320281982,4.391723871231079,sigmos_noise,3.668236994743347,4.770592856407165,clearervoice_sidon_deepfilternet3_wet1,ukr_dialects,0.35628064953805866
100,3.1594672107696535,3.1988070011138916,sigmos_overall,2.435913348197937,3.747969913482666,clearervoice_sidon_deepfilternet3_wet1,ukr_dialects,0.39206412288352616
100,4.493517792224884,4.552497625350952,sigmos_reverb,3.6973484992980956,4.853439855575561,clearervoice_sidon_deepfilternet3_wet1,ukr_dialects,0.3419213708857314
100,3.7309092688560486,3.756524443626404,sigmos_speech,3.1628957986831665,4.281953954696656,clearervoice_sidon_deepfilternet3_wet1,ukr_dialects,0.3467775146011548
800,3.445919225513935,3.4527021646499634,sigmos_coloration,2.8338067293167115,4.0669817447662355,legacy_cascade,all,0.3725997484163965
800,4.054282206594944,4.070158004760742,sigmos_discontinuity,3.4129260897636415,4.653811836242675,legacy_cascade,all,0.38608584686039604
800,3.7101867526769636,3.7623499631881714,sigmos_loudness,2.8466944217681887,4.4152806282043455,legacy_cascade,all,0.5154139295939418
800,4.266350429058075,4.301403999328613,sigmos_noise,3.727430272102356,4.707947182655334,legacy_cascade,all,0.29222705967851853
800,3.1358511167764664,3.13915753364563,sigmos_overall,2.5584216475486756,3.7092500448226926,legacy_cascade,all,0.35890156175518606
800,4.421383382081985,4.4677793979644775,sigmos_reverb,3.8821343421936034,4.824403691291809,legacy_cascade,all,0.30352509862010596
800,3.6615852865576746,3.6726186275482178,sigmos_speech,3.0817913174629212,4.231063747406006,legacy_cascade,all,0.3612401448995674
100,3.2928794622421265,3.3452030420303345,sigmos_coloration,2.6722482323646544,3.861583030223846,legacy_cascade,common_voice_available_uk,0.3649034015279014
100,3.9646307539939882,3.9614322185516357,sigmos_discontinuity,3.3714409947395323,4.611622333526611,legacy_cascade,common_voice_available_uk,0.3933520665738289
100,3.714267177581787,3.7153271436691284,sigmos_loudness,3.0355024218559263,4.316808128356934,legacy_cascade,common_voice_available_uk,0.3783748104920349
100,4.3237795066833495,4.353696823120117,sigmos_noise,3.810159480571747,4.707726955413818,legacy_cascade,common_voice_available_uk,0.24820071078678688
100,3.0353180813789367,3.047768235206604,sigmos_overall,2.6315705299377443,3.43465439081192,legacy_cascade,common_voice_available_uk,0.2747077179426175
100,4.322246100902557,4.361937761306763,sigmos_reverb,3.852495801448822,4.799579048156739,legacy_cascade,common_voice_available_uk,0.2993239742085958
100,3.5505246257781984,3.543439269065857,sigmos_speech,3.137416970729828,4.058667111396789,legacy_cascade,common_voice_available_uk,0.3159212829247824
100,3.552739133834839,3.5816214084625244,sigmos_coloration,3.012264573574066,4.069290041923523,legacy_cascade,fleurs_uk,0.3241670178135916
100,4.037248992919922,4.065986633300781,sigmos_discontinuity,3.5223416328430175,4.45462486743927,legacy_cascade,fleurs_uk,0.2857695680640032
100,3.406591613292694,3.451298952102661,sigmos_loudness,1.7980013489723206,4.503156304359436,legacy_cascade,fleurs_uk,0.8413037044656371
100,4.386895029544831,4.422089338302612,sigmos_noise,3.94225594997406,4.732060766220092,legacy_cascade,fleurs_uk,0.23770536425504157
100,3.1277403688430785,3.162821054458618,sigmos_overall,2.450826370716095,3.6636393547058104,legacy_cascade,fleurs_uk,0.36647864439308797
100,4.607233736515045,4.6735687255859375,sigmos_reverb,4.102545762062073,4.875841784477234,legacy_cascade,fleurs_uk,0.2328251998930776
100,3.728280348777771,3.7505499124526978,sigmos_speech,3.2319122076034548,4.138398194313049,legacy_cascade,fleurs_uk,0.28424354769071786
100,3.3047834753990175,3.2960788011550903,sigmos_coloration,2.965057373046875,3.729333484172821,legacy_cascade,opentts_lada,0.24484494536194282
100,4.2094700407981875,4.229679346084595,sigmos_discontinuity,3.5325499296188356,4.807647776603699,legacy_cascade,opentts_lada,0.40838266820986935
100,3.373707993030548,3.3587485551834106,sigmos_loudness,2.8724093317985533,3.907344400882721,legacy_cascade,opentts_lada,0.34661751552305115
100,4.120692584514618,4.165288686752319,sigmos_noise,3.5537225127220156,4.563930463790894,legacy_cascade,opentts_lada,0.3353136783192754
100,2.929834644794464,2.9349693059921265,sigmos_overall,2.547315764427185,3.3717880725860594,legacy_cascade,opentts_lada,0.24964894974592658
100,4.354781756401062,4.35981011390686,sigmos_reverb,3.8618330478668215,4.793326330184937,legacy_cascade,opentts_lada,0.2795122710630167
100,3.563588502407074,3.5930442810058594,sigmos_speech,3.0658352732658387,4.076814746856689,legacy_cascade,opentts_lada,0.3192305472492507
100,3.595998568534851,3.544019341468811,sigmos_coloration,3.0204240560531614,4.159193229675293,legacy_cascade,opentts_mykyta,0.33578905257614833
100,4.120092012882233,4.1143786907196045,sigmos_discontinuity,3.6208607077598574,4.744247913360596,legacy_cascade,opentts_mykyta,0.3408495490659016
100,4.017406618595123,4.047787666320801,sigmos_loudness,3.4662289381027223,4.5200237274169925,legacy_cascade,opentts_mykyta,0.3426259424582843
100,4.252829251289367,4.224037170410156,sigmos_noise,3.953440582752228,4.6603676080703735,legacy_cascade,opentts_mykyta,0.21941038179052388
100,3.4512063694000243,3.4649674892425537,sigmos_overall,2.970440399646759,3.8644876599311826,legacy_cascade,opentts_mykyta,0.28484820149928103
100,4.485901350975037,4.481105804443359,sigmos_reverb,4.121141314506531,4.8112602710723875,legacy_cascade,opentts_mykyta,0.21146734535785505
100,3.897450039386749,3.9144320487976074,sigmos_speech,3.36062753200531,4.373472213745117,legacy_cascade,opentts_mykyta,0.311832219023948
100,3.495781135559082,3.5389820337295532,sigmos_coloration,3.011479413509369,3.969380724430084,legacy_cascade,opentts_tetiana,0.29363763451814684
100,4.120182042121887,4.133718490600586,sigmos_discontinuity,3.524727392196655,4.5937954664230345,legacy_cascade,opentts_tetiana,0.32244041294113246
100,3.9189711308479307,3.923856019973755,sigmos_loudness,3.461405003070831,4.389962506294251,legacy_cascade,opentts_tetiana,0.3032570008037945
100,4.3499000549316404,4.3537983894348145,sigmos_noise,3.9767321348190308,4.667883777618409,legacy_cascade,opentts_tetiana,0.22036898163394453
100,3.3291164422035218,3.3249839544296265,sigmos_overall,2.896397852897644,3.766778349876404,legacy_cascade,opentts_tetiana,0.27602418509039306
100,4.52284227848053,4.5634050369262695,sigmos_reverb,4.106541132926941,4.837373399734497,legacy_cascade,opentts_tetiana,0.23177548227792624
100,3.8307139825820924,3.825205445289612,sigmos_speech,3.3743247985839844,4.333123207092285,legacy_cascade,opentts_tetiana,0.3062492779286697
100,3.467584013938904,3.516056180000305,sigmos_coloration,2.85382741689682,4.118102359771728,legacy_cascade,tg_voices_uk,0.4191230908244041
100,3.998745219707489,4.014785528182983,sigmos_discontinuity,3.4745818734169007,4.563538694381713,legacy_cascade,tg_voices_uk,0.36349954979033283
100,3.843758466243744,3.8629541397094727,sigmos_loudness,3.169024658203125,4.424257040023804,legacy_cascade,tg_voices_uk,0.380642810072309
100,4.263753788471222,4.2918946743011475,sigmos_noise,3.763482367992401,4.6732580184936525,legacy_cascade,tg_voices_uk,0.28310159286226383
100,3.1490900039672853,3.1514989137649536,sigmos_overall,2.464570140838623,3.663108253479004,legacy_cascade,tg_voices_uk,0.35210439934852644
100,4.378381750583649,4.4610655307769775,sigmos_reverb,3.866414260864258,4.746032166481018,legacy_cascade,tg_voices_uk,0.3155995357573223
100,3.6231237149238584,3.643567442893982,sigmos_speech,2.987966763973236,4.210742378234864,legacy_cascade,tg_voices_uk,0.3847250789286581
100,3.3136085987091066,3.302517294883728,sigmos_coloration,2.716540515422821,3.932672548294067,legacy_cascade,ua_ser,0.385353144463027
100,3.9015548753738405,3.8906556367874146,sigmos_discontinuity,3.1182873845100403,4.654202222824097,legacy_cascade,ua_ser,0.5183532467789117
100,3.8379737186431884,3.907992124557495,sigmos_loudness,3.03733344078064,4.412518072128296,legacy_cascade,ua_ser,0.4389791381402303
100,4.169151544570923,4.219539642333984,sigmos_noise,3.681082010269165,4.696660327911377,legacy_cascade,ua_ser,0.34701725396284494
100,2.960509009361267,2.9665063619613647,sigmos_overall,2.2223420262336733,3.480719494819641,legacy_cascade,ua_ser,0.3717104630483338
100,4.191944496631622,4.266043424606323,sigmos_reverb,3.669195628166199,4.723726487159729,legacy_cascade,ua_ser,0.3513566299894205
100,3.467073292732239,3.480823278427124,sigmos_speech,2.791497015953064,4.015527439117432,legacy_cascade,ua_ser,0.3993551968481036
100,3.5439794158935545,3.587982177734375,sigmos_coloration,2.8328970789909365,4.2050793170928955,legacy_cascade,ukr_dialects,0.4265747043704977
100,4.082333714962005,4.087416172027588,sigmos_discontinuity,3.5708118319511413,4.631972813606263,legacy_cascade,ukr_dialects,0.3163575938003612
100,3.5688173031806945,3.5262224674224854,sigmos_loudness,2.7668304324150084,4.285961771011353,legacy_cascade,ukr_dialects,0.4578473994396083
100,4.263801672458649,4.29302716255188,sigmos_noise,3.7148234367370607,4.737636351585388,legacy_cascade,ukr_dialects,0.31573741909190745
100,3.103994014263153,3.1175392866134644,sigmos_overall,2.5226816058158876,3.6306779503822324,legacy_cascade,ukr_dialects,0.34287347042917443
100,4.5077355861663815,4.5677008628845215,sigmos_reverb,3.9794176697731016,4.842763185501099,legacy_cascade,ukr_dialects,0.2615122279822015
100,3.631927785873413,3.643998622894287,sigmos_speech,3.0541658878326414,4.211224961280823,legacy_cascade,ukr_dialects,0.33481978361912584
800,3.5513752272725103,3.5360807180404663,sigmos_coloration,2.8770840048789976,4.242620253562928,normalized_best,all,0.4099051818158141
800,4.169287203252315,4.189738035202026,sigmos_discontinuity,3.5699873208999633,4.746007633209229,normalized_best,all,0.37825582763945037
800,3.7134878981113433,3.7671090364456177,sigmos_loudness,2.7491965770721434,4.468771314620971,normalized_best,all,0.5379241518190758
800,4.244376434385776,4.3032402992248535,sigmos_noise,3.607487738132477,4.726663970947265,normalized_best,all,0.36771297814666315
800,3.237029198408127,3.2273507118225098,sigmos_overall,2.5824219226837157,3.8590759754180906,normalized_best,all,0.40189053029517063
800,4.340565729737282,4.414835453033447,sigmos_reverb,3.708888816833496,4.823384261131286,normalized_best,all,0.3665546529420288
800,3.779937364757061,3.8135565519332886,sigmos_speech,3.0911474347114565,4.3815772294998165,normalized_best,all,0.38638258887429155
100,3.4618032002449035,3.470644235610962,sigmos_coloration,2.781244921684265,4.232388162612915,normalized_best,common_voice_available_uk,0.4209948185700705
100,4.082010042667389,4.078812599182129,sigmos_discontinuity,3.4833589792251587,4.599609684944153,normalized_best,common_voice_available_uk,0.36785677851083476
100,3.7961284852027894,3.7514445781707764,sigmos_loudness,3.2876354098320006,4.374151992797851,normalized_best,common_voice_available_uk,0.3528251887974193
100,4.209178695678711,4.2354254722595215,sigmos_noise,3.6153101325035095,4.71144061088562,normalized_best,common_voice_available_uk,0.3093831882314757
100,3.134401886463165,3.1142871379852295,sigmos_overall,2.6580506324768067,3.663544166088104,normalized_best,common_voice_available_uk,0.3122573652441204
100,4.233189332485199,4.300059080123901,sigmos_reverb,3.5424747467041016,4.759535312652588,normalized_best,common_voice_available_uk,0.40119762164309836
100,3.633194785118103,3.6445062160491943,sigmos_speech,3.070092535018921,4.192961192131042,normalized_best,common_voice_available_uk,0.3487771404872817
100,3.608535602092743,3.5877439975738525,sigmos_coloration,3.0538745641708376,4.142774200439453,normalized_best,fleurs_uk,0.34734652215354883
100,4.075135300159454,4.0850138664245605,sigmos_discontinuity,3.5622549772262575,4.6170941352844235,normalized_best,fleurs_uk,0.3085283612654905
100,3.5699870085716245,3.6118801832199097,sigmos_loudness,2.2033974528312683,4.544591951370239,normalized_best,fleurs_uk,0.7094988608407863
100,4.2742317152023315,4.332879066467285,sigmos_noise,3.652152156829834,4.707440042495727,normalized_best,fleurs_uk,0.34709385384716424
100,3.2133520650863647,3.232618808746338,sigmos_overall,2.5070298314094543,3.799914562702179,normalized_best,fleurs_uk,0.37894844526283444
100,4.533934712409973,4.569494247436523,sigmos_reverb,4.068942308425903,4.8720362186431885,normalized_best,fleurs_uk,0.2630449679006204
100,3.746097722053528,3.7808154821395874,sigmos_speech,3.0748199582099915,4.23583984375,normalized_best,fleurs_uk,0.34357347830481394
100,3.347928771972656,3.3591500520706177,sigmos_coloration,2.7437549829483032,3.8241992950439454,normalized_best,opentts_lada,0.31651457666289673
100,4.212650067806244,4.193260192871094,sigmos_discontinuity,3.7086657524108886,4.782999706268311,normalized_best,opentts_lada,0.366799391275407
100,3.16931978225708,3.1705278158187866,sigmos_loudness,2.5742460012435915,3.953402578830719,normalized_best,opentts_lada,0.428737583873068
100,4.102323043346405,4.136859893798828,sigmos_noise,3.466136658191681,4.627288484573365,normalized_best,opentts_lada,0.38270992853147984
100,2.9462110209465027,2.9297155141830444,sigmos_overall,2.554159152507782,3.3336791515350344,normalized_best,opentts_lada,0.25105803583693465
100,4.279154562950135,4.263596534729004,sigmos_reverb,3.832863140106201,4.666307091712952,normalized_best,opentts_lada,0.27484655805158853
100,3.6402146363258363,3.6688371896743774,sigmos_speech,3.0812025904655456,4.038386297225952,normalized_best,opentts_lada,0.29228114931462396
100,3.7693375277519228,3.7726794481277466,sigmos_coloration,3.0395850777626037,4.414559602737427,normalized_best,opentts_mykyta,0.40919682120829565
100,4.392891354560852,4.412012100219727,sigmos_discontinuity,3.9241518139839173,4.813399410247802,normalized_best,opentts_mykyta,0.2833795297084503
100,4.017221384048462,4.055405616760254,sigmos_loudness,3.377429747581482,4.580135107040405,normalized_best,opentts_mykyta,0.39579695138201854
100,4.338054988384247,4.3352556228637695,sigmos_noise,3.9329477906227113,4.719735646247863,normalized_best,opentts_mykyta,0.24494779288440927
100,3.6364940929412843,3.6650919914245605,sigmos_overall,3.1902422308921814,4.0494963169097895,normalized_best,opentts_mykyta,0.2746364872745146
100,4.365530502796173,4.423534393310547,sigmos_reverb,3.8507999897003176,4.823065304756165,normalized_best,opentts_mykyta,0.31553404962126524
100,4.093753292560577,4.131222248077393,sigmos_speech,3.5027796030044556,4.527997398376465,normalized_best,opentts_mykyta,0.29551182579387614
100,3.5754228615760804,3.5540833473205566,sigmos_coloration,3.1054478883743286,4.099372434616089,normalized_best,opentts_tetiana,0.3111455947579869
100,4.266365237236023,4.287814378738403,sigmos_discontinuity,3.8068641781806947,4.78341703414917,normalized_best,opentts_tetiana,0.29498075408347607
100,3.95676415681839,3.93945574760437,sigmos_loudness,3.5148622512817385,4.454822421073914,normalized_best,opentts_tetiana,0.30744538233670826
100,4.393324322700501,4.3965277671813965,sigmos_noise,3.9825164437294007,4.776217460632324,normalized_best,opentts_tetiana,0.246562647457997
100,3.500663559436798,3.486763119697571,sigmos_overall,3.0293824434280396,4.024644041061402,normalized_best,opentts_tetiana,0.30258479997921744
100,4.440296845436096,4.521215200424194,sigmos_reverb,3.9934040784835814,4.80336365699768,normalized_best,opentts_tetiana,0.287278891454743
100,4.019892473220825,4.008004188537598,sigmos_speech,3.4942915558815004,4.524388527870178,normalized_best,opentts_tetiana,0.3075789595715378
100,3.61913729429245,3.605123281478882,sigmos_coloration,3.001368057727814,4.410242199897766,normalized_best,tg_voices_uk,0.42915084479068427
100,4.139655590057373,4.084893465042114,sigmos_discontinuity,3.565427601337433,4.75012321472168,normalized_best,tg_voices_uk,0.3755390099476521
100,3.8758754301071168,3.8969451189041138,sigmos_loudness,3.111158275604248,4.4671389818191525,normalized_best,tg_voices_uk,0.43173056205986515
100,4.248907749652862,4.339492559432983,sigmos_noise,3.707169806957245,4.645510220527649,normalized_best,tg_voices_uk,0.3489319353987553
100,3.261899950504303,3.2003947496414185,sigmos_overall,2.7436885714530943,3.7934850335121153,normalized_best,tg_voices_uk,0.3718337677474457
100,4.2814554953575135,4.352992534637451,sigmos_reverb,3.4744551539421082,4.754171848297119,normalized_best,tg_voices_uk,0.41127634111149053
100,3.7736060643196105,3.791469931602478,sigmos_speech,3.204714286327362,4.3481690168380736,normalized_best,tg_voices_uk,0.3861691760994695
100,3.4268557953834535,3.4206243753433228,sigmos_coloration,2.840616452693939,4.111820983886719,normalized_best,ua_ser,0.38933955438881807
100,3.9714587712287903,3.979353427886963,sigmos_discontinuity,2.9411843061447143,4.644194507598876,normalized_best,ua_ser,0.46967645231627886
100,3.76601930141449,3.809972405433655,sigmos_loudness,2.9243781089782717,4.506409978866577,normalized_best,ua_ser,0.5030092616946781
100,4.109786841869354,4.247390985488892,sigmos_noise,3.359582448005676,4.640570139884948,normalized_best,ua_ser,0.5021124639839218
100,3.0067315220832826,3.0009297132492065,sigmos_overall,2.3163575887680055,3.69692690372467,normalized_best,ua_ser,0.39949577711360257
100,4.148634674549103,4.1579813957214355,sigmos_reverb,3.4734962940216065,4.697374892234802,normalized_best,ua_ser,0.3938893647414397
100,3.5741319990158082,3.6035284996032715,sigmos_speech,2.8633374094963076,4.21522741317749,normalized_best,ua_ser,0.422794407523513
100,3.6019807648658753,3.631386637687683,sigmos_coloration,2.828171491622925,4.337659549713135,normalized_best,ukr_dialects,0.4718861207799466
100,4.2141312623023985,4.2687718868255615,sigmos_discontinuity,3.5703108310699463,4.705347657203674,normalized_best,ukr_dialects,0.36168522510828605
100,3.5565876364707947,3.6326404809951782,sigmos_loudness,2.6140708565711974,4.353620553016663,normalized_best,ukr_dialects,0.5328191686702793
100,4.2792041182518,4.390297889709473,sigmos_noise,3.587202215194702,4.770592856407165,normalized_best,ukr_dialects,0.3895668284628357
100,3.1964794898033144,3.2199937105178833,sigmos_overall,2.5720493316650392,3.772038173675537,normalized_best,ukr_dialects,0.37829612692146736
100,4.442329711914063,4.525531053543091,sigmos_reverb,3.635739779472351,4.870754504203797,normalized_best,ukr_dialects,0.38583436142562716
100,3.7586079454421997,3.818615436553955,sigmos_speech,3.170355129241943,4.293427038192749,normalized_best,ukr_dialects,0.343934624802729
206,3.8268608016875185,3.802856683731079,sigmos_coloration,3.2712143063545227,4.417729139328003,normalized_best_ge3_5,all,0.36841605827751805
206,4.388802500604426,4.403253078460693,sigmos_discontinuity,3.9063960313796997,4.7923935651779175,normalized_best_ge3_5,all,0.2697567287840245
206,4.038664018066184,4.067841291427612,sigmos_loudness,3.3185722827911377,4.583362817764282,normalized_best_ge3_5,all,0.3783401709010507
206,4.421250781966645,4.454066038131714,sigmos_noise,3.9929134249687195,4.780115842819214,normalized_best_ge3_5,all,0.263991115326573
206,3.742546990079787,3.70973801612854,sigmos_overall,3.5197031497955322,4.093071937561035,normalized_best_ge3_5,all,0.2022259859838874
206,4.505086839777752,4.560534954071045,sigmos_reverb,3.866054356098175,4.870909810066223,normalized_best_ge3_5,all,0.2957546571102041
206,4.201558485771846,4.190329551696777,sigmos_speech,3.882589042186737,4.545684576034546,normalized_best_ge3_5,all,0.21328008580898344
15,3.7127862771352134,3.6293439865112305,sigmos_coloration,3.094320011138916,4.456719779968261,normalized_best_ge3_5,common_voice_available_uk,0.4590911508114281
15,4.402779992421468,4.407925605773926,sigmos_discontinuity,4.011743783950806,4.839868593215942,normalized_best_ge3_5,common_voice_available_uk,0.2691508741160672
15,4.0844442049662275,4.1319684982299805,sigmos_loudness,3.605345058441162,4.49894847869873,normalized_best_ge3_5,common_voice_available_uk,0.31903946055928695
15,4.382564544677734,4.365289688110352,sigmos_noise,4.189046382904053,4.738424777984619,normalized_best_ge3_5,common_voice_available_uk,0.18257267135953864
15,3.637710968653361,3.5953619480133057,sigmos_overall,3.5203286170959474,3.8517053604125975,normalized_best_ge3_5,common_voice_available_uk,0.10599783733033892
15,4.526266972223918,4.523200988769531,sigmos_reverb,4.011844325065613,4.892152404785156,normalized_best_ge3_5,common_voice_available_uk,0.2918632024931215
15,4.119657484690348,4.105593681335449,sigmos_speech,3.8962119817733765,4.317969226837159,normalized_best_ge3_5,common_voice_available_uk,0.13119955420253288
22,3.848976427858526,3.9112513065338135,sigmos_coloration,3.2405755639076235,4.17769615650177,normalized_best_ge3_5,fleurs_uk,0.3186714125209229
22,4.305959398096258,4.259127616882324,sigmos_discontinuity,4.0658117771148685,4.618406438827515,normalized_best_ge3_5,fleurs_uk,0.18473765372714535
22,3.9870722727342085,4.154204368591309,sigmos_loudness,2.9982154607772826,4.653805303573608,normalized_best_ge3_5,fleurs_uk,0.5201046128125196
22,4.468556664206765,4.491583824157715,sigmos_noise,4.161774373054504,4.786400294303894,normalized_best_ge3_5,fleurs_uk,0.2091850528370153
22,3.700026436285539,3.6987833976745605,sigmos_overall,3.512387716770172,3.946509063243866,normalized_best_ge3_5,fleurs_uk,0.12683567670817147
22,4.6734019192782315,4.688279151916504,sigmos_reverb,4.26748685836792,4.889086484909058,normalized_best_ge3_5,fleurs_uk,0.20195600380798107
22,4.128662998026067,4.110299587249756,sigmos_speech,3.9161426305770872,4.34544997215271,normalized_best_ge3_5,fleurs_uk,0.13431560901032286
1,4.01593542098999,4.01593542098999,sigmos_coloration,4.01593542098999,4.01593542098999,normalized_best_ge3_5,opentts_lada,0.0
1,4.244826316833496,4.244826316833496,sigmos_discontinuity,4.244826316833496,4.244826316833496,normalized_best_ge3_5,opentts_lada,0.0
1,3.2431304454803467,3.2431304454803467,sigmos_loudness,3.2431304454803467,3.2431304454803467,normalized_best_ge3_5,opentts_lada,0.0
1,4.705717086791992,4.705717086791992,sigmos_noise,4.705717086791992,4.705717086791992,normalized_best_ge3_5,opentts_lada,0.0
1,3.553678512573242,3.553678512573242,sigmos_overall,3.553678512573242,3.553678512573242,normalized_best_ge3_5,opentts_lada,0.0
1,4.608550548553467,4.608550548553467,sigmos_reverb,4.608550548553467,4.608550548553467,normalized_best_ge3_5,opentts_lada,0.0
1,3.8777201175689697,3.8777201175689697,sigmos_speech,3.8777201175689697,3.8777201175689697,normalized_best_ge3_5,opentts_lada,0.0
66,3.906455061652444,3.9025940895080566,sigmos_coloration,3.3827611804008484,4.455885410308838,normalized_best_ge3_5,opentts_mykyta,0.36630350823687724
66,4.431333346800371,4.453520774841309,sigmos_discontinuity,3.9372019171714783,4.8196330070495605,normalized_best_ge3_5,opentts_mykyta,0.2811156527795898
66,4.058409401864717,4.060433626174927,sigmos_loudness,3.584665298461914,4.602744936943054,normalized_best_ge3_5,opentts_mykyta,0.39657593080315495
66,4.387599948680762,4.391760349273682,sigmos_noise,3.9929134249687195,4.766244649887085,normalized_best_ge3_5,opentts_mykyta,0.22861662835901533
66,3.7869130914861504,3.765899419784546,sigmos_overall,3.5304455161094666,4.122975826263428,normalized_best_ge3_5,opentts_mykyta,0.19878974974314606
66,4.4113850123954546,4.457184076309204,sigmos_reverb,3.858072578907013,4.825439929962158,normalized_best_ge3_5,opentts_mykyta,0.30597805893354335
66,4.2313410838445025,4.232105016708374,sigmos_speech,3.9142611026763916,4.5370097160339355,normalized_best_ge3_5,opentts_mykyta,0.2119175265369269
47,3.7312014255117862,3.7061448097229004,sigmos_coloration,3.2924914836883543,4.290242767333984,normalized_best_ge3_5,opentts_tetiana,0.3106845702931177
47,4.404971092305285,4.394282341003418,sigmos_discontinuity,3.953331446647644,4.788177442550659,normalized_best_ge3_5,opentts_tetiana,0.24655129360987468
47,4.037345495629818,4.049186706542969,sigmos_loudness,3.619188737869263,4.49929256439209,normalized_best_ge3_5,opentts_tetiana,0.2943292400907192
47,4.464035095052516,4.4940338134765625,sigmos_noise,4.0805951118469235,4.7835108757019045,normalized_best_ge3_5,opentts_tetiana,0.2263221995762858
47,3.7543922383734523,3.6997578144073486,sigmos_overall,3.533828616142273,4.135839986801147,normalized_best_ge3_5,opentts_tetiana,0.20020683825062124
47,4.560354364679215,4.621221542358398,sigmos_reverb,4.123697662353516,4.821337032318115,normalized_best_ge3_5,opentts_tetiana,0.2370499283659477
47,4.256176923183685,4.239692211151123,sigmos_speech,3.9745972871780397,4.566605472564697,normalized_best_ge3_5,opentts_tetiana,0.21280412427844034
25,3.823604230880737,3.661134958267212,sigmos_coloration,3.282115077972412,4.501364135742187,normalized_best_ge3_5,tg_voices_uk,0.4420449778914836
25,4.418030405044556,4.371953010559082,sigmos_discontinuity,4.055184745788575,4.81984806060791,normalized_best_ge3_5,tg_voices_uk,0.27169273306933606
25,4.135780229568481,4.144676208496094,sigmos_loudness,3.7010409355163576,4.534503364562988,normalized_best_ge3_5,tg_voices_uk,0.31698255442156464
25,4.342685985565185,4.4997782707214355,sigmos_noise,3.777437353134155,4.661204147338867,normalized_best_ge3_5,tg_voices_uk,0.41923343710907235
25,3.737979602813721,3.6989002227783203,sigmos_overall,3.5072046279907227,4.064741373062134,normalized_best_ge3_5,tg_voices_uk,0.29535611728496514
25,4.410225067138672,4.505532264709473,sigmos_reverb,3.800974702835083,4.835922813415527,normalized_best_ge3_5,tg_voices_uk,0.3661187009688576
25,4.200264682769776,4.212394714355469,sigmos_speech,3.861602258682251,4.612751579284668,normalized_best_ge3_5,tg_voices_uk,0.27273309351866737
10,3.8425772905349733,3.9704331159591675,sigmos_coloration,3.3352386713027955,4.190178370475769,normalized_best_ge3_5,ua_ser,0.32545190504554167
10,4.132561731338501,4.1007890701293945,sigmos_discontinuity,3.737022638320923,4.635890007019043,normalized_best_ge3_5,ua_ser,0.3170552486854907
10,3.8731158494949343,4.068208694458008,sigmos_loudness,3.155185580253601,4.2538381814956665,normalized_best_ge3_5,ua_ser,0.3985002855249576
10,4.374749755859375,4.451906681060791,sigmos_noise,3.7762917280197144,4.772162866592407,normalized_best_ge3_5,ua_ser,0.35422049734590805
10,3.7638183355331423,3.7145464420318604,sigmos_overall,3.5550644993782043,4.183598434925079,normalized_best_ge3_5,ua_ser,0.2359998467935465
10,4.440590214729309,4.449065685272217,sigmos_reverb,3.9868322730064394,4.841760921478271,normalized_best_ge3_5,ua_ser,0.29651185940448915
10,4.155074214935302,4.094264984130859,sigmos_speech,3.9358407974243166,4.558983898162841,normalized_best_ge3_5,ua_ser,0.22617732169513424
20,3.836986720561981,3.7888776063919067,sigmos_coloration,3.3603705167770386,4.357709980010987,normalized_best_ge3_5,ukr_dialects,0.32660671288278253
20,4.389883124828339,4.458529949188232,sigmos_discontinuity,4.014756977558136,4.707982659339905,normalized_best_ge3_5,ukr_dialects,0.2495211103977821
20,4.000174057483673,4.0431764125823975,sigmos_loudness,3.593712866306305,4.4311939716339115,normalized_best_ge3_5,ukr_dialects,0.32934808054748493
20,4.515966796875,4.5456624031066895,sigmos_noise,4.242206263542175,4.799400186538696,normalized_best_ge3_5,ukr_dialects,0.1896597071906878
20,3.698219132423401,3.685386538505554,sigmos_overall,3.530622935295105,3.8404505372047426,normalized_best_ge3_5,ukr_dialects,0.11201661399002587
20,4.629044842720032,4.683564186096191,sigmos_reverb,4.228787469863891,4.870754504203797,normalized_best_ge3_5,ukr_dialects,0.20686994019301752
20,4.15758467912674,4.126905918121338,sigmos_speech,3.9583576798439024,4.378025722503662,normalized_best_ge3_5,ukr_dialects,0.1830961827585597
800,3.6264093163609505,3.62783682346344,sigmos_coloration,2.991481363773346,4.232544040679931,brute_force,all,0.38599441905721943
800,4.21298458635807,4.232823610305786,sigmos_discontinuity,3.556919288635254,4.77679100036621,brute_force,all,0.3724941012384804
800,3.7854259008169175,3.8428635597229004,sigmos_loudness,2.8656367897987365,4.529153776168823,brute_force,all,0.5331037422641551
800,4.258258619308472,4.300686359405518,sigmos_noise,3.664932894706726,4.726792979240417,brute_force,all,0.3290172494704475
800,3.39817007958889,3.378245234489441,sigmos_overall,2.8547976851463317,3.9889652609825133,brute_force,all,0.36428312776250416
800,4.367585624754429,4.439287185668945,sigmos_reverb,3.639799249172211,4.840955209732056,brute_force,all,0.3739993622147494
800,3.9004410564899445,3.9045510292053223,sigmos_speech,3.323828434944153,4.438588047027588,brute_force,all,0.3478350541630955
100,3.5156012535095216,3.4841989278793335,sigmos_coloration,2.9085410714149473,4.2213763952255245,brute_force,common_voice_available_uk,0.38972702485842675
100,4.11886248588562,4.0855138301849365,sigmos_discontinuity,3.5348462104797362,4.701094365119934,brute_force,common_voice_available_uk,0.36428912717762435
100,3.822703285217285,3.8314865827560425,sigmos_loudness,3.21177396774292,4.389416837692261,brute_force,common_voice_available_uk,0.3727638358450871
100,4.249609339237213,4.295801162719727,sigmos_noise,3.6360395669937136,4.678592276573181,brute_force,common_voice_available_uk,0.316395922924605
100,3.2842027378082275,3.2643418312072754,sigmos_overall,2.9346041798591616,3.7783571243286134,brute_force,common_voice_available_uk,0.265970345843118
100,4.2800731229782105,4.343580007553101,sigmos_reverb,3.5690587401390075,4.789332294464112,brute_force,common_voice_available_uk,0.3731851331897521
100,3.7545675015449524,3.7556066513061523,sigmos_speech,3.2885498642921447,4.2024493932724,brute_force,common_voice_available_uk,0.2937557948454131
100,3.665306522846222,3.6792030334472656,sigmos_coloration,3.0203235030174254,4.1625406503677365,brute_force,fleurs_uk,0.33278829342766303
100,4.105860040187836,4.137265205383301,sigmos_discontinuity,3.560918653011322,4.601407265663147,brute_force,fleurs_uk,0.3244142870734985
100,3.6260142135620117,3.6618359088897705,sigmos_loudness,2.2155013203620912,4.705559086799622,brute_force,fleurs_uk,0.7444957543849554
100,4.297051601409912,4.329094886779785,sigmos_noise,3.748123049736023,4.733622694015503,brute_force,fleurs_uk,0.30606493385011146
100,3.38130672454834,3.396381974220276,sigmos_overall,2.6465014457702636,3.943448269367218,brute_force,fleurs_uk,0.36482335551889966
100,4.558709902763367,4.642757177352905,sigmos_reverb,3.9638298749923706,4.876872849464417,brute_force,fleurs_uk,0.2840582099669792
100,3.886823148727417,3.8968358039855957,sigmos_speech,3.340878260135651,4.2826523065567015,brute_force,fleurs_uk,0.3243739880666355
100,3.3778339982032777,3.3479732275009155,sigmos_coloration,2.8772398710250853,3.8875035285949706,brute_force,opentts_lada,0.3055115192283067
100,4.257738101482391,4.233696460723877,sigmos_discontinuity,3.752940809726715,4.8075562715530396,brute_force,opentts_lada,0.36454227171561066
100,3.3238763213157654,3.284175992012024,sigmos_loudness,2.6438535809516908,4.17963399887085,brute_force,opentts_lada,0.4350684345569591
100,4.152641632556915,4.178637742996216,sigmos_noise,3.6208072900772095,4.586783528327942,brute_force,opentts_lada,0.33132730670234034
100,3.0938746762275695,3.085513114929199,sigmos_overall,2.7279819011688233,3.442631423473358,brute_force,opentts_lada,0.21866094902835498
100,4.337964010238648,4.390545606613159,sigmos_reverb,3.8072485446929933,4.7487529754638675,brute_force,opentts_lada,0.3186900895333244
100,3.7421226000785826,3.78478467464447,sigmos_speech,3.3756154775619507,4.076814746856689,brute_force,opentts_lada,0.23921286679970033
100,3.820412423610687,3.7991172075271606,sigmos_coloration,3.1944260358810426,4.4707622051239015,brute_force,opentts_mykyta,0.3760343927322289
100,4.3988851761817935,4.434915065765381,sigmos_discontinuity,3.906974732875824,4.798270225524902,brute_force,opentts_mykyta,0.30863799021746796
100,4.066845781803131,4.062177419662476,sigmos_loudness,3.4975485801696777,4.5819491147994995,brute_force,opentts_mykyta,0.36456973192937614
100,4.342304117679596,4.330952167510986,sigmos_noise,3.9964387893676756,4.7514640331268305,brute_force,opentts_mykyta,0.22937984929857252
100,3.746078326702118,3.7561254501342773,sigmos_overall,3.288952052593231,4.131860518455506,brute_force,opentts_mykyta,0.25941637533180106
100,4.410846619606018,4.444739103317261,sigmos_reverb,3.8767627000808718,4.858777379989624,brute_force,opentts_mykyta,0.3267855162386139
100,4.181193261146546,4.195546865463257,sigmos_speech,3.719652569293976,4.538361310958862,brute_force,opentts_mykyta,0.25205464207366907
100,3.6423024249076845,3.623482823371887,sigmos_coloration,3.1192441821098327,4.226791286468506,brute_force,opentts_tetiana,0.327221962126362
100,4.291659796237946,4.330685138702393,sigmos_discontinuity,3.809109890460968,4.760374450683594,brute_force,opentts_tetiana,0.29407492674651736
100,4.031995718479156,4.0616536140441895,sigmos_loudness,3.458248555660248,4.501818227767944,brute_force,opentts_tetiana,0.33311070331864934
100,4.414470446109772,4.434066534042358,sigmos_noise,4.0124573588371275,4.765176844596863,brute_force,opentts_tetiana,0.23058572841104247
100,3.6013428664207456,3.6038944721221924,sigmos_overall,3.077172577381134,4.140214729309082,brute_force,opentts_tetiana,0.2987331356021013
100,4.49911077260971,4.552060604095459,sigmos_reverb,4.057796049118042,4.8320714950561525,brute_force,opentts_tetiana,0.24925203601604579
100,4.108602366447449,4.119641542434692,sigmos_speech,3.6357851147651674,4.561020541191101,brute_force,opentts_tetiana,0.2933960302732811
100,3.7336931252479553,3.718262553215027,sigmos_coloration,3.1554020166397097,4.258362054824829,brute_force,tg_voices_uk,0.37529751498846203
100,4.202087681293488,4.199133634567261,sigmos_discontinuity,3.6073249697685243,4.840545725822449,brute_force,tg_voices_uk,0.36052518352837026
100,3.98234867811203,4.002901077270508,sigmos_loudness,3.314203381538391,4.5540043592453,brute_force,tg_voices_uk,0.39620888096691215
100,4.246960160732269,4.284117221832275,sigmos_noise,3.659981596469879,4.6688374280929565,brute_force,tg_voices_uk,0.3123282800621486
100,3.43945333480835,3.4153727293014526,sigmos_overall,3.0154042720794676,3.975232553482056,brute_force,tg_voices_uk,0.3349216847266143
100,4.323958356380462,4.3676488399505615,sigmos_reverb,3.725762891769409,4.7581017971038815,brute_force,tg_voices_uk,0.3570836468665059
100,3.9216001725196836,3.910337805747986,sigmos_speech,3.4108118176460267,4.493986320495606,brute_force,tg_voices_uk,0.3354171413404797
100,3.554690878391266,3.53274929523468,sigmos_coloration,2.9798471212387083,4.069029712677001,brute_force,ua_ser,0.3508149127813478
100,4.04501499414444,4.0761847496032715,sigmos_discontinuity,3.2624398708343505,4.79355628490448,brute_force,ua_ser,0.4567342973266465
100,3.7913046860694886,3.81915545463562,sigmos_loudness,2.9448472023010255,4.49389681816101,brute_force,ua_ser,0.47393218714170837
100,4.078558204174041,4.149743318557739,sigmos_noise,3.3065135002136232,4.609629583358765,brute_force,ua_ser,0.41074562924851776
100,3.250270550251007,3.2364007234573364,sigmos_overall,2.7535673499107363,3.7715478539466853,brute_force,ua_ser,0.34198957898530896
100,4.121552381515503,4.178423643112183,sigmos_reverb,3.271514129638672,4.751092481613159,brute_force,ua_ser,0.45030438453130217
100,3.7030541467666627,3.710217833518982,sigmos_speech,3.132902538776398,4.239380407333374,brute_force,ua_ser,0.36228498516121505
100,3.70143390417099,3.745757222175598,sigmos_coloration,2.972150456905365,4.257923054695129,brute_force,ukr_dialects,0.43337361878846625
100,4.28376841545105,4.32843017578125,sigmos_discontinuity,3.617727255821228,4.733281373977661,brute_force,ukr_dialects,0.3498875104006809
100,3.638318521976471,3.6711114645004272,sigmos_loudness,2.759778821468353,4.513190031051636,brute_force,ukr_dialects,0.5703868659960094
100,4.284473452568054,4.307030916213989,sigmos_noise,3.678547763824463,4.780760049819946,brute_force,ukr_dialects,0.3363116558961868
100,3.388831419944763,3.34687340259552,sigmos_overall,2.8731405973434447,3.9648935556411744,brute_force,ukr_dialects,0.3639329245246079
100,4.408469831943512,4.518479585647583,sigmos_reverb,3.6265261054039,4.84621946811676,brute_force,ukr_dialects,0.41224327745042183
100,3.905565254688263,3.9286807775497437,sigmos_speech,3.3977059006690977,4.395970869064331,brute_force,ukr_dialects,0.3430662412858678
307,3.84112047760805,3.8133106231689453,sigmos_coloration,3.3254637718200684,4.413507556915283,brute_force_ge3_5,all,0.334248047404985
307,4.364804121104436,4.379487037658691,sigmos_discontinuity,3.8888314723968507,4.7931421279907225,brute_force_ge3_5,all,0.2913698553069487
307,4.078019673350579,4.123232841491699,sigmos_loudness,3.406779408454895,4.6546793460845945,brute_force_ge3_5,all,0.3987402081731583
307,4.390641935485194,4.412453651428223,sigmos_noise,3.9769113779067995,4.768500518798828,brute_force_ge3_5,all,0.2551801447642822
307,3.7690097920669405,3.738875389099121,sigmos_overall,3.5213371753692626,4.12950325012207,brute_force_ge3_5,all,0.20348210695660499
307,4.500019450917694,4.573728561401367,sigmos_reverb,3.881423234939575,4.878178882598877,brute_force_ge3_5,all,0.3108053626180673
307,4.207918390000682,4.196585655212402,sigmos_speech,3.85640606880188,4.557418441772461,brute_force_ge3_5,all,0.211552795353186
22,3.802788268436085,3.7935720682144165,sigmos_coloration,3.213925230503082,4.3050446033477785,brute_force_ge3_5,common_voice_available_uk,0.3859776134082214
22,4.335290789604187,4.366763591766357,sigmos_discontinuity,3.9727352619171143,4.821552371978759,brute_force_ge3_5,common_voice_available_uk,0.28606287576063133
22,3.9285685365850274,3.944024085998535,sigmos_loudness,3.431526482105255,4.430543041229248,brute_force_ge3_5,common_voice_available_uk,0.37411237293471916
22,4.37615873596885,4.374534606933594,sigmos_noise,4.089170360565186,4.624480390548706,brute_force_ge3_5,common_voice_available_uk,0.2003158987732684
22,3.673218521204862,3.658048391342163,sigmos_overall,3.5207642555236816,3.876083481311798,brute_force_ge3_5,common_voice_available_uk,0.12862763813369466
22,4.484504374590787,4.536962270736694,sigmos_reverb,3.986326611042023,4.891834878921509,brute_force_ge3_5,common_voice_available_uk,0.295311606192198
22,4.134235490452159,4.127792119979858,sigmos_speech,3.923908603191376,4.3577820539474486,brute_force_ge3_5,common_voice_available_uk,0.15046367977616013
39,3.821291990769215,3.8133106231689453,sigmos_coloration,3.4267731666564942,4.180362749099731,brute_force_ge3_5,fleurs_uk,0.2767752159132847
39,4.266879038932996,4.275262832641602,sigmos_discontinuity,3.7791601419448853,4.676006507873535,brute_force_ge3_5,fleurs_uk,0.27144592137215623
39,4.084955233793992,4.15987491607666,sigmos_loudness,3.042951059341431,4.859574890136718,brute_force_ge3_5,fleurs_uk,0.564458966024166
39,4.415906551556709,4.465271949768066,sigmos_noise,4.032029318809509,4.736026620864868,brute_force_ge3_5,fleurs_uk,0.22284179764796389
39,3.7267015285981007,3.699223518371582,sigmos_overall,3.5116809844970702,4.010522556304932,brute_force_ge3_5,fleurs_uk,0.15023448487247218
39,4.687673104115022,4.710755825042725,sigmos_reverb,4.277179288864136,4.908764266967774,brute_force_ge3_5,fleurs_uk,0.1996736244555887
39,4.154283462426601,4.174899101257324,sigmos_speech,3.920419216156006,4.347867393493653,brute_force_ge3_5,fleurs_uk,0.13845021151447706
4,3.783332347869873,3.7811152935028076,sigmos_coloration,3.573366105556488,3.9964024662971496,brute_force_ge3_5,opentts_lada,0.17892568031993433
4,4.16124165058136,4.160434246063232,sigmos_discontinuity,3.803753447532654,4.5198602199554445,brute_force_ge3_5,opentts_lada,0.2934628186418446
4,3.486238658428192,3.3842700719833374,sigmos_loudness,3.2484342098236083,3.8667991280555722,brute_force_ge3_5,opentts_lada,0.274829805949886
4,4.376911461353302,4.524448394775391,sigmos_noise,3.860384237766266,4.686886978149414,brute_force_ge3_5,opentts_lada,0.36982622696400164
4,3.543485462665558,3.5505911111831665,sigmos_overall,3.5235555768013,3.5534674406051634,brute_force_ge3_5,opentts_lada,0.014195927330954943
4,4.627663731575012,4.632961273193359,sigmos_reverb,4.551877856254578,4.696033048629761,brute_force_ge3_5,opentts_lada,0.059709942258992565
4,3.968181073665619,3.9592173099517822,sigmos_speech,3.881681668758392,4.067229747772217,brute_force_ge3_5,opentts_lada,0.08087191785640153
84,3.873600403467814,3.8070348501205444,sigmos_coloration,3.412507712841034,4.516629362106323,brute_force_ge3_5,opentts_mykyta,0.3562734110322801
84,4.416870364121029,4.457291603088379,sigmos_discontinuity,3.914812207221985,4.7924231529235835,brute_force_ge3_5,opentts_mykyta,0.3053284894224919
84,4.095610400040944,4.123745679855347,sigmos_loudness,3.522992563247681,4.614662051200867,brute_force_ge3_5,opentts_mykyta,0.3617578427428958
84,4.355948201247624,4.337135076522827,sigmos_noise,3.9998951077461244,4.776689100265503,brute_force_ge3_5,opentts_mykyta,0.23526249855461595
84,3.820402520043509,3.807848334312439,sigmos_overall,3.5400894045829774,4.148428130149841,brute_force_ge3_5,opentts_mykyta,0.20875476952823208
84,4.42152282169887,4.466437816619873,sigmos_reverb,3.885795199871063,4.875048589706421,brute_force_ge3_5,opentts_mykyta,0.3311537585191258
84,4.245839170047215,4.228785753250122,sigmos_speech,3.884882366657257,4.543850660324097,brute_force_ge3_5,opentts_mykyta,0.1984437011458067
63,3.7581510127536832,3.767559289932251,sigmos_coloration,3.2338573932647705,4.2944904327392575,brute_force_ge3_5,opentts_tetiana,0.31027693384376864
63,4.387140856848823,4.373303413391113,sigmos_discontinuity,4.00642580986023,4.783056592941284,brute_force_ge3_5,opentts_tetiana,0.24368625323898482
63,4.111434826775203,4.1513142585754395,sigmos_loudness,3.6291335821151733,4.537395763397217,brute_force_ge3_5,opentts_tetiana,0.2932795117583482
63,4.457991531917027,4.469909191131592,sigmos_noise,4.093618679046631,4.764033031463623,brute_force_ge3_5,opentts_tetiana,0.2182092341734966
63,3.7767858088962614,3.7372829914093018,sigmos_overall,3.533744478225708,4.179433679580688,brute_force_ge3_5,opentts_tetiana,0.20626960045677625
63,4.587409852043031,4.64881706237793,sigmos_reverb,4.224092864990235,4.854731464385987,brute_force_ge3_5,opentts_tetiana,0.20083905207096034
63,4.253916543627542,4.239692211151123,sigmos_speech,3.8962567329406737,4.648341989517212,brute_force_ge3_5,opentts_tetiana,0.22700058203152065
39,3.9180846764491153,3.9578309059143066,sigmos_coloration,3.3906535387039183,4.546499633789063,brute_force_ge3_5,tg_voices_uk,0.37474638527843557
39,4.371144759349334,4.341668128967285,sigmos_discontinuity,3.9442651748657225,4.868823099136352,brute_force_ge3_5,tg_voices_uk,0.2872991084639186
39,4.189189648016905,4.185842990875244,sigmos_loudness,3.813887667655945,4.566849708557129,brute_force_ge3_5,tg_voices_uk,0.27437359299252106
39,4.39957042840811,4.435317039489746,sigmos_noise,4.05629334449768,4.738948583602905,brute_force_ge3_5,tg_voices_uk,0.29955169521908565
39,3.7637057365515294,3.7336888313293457,sigmos_overall,3.523092842102051,4.092127895355225,brute_force_ge3_5,tg_voices_uk,0.2611153692110982
39,4.442416930809999,4.558194160461426,sigmos_reverb,3.810277533531189,4.844070911407471,brute_force_ge3_5,tg_voices_uk,0.3211774938524861
39,4.187688045012645,4.141489028930664,sigmos_speech,3.8041942834854128,4.574124670028687,brute_force_ge3_5,tg_voices_uk,0.25942996747963204
22,3.842344554987821,3.8748632669448853,sigmos_coloration,3.41336407661438,4.241932606697082,brute_force_ge3_5,ua_ser,0.2916982914225029
22,4.2401204109191895,4.2106475830078125,sigmos_discontinuity,3.6606631517410277,4.880295825004578,brute_force_ge3_5,ua_ser,0.3766516605299871
22,3.9713944521817295,4.086976051330566,sigmos_loudness,3.2427866220474244,4.647470545768738,brute_force_ge3_5,ua_ser,0.49535622868095064
22,4.271725817160173,4.335272312164307,sigmos_noise,3.9095031023025513,4.637008714675903,brute_force_ge3_5,ua_ser,0.2736928739040142
22,3.726199605248191,3.6925565004348755,sigmos_overall,3.521938645839691,4.016690456867218,brute_force_ge3_5,ua_ser,0.20512684860561747
22,4.315395712852478,4.363115549087524,sigmos_reverb,3.619038164615631,4.747745656967163,brute_force_ge3_5,ua_ser,0.36623139517897474
22,4.108458854935386,4.105720281600952,sigmos_speech,3.6987647652626037,4.544567108154297,brute_force_ge3_5,ua_ser,0.2535273676043362
34,3.8798852177227245,3.853041172027588,sigmos_coloration,3.4308560609817507,4.265167760848999,brute_force_ge3_5,ukr_dialects,0.2952444192147828
34,4.4235570430755615,4.468805551528931,sigmos_discontinuity,4.050057101249695,4.719170928001404,brute_force_ge3_5,ukr_dialects,0.23348780158020072
34,4.072487683857188,4.144105911254883,sigmos_loudness,3.336751341819763,4.564641165733337,brute_force_ge3_5,ukr_dialects,0.4034511926325258
34,4.400272074867697,4.429477214813232,sigmos_noise,3.8380095958709717,4.804563093185425,brute_force_ge3_5,ukr_dialects,0.3016289751524943
34,3.7984607219696045,3.771648406982422,sigmos_overall,3.62480286359787,4.078244161605835,brute_force_ge3_5,ukr_dialects,0.1503668375047697
34,4.497331338770249,4.615111351013184,sigmos_reverb,3.764453101158142,4.820052123069763,brute_force_ge3_5,ukr_dialects,0.3480906793460163
34,4.253965426893795,4.2375569343566895,sigmos_speech,4.046644449234009,4.588304233551026,brute_force_ge3_5,ukr_dialects,0.1584280036804581
