audio_sha256,duration_seconds,policy,retained,sample_id,selected_profile,sigmos_coloration,sigmos_discontinuity,sigmos_loudness,sigmos_noise,sigmos_overall,sigmos_reverb,sigmos_speech,source_id
424c9865b0de9e5ea9ac5439abf34b93d840a1e5e8df0fd3803474d6ac3d6f27,1.67,normalized_best,False,bd744dfcb13a4bc3,normalized_original,4.015464782714844,4.416047096252441,3.84541916847229,4.299796104431152,3.0334150791168213,3.5534255504608154,3.246866226196289,common_voice_available_uk
b8a7d74f5afc1ac7bbfb6f33f5d7d736d4da6c2d87d08d5ac08c044fdc1afb95,3.38,normalized_best,False,3629efade9dc9d0e,clearervoice_sidon_deepfilternet3_wet1,3.30804181098938,3.8285059928894043,3.492710590362549,4.18364953994751,3.10941481590271,3.894043207168579,3.7630374431610107,common_voice_available_uk
1f49142daca3bf41095f4216d2300d220e3cc83d9bdebbb58c9f8ac9372ffb8e,1.8,normalized_best,False,84647c0a102141c6,normalized_original,3.020766019821167,4.71848201751709,3.987367868423462,4.182347297668457,3.1585917472839355,3.2436442375183105,3.442081928253174,common_voice_available_uk
046db2f80b023d269ecfc8d63c96b69435b247d93bb38522259b1e29d1d1a11d,4.21,normalized_best,True,6c03301a3071c15b,clearervoice_sidon_deepfilternet3_wet1,3.057424306869507,4.457153797149658,4.01473331451416,4.223000526428223,3.580610990524292,4.817038536071777,4.133334159851074,common_voice_available_uk
5f10c0352a5d1f68a9cd1b4d229e999d4204091dd508776b12afcaf06e00236d,2.53,normalized_best,False,cbfd56eb3da1a4e8,clearervoice_sidon_deepfilternet3_wet1,3.6491825580596924,4.434662342071533,4.289817810058594,3.8508541584014893,3.2304999828338623,4.232678413391113,3.753526210784912,common_voice_available_uk
8dd04c65f8ff1fb891cac0fdd55a5d6afe9a535c64d58b9eeb6ea7d24ec228cf,3.87,normalized_best,False,24ec86e44425eb2e,clearervoice_sidon_deepfilternet3_wet1,3.3640151023864746,3.7000105381011963,3.680424690246582,4.06627082824707,3.0207810401916504,4.123307228088379,3.483210563659668,common_voice_available_uk
7c2f9792a3ede8c6a1ed2a715e6c5335012eb64063d34cfeb839680281c6466a,3.94,normalized_best,False,0135d9e7c341b143,normalized_original,3.3384294509887695,4.105585098266602,3.367135524749756,4.558602333068848,3.0916593074798584,4.532948017120361,3.385993480682373,common_voice_available_uk
426dd393a9483db6e2712e9dfd29d20f5f1ca8a0dc1d3735496afb1f7aff71dc,5.14,normalized_best,False,6a5bd47b2ed86885,clearervoice_sidon_deepfilternet3_wet1,3.4990122318267822,4.41276216506958,3.812593460083008,4.729244232177734,3.078035831451416,4.205044746398926,3.6383700370788574,common_voice_available_uk
650f9d673a490849c84ac82a3e4cbde4cf9f1fd4628c57cf7bb934e605de7c19,1.31,normalized_best,False,4ecfb59c39b134fc,clearervoice_sidon_deepfilternet3_wet1,3.2091774940490723,4.485869884490967,3.445657968521118,4.423672676086426,3.4427387714385986,4.20326042175293,4.109127044677734,common_voice_available_uk
e4d6479a3e82e05da17658b2c69024f1ee573994697a189aa685bb70687a3e32,2.68,normalized_best,False,5133ff96c7655a6a,clearervoice_sidon_deepfilternet3_wet1,2.7484970092773438,4.034102439880371,3.988858461380005,4.206425666809082,3.154012441635132,4.0211710929870605,3.581695318222046,common_voice_available_uk
476a96933599d3c2757b2b423c7d51e7a911275516310711c9aae8d7c0f14549,2.47,normalized_best,True,8533ec104c4a8f77,clearervoice_sidon_deepfilternet3_wet1,3.37648606300354,4.245079040527344,4.412439346313477,4.396185874938965,3.5220367908477783,4.523200988769531,4.064834117889404,common_voice_available_uk
6763d5fd89c030cc7777f2a573370dab170e805852bfc1094f5652f865ba99b7,5.59,normalized_best,False,5d364a6c2903e148,clearervoice_sidon_deepfilternet3_wet1,3.237278938293457,3.7753329277038574,4.002613067626953,4.487638473510742,3.1111488342285156,4.666502952575684,3.6997764110565186,common_voice_available_uk
1a864d3399b1fbd6057cdd31631d29e6ac75574ed1a1e9afb29b9d7cf7e6cda3,2.75,normalized_best,False,38fd6a3a807cdb79,clearervoice_sidon_deepfilternet3_wet1,3.5876708030700684,3.787343740463257,4.000605583190918,4.148542404174805,3.171184778213501,4.107583045959473,3.5976271629333496,common_voice_available_uk
d2bff357b5bb7202aa0ce7b7ede48b898bd5ca9149a70bb8e4cbc1e125900fa1,4.08,normalized_best,False,ca34ec7922ab8b2d,normalized_original,4.330543518066406,4.225410461425781,4.410768508911133,3.985635280609131,2.730901002883911,3.6984899044036865,3.0703420639038086,common_voice_available_uk
518ececac4f841a90bfb2d3a383513fbf26025d84840abfff6e27afa567a2853,5.49,normalized_best,True,ab0e038430cc081c,normalized_original,4.089123725891113,4.407925605773926,4.2879638671875,4.185765266418457,3.684720277786255,4.632007598876953,3.99360728263855,common_voice_available_uk
a114ddea6d4dd3ef5d41c8af4057da0b606fa063f8ccf833742288fbfae4dd0e,5.300041666666667,normalized_best,True,ff90f1ed5503526e,normalized_original,3.5899429321289062,4.404003143310547,4.260355472564697,4.234384536743164,3.519412040710449,4.356189250946045,4.105593681335449,common_voice_available_uk
3fa9361525ce15ac471e5088a0028794fd66f2c04ac3d31da11efdf9b9cb6f5b,5.0,normalized_best,False,7473140318a74b25,clearervoice_sidon_deepfilternet3_wet1,3.379854679107666,4.0983076095581055,4.193447589874268,4.606184005737305,3.2089807987213135,4.343162536621094,3.5704691410064697,common_voice_available_uk
897ad1985cb53e5f7423b0ef1ee4b4cf92e9c966080a084444bcb7a09c740ef4,2.58,normalized_best,False,41d4e2df38c4b189,clearervoice_sidon_deepfilternet3_wet1,2.9627747535705566,3.760765552520752,3.6502583026885986,4.09563684463501,2.9244422912597656,4.209227561950684,3.693378448486328,common_voice_available_uk
75a5a33031e39e36e2c4a3133e49990c62a95f2927657355c7c0e9469a8f8f40,1.3900833333333333,normalized_best,False,c3f9be4f84d2b726,clearervoice_sidon_deepfilternet3_wet1,3.867393732070923,4.36177921295166,3.5893921852111816,4.320076942443848,3.3590662479400635,4.468369483947754,3.767897605895996,common_voice_available_uk
33ab9a693284a3ea364eb2a57ef22fd49dd06ca9071cd918fad8b84e7bf0f0b5,3.36,normalized_best,False,b09fe4f7cea768ec,clearervoice_sidon_deepfilternet3_wet1,3.782268524169922,4.037653923034668,3.9066359996795654,4.661892414093018,3.216064691543579,4.531735897064209,3.814528703689575,common_voice_available_uk
1c82b8dd9884885a89008ab8cc0bfa1afc5a4ca665e67e415687fc635c0b23ea,3.97,normalized_best,False,eb9c7a9c0d8f73a4,clearervoice_sidon_deepfilternet3_wet1,3.924119710922241,3.84476900100708,3.4958276748657227,4.387398719787598,3.280041217803955,4.218850135803223,3.927583932876587,common_voice_available_uk
5a21c9bbe5596fd9615187416c04e0ba5d7e730684c1e6bb1106e24c3e3082ac,2.77,normalized_best,False,1301ea43d77db291,normalized_original,3.489821672439575,4.554816246032715,4.25611686706543,4.348072528839111,3.22139573097229,4.165162086486816,3.5155134201049805,common_voice_available_uk
3bd3b4d71bcc8895e4578578934239278c493a7bfc809027bdaaef6842685e5e,8.030041666666667,normalized_best,True,64d83204af96c39b,normalized_original,3.891841411590576,4.076848983764648,4.1197991371154785,4.420021057128906,3.8618881702423096,4.738451957702637,4.298593521118164,common_voice_available_uk
dde39b9358a1b0d34997adf129183d010c5d8d185165a22a5116e805fcd8be62,1.59,normalized_best,False,9674a4979706a3df,clearervoice_sidon_deepfilternet3_wet1,3.584584951400757,4.054044723510742,3.801582098007202,4.3118062019348145,3.1115827560424805,3.9510326385498047,3.913881540298462,common_voice_available_uk
6948442a6e21d600d4786eb4851a848b05ca0f535a833f433c14df095e17def1,3.1,normalized_best,False,bf550da08426634d,clearervoice_sidon_deepfilternet3_wet1,3.5168569087982178,4.108384132385254,4.4152021408081055,4.249115943908691,3.486170530319214,4.4736809730529785,3.867293119430542,common_voice_available_uk
05a0240da12588d8373d3a0f1d974f03955d7c152fae2f732a2cc82656e8c80a,3.5,normalized_best,False,578ab3ffd0615d7f,clearervoice_sidon_deepfilternet3_wet1,3.468137741088867,4.174225807189941,3.772409677505493,4.553496360778809,3.0140817165374756,4.242508888244629,3.4893622398376465,common_voice_available_uk
c0a067441feca60613e1f3b2d3bad752da3e88ab6e4b63a7174e8ba640621286,3.72,normalized_best,False,3c96bcbce614c65c,clearervoice_sidon_deepfilternet3_wet1,3.250684976577759,3.377734661102295,3.3785343170166016,3.6371405124664307,2.9119975566864014,3.7391440868377686,3.63936448097229,common_voice_available_uk
ecf2a9b52104097c98fbca8931b8eeca54a9ec4351d4a67d0682664e2fc19f83,2.38,normalized_best,False,0fe8215e64d6622c,normalized_original,3.1726973056793213,4.5965895652771,3.552860975265503,3.345176935195923,3.0587422847747803,3.884993076324463,3.2618370056152344,common_voice_available_uk
aa1beb73e7d438fe7371c7e6275007c292b28d10115c4ee750c607c0b8b9b562,1.5600833333333333,normalized_best,False,cf94736feb4a459c,clearervoice_sidon_deepfilternet3_wet1,3.627748727798462,4.15466833114624,3.676863431930542,4.334431171417236,3.3034322261810303,4.225372314453125,3.8225226402282715,common_voice_available_uk
d57e88d35fdfdb0e15e5d8f028619fd2c3a3c2e273978327f87ac21782696661,3.54,normalized_best,False,1f1d91b9f7e3fe0a,clearervoice_sidon_deepfilternet3_wet1,2.738830089569092,4.201602458953857,3.523439645767212,4.4017181396484375,2.856764793395996,4.4516119956970215,3.4179883003234863,common_voice_available_uk
432f161debe1739bf19a20a7b34ef1a26b36a192514bcf701c1176a8bd243990,4.67,normalized_best,False,982c1557c707c37b,clearervoice_sidon_deepfilternet3_wet1,3.135218858718872,3.905290126800537,3.5249295234680176,4.0129780769348145,2.82342529296875,4.681170463562012,3.6496479511260986,common_voice_available_uk
7470284e9a86222c58094b5398b2a6ba6af4b198db077c54dc5d43aadbeb9b10,3.930041666666667,normalized_best,False,3c57bf263f27ea98,clearervoice_sidon_deepfilternet3_wet1,3.518864631652832,3.1559245586395264,3.613027334213257,4.204710006713867,2.8808393478393555,4.31973934173584,3.1909472942352295,common_voice_available_uk
1f8c631543ff79ade551117adde444eee1e8cf28410323bd6c9d47f40739c927,4.59,normalized_best,False,223134094e8e5ab0,clearervoice_sidon_deepfilternet3_wet1,3.521470069885254,3.6282525062561035,3.947071075439453,4.534585952758789,3.0326623916625977,3.864166736602783,3.467522382736206,common_voice_available_uk
896a9dacb747f4829a3589205953bf1663c65891b5a3083f8fcda9cc83f25fd0,7.9,normalized_best,False,52add74227b0d21d,clearervoice_sidon_deepfilternet3_wet1,3.2395577430725098,4.138798713684082,4.166356086730957,4.774235725402832,3.1861793994903564,4.8516669273376465,3.594118595123291,common_voice_available_uk
a6b0e7adae7222b878cd6413b63e0db47517abac149dbcb2cdbd5b61d633d61a,4.09,normalized_best,False,94a9ab653ca83902,clearervoice_sidon_deepfilternet3_wet1,3.7191667556762695,4.369480133056641,3.956545114517212,4.001766204833984,3.391711950302124,4.733160018920898,3.856682538986206,common_voice_available_uk
7147628a3e1e609ac3c34e4c55e06f45e22b9b358e988e0ea3d8d15e7419bdc5,1.88,normalized_best,False,fc6ff47c2e709833,clearervoice_sidon_deepfilternet3_wet1,2.891019582748413,4.241942882537842,3.368039131164551,4.308533668518066,3.1833717823028564,4.647574424743652,3.8663980960845947,common_voice_available_uk
34abf2f1d20c7aa3471a1c3f2b1f2b1475917ec0c7cd938f9cd143efb84ba3dc,3.18,normalized_best,False,347243982690b318,clearervoice_sidon_deepfilternet3_wet1,2.9528868198394775,4.56361198425293,3.620621919631958,4.6574387550354,2.9090163707733154,4.221473693847656,3.21433687210083,common_voice_available_uk
d70ec50ca74cb6f16b08e8d304e2a7c1d50a1e96dc859521cc5d944c4a78af0f,6.11,normalized_best,False,d8e32e33e5c1df29,normalized_original,4.011013984680176,3.8906917572021484,3.538731575012207,4.048836708068848,2.952122926712036,3.368823528289795,3.3976900577545166,common_voice_available_uk
a6cd95c9aa0d4d1ad33894c6e053471f0e104574febbaf11d43e05e532b1af8a,6.2,normalized_best,False,a6c984dd79145032,clearervoice_sidon_deepfilternet3_wet1,3.1613571643829346,3.8900146484375,4.161623954772949,4.053786277770996,3.129870891571045,4.092808723449707,3.764711618423462,common_voice_available_uk
a92cd0cbf4779908ab12700b945c9a8d826e5588293b8bec38d1b18f5f3d5506,3.91,normalized_best,False,7670a5b617e193e2,clearervoice_sidon_deepfilternet3_wet1,4.014989376068115,3.920919895172119,3.496551513671875,3.9994986057281494,3.065028429031372,4.28101921081543,3.5764689445495605,common_voice_available_uk
1c7f1a17739eb0d935ddebbc800ebf2b816f521f4581b194790721018e8b6df1,2.9000416666666666,normalized_best,False,5079e636f7eeb344,clearervoice_sidon_deepfilternet3_wet1,3.116018056869507,3.7750911712646484,3.5964698791503906,4.478302478790283,3.080535888671875,4.264666557312012,3.600696086883545,common_voice_available_uk
ceac853c7319fbe97415fc36e5717594c5f791c08d155233421563a8c7cbf624,5.13,normalized_best,False,b48e8f5f23dbf821,normalized_original,4.059460639953613,4.080776214599609,3.2894463539123535,3.9907989501953125,2.6698944568634033,3.180234432220459,3.191438674926758,common_voice_available_uk
2d3eaf5cc0f2974db1bd982d0e16472bc704dc299b6e480a4867fd57058a346f,3.0100416666666665,normalized_best,False,49b0c44ecf616df0,clearervoice_sidon_deepfilternet3_wet1,2.788196563720703,4.371870040893555,4.176953315734863,4.453709602355957,2.8675389289855957,3.7411534786224365,3.36396861076355,common_voice_available_uk
2f16f1ce73cc04d9b9faa2e58bb776c00db40419e3f49958f534b2296fbe8515,3.68,normalized_best,True,2543d525814a0e4d,clearervoice_sidon_deepfilternet3_wet1,3.331887722015381,3.8904576301574707,3.771682024002075,4.190452575683594,3.847341299057007,4.88972282409668,4.211937427520752,common_voice_available_uk
0b4d8e9297560ee3ecb2cb9cf26d81dc3f0d62b570010dd07cf2cae22882ced1,3.29,normalized_best,False,459224798aad52a0,clearervoice_sidon_deepfilternet3_wet1,3.5653648376464844,3.6913628578186035,3.7686421871185303,4.370226860046387,2.6871397495269775,3.9960386753082275,3.190849542617798,common_voice_available_uk
cdd5b3b4c9635c196f0c721ac45e049ddcf89fdb4d8ba6814dc60872efe1c73a,2.41,normalized_best,False,1f390e8837ce18f9,clearervoice_sidon_deepfilternet3_wet1,3.130277156829834,3.634326696395874,3.451484441757202,4.231225967407227,2.591610908508301,4.366579055786133,3.1512935161590576,common_voice_available_uk
cff1b2709f44dcccde9eb1aa37a0f2033ff60f887a1b30a47771d964ac70dfac,4.15,normalized_best,False,183485db68701b82,clearervoice_sidon_deepfilternet3_wet1,3.580840826034546,3.852297782897949,3.8517584800720215,3.7745869159698486,3.121757984161377,4.32708740234375,3.8408923149108887,common_voice_available_uk
d5e1410fc1589c0f66c138ab421fb1cf776b0b9da607a4a76b5e7ec4df7c71b1,3.36,normalized_best,False,f83a422bcce4495a,clearervoice_sidon_deepfilternet3_wet1,3.2646422386169434,4.59545373916626,3.6402201652526855,4.478207111358643,3.456523895263672,4.499117374420166,3.9644744396209717,common_voice_available_uk
eb9a405086049b5c8ab268e208f1fbba6f9673c3a2cf292b1715d09855a9b23a,3.83,normalized_best,False,698677149661b1af,clearervoice_sidon_deepfilternet3_wet1,3.3736135959625244,4.510290145874023,3.4990267753601074,4.305676460266113,3.1376514434814453,4.357150077819824,3.850032091140747,common_voice_available_uk
711e695f68ea8795de828d8a0fac361e634059c0bc83a4093681910bbebf0284,3.97,normalized_best,False,a216b947907cd6e3,clearervoice_sidon_deepfilternet3_wet1,4.1586408615112305,4.0726823806762695,3.7402634620666504,3.966120481491089,3.011354923248291,4.2632527351379395,4.147589206695557,common_voice_available_uk
dd1e993c6b38d28461a9d00482690b68a07cf4305259aad87a24a99b74c9a0f0,5.44,normalized_best,True,1958758f315c6fed,clearervoice_sidon_deepfilternet3_wet1,3.189265727996826,4.144794464111328,4.646994590759277,4.749129295349121,3.520721435546875,4.433231353759766,4.198541641235352,common_voice_available_uk
a9ef71c1abc4e7d98c36857376e582c27f22d5110bcbc1000d499a9cf517395d,2.81,normalized_best,False,fbb09073bf2bc113,clearervoice_sidon_deepfilternet3_wet1,2.756587266921997,4.0857133865356445,4.369560718536377,3.8819501399993896,2.9244470596313477,4.243429183959961,3.5360381603240967,common_voice_available_uk
346ba398e995a01d22a06dc0a2f787610c9e3da5e78ca14a357af0953ac97d9c,3.59,normalized_best,True,8642f3af30e2913b,clearervoice_sidon_deepfilternet3_wet1,3.5116994380950928,4.40174674987793,3.739814519882202,4.236466407775879,3.58233904838562,4.506920337677002,4.101736068725586,common_voice_available_uk
61dd65e27ab078b34a0d8fb7e69371f8f732e956973327dbfdb6aa931f225ca3,2.31,normalized_best,False,e140008b97e6c254,normalized_original,3.131840944290161,4.357030868530273,4.365957260131836,4.565568923950195,2.906949996948242,3.913292169570923,3.0653514862060547,common_voice_available_uk
1c7501ffe4dfe6dccfe49ba295e7de0a006935661d8d9d60cb590a36fa0d8488,1.82,normalized_best,False,7e7f6a0e8e4dcbb7,clearervoice_sidon_deepfilternet3_wet1,3.277994155883789,4.403894424438477,3.611117362976074,4.107925891876221,3.1189942359924316,3.7616939544677734,3.3860318660736084,common_voice_available_uk
1db3d1c51ce4e1afe6b83c47e18b286b95425f55b707ce6c8a7cd62a57fa5e25,4.39,normalized_best,False,3e1b6ee9cf5311cb,normalized_original,3.6457111835479736,4.517695426940918,3.678338050842285,3.7072861194610596,3.2547292709350586,3.9691429138183594,3.7456274032592773,common_voice_available_uk
4a86f8ecb5337e8bcd95680451c7ffa8950ce297e87b90b3d8cd83df2f8a222d,2.32,normalized_best,False,d6416741c85c4c37,clearervoice_sidon_deepfilternet3_wet1,3.894627809524536,3.8542287349700928,3.4221878051757812,4.518695831298828,3.1745402812957764,4.629853248596191,3.7319576740264893,common_voice_available_uk
4db6d149702d6cd97dc9e4a47afed269f9405bc9e10df49d8b9850202226cfe2,2.39,normalized_best,False,2604105ea068dbc6,normalized_original,3.82892107963562,3.1433417797088623,3.4160654544830322,4.169619560241699,3.080944299697876,4.756508827209473,3.559635877609253,common_voice_available_uk
2a76b207e47f63bcb99d71484e705c6ba0b05f384d5b95826ef2ebd5dd498706,2.17,normalized_best,False,936349caad0d2f31,clearervoice_sidon_deepfilternet3_wet1,3.717681884765625,3.320063352584839,3.3813207149505615,4.318690776824951,2.979766368865967,4.426906585693359,3.3520898818969727,common_voice_available_uk
7ba394eaf753c7eb75ac5e55c5778e54f1023dd026ca5a54d4fc3fbbbfe6ba89,2.14,normalized_best,False,c5ba9a29d9559e4e,clearervoice_sidon_deepfilternet3_wet1,3.397765636444092,3.7385048866271973,3.1209895610809326,4.011580467224121,2.9134280681610107,4.003288269042969,3.6206483840942383,common_voice_available_uk
50463594f627e2bc71a84707367164d903b4564d6a7df1aca9184a515df7e2d3,3.1500416666666666,normalized_best,False,92cf71770b640932,clearervoice_sidon_deepfilternet3_wet1,3.651625633239746,3.993010997772217,3.3230140209198,4.28887939453125,3.41658353805542,4.216974258422852,4.192667484283447,common_voice_available_uk
dbc2e8bb8bb5016be8cba4bffe75b2fe89fb923e26fa5fc55f81a73e29ff6d40,1.9400416666666667,normalized_best,False,ee243b80f8d270bc,clearervoice_sidon_deepfilternet3_wet1,2.759347677230835,4.268210411071777,3.761962652206421,3.9522244930267334,2.7360355854034424,4.183437347412109,3.245737314224243,common_voice_available_uk
3a5fa4982f4ee8f84a5bc2d5cf383d3de136564b4da51cd28bd04378fec95234,2.27,normalized_best,False,e65825d92c96e85c,normalized_original,3.5704617500305176,3.952472686767578,3.582322597503662,3.88970685005188,3.107642412185669,4.034875392913818,3.4775843620300293,common_voice_available_uk
0f547e4d1f175209d7d656d4c8f4062e989786a7f621c49ddfdca5825e632701,3.33,normalized_best,False,9d8a687bbf269efe,clearervoice_sidon_deepfilternet3_wet1,4.232383728027344,4.106518745422363,3.1090261936187744,4.214970588684082,3.459122657775879,4.56425666809082,3.9778940677642822,common_voice_available_uk
e384fb9cbfb58418b33fa3503e581ade42f9576cf85af48b14c0d9711d4a9a8b,3.5500416666666665,normalized_best,False,09f874e3e1198079,clearervoice_sidon_deepfilternet3_wet1,4.235073089599609,4.163145065307617,3.2916457653045654,4.2178144454956055,3.2767434120178223,4.677029609680176,3.835057020187378,common_voice_available_uk
f83044c2147a2eefb65fbc3ce611943080887f2ecbc8ce3413a2840b624dff15,4.55,normalized_best,False,7dbdb0f73921e411,normalized_original,2.7657692432403564,4.656991958618164,3.7706048488616943,4.356496810913086,2.764296531677246,2.9125194549560547,3.198622941970825,common_voice_available_uk
cd8507e5a4948ecb201cbaafabaaf2a7eff24c1a59bd64c5fb626573d99fd823,3.64,normalized_best,False,e073bf83b39678d8,normalized_original,3.914402484893799,3.824335813522339,3.556069850921631,4.243840217590332,2.814321517944336,4.519923210144043,3.1041321754455566,common_voice_available_uk
3b391ecb337b7f8b963308c1f65200bff5773adeea227f685f1b9901a95175db,2.12,normalized_best,False,4b22ce3678eb514b,clearervoice_sidon_deepfilternet3_wet1,3.2986550331115723,3.392214059829712,4.03650426864624,4.4418134689331055,2.711057186126709,4.54871129989624,3.1496379375457764,common_voice_available_uk
32ed99129a6cc316e21457c118b25304c4eba9f0ddb84129f6ed7678bf9d69e1,3.12,normalized_best,False,de07ff82ae6c5dc2,clearervoice_sidon_deepfilternet3_wet1,3.514444589614868,3.7847344875335693,4.019321441650391,3.5519280433654785,3.239588499069214,3.9106857776641846,3.8179638385772705,common_voice_available_uk
dc05137fb690ac8abc48c24c3d30fe84535bec6e2facb8435d81da76ec1f5139,2.180083333333333,normalized_best,False,f6c698e842cbe8fb,clearervoice_sidon_deepfilternet3_wet1,3.0648839473724365,3.7430641651153564,4.225520610809326,4.437528610229492,2.994474411010742,4.418917655944824,3.4594054222106934,common_voice_available_uk
81e82680caaf5051cb14383faff2aff7aac46b78d14f227c59322438f1e0624a,3.51,normalized_best,True,738b587122caeb66,normalized_original,4.636188507080078,4.879364490509033,3.462291717529297,4.5817694664001465,3.5858192443847656,4.688417434692383,4.3201775550842285,common_voice_available_uk
31682ca96f1cd972a04acc97aee3f097ff252649a25340240133f370c73f3771,4.13,normalized_best,False,a540167ea41f6956,normalized_original,3.6837730407714844,3.8669464588165283,4.125932216644287,3.6103835105895996,3.0085055828094482,4.075201034545898,3.578756809234619,common_voice_available_uk
d74266f35a49a07370fe1529522043d08b32e3501d02e20826dc8b6b7b46000f,2.4,normalized_best,False,04ebfca283f7b979,clearervoice_sidon_deepfilternet3_wet1,3.556138277053833,3.8424112796783447,3.3641257286071777,4.710503578186035,3.172215461730957,4.639338493347168,3.6916961669921875,common_voice_available_uk
c1bd8d7a3e28db31721c61becb1218f66cbc3db364ea687148a11bf96817c9d2,1.5300416666666667,normalized_best,False,8600fde5ece1e1ce,normalized_original,3.342613458633423,3.863171339035034,3.362062692642212,3.4301598072052,2.582012414932251,3.7873528003692627,2.910898447036743,common_voice_available_uk
5f9cc3628c42987aede5712e4b13e0365e0c00001abe354a61177874b75e868c,2.95,normalized_best,True,a2bc03280fea1efd,clearervoice_sidon_deepfilternet3_wet1,3.1101324558258057,4.595392227172852,4.1319684982299805,4.733837127685547,3.5742368698120117,4.897821426391602,3.908270835876465,common_voice_available_uk
5970f975ea8d20a937c121f40dcb1a3b2ca44877b35459b0cb75fc8160935e22,3.84,normalized_best,False,190cf023178e4b18,clearervoice_sidon_deepfilternet3_wet1,3.0667572021484375,4.596010208129883,3.618157148361206,3.9164528846740723,3.0506322383880615,4.163300514221191,3.425239324569702,common_voice_available_uk
45bdda995dc15eecb8ef5ef571c7988b78b5332d687efa2aadd5eb3464bee9a4,4.89,normalized_best,True,f2bf7d3764df7fd5,normalized_original,4.2324724197387695,4.527246475219727,4.435500144958496,4.322239398956299,3.751427173614502,4.728808403015137,4.094808578491211,common_voice_available_uk
71fa72a74b983df0e7230c02a9913d791be17324f9669f7fb8f28c6112f2aa86,2.09,normalized_best,False,ff34d3911b4d2db0,clearervoice_sidon_deepfilternet3_wet1,3.0622332096099854,3.5969035625457764,3.1609349250793457,3.6285223960876465,2.228264093399048,4.436681747436523,3.3441460132598877,common_voice_available_uk
6dc1cd26e6cca01b56030549ba00dc597d205e6fad003c725324eec2c9e912a1,4.38,normalized_best,True,e27c556ac0c8b09a,normalized_original,3.7898504734039307,4.822941780090332,3.839226245880127,4.397570610046387,3.5953619480133057,3.7883694171905518,4.122530460357666,common_voice_available_uk
c30ea77bb4d1d88bfdc1402b2dc8ad9b010a32912ae98448c1e5f54fcaaed27c,4.16,normalized_best,False,3259a8bb7087bd10,clearervoice_sidon_deepfilternet3_wet1,2.942842483520508,3.875994920730591,3.6963114738464355,3.6120247840881348,2.624290704727173,4.350093841552734,3.146775007247925,common_voice_available_uk
f59c7cd7e918a5c8982cdcc0d184acac4e6dfcb62b784d1be598dc5a2868bc5d,4.08,normalized_best,False,a8f8f18e9e73e8b1,normalized_original,2.8970131874084473,4.276617050170898,3.6076762676239014,3.9384536743164062,3.201000213623047,3.7453057765960693,3.6934595108032227,common_voice_available_uk
9b2ecdaa99ad648bf307394f4c7c347ec622262e5db2878a400aafad9d349e51,2.86,normalized_best,False,cf62baa6bea3511c,clearervoice_sidon_deepfilternet3_wet1,3.2194552421569824,3.745251178741455,3.8681628704071045,4.38875150680542,3.1169915199279785,4.376156330108643,3.8147213459014893,common_voice_available_uk
3b4a835b6f12368e55c355a0983d730ecbe34d824a59653615b550cda696289d,4.69,normalized_best,False,24a43c098e24f6d3,normalized_original,2.78205943107605,3.977795124053955,3.253227472305298,4.002133369445801,2.6837494373321533,3.551614284515381,3.136974811553955,common_voice_available_uk
2dcb8c4aa452e5ec3e8a7da7857211ace2bf23e6f75dc066acca7b6755a55afa,4.3,normalized_best,True,ab87cc7022597587,clearervoice_sidon_deepfilternet3_wet1,4.379804611206055,4.537324905395508,3.666653633117676,4.5099639892578125,3.662951707839966,4.336747646331787,4.317022800445557,common_voice_available_uk
4b88dc9b1a751a273c1671b5d6c8e4afbe4b84ed4c5a2b69131b6f1526687303,2.75,normalized_best,False,2bd6ff5c75a47b3c,normalized_original,3.1315691471099854,4.06872034072876,3.9404172897338867,3.615483045578003,2.659827470779419,3.2448132038116455,2.891982316970825,common_voice_available_uk
1015c89ac1d3e67c2df99b130199141c4d539cee4d45aa60962a2821abd0ddec,6.12,normalized_best,False,25e5c2a8d846a852,clearervoice_sidon_deepfilternet3_wet1,2.8242909908294678,3.7787957191467285,3.61747407913208,4.002342224121094,2.947439432144165,4.3574090003967285,3.092231035232544,common_voice_available_uk
fb913cf8c9b06b0594f26163e3df026d7262684fc25b8c4f66f780ca4eee395d,2.24,normalized_best,False,418a9b5fbccf4410,clearervoice_sidon_deepfilternet3_wet1,2.877324104309082,3.570155382156372,3.920389413833618,4.017260551452637,2.491724729537964,4.451194763183594,2.968491315841675,common_voice_available_uk
bcb76a227a80806385e66ddb588be3fbf687c2bcc8df1dd00b53b8309cabcdda,3.19,normalized_best,False,ac78771565774557,clearervoice_sidon_deepfilternet3_wet1,3.186436414718628,4.660220623016357,4.317167282104492,4.284334182739258,2.8653876781463623,4.319098949432373,3.0645740032196045,common_voice_available_uk
bc1e683771cb33380482751227b46fe75f63073eb59e0b6276dfc912abf6a548,2.93,normalized_best,False,248a9b242b97ecd0,clearervoice_sidon_deepfilternet3_wet1,3.5593314170837402,4.070441246032715,3.088573455810547,4.373716354370117,3.2270405292510986,4.083674907684326,3.6761717796325684,common_voice_available_uk
09c02e880a8ac3f57c3783b2788b8728cdfd19593e0ec36e056d750860205757,2.48,normalized_best,False,9de8e4748ff30aa1,clearervoice_sidon_deepfilternet3_wet1,3.980408191680908,3.4881560802459717,4.0834503173828125,3.6504712104797363,3.32967209815979,4.519392013549805,3.845734119415283,common_voice_available_uk
f9a7c3f8aa6bf3305c8711b4f55b52b2d0715b3a1e440859b66af2fde212adf1,3.74,normalized_best,False,0ea058639601775d,clearervoice_sidon_deepfilternet3_wet1,4.070882320404053,4.133992671966553,4.029705047607422,4.150173187255859,3.458653688430786,4.619892597198486,4.029499053955078,common_voice_available_uk
354a20affe80cfb63cfba4ddacffb3fe636fbf5c2cbc429d41d7cc55f8088f11,2.89,normalized_best,False,8ff70b5855192e81,normalized_original,3.4731507301330566,4.186959266662598,3.740926504135132,4.275240898132324,2.8630213737487793,3.679596185684204,3.563947916030884,common_voice_available_uk
1e6fbf3890384a6a2484f23d9878826582e23160be0219f203f4048519df9334,2.4600416666666667,normalized_best,False,97b30e2faa6675a7,clearervoice_sidon_deepfilternet3_wet1,3.3263325691223145,3.6034600734710693,4.099084377288818,4.2864274978637695,3.2637295722961426,3.776547908782959,3.6799492835998535,common_voice_available_uk
be5d18c46d3485cf2a06f16967aa25868c3ea610f8755c69395d763be6dfc88a,2.15,normalized_best,False,7b859444522a56d6,clearervoice_sidon_deepfilternet3_wet1,3.7449533939361572,3.66622257232666,3.7077174186706543,4.012142658233643,3.007192373275757,4.5080156326293945,3.3852176666259766,common_voice_available_uk
bcc6060245175a8cf105767a73888ed76cc2599a165e62281b057ea1cc5a82c6,1.98,normalized_best,False,67984f788bbcdd8d,clearervoice_sidon_deepfilternet3_wet1,3.193448543548584,4.2576422691345215,4.072608947753906,4.824616432189941,3.0386834144592285,4.516543865203857,3.710829973220825,common_voice_available_uk
70953b3fc474977468566154931d8100a999332bfff73ebd7f70d78c4871120d,3.76,normalized_best,False,16ae0891ea877b7e,clearervoice_sidon_deepfilternet3_wet1,3.6754097938537598,3.72581148147583,3.7250399589538574,3.9481887817382812,3.2752866744995117,3.7198400497436523,3.778252601623535,common_voice_available_uk
d0c53faf4b7642926f145220a7e6aeb0ef5229429826caf4abe0e2d137c0fe5a,5.35,normalized_best,False,0f729ca38c51f5da,clearervoice_sidon_deepfilternet3_wet1,3.726940155029297,4.44732666015625,3.5889806747436523,4.426130771636963,3.490140438079834,4.826174736022949,3.985016107559204,common_voice_available_uk
e2c2a19c7a3f027c30952d6a6dae94cdc98ffd9bf13a8fa5fe531b4215c8443d,3.98,normalized_best,True,e5e3dcf80a7a02be,normalized_original,3.8763303756713867,4.063723564147949,4.158337593078613,4.192392349243164,3.6748008728027344,4.107619285583496,3.868074655532837,common_voice_available_uk
d18f99dac1a52715a48af268fd19d1a195d9dda2bc17c4e016f01540e438d613,3.51,normalized_best,False,911fb24b28518351,clearervoice_sidon_deepfilternet3_wet1,3.230532169342041,4.0165934562683105,4.372224807739258,4.178916931152344,2.952014207839966,4.542410850524902,3.3009350299835205,common_voice_available_uk
703fa7b3c9187aad9f78464bf1a594c04d0256d802b93e4e11448724d8e618d3,2.46,normalized_best,True,844aa12bcd11ccdb,normalized_original,3.6293439865112305,4.5876970291137695,4.318902969360352,4.365289688110352,3.601996660232544,4.449458122253418,4.05579948425293,common_voice_available_uk
5e607c41cfa7e89440a59ef1a36c5f6c42c0288966eedacd88e0aa0c82d13f67,5.1,normalized_best,False,959a1c6cab14e4d4,clearervoice_sidon_deepfilternet3_wet1,3.436241865158081,3.7299962043762207,3.3805296421051025,3.8912620544433594,3.262127161026001,4.4088592529296875,3.613738536834717,fleurs_uk
f58e8f46a4e347f900e052a495cc6c6d749e917af44ba36963d256251b5663fe,9.72,normalized_best,False,fefd0259ff637326,clearervoice_sidon_deepfilternet3_wet1,3.535980224609375,3.9110872745513916,3.4362709522247314,4.215132713317871,3.1899826526641846,4.1698832511901855,3.58504056930542,fleurs_uk
480ed449b24fc34a40550a65246985964a0bac70a5dede7ee188517175911adc,4.320041666666667,normalized_best,False,a381bc8d75f3eb60,clearervoice_sidon_deepfilternet3_wet1,3.5961034297943115,4.12430477142334,2.9684200286865234,3.9536540508270264,3.1048898696899414,4.748682975769043,4.041467666625977,fleurs_uk
d0076245dda4162b38f454d2a2a72ac4c6f21bace9f824a65c630d7c91a369d6,5.57,normalized_best,True,5558b228f9fb7124,clearervoice_sidon_deepfilternet3_wet1,2.859624147415161,4.404641151428223,3.5437355041503906,4.512111663818359,3.8537979125976562,4.703768730163574,4.319144248962402,fleurs_uk
4d8ef5db8193ce96c791006fb1b8681466e3b932ba53a9bf8b5a3fd851043211,9.5,normalized_best,False,b30673863ffb037d,clearervoice_sidon_deepfilternet3_wet1,3.391162633895874,4.287433624267578,3.0245821475982666,4.412633419036865,3.4554049968719482,4.67374324798584,3.8720955848693848,fleurs_uk
820f0fdfdb97d9bf05a6b881cf3bf15f2b7936a9366f0ee5a01d885d7e1cae7e,5.36,normalized_best,False,c5b7866904cce653,clearervoice_sidon_deepfilternet3_wet1,2.820981025695801,4.515751838684082,2.4689111709594727,4.190065383911133,3.22013783454895,4.495989799499512,4.08122444152832,fleurs_uk
b217f800afb3a51d7bdb6e8f1ec644b47cd351a4a611b5e7476f73258b6a590a,10.68,normalized_best,True,c832793e984ec4ad,clearervoice_sidon_deepfilternet3_wet1,4.115950584411621,4.336068630218506,4.658693313598633,4.817663192749023,3.8234386444091797,4.666414260864258,4.170810699462891,fleurs_uk
3f25775a9e3bb582ebb2ab2d7aec5639dd25a9469193642594ced38973f3d182,17.28,normalized_best,False,f74bd666161897df,clearervoice_sidon_deepfilternet3_wet1,3.584336996078491,4.188717365264893,4.357717037200928,4.343085765838623,3.484614372253418,4.576224327087402,3.7403247356414795,fleurs_uk
f1d0a8d64ee09244868f1cc571744aff88b5ea947d683294a9fc4314cb08c98a,9.93,normalized_best,False,a90e40527649a849,clearervoice_sidon_deepfilternet3_wet1,3.213648796081543,4.740209579467773,2.2129623889923096,4.877191543579102,2.9307217597961426,4.384402275085449,4.090401649475098,fleurs_uk
b0b163507aaaab085601b432182f8c0126303ca4d11bbcc66943cf891d95d276,3.75,normalized_best,False,909d184fdcd7f465,clearervoice_sidon_deepfilternet3_wet1,3.55481219291687,4.177061080932617,3.2454159259796143,4.306882858276367,2.7329976558685303,4.7555999755859375,3.58302903175354,fleurs_uk
506a25d494c21b1a84d36328046b94e9d59c5f9eb775cb8ba933e5b7728164c0,5.3,normalized_best,False,5037571598709644,clearervoice_sidon_deepfilternet3_wet1,3.9177658557891846,3.6694400310516357,4.468632698059082,4.049455165863037,3.430546760559082,4.761587142944336,3.7378334999084473,fleurs_uk
a66a5ebaba517a68bc49f28cf2e8b752b39d25cdf127babac48c3010b441dcd6,12.32,normalized_best,False,899793d24bd70411,normalized_original,3.5826222896575928,3.7111880779266357,3.415696859359741,4.033679008483887,3.071760416030884,4.5556159019470215,3.6294684410095215,fleurs_uk
5176091df4978f215c0844f5955e765fabde70bb361c13144ec9a649ef59b942,10.14,normalized_best,True,715676cbceb6f9c3,clearervoice_sidon_deepfilternet3_wet1,3.825497627258301,4.486832618713379,4.148533821105957,4.582174301147461,3.758681535720825,4.256884574890137,4.164303779602051,fleurs_uk
35f357a42a93a90d20a15c3949477f77febfb15687b82707761d60e733907687,11.340041666666666,normalized_best,False,85ca359309837202,clearervoice_sidon_deepfilternet3_wet1,3.89131236076355,4.806973457336426,4.668060302734375,4.559587478637695,3.4463424682617188,4.804744720458984,3.9241280555725098,fleurs_uk
65b8a02ac51557d351e1ac595b1bcc37ee40ad43699c454254a49433f64cf55c,9.4,normalized_best,False,2b1dd8402ce5d536,clearervoice_sidon_deepfilternet3_wet1,4.070758819580078,3.9262192249298096,2.4297025203704834,4.5271711349487305,3.0358023643493652,4.490065574645996,3.7083754539489746,fleurs_uk
250176ce532e18b45dfe24828a23528aeb7a18f7cf7b05e742291cee71114ee5,6.53,normalized_best,False,2089464e1fd713a6,clearervoice_sidon_deepfilternet3_wet1,3.4652135372161865,3.7558555603027344,2.9438323974609375,4.488666534423828,2.7532973289489746,4.721110820770264,3.3497989177703857,fleurs_uk
94f71168e850073e7278516129408e1387a39ddff28417b724e489f6434323d2,11.04,normalized_best,False,7079d2ab052b067c,clearervoice_sidon_deepfilternet3_wet1,3.337019443511963,4.077571868896484,4.526684761047363,4.0204057693481445,3.455655813217163,4.609575271606445,3.8508615493774414,fleurs_uk
af151fbe354aa10931dbd038df5ac80653e5c11a75f01f8903e4838a76ed94fa,5.58,normalized_best,True,fa71a8a80791f4ab,clearervoice_sidon_deepfilternet3_wet1,4.135756492614746,4.136863708496094,3.884854793548584,4.580129146575928,3.714995861053467,4.611976623535156,4.320527076721191,fleurs_uk
afa5de7c32cb6bb66c314988f84f27793e266db991bb8823fd6e5c0aabd4ce36,13.55,normalized_best,False,6df018bdc9ae9404,clearervoice_sidon_deepfilternet3_wet1,3.579434394836426,3.8313474655151367,3.3533308506011963,4.162770748138428,3.1406118869781494,4.472378730773926,3.6150755882263184,fleurs_uk
e411a0c907246ebc4a13aae6bda1f9855dcced6e8f30cb1d6f16bf740abc53a6,7.8,normalized_best,False,bd9cfe27e08bb814,clearervoice_sidon_deepfilternet3_wet1,3.862680196762085,3.807393789291382,3.392777681350708,4.545407295227051,2.6631646156311035,4.696008682250977,3.2339630126953125,fleurs_uk
def42973019024f4e44686dd1d3b1178f1e65ec54b84a3a17cc75fe29d6d8e3e,6.6,normalized_best,False,efd141fab8cb2a03,normalized_original,2.8678476810455322,4.028022766113281,2.9289920330047607,3.085840940475464,2.525747060775757,4.072085380554199,2.819340705871582,fleurs_uk
8075983c9f1ca969240a1a452b97e5ec2e56aa5e60965b9a55d52a37e4cd6fdf,18.12,normalized_best,True,fa44e451a4684ec5,clearervoice_sidon_deepfilternet3_wet1,4.285531044006348,4.233387470245361,3.7753396034240723,4.502461910247803,3.595754623413086,4.629568576812744,4.177438735961914,fleurs_uk
afd61a8be067acd1d97464b5230cbdfcaa4a24920345b5ae8ea7439d496799a6,13.49,normalized_best,False,cbf905fca130b00c,clearervoice_sidon_deepfilternet3_wet1,3.8077213764190674,4.0652618408203125,2.0216636657714844,4.366144180297852,2.519073009490967,4.370236396789551,3.404132843017578,fleurs_uk
b333573b0878f064c26fc7607f8cf478097f3f84347747079d370c0ab455efcf,10.65,normalized_best,False,65bab893d591c920,clearervoice_sidon_deepfilternet3_wet1,3.8206913471221924,3.7926700115203857,4.009366035461426,4.117977142333984,3.309150218963623,4.337127685546875,3.837193727493286,fleurs_uk
65e2ae46451772642509b24d56faa49c17c11239245778b7ce891ef7fbbea94f,8.47,normalized_best,False,ab1b2261eb178b37,clearervoice_sidon_deepfilternet3_wet1,3.5493884086608887,4.62407112121582,1.363306999206543,4.601953029632568,2.3460428714752197,4.489571571350098,3.410964012145996,fleurs_uk
86f88b4e811286e27909927c070b7c504723d189749ce3894dc4785d69a7c6ad,8.58,normalized_best,False,15e1f33a590fa5d2,normalized_original,3.3838045597076416,4.000548839569092,3.717216968536377,4.111758232116699,3.2641289234161377,4.408142566680908,3.610826253890991,fleurs_uk
3ba144a7e080821983daf09079260d4e5a282be67b2fe632435eace992c1ef0e,8.35,normalized_best,True,caa96ffc8a50db0a,clearervoice_sidon_deepfilternet3_wet1,3.483825206756592,3.976010322570801,2.9236772060394287,4.036100387573242,3.5119895935058594,4.701894760131836,4.051151275634766,fleurs_uk
7c39617e3749b4a2c2d66a83c73c3d9902ef9fedf4a8a12c0a909914c821b0cf,11.72,normalized_best,True,53e7cf21713ad2e1,clearervoice_sidon_deepfilternet3_wet1,3.803101062774658,4.1572265625,4.176290512084961,4.495119094848633,3.699223518371582,4.518728256225586,4.049578666687012,fleurs_uk
a9e59ef48a8af54bbd6f942a2ac9ba78f59733b0a19195828b4f10127ca990e5,11.22,normalized_best,False,de98bdcd8fe80564,clearervoice_sidon_deepfilternet3_wet1,3.7322027683258057,4.38276481628418,3.1616928577423096,4.625178337097168,3.2518928050994873,4.905240535736084,3.9706716537475586,fleurs_uk
ed4c31243cb4b9b3121a8721aa3601365aa7ef45c40103be43ae1a932dab2029,6.03,normalized_best,False,6fa4a717622444f8,clearervoice_sidon_deepfilternet3_wet1,4.2277116775512695,3.735168695449829,3.7144153118133545,4.31046724319458,3.3520731925964355,4.174684524536133,4.107378959655762,fleurs_uk
ede7389e5d359d52a2e7fa5fcae4b97c4b8d8e85b886adc9ee960241cf546f08,6.84,normalized_best,False,4a4d08bebc42b317,clearervoice_sidon_deepfilternet3_wet1,3.591150999069214,4.056264877319336,2.8666467666625977,3.930178642272949,3.0688278675079346,4.526392936706543,3.6418182849884033,fleurs_uk
6d01b0acc4ddce5c0c918d4661352adf5993d556ce1ee1ba021978a77d12fe54,4.71,normalized_best,False,d01073aaf9fe19e1,clearervoice_sidon_deepfilternet3_wet1,3.376797676086426,3.882286548614502,3.481473684310913,4.456817150115967,2.810624361038208,4.2931742668151855,3.3213295936584473,fleurs_uk
2ba6c89edfbb15125637bbdfbc55707f435ec0d727b23050192962d9c14ac990,17.16,normalized_best,False,22a1fd4042f42034,clearervoice_sidon_deepfilternet3_wet1,3.2041685581207275,4.145208358764648,3.2141244411468506,4.287639617919922,3.391141891479492,4.373964309692383,3.9379420280456543,fleurs_uk
3639cd1cfeb82f8d58c9bbfb18595d37209aff75a4ec93e849e1345b6a632771,12.9,normalized_best,True,4738fc04a1e4189e,clearervoice_sidon_deepfilternet3_wet1,4.020164489746094,4.415764808654785,4.336348056793213,4.692481517791748,3.953263282775879,4.844356536865234,4.080885410308838,fleurs_uk
34578a485ab2050bd13400e60c1dda65152f13f2e93734fff67d4c7dae84132e,5.23,normalized_best,False,fe393cbcd4c75050,clearervoice_sidon_deepfilternet3_wet1,3.1128976345062256,4.006400108337402,3.0659234523773193,4.287990570068359,3.052145481109619,4.5627641677856445,3.5715999603271484,fleurs_uk
f45b3df6d29af8bffbd52d893eaec895ec886720a2182eeea3c9218ad226f08c,10.08,normalized_best,False,c3f42dd599b43df9,normalized_original,3.695295572280884,3.8474912643432617,3.3814027309417725,3.814088821411133,3.2118332386016846,4.628026008605957,3.817615270614624,fleurs_uk
2a524b7fc901c9af1491ef49211c546344cf93b35061886e194f27053e8e7da9,4.14,normalized_best,False,c990d6277b807d72,clearervoice_sidon_deepfilternet3_wet1,3.4089505672454834,3.8992743492126465,2.4911444187164307,4.432962894439697,2.2472727298736572,3.811391830444336,2.9124271869659424,fleurs_uk
326c68e573f795aca005c5ec40b8cfbd3bcde356ab106de5ce5492e34963e806,13.18,normalized_best,False,ee5e4637dffa94a2,clearervoice_sidon_deepfilternet3_wet1,3.3890738487243652,4.2656378746032715,4.299075603485107,4.413017272949219,3.206934690475464,4.892266273498535,3.691213846206665,fleurs_uk
8b4380bd521e1244037dbe282a0d42cfeac8e6473b96df1ee49b3fbcb78d9511,9.86,normalized_best,False,eee1753076a7de8f,clearervoice_sidon_deepfilternet3_wet1,3.7205681800842285,3.9348082542419434,3.806169033050537,4.373414039611816,3.2980539798736572,4.777953147888184,3.7743911743164062,fleurs_uk
a549018361cb26532ddec490fb3ba12157c1d46a9aeaa35c9bc4c863238a4e3a,3.21,normalized_best,False,f52f97e9d64af685,clearervoice_sidon_deepfilternet3_wet1,3.4453659057617188,3.5218944549560547,2.7283236980438232,4.057882308959961,3.040952444076538,4.07818603515625,3.334326982498169,fleurs_uk
1e7a0e09f5bc561953afbc56148ca892a0bdb68e66aae449f58c9a41cecd18f3,6.48,normalized_best,False,327108867eaaa2da,clearervoice_sidon_deepfilternet3_wet1,3.5804996490478516,4.237863540649414,4.545734405517578,4.317849159240723,3.422839403152466,4.926629066467285,3.8727543354034424,fleurs_uk
f8bbd9717210d241859f1c94cd4e7337e17c05a7ed3a071218fe50fa44b680b0,8.730041666666667,normalized_best,False,83c307693927f61f,normalized_original,3.787234306335449,3.4390838146209717,3.638331413269043,3.711019277572632,2.721355676651001,3.9088244438171387,3.1061296463012695,fleurs_uk
ede448632da59f4951b4a71f17eec17e3b56a88b5301e26eb169b5da7d964c50,16.26,normalized_best,True,e5bb518608bfdb7d,clearervoice_sidon_deepfilternet3_wet1,3.7297866344451904,4.065216064453125,4.286166191101074,4.160914421081543,3.620173931121826,4.468930244445801,3.9930596351623535,fleurs_uk
0ffcf4ed8f444e88dfb750c4de55d9c00b76850dcdf35371fae79ebd3efb7fb3,9.92,normalized_best,False,5691f663ddaec5b5,clearervoice_sidon_deepfilternet3_wet1,4.0696492195129395,4.275596618652344,2.917147159576416,4.405947685241699,3.4467146396636963,4.748935699462891,4.017036437988281,fleurs_uk
8e9d33657e9cc04f6999d79e9c370e5867a2a1306feb71d793f53d4d1eedd728,5.06,normalized_best,False,55d68ad35312f5dd,clearervoice_sidon_deepfilternet3_wet1,3.122971296310425,3.353041887283325,3.2388575077056885,3.9625132083892822,2.655517339706421,4.009223937988281,2.998626708984375,fleurs_uk
9137b72743b7e3ede568524db84e5e03187ee1a03ec09eaba57d2dbba30e1b93,12.06,normalized_best,False,a27cd8f0d418a777,clearervoice_sidon_deepfilternet3_wet1,3.3088653087615967,4.112508773803711,3.417651414871216,4.509791851043701,3.319460153579712,4.620754241943359,3.824862480163574,fleurs_uk
00af48cc1fb1ca6e5de5fc125d479542f4ab1b441f276281f40301f04c75753e,10.74,normalized_best,True,794cb4991dbc7609,clearervoice_sidon_deepfilternet3_wet1,3.8974738121032715,4.18905782699585,4.5609331130981445,4.659700870513916,3.9513885974884033,4.664120674133301,4.280731678009033,fleurs_uk
5b371256c2b772842f9276c7e5adf7b8f6f8e8c80bfe1c0ec46b9321fbca9f88,7.2,normalized_best,False,f33621494d6e16b1,normalized_original,3.9693546295166016,3.104085683822632,3.100977659225464,3.683584213256836,2.5082526206970215,4.282366752624512,2.8504536151885986,fleurs_uk
a5d2c8a5aa0cbd661c0557fc4c9973e7ba4266874de90a80e1a65691097d4e4a,9.24,normalized_best,True,a5f851ef061a7203,clearervoice_sidon_deepfilternet3_wet1,3.692119598388672,4.470119476318359,2.9946346282958984,4.388276100158691,3.501800775527954,4.9176225662231445,4.2334771156311035,fleurs_uk
138b0438a4fe1e06b70d1e01c9a4b27bdd13223bcdbd5d2eef107722deac2b97,12.19,normalized_best,False,d090e200f4cc636c,clearervoice_sidon_deepfilternet3_wet1,3.97847843170166,3.940140724182129,4.211421012878418,4.346776485443115,3.3810956478118896,4.790019989013672,3.7050139904022217,fleurs_uk
f46cbbf34ca9907af707629be79b9911194922b80d1e962cb5cec26f40f21828,11.47,normalized_best,True,e982fb32bb0b099e,clearervoice_sidon_deepfilternet3_wet1,3.7252392768859863,4.2148213386535645,4.330462455749512,4.438413619995117,3.6431446075439453,4.525111198425293,3.956879138946533,fleurs_uk
9bc24d63daef5ced78c95710f6368493cf2b17e8079328ec11974a71d0ecd0d6,6.6,normalized_best,False,1e7c62bd46d20f2f,normalized_original,2.971095561981201,4.247476577758789,3.4260048866271973,3.6543455123901367,2.6987271308898926,4.218416213989258,3.0776171684265137,fleurs_uk
604aa5e387b93ee630663917de4d933133d2dcc94f9543c20f40260537be06fa,4.93,normalized_best,False,ca507cf5283e14fe,normalized_original,3.356163263320923,3.4478302001953125,3.6718838214874268,3.610478401184082,2.9385788440704346,3.689117670059204,3.43967342376709,fleurs_uk
bbc75f99298e1d950cfaeb108d3a038d200a96b4816995efb0eaeae048727aff,9.91,normalized_best,False,0467f502d836f78d,clearervoice_sidon_deepfilternet3_wet1,3.5002386569976807,4.077371597290039,3.826246500015259,4.655594825744629,2.8809566497802734,4.616203308105469,3.192955732345581,fleurs_uk
d10cb44d5a229a01ddab60b4968fa75930b92e710b6e78aaf7ab5d121c208108,16.58,normalized_best,False,333b67b57a0d2b71,clearervoice_sidon_deepfilternet3_wet1,3.7340080738067627,4.130368709564209,3.866347551345825,4.402038097381592,3.272395133972168,4.748851776123047,3.916229248046875,fleurs_uk
234de2260317f8d5f7e5927066f88f0ad710583042849e66f35e5a49b9400f60,16.760041666666666,normalized_best,False,ca195eb9cde9d3c7,clearervoice_sidon_deepfilternet3_wet1,3.6043307781219482,3.9027068614959717,4.0487847328186035,4.328960418701172,3.2714314460754395,4.768385410308838,3.6876397132873535,fleurs_uk
07d84314d55e9a625eeee4082a39691d84cdfcda40e238635252b8963a461fc0,11.15,normalized_best,False,735df4c409f942b8,clearervoice_sidon_deepfilternet3_wet1,3.8008947372436523,3.8402650356292725,3.9960296154022217,4.336797714233398,3.372041940689087,4.445096969604492,3.649883270263672,fleurs_uk
109184b046a10a5af5774f3451292ec6b39e1ca301e42cf11c4f3e85e748525f,7.44,normalized_best,False,354818c76e7c2e34,clearervoice_sidon_deepfilternet3_wet1,3.2137222290039062,4.144955158233643,4.087255001068115,4.673540115356445,3.230915069580078,4.715159893035889,3.667551279067993,fleurs_uk
3ccbe6db3bd124901225698953cc22c1341eec8206d800939d0363384ef8b09a,8.2,normalized_best,False,a6941dfe32692f98,clearervoice_sidon_deepfilternet3_wet1,3.5062637329101562,4.019486904144287,3.210009813308716,3.869255304336548,3.0979907512664795,4.17874813079834,3.8127806186676025,fleurs_uk
a36e4427ed8509cfd0c573156cff9dcf66fc5ca00a00d52fd3880e8cb38ff1b5,10.12,normalized_best,False,7b2374559c058ccb,clearervoice_sidon_deepfilternet3_wet1,3.3786110877990723,4.100903511047363,4.184925079345703,4.404223442077637,3.19657039642334,4.497652053833008,3.511138916015625,fleurs_uk
ce61fde3c47c3916ea1c8126f5402dc310fa2374d242e74b04bbd5d3d81da185,8.05,normalized_best,False,4033a0a142097204,normalized_original,4.140820026397705,3.7773590087890625,3.760436773300171,3.2532565593719482,3.0290818214416504,4.51617431640625,3.451151132583618,fleurs_uk
9a554b2a9fcd91a2b53a02eaf30127c6861567b797eced8cd16335cdbda98aeb,10.25,normalized_best,False,a52a91ca78ee3ab3,clearervoice_sidon_deepfilternet3_wet1,3.805891990661621,3.86061429977417,4.427043914794922,4.043967247009277,3.109330177307129,4.514338493347168,3.5579628944396973,fleurs_uk
141eb3d40b72247c5bc7f9aa711026b46c14c4af17a8c12714443dd87df84395,9.84,normalized_best,False,debdc6a4c5a4f3c6,clearervoice_sidon_deepfilternet3_wet1,3.327383041381836,3.8300232887268066,3.0160372257232666,4.646336555480957,3.2662899494171143,4.614294528961182,3.881458282470703,fleurs_uk
e9d02aab481a0c967af8234cbd3837c5669568e863caab5abbffacd4b7c54ba9,14.16,normalized_best,True,5eb6300304d1d12b,clearervoice_sidon_deepfilternet3_wet1,4.092678070068359,4.370976448059082,4.4485764503479,4.486738204956055,3.698343276977539,4.807665824890137,4.014558792114258,fleurs_uk
7328092286c845e69017fca5cd181d242bf3113b9fa0683b7e3d9ac362f0129d,18.42,normalized_best,True,868a3bdab88599ee,clearervoice_sidon_deepfilternet3_wet1,4.0755815505981445,4.519507884979248,4.005385398864746,4.770409107208252,3.712942123413086,4.842093467712402,4.166396141052246,fleurs_uk
99ef9da95e8b205b8ab35b0176793a3b3e536ddec4ee51eac1627bf650b35e03,9.93,normalized_best,False,8698daf0e9701268,clearervoice_sidon_deepfilternet3_wet1,3.4449801445007324,4.291214942932129,3.656113386154175,4.4695234298706055,3.1729836463928223,4.662094593048096,3.663879871368408,fleurs_uk
f79c4080ae00b3de79d1d49cebe8d86b1c26e15e97206adf37721c66c96ad6db,13.08,normalized_best,False,8d594f701ffd3ba4,clearervoice_sidon_deepfilternet3_wet1,3.336433172225952,4.022412300109863,3.411757230758667,4.368505001068115,3.384826898574829,4.722236633300781,3.7961361408233643,fleurs_uk
c916d086b92226e924e7e6bfad025c7e56f0a144d854163e7baee97d9cef3b77,9.98,normalized_best,True,33e0e64ffb911169,clearervoice_sidon_deepfilternet3_wet1,4.179903507232666,4.628781318664551,4.15987491607666,4.465271949768066,3.802206039428711,4.871088981628418,4.113387107849121,fleurs_uk
4c89f26a2311bc758bdac9c5ba36ac0260365f74b5ba65afca68df21c6e45a1c,5.76,normalized_best,True,cc3cbeb88a0ca00b,clearervoice_sidon_deepfilternet3_wet1,3.9250288009643555,4.237990379333496,4.690319061279297,4.537445068359375,3.6282217502593994,4.786231994628906,3.9125618934631348,fleurs_uk
db25af7f76a16dc85dc5efc25230343a0578fa3371fe6df2abd77ee61b43037e,10.41,normalized_best,True,8689b5eec74f2fff,clearervoice_sidon_deepfilternet3_wet1,4.0380048751831055,4.279786109924316,4.323619842529297,4.488048553466797,3.6696319580078125,4.837822914123535,4.02318811416626,fleurs_uk
3f0f9783ccded488e0db93fe81617bf1ad8ea1f541f0dc6720c37b907d8e6693,8.64,normalized_best,False,ac9151cf24a412e1,clearervoice_sidon_deepfilternet3_wet1,4.381298065185547,3.708951950073242,3.4170870780944824,4.317702770233154,3.1664984226226807,4.623633861541748,3.7872397899627686,fleurs_uk
3fa319f27f95bd2e65c1d12779eb2dcda42e7737ebbfc832753d4d7663d5f22d,8.2,normalized_best,False,a45c10147c84d9f8,normalized_original,3.5653834342956543,3.867856502532959,3.9137284755706787,3.557790517807007,2.460630416870117,4.662891387939453,3.0216729640960693,fleurs_uk
de9d35416479114da53ec5504b5bdb79155b5e3b990e54a34a21a3d0978ec40e,11.65,normalized_best,True,a8763d00c05c7270,clearervoice_sidon_deepfilternet3_wet1,3.7468621730804443,4.238469123840332,3.066251277923584,4.1781134605407715,3.6516664028167725,4.674663543701172,4.346761703491211,fleurs_uk
75af77cf390ad12090f29c9a7e95d3dffac10434793e4ec12ba8b842a8e8be99,13.4,normalized_best,False,69aafe87d955ba4b,normalized_original,3.835657835006714,3.593400716781616,3.5737156867980957,3.6718831062316895,3.1804897785186768,4.229334831237793,3.707052707672119,fleurs_uk
9ee7e6ee9bcd2cafd6b393b4e39d46b50c191042c956dcb28dbf0d28c20967dc,8.400041666666667,normalized_best,True,f654a2482168dbd9,clearervoice_sidon_deepfilternet3_wet1,4.002566814422607,4.566187858581543,3.9783475399017334,4.217047214508057,3.748732089996338,4.890033721923828,4.357818603515625,fleurs_uk
4ebbcf8869bb2ea3e125efea1837a69871b49c7c3eb07cc3e1897ac2a3053c6d,16.14,normalized_best,False,f16b002601063e11,clearervoice_sidon_deepfilternet3_wet1,3.531726598739624,4.0976057052612305,4.347909450531006,4.06633186340332,3.233319044113159,4.423797607421875,3.608292818069458,fleurs_uk
32501c03d08ce1d46d9a30497e404372f84d468048b871b1b894547442873071,11.14,normalized_best,False,584722206ba5ea87,normalized_original,3.7318685054779053,3.9184207916259766,3.3156893253326416,3.551687717437744,3.450486421585083,4.596231460571289,4.158115386962891,fleurs_uk
7e5ee8c30bb3439c7fa300d118784b37faa64fe64c1fafb64785e07f065cd0da,5.4,normalized_best,False,222a96e0d7dd0ce7,clearervoice_sidon_deepfilternet3_wet1,3.20544695854187,3.795821189880371,3.4819281101226807,4.286630630493164,3.2319185733795166,4.42522668838501,3.8097846508026123,fleurs_uk
f084ce9934551de7b95b1ec92ab1fd2729b07f2bc2aa89458fafbdade27e937e,12.0,normalized_best,False,4046a6918cbc6198,normalized_original,3.2044973373413086,3.8805909156799316,3.2953274250030518,3.9725775718688965,2.9218525886535645,4.161397933959961,3.3851845264434814,fleurs_uk
7d63a627c2830f8dbc85a9eec3d372c0c990c4227b5addb1e76885290e67e966,3.23,normalized_best,False,f0495e9522a7580f,clearervoice_sidon_deepfilternet3_wet1,3.6100821495056152,4.315314292907715,1.7270019054412842,4.692054748535156,2.5239055156707764,4.837255954742432,3.937662363052368,fleurs_uk
fbb8abdd081801beee8514303bc7657a275bce7414adcca945d0ac307312704c,6.77,normalized_best,False,d3c65f60de08cc59,clearervoice_sidon_deepfilternet3_wet1,3.427884817123413,4.092455863952637,4.403255462646484,4.3237762451171875,3.4548399448394775,4.625155448913574,3.854098320007324,fleurs_uk
42f202189a5a2d472d23eb66dbb9a04603c13b89b234a0a626526c3756835dc1,5.17,normalized_best,False,804a5cfa9e39d4c0,clearervoice_sidon_deepfilternet3_wet1,3.5830698013305664,4.221280097961426,2.8409535884857178,3.893735408782959,3.0089926719665527,4.488002777099609,3.608042001724243,fleurs_uk
9a6872f21eff33b03519a0ac8a14860b5dcb5179202d65954053fedd19fb7ab0,10.840041666666666,normalized_best,False,d9356cbfb7795081,clearervoice_sidon_deepfilternet3_wet1,3.647674322128296,3.5643792152404785,3.8225369453430176,3.9345943927764893,3.029548168182373,4.505439758300781,3.387021541595459,fleurs_uk
8d2cd99f58eede8a8278e356605646aec9979726880d2e7901b5c80141d49ee6,12.06,normalized_best,False,a137d8e70532b244,normalized_original,3.288464069366455,4.103532791137695,4.312075138092041,3.669663429260254,3.1506474018096924,3.7232911586761475,3.5077314376831055,fleurs_uk
3e5a5921705493a8721c757a1db8526450258896db8ea38d7722d1b4e70cc258,9.96,normalized_best,False,b47e47b723203d93,clearervoice_sidon_deepfilternet3_wet1,3.8173747062683105,4.298044204711914,4.166743278503418,4.5440168380737305,3.2924513816833496,4.559975624084473,4.0164713859558105,fleurs_uk
79340ffe4bbbfd3b2206e73ef69755951df36eea64e9f4c0492c19684822821f,10.92,normalized_best,False,d4455526189dee42,normalized_original,3.0582313537597656,3.7767419815063477,3.1975481510162354,3.969388484954834,2.7567429542541504,4.463316440582275,3.314436912536621,fleurs_uk
dba36d29a764914c2b6f6175077b40f048f2f67999dd485ea44570ef111ee814,5.59,normalized_best,False,e677a32e926ce1d5,clearervoice_sidon_deepfilternet3_wet1,3.147094488143921,3.776862859725952,3.596773386001587,4.648667335510254,3.0509397983551025,4.5385942459106445,3.6883599758148193,fleurs_uk
f9f6e31b7b1e98774d5a1d44d61cfa641c929e15f3215ede704e2b76f7e52bcc,14.0,normalized_best,False,1c3410a58f3482b4,clearervoice_sidon_deepfilternet3_wet1,3.3587257862091064,4.30185604095459,4.408575057983398,4.697983264923096,3.007814407348633,4.718599319458008,3.6677017211914062,fleurs_uk
74b6561de226241d71e4377f2d6a14424cbfe7ffc243d957ad0d69c8f68b570e,6.18,normalized_best,True,88157b1754b1f7fc,clearervoice_sidon_deepfilternet3_wet1,3.2277729511260986,4.105112552642822,4.031530380249023,4.7872419357299805,3.5414390563964844,4.090046405792236,4.107212066650391,fleurs_uk
45cc35101d1ff751225fdc4b1e5b2ff23fed1770405146bc50d1d5ff3dbeb124,12.36,normalized_best,False,d60a45ed449aa919,clearervoice_sidon_deepfilternet3_wet1,3.45119309425354,4.3473663330078125,4.54453182220459,4.704125881195068,3.441690444946289,4.547629356384277,3.85627818107605,fleurs_uk
c451726a5a38b7c54cfb113026f2023968752c5cd9c7e8dfec177d0707986520,5.99,normalized_best,False,51a1f94f96449920,clearervoice_sidon_deepfilternet3_wet1,4.250436782836914,4.217610836029053,3.6269869804382324,4.249739170074463,3.0880067348480225,4.446321487426758,4.165140151977539,fleurs_uk
19ecd29fdbd4670b9b9fc081a03da2f49f0722db077264d9987f247037569405,11.74,normalized_best,False,4e3c5ab1819b3e25,clearervoice_sidon_deepfilternet3_wet1,3.7145628929138184,3.983595132827759,3.361928939819336,4.25888729095459,2.9662482738494873,4.410987854003906,3.6605780124664307,fleurs_uk
6b5ee79e9a097e1c09fbdb959a18967c40ec2e148701d7f06b5404730eee4373,9.91,normalized_best,True,92ed791b24f80b91,clearervoice_sidon_deepfilternet3_wet1,3.9288992881774902,4.62115478515625,4.216387748718262,4.2510986328125,3.7997939586639404,4.8379058837890625,3.913998603820801,fleurs_uk
08c4a800a2475aec87046c93ba4fb3f3513df8760306f4b40b04d491d4fdf9e0,9.07,normalized_best,False,9402e75a29af9903,clearervoice_sidon_deepfilternet3_wet1,2.570499897003174,4.020758628845215,1.8825228214263916,4.593192100524902,2.4699878692626953,4.437050819396973,3.586383104324341,fleurs_uk
17114c402a3ed4d76f11e85d4499cc9e85f4f7eaf22d0848abe9ebc58ae70436,10.7,normalized_best,False,079895761aba879c,normalized_original,3.5548787117004395,3.876561403274536,3.0171425342559814,4.038956642150879,3.1383979320526123,4.394648551940918,3.5451035499572754,fleurs_uk
efc9c428d4b9259447f77d4c56d821c796907b446eface58bae4058ce948316c,5.89,normalized_best,True,10cdf3773f922512,normalized_original,3.886113405227661,4.077130317687988,3.175628185272217,4.26128625869751,3.5199520587921143,4.667912483215332,4.076715469360352,fleurs_uk
a9d4d44ddbe17745697aa1a655df60382ca792c876baabc211a9ef659c7c4e54,9.130041666666667,normalized_best,False,8f3c95d98fcf2542,clearervoice_sidon_deepfilternet3_wet1,3.3587758541107178,4.478229522705078,1.905623197555542,4.79904842376709,2.4837968349456787,4.830134391784668,3.4709858894348145,fleurs_uk
795b9520105815a6a7b338330cb8ec8987843f857e6c6b43a0a3e0fd5185d591,7.18,normalized_best,False,3c418e8b71f5cea6,clearervoice_sidon_deepfilternet3_wet1,3.658259391784668,4.616880416870117,2.871645450592041,4.54437255859375,3.3853158950805664,4.256996154785156,4.137048721313477,fleurs_uk
12c9eda23f3f6e2bf2060a50bc8a1c7889b85981421910c944d40c4f59f3963c,9.64,normalized_best,False,21c35569bc050375,clearervoice_sidon_deepfilternet3_wet1,3.6403939723968506,4.332459449768066,4.256705284118652,4.233017921447754,3.3260350227355957,4.783185005187988,3.804898500442505,fleurs_uk
3e90044cdca9e65ef105b30c7cba581f94512afafd8e80e6722b665704ac9b3a,3.410041666666667,normalized_best,False,cf89152cdd4870d0,clearervoice_sidon_deepfilternet3_wet1,3.4709978103637695,3.9922115802764893,3.7917141914367676,4.390434741973877,3.062760353088379,4.670327186584473,3.5929675102233887,fleurs_uk
e83be20a26a394b415882c289b2ad07bffd2f3aa9ffea1cdf3f2585d88f46d94,2.76,normalized_best,False,eb898a121f485b26,clearervoice_sidon_deepfilternet3_wet1,3.1536731719970703,4.194576263427734,3.368635892868042,4.385536193847656,2.6891918182373047,3.833082914352417,3.4063005447387695,opentts_lada
eb254b6707cdd9dc3bcaf5472ddc48151725a33e4915c631763f57c1865b9b60,4.040041666666666,normalized_best,False,e8449482430bafd8,clearervoice_sidon_deepfilternet3_wet1,3.25034761428833,4.582411766052246,3.2634081840515137,3.049750804901123,2.479738235473633,4.05940055847168,3.221306324005127,opentts_lada
a2ec0c1924e5d68e9ebb6473183893bd46ab4f9b5a7d324b5fa3e8879c70f995,5.52,normalized_best,False,21bb6688a0a1113f,clearervoice_sidon_deepfilternet3_wet1,2.4648008346557617,3.7530455589294434,2.927999258041382,3.588728666305542,2.355051040649414,3.7567501068115234,2.9159889221191406,opentts_lada
0a649d62f60fc08fbba867ea26b5b6f57b7a7c02c7a3728f522ca00d4aac08d6,4.44,normalized_best,False,0dd5f5a8f9a09cc5,normalized_original,3.2798972129821777,3.578680992126465,2.733158826828003,3.608011245727539,3.133626699447632,3.864781141281128,3.5553135871887207,opentts_lada
f9e87bdd2307172006a4da3d3fb46d85c80b71c22c3b6dd43bae7e59d987fd20,3.930041666666667,normalized_best,False,a62f0a11f72e0935,normalized_original,3.450218439102173,4.162222862243652,3.3790695667266846,4.083948135375977,3.1824026107788086,3.9203643798828125,3.8965632915496826,opentts_lada
b4f438694180d90e28dca2e2076af09d7d33dbc02a9782efbf158be2f5cf6b5b,5.34,normalized_best,False,7a5dcfae51994d97,normalized_original,3.577954053878784,4.087547302246094,3.2090532779693604,3.810765504837036,2.954676389694214,3.9845330715179443,3.5734448432922363,opentts_lada
6b1ffae7dc8a037f4df4eefebd1fa219e87df6085f289bdd91517d91da43fd08,4.61,normalized_best,False,6a0d36c4b3017098,normalized_original,3.130762815475464,3.943220376968384,2.73372483253479,3.911062717437744,2.7016286849975586,3.8880836963653564,3.0816304683685303,opentts_lada
bedbd8c6939b4c3de16873c4925790df8fd1f758bd5a672c5eade7ac79b416bb,3.8,normalized_best,False,ed7746419b367042,normalized_original,3.3270761966705322,4.020613670349121,2.6093668937683105,3.09478759765625,2.8299896717071533,4.160045623779297,3.7117817401885986,opentts_lada
c89c8696841a4b1cfb0d716e260c3bc7d0d26c62fe301ac3e6aee46f031b49e4,2.85,normalized_best,False,14cfdbc496752bee,clearervoice_sidon_deepfilternet3_wet1,3.5304832458496094,4.0202484130859375,3.5104782581329346,4.666915416717529,3.295426845550537,4.659891128540039,3.891099691390991,opentts_lada
a0d9703b756bb4842e9bb0c5e1baa344421027aa009ee3b8f56d1ff6d0c60f13,6.0,normalized_best,False,b3a0725d52e4df4a,normalized_original,3.1386375427246094,3.9795174598693848,2.8409690856933594,4.564228057861328,3.209517002105713,4.191558361053467,3.9200422763824463,opentts_lada
e0da76fa290d84d2aff5f776e6c6a1289484c407cefe364d653450268e2f51fe,4.600041666666667,normalized_best,False,2c77c8ce4c9a8e81,normalized_original,2.9749631881713867,4.02191162109375,3.1648359298706055,3.6988096237182617,2.537628412246704,4.523227691650391,3.0350685119628906,opentts_lada
c6cc330662ca14efef0d444f75d5337080bbb9cede782af759976af1614b8168,4.56,normalized_best,False,13376eeaa2862f39,clearervoice_sidon_deepfilternet3_wet1,3.1099233627319336,4.20737361907959,3.1839447021484375,4.42036247253418,2.9458508491516113,4.528373718261719,3.607913017272949,opentts_lada
cf803adad30d0734fb9adc0cdc8eb436881c258567357e43d9decd6834ead976,3.8,normalized_best,False,fd0881c5cac462ed,clearervoice_sidon_deepfilternet3_wet1,2.7058894634246826,4.447792053222656,3.3637168407440186,4.8019256591796875,2.7016263008117676,4.263075828552246,3.751542329788208,opentts_lada
d969bde01fb0dab2d115ce5bb83f1a151771d630fdda81e6abc04869e75c62a6,5.28,normalized_best,False,8f098940e429bdf0,clearervoice_sidon_deepfilternet3_wet1,3.455502510070801,3.872445583343506,4.033455848693848,4.076848983764648,3.1315391063690186,4.020039081573486,3.5976977348327637,opentts_lada
0eed1febaf7b08115de5cb8836fb853d81da71fc3932e53ed2301a276455d634,4.92,normalized_best,False,6883c011c9ab0f41,clearervoice_sidon_deepfilternet3_wet1,3.726945400238037,4.238659858703613,2.606539487838745,4.395238876342773,2.8073365688323975,4.4410810470581055,3.4727871417999268,opentts_lada
d167d7943822de47b346a0487f75c7e4c6d896736e8225365fc620d7b297f75d,4.7,normalized_best,False,15c1b955fd45d0cb,clearervoice_sidon_deepfilternet3_wet1,2.821133852005005,4.493368148803711,3.4514968395233154,3.6617729663848877,2.9037833213806152,4.194033622741699,3.3600757122039795,opentts_lada
9fff8351111d7fa5a3310a725338fb02e5ab1d1eb4736f94e42e0a0e0c0b6d98,4.8,normalized_best,False,d87767e09ae3c0a7,normalized_original,3.7264864444732666,4.141242504119873,2.632225275039673,4.079742431640625,2.7071917057037354,4.341981887817383,3.073072910308838,opentts_lada
561d8a9763ebb851de9723b1f543ccac5cf6c811a7c5b644462fa388b9879659,3.71,normalized_best,False,8de6fd86720527cf,normalized_original,3.255514144897461,4.2294416427612305,3.0126330852508545,3.0783743858337402,2.78629732131958,3.798107624053955,3.5380921363830566,opentts_lada
5c665ed4c3cd094fd84b58a60407680ad8b76cc0958aa0b41308731fbe282445,3.31,normalized_best,False,0d420c948e3fca43,normalized_original,3.4713287353515625,3.8456225395202637,3.3789429664611816,3.8848485946655273,2.611342668533325,3.89176344871521,3.322122097015381,opentts_lada
dd87a5ff8fcab0fffdbb74456bdbd1d13f690fc97af75f3ad2b057030e7122d9,3.54,normalized_best,False,b7c03ad16de492da,normalized_original,3.748023748397827,4.073488712310791,2.5758228302001953,4.2177510261535645,2.651824474334717,4.078648090362549,3.77162766456604,opentts_lada
646a4d3372167ac0df90232486cd14b90c95cc8e501a6f724df89193061d3379,4.8,normalized_best,False,0f5525a960cd2733,normalized_original,3.248039960861206,3.2338621616363525,3.3882992267608643,4.131329536437988,2.9526586532592773,4.341244697570801,3.285877227783203,opentts_lada
095f4a60ab2c2d05ba1e46e1e596f2e913009b03435c0403fd43cae89fb1093b,4.570041666666667,normalized_best,False,faefb12a08a739b4,clearervoice_sidon_deepfilternet3_wet1,3.9214718341827393,4.098526954650879,3.6260733604431152,4.13701057434082,3.0409491062164307,4.687905311584473,4.179009437561035,opentts_lada
98ae42dae98000cf165ec4a2d70df0d5f831d3b7734a4d57a4f662311794c0ca,2.34,normalized_best,False,c0cf2c236786cfe1,clearervoice_sidon_deepfilternet3_wet1,3.4670250415802,4.7676191329956055,3.2725419998168945,4.270870208740234,2.998692274093628,4.258694648742676,3.8159265518188477,opentts_lada
d66491790ed2316bbe88d6fab2842b97ae98c5b5fcbf844c19def539dd45376b,2.2600416666666665,normalized_best,False,a1cc283cf940e383,clearervoice_sidon_deepfilternet3_wet1,3.7614290714263916,4.432926654815674,3.127568006515503,4.0824432373046875,2.7310709953308105,4.199746608734131,4.075740814208984,opentts_lada
c1464b9cfd4452d48a87875fee1d8575e0b1abc396a3304cf749057a18a194c3,5.16,normalized_best,False,23c007617141ed90,clearervoice_sidon_deepfilternet3_wet1,2.6083595752716064,3.710841417312622,2.956897735595703,4.250242710113525,2.9094491004943848,3.9271297454833984,3.382220983505249,opentts_lada
09b105842fc5fc95653121de0125d34a330553ffbef1f522eb69d0a2e60723e5,4.28,normalized_best,False,812f332833a170a3,normalized_original,3.365902900695801,4.491527557373047,2.949636697769165,3.658524751663208,2.91195011138916,4.516178607940674,3.8540844917297363,opentts_lada
35ae9ecaa1fbace044eab45f02cdd77f32fb3ee9b7d787a20b77e91c062729af,6.18,normalized_best,False,fac6abf113898efb,clearervoice_sidon_deepfilternet3_wet1,2.9317610263824463,4.05171012878418,2.5924489498138428,4.075335502624512,2.7509963512420654,3.86173415184021,3.313131332397461,opentts_lada
14a1aac0593c6d582e08832552223e5e07906d30352f37388db8fd249fb05958,5.16,normalized_best,False,e9a72a1613b465ae,normalized_original,3.650688648223877,4.1160993576049805,3.3650283813476562,4.278586387634277,3.3420495986938477,4.454684257507324,3.8098080158233643,opentts_lada
3ea4baafb58acc3e561d450aaf576eb550312770aba67f9054959af985c4a37a,4.61,normalized_best,False,3370cc314324afd0,clearervoice_sidon_deepfilternet3_wet1,3.906395196914673,4.425455093383789,2.586026668548584,4.036029815673828,2.8807735443115234,4.820290565490723,4.0370988845825195,opentts_lada
9adbdb7b3c436fd23cee180c759e79ba1d6e4f8c317587b542f2efcb6f32da1c,4.16,normalized_best,False,ec2af6a0a797fee2,clearervoice_sidon_deepfilternet3_wet1,3.8223583698272705,4.08837890625,3.2141201496124268,4.434096336364746,2.9632229804992676,4.073919773101807,3.447589159011841,opentts_lada
e3d90c9b48d00725e9d3e06a3e0a7d20a4dd3659587fe9e2a445ceaf595f3c65,3.24,normalized_best,False,5f9e3d1b5205c791,clearervoice_sidon_deepfilternet3_wet1,3.127070665359497,4.109932899475098,3.1839258670806885,4.4031524658203125,3.0605056285858154,3.982903480529785,3.5355639457702637,opentts_lada
164cd4c88ff6c68c437419974cded2d5f572e3b2fea4b4494f1660395fe64afc,5.1,normalized_best,False,36d8c7ae4a7d8fcc,clearervoice_sidon_deepfilternet3_wet1,3.495026111602783,4.069356441497803,2.391507387161255,4.446953296661377,2.9156956672668457,4.6662678718566895,3.432114601135254,opentts_lada
9d471222a899d3ecb803cdd292fb4abfc1a99222b8604dc406f8a57a7f34dfa0,4.54,normalized_best,False,5d9cc95c0c3b48cb,normalized_original,3.1584484577178955,4.790912628173828,3.2545151710510254,3.043682098388672,3.1676762104034424,4.004846096038818,3.9240896701812744,opentts_lada
e852d1152107a9dc6efbbbc105eaff5ecda0975452bf7e58855a712c0de5fefa,4.65,normalized_best,False,a7cd21518394e414,normalized_original,3.3387808799743652,4.394579887390137,2.739163398742676,3.8972864151000977,3.1979453563690186,4.664454936981201,3.980423927307129,opentts_lada
98cf36057538d8a41c35f069b6bde9114eb3d55d2522ae70b984ef42460d48a5,5.59,normalized_best,False,8398aa249a64e7dd,clearervoice_sidon_deepfilternet3_wet1,3.5390260219573975,4.191944122314453,2.600710868835449,4.489110946655273,2.5546305179595947,4.068437576293945,3.1302030086517334,opentts_lada
48e942bca883542aea3e1e0046c3041fd0d0022d40880393354023cf9d745ae2,3.25,normalized_best,False,8fe3928a78329cf5,clearervoice_sidon_deepfilternet3_wet1,3.460867166519165,4.594295501708984,3.6438398361206055,4.641143798828125,2.8542511463165283,4.873969078063965,3.4855425357818604,opentts_lada
f5668d365d79fb8ee382995eb76e5b0fc1e7a1db831aecc913073cab78bbd709,4.62,normalized_best,False,89af8e11c37988c5,normalized_original,3.7838900089263916,3.894774913787842,3.2115638256073,4.419763088226318,3.314727783203125,3.9743990898132324,3.9377188682556152,opentts_lada
e83c35c650ba00afb1bcd0d4cfe15a04ae2b664ba24d0886367298ac5c4dc30d,2.8,normalized_best,False,37660310fa3b4d6d,normalized_original,3.1964964866638184,4.859353065490723,3.204251289367676,3.561729907989502,2.9981861114501953,4.137781620025635,3.601710557937622,opentts_lada
3d25e37a2a72455b24e9ded15cd49a13bba174c72a01a1f35774377717a27d20,4.07,normalized_best,False,ae86e1b727ab4994,clearervoice_sidon_deepfilternet3_wet1,3.3355441093444824,4.632868766784668,2.8831279277801514,4.172540664672852,2.645195722579956,4.655636787414551,3.5883798599243164,opentts_lada
65d425c9733bd962cd7bd70223b29500d3698d4ab298c83bb0036ac225fffc01,3.3,normalized_best,False,c23113a06a84767d,clearervoice_sidon_deepfilternet3_wet1,2.8901638984680176,4.292287826538086,2.8071820735931396,4.293996334075928,3.3332386016845703,4.526658058166504,3.936734437942505,opentts_lada
85c9eb79c499db6bafa04692c6f4d50f0775d6eeea41a62535046ded75353123,5.46,normalized_best,False,2e1312c52e3a30c1,clearervoice_sidon_deepfilternet3_wet1,3.3961338996887207,3.8129680156707764,3.2100679874420166,4.356955528259277,3.3260791301727295,4.41485595703125,3.6765849590301514,opentts_lada
70c9a4940f73e881a1d15cbbeaded35e293ff1baf0c970bddbbbd3f699d706a9,2.7400416666666665,normalized_best,False,cb52983eab2b2756,normalized_original,2.7391457557678223,4.248364448547363,3.309475898742676,3.6651651859283447,2.9706835746765137,3.99761962890625,3.4641356468200684,opentts_lada
7536770832e43e66a50be89dc8480b0bcc6cb21cb6b7fdc37be86048472b971a,3.02,normalized_best,False,c136c6d30b2df2ce,clearervoice_sidon_deepfilternet3_wet1,3.350816011428833,3.8802428245544434,3.3921544551849365,3.8257393836975098,2.673299551010132,4.191186904907227,3.2456843852996826,opentts_lada
9c55d8f38b09cdc71a9d49f4b822bd1306a20be2211d4744f0911f699c3d9922,3.97,normalized_best,False,b4e8a408cefc180c,clearervoice_sidon_deepfilternet3_wet1,3.7210233211517334,4.114457130432129,3.519841194152832,4.167877197265625,3.439929723739624,4.652027130126953,3.936577320098877,opentts_lada
be75c9a6c6f62db1f636f7e5ca75e04465c4349edc6c3fc1ee46c88b6f436503,3.27,normalized_best,True,63b846f0797232dd,clearervoice_sidon_deepfilternet3_wet1,4.01593542098999,4.244826316833496,3.2431304454803467,4.705717086791992,3.553678512573242,4.608550548553467,3.8777201175689697,opentts_lada
236f6763e7a598ad27fa3f3b5a85dcf0c0104a788c1707f92b08d64a17d43e4e,3.61,normalized_best,False,8572e866f1dc645a,clearervoice_sidon_deepfilternet3_wet1,3.38771653175354,4.183712959289551,2.9957003593444824,3.705050468444824,2.8858280181884766,3.8007946014404297,3.9665427207946777,opentts_lada
1824b2c2ecd573528cf908fb56f24ceacbe8512ba9a96fb6d32ab12b3f121067,3.27,normalized_best,False,b47d33d39090f18c,clearervoice_sidon_deepfilternet3_wet1,2.743997573852539,4.560568809509277,2.6489574909210205,3.8108716011047363,2.54520320892334,4.453224182128906,3.4079437255859375,opentts_lada
02de406e908f878c54b3d01509fa5d83c60fd77cd7ce63a9672a27074d1152e1,5.16,normalized_best,False,ae7464dd19369d7c,clearervoice_sidon_deepfilternet3_wet1,3.316732168197632,4.051924705505371,3.952691078186035,4.760042667388916,3.0114502906799316,4.572792053222656,3.5082831382751465,opentts_lada
3d15dd4319060a60e0308d6792ae534d591fc4287d789b5c5601b1527f4029de,5.7,normalized_best,False,1392e9cab03d35ac,clearervoice_sidon_deepfilternet3_wet1,3.412593364715576,3.949894428253174,3.8750507831573486,4.4902238845825195,3.416109085083008,4.477457046508789,3.929625988006592,opentts_lada
d45121052c1776b6079c5e9fe835106341811f1d872ee877b861bcd861da45ce,2.76,normalized_best,False,0d8baee843210a93,normalized_original,4.0940704345703125,4.600350379943848,2.781898260116577,4.078250408172607,2.9896433353424072,4.375098705291748,3.5194907188415527,opentts_lada
010a576080c3d4f6cb23f08278f1e81b994ffb6610720e653f42ce95c7d90d5d,4.38,normalized_best,False,8ef25dfa5c938f24,normalized_original,3.4358065128326416,3.7413876056671143,3.0135457515716553,4.3078484535217285,3.2087881565093994,3.799187421798706,3.644371271133423,opentts_lada
c17d55380c60c1b99aef7980f8ce6be698dec4c221bb7bc72933408b6fae5e0e,4.01,normalized_best,False,40ca8ab75d42caf5,clearervoice_sidon_deepfilternet3_wet1,3.570302724838257,4.482699394226074,3.5842697620391846,4.569572925567627,2.7627451419830322,4.128644943237305,3.1822361946105957,opentts_lada
ce50c41e130591797b4386fc19e2318d9520ce32a3e0283ddcadf93aeba6b4cd,3.5500416666666665,normalized_best,False,c3a385cebac82c87,clearervoice_sidon_deepfilternet3_wet1,3.1838877201080322,4.686225891113281,3.064469337463379,4.114432334899902,2.714890480041504,4.581809997558594,3.7576987743377686,opentts_lada
bfbb89c7682efb59ba07c555b789e197d1f2eff02cb4cc2c994b830cc5863a4a,5.61,normalized_best,False,50b57b7a80c645f6,clearervoice_sidon_deepfilternet3_wet1,3.731823682785034,4.266183376312256,3.9387896060943604,3.7047200202941895,3.0865955352783203,4.667052268981934,3.844660520553589,opentts_lada
57a0e84d6fd4953e4804cfc55e1c9a310cd0588878e602e30948a3a752559093,4.21,normalized_best,False,8050544d45d48e02,clearervoice_sidon_deepfilternet3_wet1,2.96382474899292,4.812589645385742,3.124868154525757,3.464695453643799,2.6684091091156006,4.612837791442871,3.86006498336792,opentts_lada
9c8beee8d07a5e4522b1fa96d71a7a2b6e326f0df63db16ac030a99c1247f5a7,5.4,normalized_best,False,f1a3a5a7e7156e30,normalized_original,3.338968515396118,3.888136386871338,2.068127393722534,3.8326900005340576,2.440939426422119,4.176858901977539,3.0051991939544678,opentts_lada
4df9b7ec07053f05d5c0a90c7245b985d347d8817618b1c1326b0ecf2430df2f,2.37,normalized_best,False,367cf4190991df76,normalized_original,3.7851126194000244,3.667328119277954,2.7508857250213623,3.8130297660827637,2.7146263122558594,4.254804611206055,3.4567580223083496,opentts_lada
017486eb0262bc7efba3c047fede96dd48ba0ffecc52c0bd3aa455660cb233a2,4.99,normalized_best,False,38f52c8e92c8c314,clearervoice_sidon_deepfilternet3_wet1,3.4643003940582275,4.233134746551514,2.987577199935913,4.626559257507324,2.8370463848114014,4.287075042724609,3.622065782546997,opentts_lada
5e891ef817d6caee7f4dcf06655748d5b6fba3fb5ccd98da79a7891b530b417e,3.94,normalized_best,False,9563831fae486725,clearervoice_sidon_deepfilternet3_wet1,3.5796091556549072,4.182941436767578,3.1420376300811768,3.6512367725372314,3.2068469524383545,4.360637664794922,3.9256153106689453,opentts_lada
ee91375e4e0e1766c273eb7ec1543b1dc1bc98e5c1b323fb9584ca360b5b6b39,3.42,normalized_best,False,500da6c2d85b4239,normalized_original,3.7633094787597656,4.403246879577637,2.2562716007232666,4.496801853179932,2.813533306121826,4.643346309661865,3.853529691696167,opentts_lada
02392601a460ad2cc24eea2c02fdab78b95f0877cc42376f93464b95af396582,2.94,normalized_best,False,6d435c25ec88193a,clearervoice_sidon_deepfilternet3_wet1,3.4116876125335693,4.0449538230896,3.2301714420318604,3.96622633934021,2.7410688400268555,3.9691686630249023,3.4808623790740967,opentts_lada
587db19b3211152588a61cc4e5df9ee3a571e5791e73ab73b27c289b50beeca0,3.48,normalized_best,False,754d3aa83fff6c31,normalized_original,3.211329221725464,4.016568183898926,3.6431667804718018,3.466212511062622,2.5977389812469482,4.007299900054932,3.761429786682129,opentts_lada
6de980273664f79398121a46da7a47ee73c0b7a27ec4ec36c86825b1edea5e0b,3.89,normalized_best,False,c6033c8f5d1b61f0,clearervoice_sidon_deepfilternet3_wet1,2.761946678161621,4.664572238922119,4.353217124938965,3.9992759227752686,2.966688871383667,4.647526741027832,4.062847137451172,opentts_lada
85a384250a9d617007eee3b93f0770025c73652a2f065421a21095a674ae3951,3.49,normalized_best,False,4115fa4f711a73c3,clearervoice_sidon_deepfilternet3_wet1,2.695111036300659,4.533282279968262,3.3475406169891357,4.153759956359863,2.923417091369629,4.466640472412109,3.8208775520324707,opentts_lada
e78f945f70046f518dc1f00bcf815f3ab6d80dc30f13a5ec969d7f446cb0c420,5.1,normalized_best,False,22aae211e4a9f6bb,normalized_original,3.2880187034606934,3.753751277923584,3.1762197017669678,4.249364852905273,3.262620449066162,4.385077953338623,3.749835729598999,opentts_lada
dcd3177caaa636bc845ed25a98fe327952ae6c3bcde3fa3254985f2d5c5538b8,2.86,normalized_best,False,afcd21da27e9d366,clearervoice_sidon_deepfilternet3_wet1,3.1083712577819824,4.501789569854736,2.8089399337768555,4.584185600280762,2.7709362506866455,4.221652984619141,3.896433115005493,opentts_lada
4c4b56ec8c837d28958dc226b62ede53d8696271302cc33aa091dcd6e6215d75,5.14,normalized_best,False,2cfc2221e4930a13,normalized_original,3.381441116333008,4.702081203460693,3.256803274154663,3.9454102516174316,3.091977119445801,4.460351943969727,3.8333981037139893,opentts_lada
705e5a6746a78df3d60495219f081741ae9e1f355bcbdd79b8dc688f2c045d94,4.07,normalized_best,False,60a88bb5a86a6769,clearervoice_sidon_deepfilternet3_wet1,3.1460049152374268,4.782583236694336,4.213038444519043,4.248710632324219,2.6802964210510254,4.617927551269531,3.751899003982544,opentts_lada
2bf57015024567c21899bc660e7d75807a52f96f74f2af4c45b6651894e2b264,5.52,normalized_best,False,993562ae800f5241,clearervoice_sidon_deepfilternet3_wet1,3.175180435180664,3.754847764968872,3.268740177154541,4.486687660217285,3.0503993034362793,4.240251541137695,3.414156675338745,opentts_lada
08d113c42c449ee49319a7b7321630735fba11832725c402d7425c45ae703be4,2.5900416666666666,normalized_best,False,1638d7672e185d8d,clearervoice_sidon_deepfilternet3_wet1,3.425922155380249,3.579066276550293,3.6742143630981445,3.995490074157715,2.909071922302246,4.1566081047058105,3.4333908557891846,opentts_lada
74ffa77433af6edb4f97991ab4744e4581407b975f769a610cd3fc5d97446815,4.74,normalized_best,False,e54cb0321b792fb3,normalized_original,3.756899356842041,3.860640048980713,2.99973726272583,4.3551740646362305,3.2366764545440674,4.208642959594727,3.7734241485595703,opentts_lada
318cf231c73ff8c75cee7ef841cdc2127447374df3ab03f0b3768c5fb7f0fbb0,4.32,normalized_best,False,d2ce58ca31ea83b0,normalized_original,3.4437098503112793,2.9951512813568115,3.060818672180176,4.136709213256836,2.581791877746582,4.112863540649414,2.825092077255249,opentts_lada
9d99efcd7c517cf44525b94348214db1d38a2550ab39a9419d69b2831ad688c6,4.670041666666667,normalized_best,False,5304f7031602317a,clearervoice_sidon_deepfilternet3_wet1,3.4144461154937744,4.424935340881348,3.4674830436706543,4.5096282958984375,3.185511589050293,4.2229766845703125,3.6315908432006836,opentts_lada
a27460c26497663dcba6196e71ac9edd0b825c1aa7ad386508002a52f69ac8b4,3.64,normalized_best,False,6631f5ca7fe6482d,normalized_original,2.986562490463257,4.807380676269531,2.948042631149292,3.843764066696167,2.6654460430145264,4.504199028015137,3.2603626251220703,opentts_lada
1fd73a80a5878f3f8666190e42ebbfacd479d8a96c06e36dedc78df8165313ff,2.79,normalized_best,False,3ffe87a8fbd2ba55,clearervoice_sidon_deepfilternet3_wet1,3.4982292652130127,4.369297027587891,3.071845769882202,4.362689971923828,2.910207986831665,4.408618927001953,3.848700523376465,opentts_lada
58037200241a9c989d629d8807cd6657ff645c6d577118ddf6af8081969e20bf,2.92,normalized_best,False,d97c3ffd13bab92d,normalized_original,3.591991424560547,4.576652526855469,2.604604482650757,4.1768012046813965,3.4009335041046143,4.297348499298096,3.9807872772216797,opentts_lada
ff48e361b376c29660adec978cbbd67f2c3eaf45872a93a285cd17443cce5e9f,5.400041666666667,normalized_best,False,e9811b7c2ddd4e3b,clearervoice_sidon_deepfilternet3_wet1,3.1644773483276367,4.647669792175293,3.8240323066711426,4.6057634353637695,3.32877779006958,4.427018165588379,3.9249134063720703,opentts_lada
2970690cca1a0638dcc2eda9b21a1626ae5df5e6d5532972839d59f17eb88788,4.92,normalized_best,False,db9a783efaeefc90,normalized_original,3.1238155364990234,3.921933889389038,3.54632568359375,4.135050296783447,2.95041823387146,4.143489837646484,3.5604746341705322,opentts_lada
d6feb50e73e2b875f53e8cd52241953083d024a4412e77be19b4eac0912ced07,4.06,normalized_best,False,3faa153457aa9053,normalized_original,3.283428430557251,4.417756080627441,2.8676273822784424,3.943148136138916,2.9169228076934814,4.5192999839782715,3.587567090988159,opentts_lada
8d6ddfcb807a9a1371af0b44b5d672fca5d5d5ef0968110825bcf1ee74c9130c,3.430041666666667,normalized_best,False,0b791c8fee95553d,clearervoice_sidon_deepfilternet3_wet1,3.2336554527282715,4.7464189529418945,3.1095330715179443,4.556675910949707,3.091043472290039,4.178905487060547,4.116155624389648,opentts_lada
0658e61069dd5822f5eb5d400f345250d07a7346b7e9a5c5be40a41a775b44a9,3.29,normalized_best,False,e951bb2bb584ed3b,clearervoice_sidon_deepfilternet3_wet1,3.207223415374756,4.729068756103516,3.424476385116577,4.43880558013916,3.1472368240356445,4.441515922546387,3.874103307723999,opentts_lada
409082a1c7426f801d6b350ab6e34747d883d93f470d5407976f1136061b04d8,2.7,normalized_best,False,de17a05f28fba27d,normalized_original,3.143127918243408,3.87050461769104,3.6145827770233154,3.5011162757873535,2.8448445796966553,3.8286874294281006,3.480942964553833,opentts_lada
baff1c482d4356cc019d812d227c726b35770118c088ebbf924e3f745bfbb16b,4.62,normalized_best,False,a46c4e3dd06a9aaf,normalized_original,3.4489634037017822,4.794377326965332,3.581960678100586,3.8067052364349365,3.2502903938293457,4.456322193145752,3.7171504497528076,opentts_lada
314d861ac3b2bfac9ae82c2e83d351ddeccb9adc8d3336e5bd4cfb96ab1ad49f,4.34,normalized_best,False,3239037655f3c62b,clearervoice_sidon_deepfilternet3_wet1,3.3523972034454346,3.84512996673584,3.153318405151367,3.8988940715789795,2.9190099239349365,3.8335909843444824,3.3778557777404785,opentts_lada
5eac1cab2dd8a5bc39c97a2803710f804573c5ee3ec154b7fdaed4e399a918cc,1.95,normalized_best,False,0926bee71f6de28a,clearervoice_sidon_deepfilternet3_wet1,3.4794790744781494,4.498859405517578,3.091822862625122,4.195131301879883,3.2112040519714355,4.313765525817871,3.717207193374634,opentts_lada
0478f0423fc579e9a5396b29dadbb9a1fe66e4e36a7687442604e8d202de847a,4.08,normalized_best,False,15216fcd52dfed59,normalized_original,3.4450604915618896,3.7795374393463135,2.5214247703552246,4.44416618347168,3.076519727706909,4.037364959716797,3.5161678791046143,opentts_lada
7710cb7277cb5019b63d1f4e596a6c3b5009808f3a56e17f76038ccd38c04cf2,4.32,normalized_best,False,b2d2f9b372cebb9a,clearervoice_sidon_deepfilternet3_wet1,3.8591768741607666,3.812490463256836,3.3382441997528076,4.06222677230835,3.2174923419952393,4.4524946212768555,3.3790390491485596,opentts_lada
836a0efa0c626dfe299d764bf26e526f27a83a9496843395bd5dee67ef73fde8,2.66,normalized_best,False,6a7781dfa09ea82e,clearervoice_sidon_deepfilternet3_wet1,3.6826963424682617,4.564078330993652,3.3618059158325195,3.8810324668884277,2.858372926712036,4.283217906951904,3.858646869659424,opentts_lada
21d3f8020ebefd0f61579e9c9a5a76c7dd5bfbd60f9becfdd5484af081586a62,5.7,normalized_best,False,1f0ad04adc6756b7,normalized_original,3.5508804321289062,3.840846300125122,2.7476346492767334,4.129456996917725,3.049365997314453,4.134617328643799,3.6478734016418457,opentts_lada
7a74f59234e6c42aec18828d0d52ac0303571ace66d5f8824c02a830baf80241,4.100041666666667,normalized_best,False,e576487c8a8d17b7,clearervoice_sidon_deepfilternet3_wet1,3.0829854011535645,4.511323928833008,3.087679147720337,4.38033390045166,2.9152109622955322,3.988284111022949,3.4010367393493652,opentts_lada
acdb6470058386e20a6f5cfedd082fc6a0fd12eacd5a26e9fc6074594a47d34d,3.4200416666666666,normalized_best,False,c38700278b6b82f4,normalized_original,3.677180528640747,4.372718811035156,3.160914421081543,4.246013641357422,2.93601393699646,4.036849021911621,4.326010704040527,opentts_lada
09b90760ccecbe7e4ce7574ec02cf8b6357f97ac998c1cd22c48ee535006b8fc,3.0,normalized_best,False,d93fc4c98890ebf0,clearervoice_sidon_deepfilternet3_wet1,3.2405059337615967,4.745243549346924,4.014895439147949,4.286620140075684,2.885835647583008,4.5924530029296875,3.787200927734375,opentts_lada
919793013dfcb339a96b117cef86e25f044cc1f2b5842bae897593fca5c786a4,5.1,normalized_best,False,f7e215626f22d612,clearervoice_sidon_deepfilternet3_wet1,3.5214831829071045,4.360715866088867,3.966921091079712,4.503042221069336,3.315056800842285,4.636706829071045,3.7420296669006348,opentts_lada
c6a9ec0abc07954160c66b61cf2e203edd0643444594467b8c1d993023fca8db,2.96,normalized_best,False,f03f962b4c44f815,clearervoice_sidon_deepfilternet3_wet1,3.0760881900787354,3.906024694442749,3.30945086479187,4.411591529846191,3.0832924842834473,4.264117240905762,3.6610894203186035,opentts_lada
96f5d6b3a939ea60a753aaa9e3653f6e6c436089e0c3481903cc9818eabb8596,4.22,normalized_best,False,eb744d66547433cf,normalized_original,3.5198123455047607,4.078827381134033,2.5442862510681152,4.178349018096924,2.6117515563964844,4.080992698669434,3.953909397125244,opentts_lada
7ae020f4774afa3975b2e70bcdbc54e6f46cdd1694f2e210d0794c65e8aaae51,5.4,normalized_best,False,cc9834c73af666b8,normalized_original,3.200488328933716,3.794114589691162,3.013521671295166,4.165088176727295,2.772632122039795,4.078998565673828,3.308692216873169,opentts_lada
944d380fcfc35607a7209a8bd1ccd53fcb8d4a4b92764807a79a9e81a318477e,2.71,normalized_best,False,346d44fa77ff8baa,clearervoice_sidon_deepfilternet3_wet1,3.5292184352874756,4.138253688812256,2.865208625793457,3.7509841918945312,2.9837794303894043,4.381966590881348,3.8525583744049072,opentts_lada
83d62d32f0a349212649c812d77ace777cea56016ac1a39b45ff21ecabd0d57e,2.65,normalized_best,False,fd4fada003f9d13c,clearervoice_sidon_deepfilternet3_wet1,3.1656503677368164,4.573497772216797,3.0420477390289307,4.115525245666504,2.993605136871338,4.40599250793457,3.9519083499908447,opentts_lada
615d985d68fc0b45402c83fee20f67e091be434134bcddc330dae54dda45cf27,4.160041666666666,normalized_best,False,b77683880022388b,normalized_original,3.1767935752868652,4.384035587310791,2.8729162216186523,3.697629928588867,2.6381707191467285,4.526979446411133,3.8145129680633545,opentts_lada
71f712aca41419de9fc1dda519c60495039a493acb7bc11e0c465390d8939a34,4.35,normalized_best,False,ceffff0097a3c337,clearervoice_sidon_deepfilternet3_wet1,3.028019905090332,4.412158966064453,3.9090471267700195,4.468145370483398,3.2436110973358154,4.793102741241455,3.7981016635894775,opentts_lada
a70fedfe6615ec5e0a6a3c22bae7964a0cbd6fe3bf65d2c84be6c01fa22fbb30,2.31,normalized_best,True,d9142a1825f6670e,normalized_original,3.6149063110351562,4.59780216217041,4.584515571594238,4.669641494750977,3.834909200668335,4.471540451049805,4.345691680908203,opentts_mykyta
e97058613051b90f650bd163bfd043e3cb2dcf46caf11c3062a56f9cdfb52125,2.58,normalized_best,False,58a476fc30599f00,clearervoice_sidon_deepfilternet3_wet1,2.982487201690674,4.481924057006836,3.3919947147369385,4.407607078552246,3.1257379055023193,4.762660980224609,3.360762119293213,opentts_mykyta
be1d163a61d4928d363aff071576d30c3eeb8d6ca4bfb78fefa66e7df0159b90,5.86,normalized_best,True,a873e806b8130af9,normalized_original,4.886284351348877,4.40250301361084,3.969360589981079,4.189567565917969,4.0248517990112305,4.383583068847656,4.533984184265137,opentts_mykyta
e5e2d14430056fe67b2e8e1c2ff7bf9c1006ef61f5f150c6e036ad958714351a,6.16,normalized_best,True,46aa2e4062987a5d,clearervoice_sidon_deepfilternet3_wet1,3.756129741668701,3.9850542545318604,4.296965599060059,4.1643829345703125,3.5545594692230225,4.583406448364258,4.010815143585205,opentts_mykyta
194a432daf3ff7894d425ed5602fdcc477adf0a7b14ee97689c951820d8e43d1,4.3,normalized_best,True,3a2012d91c2c6df9,normalized_original,3.7142174243927,4.135359764099121,4.382029056549072,4.462832927703857,3.974191188812256,4.409885883331299,4.467260360717773,opentts_mykyta
dd04e3b2dff6a21d4afdbcf179594e3cb14ac67d06c1cc6ec232e88c3cd75a99,4.62,normalized_best,True,1853fc4b9f791b61,clearervoice_sidon_deepfilternet3_wet1,3.8029377460479736,4.383766174316406,3.984199285507202,4.533107757568359,3.9313225746154785,4.784049034118652,4.3350114822387695,opentts_mykyta
1b4f558280bb5e8c95681174508c2a5b0d842d2b5ce45527ee737c58fec67652,3.01,normalized_best,False,1f1ae89bb0ffb8b8,clearervoice_sidon_deepfilternet3_wet1,3.833235740661621,3.924160957336426,4.1519012451171875,4.240053176879883,3.343559980392456,4.562237739562988,3.6327269077301025,opentts_mykyta
8ad04b16cef151ba188e8f92c93cc2c2ff544ccc9ced04d1ed5ce5e45215fa6d,5.51,normalized_best,True,11a93ede4910d3dd,normalized_original,4.216231346130371,3.723703622817993,3.6361725330352783,4.1933512687683105,3.5818774700164795,4.662405014038086,4.155988693237305,opentts_mykyta
66bd5eb17ebd12412221fbb7899541b1544565d453ec1670e5aabec8b696734a,3.15,normalized_best,True,93bfc7f74dde98e1,clearervoice_sidon_deepfilternet3_wet1,4.137416362762451,4.255434989929199,4.268454551696777,4.264821529388428,3.755141496658325,4.701126575469971,4.051983833312988,opentts_mykyta
58f8ab885a7bad66273cc041f31032814728da6e5688003e3a1e2f64b353b102,2.08,normalized_best,True,c227e2b3fb38f248,normalized_original,3.3232944011688232,4.590520858764648,3.7231059074401855,4.330893516540527,3.7691361904144287,4.0994873046875,4.3927764892578125,opentts_mykyta
5be1c4b51f2f974b4f900d40635d5a54c05e1902c4ffe28b89d366e38a56423d,2.34,normalized_best,True,8e1d3dd1aac3927d,normalized_original,4.5336809158325195,4.953678131103516,4.439912796020508,4.749887466430664,4.461276054382324,4.857760429382324,4.724535942077637,opentts_mykyta
3137efdd473c5115c0be5cbe3d6ea43787455ec97bde7af85cf71da2fee369ad,3.23,normalized_best,True,26bdebf13abce380,normalized_original,4.270991325378418,4.4748005867004395,3.65189528465271,4.288896083831787,3.706533908843994,4.504568099975586,4.229450225830078,opentts_mykyta
130b85ca6f114a618f72de2b68e155b8a6eb722322ab528e4428c110ec7900c6,5.15,normalized_best,True,068c6b39972a03f6,normalized_original,4.4678955078125,4.604803085327148,4.918543815612793,3.8875491619110107,4.151534557342529,4.559683799743652,4.519445419311523,opentts_mykyta
f1a09e1ce3d91ac0dceba003a25e472c5fab9484e01761dd202a3dedd003beff,2.05,normalized_best,False,33d5751b554e65c1,normalized_original,3.507314443588257,3.791419744491577,3.997622489929199,4.342294216156006,3.191296339035034,3.9238829612731934,3.503366470336914,opentts_mykyta
f3e72f8db707f8ffef8ec3e7eeae9a4b34fce85c9779c4041eb0112f5a65ed61,4.1,normalized_best,True,d411f0cb05023318,normalized_original,3.894364595413208,4.184591770172119,4.021939277648926,4.3298749923706055,3.7718276977539062,4.116463661193848,4.213645935058594,opentts_mykyta
57796ae98bc9fbc3742a5cc9a18ed22b3b02b488c1fc892fa351259666e96292,4.16,normalized_best,False,83e20366aa3cd58e,clearervoice_sidon_deepfilternet3_wet1,3.2662336826324463,4.223905563354492,4.271084785461426,4.3338623046875,3.4840145111083984,4.597933769226074,4.066225528717041,opentts_mykyta
a46316d8e25a683a51a06bb1c99d0629d836ae9cbf1860f69cce0b5faa72d86c,3.22,normalized_best,True,0fa020189e7c14d7,normalized_original,3.8012354373931885,4.190418243408203,4.246577262878418,4.058824062347412,3.8277406692504883,4.424901962280273,4.406355857849121,opentts_mykyta
6642c8def9a46786e4b6119a1228929ff5b917a2b5fad3e52ad1dc3b9d09b600,3.3,normalized_best,True,b218e5f5481f2829,clearervoice_sidon_deepfilternet3_wet1,3.366882801055908,4.463756561279297,4.678728103637695,4.677008628845215,3.6718714237213135,4.738584041595459,4.087235450744629,opentts_mykyta
dc2d51b5512309d0aded2436933c1f036c48b65014440421f29efdce86e14808,5.6,normalized_best,True,893ac17a096d2adf,normalized_original,3.7066328525543213,4.3020339012146,3.997281074523926,4.3717451095581055,3.7773566246032715,4.041046619415283,4.14727258682251,opentts_mykyta
0ae098fb6466d78157c894ca466348d72743af016a9b12e2522553065ffea3bf,3.9700416666666665,normalized_best,False,8683742dfe90c138,clearervoice_sidon_deepfilternet3_wet1,3.8098087310791016,4.317283630371094,3.230306386947632,4.391565322875977,3.3606081008911133,4.232407569885254,3.491629123687744,opentts_mykyta
799f7ed3a5d700cb5175a09f91ff265417d455783630eb878c6459f5cbc530fb,5.49,normalized_best,True,cab9c4d164655544,normalized_original,4.027952671051025,4.718401908874512,4.217035293579102,4.650607109069824,3.814073324203491,4.332943439483643,4.33803653717041,opentts_mykyta
a52dee340226e45de3cfa105892c61fd00887bc6589cc270d8a25633210a7911,5.28,normalized_best,False,71f0271b5dfe44f8,normalized_original,3.7352890968322754,4.028592586517334,3.3851730823516846,3.801298141479492,3.440700054168701,4.012414932250977,4.125296592712402,opentts_mykyta
e9fc1e47bc52c168aaf7b46167e7b3ec5b9b516df538d24ad7e4d44b52db3a83,5.55,normalized_best,False,d1b2cd8e8e3b9e91,normalized_original,3.808976411819458,4.031661510467529,3.7221548557281494,4.2910308837890625,3.4704625606536865,4.297466278076172,3.833813190460205,opentts_mykyta
8bb84dc88df40173f809b1154a78dfe304f29bd1d8a7e082f237d7c301b39d80,2.16,normalized_best,False,6057d3ad2ee84619,normalized_original,3.270392894744873,4.567555904388428,4.291749000549316,4.395623207092285,3.2568345069885254,3.940199851989746,3.6066038608551025,opentts_mykyta
ff3023ad48fa32ae7641357f39d72809e8a25df420c8c519a0385a1efed73461,2.0,normalized_best,False,e482532f1c169286,normalized_original,4.039904594421387,4.22136116027832,3.055615186691284,4.718148708343506,3.1702141761779785,4.551050662994385,3.8712146282196045,opentts_mykyta
8e84a20ba4f61b15534b40508c622b06470c0899d00f159012ae3178330fa1fb,2.32,normalized_best,False,b60e2ca45d3ebc8a,clearervoice_sidon_deepfilternet3_wet1,3.865647792816162,4.520440578460693,4.161066055297852,4.377628803253174,3.22584867477417,4.8230485916137695,3.4270198345184326,opentts_mykyta
341b428dc66da87ac6158e4e3307b39ba37206033f28f7ac4548aa05de8c1579,3.73,normalized_best,True,af8eeb0bdaaf6faf,normalized_original,3.7161803245544434,4.438263416290283,4.608821392059326,4.686997413635254,3.96390962600708,4.489866256713867,4.310022354125977,opentts_mykyta
59b176adcb88de18f41cd82f8453fcbfc2ad2a69e0b5638638d4a3efcc26359c,4.08,normalized_best,True,38f2f5441396d96c,normalized_original,4.147672176361084,4.828712463378906,4.492860794067383,4.6373138427734375,3.7193546295166016,3.862133264541626,4.289538383483887,opentts_mykyta
27d10df2c883971939c189b9201c7802f6bc408238f9f99af689a72b55259c73,2.73,normalized_best,True,d944b26bf4c847b1,clearervoice_sidon_deepfilternet3_wet1,3.603351593017578,4.5174150466918945,3.9886999130249023,4.239157676696777,3.7821648120880127,4.42216682434082,4.272004127502441,opentts_mykyta
71436d50d2d6e7710c86dce64daf627c0698af8df4d33f59ae250f5f1b193b0c,3.18,normalized_best,True,bb95b943aaeb4c5e,clearervoice_sidon_deepfilternet3_wet1,3.67764949798584,4.606365203857422,4.444144248962402,4.044320106506348,3.6361162662506104,4.82338285446167,4.10345983505249,opentts_mykyta
221b81b361e20265c8863e3786c6aefaad4685d2dcb173d989aaeaf98e28cdb1,2.76,normalized_best,True,ce673f8d30ab8f12,normalized_original,3.472907066345215,4.1361775398254395,4.483088493347168,4.480968475341797,3.6707379817962646,4.278642654418945,3.882397174835205,opentts_mykyta
9d1baa2a117a1ff6f94c032c6297a41f296b2dd68a49fc291e565f8da0729ce7,6.96,normalized_best,False,eb7ee2068c5040e2,clearervoice_sidon_deepfilternet3_wet1,3.2661736011505127,4.086961269378662,4.536260604858398,4.1335577964782715,3.2788918018341064,4.421351432800293,3.579739809036255,opentts_mykyta
262efd6d69e485aaf59a50a5bcfdf68b72f1033d8ba79d04e2028ad2921f934b,2.39,normalized_best,True,650a0b090c1c3aa2,normalized_original,2.909039258956909,4.489532470703125,3.0660486221313477,4.399981498718262,3.529151201248169,4.411482810974121,4.2587785720825195,opentts_mykyta
51f95a4f879732350f1e1030b963c6ac8731a00a40eb606c6631dfa1d48ab950,2.52,normalized_best,True,54128cb05339f5b0,clearervoice_sidon_deepfilternet3_wet1,3.985576629638672,3.863168716430664,4.08571720123291,4.443844318389893,3.5343284606933594,4.765447616577148,4.021482944488525,opentts_mykyta
bc675060d5e2dd7f4f4bdc32b6fdf1a0c00feeb5ba041def9946a98446d3d6af,2.33,normalized_best,False,cc5d36cab9c23040,normalized_original,3.386458158493042,4.387202262878418,3.521088123321533,3.971083641052246,3.4015092849731445,3.9221696853637695,4.163116931915283,opentts_mykyta
413f765c4d7427aecc55f7016c87fab5cd8300ab6342524c6751919acc80021b,5.46,normalized_best,True,89a174d7aca41048,normalized_original,4.188210487365723,4.406546592712402,4.789027690887451,4.302645683288574,3.7498674392700195,4.433442115783691,4.4141035079956055,opentts_mykyta
c99e4d8f559837890ffbfbab2bf05829feee1c1c48b69ce4543f60705958e91d,5.76,normalized_best,True,40710901d6cb8262,normalized_original,3.529423713684082,4.367671489715576,3.799592971801758,4.280246734619141,3.5128302574157715,4.059197425842285,3.914051055908203,opentts_mykyta
c1f4195c10f115402c1dd5488102fffc5ce860978e5867a0353ef1911ca64f4a,1.8600416666666666,normalized_best,False,ec6d1dbdf3184832,clearervoice_sidon_deepfilternet3_wet1,3.9465553760528564,4.4298601150512695,4.344830513000488,3.9649739265441895,3.3660993576049805,4.16682243347168,3.902117967605591,opentts_mykyta
a8179ebb19ac1a1510c5ce8c5f6854859b64c166b787058f2f04c367818552bd,2.8,normalized_best,True,9a04b60abe51ab96,normalized_original,4.050016403198242,4.679525375366211,3.6599133014678955,3.987978219985962,3.7633750438690186,4.4148149490356445,4.436624050140381,opentts_mykyta
87b7d89e2c3030588d186d10790a9d23304231dda00f21194d79bbdaf576aea6,4.25,normalized_best,True,1020265fb84912cd,normalized_original,3.8004064559936523,4.621686935424805,4.05281400680542,4.202862739562988,3.828791856765747,4.523983955383301,4.23475980758667,opentts_mykyta
6d229270e5bd7d216a91bd438ab84a4528844bb0ee3a938014fd2f308d515ebf,2.44,normalized_best,True,28cdbef953fe3a3d,normalized_original,4.058423042297363,4.906130313873291,4.144234657287598,4.7904253005981445,3.750990390777588,3.9413182735443115,4.2422590255737305,opentts_mykyta
a1dfe2753781733eb683adc13ba5e65d11158f725a854f151dcbf31b863b9a18,2.85,normalized_best,False,816a74e16fd172b3,clearervoice_sidon_deepfilternet3_wet1,3.319495439529419,4.0201215744018555,3.6927084922790527,4.031232833862305,3.4481191635131836,3.9850594997406006,3.758103132247925,opentts_mykyta
f0191973598bfe41fcf83c66415d968726512d42f9ac66caef28e0c76af471cc,4.46,normalized_best,True,3ae6136844cf3860,normalized_original,4.15690803527832,4.202249526977539,4.424854278564453,4.090544700622559,3.769984722137451,4.385674476623535,4.411200523376465,opentts_mykyta
4080542f5aa6472d6e4cb4935b127f72f19f479c9c4de8088ea46541651e7553,2.48,normalized_best,True,45c74b66f4e52208,normalized_original,3.414401054382324,4.792394638061523,4.534114837646484,4.857959270477295,3.7546281814575195,4.911219596862793,3.981076955795288,opentts_mykyta
1da4fadbd199f2b03d934681f235819aeeff48779194f453c54b325ceca2cd04,4.89,normalized_best,True,24853fa87a94d515,normalized_original,4.035456657409668,4.2504730224609375,3.632152795791626,4.619500637054443,3.6199662685394287,3.8778176307678223,3.994353771209717,opentts_mykyta
fc44a32c99cf99cda94ebfe81f20fcfe70ab21357fd48528348624ad6cde673c,6.01,normalized_best,True,ae9b420e7bff1109,normalized_original,4.700176239013672,4.5966997146606445,4.147884845733643,4.469359397888184,4.544216156005859,4.729833602905273,4.781237602233887,opentts_mykyta
d823dc3240252b3a2afb5888962cc7a78f755ece5945d1bab1f5eb8fd471f6a0,4.42,normalized_best,True,665b5819f3675c27,normalized_original,3.6087520122528076,4.482529640197754,3.731891632080078,4.1609368324279785,3.8650777339935303,4.775649547576904,4.487006187438965,opentts_mykyta
d7933ea19e49d21647698128e0ce8bbbd78f4c4058fe65fa346c6677939c2732,1.7800416666666667,normalized_best,False,8d75b459ab38ab77,clearervoice_sidon_deepfilternet3_wet1,2.764528751373291,4.965883255004883,4.016895294189453,4.655360221862793,3.15960693359375,3.9094016551971436,3.44887638092041,opentts_mykyta
788ce4d4cd2c8b23ffe21355abcc2b3b26e6540509fbb9979d5e655af6dd9b3c,2.56,normalized_best,True,d9495281ebad598c,normalized_original,4.414280891418457,4.73918342590332,3.6356256008148193,4.489518642425537,4.031529426574707,3.97751522064209,4.3335161209106445,opentts_mykyta
e343e6b9a5502b8c9eed0fb00571b9346e05df5a6b7ea3eb7008862d3534d372,4.61,normalized_best,True,702d94d54b2de6ea,clearervoice_sidon_deepfilternet3_wet1,3.758535861968994,4.588544845581055,4.3752031326293945,4.336648941040039,3.882486581802368,4.641263961791992,4.362948417663574,opentts_mykyta
154288df5f9de72ecbb30b854070fe65f3a706bbac55c91453729f66293e587e,2.32,normalized_best,True,759503caf060248e,normalized_original,4.111573219299316,4.716355323791504,3.8077993392944336,3.93025541305542,3.850316286087036,3.6509032249450684,4.209448337554932,opentts_mykyta
dea3d387de8f3b66925de7f12969e73d743d39f5ad6809e7b638d1925c73652b,6.05,normalized_best,False,9aa6e3a376121857,clearervoice_sidon_deepfilternet3_wet1,3.5658459663391113,4.275224685668945,3.872889757156372,4.1462931632995605,3.289175271987915,4.455002784729004,4.152952194213867,opentts_mykyta
af750b513192d33d57f4ee36c999d946f36cc92b42db9bb8a6023e4b70431732,2.32,normalized_best,False,6eb6a11b059b40ed,normalized_original,3.121166467666626,3.9864132404327393,3.650056838989258,4.296816825866699,3.4220590591430664,4.012547492980957,3.8974716663360596,opentts_mykyta
076b6547664f41345c5387f70f87b69e029b813aeb93c07b96ad9e8b21a0bf3c,7.73,normalized_best,True,c3d00006e0bfca7f,normalized_original,4.243386268615723,4.26777458190918,4.421885967254639,4.2709503173828125,4.046868324279785,4.353332996368408,4.527682304382324,opentts_mykyta
b486817d8d1d4d435205bac6282c344d19022012cb74e3bcfe2e61e68045b2c8,3.03,normalized_best,True,172b480844041235,normalized_original,4.062987327575684,4.478663444519043,3.8598062992095947,4.550110816955566,3.861985445022583,4.4428277015686035,4.299539566040039,opentts_mykyta
7e4588fbe67424a9361817f350a8e68932eca01dcaa535243b3314771e2e7f8c,4.01,normalized_best,True,3e5148008feaa9d6,clearervoice_sidon_deepfilternet3_wet1,3.5032896995544434,3.658644437789917,3.74405837059021,3.9330894947052,3.519620180130005,4.323216438293457,3.9247617721557617,opentts_mykyta
4e91d64d8f9cc95f525038e2dc795b7f0ead83a592b3b74abb9b1b5f3fcae96b,4.64,normalized_best,True,779b30fd4a6ef945,normalized_original,3.991910934448242,4.373664855957031,4.039346218109131,4.254208087921143,3.8504140377044678,4.093781471252441,4.335928916931152,opentts_mykyta
fd250bec53a6ea66b6f06ddc65b35009adaf341e64e4e2337398c07afeb77eed,4.74,normalized_best,True,c2022c0fb7fb3cbb,normalized_original,4.358646392822266,3.923978090286255,3.6235101222991943,4.488204002380371,3.6130435466766357,4.568577289581299,3.9783005714416504,opentts_mykyta
439e9fb81c316ab89a6fc5e241d09ba96e54171921f00aabd9a944c82eebee4b,3.91,normalized_best,True,0e70b22afd9d6907,normalized_original,3.756511688232422,4.6775031089782715,3.1850922107696533,4.622984886169434,3.780433416366577,3.852290630340576,4.173191070556641,opentts_mykyta
1a4b49e1f58fe326acfb89a6d3f20cd43562195a27a2a33e2633bdde389b168c,4.33,normalized_best,True,0b4fcd3172eb7286,normalized_original,4.086092472076416,4.009393692016602,4.224642753601074,4.393826961517334,3.7684237957000732,4.498682022094727,4.108765602111816,opentts_mykyta
72a913c120f970e578c1a31d4d0acb610667a201fc6106bf2281cee04d4cc4f7,4.97,normalized_best,True,b341789359dce578,normalized_original,3.864609956741333,4.466243743896484,3.8214926719665527,4.270346641540527,3.732805013656616,4.157693862915039,4.180481910705566,opentts_mykyta
19e5973d82d3f81387cd351d4280ca1693ef3ce15dc3c5059b00fea94f53195c,3.09,normalized_best,False,56af01b39e804540,clearervoice_sidon_deepfilternet3_wet1,3.8111846446990967,4.711215019226074,4.080279350280762,4.07994270324707,3.49434757232666,4.723340034484863,3.993790864944458,opentts_mykyta
860984cbcce5d343db21becca68ff5b6136fc3553ea42e48ab88abbd93dd5c82,3.24,normalized_best,True,08cd68b8108e009a,normalized_original,4.0837225914001465,4.629280090332031,3.5823700428009033,4.771697044372559,3.761279821395874,4.598938941955566,4.359127998352051,opentts_mykyta
48c57f43152384b0cd42ffc82b42117058611c2103fc8ef28256def2e5c2ebd5,1.7700416666666667,normalized_best,True,1225dbcf200ac14c,normalized_original,3.673102378845215,4.6098856925964355,4.161549091339111,4.478826522827148,3.777489423751831,3.586789846420288,4.193016052246094,opentts_mykyta
fa53bb303190afb810a89295bbb37247592683ed5c27de28954ec8c661fc881b,6.01,normalized_best,False,7faeadec8c57496d,clearervoice_sidon_deepfilternet3_wet1,3.039839506149292,4.2313127517700195,4.471405029296875,4.428802013397217,3.2692453861236572,4.1942009925842285,3.9065968990325928,opentts_mykyta
36dd5552fa7a99128f8940f14d14bba946a93243116b6eac6328dbc42c12cf7d,2.2,normalized_best,True,fe82a6bad6876302,clearervoice_sidon_deepfilternet3_wet1,3.548229932785034,4.539149284362793,3.819789171218872,4.267314910888672,3.6786611080169678,4.5290374755859375,4.174160480499268,opentts_mykyta
aae0ec0b2c9be960bf127c60a19d0b70edfdd8c1bff2374825ea1e87c8768ab0,4.04,normalized_best,True,857380e9a1187eb1,normalized_original,4.411703109741211,4.6983795166015625,3.83793306350708,4.629929542541504,4.130825042724609,4.307631969451904,4.538018226623535,opentts_mykyta
02a4aecc8b1ce7ce17eb523e0fdd62004d182e0064de65b8f39f3a049679f839,5.91,normalized_best,False,460b4d2feca22ce8,clearervoice_sidon_deepfilternet3_wet1,4.12653112411499,4.3673481941223145,3.8913991451263428,4.322418212890625,3.4499878883361816,4.438052177429199,4.30168342590332,opentts_mykyta
e493ba557c719b3f1aaee8f3a4c93c7ed5390eba654e63ad7987b3986f9e08ab,5.62,normalized_best,True,b62f01cd9805b14d,normalized_original,3.6445934772491455,4.745985984802246,4.579904556274414,4.359431266784668,3.705444574356079,3.9899468421936035,4.224621772766113,opentts_mykyta
721b2e4daa8724319c3de129649e025ff2ff1be80b4c6a9b8f6a809d38143382,6.84,normalized_best,True,f4d8e81a756dff64,normalized_original,4.419855117797852,4.7612833976745605,4.062870025634766,4.781418800354004,4.099428176879883,4.385265350341797,4.544879913330078,opentts_mykyta
9c3989c14ae09a7ab5e0f6b763e1afc5eddaee799cfc8ef5cd709c3eaa78a745,2.27,normalized_best,False,146cb3c3efe048dc,normalized_original,3.786823034286499,4.5766143798828125,3.434650421142578,4.614139556884766,3.386281728744507,4.500091075897217,3.8137240409851074,opentts_mykyta
41c8589a8ed3590d7185c9800aa0e7d906089acb1c71c398e19f0be137ad4785,5.12,normalized_best,True,24653ff6f29be580,clearervoice_sidon_deepfilternet3_wet1,3.649545907974243,4.289554595947266,3.093963623046875,4.351152420043945,3.5743346214294434,4.488931179046631,3.9908411502838135,opentts_mykyta
f88ff42b334660959840f27fd32e02a8cab5169f303cdb6db77ee0073b766a5b,2.52,normalized_best,True,9a1b36f9c0d29651,normalized_original,4.36555814743042,4.44328498840332,3.596134901046753,4.643283367156982,3.789595365524292,4.5878705978393555,4.262153148651123,opentts_mykyta
9cf8d022db289ef4fee60c49f48f5af251281a6f7d50547a469535a622d34225,4.43,normalized_best,False,e60157d50f82490e,clearervoice_sidon_deepfilternet3_wet1,3.7455570697784424,4.2940568923950195,4.429192543029785,4.189848899841309,3.4499926567077637,4.509589195251465,3.947474956512451,opentts_mykyta
6de40937b166bb3ac22f24ae12bd9c43875380671e514801c3748179b8b2aff8,3.4,normalized_best,True,0ade7737eb81422c,normalized_original,3.446934938430786,4.7705230712890625,4.368162155151367,4.051421165466309,3.8016233444213867,4.888936996459961,4.181307315826416,opentts_mykyta
d695a9d58edbef517aaf0bb3914b0e5b1e7bf98cbeb7b3959b684f70dcf444d8,2.4,normalized_best,True,8ffb075bfd746701,normalized_original,4.285140514373779,4.159515857696533,4.1230082511901855,4.007719039916992,3.751854419708252,4.497650146484375,4.154905319213867,opentts_mykyta
0db611df1d2a64106b433175e987326dda11cef88086889194facd70a9308c77,2.76,normalized_best,False,106e7c8fab0b530d,clearervoice_sidon_deepfilternet3_wet1,3.283111572265625,4.036266326904297,4.237726211547852,4.043355941772461,3.3956491947174072,4.539089679718018,3.794358253479004,opentts_mykyta
79838d169e1297edf3c9107e714390a65643cb4f2deb4b86734eff1b61fc9f98,2.41,normalized_best,True,ce0ee1553b19271d,clearervoice_sidon_deepfilternet3_wet1,3.8800618648529053,4.437780380249023,3.6911704540252686,4.389693737030029,3.505732774734497,4.668401718139648,3.914891242980957,opentts_mykyta
74bb65f413522291a2b15acba64f7d14885a3eb53f7b11f53ec2c2cc4f2fbbcd,4.38,normalized_best,False,31d99722613515de,normalized_original,3.357382297515869,4.417477607727051,4.046062469482422,4.674685478210449,3.2308096885681152,4.45652961730957,3.6628165245056152,opentts_mykyta
08199858edcfcaa11c7a5dd4a0296131d2a0ffde1cdf69e7d4da70cd1c21826d,3.65,normalized_best,True,165d7ac4539ea550,normalized_original,3.9632728099823,4.252910137176514,3.934713363647461,4.507697105407715,3.6797425746917725,4.341344833374023,3.9540059566497803,opentts_mykyta
3ef041bbeb2e248cb09cee5246884a8d8c8331e99e21a29ccf47b0e751e51374,2.84,normalized_best,True,3e36471d7291de19,clearervoice_sidon_deepfilternet3_wet1,3.483494997024536,4.689330101013184,4.567976951599121,4.464910507202148,3.721480369567871,4.626964569091797,3.8395497798919678,opentts_mykyta
f39a1f048146ffba7dd1bd96fd169722650dd2ae5a6e3a02af12441bf750460f,4.56,normalized_best,True,e939d57085d2c25f,normalized_original,3.9675028324127197,4.307338237762451,3.711992025375366,4.3596601486206055,3.82446026802063,4.23216438293457,4.446030616760254,opentts_mykyta
c91b14fee6f86b318d28c510e3c9e9aaa7b8a4523e61ea87d45f8b160d9eb827,2.91,normalized_best,True,641f35120a841c0e,clearervoice_sidon_deepfilternet3_wet1,3.3722145557403564,4.398841857910156,4.057997226715088,4.220845699310303,3.5350148677825928,4.5489420890808105,3.9490623474121094,opentts_mykyta
85fb02c01709dcd1b986950510d02e2f904d92d853b637ddeb959fe03f0cfcbd,3.57,normalized_best,False,dc15931f26708709,normalized_original,3.0347509384155273,4.472184181213379,4.269560813903809,4.220075607299805,3.4261887073516846,4.1359710693359375,4.14082670211792,opentts_mykyta
5cd54dca276f35c8ee341b7b844ddd58c923418219e755c4e4fac6dd5514ff36,6.81,normalized_best,True,b464d316ca24d760,clearervoice_sidon_deepfilternet3_wet1,3.9108235836029053,4.103367805480957,4.460424423217773,4.604220390319824,3.5906732082366943,4.7148637771606445,3.877026319503784,opentts_mykyta
10c9128f3ddf720839ecb21aae5e66d54ce874c821477e988ab3f569cec0cc83,2.31,normalized_best,True,4c8cc187ea79f48d,clearervoice_sidon_deepfilternet3_wet1,3.570629119873047,4.247668266296387,4.3806328773498535,4.261776924133301,3.585317850112915,4.826125621795654,3.9412107467651367,opentts_mykyta
c059e338efec21ca7a87ff6818d8627ec06a9d5362478a984e1e2d0fe572f13c,3.73,normalized_best,False,b9915342e8142107,clearervoice_sidon_deepfilternet3_wet1,3.4523794651031494,4.540377616882324,4.127824783325195,4.085878849029541,3.470938205718994,4.720730304718018,3.869234561920166,opentts_mykyta
889c78474def153dcda6b6c8b42abc596777250d496b001fd0516d639ed44d21,2.0600416666666668,normalized_best,False,08e5267f9131bcc9,normalized_original,3.370452880859375,4.35179328918457,4.364686012268066,4.081331253051758,3.397160530090332,3.8224778175354004,3.7235846519470215,opentts_mykyta
1cf10185639d71ceb90ecd16e1ab9a438d0ad465035599c8105ae4999f2ae84d,5.38,normalized_best,True,6e78035caa846668,clearervoice_sidon_deepfilternet3_wet1,3.5131332874298096,4.732169151306152,4.267477035522461,4.49140739440918,3.7054858207702637,4.788876533508301,4.035869598388672,opentts_mykyta
da849265047af5ff080d84d77b817d77714729a3b32145d2607b5429c8da8dbc,2.08,normalized_best,False,47ee75a2844099fb,normalized_original,4.118661403656006,4.5904860496521,3.5100302696228027,3.6354026794433594,3.0842084884643555,4.042121887207031,4.100711822509766,opentts_mykyta
c4a4426772f4d363c25108e654c088e8f3594a011250929beb53794132cab149,2.45,normalized_best,False,c98198390609c516,normalized_original,2.9026455879211426,4.812593460083008,4.25879430770874,4.523753643035889,3.4177770614624023,4.331748008728027,4.076282501220703,opentts_mykyta
1370eb1ae932d9f424c01ca2d45813e37e1c73942a56e9b7f99e9db3cb04e5a6,5.21,normalized_best,True,e348d2067b490046,normalized_original,4.176577091217041,4.438495635986328,4.353293418884277,4.580796241760254,3.991018772125244,4.315692901611328,4.419503211975098,opentts_mykyta
283357774576bfe842ea5798eb7ff72f7e0812981d0bef12f864c0abcffffdc4,2.41,normalized_best,False,9032257b1f1d3074,normalized_original,3.533198356628418,3.990340232849121,3.734894275665283,3.7803421020507812,3.455923080444336,3.504653215408325,3.9597835540771484,opentts_mykyta
7eeaa798bb72694cf20c7876a731ad14a021c422191d1d7e5290473201866420,2.04,normalized_best,False,b5f32e27533dab40,clearervoice_sidon_deepfilternet3_wet1,3.208078622817993,4.233580589294434,4.2349748611450195,4.286533355712891,3.443730354309082,4.274076461791992,3.880341053009033,opentts_mykyta
e7789f39a2fa0be3ddaa9e7d7d45c8637af407cf0ec07066f7674a9c25dc4d52,2.11,normalized_best,False,f023cbba44d138eb,clearervoice_sidon_deepfilternet3_wet1,3.8361520767211914,4.061171531677246,3.5706839561462402,4.28804874420166,3.3834235668182373,4.405735015869141,3.5539326667785645,opentts_mykyta
af95dd2fdbc27d2c82fed6f1fd7b0d823b4a11ffe2177e39c6820547191d2ebf,2.26,normalized_best,False,62bb8e5a39453ae3,clearervoice_sidon_deepfilternet3_wet1,3.4466612339019775,4.148188591003418,4.126621723175049,4.228775978088379,3.028834581375122,4.429473876953125,3.4831690788269043,opentts_mykyta
469fce424d5a933177e595430da5c3e56560ec0b2b66ead66aeb7372aa0cb929,4.46,normalized_best,True,e68afd9ed334cd51,clearervoice_sidon_deepfilternet3_wet1,3.586406707763672,3.9768733978271484,4.15615177154541,4.425122261047363,3.6594460010528564,4.521981239318848,4.237429618835449,opentts_mykyta
ec021c88681a2bf6e405039626af4498e57aacd941a9e46646408424b4c1e08b,2.33,normalized_best,True,9c159ddda6fb6cb7,normalized_original,4.157290935516357,4.848117828369141,3.5915510654449463,4.411946773529053,3.92576003074646,3.8567190170288086,4.4653425216674805,opentts_mykyta
f828abeb196065dfed971014f001417197b764fd602735d90a4a3fe5a8eb4bc6,2.66,normalized_best,True,1e9806d17e5573c9,clearervoice_sidon_deepfilternet3_wet1,3.9888110160827637,4.336144924163818,3.614914655685425,4.463146686553955,3.5999748706817627,4.510740280151367,4.137147903442383,opentts_mykyta
cea5cc49381e1c588186a8b3a40ed0e4c5c4d032ea522a8735f547012f7a3141,2.41,normalized_best,False,d4352057d9d22eb1,normalized_original,3.5647945404052734,4.726155757904053,3.7849342823028564,4.2421369552612305,3.4939088821411133,3.798100709915161,4.077469825744629,opentts_mykyta
835d57456ae51715ffaa3492fe5ec7bf55c23759769d5b4093a4fca2d1703b1b,3.67,normalized_best,True,69aa62f12d1bb5a3,clearervoice_sidon_deepfilternet3_wet1,3.43835186958313,4.2615509033203125,3.911444902420044,4.208934783935547,3.5882720947265625,4.556845188140869,4.041216850280762,opentts_tetiana
f9ca664f57d71cd23c14bdf69e9c1a24013d60bcab789ab7c84bf7a6bc3c50db,4.56,normalized_best,False,2fddf33762c8114f,normalized_original,3.6112918853759766,4.1360979080200195,3.052091598510742,4.726528167724609,3.356193780899048,4.505781650543213,4.0489020347595215,opentts_tetiana
81404ef3989dc23b76319c82326cad68c271188e2c39d9aa8229e2aa648ce6d6,2.35,normalized_best,False,4013357b3fe2c12f,normalized_original,3.9322519302368164,4.195589065551758,3.6833314895629883,4.347992897033691,3.3382627964019775,4.15988302230835,4.0314788818359375,opentts_tetiana
0fc94a426f963586e88794249d24b46287ee43d2c9de717313d72c02e9ae35f5,5.34,normalized_best,False,fe953367bcd1e8e7,normalized_original,3.106450080871582,3.987675905227661,3.81526517868042,4.510782718658447,2.9173338413238525,4.515964508056641,3.491555690765381,opentts_tetiana
3d57b951247b4236d5d104051324bc91991936187022602cafddd5a846c64300,5.52,normalized_best,True,2358d7481f29ecb9,normalized_original,3.9084482192993164,4.336880683898926,4.350144386291504,4.587495803833008,3.890782356262207,4.816497802734375,4.185050010681152,opentts_tetiana
607407a399add594bffeecf73d6299f78c4e30896da27a8a94432a22ef38ecc7,2.8,normalized_best,False,bc4220dedb2b39a0,clearervoice_sidon_deepfilternet3_wet1,3.2853188514709473,4.034903049468994,3.672955274581909,3.944099187850952,3.227660894393921,3.996765375137329,3.971921443939209,opentts_tetiana
c505898d16dc745f7dcf6d834f8bb7a4a95c4349de4ee7c3ebe9b66f62b086a0,4.26,normalized_best,False,7f83c375a3ce348d,clearervoice_sidon_deepfilternet3_wet1,3.0689568519592285,4.607357025146484,3.964437961578369,4.213920593261719,3.293973922729492,4.469076156616211,3.9968159198760986,opentts_tetiana
80189101b2d7d3f7de5f6ac5947728c9389870d41a14fc267edf400b4f978e62,5.39,normalized_best,True,b1ea5292bccd0671,clearervoice_sidon_deepfilternet3_wet1,3.706127405166626,4.174097061157227,4.473199844360352,4.598694801330566,3.6587045192718506,4.526465892791748,4.217921257019043,opentts_tetiana
a700d03148166412940335feee040ed11ef76be2fd41c0f3fccbdcde17d07625,4.02,normalized_best,True,88dd01cd49ab14d9,normalized_original,3.433128833770752,4.291340351104736,3.788316011428833,4.57047700881958,3.644108772277832,4.690730094909668,4.004249572753906,opentts_tetiana
de73f15242fab506f43eb31863517a25551f9ab17ccc085c72e48a1691462837,3.99,normalized_best,True,6c92f017a55d40e3,clearervoice_sidon_deepfilternet3_wet1,3.348217725753784,4.562901020050049,4.415021896362305,4.572505950927734,3.594987392425537,4.541228294372559,4.208270072937012,opentts_tetiana
27046c409a1a0f05b0e4098828b1e38493c65c1042b0cd024675430e249aa59c,5.52,normalized_best,False,bf443762b49ae701,clearervoice_sidon_deepfilternet3_wet1,3.7138447761535645,3.9278368949890137,4.307637691497803,4.315389633178711,3.379507541656494,4.617480278015137,3.917133092880249,opentts_tetiana
a3d8af3a7ced0fd5c870499cb6a36c273406be35ceabc7cc2ed2a9f50869d3ab,2.61,normalized_best,False,7b166b9d0dc1973a,clearervoice_sidon_deepfilternet3_wet1,3.346680164337158,3.873328685760498,3.671130657196045,4.573781967163086,3.4894442558288574,4.780375957489014,3.9029970169067383,opentts_tetiana
b642d4c76c8707094bf1421f90c07562e27d2f4334a8ae438275f503f7bc2b24,5.16,normalized_best,False,5416fd85919c0a15,normalized_original,3.3883306980133057,4.178074359893799,3.913562774658203,4.584477424621582,3.1987617015838623,4.486041069030762,3.5430572032928467,opentts_tetiana
f9df2208193d82190c562ad063b5089c51ec8073f1906a25145216b35d884f07,5.459,normalized_best,False,fee4ee249024ec1e,normalized_original,3.7504587173461914,3.813084840774536,3.93951678276062,4.261463165283203,3.2891695499420166,4.035747051239014,3.8073651790618896,opentts_tetiana
a27cad95ef3c0c0905725b2424eb5450b5c5e611e2777e8723f4fba839a740e2,4.74,normalized_best,False,db66d78beb3f1e12,normalized_original,3.823415756225586,4.333460807800293,3.82448410987854,4.58043909072876,3.3409688472747803,4.617265701293945,3.803412437438965,opentts_tetiana
59d17ec68a2e5b621355c227467e0906522c629b0b972cbe8136c227b728c0f8,5.82,normalized_best,False,a4d20c904d039c3c,normalized_original,3.5192747116088867,3.4442782402038574,3.2877728939056396,4.355535507202148,3.2350542545318604,4.077762603759766,3.9517252445220947,opentts_tetiana
0cb6f5f811e646d16fe99ef733fe02069011349c136c9f00e98d68527f2376dd,3.91,normalized_best,True,e1efaab5dc0d3951,clearervoice_sidon_deepfilternet3_wet1,3.268608808517456,4.306149482727051,4.284084320068359,4.67249870300293,3.5737524032592773,4.591434478759766,3.9704465866088867,opentts_tetiana
a87cb49df57dd119e640b185dce7aa7f692f05fa259f4d9fb8b82852e847991c,5.7,normalized_best,True,459946afe3d52514,clearervoice_sidon_deepfilternet3_wet1,3.780435562133789,4.2061262130737305,3.821223020553589,4.4940338134765625,3.6997578144073486,4.763852119445801,4.078835964202881,opentts_tetiana
b000852c0ea60de6bd9358f45e1bf78181e104a8968527e23ddf8c38c0f78ca4,5.930041666666667,normalized_best,True,3ff7e27f7339a49d,normalized_original,3.8981773853302,4.559535503387451,4.1513142585754395,4.67034912109375,3.5337274074554443,4.536689758300781,3.764070987701416,opentts_tetiana
a5b7f64e178fe011d07865c31b595e232b537835f82080e1776927a359083e43,3.27,normalized_best,False,499279273b190180,clearervoice_sidon_deepfilternet3_wet1,3.9725096225738525,4.143651962280273,4.0672502517700195,4.086050987243652,3.454172134399414,4.088427543640137,3.766740083694458,opentts_tetiana
d8adb10a62dcc9d0fd943226190bafc7a349fb1ae05eee2a3afb7a5d872ad5aa,4.520041666666667,normalized_best,True,61fc9fdf75d88c36,normalized_original,3.7245709896087646,4.330286026000977,4.140838623046875,4.8339691162109375,3.582658052444458,4.720076560974121,3.9942715167999268,opentts_tetiana
51aaf03c9b42c2a12df5519c01c51e4dbda5d701351c4af781eb044075c51da6,5.980041666666667,normalized_best,False,b64ca386085e5daa,clearervoice_sidon_deepfilternet3_wet1,3.3898162841796875,4.372218608856201,4.34617805480957,4.7943243980407715,3.4907004833221436,4.570682048797607,4.134923934936523,opentts_tetiana
37dc28a0d9dd5145c529789662019a0f233ef90471d028bdef3ed3e5336bf7b4,6.16,normalized_best,True,946d8018677820ed,normalized_original,4.340320587158203,4.215335845947266,4.269654273986816,4.630951404571533,3.966695785522461,4.322113037109375,4.511557102203369,opentts_tetiana
9762a5f7774a63973c8292ae3efbda9db0675687c350f232175b4dbec91ec31d,4.430041666666667,normalized_best,True,859e40bc01bb7b75,clearervoice_sidon_deepfilternet3_wet1,3.5726258754730225,4.292304039001465,3.911587953567505,4.361660003662109,3.8716635704040527,4.334717750549316,4.261030197143555,opentts_tetiana
c737ba3506fe0b45f07db086f5681834fa0b1fe6d8f29fe09912b18cbcd5b5f9,4.180041666666667,normalized_best,True,68193da121bd8ff3,normalized_original,4.092715263366699,4.248752593994141,3.4805514812469482,4.61535120010376,4.152830600738525,4.238123893737793,4.532718658447266,opentts_tetiana
d1c53d42bb484b17155d9e021fb7cb433daf0ba0af53c7406465eac6fb24b1a3,2.89,normalized_best,True,8295344a595567ca,clearervoice_sidon_deepfilternet3_wet1,3.5717456340789795,4.539983749389648,3.6772375106811523,4.253154754638672,3.606236696243286,4.655235290527344,4.239692211151123,opentts_tetiana
6edd9116e887b87596641d11aaed4152794590faf0b46883974674200aa4458e,3.87,normalized_best,False,9e2468dbf1c72078,clearervoice_sidon_deepfilternet3_wet1,3.6301443576812744,4.420905113220215,4.210452079772949,4.015233039855957,3.4069645404815674,4.229249954223633,3.9187188148498535,opentts_tetiana
9da73d896236095dc7545a24b83541938a5f9b25a51d4e18ef46ec3eb6e31008,5.29,normalized_best,False,6097f5f5350b6e17,clearervoice_sidon_deepfilternet3_wet1,3.208422899246216,4.079069137573242,3.941943645477295,4.365431785583496,3.177217721939087,4.157580375671387,3.7287745475769043,opentts_tetiana
0c78931692e39152cde1443d5d4197b0a14b594b78065dcc2edac81ec149de51,3.39,normalized_best,False,e9238b21c870beaa,normalized_original,3.6406047344207764,3.9293699264526367,3.93939471244812,4.357682228088379,3.354125738143921,4.113972187042236,3.830735921859741,opentts_tetiana
4565c2aa441529c712f75f41837250d21fa45c90d512e3a7fc0e07f398525976,5.82,normalized_best,True,9379781954c6f1d8,normalized_original,3.8332324028015137,4.158300399780273,4.011099815368652,4.240781784057617,3.5441274642944336,4.408199310302734,4.127349853515625,opentts_tetiana
f80b2044a3502d4a3f9bbd91b5b355d78e11fa5bd0eeee0f404e734c0acf563c,4.68,normalized_best,False,2a3c80b50e3009f0,clearervoice_sidon_deepfilternet3_wet1,3.5438590049743652,4.314892768859863,4.258791923522949,4.202151775360107,3.1591787338256836,4.437162399291992,3.591264009475708,opentts_tetiana
21014fa01e09ea3212847d58957fdd8e4195bebbf29d7dfe669b48abbe8e5d47,2.87,normalized_best,False,8604fdddfe4c48dd,clearervoice_sidon_deepfilternet3_wet1,3.385864734649658,3.7485604286193848,4.290103912353516,4.02749490737915,3.4550321102142334,4.199007987976074,3.7987687587738037,opentts_tetiana
e39abe82087591131d442cd91b91dc845fef253fd72646cf488212138d9bc76f,4.270041666666667,normalized_best,False,69d1cc2407bc6c03,normalized_original,3.1984703540802,4.221149444580078,3.5378711223602295,4.324092388153076,3.25415301322937,4.417453765869141,3.6264138221740723,opentts_tetiana
c45593e19d5d8110c9cab687572cdf6506a34805210fa36f101864b7ce2d3ab0,5.460041666666666,normalized_best,True,0143eb9645fe77e0,clearervoice_sidon_deepfilternet3_wet1,3.5960795879364014,4.494980335235596,3.8064658641815186,4.554260730743408,3.7749485969543457,4.835489273071289,4.359100341796875,opentts_tetiana
a727c5e4a32229545f3ece8d919bc903c6e0692a7ec71682c9a07397b7c4bbc0,4.99,normalized_best,True,1b7ca199d0cb0e62,normalized_original,4.672797203063965,4.554052352905273,4.510475158691406,4.508565425872803,4.046879768371582,4.749544143676758,4.3853864669799805,opentts_tetiana
ebec8e70889e3f0013c1aa417b5b208e63cfa13d1f0520a209615ece6e2d3f40,3.7000416666666665,normalized_best,True,89ae889a44d5c4a2,clearervoice_sidon_deepfilternet3_wet1,4.295981407165527,4.7923903465271,4.127664566040039,4.776206970214844,4.265937805175781,4.789060592651367,4.731173038482666,opentts_tetiana
7bd1e517a7658dfebabd5167edbf91f199434e27fe7e0d1d85ef829f8821783c,5.07,normalized_best,True,193ee9ae8fe3bbfb,clearervoice_sidon_deepfilternet3_wet1,3.967332601547241,4.331111907958984,3.9391725063323975,4.223562240600586,3.905411720275879,4.693083763122559,4.418117523193359,opentts_tetiana
a5d766b99dab3ada46fbb753d05294a14792830dbc703b01504b418141527bc6,3.34,normalized_best,False,02749462d9239370,clearervoice_sidon_deepfilternet3_wet1,3.445570707321167,4.53670597076416,3.4416627883911133,4.5004472732543945,3.439326763153076,4.756960868835449,3.8271169662475586,opentts_tetiana
c234835745fccc69315ffd071459878a8965296768ed181b064458ed19ba999d,3.26,normalized_best,False,19050e6fd81455e8,clearervoice_sidon_deepfilternet3_wet1,3.533283233642578,3.809221029281616,3.7812695503234863,4.401741027832031,2.8554677963256836,4.127303123474121,3.3931210041046143,opentts_tetiana
f17a2df469550a7804d714e6fb960f825d7522867748c75dc55c8e12a2f65467,3.09,normalized_best,True,c1b469d85d055d45,normalized_original,3.244670867919922,3.9404444694519043,4.706407070159912,4.376739501953125,3.753119468688965,4.324214935302734,4.285344123840332,opentts_tetiana
acc8443b0836f6d7e93b5da0439f3b864d82eecf165b1d52b0d78786f6a82746,6.88,normalized_best,False,1e1b5cdab1a0dcfd,normalized_original,3.290729284286499,4.28428840637207,4.183639049530029,4.141824722290039,3.484081983566284,4.045673847198486,4.201217174530029,opentts_tetiana
c8b2211d5ef0dcfb1f3d3ca7e24b0445f4a67309375d1b7c07f91aea99fd7a3e,7.08,normalized_best,False,e116b5fec3fc501a,normalized_original,3.4959442615509033,3.7620840072631836,4.447778701782227,4.133806228637695,3.033104181289673,4.499398708343506,3.4841368198394775,opentts_tetiana
3b78d9f77637652c2c81d4a30e3d2a2d79a25ef10a3a7e4f42b844866ba1646e,4.8,normalized_best,True,e8ecb91a8db5f101,normalized_original,3.9244234561920166,3.98340106010437,3.699033498764038,4.471753120422363,3.534064769744873,4.090745449066162,3.9842822551727295,opentts_tetiana
88e20baf4a52f976e0c32fb841fa89ce38f0baa769a8a6401257e328ae89a2ef,2.87,normalized_best,False,1c1b3c40bdff7da4,clearervoice_sidon_deepfilternet3_wet1,3.2513046264648438,4.0573577880859375,3.805140733718872,4.7491135597229,2.748147487640381,4.606372833251953,3.1848063468933105,opentts_tetiana
5e9509bc7213329ffbd63e470723f20dcd29bda81a26e76add8b00a713fe1f9c,5.920041666666667,normalized_best,False,989d0e13d74863b2,clearervoice_sidon_deepfilternet3_wet1,3.428997039794922,4.378148078918457,4.100042343139648,4.274795055389404,3.418811559677124,4.570996284484863,4.09356689453125,opentts_tetiana
c648048f8be1231a292b24fd391bd87d031df93ec0be1462887979d53e6c90f4,2.9900416666666665,normalized_best,False,f6d754017472b88b,clearervoice_sidon_deepfilternet3_wet1,3.306852340698242,4.3143310546875,3.6607391834259033,4.511613368988037,3.32650089263916,4.428773880004883,3.79142689704895,opentts_tetiana
90a57638f302f1e9ca793e743c29c0ac838306ffd8bf4045c0d2b646379a5225,3.23,normalized_best,False,b3539b2152304982,normalized_original,3.6306803226470947,3.965691089630127,3.745727777481079,4.363116264343262,3.169753313064575,4.101864814758301,3.5876305103302,opentts_tetiana
08a7b146ef87ba4f6eff61fcbeb25074244439245b6f024d402b9d1f1e004ca1,4.830041666666666,normalized_best,True,bcbc8ecf63883fb5,normalized_original,3.661794424057007,4.19114875793457,4.550230979919434,4.055113315582275,3.8667054176330566,4.108220100402832,4.389011383056641,opentts_tetiana
3d1a5e7ab8582f8cecf4a00f0d4f327c7bbb3f85fbc79e9b688621444f5fb1b5,3.26,normalized_best,False,52633a8fe28a5f7e,clearervoice_sidon_deepfilternet3_wet1,3.5122594833374023,3.976106882095337,3.599757194519043,4.776416778564453,3.405946731567383,4.117823600769043,3.9239304065704346,opentts_tetiana
fea4a979563600006657e019aeffafdbe657624cb694a9a146a247df0b5b712e,3.47,normalized_best,True,248453bd3d5bc9d6,clearervoice_sidon_deepfilternet3_wet1,3.6337783336639404,4.695131301879883,4.052022933959961,4.204950332641602,3.6143252849578857,4.787390232086182,4.409470558166504,opentts_tetiana
6e2674c5ed938b08147fdd184f72eb8eb610b1130562d5a26e9e135885c978ce,3.76,normalized_best,True,6c1b26cdb98675eb,clearervoice_sidon_deepfilternet3_wet1,3.5709660053253174,4.207153797149658,4.356327533721924,4.183742046356201,3.6364669799804688,4.676885604858398,4.108673572540283,opentts_tetiana
64c2389dce023019b40f48ba1d773ae3bda932bc30ba7c3335d053940dee9313,5.67,normalized_best,False,cd37b0cdc57fb83a,clearervoice_sidon_deepfilternet3_wet1,3.5209407806396484,4.214949607849121,3.7288601398468018,4.229799747467041,3.415677070617676,4.591202735900879,3.9122726917266846,opentts_tetiana
df8bc6aad6818b793498645a888e6f8a271e6f45051d19ebe13fbdaa9fd35b1b,4.210041666666666,normalized_best,True,56b3dcf62366b901,clearervoice_sidon_deepfilternet3_wet1,3.870455503463745,4.567742347717285,4.280706405639648,4.763906002044678,3.9769678115844727,4.687962532043457,4.352812767028809,opentts_tetiana
a514c93f784b33a3f355fcefea2d7c03e517346b6d3ea997f69eab55c544381f,4.79,normalized_best,True,5567c17d1664afde,normalized_original,3.752152681350708,4.354060173034668,3.8170251846313477,4.5172529220581055,4.015799045562744,4.823410987854004,4.461727142333984,opentts_tetiana
9c49b4c67c7d347d98c597b275eb78a629c97ef78cfb05907422a2305f71a282,3.59,normalized_best,True,42e09cdd9bd73577,clearervoice_sidon_deepfilternet3_wet1,3.7107608318328857,4.388970851898193,3.703026533126831,4.3054280281066895,3.613964796066284,4.24180269241333,4.222306251525879,opentts_tetiana
7812a9b1b14ef0b99979ed26586592b3e0b55b942dfea6b9af068ab714edd611,3.94,normalized_best,True,93a34b9e6a293a63,clearervoice_sidon_deepfilternet3_wet1,3.4631686210632324,4.357973098754883,3.985854387283325,4.602005958557129,3.868873357772827,4.621221542358398,4.406153678894043,opentts_tetiana
8339657dfb6bea473f58e6de755f81cdd5dd124ea817ef48836fa30d374cc65c,4.58,normalized_best,True,a436afe8019dd6e6,clearervoice_sidon_deepfilternet3_wet1,3.8722119331359863,4.758903980255127,4.026339054107666,4.449350357055664,3.785187244415283,4.690403461456299,4.545952796936035,opentts_tetiana
53b3d325417ca57c2f8a7f7f66c4ec95e9c83cc6c32a22a58c7cb16cf78fde1f,2.2400416666666665,normalized_best,False,5d09e242043295b6,normalized_original,3.4690639972686768,4.353239059448242,4.313971519470215,4.510378360748291,2.958669424057007,3.579986095428467,3.895268201828003,opentts_tetiana
7c565a1e01aa4d1bf3512c5e314e6590f0bfdfebaa84dc9a87d354d8f3543f3e,3.72,normalized_best,False,8b41685a32cf90a7,normalized_original,3.0540943145751953,4.815394401550293,4.16307258605957,4.50738000869751,3.1231465339660645,4.576376914978027,3.8997044563293457,opentts_tetiana
0c4591d797668522111ef9deda6d24bc75dbb15a4eee136fbeb1d7c591e299ac,3.5300416666666665,normalized_best,False,91240b7e497809fb,normalized_original,3.1631412506103516,4.134420394897461,4.332212448120117,4.50749397277832,3.425304889678955,4.247866153717041,3.981889009475708,opentts_tetiana
06b5e32da221cc3f6cfa443e5d453cae1624efc0878cfcf58315183a20054526,3.55,normalized_best,False,0e2d7d05aa72dde7,normalized_original,3.2851178646087646,4.403092384338379,4.465936660766602,4.015791416168213,3.1261587142944336,4.13455867767334,3.4280102252960205,opentts_tetiana
4ef9f950b7720628267948302f5ab705160c4857eb462e6f643fd588b1f235de,5.399,normalized_best,True,a8406d897e716af5,normalized_original,3.7061448097229004,4.090188026428223,4.440074920654297,4.855076789855957,3.660081386566162,4.637624740600586,3.8133890628814697,opentts_tetiana
b1f0e4a10a325227cdff11b8192b2938459d355dcfdfc10b0805c116fe98a4db,3.25,normalized_best,False,77b50dee243d0c2d,clearervoice_sidon_deepfilternet3_wet1,3.564307689666748,4.416121482849121,3.8269615173339844,4.753610610961914,3.243135452270508,4.728537082672119,3.9443304538726807,opentts_tetiana
83affe1053f751eb890cc6c3f130a3312e3d069e9ead4d69a7329d2e00f57d16,3.75,normalized_best,True,dd0092ad2a86266e,normalized_original,3.901085138320923,4.394282341003418,4.049186706542969,4.262078285217285,3.8589279651641846,4.603775501251221,4.523950099945068,opentts_tetiana
124a9d27eebf982584e5c80b199a6d4d0d7dd29d9e08042ff3900f25aa8f485c,4.31,normalized_best,False,76df0f4029032371,normalized_original,3.2542405128479004,3.8605597019195557,3.7851433753967285,3.8514597415924072,3.231412172317505,3.7772839069366455,3.718412160873413,opentts_tetiana
b2daf0324c39e6425c5ce0513e93fccf82c55809ee68a9fa000ddd739c5a214f,3.78,normalized_best,True,3262642bc54e60b2,clearervoice_sidon_deepfilternet3_wet1,3.804440975189209,4.197948455810547,3.603477716445923,3.9831433296203613,3.616766929626465,4.24817419052124,4.139198303222656,opentts_tetiana
4e555546f221f45603d0deb24ac47c0fe9d6556a8a578d0a89f024f40eff43ce,3.19,normalized_best,False,f0f1e00645a9ae0c,normalized_original,3.3217976093292236,4.27766227722168,3.9471921920776367,4.032930850982666,3.441072940826416,4.077046871185303,4.011758804321289,opentts_tetiana
78fae2e7eba336f494f046f8ca7519d067b5af46d55c2a856afb8dd4fc2e5d31,2.370041666666667,normalized_best,False,6b7e760c05f10343,clearervoice_sidon_deepfilternet3_wet1,3.355987310409546,4.591915607452393,3.790156841278076,4.071505546569824,3.370496988296509,4.869960784912109,3.9571802616119385,opentts_tetiana
63f39f1f518ed9385b387f00ad4067e16844f539b8ed79ade11927168497c1c1,4.290041666666666,normalized_best,True,3212b7cac1a07f62,normalized_original,3.739776611328125,3.8488259315490723,3.6667964458465576,4.080083847045898,3.7220962047576904,3.7091169357299805,4.187643051147461,opentts_tetiana
321cfe842228e0619f991dfeda83ccad5dfe5c979cbe10c04340fdc437332d46,4.570041666666667,normalized_best,False,ddb4b0992794a754,clearervoice_sidon_deepfilternet3_wet1,3.6666853427886963,3.989224910736084,4.2348480224609375,4.38049840927124,3.3816208839416504,4.28807258605957,3.880631685256958,opentts_tetiana
5813738f5003e1689dabe08dd8bf457938a43cfe161fc05dd14272b0ea475277,5.12,normalized_best,False,5fc38e14b23a74a7,normalized_original,3.692941904067993,3.9814188480377197,4.082108020782471,3.9706056118011475,3.360546350479126,4.305507659912109,3.809654712677002,opentts_tetiana
27452481eebe31911a3052b325bd6ad60201b9e35b7c7eca1db856c8f3235faf,3.120041666666667,normalized_best,False,e726cd177b517677,normalized_original,2.8725221157073975,4.096095085144043,3.714755058288574,4.481202125549316,2.909092664718628,4.179366111755371,3.4944355487823486,opentts_tetiana
3ab8d59f7a5adf7fc638588dd773430c6c950be046688666787f539317ff4821,3.41,normalized_best,True,d15f0fed2f188d89,clearervoice_sidon_deepfilternet3_wet1,3.5131726264953613,4.595979690551758,3.605742931365967,4.684919357299805,3.758078098297119,4.802672386169434,4.32736873626709,opentts_tetiana
ed055ad7c845f0db71f69fdbb5e38c51f48ff4273a91e8071c0446ca26b8ac6f,4.29,normalized_best,True,c3a5d2ccdd8f047d,clearervoice_sidon_deepfilternet3_wet1,3.609722375869751,4.786693096160889,4.190031051635742,4.650431156158447,3.7372829914093018,4.916985511779785,4.398472309112549,opentts_tetiana
fe4af2fed1b834c2b878f0b1ff2075e29ecd75b9db5e4d231f726522f2db81c5,5.760041666666667,normalized_best,True,c6dad82b12822296,clearervoice_sidon_deepfilternet3_wet1,3.4170591831207275,4.800707817077637,4.198461532592773,4.176819801330566,3.6078755855560303,4.769610404968262,4.314889907836914,opentts_tetiana
1cff83104e7b614695998676c00ace3fd61a831fe29a2797c6e0760692e58b40,3.1,normalized_best,False,d92a7ba054aef551,clearervoice_sidon_deepfilternet3_wet1,3.364368200302124,4.595514297485352,3.5772640705108643,4.225125312805176,3.4144163131713867,4.7626051902771,3.80495548248291,opentts_tetiana
d9aa53b1777307940d2d289053d9916c31bcf0cb700c9db202c1c8b9b345ae58,5.760041666666667,normalized_best,False,404e82ff92d09c49,clearervoice_sidon_deepfilternet3_wet1,3.5830342769622803,4.298205375671387,3.6318907737731934,4.495238780975342,3.4948863983154297,4.573863506317139,4.0738983154296875,opentts_tetiana
2624dd13b2dea70440d4a0c01cf994b0a396f7c1725bb988a7e898b4bce12fa4,5.4,normalized_best,True,928ef336870c1d95,normalized_original,3.597979784011841,4.420560359954834,3.650562286376953,4.7866411209106445,3.6191940307617188,4.500120162963867,4.144864559173584,opentts_tetiana
7614a78e5a8d3985a25dcbff341c1fff27c96f1fa736ecf61e127e1ad60bd37e,5.3,normalized_best,True,320ccf7987bbf476,clearervoice_sidon_deepfilternet3_wet1,3.9095802307128906,4.404631614685059,3.87785005569458,4.081788063049316,3.523315906524658,4.477949142456055,4.081062316894531,opentts_tetiana
34e20e06b3437cb865f7242e63f15ad5b606789aed57e64bbe86fa5fa6ffc309,6.320041666666667,normalized_best,True,d63cfac7a758aa49,clearervoice_sidon_deepfilternet3_wet1,4.023088455200195,4.638710975646973,4.238136291503906,4.693017959594727,4.023473739624023,4.71292781829834,4.575456619262695,opentts_tetiana
51e9b32cc855b774fc2ef0a001db80bb4c1cc926c0e42f2d1640abd2d10f4394,3.94,normalized_best,False,6eecc0d6fd16d1ba,clearervoice_sidon_deepfilternet3_wet1,3.272704839706421,3.957444667816162,3.6320111751556396,4.332246780395508,3.2998828887939453,3.774167776107788,3.926251173019409,opentts_tetiana
7312ea5f740cecd9ce2c26c4412904a3056f827dc4775ae9d3fbc5a746070838,2.67,normalized_best,True,fabd7d8790334054,clearervoice_sidon_deepfilternet3_wet1,3.5109612941741943,4.66983699798584,3.676213026046753,4.421814918518066,3.5361196994781494,4.51425838470459,4.161004543304443,opentts_tetiana
bb01dfcd38383d4f4dccd4974d82812a5ee304e176ee8adb36810bbf5797af1c,4.24,normalized_best,True,27c7bdd1a2d0ea4d,clearervoice_sidon_deepfilternet3_wet1,3.6663005352020264,3.870286226272583,3.8528430461883545,4.514243125915527,3.5142433643341064,4.686422348022461,4.035216331481934,opentts_tetiana
8968ccc89e55ef1eb4519ac8059ad9f4a6ab685b5f87bbc3076518f33231bed8,3.24,normalized_best,False,f950c22fb87d55d6,clearervoice_sidon_deepfilternet3_wet1,3.142653703689575,4.464143753051758,4.023948669433594,3.8407864570617676,3.2348885536193848,4.49395751953125,3.7555549144744873,opentts_tetiana
9bc4b8e62d6da97de641175689eef1315f15761fec7786368913e014cf0dfe51,3.49,normalized_best,True,dda6c4b2479d2318,clearervoice_sidon_deepfilternet3_wet1,3.459984064102173,4.783244609832764,3.7047119140625,4.235868453979492,3.5968968868255615,4.660152435302734,4.110478401184082,opentts_tetiana
8cba78e470b65816c7777e007da8a990a56dceb755698b7d181716664f86e651,5.4,normalized_best,False,1ddfcc4fb227a7e9,normalized_original,3.69348406791687,4.048792839050293,4.164244651794434,4.489914894104004,3.436127185821533,4.563255310058594,4.052122116088867,opentts_tetiana
efa8c3038dee5baff04a4eb3e47fdd3319916cb795fd31308960f3f23e09206f,4.430041666666667,normalized_best,True,642a0b4005aa2e95,normalized_original,3.4358208179473877,4.466293811798096,4.107542991638184,4.302976608276367,3.6453747749328613,4.159811973571777,4.030430793762207,opentts_tetiana
b8bfcadcff79b928bd14a2912a5f40ba98298d8b98651df76d7d2a275186367e,4.16,normalized_best,False,53094efed47fb1df,clearervoice_sidon_deepfilternet3_wet1,3.3543624877929688,3.7259433269500732,3.5166680812835693,4.558954238891602,3.0595526695251465,4.618298530578613,3.518218755722046,opentts_tetiana
2ff4c77a1dba4aee23dcc2f55e1e4eceb9ba795ebfaa872e8d23dfc1b6cc6915,2.92,normalized_best,True,8f871c64da1f9b76,normalized_original,3.9468026161193848,4.470121383666992,3.8064591884613037,4.748512268066406,4.096195220947266,4.609409332275391,4.509905815124512,opentts_tetiana
31b0dac9f083d6541931c891bc8840c752345c03de3b3f7c065d431a0c24dc73,4.98,normalized_best,False,32cc8406425d69b5,normalized_original,3.3554728031158447,4.228723526000977,3.85353684425354,4.114373207092285,3.2450480461120605,4.1840338706970215,3.7037031650543213,opentts_tetiana
fe9c6daf10f3e18860a44bcb65368b132f8cf4f13f53f145b8bdfa74a0bb46e8,2.36,normalized_best,False,436fd629fef8f0ae,clearervoice_sidon_deepfilternet3_wet1,3.2268028259277344,4.109048843383789,3.9565634727478027,4.434933662414551,3.4163761138916016,4.137784004211426,3.7766947746276855,opentts_tetiana
1f773bfb12114ffb4076f9f3f1c95b9f90e16658cf843f4a6bd70dbb4989aea5,2.55,normalized_best,True,135ed3c3ae5837f8,clearervoice_sidon_deepfilternet3_wet1,3.0864062309265137,4.682328224182129,4.166093349456787,4.391314506530762,3.733349323272705,4.563623428344727,4.418756484985352,opentts_tetiana
d8b6f7833b28deecda38e43169c18f67f79f067efad8c461bb1b27859568d5bd,5.14,normalized_best,True,b60ea5a3487fd1ae,normalized_original,4.276852607727051,4.459995269775391,4.454237461090088,4.44666862487793,3.598874568939209,4.619589328765869,4.109804153442383,opentts_tetiana
9569a83deb2256f7c987eb7301a046644b38ef42caafd3f725fa2eb652f6e618,4.68,normalized_best,False,720ee61b33ce69b4,normalized_original,3.597975492477417,4.070466041564941,3.766721725463867,4.1362457275390625,3.175309181213379,3.929539442062378,3.6367061138153076,opentts_tetiana
a1e4b571ff9097fcf5174791ae2e919a6673e034b6ade2e0b5842403e3e6faf4,6.75,normalized_best,False,4c9f5813ca9056a2,normalized_original,3.4934537410736084,3.9760403633117676,3.7903554439544678,4.288382530212402,3.336379051208496,4.127429008483887,3.675720453262329,opentts_tetiana
4361c11e9c9443fe5f3bff126eb0a1b0515fad6e9046751b8ebfd3f45ca89081,4.83,normalized_best,False,8679673b1593264e,normalized_original,3.939605951309204,4.536026954650879,3.349114418029785,3.952136754989624,3.231339693069458,4.659505844116211,4.162008285522461,opentts_tetiana
743513edde2a267a31d9f55e6349e06e461442f22236eba19eeb9320298efd84,2.34,normalized_best,True,2731484c2e7f95be,normalized_original,3.3821499347686768,4.5631842613220215,4.063612461090088,4.455444812774658,3.7507503032684326,4.6923627853393555,4.326078414916992,opentts_tetiana
e8aeb0bea9b895d506da4ec0ebae77794be90708448eae66b977decda316ed7d,5.79,normalized_best,True,ad6b911003f52646,normalized_original,4.225858688354492,4.788813591003418,4.156734943389893,4.735111236572266,4.290581226348877,4.630423545837402,4.636152744293213,opentts_tetiana
f2b24064d9613ecfc528a6b2c3ed6da676698269fff24986ef0d1f4f039b734c,5.52,normalized_best,False,7f676601dcced195,normalized_original,3.5051796436309814,3.480633497238159,3.8055648803710938,4.193830966949463,3.3145344257354736,4.195048809051514,3.700896978378296,opentts_tetiana
259e67a1013441d80f7b5deeaf79c53223855864b107a3279e1e5fde94205293,4.5,normalized_best,False,378359aa39452278,normalized_original,3.0142927169799805,4.13236665725708,3.9781453609466553,4.7082109451293945,3.265829563140869,4.58692741394043,3.8789961338043213,opentts_tetiana
1b2ab61c8cf035ed234681038a7cc4235d820322f451998c76d2bee07e7e5918,3.09,normalized_best,False,59ade686dfc9f541,clearervoice_sidon_deepfilternet3_wet1,2.9113898277282715,3.742265462875366,3.8555777072906494,4.6163129806518555,2.8526761531829834,4.141568183898926,3.3661298751831055,tg_voices_uk
7a00c71402871fbdf97a1861805149963c38244fccabfdfdb34ca0c49e372e5a,3.18,normalized_best,False,5a30e97954c5364f,normalized_original,3.821160078048706,4.253070831298828,4.357635498046875,4.469892501831055,3.4407217502593994,3.9964988231658936,3.7935631275177,tg_voices_uk
22020288653861bad286fa409b8cd3c2c8b9afb7c7f2d2a423949d9c7be3d086,4.5,normalized_best,False,4ba9fb21ee3f5893,clearervoice_sidon_deepfilternet3_wet1,3.3474292755126953,3.9371681213378906,3.6712334156036377,4.146008491516113,3.066999912261963,4.562562942504883,3.398158550262451,tg_voices_uk
4c0f57775d501ca9ba40e528aa277ff178217e91b4572354a03d8d21e97b7694,1.42,normalized_best,False,2c82d3133d9b1bf7,clearervoice_sidon_deepfilternet3_wet1,3.293627977371216,4.050989151000977,3.4010417461395264,4.217677116394043,3.3301453590393066,4.070812702178955,3.6003611087799072,tg_voices_uk
53ce2322c209044782d2c803e74e4a5046cbd05febd6e4a7d3ba07118271274d,4.0435,normalized_best,False,ae14f41f9aeea63a,clearervoice_sidon_deepfilternet3_wet1,3.288914442062378,4.165793418884277,3.670830011367798,4.421947479248047,3.4761459827423096,4.420548439025879,3.9809935092926025,tg_voices_uk
eb658f8b0965bb30329e7595b2de18d5c3b92c7158c742c1ce7cbc8fb3a42fe1,3.3600416666666666,normalized_best,False,3060dfb5ad8622fe,clearervoice_sidon_deepfilternet3_wet1,2.7485179901123047,4.149730205535889,3.591458320617676,4.775136947631836,3.0089333057403564,4.098388671875,3.4687905311584473,tg_voices_uk
a3673a0bb31c411367f034902c2f1033929ac18442522584d3a01a860e2de970,4.58,normalized_best,False,437115bddff90aac,normalized_original,4.086064338684082,4.959428310394287,3.529163360595703,3.800260543823242,3.170037269592285,4.054333686828613,4.42527437210083,tg_voices_uk
16071a09a7d28d1471cdaa46535bd677064f9269303c92e5742ef54b6e01b532,5.7135,normalized_best,False,2bf8f4ca350a8335,clearervoice_sidon_deepfilternet3_wet1,4.2896904945373535,4.048309326171875,3.3777596950531006,4.449865341186523,3.2511093616485596,4.3764848709106445,4.098130226135254,tg_voices_uk
03d79121d173b61b2a6ff6b0b195d2baf097ff0ea8ea0041588f7d942a6818cb,10.86,normalized_best,True,ae2089eb986e145a,clearervoice_sidon_deepfilternet3_wet1,3.8943145275115967,4.449173927307129,4.551414489746094,4.61903190612793,3.552555561065674,4.736893653869629,3.97170352935791,tg_voices_uk
d6a8e7ad5b5bc4a3a4f03b559a74c5afe4bcbaa1a68f621011486621ed851d55,8.71,normalized_best,False,201c870f2e07fc7a,clearervoice_sidon_deepfilternet3_wet1,3.148677110671997,4.3574910163879395,3.7588112354278564,4.557093143463135,2.7503559589385986,4.667090892791748,3.1959471702575684,tg_voices_uk
3b348e0ce360cc7a7684c6fcc3bbdac171465af2ae96f32ee94b5ae7dc3ca0de,2.7900416666666668,normalized_best,False,1573392baf542b95,clearervoice_sidon_deepfilternet3_wet1,3.4762778282165527,3.881068706512451,4.248187065124512,4.013026237487793,3.137125253677368,4.201841354370117,3.750110149383545,tg_voices_uk
2461f2f46a4be0d44947449b658d68fdc486f137e2334c33e2824ca4f349dddc,1.9600416666666667,normalized_best,False,a343c3b60397f081,normalized_original,3.8319361209869385,4.749128341674805,3.9581375122070312,4.579185485839844,3.11822247505188,4.010964393615723,3.6965534687042236,tg_voices_uk
792268fd7e12cafe429f3284e15d8735549930d8dda8a31b01116722634acda5,4.95,normalized_best,False,dd4dfdc4d7d9cd0c,normalized_original,3.649717092514038,3.6950724124908447,3.49464750289917,3.75642466545105,3.212918281555176,4.168325424194336,4.176084041595459,tg_voices_uk
27573b7fc6d47989cde223b9c98614004cedae73d0b5458ef44bdb4aa10307bf,7.95,normalized_best,False,453f4ba9b461f99f,clearervoice_sidon_deepfilternet3_wet1,3.7090635299682617,3.867310047149658,4.02536678314209,3.841216802597046,3.143353223800659,4.616071701049805,3.642472267150879,tg_voices_uk
e7d01e733a8fbbe7cb22c2cd9c0d8fbe2553c9e7b0bef7b107fac00fe7d12b1b,2.37,normalized_best,True,8f9bd30121a7c414,clearervoice_sidon_deepfilternet3_wet1,3.247431516647339,4.299909591674805,4.466858863830566,4.4997782707214355,3.988898515701294,4.883091926574707,4.38137674331665,tg_voices_uk
a258cdc34f959673bff186c49194082b73f958af2823305a43b71d554d06e64e,4.03,normalized_best,True,55126c0808de1dca,clearervoice_sidon_deepfilternet3_wet1,3.661134958267212,4.2599568367004395,4.443190574645996,4.4526872634887695,3.8110451698303223,4.8044843673706055,4.212394714355469,tg_voices_uk
7b3481b156183d1701c4990bfffc460810dfcc27f55d7f513f74f3e673b14ec9,5.230041666666667,normalized_best,False,1f5c4d9d94584166,clearervoice_sidon_deepfilternet3_wet1,3.583712577819824,4.389985084533691,4.472461223602295,3.70723557472229,3.1779611110687256,4.51939582824707,4.055370330810547,tg_voices_uk
6cb69a32cd8422553d830bac977c5e18f27a5fd8a7a056039a1a0c3a11f13331,2.4700416666666665,normalized_best,False,7e635aa19e714fce,normalized_original,3.6130003929138184,4.22379207611084,3.820343017578125,4.314356803894043,3.4054572582244873,4.29778528213501,3.6423802375793457,tg_voices_uk
dff7bb31bcfe17c4db8ea494375c1a789c42990b28ff4f8022abb0e7d7bf359b,4.32,normalized_best,True,8430672c813e7b8f,clearervoice_sidon_deepfilternet3_wet1,3.9519896507263184,3.752474546432495,4.119402885437012,4.531889915466309,3.7060580253601074,4.7026824951171875,4.21003532409668,tg_voices_uk
d56041b9ed82d7b9f643071a29fe50364d25d60c9abb7ab61808e665c467f8b2,2.33,normalized_best,False,7d520c9452cdfc46,clearervoice_sidon_deepfilternet3_wet1,3.2272586822509766,4.168977737426758,3.163043975830078,3.940412998199463,3.208465099334717,4.240835189819336,3.8640780448913574,tg_voices_uk
7a8c9ff060e7c3f38141399733e3720eb61205d7517339e1f1e9451b7daf946d,2.53,normalized_best,False,3e685b190ba45f40,normalized_original,3.854372024536133,3.5667941570281982,4.087140083312988,3.917062997817993,2.999955415725708,4.558720111846924,3.550813913345337,tg_voices_uk
39d553219124b28e282034fd886d217c43d76fb8a0bfb622dab8f961b70e7ccc,3.35,normalized_best,False,0da85bf49f563322,clearervoice_sidon_deepfilternet3_wet1,3.7148711681365967,3.943182945251465,4.516502857208252,4.573798656463623,3.1913692951202393,4.798864364624023,3.8190629482269287,tg_voices_uk
bb6f69d744edafda7512515ebd237327b59104030566b8bab0a6288413fcc2ae,2.11,normalized_best,False,7771c2336bd98b36,clearervoice_sidon_deepfilternet3_wet1,3.7027428150177,3.9163589477539062,3.7773470878601074,4.2240376472473145,3.143315315246582,4.268959045410156,4.060342788696289,tg_voices_uk
319ec040cddfb62ea5afc119a8e870740466a9e64f93c816b86c84c9daf4c78b,1.84,normalized_best,False,80d1e80731f94de5,normalized_original,3.6042773723602295,4.2057085037231445,4.362110137939453,3.786346197128296,3.20096755027771,3.704554557800293,3.835334539413452,tg_voices_uk
485f10bd3db3318491ed456b836adaa088940190b759df89d8a5807d436930d8,3.75,normalized_best,False,55de86debdfa6538,clearervoice_sidon_deepfilternet3_wet1,3.409614324569702,3.858588933944702,4.041844367980957,4.393567085266113,3.475930690765381,4.543914794921875,3.949474811553955,tg_voices_uk
3abf12009f1d0b4623f1109d350a2aff1942f9daba3d558237278a5604305827,1.7000833333333334,normalized_best,False,92161c225505cef3,clearervoice_sidon_deepfilternet3_wet1,3.425374984741211,4.322488784790039,3.9962470531463623,3.476123332977295,3.460081100463867,4.383626937866211,3.806774616241455,tg_voices_uk
3ed01ee37956e98743a2eb89e29bef1e3f9d0bf22478ee5aa38a7012b2dfb3f3,3.02,normalized_best,False,c32331f6933db117,clearervoice_sidon_deepfilternet3_wet1,3.4535648822784424,3.969703435897827,4.059913635253906,4.584224224090576,3.1760315895080566,4.504746437072754,3.789376735687256,tg_voices_uk
1e79ceb20cc6c935c1f85d534ddb848cc3725a032cf6dddcf126c0da793592bc,2.3,normalized_best,True,dff69328d8d33467,normalized_original,3.339308023452759,4.603283882141113,4.072070121765137,4.553216934204102,3.500394344329834,4.303079605102539,4.332768440246582,tg_voices_uk
d923624e78de7c23eb0faa7b05b84fd95ecee4c0ac19b4708e545026ece6f5f6,3.5835,normalized_best,False,b077e47d42dcdaa2,clearervoice_sidon_deepfilternet3_wet1,3.2168068885803223,3.594264268875122,3.9976422786712646,4.275937080383301,2.895792007446289,4.433889389038086,3.3989450931549072,tg_voices_uk
fe3169bb0bbe2686692aa4ea963469665da78fde48cbdd6ea78ed912bbf87bec,1.8900416666666666,normalized_best,False,e9b78993f1c0e88e,clearervoice_sidon_deepfilternet3_wet1,2.7028582096099854,3.7493093013763428,3.796518325805664,4.388324737548828,2.3458492755889893,4.290857791900635,2.8367292881011963,tg_voices_uk
c52fcc3d1ff629e8bf1630a4afd52659e615bf3cc67988fc3324997e40cbe337,1.9700416666666667,normalized_best,True,7849f87d6989d8de,normalized_original,4.05864143371582,4.684885025024414,3.8674416542053223,4.3501386642456055,3.5044641494750977,3.798757553100586,4.128361701965332,tg_voices_uk
6e69143d76594e860a76619dc5bdd1132a657af03950214137ed96b9df7394bc,2.2,normalized_best,False,ac936925e682db33,clearervoice_sidon_deepfilternet3_wet1,4.325355529785156,4.085594177246094,2.9827606678009033,3.77976131439209,2.8350980281829834,4.275514125823975,3.6728055477142334,tg_voices_uk
abff3b31cff514139387264e8026ee2b37a253b687c1a4f25d1ab565f6dcaf2d,6.02,normalized_best,True,f8d46eb306eedb2a,clearervoice_sidon_deepfilternet3_wet1,4.084699630737305,4.301595687866211,4.160011291503906,4.666221618652344,3.576092004776001,4.498920917510986,3.883164644241333,tg_voices_uk
6c8c555c501f82ad170cc5b75726767caff82265bdc76ec83bc99b53f281fcb7,2.31,normalized_best,True,99dfde6bbdae21df,clearervoice_sidon_deepfilternet3_wet1,3.632675886154175,4.713257789611816,4.120576858520508,4.606112003326416,3.613990306854248,4.843782424926758,3.586540699005127,tg_voices_uk
12b3842a0625c8f16964a216fd19558222d10ade46074790687c589cae19a18e,4.65,normalized_best,False,e63ca37142e403df,clearervoice_sidon_deepfilternet3_wet1,3.4614100456237793,3.744166135787964,3.773104190826416,4.3971357345581055,3.371181011199951,4.633270740509033,3.6190567016601562,tg_voices_uk
7b02ac9d3124f3967e7f5785f5baf6fa7eafd0338f0ac5cbab47fdf50ece6a71,7.41,normalized_best,False,3459e9ecf4a5ab88,clearervoice_sidon_deepfilternet3_wet1,3.713254928588867,4.269978046417236,3.7952146530151367,4.441219329833984,3.2402665615081787,4.573976516723633,3.7015297412872314,tg_voices_uk
98801bea0af9c86e7738a35272fd263167919b72879ab43e2cc9e9ee94281382,4.56,normalized_best,True,5ef8bb577dfc820f,clearervoice_sidon_deepfilternet3_wet1,3.2790307998657227,4.371953010559082,4.365323066711426,4.590025901794434,3.559612274169922,4.64617919921875,4.106324195861816,tg_voices_uk
41473e4a6ce07fb181b18a258917f6602b118fd62bf06c8de9a6bffc4ab3a0a9,3.52,normalized_best,False,4f17bca587d2ff0d,normalized_original,3.6623167991638184,3.985802412033081,4.111114025115967,4.039179801940918,3.080996036529541,2.9764368534088135,3.3554911613464355,tg_voices_uk
63ffbfb76070300cb27c6b0fc5d5242fad52317dc6aa97d39ea09e1efee2aa54,3.53,normalized_best,False,4d7b9e5933acc2cc,clearervoice_sidon_deepfilternet3_wet1,3.0717287063598633,4.484593391418457,3.1068756580352783,4.427018165588379,2.8582828044891357,3.9875428676605225,3.358219861984253,tg_voices_uk
5280cdf2d5f6370b1d1a34521bc09db3bc6b3058d19e8bb6748fbb575f7ee133,1.74,normalized_best,False,d0f08e189a6a5ff2,clearervoice_sidon_deepfilternet3_wet1,3.7259726524353027,4.705944061279297,3.74530029296875,4.313324928283691,3.43833327293396,3.1476073265075684,4.097249984741211,tg_voices_uk
cd9320c231fcb5af779cc8cfe67fe02d3fbb504b2880671de8e5cd3cf94ee52a,5.34,normalized_best,True,35e7a78e78b39a8a,normalized_original,4.409787654876709,4.361638069152832,4.166499137878418,3.7434492111206055,3.8909597396850586,4.477107048034668,4.625655174255371,tg_voices_uk
714c2312c07f08a9fb945f0767a5c4ce290ad3076990be55ad257a2799d17e71,3.3735,normalized_best,False,a8dc57ce6c88a19d,clearervoice_sidon_deepfilternet3_wet1,3.013962507247925,3.8428008556365967,4.149560928344727,4.0603742599487305,3.1049225330352783,4.585213661193848,3.579458475112915,tg_voices_uk
1a9ecea2182a2dd135b63c347a92cc6e4583f0671ee4bd2b55daac6d921a99f6,2.2300416666666667,normalized_best,False,942dc23a4f307676,clearervoice_sidon_deepfilternet3_wet1,3.6761155128479004,4.219222068786621,3.8779237270355225,4.38374137878418,3.254150629043579,4.414105415344238,3.8606984615325928,tg_voices_uk
d541489148a0811a91a4b96d0197807a16ce4ae470474101182dab8b02e5a6d6,3.68,normalized_best,True,9ad058e84a7cee1a,normalized_original,4.20979118347168,4.457680702209473,4.315218925476074,4.180130958557129,3.7925608158111572,4.088922023773193,4.346421241760254,tg_voices_uk
79803f576c0825b9014399c0a6198ae47a905cfdf86ac33548e25609fb4f6065,2.7335,normalized_best,True,34109ff078e8ebbc,clearervoice_sidon_deepfilternet3_wet1,3.6510417461395264,4.429355144500732,3.9249703884124756,4.641134262084961,3.6070475578308105,4.290536403656006,3.8562116622924805,tg_voices_uk
5973f2194d8abcda0d9476abe75d4506bf7fa9454078676a2d58240fa616ed17,7.6,normalized_best,False,9a834c7b2a4361d9,clearervoice_sidon_deepfilternet3_wet1,3.6586384773254395,3.8559062480926514,3.7908873558044434,4.137994766235352,2.744309663772583,4.45945405960083,3.4034500122070312,tg_voices_uk
84d960bb2b51d7cc38738af02eae76b0f94a988991bf64df3ec5a5c3350be022,2.27,normalized_best,False,8c76532e76531c31,clearervoice_sidon_deepfilternet3_wet1,3.0524888038635254,4.073800086975098,3.607515573501587,4.545680046081543,2.9516336917877197,4.567397117614746,3.37874698638916,tg_voices_uk
737bf5852182f245318e5e44327b69092dfe609ec7588c7dd4aeed5d22811d4e,3.3135,normalized_best,False,0f11cf153c9d4cf0,clearervoice_sidon_deepfilternet3_wet1,3.758305788040161,3.9679934978485107,3.655862808227539,4.121091842651367,3.151754856109619,4.343428611755371,3.7205886840820312,tg_voices_uk
c253460f206fb6784e0c3256e424269b22e967dd71bc6504d1504dd36fcfb8c6,2.21,normalized_best,False,e1304f2e88eab378,clearervoice_sidon_deepfilternet3_wet1,3.006103754043579,4.229042053222656,4.090373992919922,4.23059606552124,3.286303997039795,4.63394832611084,3.746486186981201,tg_voices_uk
5bd1670bd640e7a43bf26d47d2eb04e73e2139f9fd0ca8226e12560d0b11169b,6.08,normalized_best,False,49a0f944677d8954,clearervoice_sidon_deepfilternet3_wet1,3.2878506183624268,3.8398914337158203,3.774641752243042,4.644420146942139,3.1065316200256348,4.338944435119629,3.342393636703491,tg_voices_uk
ba4df3a80bd36ff14e733c5d5a6c93c5acee58abcb6ec2c30b5b34a147833aa4,3.7,normalized_best,False,f82c3035011a7926,clearervoice_sidon_deepfilternet3_wet1,3.421769380569458,3.8887882232666016,4.329392433166504,4.094493865966797,3.169224739074707,4.0362443923950195,3.844094753265381,tg_voices_uk
03b94b9432f904415682a19562e534f771927c496ffb7c4b16d8a07c46776c9d,2.5335,normalized_best,False,c3843c5f27f25bc9,clearervoice_sidon_deepfilternet3_wet1,3.336695671081543,4.4167633056640625,3.6669158935546875,4.342639446258545,3.1004858016967773,3.862529754638672,3.8349664211273193,tg_voices_uk
05328b72abd86d218ba2fd06d67c8e6fe4a846bf9b6c864a35062bfbc17024dc,8.4335,normalized_best,False,20b69eec04f09874,clearervoice_sidon_deepfilternet3_wet1,3.6328039169311523,4.158917427062988,4.164443016052246,3.9476521015167236,3.452286720275879,4.6866960525512695,3.943592071533203,tg_voices_uk
a94017a5a3eed4bfeb37de39e815b1fd2da367f0dbbbb4152ddb923376e73a4f,2.0,normalized_best,True,416b4bec03137c4c,normalized_original,4.998097896575928,4.997921943664551,4.998932838439941,2.6857521533966064,4.998989105224609,3.4756367206573486,4.995706558227539,tg_voices_uk
4f8879064d8edad01fb32256d74c08aac4ad4c86071033e7d28a9cb1482ff824,4.79,normalized_best,False,2e6bf590e008cf51,clearervoice_sidon_deepfilternet3_wet1,3.3304407596588135,3.776118278503418,3.626103639602661,4.3145928382873535,2.8676326274871826,3.816840887069702,3.2747437953948975,tg_voices_uk
02fc72019e100f80b240aac7dfc3aabe6038eb27f6350aa47f737837d579dd87,3.15,normalized_best,False,d3754eb4100330cb,clearervoice_sidon_deepfilternet3_wet1,2.838174819946289,4.0202460289001465,4.1021599769592285,4.3547163009643555,2.8051464557647705,4.0670166015625,3.2527549266815186,tg_voices_uk
8c1b28fc5c7d02dd5915ac99636bda80a4a671df79471822f72254bb8805401c,4.96,normalized_best,False,827fe93c88e27b5b,clearervoice_sidon_deepfilternet3_wet1,3.5566673278808594,4.084192752838135,3.4703011512756348,4.6418304443359375,2.9617269039154053,4.532867431640625,3.819242477416992,tg_voices_uk
45b929c14f61e6c3c628e60a01a15b6381163f9df21e07b210e3db4777b8ec93,1.86,normalized_best,True,86a39f7f2712239b,normalized_original,3.788888454437256,4.6056647300720215,3.716309070587158,3.955493450164795,3.6989002227783203,4.131011009216309,4.21453857421875,tg_voices_uk
1023eb19eb646a134544dc6bf2a765985935e68b7c69b57f36aad8464f400534,7.880041666666667,normalized_best,True,568b4a5c107767da,clearervoice_sidon_deepfilternet3_wet1,3.9988787174224854,4.294716835021973,4.286653518676758,4.573103427886963,3.7408487796783447,4.694308280944824,4.196686744689941,tg_voices_uk
38fa05efe3f6f9b67baca5a66ae5067a7d88f52631e2a3e885eed3666c76daa3,2.3635,normalized_best,False,69241b4e5656715f,clearervoice_sidon_deepfilternet3_wet1,4.287508964538574,4.726377964019775,3.4269771575927734,4.484688758850098,3.1674211025238037,4.241547584533691,4.045557022094727,tg_voices_uk
50d81ff1eca72cd2e1393fbba6faa1e51d983bc7f209ed0789893210e2184858,1.8,normalized_best,False,803122a38c01d1fb,clearervoice_sidon_deepfilternet3_wet1,4.182613849639893,3.3753488063812256,3.7801430225372314,4.2219953536987305,3.1367862224578857,4.158651351928711,3.679013252258301,tg_voices_uk
1aec52fc5128ed9a3bb3a0b59e6321d491f6c1d7ad6efb4da3cce81dcd8c97bf,2.09,normalized_best,False,e8ae32ee9004fd33,clearervoice_sidon_deepfilternet3_wet1,3.5760514736175537,3.178062677383423,3.289924144744873,4.0223236083984375,2.866180896759033,4.362556457519531,3.20245361328125,tg_voices_uk
f1b2b8a72debcc92fb8986395e07b3b43d319de3e4bc201b83c92dc5aada304f,4.51,normalized_best,True,27789ef0611f2091,clearervoice_sidon_deepfilternet3_wet1,3.4658849239349365,4.595824241638184,4.157212257385254,4.608223915100098,3.5181665420532227,4.060845851898193,3.916086196899414,tg_voices_uk
497194c0f26bcdcfc1331b1a4a9cfac23cfb75facc2a8bfcb2285866b4191014,5.27,normalized_best,False,88bd598f008ff157,clearervoice_sidon_deepfilternet3_wet1,3.4267990589141846,3.6740882396698,4.499362468719482,4.368609428405762,3.0510802268981934,4.079961776733398,3.3744397163391113,tg_voices_uk
5af8392553faaada3a6fdc6439c8cf349b09e7b406e2c8b2e7ede033f33cbf4e,4.7035,normalized_best,True,f823e7681f9fe225,clearervoice_sidon_deepfilternet3_wet1,4.418878555297852,4.104026794433594,3.940525531768799,4.336345672607422,3.739522933959961,4.084322929382324,4.320526123046875,tg_voices_uk
51a58e1ab74a91ac63cb6344937d17dd271bf5058992cb0ff93f5fe941d1faa2,4.3935,normalized_best,False,62cc7bd36f68a298,clearervoice_sidon_deepfilternet3_wet1,3.422255754470825,3.7684733867645264,3.5483791828155518,4.142733573913574,2.886197566986084,3.9605555534362793,3.367859363555908,tg_voices_uk
0c9f546376590e61ab119670f0fc4ad99e53b89f75a2a957d4da9f4a9ef44098,5.43,normalized_best,False,2f3cba8d9f5c9c25,normalized_original,4.031125068664551,4.037021636962891,3.431633949279785,3.9012985229492188,3.1848232746124268,3.452005386352539,3.466794967651367,tg_voices_uk
16527d3af26e37852510b0a6ce9c794b06cb8e3cdfac14c18b700141d8353548,1.76,normalized_best,False,a38f4072312baa2e,normalized_original,3.5620663166046143,3.8854544162750244,4.3980560302734375,4.4635114669799805,2.989413261413574,3.6879303455352783,3.2735812664031982,tg_voices_uk
6818c0dc3f1e084f98eb281696911356c37eca98284099d4d67eb3fc353c51e0,1.38,normalized_best,False,9f0cc5c4c74e219b,clearervoice_sidon_deepfilternet3_wet1,3.334190607070923,4.598060607910156,3.9353411197662354,3.8204410076141357,3.311692714691162,4.8040618896484375,4.001675605773926,tg_voices_uk
2277e64f3fada10ba231b2ae26e43f11b20f87bd8cf97fb64f3addffae7dd65e,1.9835,normalized_best,True,31ece5d3b9b634c7,normalized_original,3.57200288772583,4.846495628356934,3.459594249725342,4.181138038635254,3.553298234939575,4.604378700256348,4.232258319854736,tg_voices_uk
8eda97683d88a2e63ba0414cfda3a2923112cb3364be5da0b6f90a6824f0b443,1.57,normalized_best,False,448c7cee04bfa8cd,clearervoice_sidon_deepfilternet3_wet1,3.5283420085906982,3.7048299312591553,4.114439010620117,4.686042785644531,3.0657005310058594,4.621548652648926,3.556472063064575,tg_voices_uk
78ace445715c18daf320f0d1c31fbc7a6df40034937db30f6cf908fda44a821a,5.160041666666666,normalized_best,True,593b1c8c69e1b8ce,normalized_original,3.451472043991089,4.653995513916016,4.4439897537231445,4.711604595184326,3.7004904747009277,3.8098433017730713,4.243480205535889,tg_voices_uk
a42a269e5c54e6a44838d32c8b576f94ba96da97c2e05ab0a38989b8f8a3b475,6.63,normalized_best,False,51d1c15b3e70b3a4,clearervoice_sidon_deepfilternet3_wet1,3.631457567214966,4.096771240234375,4.4616899490356445,4.361545562744141,3.4304628372192383,4.390177249908447,3.7771568298339844,tg_voices_uk
90b4a4a1b24994479a4d88331c910897465790b80ba957b710f69b4485d90d84,2.0500416666666665,normalized_best,False,bfba3cb5e21bbd3a,clearervoice_sidon_deepfilternet3_wet1,3.5646283626556396,3.5394630432128906,3.346524715423584,3.4870448112487793,3.0447256565093994,4.117791175842285,3.471503973007202,tg_voices_uk
0bff846d4da7e1ea1b7460c9d6924f7047e359393e79ea018d3df3801caaa28e,4.82,normalized_best,False,962c90bf6df6db11,clearervoice_sidon_deepfilternet3_wet1,3.353975534439087,4.769025802612305,3.1113836765289307,4.50942325592041,3.200495719909668,4.6783928871154785,3.956840991973877,tg_voices_uk
d2b2b1684cd05dd53cdec6166279cf5f344cc7e431b114c6249c1d0eb17c1688,1.63,normalized_best,False,4a499ff6ee15bc09,clearervoice_sidon_deepfilternet3_wet1,3.6115996837615967,4.558684349060059,3.4619557857513428,4.740395545959473,3.1447677612304688,4.676463603973389,3.9070816040039062,tg_voices_uk
dc94b1b3f4ed5b9ce18054843e68fe81d9291d7a454447c877fdb40b7abaab60,5.4735,normalized_best,False,1bb191727cf865aa,clearervoice_sidon_deepfilternet3_wet1,3.6603658199310303,3.946192502975464,4.453773498535156,4.166842460632324,2.921027898788452,4.569862365722656,3.335432291030884,tg_voices_uk
576de93c84cdd2c88c069cf1cb6965f92224f7997595027e9c17960ff566663f,4.92,normalized_best,True,7afbfeda4a1943d5,clearervoice_sidon_deepfilternet3_wet1,3.409874439239502,4.194622993469238,4.267552375793457,4.444303512573242,4.083702087402344,4.591365337371826,4.5611371994018555,tg_voices_uk
74794907041c44f327351050cc8e1907ff0a2e542e415c554f697bd2bdd6743a,2.06,normalized_best,True,5b3899af8f752319,normalized_original,4.5219855308532715,4.052633762359619,3.6972239017486572,3.9133899211883545,3.663914918899536,4.144192695617676,4.194667816162109,tg_voices_uk
01c92829e48ca1cdb139bd517e5ee8dd7cdaa67840c466ca2cda103717e57c10,6.43,normalized_best,False,6e233d493552ff0e,normalized_original,4.495209693908691,4.954819679260254,3.622741222381592,4.538244247436523,3.3265633583068848,3.7532784938812256,3.6479246616363525,tg_voices_uk
60cb4e57951a425e429f5d4b3ec71655f813b57a533b6afa7d65d9f8c3a6dc25,2.9635,normalized_best,True,874ee0fbe04650eb,clearervoice_sidon_deepfilternet3_wet1,3.497901678085327,4.3389739990234375,4.144676208496094,4.549436569213867,3.630250930786133,4.618196487426758,4.061734199523926,tg_voices_uk
eaf5a5bd60048ac4a789131b12ac21fdb9c4af8891bfce86f97874910aae4e7a,2.3200416666666666,normalized_best,False,a65b7736466b6639,clearervoice_sidon_deepfilternet3_wet1,3.033303737640381,4.051109313964844,3.730872392654419,3.9699413776397705,2.6722099781036377,4.655169486999512,3.2048332691192627,tg_voices_uk
1757ca5590aa50d511836d3f60fe62ce612dbe96b780de2c7fdeb39e5ebe0a00,1.93,normalized_best,False,71c2601a98290420,normalized_original,3.106071949005127,4.294716835021973,4.330972671508789,3.1841399669647217,2.5824434757232666,4.675629615783691,3.122586488723755,tg_voices_uk
9d312ca45a8690bb693fcf98339c1d9b6342c14904780e7499f0558fc98d9380,7.82,normalized_best,True,ee1bcfca55685f89,clearervoice_sidon_deepfilternet3_wet1,4.14597225189209,4.0653886795043945,4.018848419189453,4.435317039489746,3.728201389312744,4.751819610595703,4.243359565734863,tg_voices_uk
ddd7391b797ebefcf2bb945d5c8eebc4c5713760338383fb0e5d080197123411,3.88,normalized_best,False,688ca135f008a4bb,clearervoice_sidon_deepfilternet3_wet1,3.105468511581421,3.0988566875457764,3.2232017517089844,3.85434889793396,2.8656489849090576,4.076573371887207,2.8904919624328613,tg_voices_uk
5490f13f27713c962f6b173e81717fd45b0482dd779a482565b445b9323c413e,7.95,normalized_best,False,3dce096c4a44842f,clearervoice_sidon_deepfilternet3_wet1,3.76011061668396,4.031394958496094,3.915966510772705,4.21839714050293,3.2834343910217285,4.537326812744141,3.919614791870117,tg_voices_uk
ab60e6cf573a2806252f2183a1237344e5849ec75d1fc97bf0a912602e159079,2.0500416666666665,normalized_best,False,f6175f23c57e2bd0,clearervoice_sidon_deepfilternet3_wet1,4.130032539367676,3.52494478225708,3.761646270751953,3.7059202194213867,3.200293779373169,4.713829040527344,3.533484697341919,tg_voices_uk
932f2bc779eb601c72e4c07c55dbac46fb2b9f432aca2f36c7791bd58f720cff,3.86,normalized_best,False,fae330cef3ec5625,clearervoice_sidon_deepfilternet3_wet1,3.6328723430633545,3.9804978370666504,3.7904319763183594,4.187994956970215,3.461451530456543,4.184813499450684,3.877018451690674,tg_voices_uk
b565af6280050ba3925b563c2324f4b323d8ce043eaab031e54aedcc84dd6a83,2.4900416666666665,normalized_best,True,68560aaf280b0585,clearervoice_sidon_deepfilternet3_wet1,3.29445219039917,4.33012580871582,3.8283512592315674,4.193285942077637,3.5455634593963623,4.505532264709473,4.2330217361450195,tg_voices_uk
26fd24327facf6f644418c4ea35e108753b4a9c5f2e0fb5a12fce7125bf003b9,2.5300416666666665,normalized_best,False,4558986978112bdc,clearervoice_sidon_deepfilternet3_wet1,4.10827112197876,4.032053470611572,4.342151641845703,4.396852493286133,3.4071319103240967,4.673912048339844,3.7404847145080566,tg_voices_uk
ff93110b8feefda7451a80b2559d738737fcf81fa5e1833e14e9abe5de4fa155,2.9900416666666665,normalized_best,False,015ce2877dca09b6,clearervoice_sidon_deepfilternet3_wet1,3.7905936241149902,4.0477118492126465,2.9830946922302246,4.396818161010742,2.6090102195739746,3.7682716846466064,3.22739839553833,tg_voices_uk
5f0acd953bdee7ff52a6d299ec7e3921fb9804fdad63286be4ce24bc7215f07a,1.79,normalized_best,False,0494a2a8da2ae831,clearervoice_sidon_deepfilternet3_wet1,3.351165533065796,3.7554173469543457,4.1706767082214355,4.425102233886719,3.311342716217041,4.364286422729492,3.42059326171875,tg_voices_uk
81123117caa56a2b34c3d6217cf526c0c94f2fb8aa9a293afc787bf32e953ea2,3.16,normalized_best,False,1d1a2eb127fef6c1,clearervoice_sidon_deepfilternet3_wet1,2.7697784900665283,4.075562477111816,3.954033136367798,4.206872940063477,3.2001638412475586,4.698052406311035,3.4651238918304443,tg_voices_uk
945a9d4552d4433459ee8a331c36def52de8df00a49091dd7074ad943a7774cd,2.88,normalized_best,False,b1147de288dda47b,clearervoice_sidon_deepfilternet3_wet1,3.4238388538360596,3.8495349884033203,4.094768524169922,4.376360893249512,3.0587801933288574,4.254217624664307,3.603660821914673,tg_voices_uk
ff03bae377462029c24a673a2f8a52d589826170d43fb444ee6542407191d81c,2.15,normalized_best,False,c5bc392fbdf84ad7,normalized_original,4.234251976013184,4.44706916809082,3.6546900272369385,4.2785115242004395,2.7318878173828125,3.363194704055786,3.995805501937866,tg_voices_uk
8b38480ffa1932c2c498d93a815d80854c9b8ca85493cb6a184fea3df9b25aae,6.26,normalized_best,False,91e27cdcc0bb2033,clearervoice_sidon_deepfilternet3_wet1,3.4927659034729004,4.026035308837891,3.4428608417510986,4.387449264526367,2.878782033920288,3.9897117614746094,3.5238990783691406,tg_voices_uk
a9069975b6c931f49c09b8966c4cd13bac39b323bb70c975e40d4051cc8ab13b,1.71,normalized_best,False,ad387df59a236c45,normalized_original,4.680266380310059,4.210206031799316,2.227998971939087,3.867812395095825,2.9905624389648438,2.708761692047119,3.3302762508392334,tg_voices_uk
2d7797bb492dfbaea8a654f9448c88ccdff776aead29ef7b617717986bfcc03f,1.73,normalized_best,True,69a34776de65ca8e,normalized_original,3.605969190597534,4.685204982757568,3.8616580963134766,4.545938491821289,3.743962526321411,4.709735870361328,3.952455759048462,tg_voices_uk
b0f0c4db8fe2e2854af013d195087ebc021542f395c6423284667df73844dbfd,2.14,normalized_best,False,34a7195683ba3c42,clearervoice_sidon_deepfilternet3_wet1,3.6342718601226807,3.7895801067352295,3.9408326148986816,4.2948479652404785,3.071530342102051,3.9562735557556152,3.4899861812591553,tg_voices_uk
6be4ea8070f4eb6c7f2d7e00022894a5d37d1cfa2ba87662163835b1e5b66211,1.56,normalized_best,False,b1b5312393f01c46,normalized_original,3.7613940238952637,4.071693420410156,2.8950979709625244,4.214176654815674,3.2683043479919434,3.84443736076355,3.9381227493286133,tg_voices_uk
070eb6775367980947699842404787691cd761af924612700f125b9b3ebb965e,2.33,normalized_best,False,3d266a831e90d335,normalized_original,3.492131471633911,4.384557247161865,2.9194259643554688,3.4652411937713623,2.796412229537964,2.803764581680298,3.332746982574463,ua_ser
52af3864046a93a08dbb0d2d797a53b9160a598bbf0122ed6298f1bb7a40c316,2.803625,normalized_best,False,9f745e229d10784b,clearervoice_sidon_deepfilternet3_wet1,3.5745692253112793,4.210578441619873,3.78484845161438,4.612486839294434,3.084256887435913,3.956312894821167,3.4481334686279297,ua_ser
1d655973933d9e0809924463b69e0dbd9d5e275fc2a1e6794a14fd08d618ffa4,2.12,normalized_best,False,a78886575d348f74,clearervoice_sidon_deepfilternet3_wet1,3.266970634460449,2.7334742546081543,3.165337085723877,3.8501908779144287,2.242443561553955,3.641258955001831,2.7729763984680176,ua_ser
cb0cc741bf68b4f846ca25766985bba1f458b2f3f13a874073b1764882d81e13,1.7900416666666668,normalized_best,False,b4ee8d66216948ee,clearervoice_sidon_deepfilternet3_wet1,2.303271532058716,3.97784423828125,3.579249620437622,4.334946632385254,2.4467334747314453,3.8604848384857178,3.4447524547576904,ua_ser
70fa39769aaeae9ffd6d645cfdd5dde8c976b99141bf6d42430beb2785b18380,2.3027083333333334,normalized_best,False,18087c3a908cfea9,clearervoice_sidon_deepfilternet3_wet1,3.3723511695861816,4.319278717041016,4.039790630340576,4.535002708435059,3.0166006088256836,4.546169757843018,3.805300235748291,ua_ser
b1283fc6a3d4b145da48c16ea7f2e5ad70c8caf5b32b712c2cb8a454fec87a22,4.33,normalized_best,False,836387254fd4ca1a,normalized_original,3.943854808807373,4.757291793823242,3.793950319290161,4.431558609008789,3.351787805557251,4.623607635498047,3.7570929527282715,ua_ser
63c980454a8fe843f1625ae70ca8fa91a8cae0579c92f099360a89ebd3998da9,2.548,normalized_best,False,0593e655648ddfad,clearervoice_sidon_deepfilternet3_wet1,3.165553331375122,3.770904064178467,4.10997200012207,3.634262800216675,3.058000087738037,4.479124069213867,3.5475854873657227,ua_ser
4b5c56dffb29d6d13097ea06f097eb2209f2c65886ca4e09815eb0efea711e20,3.67875,normalized_best,False,ca4f931206a8a29c,clearervoice_sidon_deepfilternet3_wet1,3.1445374488830566,4.130724906921387,3.747783660888672,4.583365440368652,3.3393077850341797,4.5521063804626465,3.77315616607666,ua_ser
cfc29d8a37efd3d77bce526107b6194bec8c3fbf3a338bf18bff8bd31313da9a,2.9900416666666665,normalized_best,False,a86527ce460d5853,clearervoice_sidon_deepfilternet3_wet1,3.9084410667419434,3.494832992553711,3.407428026199341,4.006556510925293,3.3662526607513428,3.915651321411133,3.7693445682525635,ua_ser
7dea559ab976ce8f42b980c483c0f86a9d973bc2768fa653b0d837db775d100a,3.3453333333333335,normalized_best,False,d34fe67295b53ab3,clearervoice_sidon_deepfilternet3_wet1,3.298835277557373,3.93703293800354,4.505683898925781,4.263596534729004,3.0947072505950928,3.928119421005249,3.951937437057495,ua_ser
06d4e0fe3534265fcae88f8c99ef18f3601930abf9d1491e4590701a641b353c,2.28125,normalized_best,False,6781c55f86ce67a0,clearervoice_sidon_deepfilternet3_wet1,3.664726734161377,3.584928512573242,3.5416083335876465,4.086906433105469,2.8382983207702637,3.864274501800537,3.6423287391662598,ua_ser
c3dfe40f63ff34cbb5c23437ef2a58bf8c8b4c80cd8873581f7d882291556ca9,2.818,normalized_best,False,9abe21701d8300f2,clearervoice_sidon_deepfilternet3_wet1,3.1632683277130127,4.254952430725098,4.261085510253906,4.596152305603027,3.002147912979126,4.67906379699707,3.50492787361145,ua_ser
370deac6a395c5c4e268c724409a59292f0f1366e77d35aa5a0e1c67e2a91a18,1.65,normalized_best,False,5bdc248dbac9a5b6,clearervoice_sidon_deepfilternet3_wet1,4.009301662445068,3.57232403755188,3.7026760578155518,3.8000223636627197,2.967503786087036,3.6929996013641357,3.4078352451324463,ua_ser
5ee684e4b70323aea769867ce04f408cbf37d67ff38d856e3c4f16c116722e8f,1.79,normalized_best,False,70a9b8589969bf9e,clearervoice_sidon_deepfilternet3_wet1,3.8496205806732178,3.9472413063049316,3.3662402629852295,4.462102890014648,2.8326897621154785,4.291618347167969,3.391535520553589,ua_ser
06e7371c408f47d91f36365a781bbd349ec2183b763b97d19e670bf1377a2ff8,2.99,normalized_best,False,ef6f31ec38e2ba31,clearervoice_sidon_deepfilternet3_wet1,3.4326088428497314,3.5413246154785156,3.585353374481201,4.302800178527832,3.1731247901916504,4.60494327545166,3.6987619400024414,ua_ser
795ea963479bfe5d5a7569dec7f5518827aec648b3e118b93eea8c9aaad9c174,2.41,normalized_best,False,58b5f26093b11b52,clearervoice_sidon_deepfilternet3_wet1,3.7566685676574707,2.943039894104004,3.4950504302978516,4.145103931427002,2.7681591510772705,3.420753002166748,3.424354314804077,ua_ser
044044c9382b1eb1bdd4b9e26982957cadfcb829e02ddecae8995ef77e2b2215,2.16,normalized_best,False,aac5ba3d4c7f0b02,clearervoice_sidon_deepfilternet3_wet1,3.3537065982818604,3.3832385540008545,4.556672096252441,3.4782490730285645,2.55450701713562,4.148504257202148,2.7912685871124268,ua_ser
170d72ae547957b44b546dc22b0fbe0890ea85462945a19f115bf5ce554cd276,4.0244583333333335,normalized_best,False,58eee0eb0e5d10fd,clearervoice_sidon_deepfilternet3_wet1,4.227007865905762,4.517580509185791,4.526630401611328,4.458196640014648,3.442734479904175,4.619675159454346,4.213559150695801,ua_ser
5fa6f91221bc8871103968c17266c82810174dd105d613d8b260d948cd003dd7,3.1017083333333333,normalized_best,True,3114b59a1dddc877,clearervoice_sidon_deepfilternet3_wet1,4.070616722106934,3.958789110183716,3.7419755458831787,4.16322135925293,3.6698575019836426,4.545968055725098,4.004288673400879,ua_ser
ba5a65602aa2eca4d510e9c7103c748a787536618134988231a463431a3df229,2.432,normalized_best,False,d5dd48a9b47cae15,clearervoice_sidon_deepfilternet3_wet1,3.1286232471466064,3.853109836578369,3.5054755210876465,3.8215150833129883,2.9766933917999268,4.245512008666992,3.8060481548309326,ua_ser
dda39df48cf6a6ca39343aaa79a6ca536a9dccd1707e217fd20f5daeeecf52cc,2.13,normalized_best,False,0782b89dc09f07ca,clearervoice_sidon_deepfilternet3_wet1,3.505260944366455,4.050177097320557,2.704359292984009,4.063173294067383,2.9291653633117676,3.4496524333953857,3.3596880435943604,ua_ser
a42d57f30cae84e4f61b80d506e68398054874642665f6c4e9a1ec655ac82639,2.430041666666667,normalized_best,False,4fa0c8aa9fbd58a8,clearervoice_sidon_deepfilternet3_wet1,3.529707431793213,2.6279361248016357,4.030418872833252,4.10107421875,2.518069267272949,4.272867679595947,2.8646419048309326,ua_ser
edcad2859d103f54f281d0f6b2ca6d4c58ed6aee85f5a285ea0c312cd9baf2bf,2.36,normalized_best,False,7ca79417ff847026,clearervoice_sidon_deepfilternet3_wet1,3.307474136352539,3.941261053085327,4.213596343994141,4.287515640258789,3.1106371879577637,3.8030316829681396,3.892446517944336,ua_ser
8814a6cff45629236a7a7ac2b1459f4ebf8ad639e4b060a0b1f6dd405e964f17,1.854,normalized_best,False,9b49305c687397b4,clearervoice_sidon_deepfilternet3_wet1,3.0382137298583984,4.263737678527832,3.1244382858276367,4.3914618492126465,3.016303300857544,3.876250743865967,3.568488597869873,ua_ser
eb4fc3bab7b8c1f89f775775467b90dfb9ba89df8ce3832da616b8c6bb304937,2.581875,normalized_best,False,c0ff44009f1d582b,clearervoice_sidon_deepfilternet3_wet1,3.7354190349578857,4.918292045593262,4.261609077453613,4.473555564880371,3.4477181434631348,4.120379447937012,4.24692440032959,ua_ser
69a92ab31876e72d3db3015d5b9a25b65a5883d692d7e9183134d0a3f7eeac7c,2.78,normalized_best,False,bd8ee5e7d31ae146,clearervoice_sidon_deepfilternet3_wet1,3.3191051483154297,3.7457377910614014,3.424558639526367,4.584160327911377,2.626986026763916,3.9928572177886963,3.478315830230713,ua_ser
5ac73d6f57ff10328fb474000c817d0871aabc82004ae2e7c08cd1ceb52b6273,1.45,normalized_best,False,e4ea07bd6ff3d635,clearervoice_sidon_deepfilternet3_wet1,3.483010768890381,2.826521396636963,4.1397905349731445,4.30337381362915,2.6712191104888916,4.569321632385254,3.0703959465026855,ua_ser
f18878facffa201d9a48286ff385d806550c82933d84600c623be31a8a6c2103,2.153875,normalized_best,False,8bc611ba615a4311,clearervoice_sidon_deepfilternet3_wet1,3.6520819664001465,4.621122360229492,4.068824768066406,4.597115516662598,3.0873348712921143,3.9403798580169678,3.620182752609253,ua_ser
93dc32b73d9a084d0d3389a983cf953d5fe8ea2d70f52660b375cc1da41b2e3d,2.3625,normalized_best,False,e333b6260ad8a588,clearervoice_sidon_deepfilternet3_wet1,3.0351808071136475,4.160296440124512,3.7060961723327637,4.469922065734863,3.150977611541748,4.12101411819458,3.8348448276519775,ua_ser
6a16a8e8ab55a24bcc33a8fcc4ebefd22b2759fdda13805de1709a9a94b0448c,2.5415,normalized_best,False,7d10601c621333fb,clearervoice_sidon_deepfilternet3_wet1,3.0063326358795166,4.016839981079102,3.8881518840789795,4.331623077392578,3.3158464431762695,3.7297117710113525,3.8668911457061768,ua_ser
a5a5b1b53347d6e892a0c18359d214ddb41b2cb98412434fae6bf818c9567a7f,2.548125,normalized_best,False,43d91fefabe96223,clearervoice_sidon_deepfilternet3_wet1,3.226557970046997,3.5289549827575684,3.011153221130371,3.353182077407837,2.137699604034424,3.436673879623413,3.0215210914611816,ua_ser
2bcb81ae1401ceee3c1a26cf5dffb4d9a0ee8ab253de8a2b32cd0bab52842190,1.79,normalized_best,False,b22923f08cac12d4,clearervoice_sidon_deepfilternet3_wet1,2.8478970527648926,4.205577373504639,3.177830457687378,4.029045104980469,2.9475574493408203,4.496452331542969,3.3365414142608643,ua_ser
8312364b03d6cc38ddc987db2a7f2a630a9b66de6a3d8657f15970ddeac0cce2,2.07,normalized_best,False,5b6269d4fed7ccdd,clearervoice_sidon_deepfilternet3_wet1,3.4315927028656006,4.0849199295043945,3.402287244796753,4.222224235534668,3.213494300842285,4.236050605773926,3.979617118835449,ua_ser
42d8e900839452ee4d08ff596aae7bc387c51ac8b5b2b61af4f35c529cbe1167,2.311875,normalized_best,False,a70ab834f6ce953d,clearervoice_sidon_deepfilternet3_wet1,3.6655335426330566,4.486971378326416,3.4786407947540283,4.108221530914307,2.9770188331604004,4.365897178649902,3.8022372722625732,ua_ser
53142a2a4eab65ad8aaad2f12279d9c5aa4a660288b86337a682506e7138d138,3.00375,normalized_best,False,541577e82eaed72c,normalized_original,3.628114700317383,4.058583736419678,3.928180694580078,4.258777141571045,3.047250986099243,4.455329418182373,3.534475803375244,ua_ser
46e712a57052ca3549dc22221d01ccb1345b14b4e5a1f2a2f2b89887bc9aa969,4.44,normalized_best,False,d39f374b06904f0f,clearervoice_sidon_deepfilternet3_wet1,4.269276142120361,3.69189715385437,4.528759002685547,4.292368412017822,3.169891834259033,4.167458534240723,3.632350206375122,ua_ser
8d618f907931938a1d4c54cf0729f6f72f0eb9e7e407c6efa62887bbe00353a2,1.73,normalized_best,True,19ffee07e35a6234,clearervoice_sidon_deepfilternet3_wet1,3.4734103679656982,4.192334175109863,4.075346946716309,4.32985782623291,4.403520584106445,3.8218271732330322,4.7444305419921875,ua_ser
80e3b93d78f2fc314ab4d94a366490ebc02d18e58c882ad01e288d5c9e6a7a78,2.6632083333333334,normalized_best,False,3ec62c9173577600,clearervoice_sidon_deepfilternet3_wet1,3.0538363456726074,3.9287686347961426,3.5841286182403564,4.312216758728027,2.6182422637939453,4.25677490234375,3.272097587585449,ua_ser
8313f0e6d63976b9f3f6939609a00bb3da575a0a50d01869721c620ea2cb32c8,2.316125,normalized_best,False,757812da0cf15f8e,normalized_original,3.499148368835449,3.7076358795166016,3.590454339981079,3.590045928955078,2.7661330699920654,3.7643332481384277,3.2935831546783447,ua_ser
a26d37dca85dafe7bb4cab76a659768708836e1fb8469a7609c84543ccfeb749,2.34,normalized_best,False,04c4c7dc06b94da8,clearervoice_sidon_deepfilternet3_wet1,3.403456687927246,4.515988349914551,3.530144453048706,4.303106784820557,2.7151427268981934,3.7451038360595703,3.627981662750244,ua_ser
2b83b934f9dfc3274ade9d454d8933417dd1344dbd4fe6b69a209c8c2c775778,1.59,normalized_best,False,e801b3f088696656,normalized_original,3.2764852046966553,3.6248064041137695,2.978764533996582,2.216564416885376,2.4571750164031982,2.961400270462036,3.0072152614593506,ua_ser
276387051cbd8bf264ed8d8381ff443efe0171b0e99ae4bee5d8beefb9eab17a,2.7344166666666667,normalized_best,False,15b2d2eaa7874652,clearervoice_sidon_deepfilternet3_wet1,4.0266265869140625,3.232081413269043,4.021355628967285,4.236004829406738,2.744499683380127,3.9284112453460693,2.92278790473938,ua_ser
c741de19bd87177ed9d548ee87dc2da4dbd434c0446cd4840b7990391940817a,2.176,normalized_best,False,695662ccff496a1d,clearervoice_sidon_deepfilternet3_wet1,2.9352924823760986,3.7013306617736816,3.8926522731781006,4.114838123321533,2.5393245220184326,4.254158973693848,3.0701916217803955,ua_ser
39f1f8b3271be4034e6e3c6ce49cb7f7090a70ef63049ea408d178d5c860afe6,1.9,normalized_best,False,b906c61e2ad5a262,normalized_original,2.982150077819824,3.8606693744659424,2.4160523414611816,2.129873514175415,2.4990572929382324,3.734326124191284,2.8385519981384277,ua_ser
394f8ec777edfc365953195d3141d0cad3cb5245bffaf7cdf7dd0febbc1aebed,4.241375,normalized_best,False,0ef7f42f655f2a11,clearervoice_sidon_deepfilternet3_wet1,3.8786075115203857,3.68825101852417,3.8232743740081787,3.863229990005493,3.384476661682129,4.661393165588379,3.8284661769866943,ua_ser
fe34d67753aafdda82b0f5ccb9d0730e13665fb66dcafb02071501245dcb2a57,3.07,normalized_best,False,00d2f52a40fc6586,clearervoice_sidon_deepfilternet3_wet1,2.5906481742858887,4.485846519470215,3.269496440887451,4.691839218139648,2.70619535446167,4.419311046600342,3.0122976303100586,ua_ser
a37801a728a7d567a2bed24faa598ca0b374b6d950c5ed6b8ea63505798f1c10,2.56,normalized_best,False,568dab3a2129f2cf,clearervoice_sidon_deepfilternet3_wet1,3.937087059020996,3.744840145111084,4.780691623687744,4.462169647216797,3.250432252883911,4.2188215255737305,3.8028881549835205,ua_ser
6a59d0f38144d2a272853e9bb171409c0168d1b901d8890c0dde4c54f3c56a67,1.592125,normalized_best,False,2d9cbb4700b84c4a,clearervoice_sidon_deepfilternet3_wet1,3.5904288291931152,4.062020301818848,4.486988067626953,4.051113128662109,3.058093547821045,3.715186357498169,3.5294690132141113,ua_ser
a5774d4ae32f0de9b11ea5265969a974ae85688f2a55607b5892e63dbdd33671,2.3200416666666666,normalized_best,False,93864d5cb7bd8791,clearervoice_sidon_deepfilternet3_wet1,4.145806312561035,3.7323079109191895,3.815032482147217,4.136237144470215,3.233675479888916,4.602775573730469,3.707331418991089,ua_ser
a8d352dd28dca31049a109ef010a63d2f39f0570f7019918d033d5b375551e0d,2.4538333333333333,normalized_best,False,7f35bf53f2cbccc0,normalized_original,2.807185173034668,4.3612799644470215,2.4899652004241943,2.233109474182129,2.2387778759002686,3.9865853786468506,2.4167072772979736,ua_ser
7817280176846d15ca119f1635d6a5f7c44d50a725e06c7fe310300409693456,2.210625,normalized_best,False,2b5a0a4398f05eb9,clearervoice_sidon_deepfilternet3_wet1,2.777066946029663,4.277495384216309,3.9828388690948486,4.498430252075195,3.1018736362457275,3.986931085586548,3.716310739517212,ua_ser
2ac15097b26923d686b0624262a248c2d2ed47418153573dd8b9d8f147069a32,1.94,normalized_best,False,6c5a196b3a1dcb26,clearervoice_sidon_deepfilternet3_wet1,3.207033395767212,4.124792098999023,3.38810133934021,4.3789215087890625,2.781404495239258,3.4747512340545654,3.17069673538208,ua_ser
5af0bd72087561056779b38c7e7b925d4bf8c14d6e9302711e708bf29d15b438,1.9900416666666667,normalized_best,True,f7753b7ddb38c36d,clearervoice_sidon_deepfilternet3_wet1,3.923232316970825,3.6516125202178955,4.061070442199707,3.615046977996826,3.759538173675537,4.616805076599121,4.149818420410156,ua_ser
0eb1f5b67cf46688602ed7ce9ba11648f289fd747a5dec8cc1bf8e6b647c4e34,2.185208333333333,normalized_best,False,a602cf7755b3964f,clearervoice_sidon_deepfilternet3_wet1,3.0853641033172607,3.8687891960144043,3.8736937046051025,4.475627899169922,2.875576972961426,4.214092254638672,3.6519603729248047,ua_ser
2cd62b85d8eaa83cd1efa98803771fa2f5d52f633f702446ac9bfc36ccbc7ea7,2.7855,normalized_best,True,47dc0a795c5ad36f,clearervoice_sidon_deepfilternet3_wet1,4.126132011413574,4.009243965148926,3.0599660873413086,4.603368282318115,3.5637643337249756,4.339504241943359,4.056733131408691,ua_ser
bc8c191eecb4d278ecddf8c7be4ca278f2f0fd16e01a594c89ba1fa4b30a387e,2.82,normalized_best,False,74e1ee12f1f05863,clearervoice_sidon_deepfilternet3_wet1,3.1092772483825684,4.086439609527588,4.490120887756348,4.296215057373047,3.1527462005615234,4.437589645385742,3.5476601123809814,ua_ser
12178eae4424e3f14647b7eedc167a377fccfb4d921b0887eff52284f2bfb81c,3.4662083333333333,normalized_best,True,e57fa4bf7f28ac8d,clearervoice_sidon_deepfilternet3_wet1,4.242579936981201,4.299359321594238,4.181268692016602,4.381155014038086,3.914804697036743,4.752316474914551,4.332326889038086,ua_ser
b1fa76b0f8f73fe34f5c7d0fece085342c605f003ebd01f7cf44bcda179a3d84,2.03,normalized_best,True,ff3f4fed8815497a,clearervoice_sidon_deepfilternet3_wet1,3.2400565147399902,4.793457984924316,3.2715649604797363,4.6399736404418945,3.734123706817627,4.914942741394043,4.169804573059082,ua_ser
27c9e4b8a3291e4b332ef42694280a1c220ee1bc42bbf398b172c14dbaaeb18b,2.378458333333333,normalized_best,False,1f4aff1ea7c9e835,normalized_original,3.341362237930298,4.272323131561279,3.7863690853118896,3.383350133895874,2.912372589111328,3.654369831085205,3.4243569374084473,ua_ser
5a98ad2ef51261b5c0131af8718c388914eec27d46cae953711266dc5b76cd0a,3.0407083333333333,normalized_best,False,53c06bfa319664c0,clearervoice_sidon_deepfilternet3_wet1,3.5361812114715576,4.183562278747559,4.33095645904541,4.040791034698486,2.9562745094299316,3.9771506786346436,3.4387354850769043,ua_ser
86b4b3a78a24f1be7e34fad99cc5e7b3ce2f5c180019ac4787ed85c38350b7dc,2.531,normalized_best,False,57872d6abf3e8e0a,clearervoice_sidon_deepfilternet3_wet1,3.8789517879486084,2.905928134918213,4.349980354309082,4.265011787414551,2.973475933074951,3.969975233078003,3.2876505851745605,ua_ser
dce0c381ff508df2fed2baebcc1952a2801c42d0fe1dca2acc5d3bde1421536c,2.2000416666666665,normalized_best,False,32aaf7503b6cd3df,clearervoice_sidon_deepfilternet3_wet1,2.7365407943725586,4.293691635131836,2.2343568801879883,3.529374361038208,2.14546537399292,3.6844873428344727,2.887700319290161,ua_ser
38079bc94e2ba3f4a32c69c6b47b5e255d579c2f16514bb7d818d7abc3c9f6f2,2.097,normalized_best,False,8a11f9741aa8e2f1,clearervoice_sidon_deepfilternet3_wet1,2.9855434894561768,4.14975643157959,3.367788553237915,4.413646697998047,2.7646257877349854,4.5226287841796875,3.0414421558380127,ua_ser
d97867c134b28f109e1df9f9944f999f8f0693ec14f99b96760f49df94d59b2e,1.94,normalized_best,False,fa3f4e9b373fa1f7,clearervoice_sidon_deepfilternet3_wet1,3.765352249145508,4.619941711425781,3.672854423522949,4.1847944259643555,3.347597599029541,3.7403013706207275,4.1702070236206055,ua_ser
b320a10d02ecfcd30ecfbe337ef6f4bf5bdd290f4c923e55229b6691cf1fd741,2.4,normalized_best,False,28420ad22b688e99,clearervoice_sidon_deepfilternet3_wet1,3.4431040287017822,4.710625648498535,3.8731627464294434,3.5823538303375244,2.923607349395752,4.742985248565674,4.439408779144287,ua_ser
39267e032165fb575bbd6aa92cf7aa371da30e56b9fc01d0f0fbf12268987a9e,1.737625,normalized_best,False,729cc5141afe01f8,clearervoice_sidon_deepfilternet3_wet1,3.144850015640259,3.6035232543945312,3.564373016357422,4.542174339294434,2.8243813514709473,4.696361064910889,3.1599583625793457,ua_ser
291c04ee9d8452d8aac3fdfb76634085ab3e20f4c3808b8bbb46ea74ab4a0ac7,2.749125,normalized_best,False,6d16d28a433f5eed,clearervoice_sidon_deepfilternet3_wet1,2.9445652961730957,3.7060723304748535,4.448434829711914,3.8853683471679688,2.8957464694976807,4.5579023361206055,3.3017196655273438,ua_ser
f4e57cea3a5e0eb4230d152ba9a943a23340b378b6267f277698f1afbc606f2e,2.176,normalized_best,False,01ffd913ca35a85a,clearervoice_sidon_deepfilternet3_wet1,3.8668816089630127,4.414894104003906,4.038394927978516,4.225279808044434,3.244513750076294,4.524139404296875,3.5927984714508057,ua_ser
24989622a92c9b945a55e43921831e2022b05045c8a0bdff4b99ee269eef556e,2.82,normalized_best,False,01acdc595005cacc,clearervoice_sidon_deepfilternet3_wet1,3.4531655311584473,3.980862617492676,4.0830864906311035,3.767721176147461,3.012695074081421,4.037274360656738,3.939838409423828,ua_ser
c4f65933832f9af4403f1a0723a36143fdd86d7f0fd038a6af2995194b8763e6,2.377,normalized_best,False,c3d00b149ec47080,clearervoice_sidon_deepfilternet3_wet1,3.339604616165161,3.86812686920166,3.6200263500213623,4.309218406677246,2.475027084350586,3.9674832820892334,3.627725124359131,ua_ser
6b8554421b3e7faf44e77f2353b8e1e32f4fd740ca37e9cb2c48df51fb00651f,2.4,normalized_best,False,edf503cc844ba0d3,clearervoice_sidon_deepfilternet3_wet1,3.5033137798309326,4.683277130126953,3.8049123287200928,4.574076175689697,3.041067600250244,4.09975528717041,4.273960113525391,ua_ser
3a24fbd16212aa84e696ca97567ac56d94381798fb2cceda72bf513affd75974,1.9789583333333334,normalized_best,False,87d83788cc6a7e28,normalized_original,2.8423759937286377,4.626821517944336,2.9955124855041504,3.3981740474700928,2.7952985763549805,3.701533317565918,3.3316986560821533,ua_ser
e921cc2e6a73380c606d89c6a55267ad93c58461e5569e96655b208055fad56a,2.5,normalized_best,False,509bccd5148742ca,clearervoice_sidon_deepfilternet3_wet1,3.626030206680298,3.971114158630371,4.211935997009277,4.81557559967041,3.3899550437927246,4.089712142944336,3.8881523609161377,ua_ser
1e978919066087c9b6b84a19055015b985262243307b2d1e305cd30ccc35cff6,4.9275,normalized_best,False,2b49bc0c5d89e67a,clearervoice_sidon_deepfilternet3_wet1,3.2297496795654297,3.610076904296875,3.817657232284546,4.420951843261719,3.0299580097198486,4.71663761138916,3.3697259426116943,ua_ser
dcf48f3ce46d80ab7b855c15f4a9c7c40877ff63a3aba29e61d4f80f7c189fa2,2.548,normalized_best,True,a6213b90c70f0ff3,clearervoice_sidon_deepfilternet3_wet1,3.4515724182128906,3.88004469871521,4.267333984375,4.522658348083496,3.5479464530944824,4.278230667114258,4.088204383850098,ua_ser
9a43d1413a730c4dd2e92fd050fe1167d4e24572378d3beb87af4f77456060a3,2.75,normalized_best,False,1331cdba582b5a20,clearervoice_sidon_deepfilternet3_wet1,3.0915162563323975,4.421746730804443,3.9191336631774902,4.5920000076293945,2.972896099090576,4.6804046630859375,3.524646520614624,ua_ser
0c5202b3a4787732333101891ed6d4947ab576128688fe0536923522758f4f9f,1.9600416666666667,normalized_best,False,9359e4f30d603a21,clearervoice_sidon_deepfilternet3_wet1,3.276353120803833,3.68214750289917,3.879567861557007,3.359919309616089,2.3196070194244385,3.9642367362976074,3.0647213459014893,ua_ser
41109dd30c0bfb082d3cb42ac06580b57312f1dfe9dd4673782b00ddd1b072e5,2.986875,normalized_best,True,679966d55e8e6024,clearervoice_sidon_deepfilternet3_wet1,4.111067771911621,3.8414127826690674,4.2373433113098145,4.880317687988281,3.738130807876587,4.352163314819336,4.024971961975098,ua_ser
207eacc80dd88f72357c82abfbbeca8a1eacd54bbbc3bfa4e70951b757d47f6e,3.2335833333333333,normalized_best,True,966bcf69ce24929e,clearervoice_sidon_deepfilternet3_wet1,3.7694709300994873,4.25605583190918,4.123232841491699,4.6385297775268555,3.611527919769287,4.595639228820801,3.879837989807129,ua_ser
30784dca0c82fed879e4ebdea1375c5aea28d9f4ea0e418d38f19ca8d04d3c70,2.4500416666666665,normalized_best,True,157355cf2bf9948d,clearervoice_sidon_deepfilternet3_wet1,4.01763391494751,4.443306922912598,3.7120556831359863,3.9733686447143555,3.6949691772460938,4.188505172729492,4.100325584411621,ua_ser
794366f0e2c0ec60badd745c1661e2bdcb27fc1d7fe3809df748ab6ace662173,2.716875,normalized_best,False,05376696eff3f338,clearervoice_sidon_deepfilternet3_wet1,3.26511812210083,3.631380081176758,4.238483428955078,4.52066707611084,3.3053345680236816,4.59545373916626,3.844585418701172,ua_ser
6057a4ee0fed8c77ddad264dc921b427bd94e73d16079ba02214e7eaca6a3250,2.05,normalized_best,False,a9c3ed1fe6845469,clearervoice_sidon_deepfilternet3_wet1,3.754352331161499,4.201754570007324,4.520205497741699,4.755054473876953,3.340743064880371,3.9703023433685303,3.7369120121002197,ua_ser
1af455e8ee16dd1186128e72828908fbd3b73a9e0360ffd5ef5c63455e3f1166,2.56025,normalized_best,False,b529b739bf077d08,clearervoice_sidon_deepfilternet3_wet1,2.959127187728882,4.194918632507324,3.0507166385650635,3.5574567317962646,2.5849056243896484,3.9274749755859375,3.436171293258667,ua_ser
aa851bcec5ed75fd25c7da4916562d31148126845d6cec74ad95bb04e19513a0,2.26125,normalized_best,False,d68511dc1fc2bdcb,clearervoice_sidon_deepfilternet3_wet1,3.6752755641937256,4.592806816101074,4.219700813293457,3.2811319828033447,2.903183698654175,3.9987196922302246,4.114414215087891,ua_ser
d555acb299c7184b9eb4fe55519f05e9737895040e4b7c81a4e32da6bc060d85,2.716875,normalized_best,False,69310569deb34f07,clearervoice_sidon_deepfilternet3_wet1,2.9011003971099854,4.114819526672363,4.27467155456543,4.6519036293029785,3.1650755405426025,4.259799003601074,3.848468780517578,ua_ser
f0b73fbd328ea80213df01fe4e1cad06f0de107b4405233e6a8b2975868c702a,2.688,normalized_best,False,852b72f0266145ba,clearervoice_sidon_deepfilternet3_wet1,3.554100751876831,3.762199640274048,4.247785568237305,4.45133113861084,2.9183297157287598,3.9512932300567627,3.135666608810425,ua_ser
40614b69e5d2085b0f04fc07e31fe0c148c3c3b0f4cfa7ac8babffaa789bb1ca,3.12,normalized_best,False,60a290aaf923919a,clearervoice_sidon_deepfilternet3_wet1,3.522810220718384,4.1336445808410645,3.716691255569458,4.25898551940918,3.3334126472473145,4.755902290344238,4.005759239196777,ua_ser
94ee616dd5fc0aea879d81700d0ae002eb34b7c4c514766e2ef35f0cd5854496,2.97375,normalized_best,False,b5d1f05c0444e84e,clearervoice_sidon_deepfilternet3_wet1,3.409656047821045,3.524669885635376,4.044661521911621,3.8728702068328857,3.337521553039551,4.336788177490234,3.677971601486206,ua_ser
a6faceba9da45ccb1819026260ceb0f9353ce31911b2ca1f10077768c2bd4817,1.9600416666666667,normalized_best,False,2a4bc72c4adcaf1f,clearervoice_sidon_deepfilternet3_wet1,3.2986438274383545,4.394291877746582,3.415127754211426,4.350360870361328,2.5059165954589844,4.37435245513916,2.9679830074310303,ua_ser
a637a5ac3a6b0f3e4cbed0df9096d1a79cec463dda2c90be6db351a146265d73,2.03,normalized_best,False,6a0b75596ff7a4da,normalized_original,3.730161428451538,4.542728424072266,3.508963108062744,3.8526322841644287,3.167630434036255,4.463285446166992,3.5202527046203613,ua_ser
76a5327aad5ae185c46a14d3c16ba176b7de137cc94b04e392fc2b5dd7054890,3.63,normalized_best,False,686bb112f920104c,clearervoice_sidon_deepfilternet3_wet1,3.212294101715088,2.959242582321167,3.5209622383117676,3.7812278270721436,2.2546184062957764,3.982755184173584,2.8019964694976807,ua_ser
2980d869a14f3f8ac0454658c870889f6ea56bbdffee89f5add66859b59ac1ed,2.08,normalized_best,False,babb3ecc4f6decd1,clearervoice_sidon_deepfilternet3_wet1,3.5750396251678467,2.8386123180389404,3.941427707672119,4.10316276550293,2.6323585510253906,3.8809239864349365,3.2615044116973877,ua_ser
5df4454e95af9428a6d09cf99cea39d1f7de843d6e67b9f679960d803f6d8df2,3.498875,normalized_best,False,95066237ea583bc3,clearervoice_sidon_deepfilternet3_wet1,3.2248244285583496,4.201111793518066,4.265140533447266,4.424452781677246,3.312720775604248,4.538418769836426,3.8070242404937744,ua_ser
065d7f3394f013e58845f0885ef68637af4b49d6b3179dbed000491a848077de,2.77625,normalized_best,False,0c528ab86210ee04,clearervoice_sidon_deepfilternet3_wet1,3.5548150539398193,3.6833951473236084,3.8944900035858154,4.116410255432129,3.1137681007385254,4.309634208679199,3.715076446533203,ua_ser
438e3385492b35540304d682da1ce3275f9152922f77cef0a881770b9e468acc,1.83,normalized_best,False,caea7fd720cfc08e,clearervoice_sidon_deepfilternet3_wet1,3.0749218463897705,3.9741954803466797,2.9246387481689453,4.108429431915283,2.897135019302368,4.111583232879639,3.1523656845092773,ua_ser
3d2104e1ac544da79284a14730b3deec345fc1011eeaae20d19a988a4df259bc,2.176,normalized_best,False,d02b08892d93f141,clearervoice_sidon_deepfilternet3_wet1,3.2439920902252197,3.8597633838653564,4.158867835998535,3.8604347705841064,2.999711513519287,4.370128631591797,3.5292062759399414,ua_ser
d9158e1a1397942ab70685b6ae52da17bdb9531481c073384a4bde61b47dee5a,2.048,normalized_best,False,993fa09da2be2867,clearervoice_sidon_deepfilternet3_wet1,3.2116379737854004,3.8978631496429443,3.404655694961548,3.7364349365234375,2.826625108718872,3.858743906021118,3.823063373565674,ua_ser
7267b9994d1fd30c328be97955969e54621f16cb7fdb365609f7b7926d6e911b,2.35,normalized_best,False,79c7278ac03ee9f0,normalized_original,3.326430082321167,3.6149773597717285,3.51164174079895,3.7595248222351074,2.6369359493255615,3.8780086040496826,3.1064341068267822,ua_ser
06533355cd651047c65885c218c247b971bf2b70a3ae89819f4dcd09010e6c22,2.4095,normalized_best,False,5b18ec06d2865d22,clearervoice_sidon_deepfilternet3_wet1,3.210294246673584,4.64213752746582,3.5444631576538086,3.653350353240967,2.7669517993927,4.055879592895508,3.6142585277557373,ua_ser
d86e9d2bb4dc3f39ea9d808f55efda09a4d7cd01ac91e415681b2d03a7ec0e12,2.71,normalized_best,False,7b37a173fad7b143,clearervoice_sidon_deepfilternet3_wet1,3.5074617862701416,3.804826259613037,4.372261047363281,4.120988845825195,3.1651666164398193,4.241560935974121,3.9894917011260986,ua_ser
5dc49f188d83f577d36e6dffcd2d91263a0123982c142f790e6126e6ce47f228,1.82,normalized_best,False,a73071d89696b39a,clearervoice_sidon_deepfilternet3_wet1,2.7888877391815186,4.592251777648926,3.673036813735962,4.005838394165039,2.7370784282684326,4.244808197021484,3.6704154014587402,ukr_dialects
b8d8bb5a8c9d07f6b97e61ad897f201b5f63124a2de26e719eec76f70b808580,9.05,normalized_best,False,0d903a219416e592,clearervoice_sidon_deepfilternet3_wet1,3.8916430473327637,4.4245710372924805,3.412053346633911,4.534037113189697,3.493558645248413,4.582694053649902,3.878225803375244,ukr_dialects
562ed091a0033b859030010351dcd882802f9d653f983e5dd1111ccf7f5dac65,6.41,normalized_best,True,a237faa0e9bc87dd,clearervoice_sidon_deepfilternet3_wet1,3.4959685802459717,4.045116901397705,3.9146299362182617,4.7991180419921875,3.673630714416504,4.6529693603515625,3.9698355197906494,ukr_dialects
47413f09a22d8a1d9912b860ba9ba58e8ea59f47b19498c4f9e50814b5e4b3fe,14.83,normalized_best,False,54eeef47799137c1,clearervoice_sidon_deepfilternet3_wet1,4.179588794708252,4.243566513061523,2.954664945602417,4.623128890991211,3.1637074947357178,4.760169506072998,3.4857308864593506,ukr_dialects
5f5e9fd04fdcdcbe53d2fd61f7262b9b7b51f9a8dab5b33cb76fc099dabf71d5,4.224,normalized_best,False,9bab0aa3a629938d,clearervoice_sidon_deepfilternet3_wet1,3.6063265800476074,3.605529308319092,3.535351276397705,4.327245712280273,2.9108333587646484,4.599466800689697,3.17450213432312,ukr_dialects
872230f4e7cd88166f5bdca8bea4dd7fc4a5a11a8d42e7debe998025889bab57,5.6,normalized_best,False,41159136ebf7f7a3,clearervoice_sidon_deepfilternet3_wet1,3.0530529022216797,3.9739127159118652,3.5507333278656006,4.481218338012695,2.925462007522583,4.293399810791016,3.4202897548675537,ukr_dialects
92234031300e59b6af9705d15b64ff80f1a1d4d0272ee6ea49117a27369e0594,2.03,normalized_best,False,8e7ec197983fb8d3,normalized_original,3.5605967044830322,4.166022300720215,2.905431032180786,4.419908046722412,3.037114143371582,3.519733428955078,3.4713847637176514,ukr_dialects
d1c1ceddc027779c6188fe1f7281cffa564466b67d057ed31b9eaf2e31795093,5.03,normalized_best,False,7b15981516e06ca9,clearervoice_sidon_deepfilternet3_wet1,4.370052337646484,4.033514976501465,2.5718464851379395,4.580677032470703,3.0426833629608154,4.777388572692871,3.4947292804718018,ukr_dialects
555d549ea744bcdb5607e02f08b9974941db2e4e8e8340da1b70f31cdb722b06,3.34,normalized_best,False,ecccb25e97188c6c,clearervoice_sidon_deepfilternet3_wet1,2.886817216873169,3.6664798259735107,3.447852611541748,4.5128583908081055,2.7282967567443848,3.692875623703003,3.255082845687866,ukr_dialects
0635676f2dec42c23dedf95254468c4f651230f11f0004501b6cebfb4c4427fb,6.78,normalized_best,True,2f668652e951fd93,clearervoice_sidon_deepfilternet3_wet1,3.9892780780792236,4.631049156188965,4.081372261047363,4.628673553466797,3.7435593605041504,4.513059616088867,4.304225921630859,ukr_dialects
b66c39b0d2c1cfb4da871989757d4941248624fdfe99b20fd4a5cbc824c0bbfc,2.430041666666667,normalized_best,False,86fbe1ea16af07cd,clearervoice_sidon_deepfilternet3_wet1,3.6774561405181885,4.211746692657471,3.64939284324646,4.193943977355957,3.29876971244812,4.771890640258789,3.922997236251831,ukr_dialects
adbd93cae38fba74dd28d65539bc9a3dbb8f99d3fcfcb84e2352458f9692e051,14.890041666666667,normalized_best,True,242bb56bb37571ba,clearervoice_sidon_deepfilternet3_wet1,4.021093845367432,4.557128429412842,4.418651580810547,4.770381927490234,3.5313594341278076,4.2341766357421875,3.740278720855713,ukr_dialects
9c11a70f769e95f8e158570b92a31f5c3970e892a9cb986d80a6d9776fb31794,7.66,normalized_best,False,e50d0d4b1c00b856,normalized_original,4.084264278411865,4.321590423583984,3.0744454860687256,4.5134687423706055,3.482851505279541,4.524904251098633,3.992035150527954,ukr_dialects
97ef284b23f2428a21877db25f818c5dac51cc080200d4304d874811a9642ebe,11.18,normalized_best,True,4acb82bc34643fb8,clearervoice_sidon_deepfilternet3_wet1,3.5741777420043945,4.765460968017578,3.7169511318206787,4.539681434631348,3.516629457473755,4.870372295379639,4.00233268737793,ukr_dialects
5ca75c4a8afa1b17aaceb58b1d8391d707211f468d03c7d71ea4e821196ac8db,3.14,normalized_best,False,840ba85823240964,clearervoice_sidon_deepfilternet3_wet1,3.4048149585723877,3.6606311798095703,3.2804367542266846,3.9387810230255127,2.462777853012085,3.3097286224365234,3.6202473640441895,ukr_dialects
2a79a472f958082db1dd15582c65ef3345d993fca5e08590183d582ecad65f66,7.67,normalized_best,True,c9d0a1f87abc187b,clearervoice_sidon_deepfilternet3_wet1,3.770160436630249,4.026264190673828,3.8640735149383545,4.247812271118164,3.681204319000244,4.5400390625,4.1209716796875,ukr_dialects
ab3af39b7dd26e066511261ba15f7e5a4711b29a9335b92d52a7d718f8ec35e5,2.1,normalized_best,False,6a64ff4852a96de3,clearervoice_sidon_deepfilternet3_wet1,2.8630423545837402,3.920050859451294,3.375211238861084,3.8039164543151855,3.169466972351074,4.057415008544922,3.5592641830444336,ukr_dialects
8abda42040fab80ec17577c613290d2ff3b05f162129dd8ac6c9173c5ddc977e,19.290041666666667,normalized_best,False,558e902c5d7d46f3,normalized_original,4.233962059020996,4.712760925292969,2.7492787837982178,4.795278072357178,3.30411696434021,4.952849388122559,3.830000162124634,ukr_dialects
ab2a2c9120911e8912d36af55485158491a59dcc7535b2638ad70c4deeab7f10,2.89,normalized_best,False,41e58a4191de07bd,normalized_original,3.0808587074279785,4.268670558929443,4.136911392211914,3.6677234172821045,3.039268970489502,4.549787521362305,4.014441013336182,ukr_dialects
3771f43f87cd8050a0f8dfe14bbc4fe4795f585e36b2f7a624867614f69157fe,7.22,normalized_best,True,7f3e8a5402a396c8,clearervoice_sidon_deepfilternet3_wet1,3.841020107269287,4.141108512878418,4.1272101402282715,4.417202949523926,3.7914843559265137,4.5613861083984375,4.211275577545166,ukr_dialects
ce5c88e7d0f64ef934d37595bf4a397d50bc50b9f1938417565b763770d85cd9,4.330041666666666,normalized_best,True,314b92c52c435e0b,clearervoice_sidon_deepfilternet3_wet1,3.6098177433013916,4.4960222244262695,3.767496347427368,4.301116943359375,3.5438199043273926,4.71415901184082,3.9820661544799805,ukr_dialects
adbed1368a8d2a5906c02499ddcad85f0b4ae38117b57224ff0a02443deccd0d,6.87,normalized_best,False,29d771f7f65c7f6d,clearervoice_sidon_deepfilternet3_wet1,3.7998368740081787,4.423489093780518,2.6776511669158936,4.4897966384887695,3.053997039794922,4.501533508300781,3.426953077316284,ukr_dialects
7e2f6c71b64bcc8a696db095878c04487c19108826e9ea1b7cb860563384fc60,5.23,normalized_best,False,f372269ffe3275c2,clearervoice_sidon_deepfilternet3_wet1,3.18392014503479,4.585807800292969,3.1043131351470947,3.390763521194458,2.868525981903076,4.409441947937012,3.809786081314087,ukr_dialects
d453272236dd6b26063aab1df6e66db691b959a29c1c2b2b10f91bee64cc0268,8.53,normalized_best,False,0e63f6ac4d9ba2b0,clearervoice_sidon_deepfilternet3_wet1,4.099456787109375,4.320696830749512,2.8353638648986816,4.685023307800293,3.315511465072632,4.9053874015808105,3.780879020690918,ukr_dialects
a2cea1b761b1d64aeccd57e325a8fcd2aed5dd1a8efe5da61f0e104b7bd822d9,6.24,normalized_best,False,3e2faddd06d54425,clearervoice_sidon_deepfilternet3_wet1,4.03508186340332,4.237391948699951,4.512356758117676,4.479518890380859,3.4388620853424072,4.61766242980957,4.040164947509766,ukr_dialects
2bcb709633036d68bcfac1c068e602499e2dbd2fb058138a0ed179eb369387cb,19.740041666666666,normalized_best,True,702561049f1f39e2,clearervoice_sidon_deepfilternet3_wet1,3.970381736755371,4.020768642425537,4.274697303771973,4.5928874015808105,3.6810364723205566,4.789331436157227,4.064262390136719,ukr_dialects
7cf6399912e64fd591ae1efee8c2e7b62c2ad7ab976e60c6d0cfcbfc08716ed3,2.67,normalized_best,True,e4864d2df79bd445,clearervoice_sidon_deepfilternet3_wet1,3.7640581130981445,4.704957485198975,4.049246311187744,4.394256114959717,3.8357226848602295,4.544310569763184,4.614356994628906,ukr_dialects
4da19a60944b531ee18ff7cbdefeb440369595a1bf765e82495a9d6f0c08f427,2.5700416666666666,normalized_best,False,9a53543d89606468,normalized_original,2.6808900833129883,3.1302497386932373,3.371811866760254,3.014718770980835,2.006883382797241,3.0311851501464844,2.7833549976348877,ukr_dialects
49cbe143fac61cfbab331b65618820f40bc14b3b776e417d5db4a5112bdada3c,10.48,normalized_best,True,97c99077b7b8cd1f,clearervoice_sidon_deepfilternet3_wet1,3.8366007804870605,4.452606201171875,4.287139415740967,4.330735683441162,3.6741631031036377,4.878016471862793,4.132840156555176,ukr_dialects
70543b94381c54fa78b401dea61c2081297b78699a40bef8545fe8418f55dfa1,1.99,normalized_best,False,9a08bccb686a9cfc,clearervoice_sidon_deepfilternet3_wet1,2.5956709384918213,4.463143825531006,3.221078395843506,4.27863073348999,2.6669907569885254,4.377594470977783,3.091562032699585,ukr_dialects
3a7c379362b065b01afb122a2e9d46598f21d2d8612764da41aae6a6308ee6e6,7.069,normalized_best,False,4347bf5310942834,clearervoice_sidon_deepfilternet3_wet1,3.206866979598999,4.601174354553223,3.4652349948883057,4.44749641418457,3.4648211002349854,4.7067108154296875,4.034337997436523,ukr_dialects
20a2c8d1f453d67cf3a21db0928301b8530f297b592256c159d5e94b68b77ca0,4.16,normalized_best,False,f8bdfd7bd77fa1ce,normalized_original,3.6274168491363525,4.484891891479492,3.0989434719085693,4.312550067901611,2.800907611846924,4.170614719390869,3.3935141563415527,ukr_dialects
2157865bcf2a519f70ce2b780e99a7f7ab693c064ca20d6f90632d6538f8f654,4.290041666666666,normalized_best,False,822f0bcd4cb98b92,clearervoice_sidon_deepfilternet3_wet1,3.8025765419006348,4.470834732055664,4.066283226013184,4.4349141120910645,3.475858211517334,4.45241641998291,3.912108898162842,ukr_dialects
567599858eedebef625479e0066bc2ab6ab2ee357e53742ee7f697f3a89dab20,11.34,normalized_best,True,296ccfb816eeed83,clearervoice_sidon_deepfilternet3_wet1,3.774979591369629,4.360167503356934,4.367265224456787,4.591921806335449,3.587853193283081,4.770463943481445,4.293781280517578,ukr_dialects
2b597214710ae4586c596b99ceb33c1457eb68593408bc9a279ab95ba936a019,7.44,normalized_best,False,dadb51e263de4b43,clearervoice_sidon_deepfilternet3_wet1,3.5844082832336426,3.2720038890838623,4.153532981872559,4.33846378326416,2.894137382507324,4.548661708831787,3.425009250640869,ukr_dialects
37f63666e8b6d9236a729538fd1a4bac6bf58791ed6bbbc61d28fd963adb37fb,2.2600416666666665,normalized_best,False,c264aef7ef14b160,clearervoice_sidon_deepfilternet3_wet1,3.752293348312378,3.522892951965332,4.194301605224609,4.045919418334961,3.217461109161377,4.254383087158203,3.6217687129974365,ukr_dialects
e6ac50b2ac7351a096111622c22a00688d010f1ec526a094ee7662b3f3e6b8f3,8.89,normalized_best,True,ed75e77294c340d0,normalized_original,4.771060943603516,4.599944114685059,3.0890908241271973,4.27058744430542,3.9302797317504883,4.388708114624023,4.36558723449707,ukr_dialects
6b0d6945008ab7cbd9b9b4ae8f8f4d990d8544aacd6f84ebf86bf3fb58fbdcf3,1.82,normalized_best,False,bfe785bdf79df31a,normalized_original,4.0513811111450195,3.835980176925659,2.7664661407470703,4.10263729095459,2.5747036933898926,3.876065731048584,3.057269811630249,ukr_dialects
dd2d59c9af16cd54d8ea1d133b536e4021bca3113e1c4800429aba6124cf968f,1.98,normalized_best,False,e1e1d5db68276240,normalized_original,3.6353564262390137,3.57058048248291,2.186964988708496,3.3883724212646484,2.5216164588928223,3.6216466426849365,3.2007176876068115,ukr_dialects
62aa78e776c00093eb08b9104a8adbeb87c0f744b545b6a5c724dbaa8ee45b31,7.09,normalized_best,False,6bb7fe1dda248aff,clearervoice_sidon_deepfilternet3_wet1,4.01346492767334,4.429441452026367,3.572580575942993,3.978299856185913,3.0234882831573486,4.502730369567871,3.9568560123443604,ukr_dialects
42514d0ebddd0f76ca552ab063ab63575895adb37d2fb53cb98878daf582e555,4.53,normalized_best,False,5652df24fa209a85,clearervoice_sidon_deepfilternet3_wet1,2.911180257797241,4.51999568939209,4.529935836791992,4.581158638000488,3.192547559738159,4.7533769607543945,3.657721757888794,ukr_dialects
ae67339be17e82763a5aeb33899db80e139dd497714d34831d70a2a8c98df4a4,3.75,normalized_best,False,263bbe5a83c21022,clearervoice_sidon_deepfilternet3_wet1,3.824571132659912,4.613351821899414,3.443779945373535,3.633927583694458,2.778146266937256,4.851161003112793,3.772801399230957,ukr_dialects
8edab7094da80122705968d841b82eeaec2621aea8d9bbdc7e0eab8bc1ffc658,1.9,normalized_best,False,8994f61724e32836,clearervoice_sidon_deepfilternet3_wet1,3.1623141765594482,3.900827169418335,3.840378999710083,3.682969331741333,3.0932817459106445,4.005204200744629,3.486067056655884,ukr_dialects
2e5bd88bbb7fb7558e3f7c712fb77f10063bc4a08e0e783b4b28b167131a54e4,3.13,normalized_best,False,1eb21ddca0218ac0,clearervoice_sidon_deepfilternet3_wet1,3.038656711578369,4.641733169555664,3.9719104766845703,4.689380168914795,3.4245073795318604,4.821885108947754,3.9546587467193604,ukr_dialects
ed10ae3c0355ff0a22bf3bacfa8d5b14ac487a5d31a2bcbb076b6adff2f65de9,1.3400416666666666,normalized_best,False,64f7dfc385fd0332,clearervoice_sidon_deepfilternet3_wet1,3.462798595428467,4.03852653503418,3.713386058807373,4.081246852874756,2.8274097442626953,3.636481523513794,3.22798490524292,ukr_dialects
0877cea825c2d445b89f680f5c258a27281071a02f99cb7d174c5dcb2cda2a0d,3.391,normalized_best,False,0839ab4db381da1e,clearervoice_sidon_deepfilternet3_wet1,3.580268383026123,3.7319717407226562,3.985757350921631,4.46359920501709,3.205066442489624,3.2755277156829834,3.511908769607544,ukr_dialects
ab6abf376ebbc36dd1d145bfa197a38909dd9fffba431141a08541050beee82c,7.616,normalized_best,False,bf7fa24b56a90ac9,normalized_original,4.274285316467285,4.26887321472168,2.3308825492858887,4.468008995056152,3.35188889503479,4.465756893157959,3.8423197269439697,ukr_dialects
ab3fb02d4778163b2892ea68b5fc4e7a01f201924e8b1f751c7e55640c397d50,5.46,normalized_best,False,9d313dc5c2894ba2,clearervoice_sidon_deepfilternet3_wet1,3.3114612102508545,4.056260108947754,3.5761895179748535,4.022289276123047,3.294917583465576,4.2259745597839355,3.943829298019409,ukr_dialects
0dcb7f2612b552d0a92cafc8201c060156bd30ad57cd7cf5ec6cc0061dbcf2e6,5.5,normalized_best,False,8a3949ca3cf2196f,clearervoice_sidon_deepfilternet3_wet1,3.141242742538452,3.246706485748291,2.7703826427459717,4.160530090332031,2.309509754180908,4.4054765701293945,3.045081377029419,ukr_dialects
72e44d6b8e1987ccbfad4809dc61e7a0f6fe8f430f114ba07312f49be12420b3,2.6,normalized_best,False,f22b87646ba1578f,clearervoice_sidon_deepfilternet3_wet1,3.3278582096099854,4.426477909088135,3.4223763942718506,3.597541093826294,2.8242809772491455,4.492772102355957,3.7199015617370605,ukr_dialects
34e2386032e1a2b8e6a0fb3a9d8aad9f02c321235c604f45f96ba6da04fc09f0,6.21,normalized_best,True,694cc49500f2b87c,clearervoice_sidon_deepfilternet3_wet1,3.281266212463379,4.627646446228027,4.0603556632995605,4.551643371582031,3.815056800842285,4.829973220825195,4.281351089477539,ukr_dialects
612bc6a7fa122817c1e0b2db5d1697b812fc99c5ce59eb0d6701e308ce37c5aa,2.09,normalized_best,False,6a258d45765bd4c5,clearervoice_sidon_deepfilternet3_wet1,3.7271437644958496,4.302063941955566,2.7897305488586426,4.484368324279785,3.1092758178710938,4.620763778686523,3.618581771850586,ukr_dialects
b6758c8ec47f89bf6c18d0a5cd2dac379556397f24786a68a035940473099151,4.88,normalized_best,False,4353235c5f194455,clearervoice_sidon_deepfilternet3_wet1,3.0976057052612305,4.422759532928467,3.7633795738220215,3.95094633102417,3.0331063270568848,4.624273300170898,3.664062738418579,ukr_dialects
f8b29e7c2c982643cc71b51968bba2d4b4d35a525bb6e4261d44db073b828d6b,4.94,normalized_best,False,154537938649b4f0,clearervoice_sidon_deepfilternet3_wet1,2.9404115676879883,4.353888511657715,3.4355111122131348,4.118549823760986,3.2369139194488525,4.323916435241699,3.8630568981170654,ukr_dialects
54369b8a29effade114cedd68fa3b339fdb5530c0a60c73dbd32a053b20337c8,8.29,normalized_best,False,a2da8be2193fa216,clearervoice_sidon_deepfilternet3_wet1,3.7743680477142334,4.185621738433838,3.2703659534454346,4.020044326782227,3.093773365020752,4.674378395080566,3.567718029022217,ukr_dialects
33187d4789843ee6dba6d159f02e247ef927d4955c91c41f09096f8de97ca6f0,2.46,normalized_best,False,f962b3769de914d2,clearervoice_sidon_deepfilternet3_wet1,2.7268104553222656,4.269865989685059,3.342607021331787,4.008365154266357,2.824413537979126,4.514922618865967,3.4685704708099365,ukr_dialects
02f336c861479775638bb287b28799f02c26ee0b30f4c8b7d1eabeee83630bdf,3.28,normalized_best,False,f0d2b87d5ba3b68e,clearervoice_sidon_deepfilternet3_wet1,2.8302390575408936,4.302798271179199,4.269031524658203,4.736550331115723,3.4597859382629395,4.383892059326172,3.9807398319244385,ukr_dialects
2cc6f3665e8885bdbe717bffb81869ab657a3b6557e8ff0e1608e35e090e89bd,2.680041666666667,normalized_best,False,f9b84ffab9cfe5dd,clearervoice_sidon_deepfilternet3_wet1,4.041494369506836,4.3951897621154785,3.070481538772583,4.0028910636901855,2.8278021812438965,4.3908514976501465,3.8274447917938232,ukr_dialects
52a01c18da9799aea84c3bb15e74c18824913baa991388fa3c1a03fb79a4fc29,4.1,normalized_best,False,30942657994cb72e,clearervoice_sidon_deepfilternet3_wet1,3.4710540771484375,3.774702787399292,2.9062695503234863,3.713806390762329,2.9714391231536865,4.1330132484436035,3.5762779712677,ukr_dialects
0af8870dc0cc97d37e7dbf18cb25448ef9e696059e2a77d73d6544a2d7dc1707,2.479,normalized_best,False,566c39695cadae26,clearervoice_sidon_deepfilternet3_wet1,3.6897642612457275,4.131359100341797,4.03135871887207,4.390501022338867,3.281080722808838,4.201153755187988,3.5071752071380615,ukr_dialects
759b9e48fd21fb1a186a56b293c71b20309fbd2f458d43cb73f3edb460c528c8,12.029,normalized_best,False,c43b6871fb7abcf7,clearervoice_sidon_deepfilternet3_wet1,3.826543092727661,3.839953660964966,3.5067057609558105,3.873333692550659,3.021315813064575,4.704957008361816,3.5570316314697266,ukr_dialects
56f73e2adf8b4e65857d29949ab08725a423fcbef63f8b31082812f1027044a3,14.35,normalized_best,True,2c57b228b9d2349e,clearervoice_sidon_deepfilternet3_wet1,4.335954666137695,4.582446098327637,3.7843081951141357,4.723356246948242,3.826692819595337,4.812902450561523,4.293408393859863,ukr_dialects
19881106b843fab145a276bd6d1e860bc637e585dc78238e6be918de779e6119,3.93,normalized_best,False,2a6e18b3e07e2956,normalized_original,3.570553779602051,4.265711784362793,3.6758198738098145,3.742114543914795,3.421910285949707,3.7866854667663574,3.8780934810638428,ukr_dialects
0dd27b298e7c0873ac91c78c5c0f72c276de4fadcfacb231d9a7cacff12154fa,2.0400416666666668,normalized_best,False,64326990b57264c9,clearervoice_sidon_deepfilternet3_wet1,2.6560964584350586,4.05254602432251,3.953400135040283,4.3053741455078125,2.8333706855773926,4.545675277709961,3.4115500450134277,ukr_dialects
0cfa1cf71c1863fa7810b0d74da55e60b47edd8f54cba8faf441ec8c62252f44,7.35,normalized_best,False,ab089df50f15fd9b,clearervoice_sidon_deepfilternet3_wet1,3.877755880355835,4.083093166351318,3.8241288661956787,4.421665191650391,3.4164822101593018,4.664612770080566,4.048784255981445,ukr_dialects
c670489bc1e941e5b85206b73f9774379c80bc1f6a69940adc470d307c8b79bf,5.568,normalized_best,False,258401e9b5844ceb,clearervoice_sidon_deepfilternet3_wet1,3.558138847351074,3.565187454223633,3.2981605529785156,3.051614284515381,2.3116261959075928,3.7732973098754883,3.306790828704834,ukr_dialects
084fa4443a77d0d610b8de6badbc6857522095a2c156b0e2f76b79d2b2044c3c,4.35,normalized_best,False,c1b3bd09e07db289,clearervoice_sidon_deepfilternet3_wet1,3.8188974857330322,4.288596153259277,3.2016775608062744,4.774600505828857,2.72247052192688,4.569639682769775,3.82779598236084,ukr_dialects
28028eb6cf60db33238bb7b3773a3b0795e39339d6ae5b6b453d51afe037938a,4.99,normalized_best,False,316f532261a9d135,clearervoice_sidon_deepfilternet3_wet1,3.0181262493133545,4.339868545532227,3.8425073623657227,4.6777544021606445,2.9840972423553467,4.8391523361206055,4.009091377258301,ukr_dialects
87edb867677b0c461f59ced309979eeff13f8f436ba93b3e47ec3c5a89f1cf67,2.07,normalized_best,False,3eaea0949e59c63c,clearervoice_sidon_deepfilternet3_wet1,2.973820924758911,4.389021396636963,4.352902412414551,4.717808246612549,3.4496567249298096,4.362277984619141,4.149679183959961,ukr_dialects
b5831ee5518073ea05af64644c922efe0a23138305ac37a7502fdd71574ad0b3,2.96,normalized_best,False,e825ef3a856b4735,clearervoice_sidon_deepfilternet3_wet1,3.170872926712036,3.711575508117676,3.548668622970581,3.822248697280884,2.9754104614257812,3.9275076389312744,3.3654723167419434,ukr_dialects
d51b6f82bde3e0f8b33dc01b5021c34276a545b53e1ad2d57da691547e6b98ab,6.32,normalized_best,False,c4bd25a3e37e2f75,clearervoice_sidon_deepfilternet3_wet1,3.656360387802124,4.062190055847168,3.459573268890381,4.680938243865967,3.171020746231079,4.682186126708984,3.6025595664978027,ukr_dialects
87f9de18164e148647b8fc391c85add2ab705493e601f729407258f63f4f1944,2.16,normalized_best,False,626a1b5a7d4f1be6,clearervoice_sidon_deepfilternet3_wet1,3.269202709197998,4.873651504516602,4.016212463378906,4.820600986480713,3.2259938716888428,4.623098850250244,4.111101150512695,ukr_dialects
419d5f331663ab717a94913f8129f0827950c37bdf2b729f8849f6e4892b5355,2.021,normalized_best,False,0778c18cc75cdb00,clearervoice_sidon_deepfilternet3_wet1,3.127845287322998,4.77655029296875,3.9954538345336914,4.292910099029541,3.229872941970825,4.84912633895874,3.7900748252868652,ukr_dialects
e5350ddfca1599f914573484593b55e3cad70b90f6ecdeb8dd206cd1a68e3d24,6.26,normalized_best,True,9586770df2d8998d,clearervoice_sidon_deepfilternet3_wet1,3.3645339012145996,4.3487653732299805,3.8394694328308105,4.674162864685059,3.6895687580108643,4.747980117797852,4.042457580566406,ukr_dialects
8d9a9d16521d59e8fd1ed974020c8371c6ff4eec12dd12e3db9a7afce5253bf3,15.890041666666667,normalized_best,True,bc994a1816813eb6,normalized_original,4.184086799621582,4.52146053314209,4.669499397277832,4.135692119598389,3.6551806926727295,4.1263933181762695,4.059807777404785,ukr_dialects
c3a62814bfc5823f4c63cbc9af689255e6799fbd347b41c4d4e0d3f0fe34f7b3,5.13,normalized_best,False,aabdb6483bfd2e33,clearervoice_sidon_deepfilternet3_wet1,4.259502410888672,4.526415824890137,3.70276141166687,3.8204760551452637,3.3137714862823486,4.510728359222412,4.112667083740234,ukr_dialects
90e65dd1e084fcb2fd9d41a03a510ba1a56701561fc1b9f4f10277a0266ff860,6.22,normalized_best,True,9eb5785631635bcc,clearervoice_sidon_deepfilternet3_wet1,3.8027756214141846,4.389232635498047,3.927645206451416,4.804760932922363,3.7467570304870605,4.748183250427246,4.311892509460449,ukr_dialects
a5c7d697fbbe4149cf8cff39dad43eae0bef891985535d861f9becc921ef6344,5.52,normalized_best,True,d1aaed43c3f470c7,clearervoice_sidon_deepfilternet3_wet1,3.6852283477783203,4.162528038024902,3.620271921157837,4.437836647033691,3.532156229019165,4.489401817321777,4.06400203704834,ukr_dialects
a4a486828309655999cda96818e9bccdf44029419a9da78dd3aeefd9fdf92390,2.931,normalized_best,False,6fe0c19b1687d9fd,clearervoice_sidon_deepfilternet3_wet1,3.3644330501556396,4.18319034576416,3.3596112728118896,4.714430809020996,3.2914795875549316,4.521242141723633,3.986368417739868,ukr_dialects
85c9baec564d3a5fed7ef612a07e9d48164edc5fc1d04ce4748610d2213d91e5,5.82,normalized_best,False,ebbb475ae0b3b99d,clearervoice_sidon_deepfilternet3_wet1,4.491299629211426,3.8227744102478027,3.183394193649292,4.478806972503662,3.4679009914398193,4.590616703033447,3.8628599643707275,ukr_dialects
6934c3ede07f08657a317fe18d932f3b85c60dca0a8dee0d1478fd97f2ffaabe,2.67,normalized_best,False,0b4b8c379f2776ff,clearervoice_sidon_deepfilternet3_wet1,3.099151372909546,4.26019811630249,3.8487868309020996,4.718212127685547,2.8239145278930664,3.9180963039398193,3.4268229007720947,ukr_dialects
66a154480f75854224b3a250dd9267485c97ceb71b65fdd6bc3e283be0c41416,9.84,normalized_best,False,d493e655c444f5ff,clearervoice_sidon_deepfilternet3_wet1,3.1653130054473877,4.448099136352539,2.3878519535064697,4.647102355957031,2.8979344367980957,4.7307233810424805,3.9591658115386963,ukr_dialects
aa1a51f8a33d7ba7e94d3e006ed29091750548e8ab81000e51b8097938dc9e02,4.46,normalized_best,False,ad367fcec6fcb05a,clearervoice_sidon_deepfilternet3_wet1,3.783236265182495,4.263772964477539,3.856905221939087,4.55786657333374,3.487354278564453,4.8425612449646,3.9343643188476562,ukr_dialects
66caf7a6fed46efbcf50eef62a155775dc256f00cf04e0654f0d9db6df8cf564,10.67,normalized_best,False,ac39b8868249abce,normalized_original,4.150720596313477,4.024734020233154,2.525735855102539,4.106888294219971,2.7163848876953125,4.526157855987549,3.24528169631958,ukr_dialects
43b9c89d842712547ce884bff34a84c139e1824add53d0d678b32c2fc828cc74,11.85,normalized_best,False,bc7742c907d24d2f,clearervoice_sidon_deepfilternet3_wet1,3.277596950531006,4.227697372436523,3.7355141639709473,4.179370880126953,3.1689441204071045,4.771245956420898,3.6452431678771973,ukr_dialects
1724d5e1448f6eaceec80e9b15b8651ec727f1a664f0fce1bc695498842de9a4,6.71,normalized_best,False,4d7035ab3ea935bb,clearervoice_sidon_deepfilternet3_wet1,3.5326449871063232,4.0668792724609375,3.748044490814209,4.090940475463867,3.4063236713409424,4.266765117645264,3.7792577743530273,ukr_dialects
ef2c79bdfe64f72448c1afd3104128a1d153aa7341cffc2adc7f9bde15a66551,2.01,normalized_best,False,1dae50f6c705d197,clearervoice_sidon_deepfilternet3_wet1,3.445155620574951,4.162978172302246,3.2549760341644287,4.392946720123291,3.168064832687378,4.72447395324707,3.748417377471924,ukr_dialects
54a44cdbcecae6b3a9a16390d6ae45e0b68acfa1ed8c9de271598f7fc30c9f2d,10.26,normalized_best,False,549386c09d2fcf4a,normalized_original,4.439682483673096,4.329703330993652,2.61629319190979,4.152155876159668,3.041647434234619,4.400806427001953,3.750912666320801,ukr_dialects
fd8a1518f7559c11c9a0b81f2a4f7b0d68ec40eeae652e6640b60485819366ca,1.54,normalized_best,False,0d5acbee36e35f4b,normalized_original,3.1181800365448,3.6014251708984375,3.3511979579925537,3.3777503967285156,2.7730164527893066,4.121057033538818,3.0832700729370117,ukr_dialects
521e0f3f59dde7b0c80c7d447c192b9f65d852a58ad0528b9db7c57572569c70,5.0,normalized_best,False,a6390ea60fa8955f,clearervoice_sidon_deepfilternet3_wet1,3.573174476623535,3.5844640731811523,3.6450090408325195,4.682934761047363,2.8286943435668945,4.2818121910095215,3.2381319999694824,ukr_dialects
db8285ed8011f1f304c3675abb5eacfe0467f02f57057b25b5811816a37d7648,9.97,normalized_best,True,1de226ddd11f1191,clearervoice_sidon_deepfilternet3_wet1,3.763857126235962,4.46445369720459,4.107000827789307,4.609100341796875,3.77101469039917,4.519425392150879,4.223850250244141,ukr_dialects
51a8acc9640e8d84a4d8f4cfc22f73c1fc8eac569bfdd8367391b8a0f23da21e,6.69,normalized_best,False,04413a02ee61f031,clearervoice_sidon_deepfilternet3_wet1,4.0421953201293945,3.863711357116699,3.395792007446289,4.1769795417785645,3.484679698944092,4.538078784942627,4.054376602172852,ukr_dialects
ba557783293ccede7817efcd58ffbd615b8eece469c169a942996b320c66e464,5.73,normalized_best,False,afb0639f8533a96a,normalized_original,4.1527509689331055,4.401317119598389,2.8385462760925293,3.9670252799987793,3.3624258041381836,4.702688217163086,3.8675835132598877,ukr_dialects
87101971bdfde1d68834a2235317a73fd06a674bc167fc9f52fd568344bc3307,9.28,normalized_best,False,7265b848bca4d28e,clearervoice_sidon_deepfilternet3_wet1,4.079222202301025,4.438995361328125,3.67588210105896,4.241138458251953,3.346590518951416,4.932333469390869,3.657170295715332,ukr_dialects
3891138d6526096b66883d590c6a274a7ba963f2789f1d30ca757ca10be4369b,19.830041666666666,normalized_best,False,2890141f6247d55f,normalized_original,4.511005401611328,4.552946090698242,2.819765567779541,4.440991401672363,3.2225263118743896,4.976656913757324,3.549687623977661,ukr_dialects
aff5bc5cbc2a9539646a8cfbede72ccd976f80243c0c806002323c94776a3f15,7.45,normalized_best,False,a95bca27330ef230,clearervoice_sidon_deepfilternet3_wet1,3.7974307537078857,4.240518569946289,3.81811261177063,4.479884624481201,3.379979133605957,4.708807945251465,3.8814847469329834,ukr_dialects
8aad64fc659316f52f59f56aede16b755077b33072dff989f6840600e18168b4,5.33,normalized_best,False,858792926bd04b40,clearervoice_sidon_deepfilternet3_wet1,4.1245222091674805,4.674566745758057,3.676743507385254,4.358839988708496,3.3434019088745117,4.362632751464844,3.8939855098724365,ukr_dialects
821fd3383fae18d60bc92a3a2ca386a55075b86a2b2e9c832c16ba1d66b49d0b,5.43,normalized_best,True,34298b8fbc78f285,clearervoice_sidon_deepfilternet3_wet1,3.9034340381622314,3.9005353450775146,4.037106513977051,4.49840784072876,3.737212896347046,4.849644660949707,4.0731096267700195,ukr_dialects
b53adbaed3d6b9304408c0b47342a54e0bf90f071c5c4180dc35668a2d139857,3.03,normalized_best,False,5a9e8cef3dac3395,clearervoice_sidon_deepfilternet3_wet1,3.487161159515381,4.1049580574035645,4.204397201538086,3.853473663330078,2.9970338344573975,4.154253959655762,3.4514412879943848,ukr_dialects
150f023feaff7d20d1e1a2a8054ba41038cb86383518d8dbd9b4c4d1c0f2ba00,10.99,normalized_best,False,b9787bd603a6f2a2,normalized_original,2.9562361240386963,4.855320930480957,3.3275060653686523,4.390094757080078,3.1393723487854004,4.32819128036499,3.96305251121521,ukr_dialects
424c9865b0de9e5ea9ac5439abf34b93d840a1e5e8df0fd3803474d6ac3d6f27,1.67,brute_force,False,bd744dfcb13a4bc3,normalized_original,4.015464782714844,4.416047096252441,3.84541916847229,4.299796104431152,3.0334150791168213,3.5534255504608154,3.246866226196289,common_voice_available_uk
b8a7d74f5afc1ac7bbfb6f33f5d7d736d4da6c2d87d08d5ac08c044fdc1afb95,3.38,brute_force,False,3629efade9dc9d0e,clearervoice_sidon_deepfilternet3_wet1,3.30804181098938,3.8285059928894043,3.492710590362549,4.18364953994751,3.10941481590271,3.894043207168579,3.7630374431610107,common_voice_available_uk
a38b37958975593497db8ec6c090d0c3ece55a83c7e28202094d16d8f5abfd4f,1.8,brute_force,True,84647c0a102141c6,sidon_wet1,3.7772340774536133,4.359654426574707,3.745920181274414,4.525197982788086,3.637834072113037,4.737602233886719,3.9235057830810547,common_voice_available_uk
0c9fb4e97a65d26549d9df722228fcb66d31fa74dba91ee7c1b263c668947f16,4.21,brute_force,True,6c03301a3071c15b,sidon_wet0.5,3.224731206893921,4.560595512390137,4.3255615234375,4.191370964050293,3.678262710571289,4.907618522644043,4.133053779602051,common_voice_available_uk
2bde973e6bfcfe605a675d2ec9a18dbeee2a0beec0a5797dddb3f17663ebac83,2.53,brute_force,False,cbfd56eb3da1a4e8,sidon_wet1,3.894865036010742,4.270776748657227,4.389187812805176,4.027300834655762,3.2792906761169434,3.861522674560547,3.903348684310913,common_voice_available_uk
8dd04c65f8ff1fb891cac0fdd55a5d6afe9a535c64d58b9eeb6ea7d24ec228cf,3.87,brute_force,False,24ec86e44425eb2e,clearervoice_sidon_deepfilternet3_wet1,3.3640151023864746,3.7000105381011963,3.680424690246582,4.06627082824707,3.0207810401916504,4.123307228088379,3.483210563659668,common_voice_available_uk
6b13703955d27047b9bd94fd1666ec79f033ed8b682ee54b0b5d8ed3c41eb26a,3.94,brute_force,False,0135d9e7c341b143,deepfilternet3_peakminus3_wet0.75,3.3342978954315186,4.093713283538818,3.3287150859832764,4.57952880859375,3.1455540657043457,4.4797868728637695,3.489219903945923,common_voice_available_uk
22b6aa0f9e36ee91c7a299d2d93e10d8f19644a2ae19042c5f0dc6fd9e0ba479,5.14,brute_force,False,6a5bd47b2ed86885,sidon_wet1,3.536659002304077,4.457342147827148,3.778430700302124,4.676854133605957,3.191230535507202,4.325172424316406,3.6964995861053467,common_voice_available_uk
8d1e711eed63b03e5cc1b7e003ad82363f15a167aed319ad271f5b39c24b0242,1.31,brute_force,True,4ecfb59c39b134fc,sidon_wet1,3.7120211124420166,4.508720874786377,3.5520079135894775,4.499721527099609,3.7527124881744385,4.637107849121094,4.196585655212402,common_voice_available_uk
e4d6479a3e82e05da17658b2c69024f1ee573994697a189aa685bb70687a3e32,2.68,brute_force,False,5133ff96c7655a6a,clearervoice_sidon_deepfilternet3_wet1,2.7484970092773438,4.034102439880371,3.988858461380005,4.206425666809082,3.154012441635132,4.0211710929870605,3.581695318222046,common_voice_available_uk
18a54a5faf44bfa7692e702a3892ce67b458d0e98505bd921a211eae85f06eb5,2.47,brute_force,True,8533ec104c4a8f77,legacy_cascade,3.4201934337615967,4.436844825744629,4.315264701843262,4.484238147735596,3.7869114875793457,4.420408248901367,4.181170463562012,common_voice_available_uk
24b2aba5b8cfc1da970060ea162d1a5dae532a3816a7f26b7fc95138c48c646b,5.59,brute_force,False,5d364a6c2903e148,deepfilternet3_wet1,3.3851025104522705,3.8865513801574707,4.014567852020264,4.002352237701416,3.434480905532837,4.213854789733887,3.932922840118408,common_voice_available_uk
43c0632395d2289b8f4dbf6d4131ba00d8887b0653bbdfbe8a62d3894dd136e5,2.75,brute_force,False,38fd6a3a807cdb79,clearervoice_sidon_wet1,3.852590799331665,3.7307374477386475,4.056841850280762,4.018349647521973,3.3233373165130615,4.511172294616699,3.8548781871795654,common_voice_available_uk
0ff24b66e7af3582bf615deb8ca31dd5cbc89ad48431722b3e897b06d4106a01,4.08,brute_force,False,ca34ec7922ab8b2d,deepfilternet3_peakminus3_wet1,4.220797061920166,4.1313796043396,4.194045066833496,4.238290309906006,3.1261980533599854,3.1138017177581787,3.2894394397735596,common_voice_available_uk
518ececac4f841a90bfb2d3a383513fbf26025d84840abfff6e27afa567a2853,5.49,brute_force,True,ab0e038430cc081c,normalized_original,4.089123725891113,4.407925605773926,4.2879638671875,4.185765266418457,3.684720277786255,4.632007598876953,3.99360728263855,common_voice_available_uk
2ec2ac748a7c84b413434fe62924927f3ea8d9fe6356da3441192e92fbde972c,5.300041666666667,brute_force,True,ff90f1ed5503526e,clearervoice_wet0.5,3.558741569519043,4.373872756958008,4.181751728057861,4.224739074707031,3.521577835083008,4.315512657165527,4.054278373718262,common_voice_available_uk
23d82e14e647c4fd62c258e1b01f7eee6308eab966c42bbde9938da3c6973707,5.0,brute_force,True,7473140318a74b25,deepfilternet3_wet1,3.936457395553589,4.263670921325684,4.136133193969727,4.086119651794434,3.5393307209014893,4.146642684936523,3.8136558532714844,common_voice_available_uk
ec05ee912d6188f3741ae0328f3576b5553a81dea06adb0a5a32f96a697cabbf,2.58,brute_force,False,41d4e2df38c4b189,deepfilternet3_peakminus3_wet1,3.1253561973571777,3.9346039295196533,3.8333449363708496,4.100120544433594,3.1076607704162598,4.525099277496338,3.6789824962615967,common_voice_available_uk
57c95718214f92a7bda1fbdc23450e39966f842549c10febd5c39e85f4153cf6,1.3900833333333333,brute_force,True,c3f9be4f84d2b726,sidon_wet1,3.894663095474243,4.155059337615967,3.5307934284210205,4.351498603820801,3.552238702774048,4.567004203796387,3.9315621852874756,common_voice_available_uk
33ab9a693284a3ea364eb2a57ef22fd49dd06ca9071cd918fad8b84e7bf0f0b5,3.36,brute_force,False,b09fe4f7cea768ec,clearervoice_sidon_deepfilternet3_wet1,3.782268524169922,4.037653923034668,3.9066359996795654,4.661892414093018,3.216064691543579,4.531735897064209,3.814528703689575,common_voice_available_uk
1c82b8dd9884885a89008ab8cc0bfa1afc5a4ca665e67e415687fc635c0b23ea,3.97,brute_force,False,eb9c7a9c0d8f73a4,clearervoice_sidon_deepfilternet3_wet1,3.924119710922241,3.84476900100708,3.4958276748657227,4.387398719787598,3.280041217803955,4.218850135803223,3.927583932876587,common_voice_available_uk
0518bac6e8de112ede4506d18571604dec1275f6d1fc0336f2dd4d8a6e6251a8,2.77,brute_force,False,1301ea43d77db291,deepfilternet3_peakminus3_wet0.75,3.363421678543091,4.564711093902588,4.267056941986084,4.533601760864258,3.285160779953003,4.128936290740967,3.4677793979644775,common_voice_available_uk
f452a6f7fde7010e92a6e5e5b4f2d250f964819b4b82f3d971ad6c2955c86dc9,8.030041666666667,brute_force,True,64d83204af96c39b,deepfilternet3_peakminus3_wet1,4.0228986740112305,3.970644950866699,3.9544692039489746,4.552840232849121,3.878774642944336,4.640746116638184,4.276696681976318,common_voice_available_uk
0d71d138762a28250364b3ab0317d0aecf42f6208856345b5111466877295972,1.59,brute_force,False,9674a4979706a3df,sidon_wet0.5,3.9075658321380615,4.69890832901001,4.203017711639404,3.4428515434265137,3.3223772048950195,3.6710922718048096,3.8122901916503906,common_voice_available_uk
6948442a6e21d600d4786eb4851a848b05ca0f535a833f433c14df095e17def1,3.1,brute_force,False,bf550da08426634d,clearervoice_sidon_deepfilternet3_wet1,3.5168569087982178,4.108384132385254,4.4152021408081055,4.249115943908691,3.486170530319214,4.4736809730529785,3.867293119430542,common_voice_available_uk
05a0240da12588d8373d3a0f1d974f03955d7c152fae2f732a2cc82656e8c80a,3.5,brute_force,False,578ab3ffd0615d7f,clearervoice_sidon_deepfilternet3_wet1,3.468137741088867,4.174225807189941,3.772409677505493,4.553496360778809,3.0140817165374756,4.242508888244629,3.4893622398376465,common_voice_available_uk
a7e3a1d76fb7d57562bf264e8e98de108eefba2ac966c1f1bf4b7dc608aee2fa,3.72,brute_force,False,3c96bcbce614c65c,clearervoice_sidon_deepfilternet3_wet0.5,3.1286468505859375,3.405156135559082,4.60889196395874,3.2058265209198,2.9289374351501465,4.205587387084961,3.307731866836548,common_voice_available_uk
8475a3ee53abfea0ed5158e15fdbac495f06f83a98c4687a1a7a8ca42cba9b02,2.38,brute_force,False,0fe8215e64d6622c,sidon_wet1,3.8362860679626465,4.232830047607422,3.854444742202759,3.9753568172454834,3.125633955001831,4.742377281188965,3.527888059616089,common_voice_available_uk
aa1beb73e7d438fe7371c7e6275007c292b28d10115c4ee750c607c0b8b9b562,1.5600833333333333,brute_force,False,cf94736feb4a459c,clearervoice_sidon_deepfilternet3_wet1,3.627748727798462,4.15466833114624,3.676863431930542,4.334431171417236,3.3034322261810303,4.225372314453125,3.8225226402282715,common_voice_available_uk
d57e88d35fdfdb0e15e5d8f028619fd2c3a3c2e273978327f87ac21782696661,3.54,brute_force,False,1f1d91b9f7e3fe0a,clearervoice_sidon_deepfilternet3_wet1,2.738830089569092,4.201602458953857,3.523439645767212,4.4017181396484375,2.856764793395996,4.4516119956970215,3.4179883003234863,common_voice_available_uk
27d513421ed1760438cb17e70f6bc1da0ae2b6fde12f1400cd3ab80fd0ca81cf,4.67,brute_force,False,982c1557c707c37b,deepfilternet3_wet1,3.631638526916504,4.742629051208496,3.6040282249450684,4.426932334899902,3.1247365474700928,3.6495978832244873,3.5390543937683105,common_voice_available_uk
3075465993dcdb5de36fe1b45f937cf82f487252c14b649a198a48138e5246cc,3.930041666666667,brute_force,False,3c57bf263f27ea98,deepfilternet3_peakminus3_wet1,3.4096014499664307,3.8003833293914795,3.7945315837860107,4.086117744445801,3.0101394653320312,4.5736494064331055,3.331306219100952,common_voice_available_uk
0f1b43ca8a45ef4d834f3622daf4bae41de2be448a0aefd8f2b49da533dd07ed,4.59,brute_force,False,223134094e8e5ab0,legacy_cascade,3.633739471435547,3.9357082843780518,3.764162302017212,4.358992576599121,3.3078553676605225,4.101755142211914,3.8640100955963135,common_voice_available_uk
d1e6ff5ac023517951f2e4460463a09db40f7eea130406e1c159ef1527cdbc09,7.9,brute_force,False,52add74227b0d21d,sidon_wet1,3.3277370929718018,3.838843584060669,4.275693893432617,4.7116169929504395,3.2223734855651855,4.782658100128174,3.6600396633148193,common_voice_available_uk
3ed51772cd86ed87166c56561acc1dc96896756f2a275c213054bd97c1cfed90,4.09,brute_force,False,94a9ab653ca83902,sidon_wet1,3.7385506629943848,4.426436901092529,4.02532958984375,4.30546760559082,3.4514236450195312,4.788119316101074,3.856332778930664,common_voice_available_uk
5c93c9696fc0f41fba6490c6e1572f347647ce64596a14b41a8d035d24bbe0c1,1.88,brute_force,False,fc6ff47c2e709833,sidon_wet1,2.7563180923461914,4.501730918884277,3.3201074600219727,4.152873992919922,3.296504020690918,4.635647773742676,3.9360716342926025,common_voice_available_uk
1684e311ddb4e7f30c69ddf0e22dd17ba9fa5c0354685da105a7081c4ab9edbc,3.18,brute_force,False,347243982690b318,clearervoice_sidon_wet1,3.092381477355957,4.525973320007324,3.7523152828216553,4.738375663757324,2.9269931316375732,4.447902679443359,3.298414945602417,common_voice_available_uk
75aa91cc4b4864760dc1207a5bedcb2c8db684ebf038af75283690ed80505893,6.11,brute_force,False,d8e32e33e5c1df29,legacy_cascade,3.3413314819335938,3.7580580711364746,4.050625801086426,4.270617485046387,3.1698946952819824,4.556432723999023,3.7394676208496094,common_voice_available_uk
a6cd95c9aa0d4d1ad33894c6e053471f0e104574febbaf11d43e05e532b1af8a,6.2,brute_force,False,a6c984dd79145032,clearervoice_sidon_deepfilternet3_wet1,3.1613571643829346,3.8900146484375,4.161623954772949,4.053786277770996,3.129870891571045,4.092808723449707,3.764711618423462,common_voice_available_uk
0e2252baa70b3a2ed89c9055ec5aef785968b98dad90b31853813c26666dceae,3.91,brute_force,False,7670a5b617e193e2,legacy_cascade,3.631727933883667,4.123091697692871,3.984480142593384,4.589605808258057,3.172520875930786,4.4224066734313965,3.5631158351898193,common_voice_available_uk
1c7f1a17739eb0d935ddebbc800ebf2b816f521f4581b194790721018e8b6df1,2.9000416666666666,brute_force,False,5079e636f7eeb344,clearervoice_sidon_deepfilternet3_wet1,3.116018056869507,3.7750911712646484,3.5964698791503906,4.478302478790283,3.080535888671875,4.264666557312012,3.600696086883545,common_voice_available_uk
15ec7ef9bb36a398f9084981c090f060ac2b381d98c4518cf79b84c74843504e,5.13,brute_force,False,b48e8f5f23dbf821,deepfilternet3_wet1,4.037897109985352,3.7715933322906494,3.3031671047210693,4.035227298736572,3.2179043292999268,3.6272430419921875,3.6542775630950928,common_voice_available_uk
11eb0a473f14bf24dca48434a42a92d2a8859b5e1f41b3c7e61fc9795a84a8db,3.0100416666666665,brute_force,False,49b0c44ecf616df0,legacy_cascade,3.335549831390381,4.073956489562988,3.6661834716796875,4.8292317390441895,3.209855079650879,3.9089925289154053,3.684490203857422,common_voice_available_uk
95dd80cbb4b0a785cf2e78f73f226b383619e6094ecc83a71b4a4813d91c942a,3.68,brute_force,True,2543d525814a0e4d,clearervoice_sidon_wet1,3.2719666957855225,4.059372901916504,3.991446018218994,4.154970645904541,3.9579195976257324,4.859466552734375,4.457247734069824,common_voice_available_uk
3a8224cc4052c431d6dc505250aeb4f964da5532747cc15c64a42cd94c41e71d,3.29,brute_force,False,459224798aad52a0,deepfilternet3_wet1,3.5669193267822266,4.443281173706055,4.185931205749512,4.390728950500488,3.3052852153778076,3.856231451034546,3.597111940383911,common_voice_available_uk
16a52f29cbde0da7d1dcbfabb163a3cd2ddee8cdeb6a7e9cd17f2ea90e41da42,2.41,brute_force,False,1f390e8837ce18f9,legacy_cascade,3.3492770195007324,3.535165548324585,4.148647308349609,4.584670066833496,2.957257032394409,4.550732135772705,3.4772396087646484,common_voice_available_uk
cff1b2709f44dcccde9eb1aa37a0f2033ff60f887a1b30a47771d964ac70dfac,4.15,brute_force,False,183485db68701b82,clearervoice_sidon_deepfilternet3_wet1,3.580840826034546,3.852297782897949,3.8517584800720215,3.7745869159698486,3.121757984161377,4.32708740234375,3.8408923149108887,common_voice_available_uk
d5e1410fc1589c0f66c138ab421fb1cf776b0b9da607a4a76b5e7ec4df7c71b1,3.36,brute_force,False,f83a422bcce4495a,clearervoice_sidon_deepfilternet3_wet1,3.2646422386169434,4.59545373916626,3.6402201652526855,4.478207111358643,3.456523895263672,4.499117374420166,3.9644744396209717,common_voice_available_uk
dc2711a2f3b284dbc5114d9a9814442eb4304cfd022c3cf7cde9c60ca37254f8,3.83,brute_force,False,698677149661b1af,legacy_cascade,3.4141552448272705,4.309569835662842,3.8249597549438477,4.390860557556152,3.3341310024261475,4.350825786590576,3.7129898071289062,common_voice_available_uk
52b8a8f5384cef002bc387cec9e3301bebda6a6b6cea08c102fc5df881192bea,3.97,brute_force,False,a216b947907cd6e3,legacy_cascade,3.600691795349121,3.804778575897217,3.5214943885803223,4.18709135055542,3.0599844455718994,4.040957450866699,3.515568256378174,common_voice_available_uk
dd1e993c6b38d28461a9d00482690b68a07cf4305259aad87a24a99b74c9a0f0,5.44,brute_force,True,1958758f315c6fed,clearervoice_sidon_deepfilternet3_wet1,3.189265727996826,4.144794464111328,4.646994590759277,4.749129295349121,3.520721435546875,4.433231353759766,4.198541641235352,common_voice_available_uk
833d4df5826f7e4a006e99dda95e65a29e2cbd83b6c48fd3dfd450971aff8fdc,2.81,brute_force,False,fbb09073bf2bc113,sidon_wet0.5,3.4235918521881104,4.073281288146973,4.177487373352051,3.862823009490967,3.392303705215454,4.3891496658325195,3.9818222522735596,common_voice_available_uk
346ba398e995a01d22a06dc0a2f787610c9e3da5e78ca14a357af0953ac97d9c,3.59,brute_force,True,8642f3af30e2913b,clearervoice_sidon_deepfilternet3_wet1,3.5116994380950928,4.40174674987793,3.739814519882202,4.236466407775879,3.58233904838562,4.506920337677002,4.101736068725586,common_voice_available_uk
1f0b4ef72cffa171a4d929b96ac79feaa366c872d913d87fa84c2aedbfe02a84,2.31,brute_force,False,e140008b97e6c254,clearervoice_sidon_wet1,3.329136848449707,3.4317522048950195,3.8687474727630615,4.746031761169434,3.2012341022491455,4.41038703918457,3.4321177005767822,common_voice_available_uk
9fafa08cfbed5d363a291c669cf81df96ed4a9e4195d08d4c0916e28a0983803,1.82,brute_force,False,7e7f6a0e8e4dcbb7,legacy_cascade,3.011029005050659,4.5174760818481445,3.9870216846466064,4.3205766677856445,3.137148380279541,3.5565757751464844,3.5624115467071533,common_voice_available_uk
7dcc06facc07a158be7fd86b8794c1f9aed354b3e72d339f86fc0bd37eb046fa,4.39,brute_force,False,3e1b6ee9cf5311cb,clearervoice_wet1,3.688499689102173,4.515077590942383,3.7131285667419434,3.704859972000122,3.284707546234131,3.987593650817871,3.785822629928589,common_voice_available_uk
4c60ff7fc6af559770c41b32aaf8494d2d78c312d070aff7a21d626e781118db,2.32,brute_force,False,d6416741c85c4c37,legacy_cascade,3.976470947265625,4.0689592361450195,3.035933494567871,4.333987712860107,3.2493929862976074,4.379648208618164,3.6661977767944336,common_voice_available_uk
81854f5ffdab59f4105e62696422ed20de5ebd17a15554c3e0b6f513a98da40e,2.39,brute_force,False,2604105ea068dbc6,deepfilternet3_peakminus3_wet0.75,3.788571834564209,3.127715587615967,3.66456937789917,4.343912601470947,3.170095682144165,4.81666898727417,3.610893726348877,common_voice_available_uk
9b1da17a323c042330b0ddfbbce36c1394fc8887407342d914bbda969bc948f6,2.17,brute_force,False,936349caad0d2f31,sidon_wet0.5,3.514596700668335,4.307960033416748,4.032309055328369,3.994103193283081,3.118692398071289,4.456429481506348,3.589005708694458,common_voice_available_uk
b3f1454a09b327cdff306f7f03039e0b4d01c4bc02f2534caef803bac5609be4,2.14,brute_force,False,c5ba9a29d9559e4e,sidon_wet1,3.419255256652832,4.083841323852539,2.6223511695861816,4.634581565856934,3.3142240047454834,3.9052951335906982,3.9360244274139404,common_voice_available_uk
5351994ad759027bc1f9d319f56c9510e206221f8ed15e79b7466f84b0359b50,3.1500416666666666,brute_force,True,92cf71770b640932,clearervoice_sidon_wet1,3.7807464599609375,4.087186336517334,3.4878756999969482,4.235154151916504,3.5134615898132324,4.386578559875488,4.324924945831299,common_voice_available_uk
15109ecb0f0d1a21c4e27fef98dc8a3bc97bdcffb250b3b483028c2f0fb92898,1.9400416666666667,brute_force,False,ee243b80f8d270bc,clearervoice_sidon_deepfilternet3_wet0.5,3.512268543243408,4.518354415893555,3.31852650642395,3.594886302947998,3.0214552879333496,4.247734069824219,3.5941824913024902,common_voice_available_uk
efbd000eea6c96332cc1d3b1fe9b9b9ef6fb4c61147e25a456b5a983fa312e86,2.27,brute_force,False,e65825d92c96e85c,clearervoice_sidon_wet0.5,3.1691572666168213,4.890801429748535,4.12128210067749,4.538666725158691,3.374244213104248,4.418244361877441,3.9378316402435303,common_voice_available_uk
0f547e4d1f175209d7d656d4c8f4062e989786a7f621c49ddfdca5825e632701,3.33,brute_force,False,9d8a687bbf269efe,clearervoice_sidon_deepfilternet3_wet1,4.232383728027344,4.106518745422363,3.1090261936187744,4.214970588684082,3.459122657775879,4.56425666809082,3.9778940677642822,common_voice_available_uk
14254060410ee072b5715ac3127aeb6f5eb0bcac33d4239dd8e482a3d7546c2c,3.5500416666666665,brute_force,False,09f874e3e1198079,legacy_cascade,3.731569290161133,4.537878513336182,3.4278175830841064,4.374298095703125,3.3629183769226074,4.47369384765625,4.08786678314209,common_voice_available_uk
d383a80647f624b7304ac18176266a6d522b41ef7651d5199c9c701aa5cf91b2,4.55,brute_force,False,7dbdb0f73921e411,sidon_wet1,3.512390375137329,3.9146769046783447,3.459155797958374,4.623030662536621,2.9853765964508057,4.146961688995361,3.713245391845703,common_voice_available_uk
34ae08d93afaf49a755a52f979d678daeebc9e8eabe7d25a212380b68d97ed9b,3.64,brute_force,False,e073bf83b39678d8,deepfilternet3_wet1,3.403080463409424,3.851938486099243,3.4811487197875977,4.291806221008301,2.9349024295806885,4.710366249084473,3.246029853820801,common_voice_available_uk
1d92b47e58477d7e80410cc651cdddf25f55ac36f43f3b372f596b4daffc2de5,2.12,brute_force,False,4b22ce3678eb514b,sidon_wet1,3.3303885459899902,3.5287787914276123,4.231884479522705,4.341934680938721,3.021306037902832,4.772905349731445,3.4525623321533203,common_voice_available_uk
64c4279ddede7e23a63b31a028772d20b597f2e0689e05e8f38baffa4a2b85c4,3.12,brute_force,False,de07ff82ae6c5dc2,legacy_cascade,3.464686632156372,3.9841196537017822,4.393768310546875,4.33367919921875,3.382768392562866,4.040475845336914,3.787752151489258,common_voice_available_uk
0fe3c58e1933bbb9c468126e64bf2993cf0e708b79024922271a6ea8ceba2a64,2.180083333333333,brute_force,False,f6c698e842cbe8fb,legacy_cascade,2.942415714263916,3.5749661922454834,3.891202688217163,4.323236465454102,3.01578426361084,4.1385602951049805,3.507138729095459,common_voice_available_uk
f8878b66673edd83d40f541efc922e3465eba6ab01910ce61c10dda85902bdc0,3.51,brute_force,True,738b587122caeb66,clearervoice_wet0.75,4.645770072937012,4.884425163269043,3.428560733795166,4.615396022796631,3.6001827716827393,4.717334270477295,4.309787750244141,common_voice_available_uk
f731b50d4dda5fc0de5a00e48e7e15c472e2bf10bb55705761d344cf8c486c43,4.13,brute_force,False,a540167ea41f6956,deepfilternet3_wet1,3.3981642723083496,3.707641124725342,3.793466806411743,3.8155953884124756,3.3611221313476562,3.803302526473999,3.9893417358398438,common_voice_available_uk
593a741d1ded210e586f77a3262e33145031007a690ae6017042ff942fff005c,2.4,brute_force,False,04ebfca283f7b979,sidon_wet1,3.722813367843628,4.023153305053711,3.465639591217041,4.395912170410156,3.3173036575317383,4.812378883361816,3.748175859451294,common_voice_available_uk
10981fec2c6be1e5f3a5f396e2e0fe0295a398e2820461459ca520775bead12d,1.5300416666666667,brute_force,False,8600fde5ece1e1ce,clearervoice_wet0.75,3.272404909133911,3.9044392108917236,3.386730432510376,3.472710609436035,2.6719517707824707,3.7778501510620117,2.9744198322296143,common_voice_available_uk
8687bed4f7633455f85db1cda69a24b13054df2af7f689c6ad8a8c7a79077ae2,2.95,brute_force,True,a2bc03280fea1efd,sidon_wet1,3.2133564949035645,4.795153617858887,3.9335789680480957,4.624958515167236,3.777906894683838,4.893538475036621,4.10529899597168,common_voice_available_uk
295cb5362f0f172b3baf648fb7340634ca7106fad9656cd31947ee8f12652888,3.84,brute_force,False,190cf023178e4b18,clearervoice_sidon_wet1,3.045175790786743,4.514277935028076,3.9726974964141846,3.8862695693969727,3.086911678314209,4.336334228515625,3.4937562942504883,common_voice_available_uk
45bdda995dc15eecb8ef5ef571c7988b78b5332d687efa2aadd5eb3464bee9a4,4.89,brute_force,True,f2bf7d3764df7fd5,normalized_original,4.2324724197387695,4.527246475219727,4.435500144958496,4.322239398956299,3.751427173614502,4.728808403015137,4.094808578491211,common_voice_available_uk
d7cb3128ec326ada7e2c4430f268ce99d894884183d2eea090d2a59c409cada2,2.09,brute_force,False,ff34d3911b4d2db0,legacy_cascade,2.9164836406707764,3.6721034049987793,3.2171688079833984,3.9892024993896484,2.5321266651153564,4.332354545593262,3.4720611572265625,common_voice_available_uk
6dc1cd26e6cca01b56030549ba00dc597d205e6fad003c725324eec2c9e912a1,4.38,brute_force,True,e27c556ac0c8b09a,normalized_original,3.7898504734039307,4.822941780090332,3.839226245880127,4.397570610046387,3.5953619480133057,3.7883694171905518,4.122530460357666,common_voice_available_uk
c5542cba49c6a6ae08b93ce51af11035d10e062ea3035678b5efc1d0ccb657fc,4.16,brute_force,False,3259a8bb7087bd10,clearervoice_sidon_deepfilternet3_wet0.5,2.7698147296905518,3.8503682613372803,4.109373092651367,3.2396745681762695,2.9982943534851074,4.124908447265625,3.475215196609497,common_voice_available_uk
23688af328a730c4490ef72acd5658f6b3f5319cab267540a9353d4686d389ba,4.08,brute_force,False,a8f8f18e9e73e8b1,deepfilternet3_peakminus3_wet0.75,3.0839338302612305,4.521660804748535,3.2144830226898193,4.063128471374512,3.3617165088653564,4.158491134643555,3.8812448978424072,common_voice_available_uk
9b2ecdaa99ad648bf307394f4c7c347ec622262e5db2878a400aafad9d349e51,2.86,brute_force,False,cf62baa6bea3511c,clearervoice_sidon_deepfilternet3_wet1,3.2194552421569824,3.745251178741455,3.8681628704071045,4.38875150680542,3.1169915199279785,4.376156330108643,3.8147213459014893,common_voice_available_uk
060723d847a941aa49bffd72ea549fafeac952318d1b4da0dad00b9cc90bffbc,4.69,brute_force,False,24a43c098e24f6d3,legacy_cascade,3.292125701904297,3.714284658432007,3.700364351272583,4.03269100189209,3.0381386280059814,4.529979705810547,3.815052032470703,common_voice_available_uk
7f32184f5ccd4c66bd3f49abb71b8b5f9b43353a0015d251766603771844aa2a,4.3,brute_force,True,ab87cc7022597587,clearervoice_sidon_deepfilternet3_wet0.5,4.308065414428711,4.0628275871276855,3.638021230697632,4.614964485168457,3.734065532684326,4.291865825653076,4.359511375427246,common_voice_available_uk
0375be323745c45b002ab50fe0c7535899b189e7b4627285cfaac9f6cdf2f0b9,2.75,brute_force,False,2bd6ff5c75a47b3c,deepfilternet3_peakminus3_wet1,2.9139676094055176,4.0963335037231445,4.118382453918457,4.066131591796875,2.9383482933044434,3.30387020111084,3.318849563598633,common_voice_available_uk
43f280cbcda89ff1ffc125ba7749bba4c6914338f223724914f1b3073da8b551,6.12,brute_force,False,25e5c2a8d846a852,legacy_cascade,3.0929007530212402,3.8255209922790527,3.6294236183166504,3.804511308670044,3.0644335746765137,4.224002838134766,3.45125412940979,common_voice_available_uk
498edbd787ffa2219ec799880454ffe871bc80a39b4f5493e41899dc0b83da0d,2.24,brute_force,False,418a9b5fbccf4410,deepfilternet3_wet1,2.948638916015625,3.889742136001587,4.325039863586426,3.6382055282592773,3.074704170227051,3.569715738296509,3.2716479301452637,common_voice_available_uk
1699d4b44d072e03e51fe6087d76cb8d6d49a35d43a1416e752f623ace8d403a,3.19,brute_force,False,ac78771565774557,legacy_cascade,3.2146565914154053,4.648386478424072,4.208172798156738,4.153749465942383,3.0598440170288086,4.16023063659668,3.141888380050659,common_voice_available_uk
bc1e683771cb33380482751227b46fe75f63073eb59e0b6276dfc912abf6a548,2.93,brute_force,False,248a9b242b97ecd0,clearervoice_sidon_deepfilternet3_wet1,3.5593314170837402,4.070441246032715,3.088573455810547,4.373716354370117,3.2270405292510986,4.083674907684326,3.6761717796325684,common_voice_available_uk
8e3f88b166b3cbaf7511607d433a5c319f8bbf73e67bdd7b2f0b0b11c19e0f94,2.48,brute_force,False,9de8e4748ff30aa1,sidon_wet0.5,3.6992104053497314,3.686350107192993,3.7462003231048584,4.161155700683594,3.376269578933716,4.54184103012085,3.826864719390869,common_voice_available_uk
f9a7c3f8aa6bf3305c8711b4f55b52b2d0715b3a1e440859b66af2fde212adf1,3.74,brute_force,False,0ea058639601775d,clearervoice_sidon_deepfilternet3_wet1,4.070882320404053,4.133992671966553,4.029705047607422,4.150173187255859,3.458653688430786,4.619892597198486,4.029499053955078,common_voice_available_uk
870f68eebffc9febc54ec5891d2e64ed28d41ca682e8e7d5f00cd5ee72a659a0,2.89,brute_force,False,8ff70b5855192e81,deepfilternet3_wet1,3.4151244163513184,4.412436008453369,3.3266208171844482,4.4589362144470215,3.178269624710083,3.9799752235412598,3.551076889038086,common_voice_available_uk
9ccf00b514e7a1698d626ec860b63f1190e5fb9f4e454b6b385f8c1c9ba08a5a,2.4600416666666667,brute_force,False,97b30e2faa6675a7,clearervoice_sidon_wet1,3.4296069145202637,3.9443085193634033,3.950888156890869,4.1872758865356445,3.3225865364074707,3.9894635677337646,3.7335243225097656,common_voice_available_uk
08a98a94c55e2ca63f5f8b9c8d438ac9fa9690ecaa812ced0b93709729616845,2.15,brute_force,False,7b859444522a56d6,legacy_cascade,4.00895881652832,3.253117561340332,3.8296282291412354,4.43666934967041,3.153790235519409,4.482105255126953,3.6009714603424072,common_voice_available_uk
edb5991f403f0e2b706638500b2e9fbdff7034395fa6c479c4e7ce59a7541cdd,1.98,brute_force,False,67984f788bbcdd8d,deepfilternet3_wet1,2.805436849594116,4.384122371673584,3.701575994491577,4.17039680480957,3.2223637104034424,3.263446569442749,3.7364656925201416,common_voice_available_uk
7111e5c76f1738f6c29888257d5d45cc8348fc82528bd67d4e4438035355e17d,3.76,brute_force,True,16ae0891ea877b7e,clearervoice_sidon_deepfilternet3_wet0.5,3.7972936630249023,4.012451171875,4.093894004821777,4.041077613830566,3.5346667766571045,4.006723403930664,4.061595916748047,common_voice_available_uk
ee89d66a18f856e790b42ae9e0c9756599ed602ea915e42ac2fb38da98ed4075,5.35,brute_force,True,0f729ca38c51f5da,clearervoice_sidon_wet0.5,3.878565549850464,3.886826753616333,3.667069911956787,4.4377121925354,3.565676689147949,3.985253095626831,3.994102954864502,common_voice_available_uk
12cc5580fc542455db0c5d909ba29f3bdadc17d3a59196be6c5a0410e80b57ee,3.98,brute_force,True,e5e3dcf80a7a02be,clearervoice_sidon_wet0.5,4.247649192810059,4.022721290588379,4.336358070373535,4.147133827209473,3.819763660430908,4.614368438720703,4.136281967163086,common_voice_available_uk
71cebfaa0993617d9d86bdf7f09665e08705ab02e145836283c23ca8c2f659da,3.51,brute_force,False,911fb24b28518351,sidon_wet0.5,3.5002601146698,3.8670859336853027,3.826096773147583,4.235278129577637,3.323341131210327,4.472352504730225,3.657233715057373,common_voice_available_uk
4c89f79a4b55fa07dc0f7b30d880513fc2635a3b2bfe8846b657a926ab812f98,2.46,brute_force,True,844aa12bcd11ccdb,deepfilternet3_peakminus3_wet1,4.158576011657715,4.6317138671875,3.160301923751831,4.597227573394775,3.824951410293579,4.441987991333008,4.182696342468262,common_voice_available_uk
5e607c41cfa7e89440a59ef1a36c5f6c42c0288966eedacd88e0aa0c82d13f67,5.1,brute_force,False,959a1c6cab14e4d4,clearervoice_sidon_deepfilternet3_wet1,3.436241865158081,3.7299962043762207,3.3805296421051025,3.8912620544433594,3.262127161026001,4.4088592529296875,3.613738536834717,fleurs_uk
26bbf3e9ec3280c6666a3f4ef25f02c8f893a7d217088821792e7399f5dd535f,9.72,brute_force,False,fefd0259ff637326,sidon_wet0.5,3.672055244445801,3.9445557594299316,3.2578818798065186,4.337165832519531,3.3390841484069824,4.389045715332031,3.757300853729248,fleurs_uk
24c08f55b5ea6f276dd2e5469547f074bac9947b35b751a75b05d688d9084915,4.320041666666667,brute_force,False,a381bc8d75f3eb60,sidon_wet0.5,3.2209107875823975,4.432628631591797,2.9110891819000244,3.939392328262329,3.2187864780426025,4.778200149536133,3.9918854236602783,fleurs_uk
d0076245dda4162b38f454d2a2a72ac4c6f21bace9f824a65c630d7c91a369d6,5.57,brute_force,True,5558b228f9fb7124,clearervoice_sidon_deepfilternet3_wet1,2.859624147415161,4.404641151428223,3.5437355041503906,4.512111663818359,3.8537979125976562,4.703768730163574,4.319144248962402,fleurs_uk
4d8ef5db8193ce96c791006fb1b8681466e3b932ba53a9bf8b5a3fd851043211,9.5,brute_force,False,b30673863ffb037d,clearervoice_sidon_deepfilternet3_wet1,3.391162633895874,4.287433624267578,3.0245821475982666,4.412633419036865,3.4554049968719482,4.67374324798584,3.8720955848693848,fleurs_uk
f88dfeb9c6ee13cebdb51ca9abb5c9deec7ce783a2fdd3e633356b88d59432eb,5.36,brute_force,False,c5b7866904cce653,clearervoice_sidon_deepfilternet3_wet0.5,2.755577802658081,4.3164777755737305,2.470292329788208,4.071965217590332,3.3885462284088135,4.420618057250977,4.100621700286865,fleurs_uk
1a840d34c34f06b7fb34814697e89e2425f7c400f4394021111a858c8e923cac,10.68,brute_force,True,c832793e984ec4ad,clearervoice_sidon_deepfilternet3_wet0.5,4.161626815795898,4.367926597595215,4.653223037719727,4.629299163818359,3.94303035736084,4.708471298217773,4.233309268951416,fleurs_uk
6bc4c0dbe9b6bb7e6c71c196c03c1aca96d2719f05cf2a84869ecde546b311bc,17.28,brute_force,True,f74bd666161897df,legacy_cascade,3.778611421585083,4.136474132537842,4.595186710357666,4.7870283126831055,3.864816427230835,4.904957294464111,4.1040496826171875,fleurs_uk
e9e5986adfebda9e1625572c623d8eefc6ea2bbe403afd7e151567d9e40b071a,9.93,brute_force,False,a90e40527649a849,sidon_wet1,3.318154811859131,4.7151689529418945,2.3886003494262695,4.881610870361328,3.0909807682037354,4.397905349731445,4.138639450073242,fleurs_uk
32b23305713c3b5afc6d8ed5be54918c83a2fad5cf012dba590e9f7393ded7cd,3.75,brute_force,False,909d184fdcd7f465,legacy_cascade,3.5846893787384033,4.309549331665039,2.842122793197632,4.55479621887207,3.0554888248443604,4.6964430809021,3.8711440563201904,fleurs_uk
8911860fcb14f6e0ec30abc657003e1f3a253de487d603f8af623d8b36b2cb59,5.3,brute_force,False,5037571598709644,clearervoice_sidon_wet1,4.055418014526367,3.601680278778076,4.460803031921387,4.0923967361450195,3.4410316944122314,4.776878356933594,3.827396869659424,fleurs_uk
a66a5ebaba517a68bc49f28cf2e8b752b39d25cdf127babac48c3010b441dcd6,12.32,brute_force,False,899793d24bd70411,normalized_original,3.5826222896575928,3.7111880779266357,3.415696859359741,4.033679008483887,3.071760416030884,4.5556159019470215,3.6294684410095215,fleurs_uk
8795ccc84b5d7978704e4c378e8f62b1c78f194ad9d3445e3a92240fe7ba9515,10.14,brute_force,True,715676cbceb6f9c3,clearervoice_sidon_wet1,3.9104278087615967,4.42827844619751,3.9773571491241455,4.596243381500244,3.775503396987915,4.348389625549316,4.186801433563232,fleurs_uk
7f6b56a2d3d2264cdac4a7b724d55ce3254b0347ba79582585587e80c395bdc7,11.340041666666666,brute_force,True,85ca359309837202,sidon_wet1,3.8021023273468018,4.740431308746338,4.908940315246582,4.628951072692871,3.6365647315979004,4.860620498657227,4.0570526123046875,fleurs_uk
676ade2f63f0eb0bd7e2ccee6eae18e75af0b8acb3b6bd29d8e2032ada8d9814,9.4,brute_force,False,2b1dd8402ce5d536,deepfilternet3_wet1,3.8148105144500732,3.7583489418029785,3.370966672897339,4.383000373840332,3.409482955932617,4.5870795249938965,3.9223997592926025,fleurs_uk
98d7777d1e5bdc84e46996271533d34c7c4329783f99891f541cd0f80168b77a,6.53,brute_force,False,2089464e1fd713a6,legacy_cascade,3.373835802078247,3.478400468826294,3.2166459560394287,4.568769931793213,3.1390960216522217,4.750537872314453,3.5651159286499023,fleurs_uk
de2cd076acc6abc1c959ff76e1ccd7684dc31a330fcb7042f21acbc5f2aca8d1,11.04,brute_force,True,7079d2ab052b067c,sidon_wet1,3.437222480773926,4.050671577453613,4.630163192749023,3.995389699935913,3.6661410331726074,4.5889482498168945,3.9240915775299072,fleurs_uk
af151fbe354aa10931dbd038df5ac80653e5c11a75f01f8903e4838a76ed94fa,5.58,brute_force,True,fa71a8a80791f4ab,clearervoice_sidon_deepfilternet3_wet1,4.135756492614746,4.136863708496094,3.884854793548584,4.580129146575928,3.714995861053467,4.611976623535156,4.320527076721191,fleurs_uk
bd2ae855207c6f2590cb940c2842e7de22d54e2d990b3671725a2b20cbf39b6d,13.55,brute_force,False,6df018bdc9ae9404,legacy_cascade,3.6410248279571533,3.6092913150787354,3.0860722064971924,4.367949485778809,3.1577117443084717,4.455212593078613,3.7440595626831055,fleurs_uk
46aaad932e55655bec2197f1d798bb9ac60b83ce17f5a1d98f921c427fdc2df7,7.8,brute_force,False,bd9cfe27e08bb814,legacy_cascade,3.900545358657837,3.9070990085601807,3.7672667503356934,4.329229354858398,3.154956817626953,4.731629848480225,3.7585322856903076,fleurs_uk
0015c6eb241641636228c4d22519745b7f2d3b6e4922979518b8b2f7e1c15021,6.6,brute_force,False,efd141fab8cb2a03,clearervoice_wet1,2.885638475418091,4.061685562133789,2.8754258155822754,3.043647527694702,2.5702784061431885,4.082298278808594,2.828671932220459,fleurs_uk
8075983c9f1ca969240a1a452b97e5ec2e56aa5e60965b9a55d52a37e4cd6fdf,18.12,brute_force,True,fa44e451a4684ec5,clearervoice_sidon_deepfilternet3_wet1,4.285531044006348,4.233387470245361,3.7753396034240723,4.502461910247803,3.595754623413086,4.629568576812744,4.177438735961914,fleurs_uk
9a5a5f2075cda0d4f03515f601ce2df432d3be7217d94ccee91d3b3e32eb6d08,13.49,brute_force,False,cbf905fca130b00c,legacy_cascade,3.7756717205047607,4.440004825592041,1.3896324634552002,4.599003314971924,2.6883604526519775,4.774682521820068,3.846015691757202,fleurs_uk
b025940a84a9c6a449375c6f2ba73f729e08b56c2b41592b2799c2005fdd767f,10.65,brute_force,False,65bab893d591c920,clearervoice_sidon_wet1,3.9379684925079346,3.935403347015381,3.8464488983154297,4.192191123962402,3.3759918212890625,4.551051139831543,3.8647148609161377,fleurs_uk
c5272124c7d679f70c925e2ca57f313571d40002fc69a11e0edd78243d144cf0,8.47,brute_force,False,ab1b2261eb178b37,legacy_cascade,3.6553168296813965,4.3761796951293945,1.7037463188171387,4.436464309692383,2.5167365074157715,4.435206413269043,3.587186813354492,fleurs_uk
0a9b690d9b72eacefff409d2da17e0baaf7442732e0a92eded4108aa378ab3c4,8.58,brute_force,False,15e1f33a590fa5d2,deepfilternet3_peakminus3_wet1,3.8184516429901123,3.9690070152282715,4.061322212219238,4.476153373718262,3.3929049968719482,3.963909149169922,3.761807680130005,fleurs_uk
3ba144a7e080821983daf09079260d4e5a282be67b2fe632435eace992c1ef0e,8.35,brute_force,True,caa96ffc8a50db0a,clearervoice_sidon_deepfilternet3_wet1,3.483825206756592,3.976010322570801,2.9236772060394287,4.036100387573242,3.5119895935058594,4.701894760131836,4.051151275634766,fleurs_uk
7c39617e3749b4a2c2d66a83c73c3d9902ef9fedf4a8a12c0a909914c821b0cf,11.72,brute_force,True,53e7cf21713ad2e1,clearervoice_sidon_deepfilternet3_wet1,3.803101062774658,4.1572265625,4.176290512084961,4.495119094848633,3.699223518371582,4.518728256225586,4.049578666687012,fleurs_uk
51a8d6a810bf6acba128fbd03d6a1a0cb49ec7b1ff4952d75227fe7c9bdc99c8,11.22,brute_force,True,de98bdcd8fe80564,sidon_wet1,3.7420132160186768,4.558221340179443,3.6602940559387207,4.688018798828125,3.6477460861206055,4.933576583862305,4.235445976257324,fleurs_uk
c2e3dc85db3223f5c64eafa6ad18284179f5edde6255300101de3914a9dd45d6,6.03,brute_force,False,6fa4a717622444f8,sidon_wet1,3.949958086013794,4.312549591064453,3.8714423179626465,4.698630332946777,3.4518232345581055,3.9623236656188965,4.216281414031982,fleurs_uk
713e5b5b61678ed23b5c086c0fd8e451b51476727848077852c8015ad141a198,6.84,brute_force,False,4a4d08bebc42b317,sidon_wet1,3.6946828365325928,4.024603843688965,3.3210132122039795,3.718679189682007,3.3193728923797607,4.515673637390137,3.8673436641693115,fleurs_uk
92ef8bdbc5fb80c00f85f637e8ecb83aafa10483ae2b1b7d51211f0216193a92,4.71,brute_force,False,d01073aaf9fe19e1,sidon_wet0.5,3.409907102584839,3.77016019821167,3.5813145637512207,3.6605193614959717,3.183342695236206,3.4777965545654297,3.691683530807495,fleurs_uk
6af60ae5661152c37b91830ecb80d3e1946561c7ee3a9334f6b3726e00c5f1ea,17.16,brute_force,False,22a1fd4042f42034,clearervoice_sidon_deepfilternet3_wet0.5,3.0226497650146484,3.9559166431427,3.218215227127075,4.176791191101074,3.4642300605773926,4.366142272949219,4.085305213928223,fleurs_uk
d1ae934e14839c0814eee3010e801b2185844a03af37ee7e2358c25b935dc3f1,12.9,brute_force,True,4738fc04a1e4189e,clearervoice_sidon_wet1,3.9603919982910156,4.3633198738098145,4.617568016052246,4.732206344604492,3.9902334213256836,4.864035129547119,4.208243370056152,fleurs_uk
65853c2a6af7c82a4296caf00db99198f8fc424b3b1d40e06c6f204483604926,5.23,brute_force,False,fe393cbcd4c75050,legacy_cascade,3.5843892097473145,4.272524833679199,3.329700469970703,4.200018405914307,3.410693645477295,4.774008274078369,3.856537103652954,fleurs_uk
2fc967bd0d01295e375c20f74b2a15a15090c665fbffbd34b842907efc37225b,10.08,brute_force,False,c3f42dd599b43df9,deepfilternet3_wet1,3.857299327850342,3.787666082382202,3.3119215965270996,3.957777738571167,3.487882614135742,4.572873115539551,4.12883996963501,fleurs_uk
a379620946917fac58059e730f949ed960ac77d49b3860a18a5eb462d1a19d6c,4.14,brute_force,False,c990d6277b807d72,deepfilternet3_peakminus3_wet1,3.3744940757751465,3.4951679706573486,3.064910411834717,3.7484660148620605,2.429847002029419,4.560117721557617,2.633622884750366,fleurs_uk
c49215d27bd94d5d671c15f1f8fc74c75cb96bb0234f83f87392602ec719a2bf,13.18,brute_force,False,ee5e4637dffa94a2,clearervoice_sidon_wet0.5,4.003612041473389,3.927590847015381,4.72249698638916,4.208517074584961,3.4549949169158936,4.818122863769531,3.7931694984436035,fleurs_uk
66b7b01f7421f6643c5ed3407573098dce97b4afaadcaae2fd987a212db4517c,9.86,brute_force,False,eee1753076a7de8f,clearervoice_sidon_deepfilternet3_wet0.5,3.600254535675049,4.126104354858398,3.8573319911956787,4.185515403747559,3.3306405544281006,4.722605228424072,3.801912546157837,fleurs_uk
07d4503755097d4cdfeb7fbc4aba38ac77e4c8935da34b201302f64babf87d87,3.21,brute_force,False,f52f97e9d64af685,sidon_wet1,3.2781763076782227,3.4448604583740234,2.6129326820373535,4.322044372558594,3.099433660507202,4.299496173858643,3.5028910636901855,fleurs_uk
45fcca3492ec6867f7a02017d530ae69535e1531313d6c9a90f89132e0c07253,6.48,brute_force,True,327108867eaaa2da,sidon_wet1,3.727734327316284,4.599966526031494,4.400938987731934,4.662047863006592,3.7817869186401367,4.90865421295166,4.238500595092773,fleurs_uk
43d8943eeb2ca7db3d4a8bc833ee1b8c8ce0d51ce256ad49ec1c72af4afa01bc,8.730041666666667,brute_force,False,83c307693927f61f,legacy_cascade,3.5714268684387207,4.304474830627441,2.236290693283081,4.504459381103516,2.7215921878814697,4.7619218826293945,3.6977860927581787,fleurs_uk
8fb35fda262f88256723df3e6d4b511ee98bb454f34d235b220d0756b7dbbbdf,16.26,brute_force,True,e5bb518608bfdb7d,legacy_cascade,4.015355110168457,4.193833351135254,4.126469612121582,4.313521862030029,3.8433473110198975,4.7447662353515625,4.274301052093506,fleurs_uk
4e32172af1ae2fc5a6ded489b956429804fc4c217747fa66f20067c39b28e8a8,9.92,brute_force,True,5691f663ddaec5b5,legacy_cascade,4.066976547241211,4.396757125854492,3.051576614379883,4.388732433319092,3.662536144256592,4.833039283752441,4.2343854904174805,fleurs_uk
09a95c40eb948dbba1094113ed9733d058a89a6da46e07ea3558e96d64661bc4,5.06,brute_force,False,55d68ad35312f5dd,sidon_wet0.5,3.144227981567383,3.6730971336364746,3.47918963432312,4.079482555389404,3.0830798149108887,4.1376953125,3.583895683288574,fleurs_uk
283d45e1f6e07c5c3975b0ff51b4866f4720c645710b6531adca8d27e7c97422,12.06,brute_force,True,a27cd8f0d418a777,clearervoice_sidon_wet0.5,3.8136980533599854,4.275262832641602,3.860959768295288,4.5986647605896,3.6966989040374756,4.798422813415527,4.167852401733398,fleurs_uk
00af48cc1fb1ca6e5de5fc125d479542f4ab1b441f276281f40301f04c75753e,10.74,brute_force,True,794cb4991dbc7609,clearervoice_sidon_deepfilternet3_wet1,3.8974738121032715,4.18905782699585,4.5609331130981445,4.659700870513916,3.9513885974884033,4.664120674133301,4.280731678009033,fleurs_uk
70fee048d30199a908d548dc64ffee1e3bab73d4ee6bed4d952b5a49fef49553,7.2,brute_force,False,f33621494d6e16b1,legacy_cascade,3.4049510955810547,4.209438800811768,1.7890238761901855,4.760533332824707,2.891557216644287,4.5932159423828125,3.5462446212768555,fleurs_uk
a495ca465d03fd579fbbc9fcc90f3943581b83e5e387e9ada2de2d99982dc1c5,9.24,brute_force,True,a5f851ef061a7203,sidon_wet1,3.5893354415893555,4.366055965423584,3.5358800888061523,4.442094802856445,3.673664093017578,4.909754753112793,4.273141860961914,fleurs_uk
bddd71bf6637ce814b666d498b6760b925edd6d4679e96f40f3b757a62b0fd76,12.19,brute_force,True,d090e200f4cc636c,clearervoice_sidon_wet0.5,3.6004443168640137,4.081408500671387,4.297629356384277,4.06709623336792,3.5089035034179688,4.28009033203125,3.8568596839904785,fleurs_uk
20e383e531d4e8211242fa477e8e474cf60ec042494d6ae1859981c405ceabad,11.47,brute_force,True,e982fb32bb0b099e,sidon_wet1,4.0417585372924805,4.061120986938477,4.856703758239746,4.2721266746521,4.009222030639648,4.4285569190979,4.174899101257324,fleurs_uk
cf288a3e1f80d1fa1f8f77f39ac8e7a5e35aacb3b65b8097f53b4dc8b91e245e,6.6,brute_force,False,1e7c62bd46d20f2f,clearervoice_wet0.5,2.9761245250701904,4.240273475646973,3.39064884185791,3.7416067123413086,2.7006475925445557,4.192073822021484,3.0951380729675293,fleurs_uk
b9a38c99b41c1de6076a165632bb1de84bce6731f5a6d4bf4c9298af6af36364,4.93,brute_force,False,ca507cf5283e14fe,deepfilternet3_wet1,3.7012932300567627,3.6976306438446045,3.6664340496063232,4.074014186859131,3.4863533973693848,3.9352102279663086,3.888350009918213,fleurs_uk
bef1c36abd60e81e82c7dcae09c5f322c0e8f37832224e779027a572205b8460,9.91,brute_force,False,0467f502d836f78d,sidon_wet1,3.5523436069488525,4.32265567779541,3.766531229019165,4.764472961425781,3.11864972114563,4.811036109924316,3.3240904808044434,fleurs_uk
f2dd4c2c56216af9f7b9f3b8390af6c3b92c30d011da1f1eb0b9cdb61b355a8f,16.58,brute_force,False,333b67b57a0d2b71,clearervoice_sidon_wet0.5,3.883561611175537,4.175736427307129,3.899237871170044,4.30259895324707,3.3998589515686035,4.602978706359863,3.9670357704162598,fleurs_uk
234de2260317f8d5f7e5927066f88f0ad710583042849e66f35e5a49b9400f60,16.760041666666666,brute_force,False,ca195eb9cde9d3c7,clearervoice_sidon_deepfilternet3_wet1,3.6043307781219482,3.9027068614959717,4.0487847328186035,4.328960418701172,3.2714314460754395,4.768385410308838,3.6876397132873535,fleurs_uk
7c0b4fb37d17ca543a4e6a78d4e637b233055bd1411e0d25ae3edc50ba39f69e,11.15,brute_force,True,735df4c409f942b8,legacy_cascade,3.8133106231689453,3.8011162281036377,4.343111515045166,4.301209449768066,3.6087253093719482,4.700339317321777,4.024994850158691,fleurs_uk
923e975a42b1783935438d71206928f3541bdd35908569c50413fe3ebda22122,7.44,brute_force,True,354818c76e7c2e34,sidon_wet1,3.576634645462036,4.293460845947266,4.367629051208496,4.535225868225098,3.5173261165618896,4.744039535522461,3.8873679637908936,fleurs_uk
d59eea300872693e6bb3f7b3e6b97516c5366117081e3277afb5bd0cdb6a40de,8.2,brute_force,False,a6941dfe32692f98,deepfilternet3_wet1,3.8774116039276123,3.981555223464966,3.4187686443328857,4.017064571380615,3.402994155883789,4.821657180786133,3.8758761882781982,fleurs_uk
8196371c8db54dee0e7fd01c3cee15ed55a8599002ced320fd45bc0b8e7cc29c,10.12,brute_force,False,7b2374559c058ccb,sidon_wet1,3.512817859649658,4.261954307556152,4.016684055328369,4.448997497558594,3.3557143211364746,4.642062187194824,3.6984052658081055,fleurs_uk
2cec19ef2d0e20083b53ed4019f98ca58e2d3e8d1487fd4e53fe2d332210930e,8.05,brute_force,False,4033a0a142097204,deepfilternet3_wet1,3.8194491863250732,4.469673156738281,3.702298641204834,3.733193874359131,3.3001492023468018,4.699952125549316,3.981348991394043,fleurs_uk
110aaa8daaa8866e0f7ce5e3a60fb8e58473e40c9d9abec5a40cc280c5770110,10.25,brute_force,False,a52a91ca78ee3ab3,legacy_cascade,3.9012980461120605,4.004698753356934,3.695269823074341,4.237099647521973,3.2335703372955322,4.700899600982666,3.606142044067383,fleurs_uk
41565e5c91cb29baa1b71f56e3d3800974e56574dfebb163739efff32fc723e5,9.84,brute_force,False,debdc6a4c5a4f3c6,clearervoice_sidon_wet0.5,3.7165629863739014,3.5914063453674316,3.146564245223999,4.680915832519531,3.3648343086242676,4.576508522033691,3.8367786407470703,fleurs_uk
6f2a196dd757386dea295f775872d3ddb58046eea788692a821e2030f2029e26,14.16,brute_force,True,5eb6300304d1d12b,sidon_wet1,3.9873127937316895,4.336709022521973,4.477531433105469,4.557294845581055,3.7995715141296387,4.835620403289795,4.222258567810059,fleurs_uk
7328092286c845e69017fca5cd181d242bf3113b9fa0683b7e3d9ac362f0129d,18.42,brute_force,True,868a3bdab88599ee,clearervoice_sidon_deepfilternet3_wet1,4.0755815505981445,4.519507884979248,4.005385398864746,4.770409107208252,3.712942123413086,4.842093467712402,4.166396141052246,fleurs_uk
7d52f3bd51317d1d494c94b683f588b90a973154374e1b151e21e88e5e5e7ca9,9.93,brute_force,False,8698daf0e9701268,sidon_wet1,3.533932685852051,4.423662185668945,3.8430392742156982,4.49128532409668,3.3008036613464355,4.734744071960449,3.8836112022399902,fleurs_uk
f79c4080ae00b3de79d1d49cebe8d86b1c26e15e97206adf37721c66c96ad6db,13.08,brute_force,False,8d594f701ffd3ba4,clearervoice_sidon_deepfilternet3_wet1,3.336433172225952,4.022412300109863,3.411757230758667,4.368505001068115,3.384826898574829,4.722236633300781,3.7961361408233643,fleurs_uk
c916d086b92226e924e7e6bfad025c7e56f0a144d854163e7baee97d9cef3b77,9.98,brute_force,True,33e0e64ffb911169,clearervoice_sidon_deepfilternet3_wet1,4.179903507232666,4.628781318664551,4.15987491607666,4.465271949768066,3.802206039428711,4.871088981628418,4.113387107849121,fleurs_uk
b4f91d69a82f93816f205d12bdba50da4b7f6c7e95d9db200af6491130b4a959,5.76,brute_force,True,cc3cbeb88a0ca00b,sidon_wet1,4.118379592895508,4.228409290313721,4.885415077209473,4.1158881187438965,3.739252805709839,4.805609703063965,4.0915327072143555,fleurs_uk
7655f83c92f8aef3a6826e46d29150608976a7acb8e9fdc4d65e70fab8824dd2,10.41,brute_force,True,8689b5eec74f2fff,sidon_wet0.5,4.115236759185791,4.67441463470459,4.553383827209473,4.516978740692139,4.0324811935424805,4.863913536071777,4.438551902770996,fleurs_uk
5a560d6dd4fb92aac570b23be6e111e9340dc7e508c872717e6e1340ecc85877,8.64,brute_force,False,ac9151cf24a412e1,legacy_cascade,4.3077826499938965,3.6278207302093506,3.908329725265503,4.405073165893555,3.210904121398926,4.643452167510986,3.8400447368621826,fleurs_uk
51ef5a7a6cf23ecd30fced9c7f0840d123a5fd9b3fc9cdc379c5ee58fa73ffc4,8.2,brute_force,False,a45c10147c84d9f8,deepfilternet3_peakminus3_wet1,3.1529879570007324,4.258927345275879,3.048994302749634,4.18489408493042,2.7265188694000244,4.704186916351318,3.341761827468872,fleurs_uk
de9d35416479114da53ec5504b5bdb79155b5e3b990e54a34a21a3d0978ec40e,11.65,brute_force,True,a8763d00c05c7270,clearervoice_sidon_deepfilternet3_wet1,3.7468621730804443,4.238469123840332,3.066251277923584,4.1781134605407715,3.6516664028167725,4.674663543701172,4.346761703491211,fleurs_uk
18de34791a55bda897237254b8425100e5b828e448dce35f0d76db3bb66fa360,13.4,brute_force,False,69aafe87d955ba4b,deepfilternet3_wet1,3.68118953704834,3.3046467304229736,3.5143558979034424,3.963791608810425,3.3317675590515137,3.8451850414276123,3.7441565990448,fleurs_uk
9ee7e6ee9bcd2cafd6b393b4e39d46b50c191042c956dcb28dbf0d28c20967dc,8.400041666666667,brute_force,True,f654a2482168dbd9,clearervoice_sidon_deepfilternet3_wet1,4.002566814422607,4.566187858581543,3.9783475399017334,4.217047214508057,3.748732089996338,4.890033721923828,4.357818603515625,fleurs_uk
9d89d94cd998c2762659d90b1b0a8678e4a03f76e6f73e6cd2da21401d54dc69,16.14,brute_force,False,f16b002601063e11,legacy_cascade,3.692723274230957,3.9925546646118164,4.111915588378906,4.428027153015137,3.283151149749756,4.7216796875,3.770029067993164,fleurs_uk
a3ad2a0ce50f1f909444799378aafa31015ea855feb7f28aec1cdf6771162a2b,11.14,brute_force,True,584722206ba5ea87,deepfilternet3_peakminus3_wet1,3.717235803604126,4.104124069213867,3.4587440490722656,3.9567997455596924,3.8236958980560303,4.750122547149658,4.246362209320068,fleurs_uk
c99657a245e80d27efa854a67dbdab04bb6460f2a327fd24ef72b31acb59e3f8,5.4,brute_force,True,222a96e0d7dd0ce7,sidon_wet0.5,3.3327293395996094,3.6155104637145996,3.6034417152404785,4.132704734802246,3.5012028217315674,4.456072807312012,3.9818809032440186,fleurs_uk
f084ce9934551de7b95b1ec92ab1fd2729b07f2bc2aa89458fafbdade27e937e,12.0,brute_force,False,4046a6918cbc6198,normalized_original,3.2044973373413086,3.8805909156799316,3.2953274250030518,3.9725775718688965,2.9218525886535645,4.161397933959961,3.3851845264434814,fleurs_uk
e547e2000165b7eaa8ed6bb1371c1e536d4fc90f57e1a74014d897bd33ebf43b,3.23,brute_force,False,f0495e9522a7580f,clearervoice_sidon_wet1,3.5326669216156006,4.234684944152832,1.8140263557434082,4.5926408767700195,2.61922025680542,4.785579204559326,3.9559166431427,fleurs_uk
a2b14919b2c0a18126fb3736f9b349399695a1ec0dc8327a2d32a45898be7ab6,6.77,brute_force,True,d3c65f60de08cc59,sidon_wet1,3.593003034591675,4.463485240936279,4.7054762840271,4.426965236663818,3.5237948894500732,4.742107391357422,3.99835467338562,fleurs_uk
a44d770fb4f2dc75ee920a35c5c10311111da69cc48b8cf83d063b662740a8de,5.17,brute_force,False,804a5cfa9e39d4c0,clearervoice_sidon_deepfilternet3_wet0.5,3.400238513946533,4.28133487701416,3.001516103744507,3.784176826477051,3.131690502166748,4.5044355392456055,3.6804850101470947,fleurs_uk
9a6872f21eff33b03519a0ac8a14860b5dcb5179202d65954053fedd19fb7ab0,10.840041666666666,brute_force,False,d9356cbfb7795081,clearervoice_sidon_deepfilternet3_wet1,3.647674322128296,3.5643792152404785,3.8225369453430176,3.9345943927764893,3.029548168182373,4.505439758300781,3.387021541595459,fleurs_uk
42d49b936e1e09fc97c6c2252141f3aa3af52c4ffc4465904b084112d9271435,12.06,brute_force,False,a137d8e70532b244,deepfilternet3_wet1,3.437934398651123,4.039154529571533,4.2985663414001465,3.9159388542175293,3.3299026489257812,3.6368391513824463,3.7043347358703613,fleurs_uk
3e5a5921705493a8721c757a1db8526450258896db8ea38d7722d1b4e70cc258,9.96,brute_force,False,b47e47b723203d93,clearervoice_sidon_deepfilternet3_wet1,3.8173747062683105,4.298044204711914,4.166743278503418,4.5440168380737305,3.2924513816833496,4.559975624084473,4.0164713859558105,fleurs_uk
73a7266bf3fb67e29fd739c60a41029581bf2d381b21519f9d45161bfa11784c,10.92,brute_force,False,d4455526189dee42,deepfilternet3_wet1,3.6384966373443604,4.329586982727051,3.3772904872894287,4.439951419830322,3.3253684043884277,4.491641044616699,3.9053215980529785,fleurs_uk
d717635d48e5c8a2325e2a413f51e5627c05f1bf60b891e79592967f819223c5,5.59,brute_force,False,e677a32e926ce1d5,clearervoice_wet1,3.4913008213043213,4.121920108795166,3.27474308013916,4.030644416809082,3.080162763595581,4.234183311462402,3.488576889038086,fleurs_uk
355613638cf283c7983ebdac35afe6b5543fec8cd75d3049ceb0fdd7a46f1057,14.0,brute_force,True,1c3410a58f3482b4,deepfilternet3_wet1,3.917410373687744,3.7554526329040527,3.981844425201416,4.151898384094238,3.540501832962036,4.3060302734375,4.009011268615723,fleurs_uk
2154cf3052d641845d96401b936ef2c390800353fee17ceb125ffc1440327da8,6.18,brute_force,True,88157b1754b1f7fc,deepfilternet3_peakminus3_wet1,3.672429084777832,3.781794309616089,3.38308048248291,4.177168369293213,3.5500001907348633,4.185474872589111,3.937636613845825,fleurs_uk
db5b2715228e2cb0eff1adc81916bd979373637f3abf5988da9af04331f784f5,12.36,brute_force,True,d60a45ed449aa919,clearervoice_sidon_deepfilternet3_wet0.5,3.567854404449463,4.539746284484863,4.6915507316589355,4.362987518310547,3.6439828872680664,4.674638748168945,3.978761911392212,fleurs_uk
68cbac6b8b288ae90c4ba79deb813b0f2231af042b459539869a57cd9aefa0aa,5.99,brute_force,False,51a1f94f96449920,legacy_cascade,4.324130535125732,4.146844863891602,3.6633777618408203,4.325288772583008,3.360635280609131,4.113216876983643,4.068195343017578,fleurs_uk
f41608acda61b2063af7138c38fc188f554522df08dffda435081e128791fbd5,11.74,brute_force,False,4e3c5ab1819b3e25,legacy_cascade,3.6772165298461914,3.999955892562866,3.531620740890503,4.195042610168457,3.15000319480896,4.471375465393066,3.6207990646362305,fleurs_uk
61ff9b71455be7e1aecce29b263a90640006fa602aee2cc1561b4e2edd736863,9.91,brute_force,True,92ed791b24f80b91,sidon_wet0.5,4.18449592590332,4.690333366394043,4.707132339477539,4.528772354125977,4.0222272872924805,4.876180171966553,4.261302947998047,fleurs_uk
95f00f66712cad25a04ed59efb2c500e39d71480d60d3224dfb373bdf006e2ec,9.07,brute_force,False,9402e75a29af9903,clearervoice_sidon_wet0.5,2.6140761375427246,4.0305681228637695,1.8205032348632812,4.5478386878967285,2.490790605545044,4.435616493225098,3.4904513359069824,fleurs_uk
b62c486f8b1278d990529c3d0f45f914dbbd28f86a023d25fae556cdee711f51,10.7,brute_force,False,079895761aba879c,deepfilternet3_peakminus3_wet1,3.718979597091675,3.717473030090332,3.350417375564575,4.1705474853515625,3.2341649532318115,4.223564147949219,3.614337682723999,fleurs_uk
dd44e9e6a20e02e05888a7b8ca8edc1b237a319c4d5baa34532a206c521c2b4d,5.89,brute_force,True,10cdf3773f922512,deepfilternet3_peakminus3_wet1,3.927703857421875,4.137666702270508,2.9653210639953613,4.443098068237305,3.7767271995544434,4.697145462036133,4.259737968444824,fleurs_uk
d98c8108e47adafe9deb83a7de1e32a6143307d99d07f5c4e1e8e1462ecfba17,9.130041666666667,brute_force,False,8f3c95d98fcf2542,deepfilternet3_peakminus3_wet1,3.3978679180145264,3.303619623184204,2.8748271465301514,3.864011526107788,2.647937297821045,4.359736442565918,3.1456775665283203,fleurs_uk
394e47d681d2fec51fed144e2499d390c5c57c8667cfe1d18860df1218c29f22,7.18,brute_force,True,3c418e8b71f5cea6,deepfilternet3_peakminus3_wet1,3.7427515983581543,3.8935091495513916,3.497789144515991,4.307973861694336,3.6705143451690674,4.250979900360107,4.1607561111450195,fleurs_uk
ac8a6be98337fd6e001bfffa3efacdd80e684871a9e5a3ed25448b5fe61e2e9b,9.64,brute_force,True,21c35569bc050375,clearervoice_sidon_wet0.5,3.6459755897521973,4.4226884841918945,4.444222450256348,4.487504005432129,3.6484642028808594,4.710755825042725,4.166675090789795,fleurs_uk
e03cb4938e0c6950c1f6670944e0a32746873af1f12f43ae1abe07a5013a4939,3.410041666666667,brute_force,False,cf89152cdd4870d0,clearervoice_sidon_deepfilternet3_wet0.5,3.631441831588745,4.062994956970215,4.542147636413574,4.164288520812988,3.246188163757324,4.455580711364746,3.779633045196533,fleurs_uk
54a6d0cb378045c581fee5876d3c18137729a2b58e7f2fa1792b5ae39b726026,2.76,brute_force,False,eb898a121f485b26,legacy_cascade,3.3435492515563965,4.011781692504883,3.289863109588623,4.583785057067871,2.9366610050201416,4.1900177001953125,3.527008056640625,opentts_lada
35078b489dfb4af01da31a72efc509ce9f29dbe115ede0d82a9e1db09ddd077d,4.040041666666666,brute_force,False,e8449482430bafd8,legacy_cascade,3.2259533405303955,4.7329230308532715,3.4747540950775146,3.509970188140869,2.7693076133728027,4.334234237670898,3.4116904735565186,opentts_lada
eb20f4124bb76073192472aebfc307c1d3d862667f5c8e94161cc54466bb2dc3,5.52,brute_force,False,21bb6688a0a1113f,deepfilternet3_peakminus3_wet1,2.7419309616088867,3.809523582458496,2.384953260421753,3.673281192779541,2.7196640968322754,4.100194454193115,3.4412145614624023,opentts_lada
be039b37e74c7c2aef9a891ba6233218c3f472660b90a2570d34c9e52c5253ee,4.44,brute_force,False,0dd5f5a8f9a09cc5,clearervoice_sidon_wet0.5,3.5601274967193604,4.115467548370361,3.1949422359466553,3.8574230670928955,3.1683382987976074,4.300978660583496,3.5585544109344482,opentts_lada
2d66f4de9c444bfe2c3a0541da9fe15b4765626a6d83d107365f146f0bb057a2,3.930041666666667,brute_force,False,a62f0a11f72e0935,deepfilternet3_wet0.5,3.4462952613830566,4.224416732788086,3.4168598651885986,4.173925399780273,3.1859312057495117,3.9593911170959473,3.8599562644958496,opentts_lada
b4f438694180d90e28dca2e2076af09d7d33dbc02a9782efbf158be2f5cf6b5b,5.34,brute_force,False,7a5dcfae51994d97,normalized_original,3.577954053878784,4.087547302246094,3.2090532779693604,3.810765504837036,2.954676389694214,3.9845330715179443,3.5734448432922363,opentts_lada
73c660881be08e57b32bfbb75fe6ec6497bedb60aa1396326910815d4b100c11,4.61,brute_force,False,6a0d36c4b3017098,deepfilternet3_peakminus3_wet1,2.930990219116211,4.15748405456543,3.077007293701172,4.324280738830566,2.8582136631011963,3.7017319202423096,3.5236904621124268,opentts_lada
d138a3b5cb7524b29377eb6c8a732cc425e5658e6bcb9ae73261592d1d1d4fcd,3.8,brute_force,False,ed7746419b367042,legacy_cascade,3.36710524559021,4.622732162475586,3.47699236869812,3.713839530944824,3.1201319694519043,4.58974552154541,3.7464818954467773,opentts_lada
04f9aa0ea20578839d0cbea3ac07f4435163259c3132e24e6290249820e74709,2.85,brute_force,False,14cfdbc496752bee,legacy_cascade,3.878964900970459,4.177973747253418,3.9624223709106445,4.515333652496338,3.4303619861602783,4.843890190124512,4.081473350524902,opentts_lada
c3f4b1c8133c2afac28a0009fd3e2d98994cbb870074b72cbfc54ca8ddf341ed,6.0,brute_force,False,b3a0725d52e4df4a,clearervoice_sidon_deepfilternet3_wet0.5,3.4184305667877197,3.862187147140503,3.4403631687164307,4.218515396118164,3.31026554107666,4.3120269775390625,3.821763753890991,opentts_lada
721c449d3b615c47ee96c60450aecfccacfd29b4b677a61de8a0d6e867254b77,4.600041666666667,brute_force,False,2c77c8ce4c9a8e81,legacy_cascade,3.4358675479888916,3.9972035884857178,2.8999876976013184,4.022205352783203,2.690504789352417,4.802620887756348,3.333049774169922,opentts_lada
c6cc330662ca14efef0d444f75d5337080bbb9cede782af759976af1614b8168,4.56,brute_force,False,13376eeaa2862f39,clearervoice_sidon_deepfilternet3_wet1,3.1099233627319336,4.20737361907959,3.1839447021484375,4.42036247253418,2.9458508491516113,4.528373718261719,3.607913017272949,opentts_lada
a83915889ab5ac826fccb2569b2ff8847b5e476699f530c617bc50bcea4ae459,3.8,brute_force,False,fd0881c5cac462ed,legacy_cascade,3.1585609912872314,4.589555740356445,3.389084815979004,4.786391258239746,3.3132212162017822,4.537852764129639,3.8922982215881348,opentts_lada
a03196c5c8771a5cca6fd85ec6f531d35a8e709d3b042a5e47d3678797c1bd89,5.28,brute_force,False,8f098940e429bdf0,clearervoice_sidon_wet1,3.370473623275757,3.7833940982818604,3.804304838180542,4.060701847076416,3.2345011234283447,3.8087053298950195,3.7714881896972656,opentts_lada
4d2bd66441a38bc21f9f765064f0c4d3be3b5c44dfac949fa5f19ddf7b4a9485,4.92,brute_force,False,6883c011c9ab0f41,legacy_cascade,3.29087495803833,4.278711318969727,3.3431081771850586,4.366250514984131,3.0839457511901855,4.473509788513184,3.64160418510437,opentts_lada
843aeefa2f6fb65105db95e4c2ae3834047fc0f26f3cce671c96341c72779b69,4.7,brute_force,False,15c1b955fd45d0cb,clearervoice_sidon_deepfilternet3_wet0.5,2.9340808391571045,3.8581337928771973,3.827420473098755,3.8261172771453857,3.001366376876831,4.024440765380859,3.541604995727539,opentts_lada
ba83a6686ed42d94d52df89bc59881b366aaced1d6b224b68710eadab351963e,4.8,brute_force,False,d87767e09ae3c0a7,clearervoice_sidon_deepfilternet3_wet0.5,3.7080459594726562,3.8394017219543457,2.6459193229675293,4.45241117477417,2.9840774536132812,3.95976185798645,3.2878808975219727,opentts_lada
c03c5c74055fc3d55cbb1de0a8cc68b56a6dd46af5a0ba07599467c307402222,3.71,brute_force,False,8de6fd86720527cf,legacy_cascade,3.265411853790283,4.549915790557861,3.266003131866455,3.7009904384613037,3.1233479976654053,4.252460479736328,3.5822415351867676,opentts_lada
1054acef33c365d75991d90951bba05814315384bbe415c9fb84e5e214b7625d,3.31,brute_force,False,0d420c948e3fca43,legacy_cascade,2.943014621734619,4.140787601470947,3.457136631011963,4.708353519439697,2.8148133754730225,4.208321571350098,3.414043426513672,opentts_lada
c8ac91b987f77f362b60a454f92d2e8cc3dfe3e64084089fb36493638ba3688c,3.54,brute_force,False,b7c03ad16de492da,deepfilternet3_peakminus3_wet1,3.853473663330078,4.208077907562256,2.663259267807007,4.108382225036621,2.82487416267395,3.9818365573883057,3.7161154747009277,opentts_lada
1060fb7b432140dd597e09d9665d67fb4b3f32b3162cb12b1954d4503e6cf7c6,4.8,brute_force,False,0f5525a960cd2733,deepfilternet3_wet0.5,3.1394665241241455,3.1491880416870117,3.450794219970703,4.267411231994629,2.957744598388672,4.339133262634277,3.2861242294311523,opentts_lada
095f4a60ab2c2d05ba1e46e1e596f2e913009b03435c0403fd43cae89fb1093b,4.570041666666667,brute_force,False,faefb12a08a739b4,clearervoice_sidon_deepfilternet3_wet1,3.9214718341827393,4.098526954650879,3.6260733604431152,4.13701057434082,3.0409491062164307,4.687905311584473,4.179009437561035,opentts_lada
98ae42dae98000cf165ec4a2d70df0d5f831d3b7734a4d57a4f662311794c0ca,2.34,brute_force,False,c0cf2c236786cfe1,clearervoice_sidon_deepfilternet3_wet1,3.4670250415802,4.7676191329956055,3.2725419998168945,4.270870208740234,2.998692274093628,4.258694648742676,3.8159265518188477,opentts_lada
18a20a6c4d3a527dfbb0a873ff2a76d13612c50e57c26c69209add96f89dbc27,2.2600416666666665,brute_force,False,a1cc283cf940e383,legacy_cascade,3.265549898147583,4.600205421447754,3.308884382247925,4.39478874206543,2.9829838275909424,4.193167686462402,3.619488477706909,opentts_lada
c1464b9cfd4452d48a87875fee1d8575e0b1abc396a3304cf749057a18a194c3,5.16,brute_force,False,23c007617141ed90,clearervoice_sidon_deepfilternet3_wet1,2.6083595752716064,3.710841417312622,2.956897735595703,4.250242710113525,2.9094491004943848,3.9271297454833984,3.382220983505249,opentts_lada
3e6af6d25a64d1951d0d548e70f5745abc5663be1e5ad12732fa8934f134c216,4.28,brute_force,False,812f332833a170a3,deepfilternet3_wet1,3.543092727661133,4.408578872680664,2.965940237045288,3.9796581268310547,2.916233777999878,4.313145637512207,3.5883994102478027,opentts_lada
0ca5d14fb42de3e4f90f15c0ee52075cee6ea38a7734479c5ca3b0496fc2c3cc,6.18,brute_force,False,fac6abf113898efb,sidon_wet1,2.9987986087799072,3.4949820041656494,2.551762104034424,4.166958808898926,2.832434892654419,3.9097251892089844,3.449800729751587,opentts_lada
7d2d9e5075184076dfa2a182d7ddf80d499c6836809893d792e47d63738f9dbe,5.16,brute_force,False,e9a72a1613b465ae,clearervoice_sidon_deepfilternet3_wet0.5,3.940119743347168,4.007333755493164,3.019312620162964,4.533924102783203,3.4205880165100098,4.507291316986084,4.024540901184082,opentts_lada
323d5bcf351714169f64f43b005f96d7156d9dec98a0c9b22c85316f2718a068,4.61,brute_force,False,3370cc314324afd0,legacy_cascade,3.6997499465942383,4.835254669189453,3.4695167541503906,3.610100746154785,3.139219045639038,4.724963665008545,4.197807312011719,opentts_lada
d2fd2be481a0ed1760a0c209c2935936f68c7c70a2dfb3d1db51f46b31ae4401,4.16,brute_force,False,ec2af6a0a797fee2,sidon_wet1,3.7436952590942383,4.217474937438965,3.2711410522460938,4.437357425689697,2.9974935054779053,4.089235782623291,3.590115785598755,opentts_lada
2463358087fbb65785f7d58e093da6222b276fc3a0f453c55861dd2ee34919b3,3.24,brute_force,False,5f9e3d1b5205c791,clearervoice_sidon_wet1,3.105743646621704,4.399367332458496,3.167546272277832,4.474696159362793,3.1102864742279053,4.227973937988281,3.8500170707702637,opentts_lada
aec53ce12ca6228a61661c59f1d639f3f228a04d9993262ecd1f70e4777dfe16,5.1,brute_force,False,36d8c7ae4a7d8fcc,clearervoice_sidon_wet0.5,3.3624427318573,4.126615524291992,2.2220075130462646,4.423989772796631,3.010465383529663,4.208664417266846,3.7798287868499756,opentts_lada
50e5b217eac79f469599fd447c56bcb0329ebd69b6a8013a779944eb029c826f,4.54,brute_force,False,5d9cc95c0c3b48cb,clearervoice_sidon_wet1,3.4725773334503174,4.272022724151611,3.5203030109405518,3.7110071182250977,3.266720771789551,4.354854583740234,3.874337911605835,opentts_lada
da93cb17fa86530cf22923dd96343a63c501081e04380a2a8abddc458cfe768b,4.65,brute_force,False,a7cd21518394e414,deepfilternet3_peakminus3_wet1,3.330976724624634,4.501129150390625,3.301344871520996,3.7327792644500732,3.2992050647735596,4.738181114196777,4.026350498199463,opentts_lada
2260227b79be432b2bfa114cface1e73eae31d8ed53bd7ad97f052d3dfc78388,5.59,brute_force,False,8398aa249a64e7dd,legacy_cascade,3.943908929824829,4.548707008361816,3.006692886352539,4.500514030456543,3.0031895637512207,4.583113193511963,3.9178128242492676,opentts_lada
03f2d03973817b10059931c534fd22e4c90bd1b8d198e5759f8aae7b65b69cf1,3.25,brute_force,False,8fe3928a78329cf5,sidon_wet1,3.601228952407837,4.7229390144348145,3.465367317199707,4.584514617919922,3.071446180343628,4.889069557189941,3.558357000350952,opentts_lada
f5668d365d79fb8ee382995eb76e5b0fc1e7a1db831aecc913073cab78bbd709,4.62,brute_force,False,89af8e11c37988c5,normalized_original,3.7838900089263916,3.894774913787842,3.2115638256073,4.419763088226318,3.314727783203125,3.9743990898132324,3.9377188682556152,opentts_lada
eaa7489888ca920055cfd90ff4d4dfec8d44465e4e7fd93c928172c2d1cdddc0,2.8,brute_force,False,37660310fa3b4d6d,legacy_cascade,3.12324857711792,4.891785621643066,3.3434810638427734,4.386077880859375,3.063042640686035,4.253259658813477,3.939516305923462,opentts_lada
693c0d2f20cdd87ce1fe016043bf91b2de9153bbe8608b2dc4f58851e9515e57,4.07,brute_force,False,ae86e1b727ab4994,sidon_wet0.5,3.6123743057250977,4.507952690124512,2.79585862159729,4.104676246643066,2.7253835201263428,4.88170862197876,3.423678159713745,opentts_lada
65f9aa1c1a6f202cf24d6ece3579e23b913d2d96385a2850f256112fa0ffa320,3.3,brute_force,False,c23113a06a84767d,sidon_wet1,2.883307933807373,4.182147026062012,2.8659918308258057,4.324434280395508,3.3416707515716553,4.60938835144043,3.945422410964966,opentts_lada
4da05023a89242080e6db206a65edb25ec9aaea37b019ee31be7cbb947c615b7,5.46,brute_force,True,2e1312c52e3a30c1,sidon_wet0.5,3.8857157230377197,3.755702495574951,3.278488874435425,4.468713760375977,3.5190811157226562,4.657371997833252,3.904130458831787,opentts_lada
70c9a4940f73e881a1d15cbbeaded35e293ff1baf0c970bddbbbd3f699d706a9,2.7400416666666665,brute_force,False,cb52983eab2b2756,normalized_original,2.7391457557678223,4.248364448547363,3.309475898742676,3.6651651859283447,2.9706835746765137,3.99761962890625,3.4641356468200684,opentts_lada
7e6290659da4b4a569c3f9f90b88f3c03ab278076736d1222abc7ca85d020206,3.02,brute_force,False,c136c6d30b2df2ce,deepfilternet3_wet1,3.1483824253082275,3.8291943073272705,3.414804458618164,3.8811380863189697,2.894061803817749,3.8905487060546875,3.605891227722168,opentts_lada
9c55d8f38b09cdc71a9d49f4b822bd1306a20be2211d4744f0911f699c3d9922,3.97,brute_force,False,b4e8a408cefc180c,clearervoice_sidon_deepfilternet3_wet1,3.7210233211517334,4.114457130432129,3.519841194152832,4.167877197265625,3.439929723739624,4.652027130126953,3.936577320098877,opentts_lada
be75c9a6c6f62db1f636f7e5ca75e04465c4349edc6c3fc1ee46c88b6f436503,3.27,brute_force,True,63b846f0797232dd,clearervoice_sidon_deepfilternet3_wet1,4.01593542098999,4.244826316833496,3.2431304454803467,4.705717086791992,3.553678512573242,4.608550548553467,3.8777201175689697,opentts_lada
b7ff37f1e2a217bc40e80ffaaf18b55a535d6c0b3beb846a2d2c3e5c64797c83,3.61,brute_force,False,8572e866f1dc645a,legacy_cascade,3.4589638710021973,4.617002487182617,3.502849578857422,3.7274856567382812,3.2473912239074707,3.9904444217681885,3.9319183826446533,opentts_lada
1824b2c2ecd573528cf908fb56f24ceacbe8512ba9a96fb6d32ab12b3f121067,3.27,brute_force,False,b47d33d39090f18c,clearervoice_sidon_deepfilternet3_wet1,2.743997573852539,4.560568809509277,2.6489574909210205,3.8108716011047363,2.54520320892334,4.453224182128906,3.4079437255859375,opentts_lada
eb461dc17b6f303437a98dd12c1a818334eb89e3f870b388e2e731aa6a81d0da,5.16,brute_force,False,ae7464dd19369d7c,clearervoice_sidon_wet1,3.401700496673584,4.305717468261719,4.327197074890137,4.629892826080322,3.2228288650512695,4.734734535217285,3.817288637161255,opentts_lada
fe6405ba7544bc7903bda55c3cad190070bc7d8774b8fa3146c1150cd18af199,5.7,brute_force,False,1392e9cab03d35ac,sidon_wet1,3.330756664276123,3.9544060230255127,3.707792043685913,4.546940803527832,3.4327762126922607,4.437928676605225,3.982905626296997,opentts_lada
d45121052c1776b6079c5e9fe835106341811f1d872ee877b861bcd861da45ce,2.76,brute_force,False,0d8baee843210a93,normalized_original,4.0940704345703125,4.600350379943848,2.781898260116577,4.078250408172607,2.9896433353424072,4.375098705291748,3.5194907188415527,opentts_lada
1244e3ac75748e373867422c296df0e40a8fe77895d1a576d6a8f09cf74707b3,4.38,brute_force,False,8ef25dfa5c938f24,clearervoice_sidon_deepfilternet3_wet0.5,3.330108404159546,3.9851088523864746,3.8511080741882324,4.226460933685303,3.4301395416259766,4.413999557495117,3.8948540687561035,opentts_lada
b99c564273432b6a861a9ed9c1f9bb182364a81794b047ce15399c57bf881aa3,4.01,brute_force,False,40ca8ab75d42caf5,sidon_wet0.5,3.070096015930176,4.156530380249023,3.525607109069824,4.256558418273926,2.9418880939483643,3.884989023208618,3.5912246704101562,opentts_lada
f1a7c54255ee5380681257405e953e23066a88828119c257b64f652f8606335d,3.5500416666666665,brute_force,False,c3a385cebac82c87,legacy_cascade,3.099433183670044,4.6626434326171875,3.2566261291503906,4.36909294128418,3.1131327152252197,4.165604591369629,3.971334934234619,opentts_lada
bfbb89c7682efb59ba07c555b789e197d1f2eff02cb4cc2c994b830cc5863a4a,5.61,brute_force,False,50b57b7a80c645f6,clearervoice_sidon_deepfilternet3_wet1,3.731823682785034,4.266183376312256,3.9387896060943604,3.7047200202941895,3.0865955352783203,4.667052268981934,3.844660520553589,opentts_lada
71340dad7144cce401068cf9a0e5a8202e9646c470428b859d0e52041da7d048,4.21,brute_force,False,8050544d45d48e02,legacy_cascade,2.988692045211792,4.80619478225708,3.2328362464904785,3.8011505603790283,2.964054584503174,4.748520851135254,3.7070138454437256,opentts_lada
10aec24faf5e30f5d86fc3b67c05c6a3762cbffc11f705fd5b6d27628775c7a0,5.4,brute_force,False,f1a3a5a7e7156e30,clearervoice_sidon_wet1,3.087616443634033,4.136598587036133,3.235867738723755,3.943530321121216,2.628121852874756,4.451196670532227,3.228339433670044,opentts_lada
9ba5e77f3f4448eb7ebc90d24fbcdf11b943ea79ccdc62dba11607fae5e088b9,2.37,brute_force,False,367cf4190991df76,legacy_cascade,3.744619131088257,4.2541728019714355,3.8621366024017334,3.329211711883545,2.904083013534546,4.420016765594482,3.8309245109558105,opentts_lada
e06b7b2bd45d362f63e89e844381cfe955d55ab9a0577c6b54070d833033b8aa,4.99,brute_force,False,38f52c8e92c8c314,legacy_cascade,3.61012601852417,4.307586669921875,3.874098777770996,4.339691162109375,3.423860549926758,4.69432258605957,4.070122718811035,opentts_lada
5e891ef817d6caee7f4dcf06655748d5b6fba3fb5ccd98da79a7891b530b417e,3.94,brute_force,False,9563831fae486725,clearervoice_sidon_deepfilternet3_wet1,3.5796091556549072,4.182941436767578,3.1420376300811768,3.6512367725372314,3.2068469524383545,4.360637664794922,3.9256153106689453,opentts_lada
3501a49c8752e3b1c7c7dbc0cd5a76026af1902d1692b9a03af356cbf7245891,3.42,brute_force,False,500da6c2d85b4239,deepfilternet3_wet1,3.430501699447632,4.579833507537842,2.423358678817749,4.4401702880859375,2.9354851245880127,4.636839389801025,4.042730331420898,opentts_lada
8bda8fa54a54a15159eafdc018e81b9df5d6b3b80afc9ad69ddddc676fee8768,2.94,brute_force,False,6d435c25ec88193a,legacy_cascade,3.2190444469451904,4.182629585266113,3.2607662677764893,3.8971219062805176,3.1669273376464844,3.9137227535247803,3.8584794998168945,opentts_lada
bce9fbc50cf9e6fe646dd2f3f5ed35a45ea1852fe4f26a8b980a1f82fb9a0dac,3.48,brute_force,False,754d3aa83fff6c31,clearervoice_sidon_deepfilternet3_wet0.5,3.3054699897766113,4.655250549316406,4.204202651977539,4.116353511810303,3.100914478302002,4.7207136154174805,4.133665084838867,opentts_lada
6de980273664f79398121a46da7a47ee73c0b7a27ec4ec36c86825b1edea5e0b,3.89,brute_force,False,c6033c8f5d1b61f0,clearervoice_sidon_deepfilternet3_wet1,2.761946678161621,4.664572238922119,4.353217124938965,3.9992759227752686,2.966688871383667,4.647526741027832,4.062847137451172,opentts_lada
53c87a82815cab1f9fe8dbbf895e5d328a4d2584fab03b09faf1911327707c3c,3.49,brute_force,False,4115fa4f711a73c3,clearervoice_sidon_deepfilternet3_wet0.5,3.24690842628479,4.375582695007324,3.6680686473846436,4.047601699829102,3.0316731929779053,4.7108659744262695,3.789740562438965,opentts_lada
18c4d314a83f0b394caf2dacf72e6aa001639a8bfcdac24168d6b3bbe70e4e7c,5.1,brute_force,False,22aae211e4a9f6bb,deepfilternet3_wet1,3.2916810512542725,3.8612701892852783,3.3711540699005127,4.180474281311035,3.38301420211792,4.612961769104004,3.8595690727233887,opentts_lada
2289759d348f6c1323eee29285e896d45ddb13c529e131196dafded85fea2dca,2.86,brute_force,False,afcd21da27e9d366,clearervoice_sidon_deepfilternet3_wet0.5,3.278369426727295,4.152946472167969,2.9507408142089844,3.447509288787842,2.87632417678833,3.5142180919647217,3.9444823265075684,opentts_lada
67ab1c80ea5741588f5267b11bfc0e1c16220529796e61df24f10fb69da30725,5.14,brute_force,False,2cfc2221e4930a13,sidon_wet0.5,3.624577283859253,4.7266035079956055,3.2463276386260986,4.311592102050781,3.4939637184143066,4.658538818359375,4.02606725692749,opentts_lada
5040a12829176d2e474f85b578f500b520efbf9238f204edad60377d5527fb3e,4.07,brute_force,False,60a88bb5a86a6769,legacy_cascade,3.130246162414551,4.8821258544921875,4.3052167892456055,4.543718338012695,3.1595990657806396,4.549988269805908,3.967456102371216,opentts_lada
2bf57015024567c21899bc660e7d75807a52f96f74f2af4c45b6651894e2b264,5.52,brute_force,False,993562ae800f5241,clearervoice_sidon_deepfilternet3_wet1,3.175180435180664,3.754847764968872,3.268740177154541,4.486687660217285,3.0503993034362793,4.240251541137695,3.414156675338745,opentts_lada
4e7fa19f26b2be2f1de714cfd4f926e09ce54b7e203b44ebd4f91c3dba8110ac,2.5900416666666666,brute_force,False,1638d7672e185d8d,clearervoice_sidon_wet0.5,3.3602044582366943,3.7167086601257324,3.8874006271362305,3.7597033977508545,3.1725924015045166,3.954197406768799,3.905458450317383,opentts_lada
74ffa77433af6edb4f97991ab4744e4581407b975f769a610cd3fc5d97446815,4.74,brute_force,False,e54cb0321b792fb3,normalized_original,3.756899356842041,3.860640048980713,2.99973726272583,4.3551740646362305,3.2366764545440674,4.208642959594727,3.7734241485595703,opentts_lada
9a3b055d315f339d8c465e110043e57211e97195b1801a3a77b1a78b8a454da3,4.32,brute_force,False,d2ce58ca31ea83b0,sidon_wet0.5,3.3341894149780273,3.3263347148895264,3.194279193878174,3.742802381515503,2.819333553314209,3.779569625854492,3.0969157218933105,opentts_lada
a5a086e086d2487fec916006649320d12978d59ad6613e550dd40568c785d24c,4.670041666666667,brute_force,False,5304f7031602317a,sidon_wet1,3.704650402069092,4.374392509460449,3.599762439727783,4.348999500274658,3.261939764022827,4.195917129516602,3.722222328186035,opentts_lada
dbc12053fb17d32fa745e233c84f9b6a3f4a9c6e5e28c1f14a3b340c1cff20a2,3.64,brute_force,False,6631f5ca7fe6482d,deepfilternet3_wet1,2.994931697845459,4.87251091003418,2.8076252937316895,3.8435275554656982,2.7507245540618896,4.627072811126709,3.4291815757751465,opentts_lada
b0e68bdc1e4cd437ed4bda179c23e5708c404ad9e038684a3cca2c7212ba9927,2.79,brute_force,False,3ffe87a8fbd2ba55,legacy_cascade,3.157613754272461,4.6688737869262695,3.066537857055664,4.406064033508301,3.1998677253723145,4.503897666931152,3.7199392318725586,opentts_lada
58037200241a9c989d629d8807cd6657ff645c6d577118ddf6af8081969e20bf,2.92,brute_force,False,d97c3ffd13bab92d,normalized_original,3.591991424560547,4.576652526855469,2.604604482650757,4.1768012046813965,3.4009335041046143,4.297348499298096,3.9807872772216797,opentts_lada
dadb8c68c011a44be012ff4377195b1dd5ef5b8e29d77320df2b0b0a7be80c9b,5.400041666666667,brute_force,False,e9811b7c2ddd4e3b,legacy_cascade,3.3263823986053467,4.579254150390625,3.737152338027954,4.547933578491211,3.392096757888794,4.610726356506348,3.886967182159424,opentts_lada
1f336e766053399f72ace00c5f58adc54b0e942bd5a32b7ff6c75f5f84054125,4.92,brute_force,False,db9a783efaeefc90,clearervoice_sidon_deepfilternet3_wet0.5,3.1280782222747803,3.960531234741211,4.178340911865234,4.126847743988037,3.132819890975952,3.9715940952301025,3.80183744430542,opentts_lada
ec61d1f6fa5b25a71de8a8c39df6fded6bfe4c589323e928cceea607de48a4c7,4.06,brute_force,False,3faa153457aa9053,deepfilternet3_peakminus3_wet0.75,3.2902088165283203,4.368083953857422,3.145554542541504,4.02592134475708,3.084430694580078,4.4230499267578125,3.53100323677063,opentts_lada
f7f0bf611de73caca321e37443f7d536589ff87688e82e9a734ea25ccaae0b5a,3.430041666666667,brute_force,False,0b791c8fee95553d,clearervoice_sidon_wet0.5,3.322624444961548,4.545803070068359,3.208707094192505,4.680663585662842,3.0954322814941406,4.013262748718262,4.1418867111206055,opentts_lada
0658e61069dd5822f5eb5d400f345250d07a7346b7e9a5c5be40a41a775b44a9,3.29,brute_force,False,e951bb2bb584ed3b,clearervoice_sidon_deepfilternet3_wet1,3.207223415374756,4.729068756103516,3.424476385116577,4.43880558013916,3.1472368240356445,4.441515922546387,3.874103307723999,opentts_lada
b0496916ec512f4b87f794b8344439a268371db555c0a0340b8c1f6fbc8b4b71,2.7,brute_force,False,de17a05f28fba27d,clearervoice_wet1,3.1850619316101074,3.89040470123291,3.5007681846618652,3.621370792388916,3.0211379528045654,3.767279624938965,3.573451519012451,opentts_lada
baff1c482d4356cc019d812d227c726b35770118c088ebbf924e3f745bfbb16b,4.62,brute_force,False,a46c4e3dd06a9aaf,normalized_original,3.4489634037017822,4.794377326965332,3.581960678100586,3.8067052364349365,3.2502903938293457,4.456322193145752,3.7171504497528076,opentts_lada
314d861ac3b2bfac9ae82c2e83d351ddeccb9adc8d3336e5bd4cfb96ab1ad49f,4.34,brute_force,False,3239037655f3c62b,clearervoice_sidon_deepfilternet3_wet1,3.3523972034454346,3.84512996673584,3.153318405151367,3.8988940715789795,2.9190099239349365,3.8335909843444824,3.3778557777404785,opentts_lada
680a1f1210592c77434587322506fc690c69b6be093e6413b0c23abf921e8665,1.95,brute_force,True,0926bee71f6de28a,sidon_wet0.5,3.6765148639678955,4.568395614624023,3.49005126953125,3.7530319690704346,3.5522713661193848,4.541876792907715,4.014304161071777,opentts_lada
f8dc4bb9d4af9040e20942913ac4d08aeca405704dc5d76c6b9b21fdeff0904c,4.08,brute_force,False,15216fcd52dfed59,deepfilternet3_peakminus3_wet0.75,3.322990894317627,3.8038735389709473,2.656977415084839,4.28765344619751,3.108654737472534,4.007383346557617,3.540879011154175,opentts_lada
7710cb7277cb5019b63d1f4e596a6c3b5009808f3a56e17f76038ccd38c04cf2,4.32,brute_force,False,b2d2f9b372cebb9a,clearervoice_sidon_deepfilternet3_wet1,3.8591768741607666,3.812490463256836,3.3382441997528076,4.06222677230835,3.2174923419952393,4.4524946212768555,3.3790390491485596,opentts_lada
f8365641d570d9cf23fc782bf001d4a9f5e7d2212f1ea10ee179a602bc81de13,2.66,brute_force,False,6a7781dfa09ea82e,sidon_wet1,3.5580782890319824,4.461711406707764,3.5656821727752686,4.006546974182129,3.1365630626678467,4.233175277709961,3.774263858795166,opentts_lada
fc747f260ead902056310f621df89a5e7acac378b4f39b16ad96ff231c75b791,5.7,brute_force,False,1f0ad04adc6756b7,clearervoice_wet0.5,3.5627665519714355,3.872093915939331,2.698577404022217,4.2135796546936035,3.072375774383545,4.1658406257629395,3.7025704383850098,opentts_lada
7a74f59234e6c42aec18828d0d52ac0303571ace66d5f8824c02a830baf80241,4.100041666666667,brute_force,False,e576487c8a8d17b7,clearervoice_sidon_deepfilternet3_wet1,3.0829854011535645,4.511323928833008,3.087679147720337,4.38033390045166,2.9152109622955322,3.988284111022949,3.4010367393493652,opentts_lada
f8f2ef98727891886094ff66a362cedbab48b844aa457aac9616efc06d139066,3.4200416666666666,brute_force,False,c38700278b6b82f4,sidon_wet0.5,3.340311050415039,4.002613544464111,3.6494834423065186,4.579910755157471,2.9763309955596924,3.5651400089263916,3.9282963275909424,opentts_lada
73a5b374f0a3862d13426d82841dc703818410664c6aa726202a0bd0a5f2b4af,3.0,brute_force,False,d93fc4c98890ebf0,clearervoice_sidon_wet1,3.440244674682617,4.8334245681762695,4.246105194091797,4.152825355529785,2.9027750492095947,4.7531633377075195,3.8947439193725586,opentts_lada
919793013dfcb339a96b117cef86e25f044cc1f2b5842bae897593fca5c786a4,5.1,brute_force,False,f7e215626f22d612,clearervoice_sidon_deepfilternet3_wet1,3.5214831829071045,4.360715866088867,3.966921091079712,4.503042221069336,3.315056800842285,4.636706829071045,3.7420296669006348,opentts_lada
5d37cdc193e6f592d8eb1d6bc94e502046d7649c98d2db837c6774050644cbb4,2.96,brute_force,False,f03f962b4c44f815,legacy_cascade,3.3047890663146973,4.117282867431641,3.26049542427063,4.383560657501221,3.2541725635528564,4.605352401733398,3.8027071952819824,opentts_lada
8247f818f5744f848b977406db0dd6dc77fe85774beefbd4dbc7b63196b1eb6c,4.22,brute_force,False,eb744d66547433cf,legacy_cascade,3.5360066890716553,4.784971237182617,3.5344669818878174,4.3365478515625,2.8949365615844727,4.445418834686279,3.7096645832061768,opentts_lada
35c6c2fd44d5a241ac9c7b78870de6e5489a0b022b859a1b0231ac8cc4a7dfa2,5.4,brute_force,False,cc9834c73af666b8,legacy_cascade,3.556964635848999,4.027585983276367,3.0443012714385986,4.408694267272949,3.2146012783050537,4.697198867797852,3.665740489959717,opentts_lada
ce5bb948905f50e21ec2054047bb5db737c29c26b3e2e2a02cf06ed788d352dc,2.71,brute_force,False,346d44fa77ff8baa,sidon_wet1,3.457488536834717,4.199793815612793,2.907813310623169,3.811704397201538,3.1208977699279785,4.56272029876709,3.958911895751953,opentts_lada
83d62d32f0a349212649c812d77ace777cea56016ac1a39b45ff21ecabd0d57e,2.65,brute_force,False,fd4fada003f9d13c,clearervoice_sidon_deepfilternet3_wet1,3.1656503677368164,4.573497772216797,3.0420477390289307,4.115525245666504,2.993605136871338,4.40599250793457,3.9519083499908447,opentts_lada
9a8424a0a109952ddc71bea6453bf4c5abffeef6ce71903a16f8299703e4fdfc,4.160041666666666,brute_force,False,b77683880022388b,deepfilternet3_peakminus3_wet1,3.327566623687744,4.242976188659668,2.969538450241089,3.590311288833618,2.728118658065796,4.573661804199219,3.8061330318450928,opentts_lada
c989d52f764cf4bc0cf8b543c22b4c500a2f11bf9bec7c25f1f666a68aeb953e,4.35,brute_force,True,ceffff0097a3c337,legacy_cascade,3.5551633834838867,4.076042175292969,3.933284044265747,4.580183029174805,3.5489108562469482,4.702855587005615,4.076569557189941,opentts_lada
a4bcbbfbff93660f82ae0a1e58a757c7fe5037c538bec1c807bb046e68b09004,2.31,brute_force,True,d9142a1825f6670e,deepfilternet3_wet1,3.744205951690674,4.537064552307129,4.545287132263184,4.671806812286377,3.8683197498321533,4.437891483306885,4.256141662597656,opentts_mykyta
31262a3abb92a196e9a2e5d191f03bc16aeec3b0c420ef3e1d80435848833300,2.58,brute_force,False,58a476fc30599f00,clearervoice_sidon_wet1,3.0430331230163574,4.501160144805908,3.6949830055236816,4.276322364807129,3.1882550716400146,4.806027412414551,3.536128520965576,opentts_mykyta
26462d878d125c78f0ad7a053acaef12ecf05d14a8f59823eee8bf1691c374b0,5.86,brute_force,True,a873e806b8130af9,deepfilternet3_wet1,4.815287113189697,4.349080562591553,3.9954183101654053,4.054165840148926,4.0671234130859375,4.3057475090026855,4.439274787902832,opentts_mykyta
fddef669c55e7c16ab1349a6c30e1d6ae8b35bbc31b14fe9500e9c2a0d6e0bc4,6.16,brute_force,True,46aa2e4062987a5d,sidon_wet0.5,3.9455487728118896,3.9862561225891113,4.386318206787109,4.226161003112793,3.7114601135253906,4.696700096130371,4.211264133453369,opentts_mykyta
194a432daf3ff7894d425ed5602fdcc477adf0a7b14ee97689c951820d8e43d1,4.3,brute_force,True,3a2012d91c2c6df9,normalized_original,3.7142174243927,4.135359764099121,4.382029056549072,4.462832927703857,3.974191188812256,4.409885883331299,4.467260360717773,opentts_mykyta
dd04e3b2dff6a21d4afdbcf179594e3cb14ac67d06c1cc6ec232e88c3cd75a99,4.62,brute_force,True,1853fc4b9f791b61,clearervoice_sidon_deepfilternet3_wet1,3.8029377460479736,4.383766174316406,3.984199285507202,4.533107757568359,3.9313225746154785,4.784049034118652,4.3350114822387695,opentts_mykyta
58b65a1f9e7e5333fb5056fdee762b04c5f9b023bd23e0302bef253fc897ac0c,3.01,brute_force,False,1f1ae89bb0ffb8b8,clearervoice_sidon_wet1,3.8030476570129395,4.034346580505371,4.179427623748779,4.238588333129883,3.386448383331299,4.6534423828125,3.6690831184387207,opentts_mykyta
deae706d799722661bb8f5da77948e8b26953a27c6e6bd08c2481b08de2abdda,5.51,brute_force,True,11a93ede4910d3dd,sidon_wet0.5,4.219931602478027,3.7316155433654785,4.072376251220703,4.258213520050049,3.8175511360168457,4.605933666229248,4.359116554260254,opentts_mykyta
60449f5a8118ea68a21ea525dcf1a49294973600929db1d0c87cfa898dc0a3d0,3.15,brute_force,True,93bfc7f74dde98e1,clearervoice_sidon_wet1,4.238278388977051,4.400802135467529,4.146722316741943,4.233748435974121,3.832411527633667,4.713345050811768,4.160918712615967,opentts_mykyta
58f8ab885a7bad66273cc041f31032814728da6e5688003e3a1e2f64b353b102,2.08,brute_force,True,c227e2b3fb38f248,normalized_original,3.3232944011688232,4.590520858764648,3.7231059074401855,4.330893516540527,3.7691361904144287,4.0994873046875,4.3927764892578125,opentts_mykyta
5be1c4b51f2f974b4f900d40635d5a54c05e1902c4ffe28b89d366e38a56423d,2.34,brute_force,True,8e1d3dd1aac3927d,normalized_original,4.5336809158325195,4.953678131103516,4.439912796020508,4.749887466430664,4.461276054382324,4.857760429382324,4.724535942077637,opentts_mykyta
bd825250dc808358aa421e11dcfac7f4b06f100e3367c3e27617286355193d71,3.23,brute_force,True,26bdebf13abce380,sidon_wet0.5,4.532487869262695,4.755685806274414,4.525018692016602,4.337621212005615,4.02732515335083,4.805469512939453,4.435763835906982,opentts_mykyta
130b85ca6f114a618f72de2b68e155b8a6eb722322ab528e4428c110ec7900c6,5.15,brute_force,True,068c6b39972a03f6,normalized_original,4.4678955078125,4.604803085327148,4.918543815612793,3.8875491619110107,4.151534557342529,4.559683799743652,4.519445419311523,opentts_mykyta
f1a09e1ce3d91ac0dceba003a25e472c5fab9484e01761dd202a3dedd003beff,2.05,brute_force,False,33d5751b554e65c1,normalized_original,3.507314443588257,3.791419744491577,3.997622489929199,4.342294216156006,3.191296339035034,3.9238829612731934,3.503366470336914,opentts_mykyta
f3e72f8db707f8ffef8ec3e7eeae9a4b34fce85c9779c4041eb0112f5a65ed61,4.1,brute_force,True,d411f0cb05023318,normalized_original,3.894364595413208,4.184591770172119,4.021939277648926,4.3298749923706055,3.7718276977539062,4.116463661193848,4.213645935058594,opentts_mykyta
0ed5f7f2eb098f121fc82756a2aa77bf1f0d9a79f1242a6b7079cc558d8e627d,4.16,brute_force,True,83e20366aa3cd58e,clearervoice_sidon_deepfilternet3_wet0.5,3.515824317932129,4.448339462280273,4.015075206756592,4.452424049377441,3.6528544425964355,4.815906524658203,4.1460676193237305,opentts_mykyta
a46316d8e25a683a51a06bb1c99d0629d836ae9cbf1860f69cce0b5faa72d86c,3.22,brute_force,True,0fa020189e7c14d7,normalized_original,3.8012354373931885,4.190418243408203,4.246577262878418,4.058824062347412,3.8277406692504883,4.424901962280273,4.406355857849121,opentts_mykyta
b439fd8e35d64ea021816854ee21aa2c9b3c79ba613f230e32c4cbedde5fb195,3.3,brute_force,True,b218e5f5481f2829,sidon_wet1,3.4527785778045654,4.626909255981445,4.860206127166748,4.683803558349609,3.75467586517334,4.828739643096924,4.155646800994873,opentts_mykyta
e2d95987caf19c548042df934ae9b2bcb245fc212e503823e6edb7943e1c5cce,5.6,brute_force,True,893ac17a096d2adf,deepfilternet3_wet1,3.768148899078369,4.17839241027832,3.948453664779663,4.371564865112305,3.843045711517334,3.9896819591522217,4.196295738220215,opentts_mykyta
e340ec8f181d89bdea765291ecaf1843e700329506c2eb6093681fe708ecc7df,3.9700416666666665,brute_force,False,8683742dfe90c138,clearervoice_sidon_wet0.5,3.8416717052459717,3.9598922729492188,3.7310516834259033,4.082583904266357,3.4204471111297607,4.162064075469971,3.767535924911499,opentts_mykyta
799f7ed3a5d700cb5175a09f91ff265417d455783630eb878c6459f5cbc530fb,5.49,brute_force,True,cab9c4d164655544,normalized_original,4.027952671051025,4.718401908874512,4.217035293579102,4.650607109069824,3.814073324203491,4.332943439483643,4.33803653717041,opentts_mykyta
c45b78f22a179165fe62a88507afeeae292ff045d66db51476b57443e533e3a0,5.28,brute_force,True,71f0271b5dfe44f8,deepfilternet3_wet1,3.796180486679077,3.9083073139190674,3.8021352291107178,3.8766543865203857,3.6634106636047363,3.9906227588653564,4.176553726196289,opentts_mykyta
c4c6302207b3fe2007b304aecef7502529b2e08ba44f1880d6ccf8b0ad6a094c,5.55,brute_force,True,d1b2cd8e8e3b9e91,deepfilternet3_peakminus3_wet0.75,3.725706100463867,4.090615272521973,3.808985948562622,4.386404991149902,3.509857416152954,4.403095722198486,3.7383909225463867,opentts_mykyta
e493ec58f68aa5fb8f26d80b9940189bb79aa1eea8fe2cc15f5830b6101365fa,2.16,brute_force,False,6057d3ad2ee84619,deepfilternet3_wet1,3.195492744445801,4.661859512329102,4.52193546295166,4.371206283569336,3.2847108840942383,4.014346122741699,3.6137239933013916,opentts_mykyta
ff06ac915cb3cda7bf3aef50638d73c2bbb4c6d6b701049da64d47d20f7c5084,2.0,brute_force,False,e482532f1c169286,deepfilternet3_peakminus3_wet1,4.033689975738525,4.359893798828125,3.3610081672668457,4.610828876495361,3.469534397125244,4.544198989868164,4.160111904144287,opentts_mykyta
7afc2c11dd26ada92e60c93e4fbc7106a387eedff8683c064e1396a69d14e332,2.32,brute_force,False,b60e2ca45d3ebc8a,sidon_wet1,3.932450532913208,4.402980804443359,4.13323974609375,4.248193740844727,3.3293259143829346,4.840939521789551,3.5775134563446045,opentts_mykyta
db84fb61a1830539de102ac2cec92cd9efd9d0c96ad36df87df956e50d3175ac,3.73,brute_force,True,af8eeb0bdaaf6faf,sidon_wet1,3.977543592453003,4.059737205505371,4.055647850036621,4.380990028381348,4.004552364349365,4.922183990478516,4.182801246643066,opentts_mykyta
f4f27c4cbcc75bb37bff739b627b1ab4db1afab7e169c3710a4e52cb626877f6,4.08,brute_force,True,38f2f5441396d96c,clearervoice_sidon_deepfilternet3_wet0.5,4.27789831161499,4.504356384277344,4.323574542999268,4.022563934326172,3.990619421005249,4.262332439422607,4.48057222366333,opentts_mykyta
34b508d1d82551f5b77a263d49c5cf78e5a7bccc83982509c32f2d36d2d283ed,2.73,brute_force,True,d944b26bf4c847b1,legacy_cascade,3.7944040298461914,4.507922172546387,4.173327445983887,4.143754959106445,3.8814616203308105,4.628279685974121,4.372018814086914,opentts_mykyta
71436d50d2d6e7710c86dce64daf627c0698af8df4d33f59ae250f5f1b193b0c,3.18,brute_force,True,bb95b943aaeb4c5e,clearervoice_sidon_deepfilternet3_wet1,3.67764949798584,4.606365203857422,4.444144248962402,4.044320106506348,3.6361162662506104,4.82338285446167,4.10345983505249,opentts_mykyta
945b794c54a45be5e42ed8d65ccc69b488e9d3faf6b510103f1ed4cb9212150a,2.76,brute_force,True,ce673f8d30ab8f12,clearervoice_wet1,3.4481842517852783,4.204288005828857,4.469003677368164,4.454985618591309,3.698578119277954,4.596458435058594,4.037650108337402,opentts_mykyta
e48ccf1b89eeddac8d7750955ab166e11c1a30df5d72c18379c0ad241d307d06,6.96,brute_force,True,eb7ee2068c5040e2,sidon_wet0.5,3.752812385559082,4.418769836425781,4.429204940795898,4.425407886505127,3.7215466499328613,4.572650909423828,4.191044330596924,opentts_mykyta
07e809546346ce713af76a5e7e6be90af62dd8963420a4051fd00e854595dbce,2.39,brute_force,True,650a0b090c1c3aa2,deepfilternet3_peakminus3_wet1,3.4107015132904053,4.338277816772461,3.2025909423828125,4.3380818367004395,3.775871992111206,4.330685615539551,4.2298712730407715,opentts_mykyta
872815f3cf4ac5245ed091d6905b4ad1da9ac892f4bda8949f70aabef5b48769,2.52,brute_force,True,54128cb05339f5b0,deepfilternet3_peakminus3_wet0.75,4.220804214477539,4.572927951812744,4.694736480712891,4.179631233215332,3.6137852668762207,4.559789657592773,4.297150611877441,opentts_mykyta
e05f02b48028a79a0c032adbb30116995528237824572ef74e86c22079948452,2.33,brute_force,True,cc5d36cab9c23040,deepfilternet3_wet1,3.4331400394439697,4.431321144104004,3.5026018619537354,4.163429260253906,3.6378402709960938,3.9602468013763428,4.111871719360352,opentts_mykyta
93a5037d3b83324aca30baae5e3a02876afa4215aa0b13c8c406ddc20b6816d6,5.46,brute_force,True,89a174d7aca41048,deepfilternet3_wet1,4.237051010131836,4.185945510864258,4.620795726776123,4.278162956237793,3.854458808898926,4.6209306716918945,4.270552158355713,opentts_mykyta
46a3f1aa0c634198194ba210651437129e55c47f50377852cb95642119d913d5,5.76,brute_force,True,40710901d6cb8262,legacy_cascade,3.4227428436279297,4.003114700317383,3.9808220863342285,4.331010818481445,3.755317449569702,4.498037338256836,4.238330841064453,opentts_mykyta
ef3525430ee86c560a0769155dd4c90a60e6fa61dd05cf9aeaf2a2ff804911ae,1.8600416666666666,brute_force,True,ec6d1dbdf3184832,clearervoice_sidon_wet0.5,3.986232042312622,4.896722793579102,3.5391547679901123,4.6214704513549805,3.5459702014923096,4.214298248291016,4.386373519897461,opentts_mykyta
7c63c9c3bcc5c4a33eb341568296b442836ef65686785d73e82207943624f905,2.8,brute_force,True,9a04b60abe51ab96,deepfilternet3_wet1,4.217586040496826,4.715816497802734,3.603966474533081,4.375276565551758,4.035698890686035,4.719173431396484,4.621157169342041,opentts_mykyta
2f4c6572d6f2f10f2a339f6e64f2b6303899732c084ec1dd5a7e5776450c44e5,4.25,brute_force,True,1020265fb84912cd,deepfilternet3_wet1,3.8573529720306396,4.606241703033447,4.31536865234375,4.190291404724121,3.9480996131896973,4.569097995758057,4.3226318359375,opentts_mykyta
8f8cbf6429068ccbdb8f6a92a8c1bc4219f7d50241a872601862917a5a33dba1,2.44,brute_force,True,28cdbef953fe3a3d,clearervoice_wet1,3.9270262718200684,4.918035507202148,4.0614848136901855,4.798872947692871,3.816283702850342,4.018998622894287,4.184030532836914,opentts_mykyta
9332c1fd5e742c80c4572f920f96cc8312679aa51029cb02505c4dcaf4bc62cb,2.85,brute_force,True,816a74e16fd172b3,clearervoice_sidon_deepfilternet3_wet0.5,3.44459867477417,4.238147258758545,4.166576385498047,4.208803176879883,3.5812487602233887,4.247217178344727,3.876430034637451,opentts_mykyta
0aae0830dfe535bda1306fbaf656d0776952acff23fecea7a5f832ef85c94fc3,4.46,brute_force,True,3ae6136844cf3860,deepfilternet3_wet1,3.915853261947632,4.248318195343018,4.29890251159668,4.293966293334961,3.8619019985198975,4.387001037597656,4.420131683349609,opentts_mykyta
393865a3f2035cbccfe24d983bbaab31dacd6f4dec0c14baebe6369abe4e8dcf,2.48,brute_force,True,45c74b66f4e52208,deepfilternet3_peakminus3_wet1,3.6607868671417236,4.770850658416748,4.4423723220825195,4.850860595703125,3.855297803878784,4.87809944152832,3.994434118270874,opentts_mykyta
1da4fadbd199f2b03d934681f235819aeeff48779194f453c54b325ceca2cd04,4.89,brute_force,True,24853fa87a94d515,normalized_original,4.035456657409668,4.2504730224609375,3.632152795791626,4.619500637054443,3.6199662685394287,3.8778176307678223,3.994353771209717,opentts_mykyta
fc44a32c99cf99cda94ebfe81f20fcfe70ab21357fd48528348624ad6cde673c,6.01,brute_force,True,ae9b420e7bff1109,normalized_original,4.700176239013672,4.5966997146606445,4.147884845733643,4.469359397888184,4.544216156005859,4.729833602905273,4.781237602233887,opentts_mykyta
ba98c98163b307f783207ecd8b0c2944248b2b453d07149a66730b4eb2ab356f,4.42,brute_force,True,665b5819f3675c27,legacy_cascade,3.295037031173706,3.4258835315704346,3.7994065284729004,4.022191047668457,4.301727294921875,4.882223129272461,4.489989280700684,opentts_mykyta
930cefbec2184821616f626dfaed414543289ebdd889fcb99f433a695c141ece,1.7800416666666667,brute_force,False,8d75b459ab38ab77,clearervoice_sidon_deepfilternet3_wet0.5,3.337097644805908,4.869738578796387,4.004675388336182,4.374602317810059,3.481560707092285,3.8116941452026367,3.8747596740722656,opentts_mykyta
788ce4d4cd2c8b23ffe21355abcc2b3b26e6540509fbb9979d5e655af6dd9b3c,2.56,brute_force,True,d9495281ebad598c,normalized_original,4.414280891418457,4.73918342590332,3.6356256008148193,4.489518642425537,4.031529426574707,3.97751522064209,4.3335161209106445,opentts_mykyta
e343e6b9a5502b8c9eed0fb00571b9346e05df5a6b7ea3eb7008862d3534d372,4.61,brute_force,True,702d94d54b2de6ea,clearervoice_sidon_deepfilternet3_wet1,3.758535861968994,4.588544845581055,4.3752031326293945,4.336648941040039,3.882486581802368,4.641263961791992,4.362948417663574,opentts_mykyta
df672c3b054fcabd48e27f87bcd29ab9490f6265c473a4538f1de677b2b354e5,2.32,brute_force,True,759503caf060248e,deepfilternet3_wet0.5,4.050119876861572,4.795646667480469,3.763991594314575,4.1843461990356445,4.008281230926514,3.5211021900177,4.279326438903809,opentts_mykyta
dea3d387de8f3b66925de7f12969e73d743d39f5ad6809e7b638d1925c73652b,6.05,brute_force,False,9aa6e3a376121857,clearervoice_sidon_deepfilternet3_wet1,3.5658459663391113,4.275224685668945,3.872889757156372,4.1462931632995605,3.289175271987915,4.455002784729004,4.152952194213867,opentts_mykyta
24c6135ae8043c2da08644a6220b373dbc096198b12de94546d55669af70f2dd,2.32,brute_force,False,6eb6a11b059b40ed,deepfilternet3_wet1,3.1741585731506348,3.9158427715301514,3.538849115371704,4.205065727233887,3.453099489212036,4.252615928649902,4.050859451293945,opentts_mykyta
a156a5ef718963de8a391d7282f9ec38c517d5a38763bb9c490d04b1cfd4b5d1,7.73,brute_force,True,c3d00006e0bfca7f,deepfilternet3_peakminus3_wet1,4.525229454040527,4.415631294250488,4.42232084274292,4.266725540161133,4.300695896148682,4.529385566711426,4.6414265632629395,opentts_mykyta
eb1955146a4e23083348c25665c44c7402b2f8b945b013606c2015abb076567c,3.03,brute_force,True,172b480844041235,deepfilternet3_wet0.5,4.2144670486450195,4.478632926940918,3.931196689605713,4.550928115844727,3.960669755935669,4.481288909912109,4.390645503997803,opentts_mykyta
0971958778d363208b967f2980e57401a92fa2ec9d21941604a5ce1db8792d21,4.01,brute_force,True,3e5148008feaa9d6,legacy_cascade,3.544577121734619,4.0521697998046875,4.421267032623291,4.021307945251465,3.9017298221588135,4.4331159591674805,4.294804573059082,opentts_mykyta
4e91d64d8f9cc95f525038e2dc795b7f0ead83a592b3b74abb9b1b5f3fcae96b,4.64,brute_force,True,779b30fd4a6ef945,normalized_original,3.991910934448242,4.373664855957031,4.039346218109131,4.254208087921143,3.8504140377044678,4.093781471252441,4.335928916931152,opentts_mykyta
72b0568521f72497b6f9762ee29f0617d143a36766d24164de2acae17411befd,4.74,brute_force,True,c2022c0fb7fb3cbb,legacy_cascade,4.041407585144043,3.881655693054199,3.941693067550659,4.166938781738281,3.7569334506988525,4.451586723327637,4.23580265045166,opentts_mykyta
47e91fa2f1490731701ab6bc3e25b700cf6b970abca4b19bd05adc15b1934ff2,3.91,brute_force,True,0e70b22afd9d6907,deepfilternet3_peakminus3_wet1,3.5772664546966553,4.636599540710449,3.1219899654388428,4.835803508758545,4.1246538162231445,3.984898567199707,4.220316410064697,opentts_mykyta
4e95b47e3f304ac2a32d15d13c725b18ccf65b48fbffe1cf8daa933d2d8770fe,4.33,brute_force,True,0b4fcd3172eb7286,deepfilternet3_wet1,3.998492479324341,3.9808807373046875,4.279893398284912,4.4738640785217285,3.894171714782715,4.514889717102051,4.227700233459473,opentts_mykyta
72a913c120f970e578c1a31d4d0acb610667a201fc6106bf2281cee04d4cc4f7,4.97,brute_force,True,b341789359dce578,normalized_original,3.864609956741333,4.466243743896484,3.8214926719665527,4.270346641540527,3.732805013656616,4.157693862915039,4.180481910705566,opentts_mykyta
e3b75b3517ad75b8d20b4998c0ad088b3714ae092326db47a740ca6caee16ba9,3.09,brute_force,True,56af01b39e804540,clearervoice_sidon_wet1,3.904482841491699,4.73134183883667,4.164368629455566,3.9617040157318115,3.537630081176758,4.708591461181641,4.050690650939941,opentts_mykyta
4af74756a90693d7478a91639bb8ad026272c144df747a9ddfb5b80e8fdbb343,3.24,brute_force,True,08cd68b8108e009a,deepfilternet3_wet0.5,4.147754669189453,4.542730331420898,3.628218650817871,4.7857866287231445,3.9109549522399902,4.694731712341309,4.360036373138428,opentts_mykyta
c4578f5a926432379f575bd692590271587b0c70ad623d44992472d670e5786c,1.7700416666666667,brute_force,True,1225dbcf200ac14c,deepfilternet3_peakminus3_wet1,3.6983895301818848,4.589457035064697,3.657682418823242,4.289505958557129,3.97418475151062,3.478454828262329,4.2249064445495605,opentts_mykyta
add747ee651650e889133be8748f3710e620c5e46e9914a6e34e1dbdcb4af241,6.01,brute_force,True,7faeadec8c57496d,deepfilternet3_peakminus3_wet1,3.537421941757202,4.72403621673584,4.700007438659668,4.1895856857299805,3.5437610149383545,4.036149024963379,4.162281036376953,opentts_mykyta
e7a6b02a9dec4858b4f1899b87f6cfe6fc81e1edb0f0bb6139887f84bedea3ca,2.2,brute_force,True,fe82a6bad6876302,sidon_wet1,3.602381706237793,4.710189342498779,4.3496904373168945,4.248965263366699,3.7973105907440186,4.712560653686523,4.305438995361328,opentts_mykyta
aae0ec0b2c9be960bf127c60a19d0b70edfdd8c1bff2374825ea1e87c8768ab0,4.04,brute_force,True,857380e9a1187eb1,normalized_original,4.411703109741211,4.6983795166015625,3.83793306350708,4.629929542541504,4.130825042724609,4.307631969451904,4.538018226623535,opentts_mykyta
370570bf7ecf21e049d3613116e26a35bf9ad277cf88610b3a9010139da0b134,5.91,brute_force,True,460b4d2feca22ce8,sidon_wet1,4.019379138946533,4.557908058166504,3.8253424167633057,4.2779459953308105,3.540543556213379,4.590077877044678,4.332028388977051,opentts_mykyta
e493ba557c719b3f1aaee8f3a4c93c7ed5390eba654e63ad7987b3986f9e08ab,5.62,brute_force,True,b62f01cd9805b14d,normalized_original,3.6445934772491455,4.745985984802246,4.579904556274414,4.359431266784668,3.705444574356079,3.9899468421936035,4.224621772766113,opentts_mykyta
721b2e4daa8724319c3de129649e025ff2ff1be80b4c6a9b8f6a809d38143382,6.84,brute_force,True,f4d8e81a756dff64,normalized_original,4.419855117797852,4.7612833976745605,4.062870025634766,4.781418800354004,4.099428176879883,4.385265350341797,4.544879913330078,opentts_mykyta
2ac8a51d42a1b7039b15da45bd10f1cd27d5684e8809d50de7abcbef782e57be,2.27,brute_force,True,146cb3c3efe048dc,deepfilternet3_wet1,3.796998977661133,4.652473449707031,3.5201404094696045,4.565182685852051,3.5351104736328125,4.572256088256836,3.9318020343780518,opentts_mykyta
960d99be165a047237748d137600b9b760d8ad7050c7b8d2fa426314525789fe,5.12,brute_force,True,24653ff6f29be580,deepfilternet3_wet1,3.691720724105835,4.548703193664551,3.682213544845581,4.1993327140808105,3.6385042667388916,4.572795867919922,4.136054992675781,opentts_mykyta
97acbb8aec2f25716daaa22b396b8752509709b08ab2aab3763539a012c068a6,2.52,brute_force,True,9a1b36f9c0d29651,deepfilternet3_wet1,4.363880157470703,4.431334495544434,3.895375967025757,4.641390800476074,3.930222988128662,4.534014701843262,4.260976791381836,opentts_mykyta
7a4d1d7480852acf5d77c96440a23bf0f7abfa698b552675d34f99f2ed306566,4.43,brute_force,True,e60157d50f82490e,legacy_cascade,3.554868698120117,3.9516732692718506,4.398048400878906,4.21317195892334,3.7648251056671143,4.352949142456055,4.189230918884277,opentts_mykyta
6de40937b166bb3ac22f24ae12bd9c43875380671e514801c3748179b8b2aff8,3.4,brute_force,True,0ade7737eb81422c,normalized_original,3.446934938430786,4.7705230712890625,4.368162155151367,4.051421165466309,3.8016233444213867,4.888936996459961,4.181307315826416,opentts_mykyta
471aa840efcd40180f73af2bb47e82a8cb84fcd5081618103dbb8da4de8b69c5,2.4,brute_force,True,8ffb075bfd746701,clearervoice_wet0.75,4.338231563568115,4.088038444519043,4.176965713500977,4.009121417999268,3.840176582336426,4.432714462280273,4.194797992706299,opentts_mykyta
64ca573c04b119e3e9e3407c959703e69c4cea9104f75851ab357ee452763fe9,2.76,brute_force,False,106e7c8fab0b530d,legacy_cascade,3.0536413192749023,4.503781318664551,4.289080619812012,4.290423393249512,3.409773349761963,4.461747646331787,3.948483467102051,opentts_mykyta
40d99bed6e1c138a4d096b3e44418cc431102cbb62d80a1bc70e55350d66f357,2.41,brute_force,True,ce0ee1553b19271d,clearervoice_sidon_wet1,3.719707489013672,4.633090972900391,3.8905320167541504,4.36415958404541,3.646289110183716,4.73927116394043,4.088730812072754,opentts_mykyta
2158259be52538778b9e149f8defb48e1b4beeb1c835e5fd40c301e52c1725d5,4.38,brute_force,False,31d99722613515de,deepfilternet3_peakminus3_wet1,3.435110330581665,4.059813976287842,3.972709894180298,4.3857808113098145,3.406466245651245,4.426192760467529,3.794808864593506,opentts_mykyta
1ef2144de7a16c5f1ecdd8a2b67f3252cea2df10a030cb4bc12c8d47dc03ccc4,3.65,brute_force,True,165d7ac4539ea550,deepfilternet3_peakminus3_wet1,3.947892904281616,4.19379186630249,4.304839611053467,4.706690788269043,3.8382768630981445,4.614077091217041,4.13650369644165,opentts_mykyta
3ef041bbeb2e248cb09cee5246884a8d8c8331e99e21a29ccf47b0e751e51374,2.84,brute_force,True,3e36471d7291de19,clearervoice_sidon_deepfilternet3_wet1,3.483494997024536,4.689330101013184,4.567976951599121,4.464910507202148,3.721480369567871,4.626964569091797,3.8395497798919678,opentts_mykyta
7f9b1029ededb433b4e28bb1630007aff425970bea5ae143fd842686eaa66121,4.56,brute_force,True,e939d57085d2c25f,deepfilternet3_wet0.5,4.188773155212402,4.327262878417969,3.7524056434631348,4.443376064300537,3.8848283290863037,4.281559944152832,4.412652969360352,opentts_mykyta
25db4db4488fb2c5a43574647f38aa767ece020a7ba9f58a9a01584118398d2a,2.91,brute_force,True,641f35120a841c0e,legacy_cascade,3.433657169342041,3.7016844749450684,3.7959976196289062,3.9982669353485107,3.7091879844665527,4.399599075317383,3.9293999671936035,opentts_mykyta
02a3b12667f223be5c74f4f0e2c98505a9f63a6f4b2cc2eafc11bed13c9866e0,3.57,brute_force,True,dc15931f26708709,clearervoice_sidon_wet0.5,3.645071029663086,4.160121917724609,4.048389434814453,4.619560241699219,3.580803155899048,4.882482528686523,3.8520305156707764,opentts_mykyta
5cd54dca276f35c8ee341b7b844ddd58c923418219e755c4e4fac6dd5514ff36,6.81,brute_force,True,b464d316ca24d760,clearervoice_sidon_deepfilternet3_wet1,3.9108235836029053,4.103367805480957,4.460424423217773,4.604220390319824,3.5906732082366943,4.7148637771606445,3.877026319503784,opentts_mykyta
10c9128f3ddf720839ecb21aae5e66d54ce874c821477e988ab3f569cec0cc83,2.31,brute_force,True,4c8cc187ea79f48d,clearervoice_sidon_deepfilternet3_wet1,3.570629119873047,4.247668266296387,4.3806328773498535,4.261776924133301,3.585317850112915,4.826125621795654,3.9412107467651367,opentts_mykyta
5d231379bf2fff31fa37f839c12a23b328e028606c1156e714aea705bb2fcf99,3.73,brute_force,True,b9915342e8142107,deepfilternet3_peakminus3_wet1,3.3387768268585205,4.4104156494140625,4.133368015289307,4.602606773376465,3.5400092601776123,3.9809343814849854,4.00734806060791,opentts_mykyta
74e6067d1fac1d8c48f0b2a3416646855d24859f2a6b9cfae1812b58b5cc7126,2.0600416666666668,brute_force,True,08e5267f9131bcc9,legacy_cascade,3.7526023387908936,4.399094104766846,4.15631628036499,4.147509574890137,3.627537965774536,4.0723876953125,4.14381217956543,opentts_mykyta
dda37f9f8771bbbe60e4ece63fad0dcd3ceb20e0c837ade389c71906978d9f2b,5.38,brute_force,True,6e78035caa846668,legacy_cascade,3.8111319541931152,4.5023956298828125,4.363204479217529,4.610657691955566,3.7869861125946045,4.811114311218262,4.185567855834961,opentts_mykyta
24393febdc7a6e53a1bede489844cb5e80b244cc2e478f4e5f44f91513ff912d,2.08,brute_force,False,47ee75a2844099fb,deepfilternet3_peakminus3_wet1,4.120721817016602,4.47676944732666,3.3944880962371826,3.888082981109619,3.2293765544891357,4.033405303955078,4.258254051208496,opentts_mykyta
5fe3be664c641bee0423f2bdda068b35a04390a6aa0a7c913b9e5d87c2ddac8c,2.45,brute_force,False,c98198390609c516,deepfilternet3_wet1,3.0925567150115967,4.760173797607422,3.944399118423462,4.5675811767578125,3.439931869506836,4.270866394042969,4.041408061981201,opentts_mykyta
1370eb1ae932d9f424c01ca2d45813e37e1c73942a56e9b7f99e9db3cb04e5a6,5.21,brute_force,True,e348d2067b490046,normalized_original,4.176577091217041,4.438495635986328,4.353293418884277,4.580796241760254,3.991018772125244,4.315692901611328,4.419503211975098,opentts_mykyta
832f5c95a09c40d293df03f0bcf79b6b42044a0df6b6233d5a2c7ee8a2d3c87a,2.41,brute_force,True,9032257b1f1d3074,deepfilternet3_wet1,3.4321420192718506,4.141321182250977,4.114123344421387,3.9170587062835693,3.5082502365112305,3.9310014247894287,3.966780424118042,opentts_mykyta
ce4f5a443675c944eb0f2b36b4fe1ddd52ded74f90d04f9772badd7276694f84,2.04,brute_force,True,b5f32e27533dab40,sidon_wet0.5,3.1157538890838623,4.686060428619385,4.038657188415527,4.3965959548950195,3.5737926959991455,4.6845502853393555,4.178494453430176,opentts_mykyta
f03122d46209d66aaddddabaa84bb807bfd4c89d521476ea4d01bb98a3081cf5,2.11,brute_force,False,f023cbba44d138eb,clearervoice_sidon_wet1,3.829911708831787,4.0182294845581055,3.5623679161071777,4.291905403137207,3.4832723140716553,4.4294586181640625,3.7223141193389893,opentts_mykyta
521702648e0e1fc06a02c6ecaf19e0bd472aa1a13dd28806595908bdef7ec508,2.26,brute_force,False,62bb8e5a39453ae3,sidon_wet0.5,3.6930642127990723,4.280280113220215,4.45457649230957,4.01101016998291,3.23134708404541,4.590859889984131,3.797532558441162,opentts_mykyta
a3a8f66c000f4d5dc6e435e2f7e22108001a4232346f1ebd90ed2ce2de4a6cee,4.46,brute_force,True,e68afd9ed334cd51,clearervoice_sidon_wet1,3.910102367401123,4.034820556640625,4.265838623046875,4.254352569580078,3.6763668060302734,4.407511234283447,4.276988983154297,opentts_mykyta
ec021c88681a2bf6e405039626af4498e57aacd941a9e46646408424b4c1e08b,2.33,brute_force,True,9c159ddda6fb6cb7,normalized_original,4.157290935516357,4.848117828369141,3.5915510654449463,4.411946773529053,3.92576003074646,3.8567190170288086,4.4653425216674805,opentts_mykyta
837bd31d12817c660700855813ef381d4ab10f9336cb337eb0c08f1549649969,2.66,brute_force,True,1e9806d17e5573c9,deepfilternet3_wet1,3.674375057220459,4.538180351257324,3.401536226272583,4.310921669006348,3.728938579559326,3.7632575035095215,4.339217185974121,opentts_mykyta
47fc6f37e05e99f357bca8a917e65f62f89ef92cb575c757329e95523ca32975,2.41,brute_force,True,d4352057d9d22eb1,deepfilternet3_peakminus3_wet0.75,3.5411431789398193,4.77415657043457,3.86818265914917,4.380634307861328,3.6736817359924316,3.9791572093963623,4.191765785217285,opentts_mykyta
ac4a83f71a26c12a328c24e4c9154a7bede8273d082e5c9fb0ae159085fbb18b,3.67,brute_force,True,69aa62f12d1bb5a3,clearervoice_sidon_wet1,3.439162492752075,4.392858505249023,4.092985153198242,4.26806116104126,3.6358730792999268,4.677755355834961,4.054573059082031,opentts_tetiana
05b958f0af4120919c8066246ec076160ffd65e78cbf248d36f8cd4fb17f9da1,4.56,brute_force,False,2fddf33762c8114f,legacy_cascade,3.9777843952178955,4.495059013366699,2.9854488372802734,4.479233741760254,3.4987952709198,4.51168155670166,4.329949378967285,opentts_tetiana
81404ef3989dc23b76319c82326cad68c271188e2c39d9aa8229e2aa648ce6d6,2.35,brute_force,False,4013357b3fe2c12f,normalized_original,3.9322519302368164,4.195589065551758,3.6833314895629883,4.347992897033691,3.3382627964019775,4.15988302230835,4.0314788818359375,opentts_tetiana
d2e43ad1aa4cf315e5aeac838ad09c95b85c87d6a6dca2737da14cbbddac38d3,5.34,brute_force,False,fe953367bcd1e8e7,deepfilternet3_peakminus3_wet0.75,2.974551200866699,4.123346328735352,3.7718703746795654,4.531994819641113,2.996997117996216,4.577729225158691,3.6014769077301025,opentts_tetiana
3d57b951247b4236d5d104051324bc91991936187022602cafddd5a846c64300,5.52,brute_force,True,2358d7481f29ecb9,normalized_original,3.9084482192993164,4.336880683898926,4.350144386291504,4.587495803833008,3.890782356262207,4.816497802734375,4.185050010681152,opentts_tetiana
854607c82ddab57bafc936e8b4f43f3d06ba4d16802dadaf055b00e05eef5b84,2.8,brute_force,False,bc4220dedb2b39a0,clearervoice_sidon_wet1,3.3473870754241943,4.102268218994141,3.874264717102051,4.041792392730713,3.2784595489501953,4.030300140380859,4.121359825134277,opentts_tetiana
9307eae03b44ccdc70738121740b93a856b42d53329200842c44666ccd0041e4,4.26,brute_force,True,7f83c375a3ce348d,legacy_cascade,3.373725175857544,4.334662914276123,4.184871673583984,4.327500820159912,3.6015522480010986,4.620189189910889,4.056331634521484,opentts_tetiana
c6c32bd2c73c8b17a2bfaeaea254d6667cf99c5243e7739b4ab2e65334ef9d0a,5.39,brute_force,True,b1ea5292bccd0671,clearervoice_sidon_deepfilternet3_wet0.5,3.8798439502716064,3.7825796604156494,4.429221153259277,4.639875411987305,3.6881940364837646,4.6818156242370605,4.147943019866943,opentts_tetiana
921ec9f08b171d64a6220dcc90a7f59d29f1ffd08d48887fb062e7c8fa56f19b,4.02,brute_force,True,88dd01cd49ab14d9,deepfilternet3_wet1,3.406806707382202,4.147771835327148,3.777149200439453,4.666460990905762,3.738875389099121,4.6068925857543945,4.036011695861816,opentts_tetiana
c2729ccb75bf6fcf51e9d90dd269ebcce1c96cbabccb8b68830a2f9dd4dab040,3.99,brute_force,True,6c92f017a55d40e3,sidon_wet1,3.562330722808838,4.636655807495117,4.702064514160156,4.552896976470947,3.6720502376556396,4.657167434692383,4.381324291229248,opentts_tetiana
afc47df8ca3d8c8c688ffabd2ade48fa17625bc03da8058fe6b5fcc97f0275bb,5.52,brute_force,False,bf443762b49ae701,sidon_wet1,3.6316416263580322,4.368287563323975,4.397456169128418,4.578006744384766,3.4703338146209717,4.523919582366943,4.037837028503418,opentts_tetiana
a3d8af3a7ced0fd5c870499cb6a36c273406be35ceabc7cc2ed2a9f50869d3ab,2.61,brute_force,False,7b166b9d0dc1973a,clearervoice_sidon_deepfilternet3_wet1,3.346680164337158,3.873328685760498,3.671130657196045,4.573781967163086,3.4894442558288574,4.780375957489014,3.9029970169067383,opentts_tetiana
b642d4c76c8707094bf1421f90c07562e27d2f4334a8ae438275f503f7bc2b24,5.16,brute_force,False,5416fd85919c0a15,normalized_original,3.3883306980133057,4.178074359893799,3.913562774658203,4.584477424621582,3.1987617015838623,4.486041069030762,3.5430572032928467,opentts_tetiana
4cc6da4f5f8cfc48981e92be4b832bf0311e7111f2d87312874a1931f57b4674,5.459,brute_force,False,fee4ee249024ec1e,deepfilternet3_peakminus3_wet1,3.6481235027313232,3.9582207202911377,3.9643893241882324,4.144303798675537,3.3087494373321533,4.385957717895508,3.7811920642852783,opentts_tetiana
3eaf7f6964d27c5db7b3ab3226793ff48fcfa3725c143d574ea1cfb2ee0b1857,4.74,brute_force,True,db66d78beb3f1e12,deepfilternet3_wet1,3.8528668880462646,4.474257946014404,3.9958646297454834,4.582928657531738,3.5038669109344482,4.742905616760254,4.0068559646606445,opentts_tetiana
da5224181252ccd00b8517430d79cd05a83023b1c2070311d26ad2afd98b3a90,5.82,brute_force,False,a4d20c904d039c3c,clearervoice_wet1,3.613389730453491,3.475409507751465,3.3046610355377197,4.151359558105469,3.299894094467163,4.139743804931641,4.0247392654418945,opentts_tetiana
a1085b7016a3f61b29263f470f3f5fde107959981e6e517ae14f307e165b67dc,3.91,brute_force,True,e1efaab5dc0d3951,legacy_cascade,3.7034780979156494,4.097786903381348,4.388638973236084,4.551766395568848,3.7653679847717285,4.696052551269531,4.215771675109863,opentts_tetiana
412eb604ab4eaee99e51c72a0b943962f3f20d32587a59127ff3afdc378fb59c,5.7,brute_force,True,459946afe3d52514,sidon_wet1,3.785515546798706,4.210314750671387,4.013980865478516,4.35926628112793,3.7573187351226807,4.7019147872924805,4.151611328125,opentts_tetiana
b000852c0ea60de6bd9358f45e1bf78181e104a8968527e23ddf8c38c0f78ca4,5.930041666666667,brute_force,True,3ff7e27f7339a49d,normalized_original,3.8981773853302,4.559535503387451,4.1513142585754395,4.67034912109375,3.5337274074554443,4.536689758300781,3.764070987701416,opentts_tetiana
c7f264666539efcb6f2bdadb7daca213b304990ec68af034d8bce0b9dd9d7fdb,3.27,brute_force,True,499279273b190180,sidon_wet1,3.9012577533721924,4.280982494354248,4.1226348876953125,4.269457817077637,3.505625009536743,4.473023891448975,3.8150718212127686,opentts_tetiana
5268c95faaede311010e2d1f80ab8f122f57377a11ec600d7cbf509efe4ff743,4.520041666666667,brute_force,True,61fc9fdf75d88c36,deepfilternet3_peakminus3_wet1,3.767559289932251,4.409351825714111,4.066260814666748,4.87546968460083,3.6109976768493652,4.831731796264648,3.9821510314941406,opentts_tetiana
5cde502ab1df474fb5f47ffff41b4c9ec04046482141ed795e41d26d16842fbe,5.980041666666667,brute_force,True,b64ca386085e5daa,deepfilternet3_wet1,3.843480348587036,4.0470685958862305,4.319124221801758,4.7270588874816895,3.7824461460113525,4.542058944702148,4.144157409667969,opentts_tetiana
22933c4302922e25c0f8e65370260dbb4f1d62af5fb8a9a6993a3faa19b60939,6.16,brute_force,True,946d8018677820ed,deepfilternet3_wet1,4.359574317932129,4.221844673156738,3.9662983417510986,4.590315818786621,4.15808629989624,4.3335795402526855,4.692989349365234,opentts_tetiana
1fb188b8cf4eb1dc7f8ab57aba3f37295ea8b975b09efe475b254d2a896ce6dd,4.430041666666667,brute_force,True,859e40bc01bb7b75,deepfilternet3_wet1,4.016135215759277,4.328691482543945,3.9161477088928223,4.764047145843506,3.879774332046509,4.516119003295898,4.11828088760376,opentts_tetiana
9acbbcbcda4bffed9680873adf21aefcefb0226f6e0fc79e57b61ba5d355b562,4.180041666666667,brute_force,True,68193da121bd8ff3,deepfilternet3_wet0.5,4.065667629241943,4.241690635681152,3.460313558578491,4.616599082946777,4.181805610656738,4.1770172119140625,4.54231071472168,opentts_tetiana
d1c53d42bb484b17155d9e021fb7cb433daf0ba0af53c7406465eac6fb24b1a3,2.89,brute_force,True,8295344a595567ca,clearervoice_sidon_deepfilternet3_wet1,3.5717456340789795,4.539983749389648,3.6772375106811523,4.253154754638672,3.606236696243286,4.655235290527344,4.239692211151123,opentts_tetiana
7ef066f4f676a600fdd3bab57e561f04804fc4131fcb43bb030163ff11b06052,3.87,brute_force,True,9e2468dbf1c72078,legacy_cascade,3.6661131381988525,4.308742523193359,4.185946941375732,4.231226921081543,3.761256217956543,4.566798210144043,4.219588756561279,opentts_tetiana
188e1e1e5ed682e1f8fe88b8fc6631f6312bc8b54bfce1c927c3660559cbc6e0,5.29,brute_force,False,6097f5f5350b6e17,clearervoice_sidon_deepfilternet3_wet0.5,3.333353281021118,4.113742828369141,4.0510125160217285,4.062561988830566,3.1954612731933594,4.556209564208984,3.8629229068756104,opentts_tetiana
88da88bde474f848c31e38a37aa4fa0c9026a9f8209f3e1c8e874f861f655545,3.39,brute_force,False,e9238b21c870beaa,deepfilternet3_wet0.5,3.5947914123535156,3.8801400661468506,3.9046878814697266,4.322098731994629,3.410139560699463,4.2122697830200195,3.891385078430176,opentts_tetiana
d4a95959940e2749da0c9b9ab97b58935f5c08c065fa27d3cdc1c2e6d267e82a,5.82,brute_force,True,9379781954c6f1d8,deepfilternet3_peakminus3_wet1,3.858220100402832,4.380174160003662,4.136195182800293,4.380229473114014,3.727503776550293,4.642488479614258,4.15951681137085,opentts_tetiana
9b2c08b3d2ed572dac7226ddf0468751780a6eb4c951de77aad92f7673cf3d6c,4.68,brute_force,False,2a3c80b50e3009f0,legacy_cascade,3.56370210647583,3.8069982528686523,4.14941930770874,4.331475257873535,3.262519598007202,4.572445392608643,3.6668214797973633,opentts_tetiana
21707418d393f16d0cf72339e21b01956eaeb1a5b3017cf02f7b16ddbbd64cd3,2.87,brute_force,True,8604fdddfe4c48dd,sidon_wet0.5,3.36832332611084,4.014669418334961,4.596746444702148,4.567648887634277,3.533898115158081,4.329248428344727,4.000207424163818,opentts_tetiana
f0dd7ef9feeea421188b91ece3280911a64cfe7dd413e7ed9f3c8ffb7352215d,4.270041666666667,brute_force,False,69d1cc2407bc6c03,legacy_cascade,3.3282408714294434,4.120428085327148,3.183616876602173,4.451451301574707,3.333704710006714,4.55738639831543,3.92508602142334,opentts_tetiana
70df9d679b9d09f66a8d9716002364e16cd718fe92ada71087228b1b7bce9976,5.460041666666666,brute_force,True,0143eb9645fe77e0,sidon_wet1,3.633561849594116,4.552146911621094,3.8650283813476562,4.664107322692871,4.0068793296813965,4.8768157958984375,4.514369010925293,opentts_tetiana
804c27cf2742fa6468a1754a7897db001997c0803cf4f07071fd2cd909d1f44d,4.99,brute_force,True,1b7ca199d0cb0e62,clearervoice_wet1,4.660144805908203,4.6219587326049805,4.541499137878418,4.512764930725098,4.1264190673828125,4.856532096862793,4.404473781585693,opentts_tetiana
85d20c7fbf44cf8c69faf269e702e68d2dbb3bc7510f8b84d092d3b298df60c3,3.7000416666666665,brute_force,True,89ae889a44d5c4a2,clearervoice_sidon_deepfilternet3_wet0.5,4.467132568359375,4.759269714355469,4.105710983276367,4.612987518310547,4.40009880065918,4.819507598876953,4.782413005828857,opentts_tetiana
7bd1e517a7658dfebabd5167edbf91f199434e27fe7e0d1d85ef829f8821783c,5.07,brute_force,True,193ee9ae8fe3bbfb,clearervoice_sidon_deepfilternet3_wet1,3.967332601547241,4.331111907958984,3.9391725063323975,4.223562240600586,3.905411720275879,4.693083763122559,4.418117523193359,opentts_tetiana
ef06737b9a598f21e0a4224d1d380b9c360b54b34cb9bfbcc0c4230101359e6f,3.34,brute_force,True,02749462d9239370,sidon_wet0.5,3.6386775970458984,4.464377403259277,3.419013500213623,4.454209327697754,3.65215802192688,4.701581954956055,4.101235866546631,opentts_tetiana
c234835745fccc69315ffd071459878a8965296768ed181b064458ed19ba999d,3.26,brute_force,False,19050e6fd81455e8,clearervoice_sidon_deepfilternet3_wet1,3.533283233642578,3.809221029281616,3.7812695503234863,4.401741027832031,2.8554677963256836,4.127303123474121,3.3931210041046143,opentts_tetiana
ee54f0b6a915badb0700c94e3ab5b884581ee51df526440df4dd1e06ffdc8bb5,3.09,brute_force,True,c1b469d85d055d45,deepfilternet3_wet0.5,3.1218159198760986,3.9477133750915527,4.799042701721191,4.401145935058594,3.7538836002349854,4.584423065185547,4.255300521850586,opentts_tetiana
15853aaec19b78e6b125b17280a27db623d41f65a3f54757b20cd1afe03925c5,6.88,brute_force,True,1e1b5cdab1a0dcfd,deepfilternet3_wet1,3.803492546081543,4.339759826660156,4.468892574310303,4.471016883850098,3.7922725677490234,4.557640075683594,4.404867172241211,opentts_tetiana
604ec4c22a782e9da9b293714c40971f510854d8632bcf03ef4fec90de610464,7.08,brute_force,False,e116b5fec3fc501a,deepfilternet3_peakminus3_wet1,3.6884207725524902,3.8491833209991455,4.332055568695068,4.168349266052246,3.228940010070801,4.62972354888916,3.6630513668060303,opentts_tetiana
27ccfe9942cde7d431a418fc0b075a518d3c85dab27e33c223b8121b51152767,4.8,brute_force,True,e8ecb91a8db5f101,deepfilternet3_wet1,3.8532040119171143,4.189209461212158,3.56289005279541,4.640773773193359,3.649240255355835,4.2007927894592285,4.052765846252441,opentts_tetiana
3f2600f632ee2fb182577df20c7ed01459339543cc820b4c87c49d46df99e4a5,2.87,brute_force,False,1c1b3c40bdff7da4,clearervoice_sidon_deepfilternet3_wet0.5,3.0832009315490723,4.330258369445801,3.9281086921691895,4.8403167724609375,2.9901411533355713,4.666757583618164,3.6322972774505615,opentts_tetiana
b57c51a67753b755b4001477a3fb472c2a374f3bcae69076b285834c5f9e4fbe,5.920041666666667,brute_force,False,989d0e13d74863b2,deepfilternet3_peakminus3_wet1,3.4511587619781494,4.180508613586426,4.4473981857299805,4.309609413146973,3.451488733291626,4.535980224609375,4.121002197265625,opentts_tetiana
b8e27860f3d39ea9704f3e3936f6ddad89a74924f6bd027c09241e09cad7f3ae,2.9900416666666665,brute_force,False,f6d754017472b88b,clearervoice_sidon_deepfilternet3_wet0.5,3.121141195297241,4.416799545288086,4.465752601623535,4.604857444763184,3.440220832824707,4.059243202209473,3.9250149726867676,opentts_tetiana
e367725bba2614bf5cd443b390dc30a1d260a5b5e1dd754ce9bc3eb897ee0492,3.23,brute_force,False,b3539b2152304982,deepfilternet3_wet1,3.5695202350616455,4.285039901733398,3.7915844917297363,4.07926082611084,3.394423484802246,4.178194046020508,3.872559070587158,opentts_tetiana
ad62d7b7184b6382c4c16b3b9d31e3c776f4b571f2dc0541e8f07ad7b91c45bd,4.830041666666666,brute_force,True,bcbc8ecf63883fb5,deepfilternet3_wet0.5,3.702716827392578,4.300487041473389,4.500465393066406,4.21224308013916,3.8996200561523438,4.271198272705078,4.38388204574585,opentts_tetiana
482ee190801b70d063c2aa806057e323928fe6513397e2cc05bd2c7b84df9c3d,3.26,brute_force,True,52633a8fe28a5f7e,sidon_wet0.5,2.921954870223999,4.243671417236328,4.1751251220703125,4.572995185852051,3.6879279613494873,4.3056769371032715,4.2745585441589355,opentts_tetiana
dabcbbd01e2422f04ea23b2786980399660726f0e4cd47ba187a575d9b3cf793,3.47,brute_force,True,248453bd3d5bc9d6,sidon_wet1,3.5743014812469482,4.741771697998047,4.4183759689331055,4.174057483673096,3.669478178024292,4.7973408699035645,4.396784782409668,opentts_tetiana
9bc9408aa29e044997e64f208426e3c8e2c635a78e36f6a1bcdc0156dd0949d9,3.76,brute_force,True,6c1b26cdb98675eb,clearervoice_sidon_wet0.5,3.9434077739715576,4.373303413391113,4.310873985290527,4.425564765930176,3.9101998805999756,4.754384994506836,4.396195411682129,opentts_tetiana
b5e86efbb9da8af0d8e0af45c7d0e096a719e81d9eb2a11d86a2d3825b0c5bc0,5.67,brute_force,False,cd37b0cdc57fb83a,sidon_wet1,3.602738857269287,4.404971599578857,3.9922287464141846,4.287371635437012,3.467729091644287,4.589266300201416,4.042593479156494,opentts_tetiana
df8bc6aad6818b793498645a888e6f8a271e6f45051d19ebe13fbdaa9fd35b1b,4.210041666666666,brute_force,True,56b3dcf62366b901,clearervoice_sidon_deepfilternet3_wet1,3.870455503463745,4.567742347717285,4.280706405639648,4.763906002044678,3.9769678115844727,4.687962532043457,4.352812767028809,opentts_tetiana
a514c93f784b33a3f355fcefea2d7c03e517346b6d3ea997f69eab55c544381f,4.79,brute_force,True,5567c17d1664afde,normalized_original,3.752152681350708,4.354060173034668,3.8170251846313477,4.5172529220581055,4.015799045562744,4.823410987854004,4.461727142333984,opentts_tetiana
82b183dc1d764a8ec6512597d795ff60c7150300a8717f5be36153a34e7d3647,3.59,brute_force,True,42e09cdd9bd73577,sidon_wet0.5,3.2780559062957764,4.565021991729736,3.8056695461273193,4.412453651428223,3.6628592014312744,4.222261428833008,4.345202445983887,opentts_tetiana
997c1de1b612b7e5cf18fe02362d47c0c4c23efe75a33285b06b634c988acce8,3.94,brute_force,True,93a34b9e6a293a63,legacy_cascade,3.592332124710083,4.4100213050842285,4.119797229766846,4.463531494140625,3.94730281829834,4.658105850219727,4.461309432983398,opentts_tetiana
11451c1d007862984747d9c0074f35275ecc1d01143c382d882dffd4cc493ecd,4.58,brute_force,True,a436afe8019dd6e6,clearervoice_sidon_wet1,3.8644349575042725,4.792405128479004,4.2276716232299805,4.464540481567383,3.80328631401062,4.771991729736328,4.5565385818481445,opentts_tetiana
e8444caaf0940f0c6ea4b111667f361b78081095c735a82ed151434fe015acf0,2.2400416666666665,brute_force,False,5d09e242043295b6,clearervoice_wet1,3.6462693214416504,4.438223838806152,4.14537239074707,4.267842769622803,3.075302839279175,3.9566657543182373,3.9895262718200684,opentts_tetiana
b0f5ee87581342280b320cb45e0036aaddbc67b2448e78c445456f5e32f6b690,3.72,brute_force,False,8b41685a32cf90a7,clearervoice_sidon_deepfilternet3_wet0.5,3.6651980876922607,4.491185665130615,3.8013949394226074,4.607929229736328,3.476017475128174,4.653541088104248,4.043242931365967,opentts_tetiana
41ab8d51067889817ef10fe8b36aa0b70a02f1d645d5875a0735e505e750d7b3,3.5300416666666665,brute_force,False,91240b7e497809fb,deepfilternet3_wet1,3.5115673542022705,4.027205467224121,3.9387428760528564,4.598868370056152,3.4789788722991943,4.243982315063477,4.066054344177246,opentts_tetiana
715366984fb84e65c721cc82a32c868b18cf538749c7340c892e9af09967014b,3.55,brute_force,False,0e2d7d05aa72dde7,deepfilternet3_wet1,3.3657305240631104,4.596936225891113,4.527522087097168,4.351222038269043,3.3416664600372314,4.109305381774902,3.6359686851501465,opentts_tetiana
786f36f97427406b79503e68c26dc3424778e2ed77b63da8de65acc4bc82bd74,5.399,brute_force,True,a8406d897e716af5,deepfilternet3_wet0.5,3.7057416439056396,4.040500640869141,4.416394233703613,4.794061660766602,3.6811411380767822,4.64881706237793,3.8449552059173584,opentts_tetiana
b32969e7b8c3c5f866cdce5fbb8a13ee5ba33fe920963f547c98acf0c04f09f6,3.25,brute_force,False,77b50dee243d0c2d,clearervoice_sidon_deepfilternet3_wet0.5,3.363454818725586,4.48314094543457,3.7790541648864746,4.806899070739746,3.452619791030884,4.320406913757324,4.1381120681762695,opentts_tetiana
7cdc6de86154d7247f3ef7477c13ac7baa0c88bc39bc345b886041b2adacb902,3.75,brute_force,True,dd0092ad2a86266e,deepfilternet3_peakminus3_wet0.75,3.863753318786621,4.5238237380981445,4.252965927124023,4.358190536499023,3.922170877456665,4.547911643981934,4.489218711853027,opentts_tetiana
124a9d27eebf982584e5c80b199a6d4d0d7dd29d9e08042ff3900f25aa8f485c,4.31,brute_force,False,76df0f4029032371,normalized_original,3.2542405128479004,3.8605597019195557,3.7851433753967285,3.8514597415924072,3.231412172317505,3.7772839069366455,3.718412160873413,opentts_tetiana
d517bd4b6e09d462aeb5f2df4680dae8e53af087005b719678ead810d40846a0,3.78,brute_force,True,3262642bc54e60b2,legacy_cascade,3.9296483993530273,4.071219444274902,4.09535026550293,3.9462270736694336,3.646749496459961,4.479879379272461,4.272043228149414,opentts_tetiana
32daf56e0e69bdfee2e424b465617363016ee8fa5cbe8ee0330b78a3675dfa03,3.19,brute_force,False,f0f1e00645a9ae0c,clearervoice_sidon_deepfilternet3_wet0.5,3.0768964290618896,3.9223544597625732,4.1767191886901855,4.219076156616211,3.469714641571045,4.353038787841797,4.2395172119140625,opentts_tetiana
f7ca3367716a2a5ebf259232ddb981c765e0abe099d48c5b9e0bce0e6c29233a,2.370041666666667,brute_force,True,6b7e760c05f10343,sidon_wet0.5,3.2211222648620605,4.627497673034668,3.6267526149749756,3.985177755355835,3.573113203048706,4.743423938751221,3.9221458435058594,opentts_tetiana
763b6f4ea0dc3bad4069454d10bb6a787f6eacd3070d80e26fdab24b9dffa92a,4.290041666666666,brute_force,True,3212b7cac1a07f62,deepfilternet3_peakminus3_wet1,3.7504734992980957,4.088043689727783,3.742908239364624,4.308506011962891,3.975208282470703,4.016546726226807,4.409164905548096,opentts_tetiana
d8b6ef522a03da2c94faf84eada8884aa3c6aaccbce3895d369ea8e2bdddef74,4.570041666666667,brute_force,True,ddb4b0992794a754,sidon_wet1,3.9020071029663086,4.249776363372803,4.247211456298828,4.3787689208984375,3.553539752960205,4.4254841804504395,4.126482963562012,opentts_tetiana
44a06736a0368a9b2a53cd88867d93d0288342e8d3624e3d8a101e3c83dafe8d,5.12,brute_force,True,5fc38e14b23a74a7,legacy_cascade,3.6639490127563477,4.112931251525879,4.30816650390625,4.353615760803223,3.533644199371338,4.459561347961426,3.8933801651000977,opentts_tetiana
bfab4ecfe29d58579fa378b7e0119464646b8dd24c9ca6855e057beac68d77c1,3.120041666666667,brute_force,False,e726cd177b517677,clearervoice_sidon_deepfilternet3_wet0.5,2.7055935859680176,4.49160099029541,4.222792148590088,4.493922233581543,2.9825260639190674,4.398701190948486,3.7847304344177246,opentts_tetiana
8c5b324940abff4257e2584cf7da3c0ab0718b07913029b98e116d7367340f85,3.41,brute_force,True,d15f0fed2f188d89,deepfilternet3_peakminus3_wet1,3.94553279876709,4.222054958343506,3.7085061073303223,4.45039176940918,3.840378522872925,4.4023284912109375,4.195779800415039,opentts_tetiana
ed055ad7c845f0db71f69fdbb5e38c51f48ff4273a91e8071c0446ca26b8ac6f,4.29,brute_force,True,c3a5d2ccdd8f047d,clearervoice_sidon_deepfilternet3_wet1,3.609722375869751,4.786693096160889,4.190031051635742,4.650431156158447,3.7372829914093018,4.916985511779785,4.398472309112549,opentts_tetiana
717993b99538e26abbd6a55712f44182ffd2bf57f79911f1036614bab195666c,5.760041666666667,brute_force,True,c6dad82b12822296,sidon_wet0.5,3.5594563484191895,4.905173301696777,4.257135391235352,4.409511566162109,3.822976589202881,4.878212928771973,4.520272254943848,opentts_tetiana
20e8206cac08135345e2c6e71c8a8fb0c55c4b314029b91251ba90ca46e8b75a,3.1,brute_force,False,d92a7ba054aef551,legacy_cascade,3.539130210876465,4.369615077972412,3.4630239009857178,4.220108985900879,3.4785873889923096,4.706439018249512,3.77004337310791,opentts_tetiana
a1198bd633b0a6d03b136b70076a72c158fe9411026f5c54f364cb2430ca5be2,5.760041666666667,brute_force,True,404e82ff92d09c49,legacy_cascade,3.798994302749634,4.005509853363037,3.7808992862701416,4.277633190155029,3.540074586868286,4.405734062194824,3.93648099899292,opentts_tetiana
2624dd13b2dea70440d4a0c01cf994b0a396f7c1725bb988a7e898b4bce12fa4,5.4,brute_force,True,928ef336870c1d95,normalized_original,3.597979784011841,4.420560359954834,3.650562286376953,4.7866411209106445,3.6191940307617188,4.500120162963867,4.144864559173584,opentts_tetiana
eb781d42a44643e64a8e34b73a34264512673686b2fc3be607f15a51bacbb2a6,5.3,brute_force,True,320ccf7987bbf476,clearervoice_sidon_wet1,4.007249355316162,4.600354194641113,3.9902329444885254,4.084681034088135,3.5829455852508545,4.707508087158203,4.165556907653809,opentts_tetiana
f0f9bca51c6abfa638208b88039e9f5f9b99a2a674231fb6910788c2c431f40d,6.320041666666667,brute_force,True,d63cfac7a758aa49,legacy_cascade,4.2312469482421875,4.494579315185547,4.165099143981934,4.414160251617432,4.1392741203308105,4.765179634094238,4.646177768707275,opentts_tetiana
41cb04552260d6f5928895a045f75bf82b432e06726b0c5d4b1710f0fb3954f4,3.94,brute_force,True,6eecc0d6fd16d1ba,clearervoice_sidon_deepfilternet3_wet0.5,3.2289464473724365,4.605917930603027,4.355112075805664,4.469909191131592,3.707608222961426,4.300988674163818,4.363778591156006,opentts_tetiana
7f6828e5583bfc9a3be709269e67d79a0f83e7ade1af1fb3697055275a568aa7,2.67,brute_force,True,fabd7d8790334054,legacy_cascade,3.5920090675354004,4.483646869659424,3.9230105876922607,4.2912821769714355,3.5756850242614746,4.350191116333008,4.051702499389648,opentts_tetiana
cef9aba8e2595584a5a17b05797c913c7f2042d725d51477a4dbc9be682792bd,4.24,brute_force,True,27c7bdd1a2d0ea4d,sidon_wet1,3.804945945739746,3.999009370803833,3.933012008666992,4.5841264724731445,3.655271291732788,4.736288070678711,4.216689109802246,opentts_tetiana
0dd81e874cecbd9e733113dcae8c31a0901a8414b8cfbc9e7ecd73cee47f48a7,3.24,brute_force,True,f950c22fb87d55d6,legacy_cascade,3.614920139312744,4.593275547027588,4.2896623611450195,3.6669299602508545,3.6581268310546875,4.76119327545166,4.283490180969238,opentts_tetiana
9bc4b8e62d6da97de641175689eef1315f15761fec7786368913e014cf0dfe51,3.49,brute_force,True,dda6c4b2479d2318,clearervoice_sidon_deepfilternet3_wet1,3.459984064102173,4.783244609832764,3.7047119140625,4.235868453979492,3.5968968868255615,4.660152435302734,4.110478401184082,opentts_tetiana
f599b422f613b62b295672b76ded6252d29191db4f52fdf8402e709a748274bb,5.4,brute_force,True,1ddfcc4fb227a7e9,deepfilternet3_peakminus3_wet1,3.6738884449005127,4.198825836181641,4.26256799697876,4.5829620361328125,3.5540218353271484,4.52131986618042,4.1345648765563965,opentts_tetiana
57e179eeef8ae280ba1c92cffb39a0db12362d828a952891f4797de2515476d5,4.430041666666667,brute_force,True,642a0b4005aa2e95,deepfilternet3_wet1,3.5664756298065186,4.353640556335449,4.316092491149902,4.629072189331055,3.869309425354004,4.240575790405273,4.305927753448486,opentts_tetiana
592a3252d7c6891bbb698d2d8332b39e42a259aa925b94660036b51e78a9e76e,4.16,brute_force,False,53094efed47fb1df,legacy_cascade,3.3358850479125977,3.403022289276123,3.659291982650757,4.598294734954834,3.077270984649658,4.387524127960205,3.4161245822906494,opentts_tetiana
fd47d83a0554c7e676e0e6366bb4225fa99a0fddcda01309a50618ec5392a3df,2.92,brute_force,True,8f871c64da1f9b76,sidon_wet0.5,4.301517486572266,4.542635917663574,4.035371780395508,4.527222633361816,4.2099609375,4.434040069580078,4.66464376449585,opentts_tetiana
a2791c8b7bc5400343330de51ecbcaa71e7cbbf2ac16552b13a923c5cc694971,4.98,brute_force,False,32cc8406425d69b5,clearervoice_sidon_deepfilternet3_wet0.5,3.276083469390869,4.406017780303955,4.266136646270752,4.110177040100098,3.301387071609497,4.61257266998291,3.9012374877929688,opentts_tetiana
fe9c6daf10f3e18860a44bcb65368b132f8cf4f13f53f145b8bdfa74a0bb46e8,2.36,brute_force,False,436fd629fef8f0ae,clearervoice_sidon_deepfilternet3_wet1,3.2268028259277344,4.109048843383789,3.9565634727478027,4.434933662414551,3.4163761138916016,4.137784004211426,3.7766947746276855,opentts_tetiana
860508c32aa6d62d7128c176590c25758f9bbe9ab95870d87dd4e7a32c80fda4,2.55,brute_force,True,135ed3c3ae5837f8,sidon_wet1,3.615324020385742,4.573752403259277,4.346411228179932,4.496942520141602,3.875626564025879,4.520952224731445,4.481043815612793,opentts_tetiana
7b2baacd5d6546fa94ed2de0a76f8fa242a3882cc8289824c875abaea7d39988,5.14,brute_force,True,b60ea5a3487fd1ae,deepfilternet3_wet1,4.202421188354492,4.3208699226379395,4.314715385437012,4.433199405670166,3.620992422103882,4.674920558929443,4.033627033233643,opentts_tetiana
fd781ba62cdea8af2f08f3b458556fc63f3ec1e730741a842294bd14b710d1c6,4.68,brute_force,False,720ee61b33ce69b4,deepfilternet3_peakminus3_wet1,3.5561461448669434,4.18688440322876,3.6868057250976562,3.965406894683838,3.1914241313934326,3.9995949268341064,3.6758921146392822,opentts_tetiana
a1e4b571ff9097fcf5174791ae2e919a6673e034b6ade2e0b5842403e3e6faf4,6.75,brute_force,False,4c9f5813ca9056a2,normalized_original,3.4934537410736084,3.9760403633117676,3.7903554439544678,4.288382530212402,3.336379051208496,4.127429008483887,3.675720453262329,opentts_tetiana
99e52c8a109761af177b53b7c5761ccedbd3efa2fe1f03836ecc3de7a40fee11,4.83,brute_force,False,8679673b1593264e,deepfilternet3_wet1,3.814242124557495,4.49654483795166,3.3474884033203125,4.013893127441406,3.2548000812530518,4.628136157989502,4.0894598960876465,opentts_tetiana
b97e4e5e0a32c8f27e3c63b8ce6a234487c8d7d1037eef158f33bc437c51b66f,2.34,brute_force,True,2731484c2e7f95be,sidon_wet0.5,3.8160414695739746,4.704436779022217,4.160363674163818,4.5422515869140625,3.760166883468628,4.838525772094727,4.2611541748046875,opentts_tetiana
487018c8f8b186003b50a53d6d05ca6b36ea4f893234177572e7b5dfa057c466,5.79,brute_force,True,ad6b911003f52646,clearervoice_wet0.75,4.226556777954102,4.781364440917969,4.057046413421631,4.726778984069824,4.291103363037109,4.682087421417236,4.648582458496094,opentts_tetiana
4fd7bc905c2f5170112f78d9a3aa2cd9801fbf495abde8195b0fe34b3b8ed312,5.52,brute_force,False,7f676601dcced195,clearervoice_wet1,3.519244909286499,3.493178129196167,3.74302339553833,4.101371765136719,3.3654062747955322,4.079801559448242,3.6827495098114014,opentts_tetiana
c97f70f27453ab0a5eabbec28ba29bd0988ad1cb9d061283a303c9d060372b64,4.5,brute_force,False,378359aa39452278,clearervoice_sidon_deepfilternet3_wet0.5,3.3870975971221924,4.057671546936035,4.296497821807861,4.371752738952637,3.3569769859313965,4.131638526916504,3.8900656700134277,opentts_tetiana
5ff79c35d1d223b23a6fc79a16e5ecc6101d6cc64294614cc68eff322874def7,3.09,brute_force,False,59ade686dfc9f541,sidon_wet0.5,2.8231966495513916,4.204919338226318,3.6044912338256836,4.780069828033447,3.0199334621429443,4.138171195983887,3.5605242252349854,tg_voices_uk
52430367b71997139a185924cdeaacd10832a50c8b9036b4bec5fd152aa546d9,3.18,brute_force,True,5a30e97954c5364f,sidon_wet1,3.758439302444458,4.0241546630859375,4.0066986083984375,4.291372299194336,3.6650750637054443,3.962625741958618,4.02242374420166,tg_voices_uk
ec1a2824276f98f48f95296e313fb52d4ccb86ea60950ccc7f579fdbec5d6e10,4.5,brute_force,False,4ba9fb21ee3f5893,clearervoice_sidon_wet1,3.5302505493164062,3.9815728664398193,3.9170138835906982,3.9263510704040527,3.2893800735473633,4.704242706298828,3.769911527633667,tg_voices_uk
4c0f57775d501ca9ba40e528aa277ff178217e91b4572354a03d8d21e97b7694,1.42,brute_force,False,2c82d3133d9b1bf7,clearervoice_sidon_deepfilternet3_wet1,3.293627977371216,4.050989151000977,3.4010417461395264,4.217677116394043,3.3301453590393066,4.070812702178955,3.6003611087799072,tg_voices_uk
e8bbe43bdce44461bde4b73f6c6377be6ee2400bc1f26d86f1d4b60fe91d2cd4,4.0435,brute_force,False,ae14f41f9aeea63a,deepfilternet3_peakminus3_wet1,3.05930757522583,4.880170822143555,3.8917858600616455,4.3099212646484375,3.4896109104156494,4.522749900817871,4.15123176574707,tg_voices_uk
ffc91c7100d024b2fbbca142d38a70f422961fc8e959b39b9a4e4e97f56c26d5,3.3600416666666666,brute_force,False,3060dfb5ad8622fe,legacy_cascade,3.156785249710083,3.509949207305908,3.6807568073272705,4.376636028289795,3.0933175086975098,3.8674957752227783,3.4157166481018066,tg_voices_uk
7d49fba491efb8f92989e17c45d680662e290791fcbaa1c60013bfb285228ac0,4.58,brute_force,False,437115bddff90aac,deepfilternet3_wet1,3.8728299140930176,4.917960166931152,3.6934814453125,3.994041919708252,3.450995922088623,3.8303067684173584,4.495892524719238,tg_voices_uk
5d68fc402d5f828d5bd7c261f4db65bd9ead84ed9b1d2c4aa00b33603fcd05e9,5.7135,brute_force,True,2bf8f4ca350a8335,legacy_cascade,4.1588969230651855,3.8613054752349854,3.861243724822998,4.39389705657959,3.618619680404663,4.277637958526611,4.027688980102539,tg_voices_uk
da60a577fb10e3ae25b494c8ce842a2adc33c69469ab82b5381c342a4ae4679e,10.86,brute_force,True,ae2089eb986e145a,legacy_cascade,4.067080497741699,4.054654121398926,4.185842990875244,4.353194236755371,3.7416751384735107,4.730339050292969,4.209654808044434,tg_voices_uk
5ffb8a9ad5ff4263c21c894102504e4ec75b1ef502f21d8d8676c65aa08f356e,8.71,brute_force,False,201c870f2e07fc7a,deepfilternet3_wet1,3.923114538192749,4.047446250915527,3.7794275283813477,3.810044288635254,3.1975622177124023,3.8275887966156006,3.6232519149780273,tg_voices_uk
cb041a51f5ba22743b609f6e6cf9dd7c97ddbd956159a1c37cae89065b53d853,2.7900416666666668,brute_force,False,1573392baf542b95,sidon_wet1,3.4032115936279297,3.6301114559173584,4.177751541137695,3.9825613498687744,3.1959733963012695,4.128849983215332,3.6476361751556396,tg_voices_uk
285d6e2d7ac68080490891ce8f17a6e02bb62ac0f4ed3f8f31dc635970f58569,1.9600416666666667,brute_force,False,a343c3b60397f081,clearervoice_wet1,3.813861608505249,4.7711381912231445,3.882739543914795,4.542062759399414,3.1202304363250732,4.087189197540283,3.695157051086426,tg_voices_uk
f9ff4e0bf6436925029518913e25e50f86a12a63bef5a32d59e288c7ab2e1897,4.95,brute_force,False,dd4dfdc4d7d9cd0c,deepfilternet3_wet1,3.502706527709961,3.965590238571167,3.452082633972168,3.660167932510376,3.378174304962158,4.156332015991211,4.100688457489014,tg_voices_uk
d0d5eb3e50994b256514ad6539ef2dc7ac04becb6a1e3753e14bb555e914549c,7.95,brute_force,False,453f4ba9b461f99f,legacy_cascade,4.005285263061523,3.8780810832977295,4.098979949951172,3.9227163791656494,3.170743703842163,4.494752883911133,3.6232409477233887,tg_voices_uk
e7d01e733a8fbbe7cb22c2cd9c0d8fbe2553c9e7b0bef7b107fac00fe7d12b1b,2.37,brute_force,True,8f9bd30121a7c414,clearervoice_sidon_deepfilternet3_wet1,3.247431516647339,4.299909591674805,4.466858863830566,4.4997782707214355,3.988898515701294,4.883091926574707,4.38137674331665,tg_voices_uk
6cb6df160a82accc6b759cde38911135b5242ae6d37e7082adc7c9e9891b8f36,4.03,brute_force,True,55126c0808de1dca,sidon_wet1,3.9255216121673584,4.262862205505371,4.370149612426758,4.520926475524902,4.022374153137207,4.6809492111206055,4.452498435974121,tg_voices_uk
ee1c3507b7968738159a80accfbb8152c6ae5717cf422b76efc0e715959fb807,5.230041666666667,brute_force,False,1f5c4d9d94584166,legacy_cascade,3.342445135116577,4.407168388366699,4.332485198974609,3.882066488265991,3.2892684936523438,4.464982986450195,3.8466970920562744,tg_voices_uk
6cb69a32cd8422553d830bac977c5e18f27a5fd8a7a056039a1a0c3a11f13331,2.4700416666666665,brute_force,False,7e635aa19e714fce,normalized_original,3.6130003929138184,4.22379207611084,3.820343017578125,4.314356803894043,3.4054572582244873,4.29778528213501,3.6423802375793457,tg_voices_uk
84f5daa40d0a3dd2c352838e7f354dea5cac7f9e43458952742dd27c96945d7a,4.32,brute_force,True,8430672c813e7b8f,clearervoice_sidon_wet0.5,3.977151870727539,3.9609062671661377,4.497731685638428,4.57879638671875,3.830515146255493,4.720010757446289,4.244850158691406,tg_voices_uk
abc906c144702f85212ace65d3f6113f21adc4c62a02bff42a974f1c5a49bc74,2.33,brute_force,False,7d520c9452cdfc46,clearervoice_sidon_wet0.5,3.2715003490448,4.052675724029541,2.994307041168213,4.216920852661133,3.2540035247802734,4.4081010818481445,3.927401542663574,tg_voices_uk
26308f31f2eca15fb091f9533a8d20e6cd0ce2a63aad700ef537f467a1aab305,2.53,brute_force,False,3e685b190ba45f40,deepfilternet3_peakminus3_wet0.75,3.954160213470459,3.8265953063964844,4.129544734954834,4.171947479248047,3.4769344329833984,4.531604766845703,3.9049715995788574,tg_voices_uk
d77568129577a23dbf081ec1166fc2641ffa48ac463bfbb3a88f46705c6dcdd1,3.35,brute_force,False,0da85bf49f563322,sidon_wet1,3.970864772796631,3.8141725063323975,4.553416728973389,4.538041114807129,3.41587495803833,4.693670272827148,3.938783645629883,tg_voices_uk
bb6f69d744edafda7512515ebd237327b59104030566b8bab0a6288413fcc2ae,2.11,brute_force,False,7771c2336bd98b36,clearervoice_sidon_deepfilternet3_wet1,3.7027428150177,3.9163589477539062,3.7773470878601074,4.2240376472473145,3.143315315246582,4.268959045410156,4.060342788696289,tg_voices_uk
9ccca5637dd79cdf8681ed7bfb6f7835a80d6f160f62c4b6ca151319e9e074e7,1.84,brute_force,False,80d1e80731f94de5,legacy_cascade,3.1063857078552246,4.311277389526367,3.595350742340088,3.9585673809051514,3.323235273361206,4.551760673522949,4.001152038574219,tg_voices_uk
3ac306357d3ca9513b3296439b07b8f115701171e1f3b2bf2325d36b4db1d68b,3.75,brute_force,True,55de86debdfa6538,sidon_wet1,3.881830930709839,3.898951292037964,4.5060625076293945,4.170642852783203,3.6583478450775146,4.529119968414307,3.9157040119171143,tg_voices_uk
709a9118127263b38bc09567cfda8aaa5745723dc41927ae5c1d68e756f9ec56,1.7000833333333334,brute_force,True,92161c225505cef3,sidon_wet1,3.1291205883026123,4.6107892990112305,4.116202354431152,3.494075298309326,3.524881362915039,4.484217166900635,3.987809419631958,tg_voices_uk
3ed01ee37956e98743a2eb89e29bef1e3f9d0bf22478ee5aa38a7012b2dfb3f3,3.02,brute_force,False,c32331f6933db117,clearervoice_sidon_deepfilternet3_wet1,3.4535648822784424,3.969703435897827,4.059913635253906,4.584224224090576,3.1760315895080566,4.504746437072754,3.789376735687256,tg_voices_uk
cc8992f6ff727a5af48cc07bb0e89e552730e076137e32c0d16124a6990a5575,2.3,brute_force,True,dff69328d8d33467,deepfilternet3_peakminus3_wet0.75,3.406567096710205,4.341668128967285,4.369219779968262,4.572551727294922,3.7530391216278076,4.273664474487305,4.436121940612793,tg_voices_uk
373327eb5b94779dbd65cb8357f33d11e4fb4fce9382c37ccdb13b6ee544f375,3.5835,brute_force,False,b077e47d42dcdaa2,clearervoice_sidon_wet0.5,3.5026001930236816,3.865990400314331,4.1577467918396,3.9797885417938232,3.1944119930267334,4.0369415283203125,3.7331953048706055,tg_voices_uk
0d3ceecd8641cf3e0a3ce3dc6ee8f03621083e64e60640665e7afb5288cfcb74,1.8900416666666666,brute_force,False,e9b78993f1c0e88e,deepfilternet3_wet1,3.2433016300201416,3.9128739833831787,3.625013828277588,4.165287971496582,3.075023651123047,4.168219566345215,3.869541883468628,tg_voices_uk
cfd7f187e42c3d1d7e43e7c74da35c77a3dd2bd0c22941f2a748b967d71caa32,1.9700416666666667,brute_force,True,7849f87d6989d8de,deepfilternet3_wet0.5,4.042672157287598,4.738152503967285,3.9576807022094727,4.3574628829956055,3.5452282428741455,3.818129062652588,4.139000415802002,tg_voices_uk
623e051ec5cf12e6fd40a26c8b02d20012d6ced1144eef6ebb05c67d9260e9e4,2.2,brute_force,False,ac936925e682db33,legacy_cascade,4.240745544433594,4.023345947265625,3.012721300125122,3.7426950931549072,3.0686843395233154,4.005391597747803,3.7881906032562256,tg_voices_uk
f6b60e1449c5d0a3cfb5aa8af48ee30a9bb7d81383fdac4a0af765fb8a42978d,6.02,brute_force,True,f8d46eb306eedb2a,deepfilternet3_peakminus3_wet1,4.195618152618408,4.7571611404418945,4.428025245666504,4.863430023193359,3.5775270462036133,4.848993301391602,4.074032783508301,tg_voices_uk
d2cec95e30667f85641b3ab990da4c40ec965fb59421a41a7c21ca7c551d48cb,2.31,brute_force,True,99dfde6bbdae21df,clearervoice_wet1,4.084865570068359,4.349616050720215,4.290254592895508,4.271546363830566,3.974513292312622,4.644525051116943,4.399174690246582,tg_voices_uk
ea96ddc6008d0643110386c394adb95b52e0c98b085ccf7695e4a4a18c80b6fe,4.65,brute_force,False,e63ca37142e403df,clearervoice_sidon_wet1,3.2896876335144043,3.8212215900421143,3.6179654598236084,4.261340141296387,3.37396502494812,4.559282302856445,3.5647380352020264,tg_voices_uk
b4e56130ac5dee683f3d9efcf93e818372a39ff5c541e8c7970eeb2e7191b1c9,7.41,brute_force,False,3459e9ecf4a5ab88,clearervoice_sidon_wet1,3.806544542312622,4.520452499389648,3.8430585861206055,4.456087112426758,3.3027889728546143,4.49006986618042,3.8505170345306396,tg_voices_uk
3f00f2c4baf9f04aa285e73f10b65e9e8071b2866617819211dbfeecb5ffa1fb,4.56,brute_force,True,5ef8bb577dfc820f,sidon_wet1,3.616818428039551,4.382998466491699,4.36260461807251,4.434224605560303,3.64105486869812,4.843523979187012,4.141489028930664,tg_voices_uk
1b00351eadfbebb0ddaae45026f84456ed880eb0538d2a36491e9352a762ed75,3.52,brute_force,False,4f17bca587d2ff0d,deepfilternet3_peakminus3_wet1,3.984555244445801,4.198691368103027,4.2973504066467285,3.9140243530273438,3.2843213081359863,3.725825071334839,3.595384359359741,tg_voices_uk
edf599e83d3838c8c60853299e70f434b459efbb3c835e9ba0cbbb4aa1935b99,3.53,brute_force,False,4d7b9e5933acc2cc,clearervoice_wet1,3.501079559326172,4.47337532043457,3.324974298477173,4.134893894195557,3.0999419689178467,4.345120429992676,3.411536455154419,tg_voices_uk
d04591cb52fd2865754c68f3ced626d9a739689afa237ed40cc32600c3c2ba41,1.74,brute_force,False,d0f08e189a6a5ff2,clearervoice_sidon_wet1,3.873103618621826,4.823487281799316,3.973970890045166,4.193597793579102,3.439546585083008,3.2295141220092773,4.230113506317139,tg_voices_uk
e1b60eeb4b9b17d9c89015a8948f4cfda838a9b364d162b361443ff80840d466,5.34,brute_force,True,35e7a78e78b39a8a,clearervoice_wet1,4.446130752563477,4.530359268188477,4.581973075866699,4.275437355041504,4.167960166931152,4.7572526931762695,4.691011905670166,tg_voices_uk
b3517d7b893e163185ad234034a60562093e652b64df0c15b16c69baa9afe308,3.3735,brute_force,False,a8dc57ce6c88a19d,sidon_wet1,3.1868221759796143,3.454261064529419,4.213964462280273,4.337832450866699,3.1584126949310303,4.654803276062012,3.6119775772094727,tg_voices_uk
30b257969da9e721b8b6a49f3cee4beb7a59a7dee82d1b8c7c06a7a5df3d7f20,2.2300416666666667,brute_force,True,942dc23a4f307676,sidon_wet1,4.384444236755371,3.9493000507354736,4.164114952087402,4.137324333190918,3.6947481632232666,4.558194160461426,4.128913879394531,tg_voices_uk
5c15a5e61c8684e65ddaf912f25bc6900a3cdbd5e1e1c7f3f1b620b8a85140b9,3.68,brute_force,True,9ad058e84a7cee1a,clearervoice_wet0.5,4.158496379852295,4.461228847503662,4.3146820068359375,4.239011764526367,3.79986572265625,4.06456184387207,4.2896904945373535,tg_voices_uk
79803f576c0825b9014399c0a6198ae47a905cfdf86ac33548e25609fb4f6065,2.7335,brute_force,True,34109ff078e8ebbc,clearervoice_sidon_deepfilternet3_wet1,3.6510417461395264,4.429355144500732,3.9249703884124756,4.641134262084961,3.6070475578308105,4.290536403656006,3.8562116622924805,tg_voices_uk
e6ab762ee7906342350127d6513be53dcecaf834a071c1a0fe9f7db9258baf22,7.6,brute_force,False,9a834c7b2a4361d9,clearervoice_sidon_deepfilternet3_wet0.5,3.862065315246582,4.306083679199219,3.6162896156311035,3.9552931785583496,3.0562901496887207,4.206806182861328,3.553159713745117,tg_voices_uk
8b5ac5e66ee3f01e0d015e3e9150e22a59a0199446ef8385a4c05f5cfc30e342,2.27,brute_force,False,8c76532e76531c31,sidon_wet0.5,3.6172871589660645,4.38519287109375,4.050520896911621,4.243630409240723,3.1727561950683594,4.211151123046875,3.4257967472076416,tg_voices_uk
737bf5852182f245318e5e44327b69092dfe609ec7588c7dd4aeed5d22811d4e,3.3135,brute_force,False,0f11cf153c9d4cf0,clearervoice_sidon_deepfilternet3_wet1,3.758305788040161,3.9679934978485107,3.655862808227539,4.121091842651367,3.151754856109619,4.343428611755371,3.7205886840820312,tg_voices_uk
8c52e63b66cd75e0e249267cd67945ece5265ec9042f27c96dbaf50af1a48cb4,2.21,brute_force,False,e1304f2e88eab378,clearervoice_sidon_wet1,3.2288596630096436,4.265480995178223,4.038457870483398,4.237331390380859,3.420144557952881,4.742337226867676,3.921619415283203,tg_voices_uk
a3c21b3f85a0403f05fde651879b6230edd79e7f1b96801fa85d22f9edfc02e6,6.08,brute_force,True,49a0f944677d8954,sidon_wet1,3.496122121810913,4.400683879852295,4.429340362548828,4.8318281173706055,3.523469924926758,4.624957084655762,3.807264566421509,tg_voices_uk
7a3e04d552246ca06d2495fc1b4ac69db370808674cc9985d55699c20883efda,3.7,brute_force,False,f82c3035011a7926,clearervoice_sidon_wet1,3.316431760787964,4.125653266906738,4.43360710144043,4.307498931884766,3.2696926593780518,4.199230194091797,3.918363094329834,tg_voices_uk
5359be759f1fabc6132b0bf3fd77a239f0b708b7bfd743f81afe573c3c91d069,2.5335,brute_force,False,c3843c5f27f25bc9,deepfilternet3_wet1,3.4084389209747314,4.117680549621582,3.6347732543945312,4.620404243469238,3.251493453979492,3.5719950199127197,3.768751859664917,tg_voices_uk
05328b72abd86d218ba2fd06d67c8e6fe4a846bf9b6c864a35062bfbc17024dc,8.4335,brute_force,False,20b69eec04f09874,clearervoice_sidon_deepfilternet3_wet1,3.6328039169311523,4.158917427062988,4.164443016052246,3.9476521015167236,3.452286720275879,4.6866960525512695,3.943592071533203,tg_voices_uk
50f8e4f6aaf179e23ab35ca29c9d7a35de8467fd745b1b1e79f85c062e0b35c3,2.0,brute_force,True,416b4bec03137c4c,sidon_wet0.5,4.998954772949219,4.963930130004883,4.974403381347656,3.2312726974487305,4.999413013458252,4.27134370803833,4.9993510246276855,tg_voices_uk
a3b6f24c48014eec2a045079774aa70c44cb53e3a5038a26565bcc1fc5d3d947,4.79,brute_force,False,2e6bf590e008cf51,legacy_cascade,3.221357822418213,3.61151123046875,3.782214879989624,3.906412363052368,2.871929168701172,3.888253688812256,3.18084979057312,tg_voices_uk
309486dc3ed5a8d5b0231e5c8b2ad6d87c3cada594ab36456c5a51e7d7844e0d,3.15,brute_force,False,d3754eb4100330cb,clearervoice_wet1,3.750732183456421,3.9370172023773193,4.064884662628174,3.7616653442382812,3.0164501667022705,4.185664176940918,3.3970437049865723,tg_voices_uk
b98084003ca27045b3cf7048c1b97819a42eef51be4a62020968cd0dba56700f,4.96,brute_force,True,827fe93c88e27b5b,legacy_cascade,3.8091859817504883,4.199575901031494,3.9135725498199463,4.439619541168213,3.538980484008789,4.7428741455078125,4.0125579833984375,tg_voices_uk
c8e8a5e03161887966da19042ac52816f98ac51e383256845d943cdcc30d4975,1.86,brute_force,True,86a39f7f2712239b,clearervoice_wet1,3.8209564685821533,4.620071887969971,3.7820451259613037,4.118762016296387,3.7336888313293457,4.503750801086426,4.2002973556518555,tg_voices_uk
1023eb19eb646a134544dc6bf2a765985935e68b7c69b57f36aad8464f400534,7.880041666666667,brute_force,True,568b4a5c107767da,clearervoice_sidon_deepfilternet3_wet1,3.9988787174224854,4.294716835021973,4.286653518676758,4.573103427886963,3.7408487796783447,4.694308280944824,4.196686744689941,tg_voices_uk
8d089c8d68183670abf7e4ef2694e7f0abab708b54c6d79d3a6ed83fe0e9c7c5,2.3635,brute_force,False,69241b4e5656715f,clearervoice_sidon_deepfilternet3_wet0.5,4.171459197998047,4.464690208435059,4.325412750244141,4.249873161315918,3.4219601154327393,4.322085380554199,4.113176345825195,tg_voices_uk
50d81ff1eca72cd2e1393fbba6faa1e51d983bc7f209ed0789893210e2184858,1.8,brute_force,False,803122a38c01d1fb,clearervoice_sidon_deepfilternet3_wet1,4.182613849639893,3.3753488063812256,3.7801430225372314,4.2219953536987305,3.1367862224578857,4.158651351928711,3.679013252258301,tg_voices_uk
50c4f1771176985e56b8e8cbf80956f98cd1fa0d0ebff19a2e2f11d0e288e9b0,2.09,brute_force,False,e8ae32ee9004fd33,clearervoice_wet1,3.7197554111480713,4.224412441253662,3.874505043029785,3.83082914352417,3.0463192462921143,4.131623268127441,3.5086207389831543,tg_voices_uk
83574a8dc97f7b5da77417b9a9b1fdefe3cd8185b1b917f4fe6b16dbf52e1b88,4.51,brute_force,True,27789ef0611f2091,clearervoice_wet1,3.9578309059143066,4.232580184936523,3.9869272708892822,4.353489875793457,3.7642340660095215,4.084009647369385,4.330269813537598,tg_voices_uk
68375e78d05aba1c85374caffccc62328ef39bc070b98f6e917cb6ffac5a9d59,5.27,brute_force,True,88bd598f008ff157,clearervoice_sidon_wet0.5,3.7145140171051025,4.130704402923584,4.216106414794922,4.602949142456055,3.5196990966796875,4.604450225830078,3.8061344623565674,tg_voices_uk
82a9dd20a3d5b816dc70ee635afdf9b7498406b81b4f8cf0d6eb04a7cfd47379,4.7035,brute_force,True,f823e7681f9fe225,legacy_cascade,4.00433874130249,4.297307968139648,3.8986237049102783,4.507099151611328,3.7410969734191895,4.210231781005859,4.200831890106201,tg_voices_uk
6540b1ba5bec56d06cbe659e19ff4a110aa77efedd15ffbceb483da8e270e2e6,4.3935,brute_force,False,62cc7bd36f68a298,sidon_wet1,3.9442901611328125,3.8360071182250977,3.8625102043151855,3.871253252029419,3.097511053085327,4.395529747009277,3.559035301208496,tg_voices_uk
b2127bd540b0e30c3b9bc175117ec06d171838387d391b7988dd428edf9bc71b,5.43,brute_force,True,2f3cba8d9f5c9c25,clearervoice_sidon_deepfilternet3_wet0.5,4.099465847015381,4.379487037658691,3.999103546142578,4.5846099853515625,3.5092403888702393,3.724581480026245,3.7867326736450195,tg_voices_uk
8fdd404246823715e7d3d34cd766ff3d128cc1aec178f207e404287d9378cf4c,1.76,brute_force,False,a38f4072312baa2e,clearervoice_sidon_wet0.5,3.6187002658843994,3.9991276264190674,4.060406684875488,4.66844367980957,3.243523597717285,3.8773679733276367,3.759727954864502,tg_voices_uk
e55ce838a197ebcbeaac13126f265352821033d680913b9adc653f891677b3bc,1.38,brute_force,False,9f0cc5c4c74e219b,deepfilternet3_peakminus3_wet1,3.5018503665924072,4.556674003601074,4.104483604431152,4.0287041664123535,3.414870500564575,4.214146137237549,4.240518569946289,tg_voices_uk
43468f052c2ee98bde8dd797f0ebb24ece98dc066bd4200fe4721719c56f3e7f,1.9835,brute_force,True,31ece5d3b9b634c7,deepfilternet3_wet1,3.5614352226257324,4.863305568695068,4.021895408630371,4.374825477600098,3.933401346206665,4.703159332275391,4.4938859939575195,tg_voices_uk
471cbfbcaadb3c8d57977d6f89b7fefa05d8b50c3a11bdf063ad13b325a5b3d9,1.57,brute_force,False,448c7cee04bfa8cd,deepfilternet3_peakminus3_wet1,3.7167696952819824,4.083161354064941,4.063065052032471,4.300163269042969,3.217860221862793,3.838404893875122,3.6228365898132324,tg_voices_uk
bae9c9daa9f48c7e47fc4de0c5fa8c3013ab08d7c28518fb533626a3e98a0df6,5.160041666666666,brute_force,True,593b1c8c69e1b8ce,deepfilternet3_peakminus3_wet1,3.903549909591675,4.519625663757324,4.508308410644531,4.570548057556152,3.9120969772338867,3.889836311340332,4.388879776000977,tg_voices_uk
a42a269e5c54e6a44838d32c8b576f94ba96da97c2e05ab0a38989b8f8a3b475,6.63,brute_force,False,51d1c15b3e70b3a4,clearervoice_sidon_deepfilternet3_wet1,3.631457567214966,4.096771240234375,4.4616899490356445,4.361545562744141,3.4304628372192383,4.390177249908447,3.7771568298339844,tg_voices_uk
35c54d837274ea628fde4f0c319a4fcf3ff87f8d17ada8a5d94e8d5fb8313c91,2.0500416666666665,brute_force,False,bfba3cb5e21bbd3a,clearervoice_sidon_wet1,3.471858024597168,3.5277860164642334,3.6810214519500732,3.4758334159851074,3.139968156814575,4.342185020446777,3.5521514415740967,tg_voices_uk
ca2c64e4c4b1ff9e9196238ec1fcc8e779cd46696646cb9b02eb112d0a5bf267,4.82,brute_force,False,962c90bf6df6db11,clearervoice_sidon_wet1,3.4214284420013428,4.839347839355469,3.029919147491455,4.520440578460693,3.378472089767456,4.738883972167969,4.150688171386719,tg_voices_uk
0e5909163f6f59cbb4093d90e22ff08b13175e59b33b68a4b61821f531342847,1.63,brute_force,True,4a499ff6ee15bc09,legacy_cascade,4.141047477722168,4.817084789276123,4.388751029968262,4.728628635406494,3.6268086433410645,4.573728561401367,4.231406211853027,tg_voices_uk
48e1b620f67ecadf8f4d01d660e1a2aa397ac3dd4e7f265d8e5b8d6bdcebc24d,5.4735,brute_force,False,1bb191727cf865aa,legacy_cascade,3.6755166053771973,3.6700401306152344,4.6680474281311035,4.277709007263184,3.359227180480957,4.565650939941406,3.835648775100708,tg_voices_uk
576de93c84cdd2c88c069cf1cb6965f92224f7997595027e9c17960ff566663f,4.92,brute_force,True,7afbfeda4a1943d5,clearervoice_sidon_deepfilternet3_wet1,3.409874439239502,4.194622993469238,4.267552375793457,4.444303512573242,4.083702087402344,4.591365337371826,4.5611371994018555,tg_voices_uk
b33350f2165985625bcbdfa6e49ad7081fa32914ca5c39f6d88572cd107964d5,2.06,brute_force,True,5b3899af8f752319,deepfilternet3_peakminus3_wet1,4.609906196594238,4.23281717300415,3.622541904449463,4.187055587768555,3.7635645866394043,4.149690628051758,4.016319274902344,tg_voices_uk
73d945ce7ea745ced0d8f5962ba376188d2af73a3179672d11daaa6670a5d33b,6.43,brute_force,True,6e233d493552ff0e,deepfilternet3_peakminus3_wet1,4.539454460144043,4.91848087310791,3.8925695419311523,4.633152008056641,3.5711543560028076,3.7396137714385986,3.7203173637390137,tg_voices_uk
60cb4e57951a425e429f5d4b3ec71655f813b57a533b6afa7d65d9f8c3a6dc25,2.9635,brute_force,True,874ee0fbe04650eb,clearervoice_sidon_deepfilternet3_wet1,3.497901678085327,4.3389739990234375,4.144676208496094,4.549436569213867,3.630250930786133,4.618196487426758,4.061734199523926,tg_voices_uk
c3ecb879b793564a208028fc88e5ab5735820efafbf9d05595fb11e09f294c83,2.3200416666666666,brute_force,False,a65b7736466b6639,clearervoice_sidon_wet1,2.9916281700134277,4.095982551574707,3.8380212783813477,3.8626739978790283,2.723783254623413,4.5784912109375,3.2444517612457275,tg_voices_uk
e7c46d6b025f266725552f7df2127a1c5cb3d7a7fef6f2234b348753c5aa0c01,1.93,brute_force,False,71c2601a98290420,legacy_cascade,3.653333902359009,4.416845321655273,3.687485694885254,3.6564412117004395,3.218923568725586,4.842552185058594,3.6979169845581055,tg_voices_uk
9d312ca45a8690bb693fcf98339c1d9b6342c14904780e7499f0558fc98d9380,7.82,brute_force,True,ee1bcfca55685f89,clearervoice_sidon_deepfilternet3_wet1,4.14597225189209,4.0653886795043945,4.018848419189453,4.435317039489746,3.728201389312744,4.751819610595703,4.243359565734863,tg_voices_uk
e0fa0ce6a2d993e920e3c0c672ae25c1a25c8516973ddfd851a827894380580c,3.88,brute_force,False,688ca135f008a4bb,legacy_cascade,3.2829315662384033,3.4559168815612793,3.5143187046051025,3.900453567504883,2.995532274246216,4.018483638763428,3.1949949264526367,tg_voices_uk
0457b2e2a479bebb32f5311ef07a15b5446c844bc5496186215ce2198bb9e785,7.95,brute_force,False,3dce096c4a44842f,sidon_wet1,3.5725724697113037,4.083658218383789,4.04677677154541,4.460383892059326,3.4984982013702393,4.445745468139648,4.070468902587891,tg_voices_uk
a0a9a328906a5169f0e1991af28b0926b9d8b1042bb9f7c529fcf3a1ba58db39,2.0500416666666665,brute_force,False,f6175f23c57e2bd0,clearervoice_sidon_wet1,4.051148414611816,3.6141958236694336,3.7703025341033936,3.652803421020508,3.3783161640167236,4.774234771728516,3.6495518684387207,tg_voices_uk
6599f4c602108f48016de30610c4086942be25cdbc1f4dc647166bbfb2da2f29,3.86,brute_force,True,fae330cef3ec5625,sidon_wet1,3.7996630668640137,4.215819358825684,4.119982719421387,4.425853729248047,3.5816478729248047,4.482044696807861,4.0127177238464355,tg_voices_uk
82dcb0e67418ea82a5b36e77cb51af2d7ce48a5590c908f8cc924bb8d8e56e46,2.4900416666666665,brute_force,True,68560aaf280b0585,clearervoice_sidon_deepfilternet3_wet0.5,3.6743388175964355,4.586343765258789,3.919898509979248,4.322510719299316,3.9055564403533936,4.750361919403076,4.497397422790527,tg_voices_uk
26fd24327facf6f644418c4ea35e108753b4a9c5f2e0fb5a12fce7125bf003b9,2.5300416666666665,brute_force,False,4558986978112bdc,clearervoice_sidon_deepfilternet3_wet1,4.10827112197876,4.032053470611572,4.342151641845703,4.396852493286133,3.4071319103240967,4.673912048339844,3.7404847145080566,tg_voices_uk
28a07fbd346565c83e21dff3f3dd85044c67ef6a94a2272a5e5699636bf0e848,2.9900416666666665,brute_force,False,015ce2877dca09b6,legacy_cascade,3.507484197616577,4.41374397277832,3.3406589031219482,4.497683525085449,2.927290916442871,3.8043081760406494,3.5629894733428955,tg_voices_uk
966102d6a5c8f6699d6e2142b76e5b3dc75f8b77488d0854cf03266c4ca3a355,1.79,brute_force,True,0494a2a8da2ae831,clearervoice_sidon_wet0.5,3.555478811264038,4.5970377922058105,4.565169334411621,4.676318645477295,3.544755697250366,4.4490203857421875,4.124614715576172,tg_voices_uk
48704204e2734192d27d8fa06c5962043c40ba7303cb78d2360898ece3fe1e7b,3.16,brute_force,False,1d1a2eb127fef6c1,clearervoice_wet1,3.7875144481658936,3.7230067253112793,3.9130473136901855,4.290525436401367,3.4529078006744385,3.926938056945801,3.769237756729126,tg_voices_uk
b7dccdfa6e7109984a68cb98703441d9044ac46dbcf4afdb0bb87deaa53fe544,2.88,brute_force,False,b1147de288dda47b,deepfilternet3_peakminus3_wet1,3.97198486328125,4.607684135437012,4.629504203796387,4.234487056732178,3.1338388919830322,4.622565269470215,3.8576600551605225,tg_voices_uk
5f58c4ee8fa60c408b97694f3abb49191d007bd6f4c965b25b58d2f0ba000cc5,2.15,brute_force,False,c5bc392fbdf84ad7,legacy_cascade,3.66058087348938,4.214168071746826,3.868229866027832,4.416061878204346,2.8106093406677246,4.465053558349609,3.3544909954071045,tg_voices_uk
d5225ecc9fb4d03f2bd21dd34bff7a0860340de595c6b04afc01519ce7a9f7f0,6.26,brute_force,False,91e27cdcc0bb2033,clearervoice_sidon_deepfilternet3_wet0.5,3.5666279792785645,3.970536470413208,3.9138052463531494,4.0239057540893555,3.3437397480010986,4.301291465759277,3.929356575012207,tg_voices_uk
68f6717697fd7cacc559506e8bc707c3bc29ff121d056bd75a77f9161f7e8ab3,1.71,brute_force,False,ad387df59a236c45,sidon_wet0.5,4.251726150512695,4.112557411193848,2.621328592300415,4.042403697967529,3.174677610397339,3.2209548950195312,3.80552339553833,tg_voices_uk
4f39b9ce4b8a6b255a4908feaa75b87b9e619004889b63e8b6436307a2392e12,1.73,brute_force,True,69a34776de65ca8e,deepfilternet3_wet1,3.9592456817626953,4.671051502227783,3.8174257278442383,4.54974365234375,3.8673806190490723,4.598243236541748,4.092901229858398,tg_voices_uk
359317ddc6d2ab4d5c57e8dd6743409043764b6b270b9baab6464b701a8bc4c7,2.14,brute_force,True,34a7195683ba3c42,sidon_wet0.5,3.9750590324401855,4.021662712097168,4.199685096740723,4.348012924194336,3.753960132598877,4.129300117492676,4.137383460998535,tg_voices_uk
ebe9ace0533a705312319cab0a3b6c2c81de26f9b093dc99b53530a0dffaf299,1.56,brute_force,False,b1b5312393f01c46,clearervoice_wet0.75,3.8789420127868652,3.991503953933716,3.109555959701538,4.172363758087158,3.3285162448883057,3.6915061473846436,3.8848042488098145,tg_voices_uk
712389d01ec3badc8fd52db04389c47600a5574097bf5259647443c9930ddbaa,2.33,brute_force,False,3d266a831e90d335,deepfilternet3_wet0.5,3.4298336505889893,4.078035354614258,2.8680548667907715,3.5514745712280273,3.1048896312713623,3.127465009689331,3.682249069213867,ua_ser
212a5f0020ef1620e15abc7816f806a0f429e212b5afa429f00bb3dda4acb526,2.803625,brute_force,False,9f745e229d10784b,deepfilternet3_peakminus3_wet1,3.831228256225586,4.142980575561523,3.8142735958099365,3.9112942218780518,3.462024211883545,4.1672821044921875,3.731886863708496,ua_ser
a07020b159debb8a61914d92a9c0c8b978f7117a93e5a8ce4ef2fda43e9a9241,2.12,brute_force,False,a78886575d348f74,deepfilternet3_wet1,3.4540188312530518,4.052987098693848,4.4952802658081055,4.119976997375488,3.2201991081237793,4.125753402709961,3.504945755004883,ua_ser
1508a438a31f77c891360147e3c4da9d8fe02cb8655f8fa583da98bb0b26a093,1.7900416666666668,brute_force,False,b4ee8d66216948ee,legacy_cascade,2.444270610809326,3.906277894973755,3.766697645187378,4.169602394104004,2.5289862155914307,3.8093249797821045,3.149681568145752,ua_ser
f5e84931fa5ef207c8acdaec9650b4e433baa84519c60c7c97bb20be022af7fe,2.3027083333333334,brute_force,True,18087c3a908cfea9,deepfilternet3_peakminus3_wet1,4.015841960906982,4.884866237640381,4.82935094833374,4.397282600402832,4.018710136413574,4.24886417388916,4.552919387817383,ua_ser
b142fecbcc930beb4576d7b9734830e74e03ed6264b7959c2246ad2f91d1f6cc,4.33,brute_force,False,836387254fd4ca1a,clearervoice_wet1,4.065530300140381,4.763027667999268,3.938377618789673,4.458086967468262,3.4360511302948,4.619690895080566,3.848684072494507,ua_ser
797c5297e796e5270c6da7d85efc3ee417a320a3f95172b06541ea841abea7f3,2.548,brute_force,False,0593e655648ddfad,sidon_wet1,3.4994091987609863,3.9266433715820312,3.9437930583953857,3.6354966163635254,3.3731186389923096,4.535635948181152,3.6714789867401123,ua_ser
711b0bd74542058d78bb6c8ae4a65f277d13b32f983de7173cab6b0788fd9f80,3.67875,brute_force,False,ca4f931206a8a29c,clearervoice_sidon_wet1,3.285069465637207,4.055267333984375,3.675793170928955,4.478453159332275,3.383115768432617,4.574726104736328,3.8821282386779785,ua_ser
4a51cb60fc820748dd33d304b5f026489317fb7d86df939df69e8cf517fe8a63,2.9900416666666665,brute_force,True,a86527ce460d5853,sidon_wet1,3.7534544467926025,4.022193908691406,3.9329018592834473,4.35302734375,3.615053176879883,4.296040058135986,4.231474876403809,ua_ser
1d299d233aafd99e360c8dee3e44b9809b9bed97c892eb6a41cc47f2c15cef4f,3.3453333333333335,brute_force,False,d34fe67295b53ab3,sidon_wet1,3.742732286453247,3.7377188205718994,4.359322547912598,4.150715351104736,3.410710096359253,4.399270057678223,3.9605674743652344,ua_ser
3916ede9346f6a545fb4398c9577cd0fdc090f1ac5fbfdc45f38de41198d0168,2.28125,brute_force,False,6781c55f86ce67a0,legacy_cascade,3.828641414642334,3.728102207183838,4.065805435180664,3.8589272499084473,2.945943832397461,4.122588634490967,3.727363109588623,ua_ser
1f5b0c36a5662044c774ae5651cad599f04d60b9c82f10e02f105428f09a7a60,2.818,brute_force,False,9abe21701d8300f2,clearervoice_sidon_deepfilternet3_wet0.5,3.1578917503356934,4.337127685546875,4.16697883605957,4.097963333129883,3.3085737228393555,4.767636299133301,3.706998825073242,ua_ser
8f9285875c5196b58548247d58daae1acec4a51d9109c8c6759e5c9573d6c3e9,1.65,brute_force,False,5bdc248dbac9a5b6,clearervoice_sidon_wet0.5,3.814594030380249,4.074334144592285,4.015739440917969,3.727789878845215,3.220978260040283,3.315450429916382,3.446974277496338,ua_ser
9240674f9bceeb6c424f0226fcbf3a884fab757805fb67a75b83be6d121373ed,1.79,brute_force,False,70a9b8589969bf9e,clearervoice_wet1,3.458916664123535,4.509098529815674,3.645686626434326,4.210745811462402,3.315537214279175,4.236738204956055,3.4620816707611084,ua_ser
ad71f17d68fed068c03dd04a5087d812fa440657842063c0ed995affdf069eba,2.99,brute_force,False,ef6f31ec38e2ba31,clearervoice_sidon_wet1,3.411802053451538,3.70186710357666,3.763533592224121,4.298060894012451,3.298121452331543,4.646945476531982,3.7867367267608643,ua_ser
840d89a098d1353817359439177ec3d581debde07ee64358b8ffedc2b8299d47,2.41,brute_force,False,58b5f26093b11b52,deepfilternet3_peakminus3_wet1,3.834237575531006,4.100934028625488,3.272404909133911,3.8407132625579834,3.0978283882141113,3.6399550437927246,3.318497896194458,ua_ser
f592aea390ef6acbd5cf5e00b44811d602e443aad8ac85374bfeaa58437f5fbb,2.16,brute_force,False,aac5ba3d4c7f0b02,legacy_cascade,3.2798354625701904,3.406749725341797,4.383659362792969,3.8685202598571777,2.8594071865081787,4.233939170837402,3.0757720470428467,ua_ser
170d72ae547957b44b546dc22b0fbe0890ea85462945a19f115bf5ce554cd276,4.0244583333333335,brute_force,False,58eee0eb0e5d10fd,clearervoice_sidon_deepfilternet3_wet1,4.227007865905762,4.517580509185791,4.526630401611328,4.458196640014648,3.442734479904175,4.619675159454346,4.213559150695801,ua_ser
88fded5aa5919c910640e2bf0c6c1e9ca01d7deca514c602794da575efae38ec,3.1017083333333333,brute_force,True,3114b59a1dddc877,clearervoice_sidon_wet1,4.135518550872803,4.155256748199463,3.713947057723999,4.21014404296875,3.6909728050231934,4.581107139587402,4.08027458190918,ua_ser
cabbc68a21d90e589f7754af8026e329938309f07ba277520a994ac8450f481f,2.432,brute_force,False,d5dd48a9b47cae15,legacy_cascade,3.344607353210449,3.6910316944122314,3.8240373134613037,3.7722890377044678,3.007662534713745,4.049615859985352,3.5486156940460205,ua_ser
dda39df48cf6a6ca39343aaa79a6ca536a9dccd1707e217fd20f5daeeecf52cc,2.13,brute_force,False,0782b89dc09f07ca,clearervoice_sidon_deepfilternet3_wet1,3.505260944366455,4.050177097320557,2.704359292984009,4.063173294067383,2.9291653633117676,3.4496524333953857,3.3596880435943604,ua_ser
585b458ea5033a91f46917220d51eabf11854b9cf3f3ff4f5ae85c9ed3f0e1ea,2.430041666666667,brute_force,False,4fa0c8aa9fbd58a8,legacy_cascade,3.8938517570495605,3.45583438873291,4.368905067443848,4.4589080810546875,2.871433973312378,4.6212968826293945,3.190486192703247,ua_ser
9adda7d0dc89ff003c52f322dbb0f435faeef5fbe59fe32ce76429ac23a4f246,2.36,brute_force,False,7ca79417ff847026,deepfilternet3_peakminus3_wet1,3.668538808822632,3.95257306098938,3.4856479167938232,4.11604642868042,3.4716851711273193,3.6308231353759766,3.9031524658203125,ua_ser
d9b990c002a4a459df2baee3f85a6b4769183d6206a0621fc6c3a5248591a4b7,1.854,brute_force,False,9b49305c687397b4,deepfilternet3_wet1,3.1495518684387207,4.3290534019470215,3.232332706451416,4.498810768127441,3.0407094955444336,3.7768898010253906,3.619001865386963,ua_ser
f5acfc063f86ff84b11941dd5e0e7cea6af10a058be06b5b4351bcc120bef121,2.581875,brute_force,True,c0ff44009f1d582b,clearervoice_sidon_wet1,3.41135311126709,4.9309892654418945,4.493824005126953,4.307372570037842,3.697442054748535,4.3985981941223145,4.385873794555664,ua_ser
7ddce3e555a20135710a21901fcc9766dfaecaca9becfb2cf3924fa0b51defb9,2.78,brute_force,False,bd8ee5e7d31ae146,deepfilternet3_peakminus3_wet1,3.4912328720092773,3.542322874069214,3.0106468200683594,4.453990936279297,2.9819087982177734,2.912519931793213,3.461352586746216,ua_ser
2bd2601e00fb1cb35fb7e365ff2ad211b44cc220a5e86199b7a2e5718fe8aaff,1.45,brute_force,False,e4ea07bd6ff3d635,legacy_cascade,3.4376137256622314,3.2338178157806396,3.8426878452301025,4.085954666137695,2.819810390472412,4.328018665313721,3.1796047687530518,ua_ser
6af8f76fc6f329810c0adf4188dd64922d8ceac83b93c5310d994ac14f0bc8e2,2.153875,brute_force,False,8bc611ba615a4311,legacy_cascade,3.709073543548584,4.293523788452148,3.62203049659729,4.5895562171936035,3.162402868270874,4.276900768280029,3.552838087081909,ua_ser
1bb81447da80c35a92d41210a1aa6c28fb8504fb60f459890e371179c1f5ae9d,2.3625,brute_force,False,e333b6260ad8a588,clearervoice_sidon_deepfilternet3_wet0.5,2.895932912826538,3.931178092956543,3.8328564167022705,4.461472988128662,3.206220865249634,4.008668899536133,3.7057013511657715,ua_ser
6764043d139bf03b8566879b7c9461e93a6909cb727d1495ed5dc26a6e9d239b,2.5415,brute_force,True,7d10601c621333fb,clearervoice_wet1,4.409040451049805,4.467438697814941,4.121184825897217,4.360221862792969,3.884788751602173,4.362324237823486,4.234488487243652,ua_ser
1a830ecd7895729a91fd9324204034c9bf5b9fed49f53db32ee9be9b568c06e3,2.548125,brute_force,False,43d91fefabe96223,clearervoice_wet1,3.6285271644592285,4.815351486206055,3.579219102859497,4.151517868041992,3.109609842300415,3.630009174346924,3.672215223312378,ua_ser
3952e2eebb4ae5928188fb009c6fe082281983012cec54ecaec3f55f06917d10,1.79,brute_force,True,b22923f08cac12d4,clearervoice_sidon_wet0.5,3.7397940158843994,4.754436492919922,2.7263286113739014,4.072081089019775,3.5212340354919434,4.569877624511719,3.810232639312744,ua_ser
8312364b03d6cc38ddc987db2a7f2a630a9b66de6a3d8657f15970ddeac0cce2,2.07,brute_force,False,5b6269d4fed7ccdd,clearervoice_sidon_deepfilternet3_wet1,3.4315927028656006,4.0849199295043945,3.402287244796753,4.222224235534668,3.213494300842285,4.236050605773926,3.979617118835449,ua_ser
42b40fea860d9e0190982aa5f4c71c67cc760f9e1d59e07443abeef7a0bc9b2b,2.311875,brute_force,False,a70ab834f6ce953d,clearervoice_sidon_deepfilternet3_wet0.5,3.8576903343200684,4.480352401733398,3.759110450744629,3.817171812057495,3.172802209854126,3.732823371887207,3.923126220703125,ua_ser
4e92b581f95483d5912b19cacce72d9677c6506247297f4aa77636882413533e,3.00375,brute_force,False,541577e82eaed72c,legacy_cascade,3.9836807250976562,3.4213924407958984,4.368156433105469,4.747200965881348,3.2733428478240967,3.9395031929016113,3.926062822341919,ua_ser
4b56c118dec419d1334b0a8424899faf0fccccb3842c99c57bae13acef7975b2,4.44,brute_force,False,d39f374b06904f0f,clearervoice_wet1,3.5572779178619385,3.7794880867004395,3.8570926189422607,4.051640510559082,3.304762363433838,4.30921745300293,3.7730062007904053,ua_ser
8d618f907931938a1d4c54cf0729f6f72f0eb9e7e407c6efa62887bbe00353a2,1.73,brute_force,True,19ffee07e35a6234,clearervoice_sidon_deepfilternet3_wet1,3.4734103679656982,4.192334175109863,4.075346946716309,4.32985782623291,4.403520584106445,3.8218271732330322,4.7444305419921875,ua_ser
72b220bcd48ff84ddf673dbbdf43ffb71638d0f367e1ddaeb4508b93e35f0e5e,2.6632083333333334,brute_force,False,3ec62c9173577600,legacy_cascade,3.7774505615234375,3.832144021987915,3.863440752029419,4.039863586425781,3.0171263217926025,4.285618305206299,3.5877957344055176,ua_ser
fbd54a55bb3dad5a51b7da5bcb1f47562c8b5eb552be050a82a101f80bc5a144,2.316125,brute_force,False,757812da0cf15f8e,deepfilternet3_wet1,3.9327316284179688,3.602447748184204,3.6136536598205566,3.874178409576416,3.0785491466522217,3.9557247161865234,3.530884265899658,ua_ser
15b428df3de3f82fe0f0c13ed174e44d208153c2818c2db0c729959933c7bd0b,2.34,brute_force,False,04c4c7dc06b94da8,clearervoice_sidon_wet1,3.2247567176818848,4.484195709228516,3.5453574657440186,4.363277435302734,2.832439661026001,3.7841031551361084,3.5221731662750244,ua_ser
e0f97be8ef5bd51e8c099b5e44ea0778e3610d2537b18054048f11e469db8419,1.59,brute_force,False,e801b3f088696656,deepfilternet3_peakminus3_wet0.75,3.3047990798950195,3.756122350692749,2.9239251613616943,2.511753559112549,2.666757822036743,2.8936948776245117,3.284196138381958,ua_ser
9acfdc5de5eec6e4be931edbd66f671e6673beb647e8848c802896f2063ef3b7,2.7344166666666667,brute_force,False,15b2d2eaa7874652,deepfilternet3_wet1,3.749070405960083,4.193551540374756,4.124022960662842,3.9074995517730713,2.970956802368164,4.133610725402832,3.279508352279663,ua_ser
eb5d7b13e2694ef64c933cba1c8b1bfb732f131e9e4c0e920939ce3e2f953037,2.176,brute_force,False,695662ccff496a1d,legacy_cascade,3.2422451972961426,3.75465726852417,3.4806532859802246,4.371232032775879,2.897679090499878,4.503888130187988,3.3853328227996826,ua_ser
fc9b877dbc9787a5ea121f51a69da5fba671f36a70de868b07b089d34baa59c8,1.9,brute_force,False,b906c61e2ad5a262,clearervoice_wet0.75,3.034451484680176,4.325573444366455,2.945948362350464,2.81115984916687,3.17364764213562,3.268704652786255,3.5776255130767822,ua_ser
61e2d5daf4ff335cf9fa9c23ef7a94b08bc32c79ff9a226f8289107497c06dd6,4.241375,brute_force,True,0ef7f42f655f2a11,legacy_cascade,3.9191629886627197,4.126486778259277,3.996262550354004,4.043496131896973,3.753612518310547,4.356780052185059,4.161015510559082,ua_ser
c5be8d49d43c74dd2b43549c00152720b1bbf8147a6f4c8150c4f35a1d35ce58,3.07,brute_force,False,00d2f52a40fc6586,sidon_wet0.5,2.614809513092041,4.524186134338379,3.6479320526123047,4.262664794921875,3.0593461990356445,4.552221298217773,3.7976341247558594,ua_ser
879211fe855ad963f1eb3d21349b7fe6186ab3786aad8aa86037e1a31cd32f36,2.56,brute_force,False,568dab3a2129f2cf,clearervoice_wet1,3.5955352783203125,4.451295852661133,4.047948360443115,4.1526288986206055,3.306919574737549,4.0667266845703125,3.7594385147094727,ua_ser
ae7cec632ed800831ba271dda2aa8a5a74e4b93b9a3c83bc918c43414544e7fb,1.592125,brute_force,True,2d9cbb4700b84c4a,deepfilternet3_peakminus3_wet1,3.7882137298583984,4.119876861572266,3.4435834884643555,4.148771286010742,3.5385541915893555,3.2336301803588867,3.6928980350494385,ua_ser
c5dc84f926971d441bc2fed63c0ce74a0ef1214e2d770099ae7f83d49394a10f,2.3200416666666666,brute_force,False,93864d5cb7bd8791,clearervoice_wet1,3.6893506050109863,4.251572608947754,3.1174004077911377,3.81412935256958,3.3107500076293945,4.414253234863281,3.5738918781280518,ua_ser
7ff349900f9df9154ed3d89c9041c3062d2d03b53ebd1ae9211bb4d00ed506cb,2.4538333333333333,brute_force,False,7f35bf53f2cbccc0,clearervoice_wet1,3.2602343559265137,3.8230793476104736,3.056380033493042,3.58436918258667,2.5524206161499023,3.525224208831787,3.050551652908325,ua_ser
5abaac2fd4f21a251b79e0f2368e3261c074c96b11c09ee12dde4ba79942b1c8,2.210625,brute_force,False,2b5a0a4398f05eb9,deepfilternet3_wet1,3.3212575912475586,3.7603495121002197,3.7770559787750244,3.2626943588256836,3.368576765060425,3.6955530643463135,3.7156596183776855,ua_ser
2a2b4677e72c86c5781454557a5d7062a04957cc3c43a038e0cc90f70d166738,1.94,brute_force,False,6c5a196b3a1dcb26,legacy_cascade,3.149092435836792,3.9753994941711426,3.0409762859344482,3.9065887928009033,3.0061185359954834,3.8570587635040283,3.391298770904541,ua_ser
e817c4286ce29060065e410457cf163804c63f7d7a79b22921e814439563c358,1.9900416666666667,brute_force,True,f7753b7ddb38c36d,clearervoice_sidon_wet1,3.9512972831726074,3.6580915451049805,4.098605155944824,3.4729883670806885,3.76558780670166,4.527553558349609,4.140840530395508,ua_ser
02155b4b787a76f1d5c2a82fc4b145b18c6b9763f3a92ff2dc21d0e32e8f63c7,2.185208333333333,brute_force,False,a602cf7755b3964f,legacy_cascade,3.736912965774536,4.095395088195801,3.994865894317627,4.108755588531494,3.281126022338867,4.54551887512207,3.8554847240448,ua_ser
1c693d5d83ef98d19df7db1c10c301a546f818d70e5683c10ce22b744a96c387,2.7855,brute_force,True,47dc0a795c5ad36f,clearervoice_sidon_deepfilternet3_wet0.5,4.229633331298828,3.9308478832244873,3.497985601425171,4.340686798095703,3.5966782569885254,4.660900115966797,4.033184051513672,ua_ser
1b1b6a93f613da347676b6a0a9e9c45406dc1488dad578b5f6c208f5e46902ba,2.82,brute_force,False,74e1ee12f1f05863,legacy_cascade,3.6132514476776123,3.991736650466919,4.411754608154297,4.266800880432129,3.260617733001709,4.741225719451904,3.7586252689361572,ua_ser
12178eae4424e3f14647b7eedc167a377fccfb4d921b0887eff52284f2bfb81c,3.4662083333333333,brute_force,True,e57fa4bf7f28ac8d,clearervoice_sidon_deepfilternet3_wet1,4.242579936981201,4.299359321594238,4.181268692016602,4.381155014038086,3.914804697036743,4.752316474914551,4.332326889038086,ua_ser
b1fa76b0f8f73fe34f5c7d0fece085342c605f003ebd01f7cf44bcda179a3d84,2.03,brute_force,True,ff3f4fed8815497a,clearervoice_sidon_deepfilternet3_wet1,3.2400565147399902,4.793457984924316,3.2715649604797363,4.6399736404418945,3.734123706817627,4.914942741394043,4.169804573059082,ua_ser
80c8e808900ec2fff7d2508b8371be677d0efab9b4359051fc204be5a1591820,2.378458333333333,brute_force,False,1f4aff1ea7c9e835,deepfilternet3_wet1,3.5137531757354736,4.307057857513428,3.601604461669922,3.9193496704101562,3.0982604026794434,3.538640260696411,3.6762077808380127,ua_ser
dc024d7736a199adb385c7ec2fe0cc4144268fb639d43ca10a583df921f7039f,3.0407083333333333,brute_force,False,53c06bfa319664c0,legacy_cascade,3.2937171459198,3.6238319873809814,4.05445671081543,4.642756938934326,3.113434076309204,3.911726474761963,3.3736019134521484,ua_ser
afe0429f98697deac8152217795baf5c299a7b71e02922942f75ff1bc6ba88f1,2.531,brute_force,False,57872d6abf3e8e0a,legacy_cascade,3.879814624786377,3.1960997581481934,4.289125442504883,3.6821205615997314,3.0108423233032227,3.952073097229004,3.127455949783325,ua_ser
5335982c831dd47e8d1730bfa1bac810a281bbebe8bf7bab887e1eea181323d3,2.2000416666666665,brute_force,False,32aaf7503b6cd3df,clearervoice_sidon_wet0.5,3.2606518268585205,2.734097480773926,2.2268176078796387,3.0920751094818115,2.422847270965576,4.09130859375,2.8051154613494873,ua_ser
d1bbfd6866fae2eaf8ee3dcee390b49b22538ef3d87bfd1242c20414cb871477,2.097,brute_force,False,8a11f9741aa8e2f1,legacy_cascade,2.9842636585235596,4.339159965515137,3.7038564682006836,4.005356788635254,2.8606648445129395,4.044173240661621,3.371534824371338,ua_ser
9dd668c829357f9147e9c817aba632101959fabc9ff3c5b6584fc7cb701294dc,1.94,brute_force,False,fa3f4e9b373fa1f7,legacy_cascade,3.929987907409668,4.6704511642456055,3.3842289447784424,4.225823879241943,3.475403070449829,3.9435508251190186,4.130151271820068,ua_ser
a3ecafeffcfd03cd4c0b67688ec9a1304e585bb51259e547b9041785385983f0,2.4,brute_force,False,28420ad22b688e99,clearervoice_sidon_wet1,3.284491777420044,4.795423984527588,3.7105891704559326,3.4903805255889893,2.9843783378601074,4.751028060913086,4.476947784423828,ua_ser
7d37a3b199fb631d157edc88055932516cdaa34b2ff03316704dcac0bd26f108,1.737625,brute_force,False,729cc5141afe01f8,deepfilternet3_wet1,3.373788833618164,3.4974727630615234,3.7864396572113037,3.870399236679077,3.0363943576812744,4.004858016967773,3.382063388824463,ua_ser
1cf8567dbd6a819848cc4c54ef71fb6ef80eb97cfa82478978b927ac9cbcdb86,2.749125,brute_force,False,6d16d28a433f5eed,legacy_cascade,2.8464269638061523,3.557687520980835,4.136037826538086,4.099315643310547,2.941652536392212,4.168342113494873,3.1933748722076416,ua_ser
1a5cd4646bf9e743ab3be67494328002749c0f6dab450deb9c381c8f8cb1ea27,2.176,brute_force,False,01ffd913ca35a85a,sidon_wet1,3.9717302322387695,4.208603382110596,3.578148365020752,4.328451156616211,3.2518231868743896,4.687069892883301,3.60831356048584,ua_ser
f8e47daa4600596a41e497006f5945c5b1bc09fd3c91458465cf8ad6e4779c81,2.82,brute_force,False,01acdc595005cacc,clearervoice_wet1,3.5268759727478027,4.834758758544922,3.782667875289917,4.124627113342285,3.0726442337036133,3.2716619968414307,3.6519131660461426,ua_ser
042f19055d6654b49093c7ea2817b3c73349da9e821ebb80c620b7862b8b8c4b,2.377,brute_force,True,c3d00b149ec47080,deepfilternet3_peakminus3_wet1,3.650095224380493,4.345852851867676,3.950622320175171,4.437276840209961,3.604501724243164,4.071565628051758,3.9438114166259766,ua_ser
445f233b3118a5dec7ca8cdfdd5d094b488b575334bcd2e40d9a45efdf1621ef,2.4,brute_force,False,edf503cc844ba0d3,deepfilternet3_peakminus3_wet1,3.5386226177215576,4.684104919433594,4.041582107543945,3.7756974697113037,3.348883867263794,3.515638589859009,3.895332098007202,ua_ser
f6f708b5287954029134a9b63cd9361a19deb1736aafc453ff039e9e1e1f8c79,1.9789583333333334,brute_force,False,87d83788cc6a7e28,deepfilternet3_peakminus3_wet1,2.8353421688079834,4.507419586181641,3.130387306213379,3.4572551250457764,2.9362599849700928,3.8939878940582275,3.543036699295044,ua_ser
e921cc2e6a73380c606d89c6a55267ad93c58461e5569e96655b208055fad56a,2.5,brute_force,False,509bccd5148742ca,clearervoice_sidon_deepfilternet3_wet1,3.626030206680298,3.971114158630371,4.211935997009277,4.81557559967041,3.3899550437927246,4.089712142944336,3.8881523609161377,ua_ser
8f14bdf08b6be08178ba06ed4d59c218ce59ce51930d44eb913a052e008d927a,4.9275,brute_force,False,2b49bc0c5d89e67a,sidon_wet0.5,3.5992727279663086,3.6769421100616455,3.6975715160369873,4.029458045959473,3.3443503379821777,4.666289329528809,3.605323553085327,ua_ser
dcf48f3ce46d80ab7b855c15f4a9c7c40877ff63a3aba29e61d4f80f7c189fa2,2.548,brute_force,True,a6213b90c70f0ff3,clearervoice_sidon_deepfilternet3_wet1,3.4515724182128906,3.88004469871521,4.267333984375,4.522658348083496,3.5479464530944824,4.278230667114258,4.088204383850098,ua_ser
39d7f0af9ecb1ce637438b79626a48793a4fa97d6d0585a1bc884903fd9728e2,2.75,brute_force,False,1331cdba582b5a20,sidon_wet1,3.048161029815674,4.224172115325928,4.306352138519287,4.4021172523498535,3.0770039558410645,4.761343955993652,3.7344794273376465,ua_ser
66ad700761f3820f0b95e2feda9aae4ad6318d15222b71a53266aad2b3850b38,1.9600416666666667,brute_force,False,9359e4f30d603a21,legacy_cascade,3.3552937507629395,3.263946294784546,4.0823774337768555,4.105451583862305,2.75813627243042,3.8846323490142822,3.162379264831543,ua_ser
54adedc578eff23845f56e86953d7d236c5e0fc2ff722db785d0868596ebfbb0,2.986875,brute_force,True,679966d55e8e6024,clearervoice_wet1,4.010021209716797,4.178196430206299,4.498644828796387,4.6081085205078125,3.97831654548645,4.3639068603515625,4.231182098388672,ua_ser
207eacc80dd88f72357c82abfbbeca8a1eacd54bbbc3bfa4e70951b757d47f6e,3.2335833333333333,brute_force,True,966bcf69ce24929e,clearervoice_sidon_deepfilternet3_wet1,3.7694709300994873,4.25605583190918,4.123232841491699,4.6385297775268555,3.611527919769287,4.595639228820801,3.879837989807129,ua_ser
30784dca0c82fed879e4ebdea1375c5aea28d9f4ea0e418d38f19ca8d04d3c70,2.4500416666666665,brute_force,True,157355cf2bf9948d,clearervoice_sidon_deepfilternet3_wet1,4.01763391494751,4.443306922912598,3.7120556831359863,3.9733686447143555,3.6949691772460938,4.188505172729492,4.100325584411621,ua_ser
83520160ad55dc163950c7b228c5d2894f55875ab2fa4cf50b9b3d9c6f1445ac,2.716875,brute_force,False,05376696eff3f338,clearervoice_sidon_deepfilternet3_wet0.5,3.2447166442871094,3.7901735305786133,3.873743772506714,4.405461311340332,3.3519113063812256,4.379271507263184,3.821779489517212,ua_ser
c07d4e10fa69ace940350b9c9a21601870636ed01bfbfdece40ef01fd9e0ad42,2.05,brute_force,True,a9c3ed1fe6845469,legacy_cascade,3.830563545227051,4.4269561767578125,4.427023887634277,4.55970573425293,3.6941401958465576,4.3184943199157715,3.691237688064575,ua_ser
2939089af8289b8b206325ae748b7f6f0da591649d77c088f32c638e9dc79341,2.56025,brute_force,False,b529b739bf077d08,deepfilternet3_wet1,3.6320836544036865,4.115155220031738,3.612563371658325,4.253232955932617,3.328000545501709,4.1631317138671875,3.6407551765441895,ua_ser
170025c07b3e2e12dcea2dfe716f43e90405dd3e994222af3277b6090e4c7e73,2.26125,brute_force,False,d68511dc1fc2bdcb,deepfilternet3_peakminus3_wet1,3.2797412872314453,4.573404312133789,3.9292736053466797,2.9834322929382324,3.1627142429351807,4.401554107666016,3.7609736919403076,ua_ser
f9db18e86cd2b177091bd0faac5647739bb37001b550f19c71c12ee9b5f850c9,2.716875,brute_force,True,69310569deb34f07,deepfilternet3_peakminus3_wet1,4.036855697631836,3.7095236778259277,3.24127197265625,4.01054573059082,3.5182363986968994,3.608365058898926,3.955044984817505,ua_ser
ee063e8ff0f0d54b2c8e9f5e6c3a472c75e3cbf4495572f365dc2727f183d0a5,2.688,brute_force,False,852b72f0266145ba,sidon_wet1,3.393719434738159,3.5979883670806885,4.398171424865723,4.378005504608154,3.133199453353882,4.163318157196045,3.216270685195923,ua_ser
ffcfd7d11d233266571061beb657254ef1556bf974e8ebda4d7227bfa9265ba7,3.12,brute_force,False,60a290aaf923919a,clearervoice_sidon_wet1,3.543226480484009,4.582936763763428,4.048689842224121,4.37954044342041,3.433192491531372,4.791018486022949,4.117623329162598,ua_ser
361aa8661a6864400d976599a60b653675508f2560931aa92bed1fdf55968b5b,2.97375,brute_force,True,b5d1f05c0444e84e,clearervoice_sidon_wet1,3.524432420730591,3.4781155586242676,4.113034248352051,3.906141757965088,3.5353262424468994,4.415952682495117,3.8155717849731445,ua_ser
bbbb0ed53cee756818fd56902061cf991b7f8aa76e8b50af28b6a2a0b479f116,1.9600416666666667,brute_force,False,2a4bc72c4adcaf1f,legacy_cascade,3.346052646636963,4.358180046081543,3.5140018463134766,4.467426300048828,3.130920171737671,4.381035804748535,3.7962357997894287,ua_ser
21b0363fbe309260740361822662609ecd9106037005716db5dcbb27235a7b5b,2.03,brute_force,False,6a0b75596ff7a4da,deepfilternet3_peakminus3_wet0.75,3.7287776470184326,4.4243245124816895,3.5420639514923096,3.821491003036499,3.2145614624023438,4.5961689949035645,3.5829455852508545,ua_ser
bd227d97c85178b7589d4eceb07c20a3694823d475fde516fd117544a9471230,3.63,brute_force,False,686bb112f920104c,clearervoice_sidon_wet1,3.371577024459839,3.559441566467285,3.3145668506622314,4.261346817016602,2.766723155975342,3.6058928966522217,3.0844686031341553,ua_ser
2980d869a14f3f8ac0454658c870889f6ea56bbdffee89f5add66859b59ac1ed,2.08,brute_force,False,babb3ecc4f6decd1,clearervoice_sidon_deepfilternet3_wet1,3.5750396251678467,2.8386123180389404,3.941427707672119,4.10316276550293,2.6323585510253906,3.8809239864349365,3.2615044116973877,ua_ser
bfe1bf06037e445ed836d4f687cf571f5a7be37bd7e338b923f3958cc2444086,3.498875,brute_force,False,95066237ea583bc3,clearervoice_sidon_wet1,3.412851572036743,4.032344818115234,4.193287372589111,4.226310729980469,3.331265449523926,4.482985496520996,3.856189489364624,ua_ser
384257c0461912ba6bf354d4bb9619041232aad00ebdab96753d51fe4317b87c,2.77625,brute_force,True,0c528ab86210ee04,deepfilternet3_peakminus3_wet1,3.9315781593322754,4.228960990905762,4.655303478240967,4.26457405090332,3.656343936920166,4.373284339904785,4.111114978790283,ua_ser
5d74727057eeab182220c7084168ab8d8086db49dcda5a16e3578fa9ef21bd2c,1.83,brute_force,False,caea7fd720cfc08e,clearervoice_wet1,3.7470619678497314,3.4789469242095947,3.058621406555176,3.6445791721343994,3.106170892715454,3.5452451705932617,3.7821781635284424,ua_ser
43ca6172226fe81830c1ff91071e0b80787e79b68701906b1ed6a59d9815badc,2.176,brute_force,False,d02b08892d93f141,legacy_cascade,3.2739076614379883,3.030195951461792,4.390692710876465,3.376847982406616,3.036848783493042,4.416342735290527,3.436379909515381,ua_ser
07014aef1f1557742ece5e0c3d876b8f86d31dbab2885fe5e334f4bca3f55541,2.048,brute_force,False,993fa09da2be2867,clearervoice_wet1,3.4032628536224365,4.524282455444336,3.9990670680999756,4.266117095947266,3.442561388015747,3.950535535812378,3.8036632537841797,ua_ser
0fbed48e03341f0c04a1371312bf06bde40ec2f514832d94fc5207e82c36181d,2.35,brute_force,False,79c7278ac03ee9f0,clearervoice_sidon_deepfilternet3_wet0.5,3.3941891193389893,3.492649555206299,3.6540446281433105,4.194780349731445,2.910102367401123,3.345978260040283,3.2521679401397705,ua_ser
ab01d21e1bd2fe017c11ddcc17d3ffd824528d66ebddf5a5337308383bd781c3,2.4095,brute_force,False,5b18ec06d2865d22,clearervoice_wet0.5,3.4856743812561035,3.844428777694702,3.572648048400879,3.3088197708129883,2.911346673965454,4.277379035949707,3.1331892013549805,ua_ser
2ceeaf317e1a2c1513192762a45124580a6cc55daa6a171fe57261aee888149a,2.71,brute_force,False,7b37a173fad7b143,deepfilternet3_peakminus3_wet1,3.67199969291687,3.9619860649108887,3.8100316524505615,4.177514553070068,3.279590368270874,3.592520236968994,3.7134368419647217,ua_ser
95aff74fadc473de63e54d96681793f539df128dc677f6851894c761db4d2ca9,1.82,brute_force,False,a73071d89696b39a,sidon_wet1,3.1051650047302246,4.4709272384643555,3.588578462600708,4.0886549949646,2.9580466747283936,4.6659746170043945,3.7405319213867188,ukr_dialects
954a614f71fbaa39bab931c656652c09ab260b839054ee1fc850340afde67ccd,9.05,brute_force,True,0d903a219416e592,legacy_cascade,4.222551345825195,4.053643226623535,3.6628003120422363,4.201624870300293,3.843065023422241,4.623476505279541,4.2467041015625,ukr_dialects
562ed091a0033b859030010351dcd882802f9d653f983e5dd1111ccf7f5dac65,6.41,brute_force,True,a237faa0e9bc87dd,clearervoice_sidon_deepfilternet3_wet1,3.4959685802459717,4.045116901397705,3.9146299362182617,4.7991180419921875,3.673630714416504,4.6529693603515625,3.9698355197906494,ukr_dialects
93ec4c50bb852cdb8724c4a22895d7200a7270d8f743277602bdaeeee510c53f,14.83,brute_force,False,54eeef47799137c1,legacy_cascade,4.358278274536133,3.897113561630249,3.1652228832244873,4.341043949127197,3.175585985183716,4.666031837463379,3.6692869663238525,ukr_dialects
e2e407314c11300186fd546cc7f5f5564a1edee6e916ea6f2305e3822d46615c,4.224,brute_force,False,9bab0aa3a629938d,deepfilternet3_wet1,3.968234062194824,4.511746883392334,2.8897953033447266,4.7409162521362305,3.3471317291259766,4.148007392883301,3.916411876678467,ukr_dialects
d7e2a1c0666f7cd394f6e2d1aeada36fa14d0956c8cda9ccc28463273757a31a,5.6,brute_force,False,41159136ebf7f7a3,sidon_wet1,3.554990530014038,3.931088447570801,3.5073373317718506,4.500425338745117,3.161675214767456,4.339288711547852,3.6461410522460938,ukr_dialects
2fe2791ea59d553d8862ecbdb3b882132dfe29397983a049818ba3cf3083bdf2,2.03,brute_force,True,8e7ec197983fb8d3,deepfilternet3_peakminus3_wet1,3.7448697090148926,4.518776893615723,2.858891010284424,4.399443626403809,3.6612391471862793,3.7971723079681396,4.248663902282715,ukr_dialects
3b0fd964364a963808b063e71da485a55e34449fc86251134a1cc100bf645167,5.03,brute_force,False,7b15981516e06ca9,clearervoice_sidon_wet0.5,4.033699989318848,4.249868392944336,3.0155959129333496,4.618167877197266,3.1384694576263428,4.846066474914551,3.4785284996032715,ukr_dialects
7a05fcdff8a62980cc393e2b499db6eaa1b0d83585f32cfe04b25ac84b3ba5db,3.34,brute_force,False,ecccb25e97188c6c,deepfilternet3_wet1,3.1895711421966553,4.430837631225586,3.422093391418457,4.1868510246276855,2.9667465686798096,3.205089569091797,3.405491590499878,ukr_dialects
b9a8c407d0e3d2f7d7c5d7021037f76a665c27d7bb1d9f60184a4a19671ac85e,6.78,brute_force,True,2f668652e951fd93,legacy_cascade,4.175284385681152,4.480129241943359,4.263335227966309,4.440560340881348,3.88875412940979,4.7494797706604,4.1497087478637695,ukr_dialects
b66c39b0d2c1cfb4da871989757d4941248624fdfe99b20fd4a5cbc824c0bbfc,2.430041666666667,brute_force,False,86fbe1ea16af07cd,clearervoice_sidon_deepfilternet3_wet1,3.6774561405181885,4.211746692657471,3.64939284324646,4.193943977355957,3.29876971244812,4.771890640258789,3.922997236251831,ukr_dialects
a2e5c74e0cde8b0cd95d68f7a7e7c668563a56b883dde9fd8388b5d10d1c0bb5,14.890041666666667,brute_force,True,242bb56bb37571ba,legacy_cascade,3.771071434020996,4.328973770141602,4.306056022644043,4.423149108886719,3.7104291915893555,4.80318546295166,4.083566188812256,ukr_dialects
0df8953032f3cac407a191da52ee21de4a1af34ec69646e95178859b0ace998e,7.66,brute_force,True,e50d0d4b1c00b856,deepfilternet3_peakminus3_wet1,4.097603797912598,4.164059638977051,3.451486110687256,4.522027969360352,3.7181265354156494,4.691352844238281,4.277743339538574,ukr_dialects
cfddc4e3325e41988e08c192f58fd6b8ef985ff09354498173e9f129b83b9324,11.18,brute_force,True,4acb82bc34643fb8,legacy_cascade,4.140624046325684,4.556329727172852,4.42901611328125,4.793035984039307,3.8244290351867676,4.658620357513428,4.395930290222168,ukr_dialects
f4ead00bc612f0e22ff56f9a89f6025200d18b26636b7198890c1261fd342745,3.14,brute_force,False,840ba85823240964,legacy_cascade,3.697136878967285,4.461042404174805,3.5280349254608154,3.7933945655822754,2.9206714630126953,3.9805893898010254,3.6856143474578857,ukr_dialects
032ebf58f9ca49911cb34d8d9f1bedd0835cd74c1da59ddf2e518e58a697e42c,7.67,brute_force,True,c9d0a1f87abc187b,sidon_wet0.5,3.9712767601013184,4.573917388916016,4.607556343078613,4.372044086456299,3.9629292488098145,4.814667701721191,4.39674186706543,ukr_dialects
61c2ccb949b2be046362399f1e79482a3b2c63fadf5a8822bd9324e008f6152c,2.1,brute_force,False,6a64ff4852a96de3,legacy_cascade,2.9097468852996826,3.8653628826141357,3.3242998123168945,3.960439920425415,3.2926700115203857,4.343348503112793,3.837751626968384,ukr_dialects
b546a604a10eed6729c9df5da0dd80265a2e7fdea980e3100cfdbba4865b48ca,19.290041666666667,brute_force,False,558e902c5d7d46f3,clearervoice_wet1,4.2538161277771,4.723564147949219,2.760559558868408,4.775361061096191,3.3475282192230225,4.948486328125,3.9131829738616943,ukr_dialects
cf9cbeb8b0f2331ef31d5c2b92fa2d80fd2e2eae9df64503f0a140625caec51f,2.89,brute_force,False,41e58a4191de07bd,clearervoice_wet1,3.1710522174835205,4.480104446411133,4.229211807250977,4.070415019989014,3.362945318222046,4.683534622192383,4.101071357727051,ukr_dialects
3771f43f87cd8050a0f8dfe14bbc4fe4795f585e36b2f7a624867614f69157fe,7.22,brute_force,True,7f3e8a5402a396c8,clearervoice_sidon_deepfilternet3_wet1,3.841020107269287,4.141108512878418,4.1272101402282715,4.417202949523926,3.7914843559265137,4.5613861083984375,4.211275577545166,ukr_dialects
fd15a3022f5a19cbc804b608bce3397545e690506b46491ce3654e069022b67b,4.330041666666666,brute_force,True,314b92c52c435e0b,legacy_cascade,3.762068510055542,4.123081207275391,3.622483968734741,4.448763847351074,3.6486077308654785,4.499659538269043,4.137859344482422,ukr_dialects
100f1bdab47c000a37d4e3c7b308ebc0a67114e729ea4258e3f961f0b9fc3081,6.87,brute_force,False,29d771f7f65c7f6d,clearervoice_sidon_wet0.5,4.08445930480957,4.248607635498047,3.140225410461426,4.666937828063965,3.164837598800659,4.650700092315674,3.596801519393921,ukr_dialects
9715d3d81d26f91d6b4380ed258983fb949a486ec3026d9093f8f9e7a21ffa88,5.23,brute_force,False,f372269ffe3275c2,clearervoice_wet1,3.971729278564453,4.9266157150268555,2.211855411529541,3.716513156890869,3.0377891063690186,3.145028829574585,3.7046124935150146,ukr_dialects
40a34be661f98bcfd83393dd3470fe09125904296589f9b99a70a50423ea7856,8.53,brute_force,False,0e63f6ac4d9ba2b0,legacy_cascade,3.6611783504486084,3.9983489513397217,3.361462116241455,4.440245628356934,3.3337910175323486,4.665388107299805,3.6279361248016357,ukr_dialects
a2cea1b761b1d64aeccd57e325a8fcd2aed5dd1a8efe5da61f0e104b7bd822d9,6.24,brute_force,False,3e2faddd06d54425,clearervoice_sidon_deepfilternet3_wet1,4.03508186340332,4.237391948699951,4.512356758117676,4.479518890380859,3.4388620853424072,4.61766242980957,4.040164947509766,ukr_dialects
2bcb709633036d68bcfac1c068e602499e2dbd2fb058138a0ed179eb369387cb,19.740041666666666,brute_force,True,702561049f1f39e2,clearervoice_sidon_deepfilternet3_wet1,3.970381736755371,4.020768642425537,4.274697303771973,4.5928874015808105,3.6810364723205566,4.789331436157227,4.064262390136719,ukr_dialects
544a051096df9b82e390999be681b0a288cae83e74dd8fb8005f6c76ca83c16d,2.67,brute_force,True,e4864d2df79bd445,sidon_wet1,3.8717432022094727,4.68466854095459,4.037014484405518,4.254693031311035,4.059916973114014,4.606746196746826,4.644963264465332,ukr_dialects
e04fd78bbed55793af3299f58a5c260bc659aaaa755f5be8404effd9b4e6202c,2.5700416666666666,brute_force,False,9a53543d89606468,clearervoice_wet1,2.684250831604004,2.775808811187744,2.841846227645874,3.6865906715393066,2.3927395343780518,3.4406301975250244,2.9293053150177,ukr_dialects
b85d5bafcd5035066472c8fddc8177074adc55cec29860bfef76e8ab6ee0221e,10.48,brute_force,True,97c99077b7b8cd1f,deepfilternet3_wet1,4.052117347717285,4.457481861114502,4.136867523193359,4.631982326507568,3.68274188041687,4.516573905944824,4.178188323974609,ukr_dialects
be27aac82e186902f847f9b6caa9b9a637a1bfe59bbd7a414ad399bd842194ae,1.99,brute_force,False,9a08bccb686a9cfc,legacy_cascade,2.995260715484619,4.315729141235352,3.3842813968658447,4.087303161621094,3.1006736755371094,4.489198684692383,3.550584077835083,ukr_dialects
3a7c379362b065b01afb122a2e9d46598f21d2d8612764da41aae6a6308ee6e6,7.069,brute_force,False,4347bf5310942834,clearervoice_sidon_deepfilternet3_wet1,3.206866979598999,4.601174354553223,3.4652349948883057,4.44749641418457,3.4648211002349854,4.7067108154296875,4.034337997436523,ukr_dialects
b84317fdce8b40d91baaac7826331550606302f46316dc925e71f85698d7056a,4.16,brute_force,False,f8bdfd7bd77fa1ce,clearervoice_sidon_deepfilternet3_wet0.5,3.2714359760284424,4.615660190582275,3.477252244949341,4.730265140533447,2.906339406967163,4.646909713745117,3.443902015686035,ukr_dialects
bbf789dbe1b46b708f4fd6efa020689ce9e59470910e0c2fd37c1983bc426706,4.290041666666666,brute_force,True,822f0bcd4cb98b92,clearervoice_sidon_wet1,4.015664100646973,4.411731243133545,4.131547451019287,4.435805320739746,3.7401838302612305,4.416858673095703,4.222322940826416,ukr_dialects
f39452b8e24bf3631163d742938c1521c35ef3066716497d76889f29d1eff1b0,11.34,brute_force,True,296ccfb816eeed83,deepfilternet3_peakminus3_wet1,4.17546272277832,4.069242000579834,4.334756374359131,4.510210990905762,3.6744015216827393,4.359860420227051,4.0576887130737305,ukr_dialects
331c0bd4d374c62cd467fa72b33862c5c63074a2586539b3e4fdfc8f6b613fb0,7.44,brute_force,False,dadb51e263de4b43,legacy_cascade,3.584419012069702,3.56736159324646,3.9970645904541016,4.190814971923828,3.260462522506714,4.33143424987793,3.694187641143799,ukr_dialects
b1306ef8d894d4cee0bc7cace5ef63dce595cad6f3f080bc410a0752711cada4,2.2600416666666665,brute_force,False,c264aef7ef14b160,clearervoice_sidon_wet1,3.6683945655822754,3.457319498062134,4.111915588378906,4.001683235168457,3.2291510105133057,4.064411640167236,3.611417055130005,ukr_dialects
18b417c325370a2a787d7907c5a1c4be6be3303ca1ebcddf3a2a09e1c69ace1e,8.89,brute_force,True,ed75e77294c340d0,clearervoice_wet1,4.759502410888672,4.615218162536621,3.1236724853515625,4.317163467407227,4.002215385437012,4.417958736419678,4.463372707366943,ukr_dialects
58dd06e40a93d9be4deb4a2736a6b55c281ca6baece5be466b788d49bc8c62d7,1.82,brute_force,False,bfe785bdf79df31a,clearervoice_sidon_wet0.5,3.9146230220794678,3.5989456176757812,3.128430128097534,4.1894941329956055,3.012080430984497,3.9065115451812744,3.3364853858947754,ukr_dialects
35ecfa103f7b4c3f1d47b5485eedab883d5e235744ed844515a35793723370be,1.98,brute_force,False,e1e1d5db68276240,deepfilternet3_wet0.5,3.652601957321167,3.519021987915039,2.218430995941162,3.5637569427490234,2.5793206691741943,3.6637980937957764,3.1814208030700684,ukr_dialects
18deb52441e4fd36bcc30d430749d882432a0176b14149920b006657a8cc2a31,7.09,brute_force,False,6bb7fe1dda248aff,legacy_cascade,3.8810436725616455,3.783761978149414,3.4987106323242188,3.996431827545166,3.0511651039123535,4.283261775970459,3.408989191055298,ukr_dialects
ee02591635dffa192b4b1ae85c2baa4b7adcc90fe218edf1bf67762730c90366,4.53,brute_force,False,5652df24fa209a85,clearervoice_sidon_wet0.5,3.093918561935425,4.527375221252441,4.448631763458252,4.269967079162598,3.4804139137268066,4.57075309753418,4.0123372077941895,ukr_dialects
3da3bd73b01986443448dea6bfc5a18078b0bc7b1f8812bccea510a72c595bd1,3.75,brute_force,False,263bbe5a83c21022,legacy_cascade,3.978623151779175,4.340478420257568,3.1074345111846924,3.5945379734039307,2.894188404083252,4.5582661628723145,3.649712324142456,ukr_dialects
8edab7094da80122705968d841b82eeaec2621aea8d9bbdc7e0eab8bc1ffc658,1.9,brute_force,False,8994f61724e32836,clearervoice_sidon_deepfilternet3_wet1,3.1623141765594482,3.900827169418335,3.840378999710083,3.682969331741333,3.0932817459106445,4.005204200744629,3.486067056655884,ukr_dialects
dc1f314fe4da2c3fd330efc4d9193a13d52a3be1b3f6f29dd6de72c593d28414,3.13,brute_force,True,1eb21ddca0218ac0,deepfilternet3_peakminus3_wet0.75,3.7654430866241455,4.731037139892578,4.187290668487549,3.8650245666503906,3.6238961219787598,4.211223602294922,4.04897928237915,ukr_dialects
53677ffa2bcb269f234d151981c5454a519c5463d140f8a891538dcfc78ae4a7,1.3400416666666666,brute_force,False,64f7dfc385fd0332,sidon_wet1,3.0326528549194336,3.9670169353485107,3.972766637802124,4.396603584289551,3.076241970062256,4.303994655609131,3.757640838623047,ukr_dialects
89601f8fc91a54e4d73e29989f8b66a58dcba7f7eaf46e58e20098c89911f282,3.391,brute_force,False,0839ab4db381da1e,clearervoice_sidon_deepfilternet3_wet0.5,3.627924919128418,3.9315733909606934,3.619147539138794,4.490239143371582,3.2708194255828857,3.771146059036255,3.667724847793579,ukr_dialects
2d66f53d1fb931fd19076bc96f90a5b5f9a086cb7657da3f5017e7ed3f7560fe,7.616,brute_force,False,bf7fa24b56a90ac9,clearervoice_wet0.75,4.233904838562012,4.220034599304199,2.3374433517456055,4.447291374206543,3.3677146434783936,4.450002670288086,3.874891757965088,ukr_dialects
a4bc006b87157c9c6e123be09da739eb090a6b0dd6e4a43978f1278b8e43eaae,5.46,brute_force,False,9d313dc5c2894ba2,clearervoice_sidon_wet1,3.3664321899414062,4.09124755859375,3.7391321659088135,3.8581767082214355,3.316890001296997,4.406679630279541,4.073402404785156,ukr_dialects
4629b3cb6a2286ad1c2377dec85710d9ab1c86561106215de00ec817831c0a4c,5.5,brute_force,False,8a3949ca3cf2196f,deepfilternet3_peakminus3_wet1,3.437368869781494,3.618715763092041,2.7645297050476074,4.141197204589844,2.45664381980896,4.097277641296387,2.9825198650360107,ukr_dialects
aa0ceafe5d66140a67930cbc774fc92d20fb912147ee5572bd10203bc7afffa5,2.6,brute_force,False,f22b87646ba1578f,deepfilternet3_peakminus3_wet1,2.3818042278289795,4.659580230712891,3.7029247283935547,3.990588903427124,2.9157943725585938,3.3430631160736084,3.5813229084014893,ukr_dialects
3cf1286192d890c04ffa9a06b5e6f8eae237ddc646d90124bc3680a3b6a8293f,6.21,brute_force,True,694cc49500f2b87c,clearervoice_sidon_wet0.5,3.7466447353363037,4.692208290100098,4.53165340423584,4.579272747039795,4.100893020629883,4.892937660217285,4.661284923553467,ukr_dialects
612bc6a7fa122817c1e0b2db5d1697b812fc99c5ce59eb0d6701e308ce37c5aa,2.09,brute_force,False,6a258d45765bd4c5,clearervoice_sidon_deepfilternet3_wet1,3.7271437644958496,4.302063941955566,2.7897305488586426,4.484368324279785,3.1092758178710938,4.620763778686523,3.618581771850586,ukr_dialects
8b10bfd8df50f2d95c86997a056019d84d206dde3927a6e4eb89b3a0cc65a9c9,4.88,brute_force,False,4353235c5f194455,sidon_wet0.5,3.013653516769409,4.340290069580078,4.1056976318359375,4.30200719833374,3.2265665531158447,4.076140403747559,3.576110601425171,ukr_dialects
f8b29e7c2c982643cc71b51968bba2d4b4d35a525bb6e4261d44db073b828d6b,4.94,brute_force,False,154537938649b4f0,clearervoice_sidon_deepfilternet3_wet1,2.9404115676879883,4.353888511657715,3.4355111122131348,4.118549823760986,3.2369139194488525,4.323916435241699,3.8630568981170654,ukr_dialects
b8c819911c43ba983024c98c0432a206992a066c5de6a4da3a8956e8ba3135d7,8.29,brute_force,False,a2da8be2193fa216,clearervoice_sidon_wet1,3.9086761474609375,4.307838439941406,3.410609006881714,4.102678298950195,3.2585551738739014,4.76578426361084,3.758033275604248,ukr_dialects
19dac0b1a20fbe7793305f91fa51771d69c9d74714583dcb37500d66dfcb337e,2.46,brute_force,False,f962b3769de914d2,deepfilternet3_peakminus3_wet1,3.216242551803589,4.0111846923828125,3.725206136703491,4.025766372680664,3.2835752964019775,4.474376201629639,3.5636394023895264,ukr_dialects
6443515552841e63ecfc6c1aeeec2a241ecc9a8a312d037432717306e01c783d,3.28,brute_force,True,f0d2b87d5ba3b68e,sidon_wet0.5,3.5382862091064453,4.538478374481201,4.529022216796875,4.253327369689941,3.757964849472046,4.815376281738281,4.268372535705566,ukr_dialects
b694af507598ee266999702f32670163698116061584e15256212d30c28f9258,2.680041666666667,brute_force,False,f9b84ffab9cfe5dd,clearervoice_sidon_deepfilternet3_wet0.5,3.5819013118743896,4.5888471603393555,2.604788064956665,4.2112226486206055,2.9009416103363037,4.332869529724121,3.656818151473999,ukr_dialects
2c12bf3cfd0e5ae3f802b9180db775b49a18c0a1805531ddfcd0c9d41967abba,4.1,brute_force,False,30942657994cb72e,sidon_wet1,3.5970096588134766,3.991278648376465,3.1586625576019287,3.8607020378112793,3.248086452484131,4.0119476318359375,3.7248237133026123,ukr_dialects
a3236f50ac37b821e2e16260a1992bdf4b52ab16d9c4b87b3be4c8cea8aa20ab,2.479,brute_force,False,566c39695cadae26,deepfilternet3_peakminus3_wet0.75,4.049380779266357,4.3231000900268555,3.790072441101074,3.466388463973999,3.4422013759613037,4.832291603088379,4.048369884490967,ukr_dialects
c5a4657f530f449b6274156d6c1da06e46ae02694c263dad54626d05870b3378,12.029,brute_force,False,c43b6871fb7abcf7,legacy_cascade,3.6389594078063965,4.250459671020508,3.4932632446289062,4.602866172790527,3.2423441410064697,4.841253280639648,3.5991480350494385,ukr_dialects
56f73e2adf8b4e65857d29949ab08725a423fcbef63f8b31082812f1027044a3,14.35,brute_force,True,2c57b228b9d2349e,clearervoice_sidon_deepfilternet3_wet1,4.335954666137695,4.582446098327637,3.7843081951141357,4.723356246948242,3.826692819595337,4.812902450561523,4.293408393859863,ukr_dialects
486923c041641fe3732bed4c6cb2fc92742872cd7030635d80b1b5b258f6ec4c,3.93,brute_force,True,2a6e18b3e07e2956,clearervoice_wet1,3.443244695663452,4.052717208862305,3.965668201446533,3.787838935852051,3.701331377029419,3.703688859939575,4.042308330535889,ukr_dialects
fc17b91d7aa37cf7bef055afd294e1b82939292e19f9a513bd73bf02c71654de,2.0400416666666668,brute_force,False,64326990b57264c9,deepfilternet3_peakminus3_wet1,3.9848368167877197,4.371288299560547,3.6623504161834717,3.9526383876800537,3.475858449935913,4.059889793395996,3.907134771347046,ukr_dialects
204796b675689bd742bae7d3c2edade9882edbe6441c9478fc4fe95c6dc0dc9f,7.35,brute_force,False,ab089df50f15fd9b,legacy_cascade,3.7185699939727783,3.900078058242798,3.9998908042907715,4.073642253875732,3.4414048194885254,4.651464462280273,3.987427234649658,ukr_dialects
9f98894b95bc43b22eb61ee412c906f9637b8f444501b5906d32d33bbf3351f2,5.568,brute_force,False,258401e9b5844ceb,clearervoice_sidon_wet0.5,3.703569173812866,3.939765453338623,3.1937527656555176,4.2731499671936035,2.8420655727386475,4.284612655639648,3.398883819580078,ukr_dialects
ea1f478411ca0ceec2caa6c0826cfbc2cf2337f46c9c49ffc42347f2d9656945,4.35,brute_force,False,c1b3bd09e07db289,legacy_cascade,3.6142919063568115,4.604313850402832,3.0841076374053955,4.780549049377441,3.127256155014038,4.536186218261719,3.732600450515747,ukr_dialects
56ac0b4f226d76bf25f90c77a92e86678df3e9c801f8902a414b0a4c4ad8f706,4.99,brute_force,True,316f532261a9d135,deepfilternet3_wet1,3.702997922897339,4.441607475280762,3.6663408279418945,4.35701847076416,3.737555980682373,3.63631010055542,4.332884788513184,ukr_dialects
87edb867677b0c461f59ced309979eeff13f8f436ba93b3e47ec3c5a89f1cf67,2.07,brute_force,False,3eaea0949e59c63c,clearervoice_sidon_deepfilternet3_wet1,2.973820924758911,4.389021396636963,4.352902412414551,4.717808246612549,3.4496567249298096,4.362277984619141,4.149679183959961,ukr_dialects
05972c69efb06166ebc2a8588a33fbafcb1365f644bf6df4728b2b6a802ddbd5,2.96,brute_force,False,e825ef3a856b4735,sidon_wet1,2.8983967304229736,4.272089004516602,4.018239498138428,4.0633544921875,3.1613121032714844,4.1856794357299805,3.607302665710449,ukr_dialects
a03b549e04029c0093bc755db5315b90033ab238f6da558b09d87b48f10bba7b,6.32,brute_force,False,c4bd25a3e37e2f75,clearervoice_sidon_wet0.5,4.136406421661377,4.547990798950195,3.451646327972412,4.703547477722168,3.3466150760650635,4.800393104553223,3.942072868347168,ukr_dialects
5f64ca1b5e8a6d681252108b00c0430c4a257b237a00e1dccaf5ee30973b468e,2.16,brute_force,False,626a1b5a7d4f1be6,clearervoice_sidon_wet1,3.0561671257019043,4.782105445861816,3.9754817485809326,4.784769058227539,3.302025079727173,4.658755302429199,3.747627019882202,ukr_dialects
419d5f331663ab717a94913f8129f0827950c37bdf2b729f8849f6e4892b5355,2.021,brute_force,False,0778c18cc75cdb00,clearervoice_sidon_deepfilternet3_wet1,3.127845287322998,4.77655029296875,3.9954538345336914,4.292910099029541,3.229872941970825,4.84912633895874,3.7900748252868652,ukr_dialects
d81271ad0de572b327b64eaf99462cda6c00b44e7c27a5b60a3c9939a415e8e4,6.26,brute_force,True,9586770df2d8998d,sidon_wet1,3.5952932834625244,4.442663192749023,4.090633392333984,4.529812335968018,3.829767942428589,4.77867317199707,4.176499366760254,ukr_dialects
037f51f871ac9b8f4e037c31fab5dc047262cb415295396299f3933b9f15be6b,15.890041666666667,brute_force,True,bc994a1816813eb6,deepfilternet3_peakminus3_wet0.75,4.227051734924316,4.327886581420898,4.696175575256348,4.292993545532227,3.772473096847534,4.191934585571289,4.1587324142456055,ukr_dialects
a8aee99695bb3f7f98eb7e5888dea5eac7bc1c3bfbc0bb8b5778a9004f779005,5.13,brute_force,False,aabdb6483bfd2e33,legacy_cascade,4.024300575256348,4.256097793579102,3.716334104537964,3.960186719894409,3.340588331222534,4.456603050231934,4.054771423339844,ukr_dialects
7c75024fdc86a72889a3310f1170adb64f1fe7b8f04074c4531620e985579093,6.22,brute_force,True,9eb5785631635bcc,sidon_wet1,3.3305256366729736,4.663266181945801,4.54153299331665,4.814675331115723,3.823099374771118,4.702213287353516,4.354754447937012,ukr_dialects
fc41d6b283dd4592a0d66027f938f820734971495f434a67c6f22b38e4ac461a,5.52,brute_force,True,d1aaed43c3f470c7,sidon_wet1,4.048745155334473,4.231097221374512,4.041993618011475,4.515204429626465,3.625291109085083,4.802788734436035,4.196111679077148,ukr_dialects
f60a55b2edd458215a714e35cdbb6104c35e37fdf96ede100d9a4beb739b1a39,2.931,brute_force,True,6fe0c19b1687d9fd,sidon_wet1,3.407848596572876,4.350986480712891,4.225705623626709,4.8821611404418945,4.066048622131348,4.6057538986206055,4.242984771728516,ukr_dialects
85c9baec564d3a5fed7ef612a07e9d48164edc5fc1d04ce4748610d2213d91e5,5.82,brute_force,False,ebbb475ae0b3b99d,clearervoice_sidon_deepfilternet3_wet1,4.491299629211426,3.8227744102478027,3.183394193649292,4.478806972503662,3.4679009914398193,4.590616703033447,3.8628599643707275,ukr_dialects
28115e05baa1f54a2da6f317436721f6f49b0f462fdbae2f93c0cac7386f2eb6,2.67,brute_force,False,0b4b8c379f2776ff,legacy_cascade,3.2288386821746826,4.088377952575684,3.7570841312408447,4.576904296875,3.027259349822998,4.339480400085449,3.658346176147461,ukr_dialects
44fe06bb7a06c9a2797f045d56f358284b4f82b9e7731c0feb1a7d4926d6d17f,9.84,brute_force,False,d493e655c444f5ff,deepfilternet3_wet1,3.1900956630706787,4.249774932861328,2.7449448108673096,3.8217735290527344,3.310446262359619,4.026882648468018,4.163837432861328,ukr_dialects
aa1a51f8a33d7ba7e94d3e006ed29091750548e8ab81000e51b8097938dc9e02,4.46,brute_force,False,ad367fcec6fcb05a,clearervoice_sidon_deepfilternet3_wet1,3.783236265182495,4.263772964477539,3.856905221939087,4.55786657333374,3.487354278564453,4.8425612449646,3.9343643188476562,ukr_dialects
660d8e89010899372465711f57f0ae55f15dd749fb68d0f6263e09818722ea3a,10.67,brute_force,False,ac39b8868249abce,clearervoice_sidon_deepfilternet3_wet0.5,3.700221061706543,4.047842979431152,2.877326250076294,4.29473352432251,2.829049825668335,4.256319046020508,3.3753254413604736,ukr_dialects
4d88747dab795b4f34ae6c63ac40dd1ad11c6d4c99ba8b1b01a9070b6aa14254,11.85,brute_force,True,bc7742c907d24d2f,sidon_wet0.5,3.7944014072418213,4.775921821594238,4.320127487182617,4.1690802574157715,3.5026848316192627,4.2054362297058105,4.188966751098633,ukr_dialects
37eca47be029619d3861907fb807643b87df2bb48c855a744942d3ad6c6c8bd7,6.71,brute_force,True,4d7035ab3ea935bb,sidon_wet0.5,3.793630599975586,4.590118408203125,3.683372735977173,4.126819610595703,3.807219982147217,4.722062110900879,4.352687358856201,ukr_dialects
4a6811597ee8c2f3874abcbc5e883841ac2297b2d082a6b0a40919ab6ebc84cd,2.01,brute_force,False,1dae50f6c705d197,sidon_wet1,3.772949695587158,4.3358354568481445,3.4209158420562744,4.550559043884277,3.2743330001831055,4.777769565582275,4.217416763305664,ukr_dialects
f7a632ec51f3b991f81affa5a6295274e00d1111f1309aeeb81bd204a8311560,10.26,brute_force,False,549386c09d2fcf4a,clearervoice_sidon_deepfilternet3_wet0.5,4.183697700500488,4.237105369567871,3.135472059249878,4.517190933227539,3.1576240062713623,4.362098217010498,3.876955986022949,ukr_dialects
270cbabaab996f7e2654f09f3b8ad8cc24229f4d95a576d676ed6a1147514365,1.54,brute_force,False,0d5acbee36e35f4b,legacy_cascade,4.042715072631836,4.7917585372924805,2.948622465133667,4.312054634094238,2.8794028759002686,4.05613899230957,3.7019104957580566,ukr_dialects
b211862c6e78644ffd771682081f787e52e2a26b80fd5fcb90dac8d54307002f,5.0,brute_force,False,a6390ea60fa8955f,clearervoice_wet1,3.50929594039917,3.836117744445801,3.079195499420166,3.4286935329437256,2.8747761249542236,3.1689250469207764,3.4941580295562744,ukr_dialects
1ce0acf565c718d539efffaec9d8f16d177dc1ae0b5158d18f1ee585c7309c7d,9.97,brute_force,True,1de226ddd11f1191,clearervoice_sidon_wet1,3.8650622367858887,4.541779518127441,4.278665542602539,4.686065673828125,3.81168270111084,4.754796504974365,4.284939289093018,ukr_dialects
51a8acc9640e8d84a4d8f4cfc22f73c1fc8eac569bfdd8367391b8a0f23da21e,6.69,brute_force,False,04413a02ee61f031,clearervoice_sidon_deepfilternet3_wet1,4.0421953201293945,3.863711357116699,3.395792007446289,4.1769795417785645,3.484679698944092,4.538078784942627,4.054376602172852,ukr_dialects
6fd915cdcb3c39d200b896be7f46d0ab67137efe56aa128473be6e5c6793474a,5.73,brute_force,False,afb0639f8533a96a,clearervoice_wet1,4.2296223640441895,4.468583106994629,2.8563807010650635,4.08579158782959,3.430081605911255,4.708798408508301,3.9470345973968506,ukr_dialects
87101971bdfde1d68834a2235317a73fd06a674bc167fc9f52fd568344bc3307,9.28,brute_force,False,7265b848bca4d28e,clearervoice_sidon_deepfilternet3_wet1,4.079222202301025,4.438995361328125,3.67588210105896,4.241138458251953,3.346590518951416,4.932333469390869,3.657170295715332,ukr_dialects
3891138d6526096b66883d590c6a274a7ba963f2789f1d30ca757ca10be4369b,19.830041666666666,brute_force,False,2890141f6247d55f,normalized_original,4.511005401611328,4.552946090698242,2.819765567779541,4.440991401672363,3.2225263118743896,4.976656913757324,3.549687623977661,ukr_dialects
39782ac295158bda19249a61757f7472d41b6d1d5eba97a1029f630a3f3fd9d3,7.45,brute_force,True,a95bca27330ef230,deepfilternet3_peakminus3_wet1,3.5046536922454834,4.622035026550293,4.247548580169678,4.368227005004883,3.7708237171173096,4.0409393310546875,4.2692413330078125,ukr_dialects
1809bc046b5f534c33eea2a2c6cfcfdd6bf720b20ad965d7a73f1c84c020a569,5.33,brute_force,True,858792926bd04b40,clearervoice_sidon_wet1,3.800395965576172,4.7127814292907715,3.863643169403076,4.241343975067139,3.71878981590271,4.440645694732666,4.232129096984863,ukr_dialects
6408811258c59d0ff84aee296f23d38f0dc05b88a35b6a6abe12e6db04ed08b4,5.43,brute_force,True,34298b8fbc78f285,clearervoice_sidon_deepfilternet3_wet0.5,4.0548930168151855,4.1658525466918945,4.377533912658691,4.494318962097168,3.9181745052337646,4.828735828399658,4.223917007446289,ukr_dialects
c56809f7e2cca13c05bbd79816f318ba97e1ce7e16827e01039ed6111a94e4c6,3.03,brute_force,True,5a9e8cef3dac3395,deepfilternet3_peakminus3_wet1,3.8938145637512207,4.693809509277344,4.151344299316406,3.3629965782165527,4.1900835037231445,3.8035478591918945,4.557795524597168,ukr_dialects
3de5f4e663bb476cbafa912f606f0d082ab54f1fc09feaefd6bc3488f0f51a51,10.99,brute_force,False,b9787bd603a6f2a2,sidon_wet0.5,3.7058777809143066,4.534054756164551,3.6903116703033447,4.2392683029174805,3.4640750885009766,4.520385265350342,4.1393280029296875,ukr_dialects
