duration_seconds,normalized_sigmos_overall,processed_sigmos_overall,retained,sample_id,selected_audio_sha256,selected_sigmos_overall,selected_variant,source_id
2.1373333333333333,2.9200828075408936,3.102125406265259,False,bd744dfcb13a4bc3,9a8ecbf395fe2c1b94698f56e526f633a3a41fa93abaaae2c754b8e8a67fe656,3.102125406265259,processed,common_voice_available_uk
3.9013333333333335,3.063638925552368,3.27665638923645,False,3629efade9dc9d0e,6dfd6e724a5a801eaff5d5cd1a0efca3a9e781a9930c45fa5acc377164b12c8a,3.27665638923645,processed,common_voice_available_uk
2.1733333333333333,3.0066885948181152,3.223376512527466,False,84647c0a102141c6,701b935dc3e6b42cd0c389faba0d1cb935d49dd723f4cd3641db5ac5f1af1432,3.223376512527466,processed,common_voice_available_uk
4.616,3.3526611328125,3.6276469230651855,True,6c03301a3071c15b,07fb4c6d51775ef10d6335e8387d66b612545a28335e1eb244182022877f2b81,3.6276469230651855,processed,common_voice_available_uk
3.1773333333333333,2.969014883041382,3.7340965270996094,True,cbfd56eb3da1a4e8,1ff74d66c2e92e0ecee6d375350756d022f1133c8294de04d2269edfeb0cb87e,3.7340965270996094,processed,common_voice_available_uk
5.790666666666667,2.003629446029663,3.0525290966033936,False,24ec86e44425eb2e,531a519fe29f780278b75ba257f4fd83c579365048f9cca29ed0631a1ea1a45b,3.0525290966033936,processed,common_voice_available_uk
4.413333333333333,3.5874297618865967,2.9339935779571533,True,0135d9e7c341b143,a949b335a663d585023d310a953983d419b7a6bba2833cd1bdb9b392f12aa2ac,3.5874297618865967,normalized_original,common_voice_available_uk
5.128,3.094186544418335,2.977206230163574,False,6a5bd47b2ed86885,4b32582659ec6152215672df9bb5785859960bf36f90d9145566eb4a0bec8b45,3.094186544418335,normalized_original,common_voice_available_uk
2.1586666666666665,3.498164653778076,3.5653669834136963,True,4ecfb59c39b134fc,46ec5e4d2eed4a5e695ee683bb4167ee309a0bfaf538d937a2ba2aba566bf273,3.5653669834136963,processed,common_voice_available_uk
3.7053333333333334,2.475951671600342,2.7050957679748535,False,5133ff96c7655a6a,d72b846190f2591c52132d6267065e39e234470303d9c910f91b9104a8aabfc4,2.7050957679748535,processed,common_voice_available_uk
2.8026666666666666,3.018712043762207,3.7495031356811523,True,8533ec104c4a8f77,37c4c71f754647b7992a02507dfb200b0b1b021cf2d27f18f5b936ba6031f91f,3.7495031356811523,processed,common_voice_available_uk
5.928,3.069671154022217,3.310652017593384,False,5d364a6c2903e148,0128e6dfef0ef0f98d6878fe8e9b7a92ce9928546e040f3c809f8a428989fbc3,3.310652017593384,processed,common_voice_available_uk
3.2786666666666666,2.6483709812164307,3.1952033042907715,False,38fd6a3a807cdb79,af38aa6c8b85d329a045be6103320ae7c2bd06cc54536d785aa75e4ec8b7917d,3.1952033042907715,processed,common_voice_available_uk
4.1146666666666665,2.643728256225586,2.794985771179199,False,ca34ec7922ab8b2d,1380effd6b4f4a6f14d994a70c1004eede502e413d1df4517be07d2863f64dc4,2.794985771179199,processed,common_voice_available_uk
5.522666666666667,3.4300689697265625,2.9228858947753906,False,ab0e038430cc081c,75cad907abb6b8c80bf9e057f60817a69c35435c3a04519872847f3c98f2afae,3.4300689697265625,normalized_original,common_voice_available_uk
5.604,3.6554417610168457,3.2916147708892822,True,ff90f1ed5503526e,9eb8b0db6423eca6765e8cace35c4b280e146f810a0f99fb4f665356805bf850,3.6554417610168457,normalized_original,common_voice_available_uk
6.990666666666667,2.8466756343841553,2.8278963565826416,False,7473140318a74b25,ee61a93eafc7b7dd1b9ea1a01490ec79aead28f19899ca258aa5befa20088b37,2.8466756343841553,normalized_original,common_voice_available_uk
2.5573333333333332,2.768275022506714,2.88665509223938,False,41d4e2df38c4b189,51d6dfff38af2119d467362aea417bdeb75658b17143045ed69ef69463014eaa,2.88665509223938,processed,common_voice_available_uk
2.481333333333333,2.939603567123413,3.296506643295288,False,c3f9be4f84d2b726,d44b153cd7ebc068a3eca66cf658bb3f325854ae4b220993055cb9e832519a4a,3.296506643295288,processed,common_voice_available_uk
3.336,2.9272754192352295,3.2858173847198486,False,b09fe4f7cea768ec,5096135b493b0b1b56f5c90e8dc45ea94bccb8cc462831cf4e3bcccd459a327a,3.2858173847198486,processed,common_voice_available_uk
3.976,2.595951795578003,2.5971899032592773,False,eb9c7a9c0d8f73a4,9c7909b75ac8fd6b83466728040b0fb66212dedf38d4d0ed2d987d4d8df0a855,2.5971899032592773,processed,common_voice_available_uk
2.7173333333333334,2.9068970680236816,3.0173637866973877,False,1301ea43d77db291,fa105b98775d9c319d60c166a6361ff06508333dac9197b3c17cdc8bce950473,3.0173637866973877,processed,common_voice_available_uk
8.008,3.4877371788024902,3.4293065071105957,False,64d83204af96c39b,cbe1fd5f57426ef59151d35e81f0d43a5d5853bd2a57fd44e018bfecc993c413,3.4877371788024902,normalized_original,common_voice_available_uk
2.74,2.9655041694641113,2.822066068649292,False,9674a4979706a3df,a53b401dbf219b1801e253f32bb2563d184c872e761f0733f90516fb3b23f910,2.9655041694641113,normalized_original,common_voice_available_uk
3.1546666666666665,2.973775625228882,3.318108558654785,False,bf550da08426634d,ab30005beb29702921a1739a75ad8ce3853dd1ef79c646c64f587e20e15e874c,3.318108558654785,processed,common_voice_available_uk
3.528,2.5537240505218506,2.8412106037139893,False,578ab3ffd0615d7f,5e868e742774e20e076603b138072d5035a3cc6073e7f738c8d001b68c8394e5,2.8412106037139893,processed,common_voice_available_uk
2.493333333333333,2.590960741043091,2.7699835300445557,False,3c96bcbce614c65c,23946db0ff842ab206b11a494c71619ca19fb09ffaecdfbb692db222990f7c17,2.7699835300445557,processed,common_voice_available_uk
2.38,3.0587422847747803,2.7190985679626465,False,0fe8215e64d6622c,ecf2a9b52104097c98fbca8931b8eeca54a9ec4351d4a67d0682664e2fc19f83,3.0587422847747803,normalized_original,common_voice_available_uk
2.24,2.9174020290374756,3.2364625930786133,False,cf94736feb4a459c,7d5482e338f70b0f14e75a34c11ae48227e8471ff97b32dcaa3501e6841000a7,3.2364625930786133,processed,common_voice_available_uk
3.688,2.8290011882781982,2.8479559421539307,False,1f1d91b9f7e3fe0a,c4f9ffc4986433b4b07253914bc802b59977a1734396626426693ba27c927065,2.8479559421539307,processed,common_voice_available_uk
5.544,2.3682966232299805,3.3276922702789307,False,982c1557c707c37b,85371e158fe91dc035b197f197e500d665af07696875ecb6be4d1e41b00a3cd3,3.3276922702789307,processed,common_voice_available_uk
4.221333333333333,2.7162680625915527,2.901360511779785,False,3c57bf263f27ea98,ac72f39cb4760bff2600f877f85eca8fa75b0e6252d20aa489454aaf659de765,2.901360511779785,processed,common_voice_available_uk
5.405333333333333,2.9232940673828125,3.4236350059509277,False,223134094e8e5ab0,519525da444a59a9bf36b86eb3e7f7fcac6f98755789f0626c75eba861e46785,3.4236350059509277,processed,common_voice_available_uk
5.512,3.0954549312591553,3.235719680786133,False,52add74227b0d21d,d0bbdf8d9f445057cea5fdd0390d972a9220e1c666fe562e501bb224c0d37e3d,3.235719680786133,processed,common_voice_available_uk
5.597333333333333,3.3312296867370605,3.7127912044525146,True,94a9ab653ca83902,7a206dafc0b9a8ac18f96db04841a6943a2b900cfe6c7a5de669134caba6936a,3.7127912044525146,processed,common_voice_available_uk
2.7,2.260241985321045,2.862722873687744,False,fc6ff47c2e709833,a76e34e398222f2b627ff7171302b0f77e29ddb7c62d2d8932fa65a56002f87e,2.862722873687744,processed,common_voice_available_uk
3.1653333333333333,2.583728790283203,3.0640323162078857,False,347243982690b318,c6ba647f689c30ea68684bdcddfe67f9412335be2688e3d29fdf2253df3d1a94,3.0640323162078857,processed,common_voice_available_uk
6.045333333333334,2.821112632751465,2.7730748653411865,False,d8e32e33e5c1df29,50c1564a976bdfdec761dc8270a74e9c4271253b5ef6a124ab4a9b509348383c,2.821112632751465,normalized_original,common_voice_available_uk
6.205333333333333,2.378180503845215,2.683485269546509,False,a6c984dd79145032,04240cb670152aa101aa8349f0d6cafe81c74dfad715f2755fa840f759251ff6,2.683485269546509,processed,common_voice_available_uk
5.3,3.5092873573303223,3.6245837211608887,True,7670a5b617e193e2,710c521d2ec9e033ee29502289b155a23c7e2e3bfa94560658c42d0dbacee30e,3.6245837211608887,processed,common_voice_available_uk
3.3533333333333335,2.46445631980896,3.1913199424743652,False,5079e636f7eeb344,dcc128a488fe330cae73cf19084174250a88916df496c409ce6ea5e54961102b,3.1913199424743652,processed,common_voice_available_uk
5.501333333333333,2.602678060531616,3.232203960418701,False,b48e8f5f23dbf821,a11599745f2fa5a5d966007d7bfdf226a84b541c9923bf5bb9dab09f10b55493,3.232203960418701,processed,common_voice_available_uk
3.1013333333333333,1.814591646194458,3.199737548828125,False,49b0c44ecf616df0,c95fa7945e48ee64c8cfb0d9e5f013464c1b494d75101133e2cba84212939515,3.199737548828125,processed,common_voice_available_uk
4.594666666666667,3.9693541526794434,3.4385948181152344,True,2543d525814a0e4d,9f844dc26b9b2c1ccaebbc6772cae2dc041678b5a3fe0f0e5a7808c610f2ec23,3.9693541526794434,normalized_original,common_voice_available_uk
3.56,2.401007890701294,3.2343854904174805,False,459224798aad52a0,e73e3fb8d192d788b5f041d9264d572c63de30c7502dbad216af5a6e56efa8c4,3.2343854904174805,processed,common_voice_available_uk
3.28,2.3745615482330322,2.819359064102173,False,1f390e8837ce18f9,90b50324b0485dd8d16e2e15cffd16a995a07ddf56406aac169056bb6fc5de8b,2.819359064102173,processed,common_voice_available_uk
4.466666666666667,2.4831533432006836,3.141803741455078,False,183485db68701b82,e3033d4a3d7ec4419443b3839c27f587d6d7b4e72aa195a21d5caa2a3e7e01bc,3.141803741455078,processed,common_voice_available_uk
3.368,2.79671573638916,3.3460466861724854,False,f83a422bcce4495a,6e5aef5a5c77218a5355ae10156da2edcfb25578baa2b5680a4d4e9cd3505447,3.3460466861724854,processed,common_voice_available_uk
4.72,2.0038232803344727,3.1128153800964355,False,698677149661b1af,93a55bbde391d061ddb3ad15e53ef078f8a3254bf5ee969b5548a21a03526b0a,3.1128153800964355,processed,common_voice_available_uk
4.838666666666667,2.864556074142456,2.9951999187469482,False,a216b947907cd6e3,666d7fff913d99a949df0fc127d5ab03cd03e54c9226134c716af23f529bf765,2.9951999187469482,processed,common_voice_available_uk
5.48,1.829188346862793,3.2104685306549072,False,1958758f315c6fed,01b2449170d2858ad0832cc2385bb4f6443eb284fab0c504e07cfff14d9a074f,3.2104685306549072,processed,common_voice_available_uk
2.8026666666666666,3.2003655433654785,3.2113990783691406,False,fbb09073bf2bc113,c3b848b134dd94ffe151c5ca8bde0902c859d009b2540e6e002f90b681dcc81c,3.2113990783691406,processed,common_voice_available_uk
3.517333333333333,2.753643274307251,3.0658109188079834,False,8642f3af30e2913b,50a1d0bd7f39d838b75948f83375880a1e579f3eefdf7e91ad7abdc9ec484efe,3.0658109188079834,processed,common_voice_available_uk
2.28,2.943429946899414,2.8157575130462646,False,e140008b97e6c254,b40e3cbe3a6bc8b6bb2a1ffc2193e91e47381d258018e6708ed65664964702ff,2.943429946899414,normalized_original,common_voice_available_uk
2.4146666666666667,3.024768590927124,3.0309112071990967,False,7e7f6a0e8e4dcbb7,6f4871836f33dd0f0e4b592a127c3b8b4ba2d5beeb579eedf1f9e60ff944e967,3.0309112071990967,processed,common_voice_available_uk
4.402666666666667,3.2480812072753906,3.0677125453948975,False,3e1b6ee9cf5311cb,a87210c428f00144ebbe11e321607df2f448316187c0240bb8516ab1f3274f62,3.2480812072753906,normalized_original,common_voice_available_uk
2.2906666666666666,2.6776907444000244,3.607943296432495,True,d6416741c85c4c37,d3027e6ed71f29772daaf4ac3580cc71277fcd23e45d37b970086d2885ae21b1,3.607943296432495,processed,common_voice_available_uk
2.3973333333333335,3.0759127140045166,2.8813042640686035,False,2604105ea068dbc6,f0a1b007e50cdefee3c41d9f5009086ce9b5c7b240a6f0a45ba5bb631e8ad3bb,3.0759127140045166,normalized_original,common_voice_available_uk
3.6,3.2609550952911377,3.0699522495269775,False,936349caad0d2f31,abdb9866d13d95088d9765c9d21063ee5f3fd48558c965a4da71562645149ada,3.2609550952911377,normalized_original,common_voice_available_uk
2.14,2.535433769226074,2.6791234016418457,False,c5ba9a29d9559e4e,c28017bab9fd1421d208f1c030341d7972e911aeba8311d43a3f333056d8f967,2.6791234016418457,processed,common_voice_available_uk
4.4,1.9301302433013916,3.2914276123046875,False,92cf71770b640932,ede5da867c2dd0ac34f8c36b5700a083c60c2f04e1a5984ca69ef2514ebd6c33,3.2914276123046875,processed,common_voice_available_uk
2.3546666666666667,2.447678804397583,2.8865764141082764,False,ee243b80f8d270bc,70a1699806e04ccd83654bb1d956fa4885de16641a46e71f8518d2c64968e0d7,2.8865764141082764,processed,common_voice_available_uk
2.2266666666666666,2.9999940395355225,3.3678152561187744,False,e65825d92c96e85c,fd3cb640208cb315372f07c00c58070d40ceb1505b51f1e6a7f540b14e462e75,3.3678152561187744,processed,common_voice_available_uk
3.368,2.6934707164764404,2.984572649002075,False,9d8a687bbf269efe,270c540fc051083ea0a5f23a9bf04efbdba2587efeacf59e0fe0b03c18f62da4,2.984572649002075,processed,common_voice_available_uk
4.505333333333334,2.3542733192443848,2.740845203399658,False,09f874e3e1198079,800913241e06f7134f71813b190ae0b68e6fa7506b695302c50162f6614fc17a,2.740845203399658,processed,common_voice_available_uk
5.273333333333333,2.4519119262695312,3.196213960647583,False,7dbdb0f73921e411,9a26009cc3b2f98034c883123ad166a053ea484560dbf0583fe22a902236690a,3.196213960647583,processed,common_voice_available_uk
2.088,2.7007863521575928,3.109508752822876,False,e073bf83b39678d8,07018c33532834a6965329d1b2ff5befe2395754b2c35e0f1cf622dfd1d8cd55,3.109508752822876,processed,common_voice_available_uk
2.152,2.3982579708099365,3.2170374393463135,False,4b22ce3678eb514b,c1b505c2753f3c64b32e9ac8a9d32e02fc2dad61acfee90cc8781ec2b957be26,3.2170374393463135,processed,common_voice_available_uk
3.336,2.841489315032959,3.116453170776367,False,de07ff82ae6c5dc2,2c8d0fc1236ee54c9d9cddf3ea5f7161213ea4fc030bb7564ce20cec7d63a8d6,3.116453170776367,processed,common_voice_available_uk
2.216,3.0985898971557617,3.14963960647583,False,f6c698e842cbe8fb,db1e42011a08cedfe2e5e6e074e8b69612c01b5046b0db4a8b5fa9ba6aa6c52b,3.14963960647583,processed,common_voice_available_uk
3.5493333333333332,3.994077444076538,2.631688356399536,True,738b587122caeb66,cb2c570961bfd0af8bc26802eefc4305c820180876be40263650d4fd14e9d487,3.994077444076538,normalized_original,common_voice_available_uk
4.157333333333334,2.9794654846191406,2.897660732269287,False,a540167ea41f6956,4f3f7505dc01920c2a9ae2e8369598e3b5e15bfb04a535be1a53d953d83f11cd,2.9794654846191406,normalized_original,common_voice_available_uk
2.408,3.037773370742798,3.139207601547241,False,04ebfca283f7b979,0789707b68dd91fb1c36aac76afbdb7765b4dda9a790eb297a4ba82ecee8af2a,3.139207601547241,processed,common_voice_available_uk
2.0986666666666665,2.4733662605285645,2.6179206371307373,False,8600fde5ece1e1ce,bf4a0090ff8be2b89f1502171da13d929c7c86750ef736b8ab2d1941842f8c0a,2.6179206371307373,processed,common_voice_available_uk
2.9306666666666668,3.43015456199646,3.6192750930786133,True,a2bc03280fea1efd,192098a6c9a610a4b618c8948e633d63539e267336fdb8345b8976394b4143f3,3.6192750930786133,processed,common_voice_available_uk
3.8053333333333335,2.918595552444458,2.8939173221588135,False,190cf023178e4b18,57a7dc1b3d9208f35329a5afa67e42087bbef1d782508849410cb89b106352fd,2.918595552444458,normalized_original,common_voice_available_uk
5.693333333333333,3.2652950286865234,3.4299614429473877,False,f2bf7d3764df7fd5,eb977c21285f6f2d4836d28074795231bc3e48a20e6450c99b3c2ff5db61b20b,3.4299614429473877,processed,common_voice_available_uk
2.3146666666666667,2.0661139488220215,2.3271725177764893,False,ff34d3911b4d2db0,ab71c552e1ace43fb5c36208f21d22cdbacee45f44c71e0bac54517af890d0e1,2.3271725177764893,processed,common_voice_available_uk
4.381333333333333,3.562875509262085,3.638676643371582,True,e27c556ac0c8b09a,6d6e32f3554953d75517fee5829723cba44b19129ebab2be49791bc5c3c61567,3.638676643371582,processed,common_voice_available_uk
4.370666666666667,2.4662532806396484,2.738797187805176,False,3259a8bb7087bd10,9ae9bafde4d53650e05b79ffd2cd55d90a99b92e49d6b755dbc9796b247d19b7,2.738797187805176,processed,common_voice_available_uk
2.1306666666666665,2.9192845821380615,2.7597877979278564,False,a8f8f18e9e73e8b1,98a5ace424e768f5540f2818faa9ee7b44841bfcf092290ceb55d0eb55cd1af9,2.9192845821380615,normalized_original,common_voice_available_uk
2.152,3.3933560848236084,3.5611720085144043,True,cf62baa6bea3511c,299970788147f1cbfd2c1b2b9bb4aca3281805d95df8ce50a680529af6624fd9,3.5611720085144043,processed,common_voice_available_uk
4.669333333333333,3.000067949295044,2.6691524982452393,False,24a43c098e24f6d3,3bf751e170ea454b22e58cdf99eaeb8902cc7a900fb9b8b464f899a33ef24c50,3.000067949295044,normalized_original,common_voice_available_uk
5.444,3.109982490539551,3.404022216796875,False,ab87cc7022597587,f29a2f439d54c7843ec3bec8500f5058011067047834de434ccc4a7072f06323,3.404022216796875,processed,common_voice_available_uk
3.652,2.6469151973724365,2.865269422531128,False,2bd6ff5c75a47b3c,0c8d5ad5da3a23a1fed5450de5693c5335175a7d3362936b4034c190320b1166,2.865269422531128,processed,common_voice_available_uk
6.077333333333334,1.9596545696258545,2.9409120082855225,False,25e5c2a8d846a852,185387a5eaf62b3b5e02c9e52506f42f35798da14167b42daf52b74ea425718a,2.9409120082855225,processed,common_voice_available_uk
2.8133333333333335,2.567638397216797,2.983415126800537,False,418a9b5fbccf4410,f4677bdf3d14b711032b617403ab1ff17ee05a812b0375d846e38837dc6cb0f7,2.983415126800537,processed,common_voice_available_uk
3.24,2.6697499752044678,2.740074872970581,False,ac78771565774557,300568c67f0dc2cbe5365e4d4e025f08753daf0c5329d55d57410684969560cd,2.740074872970581,processed,common_voice_available_uk
3.336,2.7764265537261963,2.7483744621276855,False,248a9b242b97ecd0,6a62b3a2b59e5d379bcba96aaadac47e7ee5ea3b35cb465520e29999098d9e33,2.7764265537261963,normalized_original,common_voice_available_uk
3.428,2.2656705379486084,3.0835399627685547,False,9de8e4748ff30aa1,427630b15367c492f42575e5f60e2ff2c53922404d84d6ea6a0846620fa61a63,3.0835399627685547,processed,common_voice_available_uk
3.7626666666666666,2.7933218479156494,3.340249538421631,False,0ea058639601775d,18a719444e8b50095c8e4fb2d318593fe4dabd21a71bd55cf528da2e18cbfdff,3.340249538421631,processed,common_voice_available_uk
4.18,2.754182815551758,2.832874298095703,False,8ff70b5855192e81,dde2a80aea8aa07c92e92721269419edeb40206b55df8ad1203407819b05b7a3,2.832874298095703,processed,common_voice_available_uk
3.005333333333333,3.025003671646118,3.1074130535125732,False,97b30e2faa6675a7,6aa2280994b4df00248d66a0af93463032a19709997df2ebc837b1112f6d22c1,3.1074130535125732,processed,common_voice_available_uk
2.024,2.9491238594055176,2.81329345703125,False,7b859444522a56d6,53f988b0877cb87c75e4f3033d9f5c7d3b8a0c1350e69c68d27d96edfb0b0116,2.9491238594055176,normalized_original,common_voice_available_uk
3.18,3.282951831817627,2.5561349391937256,False,67984f788bbcdd8d,49b770397a2363623bf3007ab060a92fb8c8dae84ee15f1141d652b8830b105f,3.282951831817627,normalized_original,common_voice_available_uk
4.846666666666667,2.672109842300415,3.3718059062957764,False,16ae0891ea877b7e,119b4c528fc31f69e3aa85750764749010881de93aeba2d6381ef4699a0e91c0,3.3718059062957764,processed,common_voice_available_uk
5.522666666666667,2.921762228012085,3.448166608810425,False,0f729ca38c51f5da,d7e90b4bffd96e6972841331e6334eba70e8b8e0df1ae6fb773dde3fb5f038ab,3.448166608810425,processed,common_voice_available_uk
4.050666666666666,3.6784965991973877,3.3839988708496094,True,e5e3dcf80a7a02be,93b3c58bb2c83d73ec7f0acb4a0f7d637c5c0475c1d66051effddbae82e50429,3.6784965991973877,normalized_original,common_voice_available_uk
3.474666666666667,3.17919659614563,2.8514277935028076,False,911fb24b28518351,148987fbc2d6fa3fe4374a7a006d211c2fd79648d635b63ee2aad3cb6290e512,3.17919659614563,normalized_original,common_voice_available_uk
3.144,3.7232468128204346,3.3500490188598633,True,844aa12bcd11ccdb,23f2e229f0082ee537f75db83f7579c3a0e9a00f60bb396047280ff0c14c2b88,3.7232468128204346,normalized_original,common_voice_available_uk
5.181333333333333,2.928358554840088,3.4692842960357666,False,959a1c6cab14e4d4,6db1e0c43332fc37c77522c5ac6b5dda4c40b3611e130b296f8841ac24504cc9,3.4692842960357666,processed,fleurs_uk
8.712,2.762816905975342,3.0411736965179443,False,fefd0259ff637326,68ef8269161e693d03fcbe36925829a92cd5bf86fa644c5f85fe7986b44315de,3.0411736965179443,processed,fleurs_uk
5.078666666666667,3.2313568592071533,2.880664825439453,False,a381bc8d75f3eb60,dd3e716b6875f13eabe720d15322ad4ba15483bfe4caee519b3504bd4c221802,3.2313568592071533,normalized_original,fleurs_uk
6.564,2.938464403152466,3.117220640182495,False,5558b228f9fb7124,fc1f847026cd7661e8e0e11480322819aa019ccce12ef3ef9e075c2a37b7de48,3.117220640182495,processed,fleurs_uk
9.48,2.724224090576172,3.3534154891967773,False,b30673863ffb037d,1497074fc16ff2c78458b3006da97d98912f66fb6f210dc6bbd6f3ed867feb3f,3.3534154891967773,processed,fleurs_uk
5.618666666666667,3.1540753841400146,3.236530303955078,False,c5b7866904cce653,3cb78ab61fca93fbafa2936ee67784199399c54f2133c4a65a2736cd64ab9304,3.236530303955078,processed,fleurs_uk
10.428,3.0116665363311768,3.3046886920928955,False,c832793e984ec4ad,c006ef1d88ac597d8cab19ed5c010e512522b629abac3d9c8de222d9873dbcb4,3.3046886920928955,processed,fleurs_uk
15.577333333333334,3.002243995666504,3.6502203941345215,True,f74bd666161897df,120810fe7d503f8e91ab1e91fda0101ad0fbdfa1905fee337830baeb3e89dbe7,3.6502203941345215,processed,fleurs_uk
10.664,2.8076424598693848,2.792879581451416,False,a90e40527649a849,82f8c35c0d9e39ced11560bacfd61739ff49cb00735d57e52943b4216241fb7d,2.8076424598693848,normalized_original,fleurs_uk
4.637333333333333,3.0477962493896484,3.2531659603118896,False,909d184fdcd7f465,3b641576563b759f876ea9df3da6fcd4d7daad743760f4dad217dec8d189e016,3.2531659603118896,processed,fleurs_uk
6.2973333333333334,2.0934300422668457,3.478142261505127,False,5037571598709644,47a49eef819ad483c255e1faa1f60dce94456b4a2b80645ba90274cd277db7e3,3.478142261505127,processed,fleurs_uk
13.074666666666667,2.9356112480163574,2.9999852180480957,False,899793d24bd70411,f3a038483d911ef84bae453863fdc00b1f835055364cecf7d926131acdc1419e,2.9999852180480957,processed,fleurs_uk
10.14,2.746774911880493,3.750669002532959,True,715676cbceb6f9c3,40cb3304323e2b50ab8a1efd12bed9dde1f66e36ad2d9d9b674432c22760329c,3.750669002532959,processed,fleurs_uk
12.708,3.1084485054016113,3.3731844425201416,False,85ca359309837202,45597fca09ba43df1e7bc181cadbf740e84ecbe4f9da0856eaf7d29dc553afc0,3.3731844425201416,processed,fleurs_uk
10.461333333333334,2.8318212032318115,3.154853343963623,False,2b1dd8402ce5d536,b31ac1a186bc454b11a7451077545dcb0d1851c0a260dcb2e075aa1b5c7439e3,3.154853343963623,processed,fleurs_uk
7.478666666666666,2.8887743949890137,3.325467824935913,False,2089464e1fd713a6,144159008ac001233de9956888f1c874a3ccd907ca22610f5d6ea48b8809dc3e,3.325467824935913,processed,fleurs_uk
10.788,3.123445987701416,3.3687033653259277,False,7079d2ab052b067c,d0394a320599392b26fa411f70cddb0b255496fe7afea6f08d524bf105d42b95,3.3687033653259277,processed,fleurs_uk
7.222666666666667,2.5428359508514404,3.289271354675293,False,fa71a8a80791f4ab,2fd34e6330af8942761ac680d75171baa2cea4ba807e44d3e945aae385e3ade5,3.289271354675293,processed,fleurs_uk
14.837333333333333,3.0033631324768066,3.3687314987182617,False,6df018bdc9ae9404,a7008fa78ee3b967107e842a7a9b3ce6e370cacbfe6c9034ad96689bfce02999,3.3687314987182617,processed,fleurs_uk
9.038666666666666,2.4185221195220947,2.917595386505127,False,bd9cfe27e08bb814,75367f03a05bfb5b3978e658b4180b10e77320c6c69409a9c5601153e14539d6,2.917595386505127,processed,fleurs_uk
8.134666666666666,2.6063072681427,2.606428384780884,False,efd141fab8cb2a03,905d361e1b6ea39c99742e7d9946a014ca130f50c9f4d92957fd396ae8cbaaeb,2.606428384780884,processed,fleurs_uk
17.921333333333333,2.66736102104187,3.2706451416015625,False,fa44e451a4684ec5,620a655612d1e4c93c84717cf66c8357185c79eaa96065177d7a2d0874828140,3.2706451416015625,processed,fleurs_uk
14.893333333333333,2.602147340774536,2.4293596744537354,False,cbf905fca130b00c,6d2bc8fbf86829caba8a81f6a3da6223fc3dfbf567fafe1d14c1a25182d716c6,2.602147340774536,normalized_original,fleurs_uk
11.758666666666667,2.752807855606079,3.7037160396575928,True,65bab893d591c920,97eab40b18c838b42d0b81489d5ab1a1094fc89413dc3218fe63ae51ed423965,3.7037160396575928,processed,fleurs_uk
9.48,2.281068801879883,2.305098056793213,False,ab1b2261eb178b37,3d4c39b9f7af7fbe16f5948e1396f9896495bfb509bc989ece69d8a7ef4215f4,2.305098056793213,processed,fleurs_uk
9.948,2.9789347648620605,3.471301794052124,False,15e1f33a590fa5d2,309d7c76bc5ab9ec0a52339f3dec19a0566d03f8af2e7dbc53ff59a0dd0c6bba,3.471301794052124,processed,fleurs_uk
8.765333333333333,2.8221843242645264,3.6028220653533936,True,caa96ffc8a50db0a,b73eb419eb25214b04f1864b5d97d00a036473725105d0418337440f54ec9742,3.6028220653533936,processed,fleurs_uk
12.698666666666666,3.656231641769409,3.3351855278015137,True,53e7cf21713ad2e1,84f8a9855c30a2f04487976a98f8a49f709dbf407c1b377ea2ed1191709b5432,3.656231641769409,normalized_original,fleurs_uk
11.138666666666667,3.2637712955474854,3.3205647468566895,False,de98bdcd8fe80564,be606b84dc9937c9a7d1245abc738f49904b3d8dd020881816c87a52e928106c,3.3205647468566895,processed,fleurs_uk
7.44,2.7647883892059326,3.690830707550049,True,6fa4a717622444f8,6e46d6051c5107adc24b41dff82f4170b140e6906a7864c43ea99e74e6fbdd22,3.690830707550049,processed,fleurs_uk
6.418666666666667,3.1128251552581787,3.4831955432891846,False,4a4d08bebc42b317,112c551884dcfc8f07d8c6b47d16d096e0dddb761e456c0bf1a21a120f7b9427,3.4831955432891846,processed,fleurs_uk
5.021333333333334,2.7324936389923096,3.236633062362671,False,d01073aaf9fe19e1,6f58895eddb20ed9ac19e11d6f86afa23c41973c7961bc4f8ca6ab94732faa88,3.236633062362671,processed,fleurs_uk
16.52,3.2524197101593018,3.599730968475342,True,22a1fd4042f42034,eff3556a28ff111e554a512c92086efbb3646a509819eb63fe903e7d2ce3df25,3.599730968475342,processed,fleurs_uk
14.713333333333333,3.18526554107666,4.123654365539551,True,4738fc04a1e4189e,313b8bbb50ef10b98728e237e0f6635cf02411dd4c99d820d00271c404533309,4.123654365539551,processed,fleurs_uk
5.996,3.0428683757781982,3.36204195022583,False,fe393cbcd4c75050,1617b2529ff85387aee2b9fa92d936572474cf5630359f9091ce67b53b5a9114,3.36204195022583,processed,fleurs_uk
8.776,2.9685404300689697,3.1144988536834717,False,c3f42dd599b43df9,60c60f872bc80c0a4705bd83e376b8a3aa53d877097693eb244525e0802e3e0b,3.1144988536834717,processed,fleurs_uk
5.494666666666666,2.2877414226531982,2.165102005004883,False,c990d6277b807d72,cbd517ee24314412844d823b0e0fea555b464a6733e36f20c3190e73108e5e55,2.2877414226531982,normalized_original,fleurs_uk
14.508,3.066800117492676,3.4685699939727783,False,ee5e4637dffa94a2,5b8f04c9a7b12b3e62b8b67cbdfd711f65ff5fb8684f45cb48895684581cb468,3.4685699939727783,processed,fleurs_uk
10.382666666666667,2.7085087299346924,3.5771687030792236,True,eee1753076a7de8f,c0782230f2dfe2133198c1c0d53b094e6ec9ca61387fe9b7264173d972d6df65,3.5771687030792236,processed,fleurs_uk
4.8,2.8547749519348145,2.8963162899017334,False,f52f97e9d64af685,93dd030394424811f6c27d72150744bebe57778678c2d8bf2a9aa59354940112,2.8963162899017334,processed,fleurs_uk
7.396,2.015493392944336,3.6806466579437256,True,327108867eaaa2da,0561d862ab823541a3fa54c0ce56280ddd70da59f16563a52d755b1cc6dd2868,3.6806466579437256,processed,fleurs_uk
10.757333333333333,2.6310973167419434,2.983079195022583,False,83c307693927f61f,f263e9c81c64fad0046a656b80488fa76d6cf98da42d2f42994bd7c3bfe16600,2.983079195022583,processed,fleurs_uk
14.564,2.917839288711548,3.5793795585632324,True,e5bb518608bfdb7d,e6b90778002eece94b5b66b4e730e84d9c8a724671260d75b29edc220341f66c,3.5793795585632324,processed,fleurs_uk
9.906666666666666,3.1149606704711914,3.3849563598632812,False,5691f663ddaec5b5,d4edecae310f026232edfbf1c0e43f2d33dcbe0326dcc289b8458f7fce6d961f,3.3849563598632812,processed,fleurs_uk
5.689333333333333,2.590902090072632,3.2951998710632324,False,55d68ad35312f5dd,ca6d67fc2aa448f427819575748204afa11e299633b81567e88409dca4182684,3.2951998710632324,processed,fleurs_uk
11.989333333333333,3.6428027153015137,3.0768418312072754,True,a27cd8f0d418a777,6b335ec7e9946c53501a28b439305585ad12881a43d3434bd447cdd4cb1238d2,3.6428027153015137,normalized_original,fleurs_uk
10.498666666666667,2.874217987060547,3.5588865280151367,True,794cb4991dbc7609,f643f8c63f7779d225522e95ef8e27b9273a400d8a3fe47d117586e899b3b0a1,3.5588865280151367,processed,fleurs_uk
8.734666666666667,2.568423271179199,2.7300543785095215,False,f33621494d6e16b1,3c40bc35f694d7ec822cd17e38a2c6f27b58977a08725ee7ba0fd92e5cbc45dd,2.7300543785095215,processed,fleurs_uk
8.264,2.741525411605835,3.106006383895874,False,a5f851ef061a7203,02c38a7fee2d1bd6185a68f5391de97695dbc720df906cb8a5932fddf2a1b9f3,3.106006383895874,processed,fleurs_uk
13.188,3.0009851455688477,3.3671419620513916,False,d090e200f4cc636c,6fcf005cc0bba89e0c7e370a035040c4306dfe808d00489e85a99d4ffe052139,3.3671419620513916,processed,fleurs_uk
12.772,2.9191720485687256,3.922909736633301,True,e982fb32bb0b099e,c3564bd8177e8ba45aa7df943088e615c22585f9426ecd85e92461370fa56774,3.922909736633301,processed,fleurs_uk
8.221333333333334,2.6911978721618652,2.417160987854004,False,1e7c62bd46d20f2f,c82c27383cba3a3dc3d3390b7bb40f14f53ab6b1e2c61b6ea1847bf07955c35c,2.6911978721618652,normalized_original,fleurs_uk
5.849333333333333,3.1470859050750732,3.3042235374450684,False,ca507cf5283e14fe,66a132044624437bf83f1bfe978bf929db4e903ad1ef0c2ae6e6cadd253847f3,3.3042235374450684,processed,fleurs_uk
11.022666666666666,2.299058675765991,3.1062681674957275,False,0467f502d836f78d,0c6e187f67345000f206527122f447f0e8cd8113c236c7f5cbb2ede6f8a08287,3.1062681674957275,processed,fleurs_uk
17.64666666666667,3.174452781677246,3.4064295291900635,False,333b67b57a0d2b71,1e9d9f76ed7f5d57074ef150ab50238dbb8e5e0463c28f431c5fb53fc41c0ca3,3.4064295291900635,processed,fleurs_uk
17.945333333333334,2.675156354904175,3.305513858795166,False,ca195eb9cde9d3c7,ef436a51b428eb131365d14a9612f0b866cfc72d94ecf94ce2d8e9227231437d,3.305513858795166,processed,fleurs_uk
13.14,2.9254374504089355,3.791593313217163,True,735df4c409f942b8,e7885605a89df8a52118333577239d2411ed15276b6814274b55d394089f1340,3.791593313217163,processed,fleurs_uk
6.478666666666666,1.9463834762573242,3.4467012882232666,False,354818c76e7c2e34,0deb29774037c48b696d4bd6606b0417d24f9d48bc01ee787d083fd882881afd,3.4467012882232666,processed,fleurs_uk
8.669333333333332,3.202843189239502,3.2768149375915527,False,a6941dfe32692f98,f9037c9a54f169c4a5af99c3f9713b8361107a6582772258702f7a8ac2d334b1,3.2768149375915527,processed,fleurs_uk
11.218666666666667,3.382899284362793,3.156268835067749,False,7b2374559c058ccb,4eecbe1b9061c2fe40dbfcddb8a4609bc0d2ce1c43c108c215caf3940a74dd5d,3.382899284362793,normalized_original,fleurs_uk
8.968,3.0012269020080566,3.2340211868286133,False,4033a0a142097204,2c15d47c39c34be75978156612abc4459bf8805bffd821e0a2301d7e2664a3c3,3.2340211868286133,processed,fleurs_uk
10.873333333333333,2.2212014198303223,3.17467999458313,False,a52a91ca78ee3ab3,da60a895f2ff82875ae2397339c488c48a1a114ec5191d900d0c92777227c0f5,3.17467999458313,processed,fleurs_uk
9.758666666666667,2.7092785835266113,2.923760414123535,False,debdc6a4c5a4f3c6,e90633ad06fda52cf09c68ea5a6fb655890f7ef5ac1c41db755d509c0484a556,2.923760414123535,processed,fleurs_uk
15.048,3.114189386367798,4.039986610412598,True,5eb6300304d1d12b,4520a27203ea098a3842a3b8284a1c9f5e6e7c239b43e28e254f4b33335f17ee,4.039986610412598,processed,fleurs_uk
18.42,2.73335599899292,3.7265233993530273,True,868a3bdab88599ee,ed96ea2137e697ae20fbb12af74bc82fcab67590fa65d8e05bde3b95172ab9c6,3.7265233993530273,processed,fleurs_uk
11.04,2.738352060317993,3.3911852836608887,False,8698daf0e9701268,778154b0791b9f363b4ab819c5d5b541e695b64dfba598eab95c3744ea716b6b,3.3911852836608887,processed,fleurs_uk
12.573333333333334,3.389291286468506,3.420799493789673,False,8d594f701ffd3ba4,0d0e8755b8546fb95de87acaac3862f7933fd8fcfe453e5d9f9c447b9d73c356,3.420799493789673,processed,fleurs_uk
10.894666666666666,2.598618984222412,3.5213463306427,True,33e0e64ffb911169,38b4eee5d34147a34f1e45fca2255f8fcbea9d804a15189014008fbbf17aea21,3.5213463306427,processed,fleurs_uk
6.828,3.1293959617614746,3.7316737174987793,True,cc3cbeb88a0ca00b,afb00ea9e535370210ef4b49302433ac1c1a79c6e9bcb0267a719ac412b77c22,3.7316737174987793,processed,fleurs_uk
11.698666666666666,3.1404542922973633,3.224628448486328,False,8689b5eec74f2fff,4621c3d5db46ebdfb52155f04626d7038b6406bf8314e22b207e84ca59b94b39,3.224628448486328,processed,fleurs_uk
10.2,2.579463005065918,3.7435381412506104,True,ac9151cf24a412e1,e0427e6b6dcdf3e1e63c93144f53b7a3068e5b401409c287488d37646b59f90e,3.7435381412506104,processed,fleurs_uk
9.32,2.6410036087036133,2.5058486461639404,False,a45c10147c84d9f8,05ed4142b7a4460d23a365d56930ff2c3ebd0fa54a8d38ff128b573d395f8b45,2.6410036087036133,normalized_original,fleurs_uk
12.537333333333333,3.1211681365966797,3.507018804550171,True,a8763d00c05c7270,e367357935016da97b57b2bcfbeaf96f93f750d94adb67e331a879fac0e9394e,3.507018804550171,processed,fleurs_uk
14.002666666666666,2.945711612701416,3.1227574348449707,False,69aafe87d955ba4b,ba66a8444f801a7c49bbece2b3939282b9dbc9603f2d1b03e0c0bff84749c3b8,3.1227574348449707,processed,fleurs_uk
10.926666666666666,2.3164634704589844,3.598345994949341,True,f654a2482168dbd9,6cdea76517cf07aca6902ab1fb0c2e85235c7e7bbd4573d45179cc83be1c73c5,3.598345994949341,processed,fleurs_uk
14.734666666666667,2.6380372047424316,3.238081693649292,False,f16b002601063e11,58b581339e139932dc572c2e4e5b5f18e3d850106551d3744ead98e23d6f5d1d,3.238081693649292,processed,fleurs_uk
11.606666666666667,3.294649600982666,3.2893948554992676,False,584722206ba5ea87,f5d450f4a1fa5bff47efabf5fa61287bcfff916670668e3779e6a58f1a169638,3.294649600982666,normalized_original,fleurs_uk
6.458666666666667,3.3165340423583984,3.6367027759552,True,222a96e0d7dd0ce7,48392aeb59456d9db1424a42573e83a3946fc1ecebdb7413400fe05808d879d7,3.6367027759552,processed,fleurs_uk
11.844,2.898390769958496,2.288926601409912,False,4046a6918cbc6198,0f181192ba8e602b354107711a0813c7d39eca7b0da86d66ad9133fef07fd560,2.898390769958496,normalized_original,fleurs_uk
4.818666666666667,2.5413708686828613,2.6216249465942383,False,f0495e9522a7580f,b545d98cb2d0987eba3e03c0b7e27bab36227b5d765f8a28ee789c524918457c,2.6216249465942383,processed,fleurs_uk
7.705333333333333,2.724160671234131,3.491530179977417,False,d3c65f60de08cc59,8c6da418e03d34ececc804a3e53e8583acc2cf0225af7ac04fca06b69fe42381,3.491530179977417,processed,fleurs_uk
5.213333333333333,2.793571710586548,3.1619396209716797,False,804a5cfa9e39d4c0,de50c553b9c672316ea5c7300deeaa7f5b3f1fb10cd05a21e40bfa9915dd523c,3.1619396209716797,processed,fleurs_uk
12.2,2.5438292026519775,3.1578173637390137,False,d9356cbfb7795081,38c09d83ddb185f38c1af0195d3cf27428139cfef27fe908b3bc2662c8bf09f1,3.1578173637390137,processed,fleurs_uk
11.818666666666667,3.108262062072754,3.4095346927642822,False,a137d8e70532b244,aadb5bbb63056a8bf92b3daa9b4337000dbf77b0ced335dd28374a350b4a6da5,3.4095346927642822,processed,fleurs_uk
9.96,2.8419532775878906,3.3020846843719482,False,b47e47b723203d93,0109471afbf107d9a252ffd25daf4f53fb69bb3a4dd69ed5e6f795e2f33ee1e7,3.3020846843719482,processed,fleurs_uk
10.764,2.90803599357605,2.5895371437072754,False,d4455526189dee42,9be34012d991b174c3ceb3a947cafc90a62d63fe1dba6063a44c3914f3843ddc,2.90803599357605,normalized_original,fleurs_uk
6.749333333333333,3.2112951278686523,3.3757238388061523,False,e677a32e926ce1d5,c911f0e6bd497f38263ed9841fdce3f0d57bc079378c6920548f053d05704836,3.3757238388061523,processed,fleurs_uk
14.681333333333333,2.8463847637176514,3.7800803184509277,True,1c3410a58f3482b4,16a9cdde57a8c7acc728ed834be8357df302000a8e8805315fb21c0c4d99adf4,3.7800803184509277,processed,fleurs_uk
6.429333333333333,3.060817241668701,3.4643688201904297,False,88157b1754b1f7fc,478518903d3a2c2397fb064e6d1493ba79ed779a1c1641f8cdda2b8463b2c684,3.4643688201904297,processed,fleurs_uk
12.118666666666666,2.748039484024048,3.187321901321411,False,d60a45ed449aa919,acbbb77f11055b456d6d4f2935d44efea84e34ada747628685444b51bfb6295b,3.187321901321411,processed,fleurs_uk
7.44,2.327915906906128,3.4275190830230713,False,51a1f94f96449920,56f9b7bf37d3a21c80bbf9565797f4916837da5e1ab03bf62ba15d8df325e1f6,3.4275190830230713,processed,fleurs_uk
13.096,3.1728525161743164,3.027984857559204,False,4e3c5ab1819b3e25,c51119665ee5640f43cfba56fde7d0194e80d9ad0997c0b7b511fbd68a22b609,3.1728525161743164,normalized_original,fleurs_uk
10.916,3.017479181289673,4.03256893157959,True,92ed791b24f80b91,1149262a26f0f29009ca5b1d8a38279cde014b5f5c773b4730b8b22115aa65cb,4.03256893157959,processed,fleurs_uk
10.464,2.3886606693267822,2.6192779541015625,False,9402e75a29af9903,08bfbfcb9096838fe087f868a441ca892c28429194fe4a066238ca981e01f6ea,2.6192779541015625,processed,fleurs_uk
10.696,3.3137574195861816,2.6874077320098877,False,079895761aba879c,ce23c78fb8ae81d1c9dfe00df4cbcaca54890f33c3ab30b4e44581cead534721,3.3137574195861816,normalized_original,fleurs_uk
5.96,3.129206895828247,3.435532808303833,False,10cdf3773f922512,ac27e92cc5d42dad2aa2c72f000409cd2248ba0240ac7043669d222735838582,3.435532808303833,processed,fleurs_uk
10.937333333333333,2.270622968673706,2.6694319248199463,False,8f3c95d98fcf2542,bcab6fc02121444a4cc8cd312f31a2c54debd93a015602eeb7db7c367d05d065,2.6694319248199463,processed,fleurs_uk
8.557333333333334,3.472991466522217,3.746286153793335,True,3c418e8b71f5cea6,2b62f72113fe9e80ade2f7bbfe6ba26e0183f685b6272d118ad70f8019696412,3.746286153793335,processed,fleurs_uk
12.505333333333333,3.2398760318756104,3.579033374786377,True,21c35569bc050375,6e4b6e4ee1d968b67893e56a50b0eb4d60498be79c77ef6bb4fe482b6cd9cde1,3.579033374786377,processed,fleurs_uk
3.6026666666666665,2.9614036083221436,3.1932148933410645,False,cf89152cdd4870d0,71b234b118b15358410bb4b1a7928c4655c7f634ba30926f7a86495de4a9a0c1,3.1932148933410645,processed,fleurs_uk
2.7493333333333334,2.9283785820007324,2.760340452194214,False,eb898a121f485b26,21c3d2b9b3bce84b7f2e6e0d22241dfae573e74d2e6681c813aab80b61823a0a,2.9283785820007324,normalized_original,opentts_lada
4.04,2.1252918243408203,2.8284435272216797,False,e8449482430bafd8,0c6db790b94b643911ab853ae7c16ac0dce84174f7bcc1773193530b034c27c8,2.8284435272216797,processed,opentts_lada
2.536,2.391056537628174,2.5130326747894287,False,21bb6688a0a1113f,55600b431cc205728d3dc9aa3e8a6128fac8c023f0c329a63e5e53a3a5a6a0b9,2.5130326747894287,processed,opentts_lada
2.002666666666667,2.3782637119293213,2.183443546295166,False,0dd5f5a8f9a09cc5,e78af1fd7d0b52e1eacea6db1417fd2496e69399854c7eda46805c60aef71ca8,2.3782637119293213,normalized_original,opentts_lada
3.9226666666666667,2.8700850009918213,3.3215200901031494,False,a62f0a11f72e0935,650f3a672e452f1c04f5b4447c923a390bc904f86e26c03801925df126400ef2,3.3215200901031494,processed,opentts_lada
2.3013333333333335,2.315849542617798,2.669315814971924,False,7a5dcfae51994d97,3cb2e4b5c68f1e687f404b48afee46c59b1399926c8001ce125c39fa74046922,2.669315814971924,processed,opentts_lada
4.605333333333333,3.190753698348999,3.0233819484710693,False,6a0d36c4b3017098,ae5763d3706fc69699b4d7d24005c2ff5aa1b7d0bc1dc789744eca7c6dd6196a,3.190753698348999,normalized_original,opentts_lada
3.7946666666666666,3.0097484588623047,2.951744556427002,False,ed7746419b367042,ed7efafd8978e35ea8d3e41943faafec01f0cd71e8357374ece844c389f2a302,3.0097484588623047,normalized_original,opentts_lada
2.8453333333333335,2.998612880706787,3.032275915145874,False,14cfdbc496752bee,18e1dc515ad1dfbce7f102367786f530f4a229e7e34fd6fd60f6863663cf0699,3.032275915145874,processed,opentts_lada
2.952,2.8079466819763184,3.2548842430114746,False,b3a0725d52e4df4a,a8017b909e63ca85727f7a004f712a04a457c3144d43e3b324e7a105809ba397,3.2548842430114746,processed,opentts_lada
4.616,2.5422940254211426,2.735588312149048,False,2c77c8ce4c9a8e81,1aa7089782af88f7f202717b29ae0f2aaa58912795af6e12b0abfdd1b1ecb281,2.735588312149048,processed,opentts_lada
2.0453333333333332,3.256645441055298,3.1808412075042725,False,13376eeaa2862f39,85a8b1b0cf30ae540f76b9607df26e96d963d9f80f3aac75d5dbcd77df1a1aec,3.256645441055298,normalized_original,opentts_lada
3.816,2.6671717166900635,3.020115613937378,False,fd0881c5cac462ed,521645becaee0ce0f5905fcbac437f240ef9cce9b0ea4c556330eeeec5fd570c,3.020115613937378,processed,opentts_lada
2.2266666666666666,2.8811914920806885,2.722778797149658,False,8f098940e429bdf0,0f191d15f01222f09a7967dacf45fc1afbd1505fe2a04da8a8299009f57c8e1c,2.8811914920806885,normalized_original,opentts_lada
5.448,2.4668028354644775,2.6837871074676514,False,6883c011c9ab0f41,63138aae151f9747f3b2326fbaca5c33a310d39f24a88ca40901ae1924ffecbb,2.6837871074676514,processed,opentts_lada
4.701333333333333,2.875108003616333,3.1845595836639404,False,15c1b955fd45d0cb,3c075fde9e45275e050e74ae017ed2316afd1db542d82e2e6a93371ae0b5dfa9,3.1845595836639404,processed,opentts_lada
2.44,3.0206174850463867,2.748380661010742,False,d87767e09ae3c0a7,e9385502619662a1c236b66b909d7d7009496b14c73786eae4396f0db98fc31e,3.0206174850463867,normalized_original,opentts_lada
3.752,2.4475886821746826,2.634648084640503,False,8de6fd86720527cf,cf8e76d33a482f3fdb06a21e226cdb2a8a9b056600ac9d39e7d74a44d31f6045,2.634648084640503,processed,opentts_lada
3.304,2.7242062091827393,2.4836838245391846,False,0d420c948e3fca43,f5370bb1ee4cf2c49c1b65b132911f1bbecce2a393b414429ce9cc34e8503b34,2.7242062091827393,normalized_original,opentts_lada
3.624,2.601646661758423,2.733757257461548,False,b7c03ad16de492da,cad52e3bee34a8e216bfe2e3c426e2cffe5c78675012e463ef0421a2cc03471c,2.733757257461548,processed,opentts_lada
2.034666666666667,2.8749337196350098,3.0155296325683594,False,0f5525a960cd2733,a70c3427a4a42183c676b21dfced54d08aed0395e5fff0cb7189bca16be45b7a,3.0155296325683594,processed,opentts_lada
4.584,2.588388204574585,2.9364774227142334,False,faefb12a08a739b4,0cdb30d8d35faacec621bb84cf4e4214705ca3651752778e012e218c6b0d1b7b,2.9364774227142334,processed,opentts_lada
2.376,2.5148375034332275,3.119729518890381,False,c0cf2c236786cfe1,22eb2e649c396b8717db843bd24ff2babf442da751344ad9a0aee71f24f22df8,3.119729518890381,processed,opentts_lada
2.6,2.862861156463623,3.0992772579193115,False,a1cc283cf940e383,6f8e3d5f7b556cdba0757507d11e840a6c964e73b17e3ae04e7d0352ba518249,3.0992772579193115,processed,opentts_lada
2.3973333333333335,2.087455987930298,2.6068098545074463,False,23c007617141ed90,38a86e41d92953c126c1d864d8760ee78e196d49d84b2c4c95c452bfa81cd379,2.6068098545074463,processed,opentts_lada
4.626666666666667,2.929255485534668,2.8730154037475586,False,812f332833a170a3,5e251bd17f2f9ae9fe1443ed6d34cde5a0253d665cec0c038f5b7abdf56ffa7d,2.929255485534668,normalized_original,opentts_lada
3.005333333333333,2.6576476097106934,2.2765073776245117,False,fac6abf113898efb,a9ffb18fb0d13f52524e2c24e98b7c1fbdc9c5f7361a2d7063f7008a54e1d190,2.6576476097106934,normalized_original,opentts_lada
2.2693333333333334,2.9110023975372314,2.6880781650543213,False,e9a72a1613b465ae,0ca0f73de37ddd48db9d38fd631e27685aae3d0e8b0a0a3ffe3cff6a2b64733e,2.9110023975372314,normalized_original,opentts_lada
4.925333333333334,2.791900873184204,2.69852352142334,False,3370cc314324afd0,9925acfaf1cfa5f1095ba9c3c9664418131983b7dafa0494cc7c8efe35daa13e,2.791900873184204,normalized_original,opentts_lada
4.157333333333334,2.722580671310425,3.342473030090332,False,ec2af6a0a797fee2,001b735e050a23daf61eea87b1905a1b511d5c2e11df7a0753762f8d87b81884,3.342473030090332,processed,opentts_lada
3.272,3.051987648010254,2.833198308944702,False,5f9e3d1b5205c791,29c97990a05a70257f478d4594a2d0a5396479910a12ce0e2231158d2493768f,3.051987648010254,normalized_original,opentts_lada
2.344,3.022814989089966,2.1971874237060547,False,36d8c7ae4a7d8fcc,9c9c180ad590aefc327ff4bff8ee2b6c8a1663e81efb0fcc246b127cbf240d47,3.022814989089966,normalized_original,opentts_lada
3.997333333333333,2.48366117477417,2.4235479831695557,False,5d9cc95c0c3b48cb,bf9daeb5efdc6abef3f4ac8c3e1624ce22f6ae5eea239cc75e2076094798f21b,2.48366117477417,normalized_original,opentts_lada
4.594666666666667,3.019239902496338,2.6714060306549072,False,a7cd21518394e414,81cf4ce7f37c29984d72f7c8859eaf5d2abc60d732e4f192f46e9c7716334c04,3.019239902496338,normalized_original,opentts_lada
5.725333333333333,2.4369444847106934,3.2764041423797607,False,8398aa249a64e7dd,3cd0a161f7328be72aaf9e06e15b60b379973a0275d3eac4293df576c978b601,3.2764041423797607,processed,opentts_lada
3.2506666666666666,2.7756948471069336,2.7617814540863037,False,8fe3928a78329cf5,f247c8b83b4093617de5fed8d45ed9e93a6b4745175035b1e515eec9ee73db85,2.7756948471069336,normalized_original,opentts_lada
2.0773333333333333,3.2747244834899902,3.335259199142456,False,89af8e11c37988c5,b60b2a4b77f9caabe4970cdbed565f91cc0d85c82d3c43441f44378e4de5a713,3.335259199142456,processed,opentts_lada
3.037333333333333,2.6569809913635254,2.7916696071624756,False,37660310fa3b4d6d,34a03b18e998bca0880add6f26811aff791943564bd4c80bfddfffb1ab938ca1,2.7916696071624756,processed,opentts_lada
4.1466666666666665,2.392634868621826,2.765676259994507,False,ae86e1b727ab4994,0deb7e07f5755e8578b8b80749899381356c10e171a332aaf5eac0ce806795be,2.765676259994507,processed,opentts_lada
3.005333333333333,2.7516777515411377,2.934032678604126,False,c23113a06a84767d,b41f28cf88c298345f2938f22820cd2db663f3edf6c3e4e674c16399bf5131ad,2.934032678604126,processed,opentts_lada
2.248,2.6579558849334717,3.061220407485962,False,2e1312c52e3a30c1,f7061bd5ba1d865551048a12940c254314ab938b9e4d1b96d867848067d62a94,3.061220407485962,processed,opentts_lada
2.696,2.814406394958496,3.1071674823760986,False,cb52983eab2b2756,5ad34fdd857d06bef96fb49d8fda8f4e625970359ef15f4218e39b7a361348cb,3.1071674823760986,processed,opentts_lada
2.984,2.5662856101989746,2.7892069816589355,False,c136c6d30b2df2ce,d92a89bebdf51dc98a2ed8a998bf8fa70c0eef2fa18335d1f72258300bcbdfa0,2.7892069816589355,processed,opentts_lada
3.965333333333333,3.0786969661712646,3.355015277862549,False,b4e8a408cefc180c,061cc899ef1a4d1ddd427ee142021c90da690511243b1c35ca6cf5a027956683,3.355015277862549,processed,opentts_lada
2.8453333333333335,2.870018243789673,2.8284473419189453,False,63b846f0797232dd,5086bfad95a7092b27d890c3425717ed6c0f6d090bbe612bff95f5308798743d,2.870018243789673,normalized_original,opentts_lada
3.7413333333333334,2.6977927684783936,3.2101054191589355,False,8572e866f1dc645a,c490cb70ec62afe84c9ee1615d0f380f65b9a7b9c7374cfdd37bc33b716d2403,3.2101054191589355,processed,opentts_lada
4.772,2.236609935760498,2.841456651687622,False,b47d33d39090f18c,02dbc0566d725975a9a6dfcf2a0827eb6e5a182681554de0028a09bf7f25c436,2.841456651687622,processed,opentts_lada
2.013333333333333,3.220158100128174,2.5376803874969482,False,ae7464dd19369d7c,5ce7df9472017af28e478fa79873b6055df54e7776a238f9ddc61ddbfac82adb,3.220158100128174,normalized_original,opentts_lada
2.7706666666666666,3.025678873062134,3.4885833263397217,False,1392e9cab03d35ac,54780393d7293c50ca673d812cf149238241e9b37ad1dcff33ae3b0031231f3c,3.4885833263397217,processed,opentts_lada
2.7493333333333334,2.7412703037261963,2.5760231018066406,False,0d8baee843210a93,660c4221e804b9a9561911b872852a2126cf47fa64de8e5c1a468df1d9ed3f83,2.7412703037261963,normalized_original,opentts_lada
2.013333333333333,3.113053321838379,2.8819782733917236,False,8ef25dfa5c938f24,418547c0ac355caa50f2a123966ea82176f5d416f00dfdeeeb2f843df11caae5,3.113053321838379,normalized_original,opentts_lada
4.04,2.3840408325195312,2.976696491241455,False,40ca8ab75d42caf5,b96a6a63389c929ec9a76cec0dcf26e2d0baffc77449797b0ea57c00799f711b,2.976696491241455,processed,opentts_lada
3.592,2.9202654361724854,2.810495615005493,False,c3a385cebac82c87,a05d4ecbd9cee9ad06017daef8547e1a6f7d978e1fa9805714b10c46f706cee3,2.9202654361724854,normalized_original,opentts_lada
5.714666666666667,3.5392658710479736,3.537775754928589,True,50b57b7a80c645f6,118c08719f832935cea2c57b785dd12cc10d49bf268d05c2128482c5813b5db1,3.5392658710479736,normalized_original,opentts_lada
4.232,2.677107810974121,2.7881641387939453,False,8050544d45d48e02,6692c07e81658dce2709f72046aed2f18ad3cd6b50b8de4d75f3bb2dea751d2b,2.7881641387939453,processed,opentts_lada
2.546666666666667,2.213641405105591,2.0824217796325684,False,f1a3a5a7e7156e30,c86756079d9bd980f8c4bf6de00402687c761ba3d46a08a22cc609f029fcf34f,2.213641405105591,normalized_original,opentts_lada
2.376,2.5670840740203857,2.6402158737182617,False,367cf4190991df76,7ae1bdaef8632fbe2e42b02ad1d762a5914f1ad0fc25acfc42112c8d20be7f7d,2.6402158737182617,processed,opentts_lada
5.032,3.1143062114715576,3.3512587547302246,False,38f52c8e92c8c314,7a00a14a32c0950b3f2a4d845e829bd7f348d72f4eb7b97ec165e10902a4200e,3.3512587547302246,processed,opentts_lada
3.9013333333333335,2.49690318107605,2.8263115882873535,False,9563831fae486725,a01f3f2171846ba87e170cba235d95c7c5bde8402341e5303ac77376eea6a4c2,2.8263115882873535,processed,opentts_lada
3.421333333333333,2.729703187942505,2.8440439701080322,False,500da6c2d85b4239,87eee07e71ed0f31e2f743bb616395bf43cdc1dc4825ae53bb3c38baa34ff1c0,2.8440439701080322,processed,opentts_lada
2.9306666666666668,2.373598098754883,2.4938738346099854,False,6d435c25ec88193a,759cfa3ad5f6d39cb666aa2afb2805c1e0fc3460930e137339772f8047238660,2.4938738346099854,processed,opentts_lada
3.464,2.47798490524292,2.467341661453247,False,754d3aa83fff6c31,19aac44d17766914802cae2724f29113b98c73f402728ab5931d08ccce667914,2.47798490524292,normalized_original,opentts_lada
3.8586666666666667,2.4917824268341064,2.9383888244628906,False,c6033c8f5d1b61f0,a6ab413f4bcb31c2a69485e2121b53172c8786efc9aae5d02df9dd3e4aead1d3,2.9383888244628906,processed,opentts_lada
3.464,2.867814302444458,3.051222324371338,False,4115fa4f711a73c3,9901f67462d9fdddd87daa50d5d135e55aa0d8276d825a9935f06f9662f7c31c,3.051222324371338,processed,opentts_lada
2.546666666666667,2.9705286026000977,2.671402931213379,False,22aae211e4a9f6bb,7ed346595edcce4b6c2727c6097d0788c8108d8a157d85fbab2f44dbf176343a,2.9705286026000977,normalized_original,opentts_lada
2.8453333333333335,2.526341676712036,3.0283913612365723,False,afcd21da27e9d366,5877e0cb81bbc5a25ee95aff6a7d1040aa6aac2f831b2cc7a9501fe2ea6e81f2,3.0283913612365723,processed,opentts_lada
4.882666666666666,3.015390634536743,3.029299020767212,False,2cfc2221e4930a13,6eceeef0a1c983dc5ca66b1fa947b673fca865bf6b13feaf3f810655c2286bc7,3.029299020767212,processed,opentts_lada
4.082666666666666,2.65545916557312,2.8751819133758545,False,60a88bb5a86a6769,4f8f0a4d76c0ee17f33714b1fc0b453d206a314f3d4751b344b299b7d6412740,2.8751819133758545,processed,opentts_lada
2.12,2.833158016204834,2.8048486709594727,False,993562ae800f5241,7a039666f300a081d81827e59ff30fcab3134bef2a9b443a6d09874933cc2a12,2.833158016204834,normalized_original,opentts_lada
2.6533333333333333,3.3349874019622803,3.863579750061035,True,1638d7672e185d8d,314abb3acb139e8943199bc82e7522c80bd51e80d24fdb2f7438be4445b6987b,3.863579750061035,processed,opentts_lada
2.2906666666666666,2.9470183849334717,3.1729347705841064,False,e54cb0321b792fb3,95e20abd9c4ab8cc9f68551d7deeafe41ca3c6939fe58c96de603690b18b5a2e,3.1729347705841064,processed,opentts_lada
2.248,2.402339458465576,2.687138795852661,False,d2ce58ca31ea83b0,a1b112cef1f8eb3ed56d5b0b5ae6d8075cfcc2aa670f2567c88aaaf157cdc9ed,2.687138795852661,processed,opentts_lada
4.690666666666667,2.6028761863708496,3.2559473514556885,False,5304f7031602317a,e7e362ac9ba56a80323161bc39f90cd776b38ac0d1b3db135292bb699005559b,3.2559473514556885,processed,opentts_lada
3.6453333333333333,2.850219488143921,2.391608953475952,False,6631f5ca7fe6482d,7fc68f16785dd941a3998956f3ffb61f24a404dc36e4e1b1d8b96a91e14d2fbc,2.850219488143921,normalized_original,opentts_lada
3.144,2.968301773071289,3.294187068939209,False,3ffe87a8fbd2ba55,22a57fefdedbdbddc5732e2c9320728d7b78ce53769d274e22c4f7f33bd07df8,3.294187068939209,processed,opentts_lada
2.2693333333333334,2.34110689163208,2.976811647415161,False,d97c3ffd13bab92d,dfcbe82301a8f1452aaebf8c4df8557958ce11d279d6570e44c0e9c884a28661,2.976811647415161,processed,opentts_lada
5.384,2.9497804641723633,3.074436664581299,False,e9811b7c2ddd4e3b,8db9af8e37042fff6811e52e70ec884fc13401ba0c0f05298b29394c7f8f28d2,3.074436664581299,processed,opentts_lada
2.4506666666666668,2.9135735034942627,2.913318634033203,False,db9a783efaeefc90,ec60a66c29049ea9942cdc7acb413d64f5a811c95f36dbcac426241ae8c22f0f,2.9135735034942627,normalized_original,opentts_lada
4.04,3.201554298400879,2.8148958683013916,False,3faa153457aa9053,8d1df32bab031009dfd35091f0c369c0c9899e93f916c2f489d77e071ce36153,3.201554298400879,normalized_original,opentts_lada
3.4426666666666668,2.8372304439544678,3.0505642890930176,False,0b791c8fee95553d,ae030b38dbddf6639127623e6992bcf3cceee40b2721c395dc4c4ce27b362c0d,3.0505642890930176,processed,opentts_lada
3.517333333333333,2.974384069442749,3.6838765144348145,True,e951bb2bb584ed3b,30cdfb8bf31d63dd0aa292a58d42111d3a3e1e32043caeb5e7ca21ebb53c1a8d,3.6838765144348145,processed,opentts_lada
2.6853333333333333,2.64719295501709,2.947248935699463,False,de17a05f28fba27d,5ab763cb4c4c2bb5ff6186ead75c1f50ac89bffea085216319de2d38611c0c78,2.947248935699463,processed,opentts_lada
4.168,3.142207384109497,2.9983465671539307,False,a46c4e3dd06a9aaf,d6bc26f71395e9441854a75c223cc2229a4bad7b4da7c06726da0e19bf8b3817,3.142207384109497,normalized_original,opentts_lada
4.349333333333333,2.737626314163208,2.8707761764526367,False,3239037655f3c62b,82018881b7078e49f52df7bd96a4a6c16f2b420edf1bcea0973332ceacf4b5a8,2.8707761764526367,processed,opentts_lada
2.066666666666667,3.305882453918457,3.1638333797454834,False,0926bee71f6de28a,de8cdba63101e1aa262ac61ca45229d30eb4f9c5b1451bbf524463f5a082e047,3.305882453918457,normalized_original,opentts_lada
4.072,2.8537819385528564,2.8630292415618896,False,15216fcd52dfed59,04535a25c1b3fb66e9008ba4ab0f925f55c37cd10b56db3f84418d8fa49372a3,2.8630292415618896,processed,opentts_lada
4.264,2.8310368061065674,3.3544185161590576,False,b2d2f9b372cebb9a,6b0ac9a9ae8e8a7658e16cc601932f2e4c273321c8b200c929240db5fabc9fc4,3.3544185161590576,processed,opentts_lada
2.1413333333333333,2.4145264625549316,2.2261295318603516,False,6a7781dfa09ea82e,32c335e104d6e3be7100dfbe3fa8a47c97acdd5949a1703d5172f8422c4066a2,2.4145264625549316,normalized_original,opentts_lada
2.184,2.943262815475464,2.9842052459716797,False,1f0ad04adc6756b7,2874cf1279ad24ee0eb045eac9631ee7a4a663336280cd7861cd851e1e201bc2,2.9842052459716797,processed,opentts_lada
4.093333333333334,2.2904934883117676,2.8461878299713135,False,e576487c8a8d17b7,6e15850ca1fa8bb45ef5e70d11e5b0475ea5937ffcc413549b71749e15721a67,2.8461878299713135,processed,opentts_lada
3.4426666666666668,2.9552953243255615,2.9646787643432617,False,c38700278b6b82f4,a89cecbc44b31b40905ec65c59f962141429d67b5688f23a9f67c3df2374d4d0,2.9646787643432617,processed,opentts_lada
3.005333333333333,2.5356271266937256,2.6961212158203125,False,d93fc4c98890ebf0,6f1bedd2b1d72759efa720691b4b2a59fa8f94fecf99391c36f03647912916d0,2.6961212158203125,processed,opentts_lada
2.664,3.060781717300415,2.7117884159088135,False,f7e215626f22d612,02fd4cd0b13e0f3143cae82d6235116095d78c74427864451f90237551bc96d8,3.060781717300415,normalized_original,opentts_lada
2.9306666666666668,3.0761592388153076,3.142549514770508,False,f03f962b4c44f815,6220844290b7f641d8170f6c0061617b5cadaf13d01ac44170bb267adabf377d,3.142549514770508,processed,opentts_lada
4.221333333333333,2.399167060852051,2.4373724460601807,False,eb744d66547433cf,05d8d66da2874da2e38d97894003d0aaad0b49f86c0c2228f2181dc173820182,2.4373724460601807,processed,opentts_lada
2.024,2.844712018966675,3.0650811195373535,False,cc9834c73af666b8,7b6c51a73ec4091f5bbb9f41cb95c92eb2305dbdcb90b4c53cc34038b67d2c6c,3.0650811195373535,processed,opentts_lada
2.6853333333333333,3.0520987510681152,3.870335578918457,True,346d44fa77ff8baa,6a27ecdaf32c09a126f4e194d0371c284f30b845c5a70439691a661daf995cd9,3.870335578918457,processed,opentts_lada
2.632,3.2606680393218994,3.321925640106201,False,fd4fada003f9d13c,b72498e79a9e567cc1473dfc1a73fb0443a048201352fc70172f29df66594810,3.321925640106201,processed,opentts_lada
4.157333333333334,2.7886786460876465,2.7619965076446533,False,b77683880022388b,c00a2383c98acf3e8d22698d782dc679d0a1ebb2d76891df63eb6a3eb8c9145c,2.7886786460876465,normalized_original,opentts_lada
4.349333333333333,3.063661575317383,3.0331857204437256,False,ceffff0097a3c337,52fe2afa6a8557a72f61c55d28b3cca57407c47e3cb4b12941dc27b9ec8d452b,3.063661575317383,normalized_original,opentts_lada
2.9053333333333335,3.9470248222351074,3.4008145332336426,True,d9142a1825f6670e,e560ba92534cc3d52b3696678f1641c10d94de51ce1119bad2b3e496a8654d92,3.9470248222351074,normalized_original,opentts_mykyta
2.514666666666667,2.5461792945861816,2.6248092651367188,False,58a476fc30599f00,ce930a6f106985680749d14e801e7cd2293ac8927e4aa04cfd914f8d1ba41b60,2.6248092651367188,processed,opentts_mykyta
6.6546666666666665,3.9385786056518555,3.7117650508880615,True,a873e806b8130af9,3029a7e7863f0be8458d8238e6d98cc88b2231ed7d80caad2e31040cbb076b46,3.9385786056518555,normalized_original,opentts_mykyta
6.109333333333334,3.5968220233917236,3.294949531555176,True,46aa2e4062987a5d,db4456e690905fa5c039f530b9c1d04343247fde279c27e77bb720e3d97c9457,3.5968220233917236,normalized_original,opentts_mykyta
4.253333333333333,3.5831644535064697,3.4915740489959717,True,3a2012d91c2c6df9,45aae3634423dae027d0e997582de2e515edac44e040ed5b64bc33c7bdd6d56e,3.5831644535064697,normalized_original,opentts_mykyta
4.584,3.3714067935943604,3.651214361190796,True,1853fc4b9f791b61,79522df58a5ac96fd3c60f3c99c40127756ddd9835b74f32408353d3c2acdc0b,3.651214361190796,processed,opentts_mykyta
3.6026666666666665,2.9230403900146484,3.3765697479248047,False,1f1ae89bb0ffb8b8,ea08b2dc9be7f970232d4676333d6f323f6add3d25bf39e9bc9b582e150af0a7,3.3765697479248047,processed,opentts_mykyta
5.469333333333333,3.5276224613189697,3.736896514892578,True,11a93ede4910d3dd,be0ce23fcd1ee96cb78741e162bfe0822d16c8ecbb52ad45a32d232fbe2384d5,3.736896514892578,processed,opentts_mykyta
3.2613333333333334,3.1620595455169678,3.7426555156707764,True,93bfc7f74dde98e1,909897a59a343f84ef09e3d95ba9d33a576f33787c382b9097abe3812ee09b2d,3.7426555156707764,processed,opentts_mykyta
2.034666666666667,3.9810101985931396,3.7673048973083496,True,c227e2b3fb38f248,a56a0d14a770e9c8d446f132a15d2766353f7e3a82f40389d975b01910f72543,3.9810101985931396,normalized_original,opentts_mykyta
2.312,4.2490620613098145,3.828179359436035,True,8e1d3dd1aac3927d,28e53dfc63556b5532fedee420c18034009d25a193c52e14e877adf455883f05,4.2490620613098145,normalized_original,opentts_mykyta
3.6026666666666665,3.477491855621338,3.4114904403686523,False,26bdebf13abce380,a631040253ff5c29e32baaafb58f5b9d57a223793e1be6326b17a1c07f974f60,3.477491855621338,normalized_original,opentts_mykyta
5.149333333333334,3.8629965782165527,4.083901405334473,True,068c6b39972a03f6,97af48ac4fef8f0e427e79f8d24a9ef728376172552181105044bca832aa4efb,4.083901405334473,processed,opentts_mykyta
2.8626666666666667,3.359266519546509,3.2177085876464844,False,33d5751b554e65c1,9d40eff374efcd7aa9e10eb9b885f97a65a62dcc3ffa8f771405438c3e5585b8,3.359266519546509,normalized_original,opentts_mykyta
4.04,4.256494045257568,3.6800482273101807,True,d411f0cb05023318,c0ba6bdf31fce87e0a6637e85dd8a6a2068e343a07bd2a7e15876b3b79dde1cf,4.256494045257568,normalized_original,opentts_mykyta
4.1466666666666665,3.4780027866363525,3.990650177001953,True,83e20366aa3cd58e,8bc2ee9e3e12aec785b32038c519c1ebe79a9931410e28973a6c2cd4ef999750,3.990650177001953,processed,opentts_mykyta
3.1866666666666665,3.8922932147979736,3.723738670349121,True,0fa020189e7c14d7,ac809ca2e0ae7f03d5c173e614395b9875eb4eff9f0fe233b6c5d961612147f0,3.8922932147979736,normalized_original,opentts_mykyta
3.2293333333333334,3.927783966064453,3.4016923904418945,True,b218e5f5481f2829,67d7c649590e97a26b5f5e156317c1a3ad0e0826e8c186159a13e46a7efba35f,3.927783966064453,normalized_original,opentts_mykyta
5.533333333333333,3.310177803039551,3.751340866088867,True,893ac17a096d2adf,b9c25e8091c4de08cf1aaaac1d6c18f12ef39a2af0e93f833521846b521c62eb,3.751340866088867,processed,opentts_mykyta
3.8906666666666667,2.8536570072174072,3.4982824325561523,False,8683742dfe90c138,efdfe0842eeb04158718335841477a66e1829bb00bc54dfe6620b62ecf249158,3.4982824325561523,processed,opentts_mykyta
5.448,3.662630558013916,3.594223976135254,True,cab9c4d164655544,e7baa66272ddb17e0aed53ce258c7ebbe315f0489522cddf6dee1f57b45ec51f,3.662630558013916,normalized_original,opentts_mykyta
5.256,3.0720815658569336,3.3563804626464844,False,71f0271b5dfe44f8,d24ebf15af1e58a620317ca8eafc747867709efa9034a4dbbdd07925fcc0059d,3.3563804626464844,processed,opentts_mykyta
5.501333333333333,3.653618335723877,3.371976613998413,True,d1b2cd8e8e3b9e91,c9c043f750495d896df9ca06f5a5d6285a2b8c0ddeb642bfa69bd35073adf34e,3.653618335723877,normalized_original,opentts_mykyta
2.1306666666666665,3.057570457458496,3.3703720569610596,False,6057d3ad2ee84619,fb7b5cb904c1a889c321a29e77ceda9467eb32c3f7c4f1fe878088a2f3667835,3.3703720569610596,processed,opentts_mykyta
2.7453333333333334,3.7637569904327393,3.3985583782196045,True,e482532f1c169286,9b11dbe3cd5fcb00a80aeb5eac4868ce1f33d731febf77ed32468e64be7cfa34,3.7637569904327393,normalized_original,opentts_mykyta
2.28,2.662398099899292,3.3284690380096436,False,b60e2ca45d3ebc8a,12adf0a1f42e3d386de8f517041853ad7a8c54a45e3c5098b7cad2342170e1b2,3.3284690380096436,processed,opentts_mykyta
3.6133333333333333,3.833052396774292,3.624973773956299,True,af8eeb0bdaaf6faf,05aa66420bcf3acbe48ec641a1411702d11210d78ba6e3b7462fa95953f3fc5f,3.833052396774292,normalized_original,opentts_mykyta
4.5906666666666665,3.5852603912353516,3.418276786804199,True,38f2f5441396d96c,c13f90ff9adda4edb46e800294211e6ed345c17141cfdc6857b4ff8988acfa2d,3.5852603912353516,normalized_original,opentts_mykyta
2.7173333333333334,3.3005940914154053,3.7910830974578857,True,d944b26bf4c847b1,dd062ceb58302f303734aa2f64d2ae5ca654a18db620a618ec43e5c75683d598,3.7910830974578857,processed,opentts_mykyta
3.18,3.2938191890716553,3.6051807403564453,True,bb95b943aaeb4c5e,b613658c63798be88ba67f2fac5e09a240566795c53b3e73e40cfdd860c716aa,3.6051807403564453,processed,opentts_mykyta
2.728,3.7106423377990723,3.5469064712524414,True,ce673f8d30ab8f12,382ba36d98d467a97cd99f5d5ada4630fb4ca65c3ccb05154554159aaf17e94f,3.7106423377990723,normalized_original,opentts_mykyta
6.930666666666666,3.2018563747406006,3.5020627975463867,True,eb7ee2068c5040e2,8e9386ac93918d85ed47f11e1730f34b753112e6f567477ee71561297497e0d8,3.5020627975463867,processed,opentts_mykyta
2.3653333333333335,3.322909116744995,3.538174867630005,True,650a0b090c1c3aa2,c5c19a2d29ff2df90a55f6ff1f8ca197faf52976af5bacfb461efa34ed32678d,3.538174867630005,processed,opentts_mykyta
2.493333333333333,3.618905782699585,3.754462242126465,True,54128cb05339f5b0,c9d990625407a00f09561db82d652cafc273216116d7b74dc09d3ffc9109f779,3.754462242126465,processed,opentts_mykyta
2.2906666666666666,3.3708317279815674,3.4181079864501953,False,cc5d36cab9c23040,ef83ee606f9d12b8e28f940b316464cda39e3318224102f5443cdb1f78564246,3.4181079864501953,processed,opentts_mykyta
5.48,3.8262598514556885,3.287977933883667,True,89a174d7aca41048,e4e0a5603be1793823607cf6732fda62b27096547ae6387b73e4e5721c9cf911,3.8262598514556885,normalized_original,opentts_mykyta
5.768,3.554471015930176,3.863839864730835,True,40710901d6cb8262,2824d8ae2f24a461f1078988345a10a7d447d160a8d68b1e95ee064c298db9a1,3.863839864730835,processed,opentts_mykyta
2.82,3.8944480419158936,3.632563829421997,True,ec6d1dbdf3184832,8f9a2ce006906d91129ab885a7260bc2895cb1f5eb38d621eb63effddefa7558,3.8944480419158936,normalized_original,opentts_mykyta
2.6746666666666665,3.7637293338775635,3.9344420433044434,True,9a04b60abe51ab96,5e8e845c31c7654777f683b2fb1edef0979910348ab467d1f8b9930e0dc29f39,3.9344420433044434,processed,opentts_mykyta
4.210666666666667,3.7822842597961426,3.873263120651245,True,1020265fb84912cd,deb73f26686410a4321d98457653510bb3c6f2d03f8cd6ae124c200ad8b28bb6,3.873263120651245,processed,opentts_mykyta
2.376,3.449084520339966,3.5502068996429443,True,28cdbef953fe3a3d,aadc41c7c13d529f935a57ecd90c4f150366e020f9f811412e724ef5dc95c0f8,3.5502068996429443,processed,opentts_mykyta
2.8666666666666667,2.9738569259643555,3.1681113243103027,False,816a74e16fd172b3,b4d67362995d935d80d9d34f536391ff135ef11f6d19b0c759fb897691d7267a,3.1681113243103027,processed,opentts_mykyta
4.445333333333333,3.955979824066162,3.6068899631500244,True,3ae6136844cf3860,377cc9814ab567caa15c1bdeecc36478f768e0d4febb9f1094780ad663c7035f,3.955979824066162,normalized_original,opentts_mykyta
2.4506666666666668,3.4610588550567627,3.828733205795288,True,45c74b66f4e52208,b21e057a7584581a0b2fd63dbbe4f8fa4922bf605317d94981ab22e10a0512c6,3.828733205795288,processed,opentts_mykyta
4.84,3.4065611362457275,3.4798076152801514,False,24853fa87a94d515,60852da674ea1160d0eb291dcd36d6a30064aa321dc25e299838a9d75f9e8b6f,3.4798076152801514,processed,opentts_mykyta
5.96,4.005609035491943,3.7515087127685547,True,ae9b420e7bff1109,2f096fac5740c128a7aa69a9033e3b29722ce6f8e04c0e582d55d25951022812,4.005609035491943,normalized_original,opentts_mykyta
4.392,3.544545888900757,3.6902263164520264,True,665b5819f3675c27,175233d72bd8ddcec35c4f6a8a8e4efaf144ccf5305d367bb8e3527cabbc2fe3,3.6902263164520264,processed,opentts_mykyta
2.521333333333333,3.5903406143188477,3.389615535736084,True,8d75b459ab38ab77,3f9fdfc54f77e872579b790e62dd574941a83d51b2cf7818e1e9f5b7f291a50c,3.5903406143188477,normalized_original,opentts_mykyta
3.66,4.072696685791016,4.004103183746338,True,d9495281ebad598c,276c44243adfd45b98e0d2bfc040f8e42a699fc8057759e6ddfa1367f099e3f5,4.072696685791016,normalized_original,opentts_mykyta
4.584,3.6597907543182373,3.739137649536133,True,702d94d54b2de6ea,43eef95998be1e8b51a9ed715ac5a395202552c2f26ddf2fe5ccad0c81db194d,3.739137649536133,processed,opentts_mykyta
2.28,3.9723610877990723,3.5028741359710693,True,759503caf060248e,14e5af14b0023b4920acc2a5af6d07f8154d6e15f83d9d661cc06f151447ca20,3.9723610877990723,normalized_original,opentts_mykyta
5.96,3.1317121982574463,3.4819071292877197,False,9aa6e3a376121857,8e1f2ecb310027dfda00f2178727590371da609d161365eb11a1dc951716a91f,3.4819071292877197,processed,opentts_mykyta
2.2906666666666666,3.3398685455322266,3.2915263175964355,False,6eb6a11b059b40ed,154d8351d62c58b9ab22bbd15bd546b8ee9da247eb3ae96aa6426ffbde8d84a2,3.3398685455322266,normalized_original,opentts_mykyta
7.698666666666667,3.911489963531494,3.90923810005188,True,c3d00006e0bfca7f,1ef78607949e1c46ad3051a86593ae2fa79af2471fab3be1011df1e4c6614ea8,3.911489963531494,normalized_original,opentts_mykyta
2.962666666666667,3.9692492485046387,3.5306098461151123,True,172b480844041235,717575142ce277f9d48d99be94dc6ff2e92085f83a0a7f8dd9c1e7382b1780b6,3.9692492485046387,normalized_original,opentts_mykyta
3.965333333333333,3.526132583618164,4.06969690322876,True,3e5148008feaa9d6,e42300f7681d03ab8518ce9b9212e494df532efa9385fedca7b64e582b404a10,4.06969690322876,processed,opentts_mykyta
4.626666666666667,3.4073991775512695,3.613187313079834,True,779b30fd4a6ef945,29a4a571145ce12e144a4cdac839dae2cbbdcae2868ad463af02bda66006a04b,3.613187313079834,processed,opentts_mykyta
2.2266666666666666,3.8797550201416016,3.5650973320007324,True,c2022c0fb7fb3cbb,79d5949ec353943d82a8df3452b05c25145616781066ee2e25d6704b390b7719,3.8797550201416016,normalized_original,opentts_mykyta
3.8586666666666667,3.87092924118042,3.6831777095794678,True,0e70b22afd9d6907,4fde0d394bb291346eb41fe7d052298e3084ab217c138b4d3b578164a12cd5bb,3.87092924118042,normalized_original,opentts_mykyta
4.328,3.802877187728882,3.571568489074707,True,0b4fcd3172eb7286,983bb702544de7abc83a0f23938809deacf3e4f81a0bcdd93910370871363d8a,3.802877187728882,normalized_original,opentts_mykyta
5.6146666666666665,3.6020960807800293,3.3372862339019775,True,b341789359dce578,c850b73c9abc8ebeebc426ded6a2694d4b7d200765bab77d7fefb9098b08270b,3.6020960807800293,normalized_original,opentts_mykyta
3.521333333333333,2.910125732421875,3.603419065475464,True,56af01b39e804540,792fa2b6ef1e3dcb8d532a3666d2b739c014feecf42e90b6f0d5912a1d855be2,3.603419065475464,processed,opentts_mykyta
3.176,3.8762781620025635,3.6880688667297363,True,08cd68b8108e009a,b11aaf62aafa97c29bf733529dcf580b7ec670df469699a8061987e3bb6aa5cb,3.8762781620025635,normalized_original,opentts_mykyta
2.0453333333333332,3.6991889476776123,3.5480778217315674,True,1225dbcf200ac14c,00b6c4a8d5441889f9714a59f6542ae0b2ab9cf58e614e4ce0af4d6348234025,3.6991889476776123,normalized_original,opentts_mykyta
6.538666666666667,3.1856396198272705,3.6282804012298584,True,7faeadec8c57496d,8d41cd665868baea61aeae095a1051474e958517e345f0f815c198239cceca70,3.6282804012298584,processed,opentts_mykyta
2.152,3.632511854171753,3.744765281677246,True,fe82a6bad6876302,af1908f209740b884db14ce0751c984abfbd5c5a04fc7fc870fcd45ac641361f,3.744765281677246,processed,opentts_mykyta
4.018666666666666,3.695244789123535,3.2590270042419434,True,857380e9a1187eb1,a361b0c03259e2460715fdcc6d35ded7f0571beedf63439a4fdc2bd1011f9589,3.695244789123535,normalized_original,opentts_mykyta
5.8533333333333335,3.2030556201934814,2.9898736476898193,False,460b4d2feca22ce8,2c01ff1ae3e22783b64f726e5b4f88d10a256fed52dc548b4d48f4ec428a6522,3.2030556201934814,normalized_original,opentts_mykyta
5.597333333333333,3.2057440280914307,3.101228713989258,False,b62f01cd9805b14d,9accfca2bde1246ae0767114d44c47e7cd1021f5861e3a7b7e1b24841687ae13,3.2057440280914307,normalized_original,opentts_mykyta
6.770666666666667,4.191354751586914,3.5895168781280518,True,f4d8e81a756dff64,26f6e8f72eeb011fac502bfacf019e5a95792f6d7108352c6d6bcc5b7dd84ac5,4.191354751586914,normalized_original,opentts_mykyta
2.1946666666666665,3.708303928375244,3.417909860610962,True,146cb3c3efe048dc,ec3caf7ad5036ac5fea70ca65af8ce7905e4511ae61cc2daf7485198eadfbc70,3.708303928375244,normalized_original,opentts_mykyta
5.128,3.558346748352051,3.530210494995117,True,24653ff6f29be580,c6e3492c8e06ce9dbb666c7affa168ed732ccc87e07bb88b1a19f0462462c1c9,3.558346748352051,normalized_original,opentts_mykyta
2.504,3.8814821243286133,3.4030532836914062,True,9a1b36f9c0d29651,f46cb5c1fd1e5c13b408411f69048dac19e12d35b49dd842f157b595cf8f0c6f,3.8814821243286133,normalized_original,opentts_mykyta
4.925333333333334,3.005006790161133,3.292839765548706,False,e60157d50f82490e,b49e99c5c4bc7b46114fc25b7a672fc1785c0b7f14f34cf6fcfaf333caff6a45,3.292839765548706,processed,opentts_mykyta
3.3893333333333335,3.8186659812927246,4.024264812469482,True,0ade7737eb81422c,ee3620727e31f5ee35a0491492deeb24db10fb6459c6e4c23f046bebe71d03a9,4.024264812469482,processed,opentts_mykyta
2.344,3.74729323387146,3.764446496963501,True,8ffb075bfd746701,9e25f4846843f0bf436a80376ab2debb94d14144a3fb3172d7c0c2ef3507836f,3.764446496963501,processed,opentts_mykyta
2.7173333333333334,3.1638176441192627,3.345341682434082,False,106e7c8fab0b530d,6421f04c82341ab7f626f907bc6b65584c959195e6e03b542361b123e91e0084,3.345341682434082,processed,opentts_mykyta
2.3546666666666667,2.7665209770202637,3.935412645339966,True,ce0ee1553b19271d,4e025e19dfa4b0ee975a91c7eea8109c4bdc301e55281ca51f676349f164b4db,3.935412645339966,processed,opentts_mykyta
2.0773333333333333,3.956861972808838,3.5075137615203857,True,31d99722613515de,8da32818cf370ec417ad74a73e486624f85738be6f3814a8f3bf1794bd7ef9ec,3.956861972808838,normalized_original,opentts_mykyta
3.570666666666667,3.2169620990753174,2.8514389991760254,False,165d7ac4539ea550,866dfa9279f22eb84cecb4833f6bea9bb96a37ddb0611f58c224044182522e5b,3.2169620990753174,normalized_original,opentts_mykyta
2.824,3.252727508544922,3.5305354595184326,True,3e36471d7291de19,d93cdedc7823b3ed38594845cc3b4d8faec701e34e2f544e93b24f486a68f956,3.5305354595184326,processed,opentts_mykyta
4.541333333333333,3.6813302040100098,3.8786864280700684,True,e939d57085d2c25f,bb71f73225ac586ce25492faca2765fd2a4b4f1f0a803f754a70b6d617d090f2,3.8786864280700684,processed,opentts_mykyta
2.9306666666666668,3.179488182067871,3.4207706451416016,False,641f35120a841c0e,71f7465600fc3efb818c21f47fd08a148bbfd2c7fd5ea5bae52683d62d675830,3.4207706451416016,processed,opentts_mykyta
3.5813333333333333,3.3701560497283936,2.968451499938965,False,dc15931f26708709,ca3053412f35156d560b70ff61887e5b488a3159f895392ebf506890693005d2,3.3701560497283936,normalized_original,opentts_mykyta
6.738666666666667,3.298330068588257,3.5583810806274414,True,b464d316ca24d760,5c8ed1d1f8c69eac573bc74998bd93fbba496ab8c6b5859bc341b2f4692513c3,3.5583810806274414,processed,opentts_mykyta
2.2266666666666666,3.1912357807159424,3.121051549911499,False,4c8cc187ea79f48d,5b4d9ce544f6ba517057a881dbf17d474dd3671ebe47530f753703e6a035bade,3.1912357807159424,normalized_original,opentts_mykyta
3.688,3.2827181816101074,3.2732300758361816,False,b9915342e8142107,8ac700d9413148f885310bb94b3825fe17ee17ca9a153d0bb00abc022acb7bf5,3.2827181816101074,normalized_original,opentts_mykyta
2.5866666666666664,3.1178600788116455,3.2963931560516357,False,08e5267f9131bcc9,61368c4144b63bc2ef8c65501146099d40575232f0fdb27aacab3c1e535c03bb,3.2963931560516357,processed,opentts_mykyta
5.341333333333333,3.8438949584960938,3.402506113052368,True,6e78035caa846668,5e2d1ab49a1d3a11c482c45d773ae23784993535282e0c0bc95a85783a6c37cd,3.8438949584960938,normalized_original,opentts_mykyta
2.0453333333333332,3.0755016803741455,2.4052541255950928,False,47ee75a2844099fb,0dbb89b8713573bde654427ad014aed1bdfa9952ada14a75589e57448cc42df6,3.0755016803741455,normalized_original,opentts_mykyta
2.408,3.32301926612854,2.96783447265625,False,c98198390609c516,9b977525f23bb47bd3f18146595496c3acadc54de3db6cee09971145395b894d,3.32301926612854,normalized_original,opentts_mykyta
5.149333333333334,3.912597894668579,3.477565050125122,True,e348d2067b490046,e3fa5d3b94d90a15ea3e4805d700e5cc36e5c17f60e1ec3e12825aac50fd4391,3.912597894668579,normalized_original,opentts_mykyta
2.344,3.305406093597412,3.576357364654541,True,9032257b1f1d3074,1c66750ae18a248b4372055f572e428b79530b3bfd8bef4f35569cc70b8c8bd1,3.576357364654541,processed,opentts_mykyta
2.013333333333333,3.511457681655884,3.5526344776153564,True,b5f32e27533dab40,7e8436463ae9f198a1a26ef0b1dc447bef4a9df1521a4642cd9ccf41ae339510,3.5526344776153564,processed,opentts_mykyta
2.969333333333333,3.0119431018829346,3.819838523864746,True,f023cbba44d138eb,7aa269e55a9498cd54aa2850dd7c152f702c1557477435a448579bf39b34f57a,3.819838523864746,processed,opentts_mykyta
2.2266666666666666,3.001296043395996,3.212148427963257,False,62bb8e5a39453ae3,3b57d1cb18d83eaf869f8dbd095e941acb205cb805ba9e808503fbf53dcc69af,3.212148427963257,processed,opentts_mykyta
4.466666666666667,3.3935444355010986,3.5108330249786377,True,e68afd9ed334cd51,6de1ef7168b58ba7a0458b23fb84a626b3d5aa50a3aa8707ed811111245b2c6a,3.5108330249786377,processed,opentts_mykyta
2.74,3.7776358127593994,3.454115867614746,True,9c159ddda6fb6cb7,72657bc09e3b6523cb27c3776eefdaa5a6a13b9cd5db0625e4fced91ca6a84b2,3.7776358127593994,normalized_original,opentts_mykyta
3.417333333333333,2.862400770187378,3.608628273010254,True,1e9806d17e5573c9,5bc8447a34bb00e850d47986c1f3d68919613183c341049dcddaccf2d2c9969f,3.608628273010254,processed,opentts_mykyta
2.408,3.386378049850464,3.5479681491851807,True,d4352057d9d22eb1,841987799f0b81ee984b134cb94ae036baa714877c8d44c0f4f31c2b360f335c,3.5479681491851807,processed,opentts_mykyta
3.6986666666666665,3.3417837619781494,3.689074754714966,True,69aa62f12d1bb5a3,e794eb320724008a7739ffc3f7140111fb3dcc038f441aef71df6c2ec11b7fa3,3.689074754714966,processed,opentts_tetiana
2.013333333333333,3.905768632888794,3.827544689178467,True,2fddf33762c8114f,a5288bca208087ae773c0c1bb3c54e6c52b8de2ac5e59107dedd39fcf784b9fc,3.905768632888794,normalized_original,opentts_tetiana
2.3866666666666667,3.203136920928955,2.4888181686401367,False,4013357b3fe2c12f,cd6b35e6b29098a787adada82c18177930019253d71a30e197ef1e87e181f972,3.203136920928955,normalized_original,opentts_tetiana
2.376,3.3244426250457764,3.1167356967926025,False,fe953367bcd1e8e7,6bf6ec720e9ba41af22e48ad828ea2bd07ee33b0cc24811406b8f5844c61545b,3.3244426250457764,normalized_original,opentts_tetiana
5.544,3.5915331840515137,3.442694664001465,True,2358d7481f29ecb9,049cffdd412dc5a451ea63e82dc402aef811d25ddc7d61030aedb7ac92c7dc9d,3.5915331840515137,normalized_original,opentts_tetiana
2.792,3.7502288818359375,3.1602542400360107,True,bc4220dedb2b39a0,4547a0914aac706780ca818c2e533058bf6b9d05ac769ade3b40cc43a9895386,3.7502288818359375,normalized_original,opentts_tetiana
2.0773333333333333,3.4218671321868896,3.356989860534668,False,7f83c375a3ce348d,dd5396d88c5f5fc26d390f60d5cd6824ffff6e854f31cf7ec875ca66e4bd44f2,3.4218671321868896,normalized_original,opentts_tetiana
5.352,3.2127022743225098,3.833780288696289,True,b1ea5292bccd0671,0fb5e18184ea371906735904f7d0cced4479e6f586d6809715937ce615e6f84a,3.833780288696289,processed,opentts_tetiana
4.008,3.731288194656372,3.297499656677246,True,88dd01cd49ab14d9,7741a460b1bd4684040b1ef4140ed8fd0e7350a61fdee51723779ec5c49b52ae,3.731288194656372,normalized_original,opentts_tetiana
3.9546666666666668,3.027684450149536,3.5475893020629883,True,6c92f017a55d40e3,4ae7032dfdb9dc5f2fd4630511d7ea5b5f9b4dfe356f7b6fcf8701bc08eb95bd,3.5475893020629883,processed,opentts_tetiana
2.376,3.263889789581299,3.306077718734741,False,bf443762b49ae701,3d6a11b9899c2ebf83d200320b0b2ff3094e1bace72b6f76a29e2174800a33c1,3.306077718734741,processed,opentts_tetiana
2.504,2.7963461875915527,3.50087571144104,True,7b166b9d0dc1973a,e6a8faf6271847789a7d331c15069a618fc7c6da3dc75d319c64ebf72aadd2ca,3.50087571144104,processed,opentts_tetiana
2.2586666666666666,2.7405388355255127,3.0372326374053955,False,5416fd85919c0a15,5a781810d9a398e8dd54035026426846bb0186d0545d903974720ba7de351ff5,3.0372326374053955,processed,opentts_tetiana
2.2693333333333334,3.351811170578003,3.0915884971618652,False,fee4ee249024ec1e,f38f65b45561cdc7b773abf5d5c6fc5483e95cd308d6aa7b98c78e284e3163bc,3.351811170578003,normalized_original,opentts_tetiana
2.184,3.5780551433563232,3.54036283493042,True,db66d78beb3f1e12,a0dcddf3072ce65251713387761bc5368cb6611aad4732aac9d0ce026901f059,3.5780551433563232,normalized_original,opentts_tetiana
2.632,3.4838929176330566,3.6720454692840576,True,a4d20c904d039c3c,2ec0ce606b794b726b6a3e74abec5149f3fd1cf1c6372ecdb4bf34f029a14140,3.6720454692840576,processed,opentts_tetiana
3.9013333333333335,3.394803047180176,3.6224772930145264,True,e1efaab5dc0d3951,35220c89ab4e64f945d57b359da70bc93cc7093ab046248b468e239c1f40d983,3.6224772930145264,processed,opentts_tetiana
5.725333333333333,3.0216383934020996,3.701521635055542,True,459946afe3d52514,7e367e17c03f9fd40f17fcb2befcea462829112f1c8a4d06060f220edc094df2,3.701521635055542,processed,opentts_tetiana
5.874666666666666,3.357008934020996,3.4628641605377197,False,3ff7e27f7339a49d,85c2dfd78d2d5b2b798b06e4cdbccfdf8a8be2ec5de3bf66d15f0e6bbd7c7257,3.4628641605377197,processed,opentts_tetiana
3.208,3.5133728981018066,3.5202767848968506,True,499279273b190180,dd92ecb1edfa5c5430a8bfe494c6a965422747326f85a61e2566fce1fc465020,3.5202767848968506,processed,opentts_tetiana
4.434666666666667,3.721022367477417,3.2544872760772705,True,61fc9fdf75d88c36,6fedc702251948e511b8661874f382c3c0e72fc088600844f0eff0b32e5d2479,3.721022367477417,normalized_original,opentts_tetiana
5.970666666666666,3.7652933597564697,3.3278110027313232,True,b64ca386085e5daa,89ef2ffa8f6aea3e93ef1066ba05c2d6c97ad957ecc10f88c0c48d8850ad3847,3.7652933597564697,normalized_original,opentts_tetiana
6.173333333333333,3.842817783355713,3.8586130142211914,True,946d8018677820ed,bce2ca665be71f78e429ef7ddcde2a4130e66f2b48d015802aa69359e980f95b,3.8586130142211914,processed,opentts_tetiana
4.434666666666667,3.562879800796509,3.9425406455993652,True,859e40bc01bb7b75,2d6c01436e8591af99cfcd9c37a1377172c2d0f530e9fe05eb4e22dab17ef996,3.9425406455993652,processed,opentts_tetiana
4.1466666666666665,3.788241386413574,3.6265790462493896,True,68193da121bd8ff3,522c411115a69c494f3b654c47face3bc5d8ca475eec110037345c08a151c1d0,3.788241386413574,normalized_original,opentts_tetiana
2.8666666666666667,3.235856771469116,3.6904263496398926,True,8295344a595567ca,03072733676c6bae3d354258b420e2cb49b4ae11ddaf8910365ded17feb7fb2f,3.6904263496398926,processed,opentts_tetiana
3.848,3.3586366176605225,3.785710334777832,True,9e2468dbf1c72078,a6d87be64d8401415df2a2000c827de4b65df78dfa7848db08aa5375ae124c06,3.785710334777832,processed,opentts_tetiana
5.298666666666667,3.287592887878418,3.157395362854004,False,6097f5f5350b6e17,5b147be863dc4cbf929f761abbcd2f54d386404848bcc1c929d28d2f2f3c9fad,3.287592887878418,normalized_original,opentts_tetiana
3.336,3.2530689239501953,3.1195108890533447,False,e9238b21c870beaa,6c8e53f501c242c3739827ef6a2a57ba0863ea068541431203bd84ee8c8f2c2e,3.2530689239501953,normalized_original,opentts_tetiana
2.7706666666666666,3.511993169784546,3.364320755004883,True,9379781954c6f1d8,92631e0eef960977ffc27a036a3410d532a161e66c4b647dd913f361cab16391,3.511993169784546,normalized_original,opentts_tetiana
2.184,3.320422887802124,3.4716689586639404,False,2a3c80b50e3009f0,d88c21457516cdec26c517220425bcc27b0716d3bba12e800a3b09227b2a3c62,3.4716689586639404,processed,opentts_tetiana
2.888,3.3329880237579346,3.259087562561035,False,8604fdddfe4c48dd,63d2ea33d23aeee47c384d09da7e48f181a3b6c31262c14ff283bd446d3f38fc,3.3329880237579346,normalized_original,opentts_tetiana
4.210666666666667,3.054800271987915,3.087181806564331,False,69d1cc2407bc6c03,c884646b1fcde0a74cc0b5bb4e58d321d06b92d63e829c4faaa7d86e26b852cd,3.087181806564331,processed,opentts_tetiana
5.437333333333333,3.1607134342193604,3.6457202434539795,True,0143eb9645fe77e0,8002d43aa693cf3fb0725746ddd569c3bdcdcb75c8dcac27fb74fc5513c48b70,3.6457202434539795,processed,opentts_tetiana
4.957333333333334,4.063433647155762,3.3833770751953125,True,1b7ca199d0cb0e62,5f573f22fd9c536671b75fa6793679f0e0f27a9385f9c0178c048c16a0d0c0f5,4.063433647155762,normalized_original,opentts_tetiana
3.6773333333333333,3.7980902194976807,3.8412628173828125,True,89ae889a44d5c4a2,fc1de1e61f0cc2ce5dfaba969df0f5eb78a7cd5b923380e0e6cd96e8fd71dbcf,3.8412628173828125,processed,opentts_tetiana
5.042666666666666,3.457063913345337,3.87227463722229,True,193ee9ae8fe3bbfb,976e0b0a12a0fcfd4668ac773e90e486d048c8deadd1bdf738a510f58b648393,3.87227463722229,processed,opentts_tetiana
3.3573333333333335,3.251173257827759,3.332206964492798,False,02749462d9239370,64feadbccdb09ea4ba3f8da2f8578915992bc0c96a4a7f8615cd960e139b2bc8,3.332206964492798,processed,opentts_tetiana
3.2613333333333334,2.7485342025756836,2.557973861694336,False,19050e6fd81455e8,666896c5d1c77361622ec997011e03aa3c7ad35ade701125109d23e9d3fda663,2.7485342025756836,normalized_original,opentts_tetiana
3.1013333333333333,3.6528267860412598,3.505242109298706,True,c1b469d85d055d45,9e6bbc12999747d3cd999e6612db10ec6c834e0e36679a9ebca2204db20c2886,3.6528267860412598,normalized_original,opentts_tetiana
8.192,3.4320733547210693,3.031890630722046,False,1e1b5cdab1a0dcfd,4c4f2192090f5ca7a1a1d6d0e4c8f261b4441a687b4f8a084edd7a687e8f7617,3.4320733547210693,normalized_original,opentts_tetiana
2.2053333333333334,3.3483052253723145,3.388303756713867,False,e116b5fec3fc501a,2bbe5cd99a14d7269a3bcc6f88c683ef22a712a712d2124ac8972620c2331e96,3.388303756713867,processed,opentts_tetiana
2.1093333333333333,3.716975212097168,3.761476755142212,True,e8ecb91a8db5f101,128f07485927a83db39891c1e7daef593d4300af9bae93aca1278cdfbd3a9706,3.761476755142212,processed,opentts_tetiana
2.888,2.699561357498169,2.861952543258667,False,1c1b3c40bdff7da4,6ec711673c25b575d41d1c5533b291065a35f4a6f1ed901f135b891d067d599f,2.861952543258667,processed,opentts_tetiana
5.896,3.5161492824554443,3.4197747707366943,True,989d0e13d74863b2,26dac635325121d89b2f44a909074dbe16670c9cfab664433120a4e5a8493672,3.5161492824554443,normalized_original,opentts_tetiana
2.973333333333333,3.0683982372283936,3.26973295211792,False,f6d754017472b88b,cb266344350c43a42db04acdb76934a1f101450893683c129b40542ac31cd076,3.26973295211792,processed,opentts_tetiana
3.1546666666666665,3.295515298843384,3.036958694458008,False,b3539b2152304982,2a635ed99225d612ae8048f33eeb91e3b75757dba2a39fa45ec5a3c8a556fbd0,3.295515298843384,normalized_original,opentts_tetiana
4.765333333333333,3.2931582927703857,3.4138591289520264,False,bcbc8ecf63883fb5,f6ec20305d2af4ed489e899df1582498b52ac5352624af9c90685acb90a9cf9a,3.4138591289520264,processed,opentts_tetiana
3.272,3.531491756439209,3.24263072013855,True,52633a8fe28a5f7e,7d24d37e02ea41b98a80996787f1357195603b3f196647d9426caad59edba7be,3.531491756439209,normalized_original,opentts_tetiana
3.474666666666667,3.477750062942505,3.569514751434326,True,248453bd3d5bc9d6,7970c21a5ba3c27f44a9984ec11738410a7cdc088b5120e8066a6b61a04c68d7,3.569514751434326,processed,opentts_tetiana
3.7733333333333334,3.3898732662200928,3.6762895584106445,True,6c1b26cdb98675eb,5a7890d1273f73246af555b1f83b015928f51e2e0eb7523675b4427a6a48d3d1,3.6762895584106445,processed,opentts_tetiana
5.672,3.1761605739593506,3.4703385829925537,False,cd37b0cdc57fb83a,b914fa82885475bd58ecbfb17c3120b0f3b37a077371cd8d21f44d4ea9f43cf9,3.4703385829925537,processed,opentts_tetiana
4.1146666666666665,3.6563377380371094,3.745290756225586,True,56b3dcf62366b901,eebdb43028ed7c48cae76fe8901221005de5c6396a2c0b8e2c2d1caef9244097,3.745290756225586,processed,opentts_tetiana
4.722666666666667,3.447239637374878,3.862227201461792,True,5567c17d1664afde,856512309bfbf40e30a2907e4c25f6e72947294b55b9100403ce68807c42ce9f,3.862227201461792,processed,opentts_tetiana
3.56,3.3706138134002686,3.3355114459991455,False,42e09cdd9bd73577,a7a2390f480c40695a79f2ad3245ed332f63c64bbfa451949d34d2d640569e3f,3.3706138134002686,normalized_original,opentts_tetiana
3.933333333333333,3.753948211669922,3.69155216217041,True,93a34b9e6a293a63,fd99b2dc79819da6b6fd5ae6075285307907907567a9a8d20cbde4e955eff088,3.753948211669922,normalized_original,opentts_tetiana
4.562666666666667,3.172135829925537,3.634282112121582,True,a436afe8019dd6e6,80f01f7e19f4f39e8ffc26abc292b7e98d66d11ceb97328a0422dfc9681fd395,3.634282112121582,processed,opentts_tetiana
2.2586666666666666,3.173551321029663,3.0601704120635986,False,5d09e242043295b6,f22d9c534c2150189cdf5884d60492c93dc945c3c80b6dbd33b5950bb7205f86,3.173551321029663,normalized_original,opentts_tetiana
3.656,3.3855082988739014,3.237152099609375,False,8b41685a32cf90a7,e666c57696d6c9225c545231ab4e9a409a8c62b36ccc306ba862580115097331,3.3855082988739014,normalized_original,opentts_tetiana
3.464,3.461308717727661,3.477525472640991,False,91240b7e497809fb,93e208d2f2b4985557afdeafd534085d75279e063c306ee9241eda1da7c45422,3.477525472640991,processed,opentts_tetiana
3.517333333333333,3.21905255317688,3.259202003479004,False,0e2d7d05aa72dde7,bf8ffb6a1b22aa4605228c4cc1453418183974ebc988f155e5301f6d6a216a8c,3.259202003479004,processed,opentts_tetiana
2.3013333333333335,3.579028844833374,3.4689197540283203,True,a8406d897e716af5,5a1c448fcce4b05406d7ab424138db02ad5fe6ff87dd463e4612dcff70b49d50,3.579028844833374,normalized_original,opentts_tetiana
3.24,2.889796018600464,3.3047683238983154,False,77b50dee243d0c2d,fa83a4b450f574950b29fffdcefe6689a6a1cae87ddb7af9a3e9d7f62f20241b,3.3047683238983154,processed,opentts_tetiana
3.752,3.8753020763397217,3.4299519062042236,True,dd0092ad2a86266e,951700a62d60b3366443dccc26bbc11c7fcff986b8403be49cdac9d3dc92017a,3.8753020763397217,normalized_original,opentts_tetiana
4.317333333333333,3.0237245559692383,3.2471723556518555,False,76df0f4029032371,956ac2310512044b4f2a91401cbd7c31a2806c820414e170b8ff6dbf2ecd0498,3.2471723556518555,processed,opentts_tetiana
3.7733333333333334,2.8590521812438965,3.432241201400757,False,3262642bc54e60b2,bc3eb96a5727435b20911acff2f349b9c9fb95c21417a02768551567a90c4b8d,3.432241201400757,processed,opentts_tetiana
3.1653333333333333,3.2825963497161865,3.5095837116241455,True,f0f1e00645a9ae0c,ffdc6229277da59266820dd4bce89c248c25bdd0f7c1928dbd463ed7d0ad65b9,3.5095837116241455,processed,opentts_tetiana
2.696,3.473973512649536,3.4029746055603027,False,6b7e760c05f10343,629b8271080c2d65e46d85ba09417d0a6994580c8528af85da73824ae85bed75,3.473973512649536,normalized_original,opentts_tetiana
4.274666666666667,3.495950698852539,3.600306510925293,True,3212b7cac1a07f62,f797fa2c53759a80e14af6943ee3c4aa5dd5c9d2f9c46188abe157d07b5e2f4d,3.600306510925293,processed,opentts_tetiana
4.573333333333333,3.32414174079895,3.2287709712982178,False,ddb4b0992794a754,9ca8babe8e8d203218dfde33d04ebbeb934576873519cd044bc53e10330653c3,3.32414174079895,normalized_original,opentts_tetiana
5.1386666666666665,2.956169843673706,3.5147783756256104,True,5fc38e14b23a74a7,f545f62d78b077482ea9410898162ff9f63587ee20cd6884c5d6219ee56fd3f6,3.5147783756256104,processed,opentts_tetiana
3.112,2.86767578125,3.2794065475463867,False,e726cd177b517677,59211c541c4bec53788020c995709d8a4e105475adf113609ce75a4239bea6fa,3.2794065475463867,processed,opentts_tetiana
3.421333333333333,3.6841721534729004,3.616109609603882,True,d15f0fed2f188d89,b0d810a76974d5225abd650b212d86910742c243aad33eac30dc2cbb59f2ac34,3.6841721534729004,normalized_original,opentts_tetiana
4.317333333333333,3.048720598220825,3.754145860671997,True,c3a5d2ccdd8f047d,79f75c1349fc2aa72e87735e7fc186520d5e19b130d69f9da2e714703f41b613,3.754145860671997,processed,opentts_tetiana
5.757333333333333,3.3636085987091064,3.717674732208252,True,c6dad82b12822296,8ce7cb21cf3008991c6c966f06e0b5442d4cacc9938d70854f5779b3db958de5,3.717674732208252,processed,opentts_tetiana
3.058666666666667,2.7850165367126465,2.9798190593719482,False,d92a7ba054aef551,cbea19419d7bc13a63653e6d90cad941b6457077d9335153b01dca1a3854b508,2.9798190593719482,processed,opentts_tetiana
5.757333333333333,3.6454713344573975,3.382511615753174,True,404e82ff92d09c49,5857957e10f19a9f1dad1e615709c8de0e5c92bc492fcc81187e7ee4d4265a14,3.6454713344573975,normalized_original,opentts_tetiana
2.344,2.7459161281585693,3.3224868774414062,False,928ef336870c1d95,8d923b89a6341a0add2befc5509eda7679948e1e1dcb48e88890827183dd34ae,3.3224868774414062,processed,opentts_tetiana
5.298666666666667,3.4105045795440674,3.255741596221924,False,320ccf7987bbf476,9461db10aca5b158f1197cc15c096ea1955585dc7885dad61c6d75bccad6786b,3.4105045795440674,normalized_original,opentts_tetiana
6.301333333333333,3.713510751724243,3.8678455352783203,True,d63cfac7a758aa49,f790a1f8eee2d610acbd1835ec0c3d67527cbe57efdd41825148d2f987ad5d08,3.8678455352783203,processed,opentts_tetiana
3.8693333333333335,2.9904067516326904,3.3247697353363037,False,6eecc0d6fd16d1ba,176f98c0bdea259ab62659f92ab4d31e7b66083c12bfce7536dbadb0c4abf5da,3.3247697353363037,processed,opentts_tetiana
2.664,2.8384323120117188,3.1365232467651367,False,fabd7d8790334054,c932569e1a2ce096bcf4404ee4a4b8525a3c0ac3f797b9eb1af6e6d6bbfafc7d,3.1365232467651367,processed,opentts_tetiana
4.189333333333333,3.157057523727417,3.339914321899414,False,27c7bdd1a2d0ea4d,00e799505017701916a3316ed6b2e2780353dc83716e8383e84c3bb6db77fa64,3.339914321899414,processed,opentts_tetiana
3.2293333333333334,2.7883806228637695,3.316627025604248,False,f950c22fb87d55d6,263590d0d1249dfe7f9ba5eecc52e6d61b05cfdee94664daa7ec925e2cc23d7f,3.316627025604248,processed,opentts_tetiana
3.506666666666667,3.431690216064453,3.298691511154175,False,dda6c4b2479d2318,b5799ef35667986eae911547d8dc4ae04dc93d001866d05c70e0de6fed45a35d,3.431690216064453,normalized_original,opentts_tetiana
2.6426666666666665,2.8515617847442627,3.2524783611297607,False,1ddfcc4fb227a7e9,037fd81bbb9d3e61dc646b58d0bf11c30fab9fdd7c16a6031e9171f76a32b8b5,3.2524783611297607,processed,opentts_tetiana
4.445333333333333,3.6905884742736816,3.6830363273620605,True,642a0b4005aa2e95,6ea697456bf466bfb1f8a499de7274f00749159f3e033aeeb69ecc97cce9b301,3.6905884742736816,normalized_original,opentts_tetiana
4.125333333333334,3.1138644218444824,2.797895669937134,False,53094efed47fb1df,623feacdc47ff362aa7b0ddb2685bc60d2afb8a6e7c2a8c8ff87f693a9c51ff7,3.1138644218444824,normalized_original,opentts_tetiana
2.92,3.6285488605499268,3.6933929920196533,True,8f871c64da1f9b76,9d488847a6b3e44d85599bbaf5f0a49a6a0246f573bc230fab5e8a5c9ff22613,3.6933929920196533,processed,opentts_tetiana
4.914666666666666,3.2101452350616455,3.6226491928100586,True,32cc8406425d69b5,fb719a4831ecb8b4457f3f5e68ef5384c47bf30248bc45e16c4e27ed8311f417,3.6226491928100586,processed,opentts_tetiana
2.3546666666666667,3.0196950435638428,3.641911506652832,True,436fd629fef8f0ae,1a0ded510cdcb8067540febf3015979726b8a70307b0293d786056acf02befba,3.641911506652832,processed,opentts_tetiana
2.514666666666667,3.167353391647339,3.447014093399048,False,135ed3c3ae5837f8,b5c41c3ff56200bf125412b64d9a36dcca331eeeaf08f8e241d6bcd04f56595c,3.447014093399048,processed,opentts_tetiana
5.128,3.416416883468628,3.736391544342041,True,b60ea5a3487fd1ae,51bf5a60ad9b069d7733d49e5702b8e29b087941345b7e2e691b1fdf26cdb4d4,3.736391544342041,processed,opentts_tetiana
2.1413333333333333,3.467406749725342,3.0751912593841553,False,720ee61b33ce69b4,336cc0b80d5d3e5be1a34c51966b3cbeff8f7203507b629e1a202e71cc040a03,3.467406749725342,normalized_original,opentts_tetiana
6.738666666666667,3.428239345550537,3.2876603603363037,False,4c9f5813ca9056a2,92962288ac655f8c0b26448ef622195a7e3984e8dffb2bbef814af977f1f3efa,3.428239345550537,normalized_original,opentts_tetiana
4.84,3.1867237091064453,3.0758984088897705,False,8679673b1593264e,9c0d17d93b395257d85ce1c2592b77c5f7d6c0c8887490983fc4df552f035e7c,3.1867237091064453,normalized_original,opentts_tetiana
2.3546666666666667,2.9354865550994873,3.067166566848755,False,2731484c2e7f95be,6cbd10f745ce60919089d64115144b43543e15294a945c1b565df1a89ba20866,3.067166566848755,processed,opentts_tetiana
5.8,4.273876190185547,3.5001373291015625,True,ad6b911003f52646,5c6a8fc21c4fd3ed40879b630b7f1c33e0bc12d99f26b38e09389c6d376f68ef,4.273876190185547,normalized_original,opentts_tetiana
2.6,3.591752767562866,3.4405972957611084,True,7f676601dcced195,1cb8686c7261f5e71150b72e326bc17d1dcfddfb360bf15bfae44a9945389a2a,3.591752767562866,normalized_original,opentts_tetiana
2.1733333333333333,3.353207588195801,3.5979702472686768,True,378359aa39452278,ced88c537aed9a61c6459f3066cc1021d81d0aecb14a45fe19b513a2bc069e20,3.5979702472686768,processed,opentts_tetiana
3.1013333333333333,2.2585294246673584,2.788029670715332,False,59ade686dfc9f541,e4ba8cfe5642f5b3cc2c699fe0d0b716fd77e685afa9e753aa31857d020633aa,2.788029670715332,processed,tg_voices_uk
3.8213333333333335,3.548375368118286,3.1341845989227295,True,5a30e97954c5364f,6ee80ab317bc4e8470c3ace1ee5e785c5476376201f2442f7e34f56171f6d30e,3.548375368118286,normalized_original,tg_voices_uk
4.701333333333333,2.6413793563842773,3.353665828704834,False,4ba9fb21ee3f5893,69f6c70225da3fe9b0fdb5dceba6041356a6558243daba8af8b20f6229c59d11,3.353665828704834,processed,tg_voices_uk
2.3735,3.1842916011810303,3.189204692840576,False,2c82d3133d9b1bf7,c2c2a830153deef7d765384e01212fb61ae37668854c0fa75173f023affa3bc5,3.189204692840576,processed,tg_voices_uk
4.1335,2.480290174484253,3.7235803604125977,True,ae14f41f9aeea63a,0436a627c6c4a86046e833ce2bb77fe018a7c034252605d446d63e8b7a0fb15b,3.7235803604125977,processed,tg_voices_uk
3.3735,2.817474365234375,3.044276237487793,False,3060dfb5ad8622fe,f72a6a4a4ebc17ab91e4091820046c89448e88936676545b45ea069f29fdc116,3.044276237487793,processed,tg_voices_uk
4.552,3.0482726097106934,3.3410463333129883,False,437115bddff90aac,ed713cacdc24021e3b8020a29a7ba3ffe721a149cb14f878bf04af80a71447dd,3.3410463333129883,processed,tg_voices_uk
5.7135,2.910170555114746,3.268063545227051,False,2bf8f4ca350a8335,cd124612ee1e9cf2b9ef5d2dc091334a56ddfbbe5594befa0230284f814c943f,3.268063545227051,processed,tg_voices_uk
12.2335,2.8651702404022217,3.4778311252593994,False,ae2089eb986e145a,030ae9de0d47ccf563409f464cf858c11417cceb8441a32c36444474f7fc6291,3.4778311252593994,processed,tg_voices_uk
8.690666666666667,2.717296838760376,2.458270311355591,False,201c870f2e07fc7a,d6907227b355305d679f0a0a8a2c42d0ce8a5b34f97fc99198c969128fe0499a,2.717296838760376,normalized_original,tg_voices_uk
2.884,2.9913549423217773,3.074552297592163,False,1573392baf542b95,b610e981b853db573cea5c5ca69add77172a8668f566b1eb55b6979b81e2544c,3.074552297592163,processed,tg_voices_uk
2.489333333333333,3.433812141418457,3.162090301513672,False,a343c3b60397f081,6c608a742ef76d1e87057add34e87ddf4c2575d0e1496509a2ff57d7c7834349,3.433812141418457,normalized_original,tg_voices_uk
5.22,2.990405797958374,3.0236170291900635,False,dd4dfdc4d7d9cd0c,158e74e8c487075cb428bf9c658aa8c905d9709a02ea6d6d691d7e04b4158db6,3.0236170291900635,processed,tg_voices_uk
8.004,2.6076061725616455,3.1637985706329346,False,453f4ba9b461f99f,29b439fcc188fa1c60a9d12cf538c190e448eccc9fd55427a794a082a6e257f8,3.1637985706329346,processed,tg_voices_uk
2.5935,2.4347777366638184,3.71417236328125,True,8f9bd30121a7c414,f4fc7fb235c4523e2dedf9c6e2abf4cf90f2b5d90c8d90aff1f55c6878c7ed52,3.71417236328125,processed,tg_voices_uk
4.1786666666666665,2.6876373291015625,3.921107769012451,True,55126c0808de1dca,f4bf0ce571339300b590d8c048193e7c4256f17f58f4121e4ee42345cf05b13d,3.921107769012451,processed,tg_voices_uk
5.356166666666667,2.9640111923217773,3.522068500518799,True,1f5c4d9d94584166,ec7d373617edce6b3576d785d7b0772f77025afd0d0a9da2fa6c576de4fd105d,3.522068500518799,processed,tg_voices_uk
2.6746666666666665,3.2503902912139893,3.2193448543548584,False,7e635aa19e714fce,6762163912d534a468c8e911175467916822ee63a366ce56d00df723acf76b6d,3.2503902912139893,normalized_original,tg_voices_uk
4.3773333333333335,2.667755126953125,3.6353039741516113,True,8430672c813e7b8f,92ff4e0d1b39e58a2c6aed1e32969f0f5ef08b681acebe842ebf1a8267e0dfc1,3.6353039741516113,processed,tg_voices_uk
2.472,2.1308014392852783,2.957542657852173,False,7d520c9452cdfc46,384658b3543870cc8fac28df6889659317d27a66569aa3984ac2e52ea7e25894,2.957542657852173,processed,tg_voices_uk
3.4135,3.9094793796539307,3.1333553791046143,True,3e685b190ba45f40,90d4e893a399d9f10b573d4a530e2fe3046865a4674e548d0ca58c5fdb9d78ea,3.9094793796539307,normalized_original,tg_voices_uk
3.474666666666667,2.196930170059204,3.406257390975952,False,0da85bf49f563322,24b2a3ac355ea16695bf4d32a70fa9eaab04c7a2b8d0507736772eb61899765c,3.406257390975952,processed,tg_voices_uk
3.1801666666666666,3.1861417293548584,2.951730251312256,False,7771c2336bd98b36,e2f8465f3250ac3d265dd612995c415a92a253c659a65b54e52a2dee2ca8e256,3.1861417293548584,normalized_original,tg_voices_uk
3.0335,3.600146532058716,3.2684736251831055,True,80d1e80731f94de5,4060759d1a1935de79e738b8957473991206bac735d8bb54998f3b1894f7b6b4,3.600146532058716,normalized_original,tg_voices_uk
3.8053333333333335,2.923595905303955,3.299290180206299,False,55de86debdfa6538,172fd61554d3a271452e70eb26c236a545b2a7d28e2f2ad1d440ac1f4d2c1539,3.299290180206299,processed,tg_voices_uk
2.0668333333333333,2.9614856243133545,2.636582136154175,False,92161c225505cef3,ce2a8da2b65556953cd3ff0bb43ba9c9223f0bc452a001ef3a6f3b5e9d71559b,2.9614856243133545,normalized_original,tg_voices_uk
3.001333333333333,3.136800765991211,3.074418544769287,False,c32331f6933db117,156b29c91ca81bfbb4bb67ed0a71afcfe11891624c29bcb697923673f98c8943,3.136800765991211,normalized_original,tg_voices_uk
2.4466666666666668,3.4253313541412354,3.506612777709961,True,dff69328d8d33467,8b4d844d3442048137773d018175c7448861d87aeb1ae75b2bcdee8f08b91190,3.506612777709961,processed,tg_voices_uk
4.232166666666667,2.590271234512329,3.253854990005493,False,b077e47d42dcdaa2,150f299bff972803db3ec9f52c76e2f27b9d29591b452f195c832612eefcc693,3.253854990005493,processed,tg_voices_uk
2.9935,2.291517972946167,2.3370745182037354,False,e9b78993f1c0e88e,84355dc49cc2e300c374cd66d683d9e3e2401132fdcd6f70cb0d0a6f911bc48d,2.3370745182037354,processed,tg_voices_uk
2.2906666666666666,3.3391146659851074,3.684943437576294,True,7849f87d6989d8de,0a2eafd3a95a6e861207cc16adfada5ef628c107c3f2182d58b4b1b1f7454d3c,3.684943437576294,processed,tg_voices_uk
2.5853333333333333,2.5434775352478027,2.9268696308135986,False,ac936925e682db33,5fa3e84cf9eec00d824d79b9eb8f541fa92a176bfbfa8ce9813b424bb78565e6,2.9268696308135986,processed,tg_voices_uk
6.4535,1.9955940246582031,3.553821563720703,True,f8d46eb306eedb2a,b1f304fe88ccfc41be796e46c8855345af4432639fe7d44d9a20caacaff5fb3c,3.553821563720703,processed,tg_voices_uk
2.3135,2.655280590057373,3.555283308029175,True,99dfde6bbdae21df,8cc4fe28c8ff69a433a744aae84faae7c39079cf558edc03c0ac9cb05af40a4d,3.555283308029175,processed,tg_voices_uk
5.6735,2.5414845943450928,3.00168514251709,False,e63ca37142e403df,c53572f0aab2289f850f5d4a7a9b48e9b7fcd6b1cefd22291c985645af427496,3.00168514251709,processed,tg_voices_uk
7.5735,2.658292531967163,3.187148332595825,False,3459e9ecf4a5ab88,2231c03257215a5ae51527f61372eabeda8b40f62374af30a09a03fcfbf7bfc4,3.187148332595825,processed,tg_voices_uk
5.225333333333333,3.4051737785339355,3.4010040760040283,False,5ef8bb577dfc820f,027e508e16950b64fbe124513bedcc6dc0369e5ae40b496221a2a364a6fe408c,3.4051737785339355,normalized_original,tg_voices_uk
3.6093333333333333,2.95004940032959,2.8186771869659424,False,4f17bca587d2ff0d,5878aca6936ed1c78c26bd9adf3e39f10926e3183897829e2073bd58ae94c2e0,2.95004940032959,normalized_original,tg_voices_uk
3.8441666666666667,2.893002510070801,3.125333547592163,False,4d7b9e5933acc2cc,36326b452414d953a9344d2ff1bd347634dc867466b49d4ee1289f860a8ff42f,3.125333547592163,processed,tg_voices_uk
2.062666666666667,2.3972461223602295,3.238182306289673,False,d0f08e189a6a5ff2,d9306155874f0c37667c19030e028bfd3d2cb92859eac785d0f91b8c9c8d6b96,3.238182306289673,processed,tg_voices_uk
5.9535,3.935042381286621,3.723356008529663,True,35e7a78e78b39a8a,eb6d1cf78328ac70591b9a88a9579a9c59e311be1e18347fed36d9b89d3d793e,3.935042381286621,normalized_original,tg_voices_uk
3.3735,2.757798194885254,3.0706534385681152,False,a8dc57ce6c88a19d,6d26ddf20fc87c6139a46d1e23da05bfe5c94eaf1501c299137b6cbf6349974b,3.0706534385681152,processed,tg_voices_uk
2.8295,3.2189784049987793,3.588259220123291,True,942dc23a4f307676,9645cc5223afe166fdee0aeb656717d7daccdaa9065408d6815d89eba50a1ad1,3.588259220123291,processed,tg_voices_uk
3.6946666666666665,3.773317575454712,3.0691163539886475,True,9ad058e84a7cee1a,0bdf12627a7b9c821d206700388bb61e56169c7050da09c988146bddc2feeb87,3.773317575454712,normalized_original,tg_voices_uk
2.7335,2.5243773460388184,3.611116647720337,True,34109ff078e8ebbc,8a4b8ed2df9263f80589718612cc243b08a1248595ed57985784323ab672be2f,3.611116647720337,processed,tg_voices_uk
7.602666666666667,2.7576792240142822,3.0231332778930664,False,9a834c7b2a4361d9,e09382c36a38c8b60e8970104fe169093aedf249f4af2efcd25e7749f6d1ce21,3.0231332778930664,processed,tg_voices_uk
2.493333333333333,2.416995048522949,3.315826177597046,False,8c76532e76531c31,372d0bd17bbdd454586eb62c9434388ece0b332aad7e023a0a9d0dfb33ade0a3,3.315826177597046,processed,tg_voices_uk
3.3135,2.990156888961792,3.0064408779144287,False,0f11cf153c9d4cf0,1ca7b2f70243f07fa21b2e5b66e5d397a69f6e962ba0f09859ca89511dc6b37f,3.0064408779144287,processed,tg_voices_uk
2.4735,2.903604030609131,3.28206205368042,False,e1304f2e88eab378,7c6fcce3877851860b6f4de80f7813d32da210320ed1703516f1d9859a3be2ad,3.28206205368042,processed,tg_voices_uk
7.7335,3.118455171585083,3.8302156925201416,True,49a0f944677d8954,465b5e361b562ced1d4cf63b228ef92f5bda7db502c0d993839d4521f557aed7,3.8302156925201416,processed,tg_voices_uk
4.2135,2.8597238063812256,3.050187349319458,False,f82c3035011a7926,b79ecd3bb4220cdf16b405fb75a6f340eb86f404fa436ce8b9323164b1dfd339,3.050187349319458,processed,tg_voices_uk
2.5335,2.2653920650482178,3.502533197402954,True,c3843c5f27f25bc9,fe06747613e0e56aae5802ef576d1794e2a18294350456299c73a6de185b4699,3.502533197402954,processed,tg_voices_uk
8.4335,2.324279308319092,3.4127838611602783,False,20b69eec04f09874,1440d17b745b0af2a7b9929ce696bcd133e406c2210f262a6dc4e3ffd5306a4e,3.4127838611602783,processed,tg_voices_uk
2.002666666666667,4.999700546264648,3.9204277992248535,True,416b4bec03137c4c,a5436b59d06ad81408cbcc1ea181be898c63464419ff5399f824d6790d7b94ed,4.999700546264648,normalized_original,tg_voices_uk
4.7935,2.499321222305298,2.8324832916259766,False,2e6bf590e008cf51,03b8d8145f56ba0fd19a712143874f09aa0b867d3d03c7d8a43bcc46a931b37b,2.8324832916259766,processed,tg_voices_uk
3.6361666666666665,2.8289170265197754,3.4338912963867188,False,d3754eb4100330cb,0c94c39c2b5fb516120f7840d6f2ae431db023d9067d033d3e6f46d757d97645,3.4338912963867188,processed,tg_voices_uk
5.086833333333334,2.5803139209747314,2.982578754425049,False,827fe93c88e27b5b,0f4cb515ad664d80980fd897c9457b1b26ad3eda8f6a436f4fd37ed5a53a8ef2,2.982578754425049,processed,tg_voices_uk
2.7453333333333334,3.2519116401672363,2.964588165283203,False,86a39f7f2712239b,11cf5f633d86002e1e443d1f84944a332912d8df9d1183a008c711373084e845,3.2519116401672363,normalized_original,tg_voices_uk
8.0735,3.120694160461426,3.7662839889526367,True,568b4a5c107767da,123692b9944737615169ad738fb623c63c114842a5b1d3a05448a69a6639e0c9,3.7662839889526367,processed,tg_voices_uk
2.3721666666666668,2.151945114135742,3.304241895675659,False,69241b4e5656715f,87bd15fe5540c15c9034b36595c0b9ae301dadebd90c8950fb2d13245a6eafdd,3.304241895675659,processed,tg_voices_uk
2.1413333333333333,2.17924427986145,2.8951542377471924,False,803122a38c01d1fb,84e3b5ba7611b8c580c59a5ec64d7c64703908de3f201b0f1176ed82ff9e0eab,2.8951542377471924,processed,tg_voices_uk
2.9135,2.4987146854400635,2.8059256076812744,False,e8ae32ee9004fd33,8984a6e3e543698ff68ddaf27e33acd254519b0d406c9506e724f3fa0d6fbf56,2.8059256076812744,processed,tg_voices_uk
4.9735,3.1108031272888184,3.5602145195007324,True,27789ef0611f2091,bdc04429c7eaeae60c6133301738f7bcc268ffcad5d333202001db983594d07c,3.5602145195007324,processed,tg_voices_uk
5.732,2.759033203125,2.9933643341064453,False,88bd598f008ff157,f4424e623e274a11dd4b78b9e1a9d193fce6a12d9ea37c72a3797dae245b2013,2.9933643341064453,processed,tg_voices_uk
4.944166666666667,2.772672653198242,3.703838586807251,True,f823e7681f9fe225,bdc5cd3141569bab8e2b2a5e8a4a4bae726c843a817aca2b95e5d663bccc8c88,3.703838586807251,processed,tg_voices_uk
4.3935,2.639925003051758,2.983062744140625,False,62cc7bd36f68a298,5fee47c3839eeab7f402b554285b94aedbedaeface50ffd48f58a3fd7e777e2e,2.983062744140625,processed,tg_voices_uk
5.48,3.001753807067871,3.1512768268585205,False,2f3cba8d9f5c9c25,f89d667502611bd1174f481fff6a067f02e587f95ba6254721e6ef7574c44d9e,3.1512768268585205,processed,tg_voices_uk
2.030666666666667,3.205691337585449,3.079655170440674,False,a38f4072312baa2e,49a8670cd554f278626dd06d1dec15f1ab6d461285991bb4edd1e1d38d7bd2b6,3.205691337585449,normalized_original,tg_voices_uk
2.3935,2.9405980110168457,2.8660755157470703,False,9f0cc5c4c74e219b,f40fb8a10ec6659f43e6057409e2d5e24a370544365dce62c23b018169a692ea,2.9405980110168457,normalized_original,tg_voices_uk
2.0135,3.408097982406616,3.493297815322876,False,31ece5d3b9b634c7,899235ad607df1e5ddd5b11d3335446bc7f7ae53004d10b72f786ee04e349983,3.493297815322876,processed,tg_voices_uk
2.009333333333333,2.671588659286499,2.9992265701293945,False,448c7cee04bfa8cd,9e544306ff7883b291742c2cb4d6cf3382089989b0e5e2bdd2b3d2f10f31c6f3,2.9992265701293945,processed,tg_voices_uk
5.2575,3.1408796310424805,3.3045780658721924,False,593b1c8c69e1b8ce,16443e86e0cbe075af159b76100eac22f032dd44f1b753a30413a2f66c78d7fd,3.3045780658721924,processed,tg_voices_uk
7.2735,2.6494219303131104,3.441636085510254,False,51d1c15b3e70b3a4,65391c8c9b00aed83dc6f6cf1db79df61e65a3919e708cc85a05f9709fdb1cae,3.441636085510254,processed,tg_voices_uk
2.4146666666666667,2.7043633460998535,2.416720151901245,False,bfba3cb5e21bbd3a,94b7edc5d81cccd3e943543ccc9f04f75955185d2ed8e089290bec269f39c842,2.7043633460998535,normalized_original,tg_voices_uk
5.6535,2.3451011180877686,3.1263203620910645,False,962c90bf6df6db11,31a23058ba77ad0806dd7c4de374f5b3a6a11ed9d7fb7ba8d04780b736fab03a,3.1263203620910645,processed,tg_voices_uk
2.1413333333333333,3.301347017288208,3.6612751483917236,True,4a499ff6ee15bc09,5149c71513a8807180a2dee56ea152d991ff3fa8f84518d1bbcbc2e69726f8c7,3.6612751483917236,processed,tg_voices_uk
5.4735,2.3132171630859375,2.9313931465148926,False,1bb191727cf865aa,4de869ff4202c6fe38f0a761fbb89b37280a97f3201e604fd33dee1455d260fa,2.9313931465148926,processed,tg_voices_uk
4.978666666666666,3.5094854831695557,3.5620739459991455,True,7afbfeda4a1943d5,46403165d787f054c1a973f80ef5a1c0c8433dfc4d8c9442b937c082cd734ffc,3.5620739459991455,processed,tg_voices_uk
2.12,3.326416254043579,3.1385557651519775,False,5b3899af8f752319,53a089e1dffd8dac39a099af565c0bda39d78696c4d44d5cada83881cf15c4d0,3.326416254043579,normalized_original,tg_voices_uk
7.3335,3.6035878658294678,2.9632575511932373,True,6e233d493552ff0e,3156a43242535c163815e976a533a57f1adc767156bfdfb24e2e0f2e15d95431,3.6035878658294678,normalized_original,tg_voices_uk
3.5935,3.16434645652771,3.5608127117156982,True,874ee0fbe04650eb,bd1cf5c24245e3fffafa17c6ed49a32aed4aa10599b788ebfdc53f24d72bd743,3.5608127117156982,processed,tg_voices_uk
2.4146666666666667,2.643812656402588,2.7895052433013916,False,a65b7736466b6639,b79197a0ef11d84d4c814ad15b1fcd59ddf58712e12da168bb1aabc436a172a5,2.7895052433013916,processed,tg_voices_uk
2.28,3.223005771636963,2.9036715030670166,False,71c2601a98290420,a7b999414149d758d77ebbb8c090c7c76d2c5c0bcfb21699e8e8ea64a55897cb,3.223005771636963,normalized_original,tg_voices_uk
8.0535,2.91841197013855,3.708209276199341,True,ee1bcfca55685f89,22a224278550a7077de9fa1176be89b7cdf7e36fad23aada58e1b8a3f494846c,3.708209276199341,processed,tg_voices_uk
4.274666666666667,2.7434427738189697,3.0469226837158203,False,688ca135f008a4bb,3933609e02915d822dd32bbde39385aa22b3a686c3fa7db99751eb53562a7e84,3.0469226837158203,processed,tg_voices_uk
7.982666666666667,2.679737091064453,3.311289072036743,False,3dce096c4a44842f,5e2df29a0c0d86104b6c85c08e5e7dda2d7a6228d1fb49a08e9baacd8caa094e,3.311289072036743,processed,tg_voices_uk
2.4335,3.0252442359924316,3.332149028778076,False,f6175f23c57e2bd0,6d70ca241ef5d5d4044a516c16cf893da7224d04c6ac71fdcec6ce43ae83fa31,3.332149028778076,processed,tg_voices_uk
4.466833333333334,3.11055064201355,3.703134536743164,True,fae330cef3ec5625,9c90abfd24aec0dd7d7a2a0028dfcaa6af1bc3fd7c8ddd5b82660fab097ad373,3.703134536743164,processed,tg_voices_uk
2.6826666666666665,3.153090000152588,3.700507879257202,True,68560aaf280b0585,acab4ed5e026000c36bb70cd61dbdcf0108b4efbd75a2a190b4428313ff5bf0c,3.700507879257202,processed,tg_voices_uk
2.5853333333333333,2.510378360748291,3.405768394470215,False,4558986978112bdc,e9837f5e8a8103443ea80ec5ba2fcb5a27d7d8d9264f1b06af6dba5d63b987b8,3.405768394470215,processed,tg_voices_uk
3.364,2.7378969192504883,2.9343318939208984,False,015ce2877dca09b6,d291f93c771b68706fdcc50e320be9ee68c82dcf443e92d53cbfe0d635af8dce,2.9343318939208984,processed,tg_voices_uk
2.0535,2.7189953327178955,3.515394926071167,True,0494a2a8da2ae831,9e0cc639b8be3da066b1fb8c47c5709da6d4932f183523b0f4b619022220bfc0,3.515394926071167,processed,tg_voices_uk
3.208,3.0941977500915527,2.960742235183716,False,1d1a2eb127fef6c1,3fb5f2668a3112f3e216e21f32f3b7560d8bb2aa4aef74d8e9c46fb9cb39e8e4,3.0941977500915527,normalized_original,tg_voices_uk
2.973333333333333,2.5809895992279053,3.033618927001953,False,b1147de288dda47b,2248cd5e9a2965873a22f9d4614a6a4a21e77e2991215bdfb947e72d796d0ba4,3.033618927001953,processed,tg_voices_uk
2.3135,3.132662534713745,3.0395524501800537,False,c5bc392fbdf84ad7,cf86dfe856a8b9434bb4df5a0f13b553fc727e59752ae6a14516c5b596c07aa7,3.132662534713745,normalized_original,tg_voices_uk
6.632,2.797187566757202,3.314828395843506,False,91e27cdcc0bb2033,19a20f0b4585ee4c710086bc333bb2f256f99dbb764f860949bf2906219e6933,3.314828395843506,processed,tg_voices_uk
2.4186666666666667,3.045642375946045,2.527006149291992,False,ad387df59a236c45,550350cdaa7c2aa981f0f5733ba130a7d07331626b2c1324f8e901ab5523f4ca,3.045642375946045,normalized_original,tg_voices_uk
2.013333333333333,3.216999053955078,3.4423046112060547,False,69a34776de65ca8e,c61d6f7a767ef2392ad6d4086a33effed5630491dee00f37b358da1dd9c0831b,3.4423046112060547,processed,tg_voices_uk
2.8135,2.9739887714385986,3.1361162662506104,False,34a7195683ba3c42,f48077c46b990c7d0366581d4f6d03a321270a850f2c361e099d3e47becbd79a,3.1361162662506104,processed,tg_voices_uk
2.1053333333333333,3.5099966526031494,3.1915762424468994,True,b1b5312393f01c46,5ad8cbe59eaec8db5a63860421b5ad8b5fec130e32595c4ef44fdb6d6bbd096d,3.5099966526031494,normalized_original,tg_voices_uk
2.95525,2.496616840362549,2.7481529712677,False,3d266a831e90d335,bbe859646a699032e8c9d01316395c475ae00e8effbc50fc7c1e07bd0b078ce1,2.7481529712677,processed,ua_ser
2.803625,3.0470104217529297,3.06230092048645,False,9f745e229d10784b,048caed6c025c25f0aae9b877f063b400d0c35095f975c0272c4731a60ec78a9,3.06230092048645,processed,ua_ser
2.304,2.2202415466308594,2.654374837875366,False,a78886575d348f74,9a0e2f41d41751c0d2798d0bce684f199850d46476a67cb9e6c3f363e64c7a11,2.654374837875366,processed,ua_ser
2.742,1.9429683685302734,3.0724198818206787,False,b4ee8d66216948ee,d89be539846744b7d339f0e30f8ba45aed352d18790440bedd9c06c217d37fa4,3.0724198818206787,processed,ua_ser
2.3027083333333334,2.2304935455322266,3.1499292850494385,False,18087c3a908cfea9,093acb13fab92a35b36ffefe035303edd3097cada1ef3c9db31d919568d52206,3.1499292850494385,processed,ua_ser
4.336833333333334,3.4219980239868164,3.068336248397827,False,836387254fd4ca1a,4391b4fb998360b9a7eb5ec3d5c2f652f3151c991ddd41eba8b2ea743e6bf426,3.4219980239868164,normalized_original,ua_ser
2.548,2.7955515384674072,3.0844779014587402,False,0593e655648ddfad,532cb706a5f319d86e348a8bb61641c71d4b0716a3829c91c52c8b8cc8cd6b87,3.0844779014587402,processed,ua_ser
3.67875,3.013472557067871,3.3520917892456055,False,ca4f931206a8a29c,8aa0aeb2c48d7b64ccb33cf5323118ec1211b28c53f7644d92cb47b66c1b12b1,3.3520917892456055,processed,ua_ser
3.20625,2.561866044998169,3.3390965461730957,False,a86527ce460d5853,7ab3bd7f8b64a094c84238dedabaf91939f2f7e7d6ed5e25dccab979d8c97695,3.3390965461730957,processed,ua_ser
3.3453333333333335,2.305320978164673,3.076430320739746,False,d34fe67295b53ab3,48dfc531a7b075603dd816bcabf12fdbc593f7ad83c8ea33fb9a0e86136772ab,3.076430320739746,processed,ua_ser
2.28125,2.3895528316497803,2.8165600299835205,False,6781c55f86ce67a0,9aa66ab4dd130e516d65d000061d3c86dfa2440bef7a19d59f33ad9d7d6bc9a3,2.8165600299835205,processed,ua_ser
2.818,2.949226140975952,2.9805045127868652,False,9abe21701d8300f2,21b592b3115305269c4b2ffa48e945f90d69370bef5b9fc66760976a0cbf31a6,2.9805045127868652,processed,ua_ser
2.59375,2.825206756591797,3.3731677532196045,False,5bdc248dbac9a5b6,f2f28736c9b48f817aaf1725be01d537b8e43b07d967b79a5e08fc638514f8b8,3.3731677532196045,processed,ua_ser
2.0248333333333335,2.511697769165039,2.659687042236328,False,70a9b8589969bf9e,1b2cc2715d886e6bdc4f041077408b9498eb6e8cb45267a0dc98adb04ea9e4ae,2.659687042236328,processed,ua_ser
3.072,2.138718605041504,2.8794031143188477,False,ef6f31ec38e2ba31,62beee9c9377f816d60534597fda186728428492d877b54d85c7171903860ca3,2.8794031143188477,processed,ua_ser
2.51525,2.572118043899536,2.7717018127441406,False,58b5f26093b11b52,a3819b83d95b7f5342958646a90a49edf42d308316f35e85437986e81f56e804,2.7717018127441406,processed,ua_ser
2.18,2.505479574203491,2.462193012237549,False,aac5ba3d4c7f0b02,f6600982e973eaeffc4280a7238dd2efe5c5a800f948b5e1509345919aa75bdf,2.505479574203491,normalized_original,ua_ser
4.0244583333333335,2.5455353260040283,3.38637375831604,False,58eee0eb0e5d10fd,bc4922afb748ba107822f9b4d588300d18312f498cdc9b46be52878e9a20ad41,3.38637375831604,processed,ua_ser
3.1017083333333333,2.8119747638702393,3.649561643600464,True,3114b59a1dddc877,40d4a1255139bcf10929e981de6a21b57604234b1b529562e39c0b9f33d922f3,3.649561643600464,processed,ua_ser
2.432,1.864689826965332,2.938494920730591,False,d5dd48a9b47cae15,e0fe9a8df4172dd8f27abb8a2523cc01888a6a8e61a8d362910b8b50c81e9ee7,2.938494920730591,processed,ua_ser
2.180625,2.2197494506835938,2.890255928039551,False,0782b89dc09f07ca,92d98a3ddbb89afe99e004b3dc535982c59e04e0507d11ed46261845b5f7f061,2.890255928039551,processed,ua_ser
2.55425,2.110673189163208,2.596331834793091,False,4fa0c8aa9fbd58a8,438eae49e7e347dff229f402cc7ba8a291b61bf47f0d4cc24449a1a1b6c1929e,2.596331834793091,processed,ua_ser
2.432,2.5619845390319824,3.1482086181640625,False,7ca79417ff847026,3f08d1d0211e6155e0d970fa97ae9adbca32db22e9a148c7cde8b519d46ff547,3.1482086181640625,processed,ua_ser
2.514,2.7743353843688965,2.565776824951172,False,9b49305c687397b4,08a7ad088c8fb659dd96f18b90a18b89ffc83e3b63a8b90fdd7e5243b03844f0,2.7743353843688965,normalized_original,ua_ser
2.581875,2.659520149230957,3.5009071826934814,True,c0ff44009f1d582b,dd0b9ae60858a976b414ce99fd735ddac5438795ea2ad88a107a069ff2c50e69,3.5009071826934814,processed,ua_ser
3.416875,2.4179439544677734,2.9459280967712402,False,bd8ee5e7d31ae146,a2c0b292c795f6381496a6e84296bf5fc9a9b43f131d04b23294b2b0d2bae032,2.9459280967712402,processed,ua_ser
2.6319583333333334,1.8201446533203125,3.083693265914917,False,e4ea07bd6ff3d635,a4d0ce43ae28fb549098aee5b97ee8244eb57b914abab06e03ab6d59e7b859d9,3.083693265914917,processed,ua_ser
2.153875,2.428520679473877,3.086357831954956,False,8bc611ba615a4311,deca6d7c82807db85b33e508521b0482424a663891a4119fc6f651574a47e3d4,3.086357831954956,processed,ua_ser
2.3625,2.8167965412139893,3.1556735038757324,False,e333b6260ad8a588,6dc6d975df882a1c35e9d9bf9927bd43cd668ae82f33dffa0b6b7cc1d896570d,3.1556735038757324,processed,ua_ser
2.8015,3.179034948348999,3.298203945159912,False,7d10601c621333fb,68d9709e19ae9adbdbe3888ecf4d43912a0c18806dbb02e22645b5d0f879661b,3.298203945159912,processed,ua_ser
2.548125,2.097292900085449,2.101386308670044,False,43d91fefabe96223,1c9cbbaa97629c11abb750b8fcfe1e9f4d2268563221e97e1c8d723d6ff86684,2.101386308670044,processed,ua_ser
2.33525,2.504420757293701,3.2489562034606934,False,b22923f08cac12d4,b381b4919ad7b05beeb2d343d71799183547aec1f95ed74ed317c34a47c5c276,3.2489562034606934,processed,ua_ser
2.271333333333333,1.5067071914672852,2.6028199195861816,False,5b6269d4fed7ccdd,b212fd742b9dff94756fabeb38a79933b49d979149d932358ffc5c1548d3bd4b,2.6028199195861816,processed,ua_ser
2.311875,2.511436939239502,2.967087984085083,False,a70ab834f6ce953d,d5e057a0467264456399702c696d85558a75d9cfccfbf2474ebbb7d72332849c,2.967087984085083,processed,ua_ser
3.00375,3.047250986099243,2.7989039421081543,False,541577e82eaed72c,53142a2a4eab65ad8aaad2f12279d9c5aa4a660288b86337a682506e7138d138,3.047250986099243,normalized_original,ua_ser
4.471875,2.7845139503479004,3.0194435119628906,False,d39f374b06904f0f,b101ca68a433d13f789355852117d0a07c3f14ca35341c72af88408888db24d6,3.0194435119628906,processed,ua_ser
2.343958333333333,3.221036911010742,3.500889778137207,True,19ffee07e35a6234,a9b0b6c0582ce5365eb8f4e62ca2841a8b22181255f2bc3c9415619dd121fa6a,3.500889778137207,processed,ua_ser
2.6632083333333334,2.4936740398406982,2.6704349517822266,False,3ec62c9173577600,3f04037d2b5482d16cfe3de2b2ef30a75551a3cc0bd1739a11bd04b0197b30f2,2.6704349517822266,processed,ua_ser
2.316125,2.7661330699920654,2.1045587062835693,False,757812da0cf15f8e,8313f0e6d63976b9f3f6939609a00bb3da575a0a50d01869721c620ea2cb32c8,2.7661330699920654,normalized_original,ua_ser
2.433333333333333,2.0807337760925293,2.7584848403930664,False,04c4c7dc06b94da8,ef94fb223d40be7355f0e1d653087d3f3ce20a72c9b22780226fc1d2a383df2e,2.7584848403930664,processed,ua_ser
2.3,2.351613998413086,2.792051315307617,False,e801b3f088696656,d81d11f313f2c1b9bbfa40c3bd47cb41e6dbf904b1b9285b1fdb7f000d1c7879,2.792051315307617,processed,ua_ser
2.784375,1.7069792747497559,2.862966299057007,False,15b2d2eaa7874652,1cea10bde9d3e7249d596b80b2f8b68acc88242a37112dd30324801cc1083df1,2.862966299057007,processed,ua_ser
2.176,2.4029598236083984,2.536205530166626,False,695662ccff496a1d,5032cc9d1b89d70a4b7b036232c25ebc76959bf6f9300409d42b6c1a189cab07,2.536205530166626,processed,ua_ser
2.148625,2.679598808288574,2.8171133995056152,False,b906c61e2ad5a262,be9784861aa04384b6e50d8b932876edf281853660607054a97aba0d3eb8dee1,2.8171133995056152,processed,ua_ser
4.251333333333333,2.5368034839630127,3.350499391555786,False,0ef7f42f655f2a11,44f1c0db551c54627063ee3240275d0c7891ff1700f8ccdb41e181213261447a,3.350499391555786,processed,ua_ser
3.0973333333333333,2.7102928161621094,2.6930835247039795,False,00d2f52a40fc6586,8c8fadff80eae32f77e5b8ec2a1c2c0a7d1a05c0efe6829baa60b3e3397bcb83,2.7102928161621094,normalized_original,ua_ser
2.581875,2.8981456756591797,3.2005534172058105,False,568dab3a2129f2cf,be8c49299bd1376f56c78a9c5cae14d32aaa2ca1aadaee70754812bfaec63fb4,3.2005534172058105,processed,ua_ser
2.162125,2.4210102558135986,3.025832414627075,False,2d9cbb4700b84c4a,0775671d7dad465f7140c6c7b9a3b9817c5e55d4f5240d6d2a1462c6125fd8b7,3.025832414627075,processed,ua_ser
2.325083333333333,2.4458260536193848,3.1751723289489746,False,93864d5cb7bd8791,3aeb39a511a27da9b5705f33e26a3c7ac51eac01caa58c7140031d3d56ed8157,3.1751723289489746,processed,ua_ser
2.4538333333333333,2.2387778759002686,1.7946522235870361,False,7f35bf53f2cbccc0,a8d352dd28dca31049a109ef010a63d2f39f0570f7019918d033d5b375551e0d,2.2387778759002686,normalized_original,ua_ser
2.210625,1.4664804935455322,3.1091248989105225,False,2b5a0a4398f05eb9,0004d87932230940d7fb168897dce2fd90b4d9a59fd57604b68c8a490a6f937c,3.1091248989105225,processed,ua_ser
2.3190833333333334,1.6220035552978516,2.897590160369873,False,6c5a196b3a1dcb26,ac2b2bdc7bed33385cbad6db48faab10502d43bae9e9fb2e54143f3db7c2a70d,2.897590160369873,processed,ua_ser
2.6518333333333333,2.3849575519561768,3.6996161937713623,True,f7753b7ddb38c36d,01605b87a5050d955dcbdae9f509d57ea3c2bd0ca326acf3258476e5f442c330,3.6996161937713623,processed,ua_ser
2.185208333333333,1.9236133098602295,2.8770573139190674,False,a602cf7755b3964f,41d3e2927f377732d94f5d9963a845d2436199701f9871c2c3921e8e16277d51,2.8770573139190674,processed,ua_ser
2.7855,3.2430737018585205,3.555680274963379,True,47dc0a795c5ad36f,9652ef1b23fbbf6df6b79e5d8df1774dcce0b44ad37de705fd7a08eebf24a0ff,3.555680274963379,processed,ua_ser
3.27375,2.7744064331054688,2.888528347015381,False,74e1ee12f1f05863,29f7e5026e8727ba08f37dbf2e1861fa856966f1b3d1541069b7b0141586e0e5,2.888528347015381,processed,ua_ser
3.4662083333333333,2.4782071113586426,3.9131970405578613,True,e57fa4bf7f28ac8d,041fbcbc9d617f79f27f0ac1f650e55bd6c5020976f8ec96ae0641bc2bcd36b1,3.9131970405578613,processed,ua_ser
2.03,1.305112600326538,3.7358038425445557,True,ff3f4fed8815497a,5119e9c29ca3c6321a5dfc742132a8895bb9cb8f06ab545f5721451354acd94a,3.7358038425445557,processed,ua_ser
2.378458333333333,2.912372589111328,2.4483745098114014,False,1f4aff1ea7c9e835,27c9e4b8a3291e4b332ef42694280a1c220ee1bc42bbf398b172c14dbaaeb18b,2.912372589111328,normalized_original,ua_ser
3.0407083333333333,2.7853775024414062,2.993800163269043,False,53c06bfa319664c0,b92beb2c2451438541e76f73a201dfded4974ca6485a416026ecb5c5a7b7024a,2.993800163269043,processed,ua_ser
2.531,2.108717918395996,2.9655275344848633,False,57872d6abf3e8e0a,cfed6fd56ff6d8ce4b84382be876a6e6423aac9c711140684988a6934dfc82bd,2.9655275344848633,processed,ua_ser
2.2492083333333333,2.25588321685791,1.96000337600708,False,32aaf7503b6cd3df,5426736813853421e767ccce8abe394f4184c8ec29c651abd0c89c8f7a6c1603,2.25588321685791,normalized_original,ua_ser
2.097,1.5244126319885254,2.776110887527466,False,8a11f9741aa8e2f1,b07a6ff774b62de4fb196b8b6418148a94ebdf84867af9e5c2d9a1dfce1dbd76,2.776110887527466,processed,ua_ser
2.2,2.0289368629455566,3.236056089401245,False,fa3f4e9b373fa1f7,53af83b76f21b5eeace03700fbf7751c8614e43e997eae7a3678fe020cb9a3cc,3.236056089401245,processed,ua_ser
2.432,2.6714117527008057,3.1592137813568115,False,28420ad22b688e99,0df8cd1f824977f120c29ff12094f3a8a38bc446e9c63a7eb988cf3fb93d81de,3.1592137813568115,processed,ua_ser
2.037625,2.216507911682129,2.298464059829712,False,729cc5141afe01f8,b4a2dcebc2dd3d002c1888057f8d67e8f90220890ee1e2d0166b11985bad231c,2.298464059829712,processed,ua_ser
2.749125,2.1130218505859375,2.7940618991851807,False,6d16d28a433f5eed,a84f31c6b343df817128da7c14cde6db5dfd72b22883dc024e958257fcc29d4d,2.7940618991851807,processed,ua_ser
2.176,2.7812044620513916,3.0311293601989746,False,01ffd913ca35a85a,90338e52f865cf2529477b0accd33a3182dc5bd07736d9f2974d88bcf5619128,3.0311293601989746,processed,ua_ser
3.2,1.9719798564910889,2.6737027168273926,False,01acdc595005cacc,9fd2916aefb279fcfe2f0680250c147d5e7dec3bf734115707219e70f0c4cd62,2.6737027168273926,processed,ua_ser
2.377,1.8577861785888672,2.4750843048095703,False,c3d00b149ec47080,b7a57cfd429d88aeb776d69e346341698b19a9e424b2ff94e33304f34f6c5318,2.4750843048095703,processed,ua_ser
2.432,2.0739219188690186,3.008784055709839,False,edf503cc844ba0d3,58e6e7c87125d556c200d83d8132405555b7ef4daec9af3a2bb981e881b9c55e,3.008784055709839,processed,ua_ser
2.6489583333333333,2.2921535968780518,2.736737012863159,False,87d83788cc6a7e28,fa80ae7e1cf528505128aa157e1a37e47360f12c2e67ca674e15510fce83a350,2.736737012863159,processed,ua_ser
2.56,1.9296526908874512,3.0359928607940674,False,509bccd5148742ca,a0aa89740afa2ab3c32cfb64240e13bf98dbaafb0bddda6782e96b316e94da2c,3.0359928607940674,processed,ua_ser
4.9275,2.9596495628356934,3.0301387310028076,False,2b49bc0c5d89e67a,adf0be44f39b366535e40a3f60f8f538e53fbbc23c665a2dda9ec002c3680ad2,3.0301387310028076,processed,ua_ser
2.548,3.073270797729492,3.570868968963623,True,a6213b90c70f0ff3,c5f52edb231b763a22072c078f1056eaf689bb273d6c68c8062aa549dfa0aa2a,3.570868968963623,processed,ua_ser
3.07125,2.2304904460906982,3.079713821411133,False,1331cdba582b5a20,d470983fb33408d0a230fb3ea97603eff13604cc13322c9979942913a02f00e0,3.079713821411133,processed,ua_ser
2.0,1.8799798488616943,2.162752389907837,False,9359e4f30d603a21,5d50000c2c22288ecb6d36b485d4b647575dbd53095510d8a872282d012ee0b3,2.162752389907837,processed,ua_ser
2.986875,2.137099266052246,3.8126776218414307,True,679966d55e8e6024,5958303cdeb708e0963691b300750ebc6da3466e18bf9e9cd94b708172395d92,3.8126776218414307,processed,ua_ser
3.2335833333333333,3.0576279163360596,3.6471705436706543,True,966bcf69ce24929e,938f8b150c6f1bffef946db1795e94b6bf6781870df04a01559e5ca6e5e3386d,3.6471705436706543,processed,ua_ser
2.81975,1.8901393413543701,3.4473414421081543,False,157355cf2bf9948d,4d04d29302515fe0f9d04261308c8f8174479834f44df361eec3a4f79c305abe,3.4473414421081543,processed,ua_ser
2.716875,2.760338068008423,3.2675583362579346,False,05376696eff3f338,97ed695f00fe14d3c7b4ee5085b1d5acb21a7460ad2fc934ba33c529fe61647b,3.2675583362579346,processed,ua_ser
2.0925,2.7161970138549805,3.401399850845337,False,a9c3ed1fe6845469,8a55b8b86295e6a69b715026dbbab39b8d25e505ca903e59f2029eca93ed5a54,3.401399850845337,processed,ua_ser
2.59025,2.6768898963928223,2.7697200775146484,False,b529b739bf077d08,3fcf1cbce6b02bcccff20d781d6f279e9034cf92c35cd61e19537ce7fd3449bc,2.7697200775146484,processed,ua_ser
2.26125,2.455772876739502,2.8739395141601562,False,d68511dc1fc2bdcb,66b991af01feeac154971e12d9507c60b3a961e5e7aecef1d6bd15b53fc0a23f,2.8739395141601562,processed,ua_ser
2.716875,2.369381904602051,3.179811477661133,False,69310569deb34f07,c90af137a89015883e2a442dab401f651b6c076bf330a4280b7e3b41579088c1,3.179811477661133,processed,ua_ser
2.688,1.3837854862213135,3.118549108505249,False,852b72f0266145ba,0f81e6ec2039116792ea97aeae64ecfa704afacc5bd645a1fb543e7232203260,3.118549108505249,processed,ua_ser
3.8,2.1589818000793457,3.119795560836792,False,60a290aaf923919a,f1e218f9ac461793830d7daa67c033feca0d226c43a938a3e105c26249b8363f,3.119795560836792,processed,ua_ser
3.54375,2.2862982749938965,3.194866895675659,False,b5d1f05c0444e84e,f1901edad4a945997653e17b7b0b45f4f2b4c88d344592085955a836b3bfc6f7,3.194866895675659,processed,ua_ser
2.3685,1.8589792251586914,2.9835526943206787,False,2a4bc72c4adcaf1f,dc71522ab26d80b1148f71d6e6c51064a78b33d5a54b4e0990c45615c0116e49,2.9835526943206787,processed,ua_ser
2.048,3.08435320854187,2.889531373977661,False,6a0b75596ff7a4da,934ae19b1c437d90150b3cadc0883d2cd6df6fa2b098858ec62dd63aa637b9b9,3.08435320854187,normalized_original,ua_ser
3.763,1.8707053661346436,2.1629717350006104,False,686bb112f920104c,f03a602c2a2825170d8e41bd12134281de6a74917da93aa6f97067426846e143,2.1629717350006104,processed,ua_ser
2.1974583333333335,1.5996992588043213,2.649430513381958,False,babb3ecc4f6decd1,93777e34791761c21b9f23eb0ba14d335d4c8dcf23af558d4e44d54c5b270083,2.649430513381958,processed,ua_ser
3.498875,2.762573003768921,3.312302589416504,False,95066237ea583bc3,6529905a7af348e5c1744704e877bd341d7096d465d0a406abd8cefc9e6a4f02,3.312302589416504,processed,ua_ser
2.77625,2.8082025051116943,3.125128746032715,False,0c528ab86210ee04,3c671c4f19e3c0f81433bc8aa25acb3d767d2aa934cdc6c1ed723e3453571371,3.125128746032715,processed,ua_ser
2.3550833333333334,1.6447293758392334,2.9987850189208984,False,caea7fd720cfc08e,72a45e516533a3d985e7be2c9d90955e8465be367d6644908277e0ab20b9492c,2.9987850189208984,processed,ua_ser
2.176,2.8915462493896484,2.9945359230041504,False,d02b08892d93f141,6bd159dbde7114a903918dec7b7b003bf6ac62f5bd1240dc9255a35e5e131ff8,2.9945359230041504,processed,ua_ser
2.048,2.462172031402588,2.7483389377593994,False,993fa09da2be2867,39b898724f56dae9c3113de61b619e83cdde3872dcfce5aa1ccf7cefa405a93f,2.7483389377593994,processed,ua_ser
2.3625,2.620973587036133,2.365029811859131,False,79c7278ac03ee9f0,390c5b0ddb086e74d60a975fb2c8c73af8b1a2c0489bc5e7a33a40bb6ff882fc,2.620973587036133,normalized_original,ua_ser
2.5295,2.405627727508545,3.0648984909057617,False,5b18ec06d2865d22,00ba9b788254f2e35ac90628c44fc7e60dba72fc98eebc394167af48cfbec20c,3.0648984909057617,processed,ua_ser
2.919375,2.9786159992218018,3.4222373962402344,False,7b37a173fad7b143,b254faf82871975651331db9cbdfd689139463819c5706a6e190ac991462990f,3.4222373962402344,processed,ua_ser
2.27,2.157846450805664,3.0850346088409424,False,a73071d89696b39a,84742967d0242135b6e9d07ae49f28e041d9c24533875910bc53ebcc801968c6,3.0850346088409424,processed,ukr_dialects
10.176,3.438014030456543,3.446812152862549,False,0d903a219416e592,f9287bd18b4a00250ed0116ef4b331e174fb934a9034d33478cad49682bedf1f,3.446812152862549,processed,ukr_dialects
6.41,2.5091443061828613,3.697197914123535,True,a237faa0e9bc87dd,969228411f1edcc68d9fbf7faa8ac3506eaf1754fa71f7f402a8e106c0014fb9,3.697197914123535,processed,ukr_dialects
15.616,3.1334376335144043,3.282201051712036,False,54eeef47799137c1,70a5abf2998dbc874e8b139d2da8ede8284cd2e58ebd0e30a8eee8b398628ca3,3.282201051712036,processed,ukr_dialects
4.224,2.8142030239105225,2.9732918739318848,False,9bab0aa3a629938d,ef9664c2dddb16a0681c63fac67174ebabb48489b66caa7db81da1c23dcaa673,2.9732918739318848,processed,ukr_dialects
5.883666666666667,2.7127249240875244,2.899322271347046,False,41159136ebf7f7a3,a764cbeba9f953d7ef46897f6c8853bc7508ecb618d128c238cb15c5a834e22e,2.899322271347046,processed,ukr_dialects
2.36,2.9220211505889893,2.6553473472595215,False,8e7ec197983fb8d3,b2a1ccee04ac897e0d575b3f4fda4b5773f23e43825dd57c5781799341933973,2.9220211505889893,normalized_original,ukr_dialects
5.056,2.8675591945648193,3.1269993782043457,False,7b15981516e06ca9,79081d309fd3f83b94b4c696d4ca4e7f2d226a31c570226a909c85232688974f,3.1269993782043457,processed,ukr_dialects
4.6,2.462057113647461,2.6115777492523193,False,ecccb25e97188c6c,a6df7d092d32e36dfc41b017d90de38fcc1b288484e3a44508c15d4aa0774657,2.6115777492523193,processed,ukr_dialects
6.78,2.1277236938476562,3.7106964588165283,True,2f668652e951fd93,92153c7b6df773779a1bbb22560673b3244a2c3f71ac21dca7c41a925fdf22d3,3.7106964588165283,processed,ukr_dialects
2.4466666666666668,2.3315837383270264,3.390899896621704,False,86fbe1ea16af07cd,ccb76bf4523a9e202f0e0ee181304187ead3c6005997d72542e5a339becff462,3.390899896621704,processed,ukr_dialects
15.92,2.6088459491729736,3.6469388008117676,True,242bb56bb37571ba,bb948bfae200dea1c5e19f7a9def9623372194d78d68f2f8bac0302a93a0bd5e,3.6469388008117676,processed,ukr_dialects
7.808,3.4037983417510986,3.1274702548980713,False,e50d0d4b1c00b856,ce34d6a49e8349d48dfaef94d7c04140b9b82e873f428e647cb12d195c8d8b17,3.4037983417510986,normalized_original,ukr_dialects
12.12,2.0028879642486572,3.503666639328003,True,4acb82bc34643fb8,259f4878a267e852b038771b2046e9bed6f64533bcdc2a38049271745d4c1f09,3.503666639328003,processed,ukr_dialects
4.11,2.567204475402832,2.6512205600738525,False,840ba85823240964,4e74e42e177270aa6d1e4da0215f94dba9fdc915d694197f7a22bef5d2420b7a,2.6512205600738525,processed,ukr_dialects
9.36,2.857339382171631,3.6951839923858643,True,c9d0a1f87abc187b,3c2381c9c5d95654ce1192bedf5051a75473d3773f36a2eef45981c3ba15afd1,3.6951839923858643,processed,ukr_dialects
2.1,2.6973323822021484,3.0601322650909424,False,6a64ff4852a96de3,14adc8c2c4ff0106cbb60987f3fac66cc04f9e471aea97ce8c32f155d8c7a178,3.0601322650909424,processed,ukr_dialects
19.968,3.5405189990997314,3.2662971019744873,True,558e902c5d7d46f3,ab6de4a0041aa9c6a1db66726e8792a4d3ece07b965df39d81db53e3139bea73,3.5405189990997314,normalized_original,ukr_dialects
2.92,3.1096742153167725,3.0264036655426025,False,41e58a4191de07bd,d6570338dd287766c542e86ff3189bdd3b883fc275776a71fecddd4312cd734a,3.1096742153167725,normalized_original,ukr_dialects
7.6,2.0830438137054443,3.665127992630005,True,7f3e8a5402a396c8,d08eb4bcc42cbf930a2036fcaa9cdc066cc19fbeef422a538c297e40c969b8fe,3.665127992630005,processed,ukr_dialects
5.2,2.7333850860595703,3.161792755126953,False,314b92c52c435e0b,5adea3e88c09abc54541508d5e59aee8a3ae35aae5233fe41ae3c8f043a11b54,3.161792755126953,processed,ukr_dialects
7.296,3.1610779762268066,2.929086208343506,False,29d771f7f65c7f6d,7ad34f1eed2b8fdae1a76a06a6d8b46d5d7ef75d61cc18c9787c654ca2fb3471,3.1610779762268066,normalized_original,ukr_dialects
6.66,1.5353915691375732,2.904974937438965,False,f372269ffe3275c2,eb16f5ed686c7ad703ebd9ac0a63278c219b2ca505908ffc8f4d651fb213cd37,2.904974937438965,processed,ukr_dialects
9.088,3.4448564052581787,3.4768528938293457,False,0e63f6ac4d9ba2b0,9ce91cb356fd9123eb19413f4ca00bd89e3327c15322f70bd4bcd8537374d3aa,3.4768528938293457,processed,ukr_dialects
7.35,2.3803489208221436,3.721857786178589,True,3e2faddd06d54425,d24216a68d782f66116bb6fcfbffd2d7ccdc9208a9e30e3315a460356b8909b8,3.721857786178589,processed,ukr_dialects
19.8,2.7907094955444336,3.7457125186920166,True,702561049f1f39e2,ce9ec12b3a898d4d06be94ad9b0d894077a543da0006972f8f8fa31c9c7968e5,3.7457125186920166,processed,ukr_dialects
3.31,3.485694408416748,3.7730374336242676,True,e4864d2df79bd445,103884820b24bb65aa66a963bc07070a5582f866bb251cf3ac9ce4faa915bdce,3.7730374336242676,processed,ukr_dialects
3.78,2.6212949752807617,2.248039722442627,False,9a53543d89606468,84f1335d7a0e2519c5616378e2b96b2132a831ae36b06df4a29d134db030455b,2.6212949752807617,normalized_original,ukr_dialects
10.82,3.230518102645874,3.7186248302459717,True,97c99077b7b8cd1f,5e3413c100dab2903b59f4f2ef91b14b09f4b04cdde2cb244774a911eaa8bae2,3.7186248302459717,processed,ukr_dialects
2.32,2.648869037628174,2.8379828929901123,False,9a08bccb686a9cfc,c7d8bfc0428d36bc0c32169a98220918bcd9a0c2b3543f2d263a34cd978769dd,2.8379828929901123,processed,ukr_dialects
7.069,2.993882894515991,3.4679675102233887,False,4347bf5310942834,89969c88e382c00bbe86da2f8e1ba699edeb524129c3cdf9403ba18453d542c0,3.4679675102233887,processed,ukr_dialects
4.16,2.800907611846924,2.756467342376709,False,f8bdfd7bd77fa1ce,20a2c8d1f453d67cf3a21db0928301b8530f297b592256c159d5e94b68b77ca0,2.800907611846924,normalized_original,ukr_dialects
4.53,2.442812919616699,3.501262903213501,True,822f0bcd4cb98b92,ea14349143d4a5305ce1df130488ab27c86b2ee2488815530f5cea495f22a6d2,3.501262903213501,processed,ukr_dialects
11.58,3.0655975341796875,3.390566110610962,False,296ccfb816eeed83,53b48530dbba5eb4719e72ff10bf8fbc6519ee7efbab15b247254615379d6595,3.390566110610962,processed,ukr_dialects
8.0,2.1933069229125977,2.9409866333007812,False,dadb51e263de4b43,86d79240ad16eafe3114171d78a54e5f70252b266d1035912c2615bc691e8bae,2.9409866333007812,processed,ukr_dialects
2.94,2.569463014602661,3.2037153244018555,False,c264aef7ef14b160,db124feee8667e413d7dce06a9f2c615ff386ce15af22d870a5330fb16ae92b5,3.2037153244018555,processed,ukr_dialects
8.825333333333333,3.7009642124176025,3.2780818939208984,True,ed75e77294c340d0,d054c5c00b64118671682a2aa88ba8b4da1ff7f8f1a157749ba2c5c82d453edb,3.7009642124176025,normalized_original,ukr_dialects
2.624,2.850471019744873,2.6765007972717285,False,bfe785bdf79df31a,79c5d9b523131846fa0b9a3fce770c075e1d62d34d8fb6ae0e409ada52871639,2.850471019744873,normalized_original,ukr_dialects
2.24,2.712906837463379,2.142890214920044,False,e1e1d5db68276240,be8bc0bf55e7a8237e6e2be135a7bb3a924cdf686e2c2b722cb4f8866880cd58,2.712906837463379,normalized_original,ukr_dialects
7.36,2.5094852447509766,2.862509250640869,False,6bb7fe1dda248aff,f48b1eb25c4919246607f5f539ea8de13ea9ee7db19bb73ad0e0ce3f4966f39b,2.862509250640869,processed,ukr_dialects
6.54,2.387037515640259,2.8259687423706055,False,5652df24fa209a85,2792a2bf7ce61333a305edafd9c2d6d4c20fd873f53aa4f6e022ceba7ed81657,2.8259687423706055,processed,ukr_dialects
3.7586666666666666,2.664623260498047,2.547098159790039,False,263bbe5a83c21022,54075062d495e27995bdac7cbd29dc5b977bfd847331830ea3519429a2cf354c,2.664623260498047,normalized_original,ukr_dialects
2.02,2.1795992851257324,3.088974714279175,False,8994f61724e32836,6effb3b3f0696f0f3a03a4ebac073a65b68d30c34087d978c14c077de753a6b0,3.088974714279175,processed,ukr_dialects
3.22,3.3797006607055664,3.398064136505127,False,1eb21ddca0218ac0,3e2639afbd809c71f06189965ba50b3510f43310276c86ea46c121c5854ee72e,3.398064136505127,processed,ukr_dialects
2.04,1.7960140705108643,3.3723137378692627,False,64f7dfc385fd0332,588dce5f49217ece889a798f9bc8d60caafdabffbca4f92c6bde424372de2dc2,3.3723137378692627,processed,ukr_dialects
3.391,2.5398812294006348,3.2290048599243164,False,0839ab4db381da1e,d1d2f49be5dc03443d04b880c3a2508b7163dc85a5af80d228b59896828084f1,3.2290048599243164,processed,ukr_dialects
7.616,3.35188889503479,3.2556915283203125,False,bf7fa24b56a90ac9,ab6abf376ebbc36dd1d145bfa197a38909dd9fffba431141a08541050beee82c,3.35188889503479,normalized_original,ukr_dialects
6.839,2.0560290813446045,3.5840747356414795,True,9d313dc5c2894ba2,ebd3cb63756989976ee90a8fd7c9663259970253e469441b427320fcc4b9dec0,3.5840747356414795,processed,ukr_dialects
5.5,2.3013694286346436,2.4157087802886963,False,8a3949ca3cf2196f,18315deb70c4448ced6a46ac50ff79e0123ee41592b9fa43ec4b5b24c0e61be6,2.4157087802886963,processed,ukr_dialects
3.076,3.014799118041992,3.0564427375793457,False,f22b87646ba1578f,7ccf6c299396fc9fa6f32a4a948e5c02fd69059608c813ca559f2a368a8af579,3.0564427375793457,processed,ukr_dialects
6.63,2.520825147628784,3.8951618671417236,True,694cc49500f2b87c,375253378a2ad83fb09e622474bff27444f2e096038d3df652bbee7a3bbcabc0,3.8951618671417236,processed,ukr_dialects
2.030666666666667,2.767481565475464,2.845972776412964,False,6a258d45765bd4c5,6ee84eab3ce8ebd3fe744e23b31de83c0ef2a358aeb499351426e95cc74b425a,2.845972776412964,processed,ukr_dialects
5.4,2.8869097232818604,3.11040997505188,False,4353235c5f194455,047e8bfe054a1ba283ec5548c65653a6fbfd739b52bf5e862fcd49785d20ee56,3.11040997505188,processed,ukr_dialects
4.94,2.2206223011016846,3.0772929191589355,False,154537938649b4f0,91b7838c29c78b64306adf8432f94060700855a66638085271119299dbf8a32d,3.0772929191589355,processed,ukr_dialects
8.996,2.563131809234619,2.741403818130493,False,a2da8be2193fa216,fcf57830af9df5bb5a3a8c8884f5e65f4f10adc0215233d52067a7ab86902220,2.741403818130493,processed,ukr_dialects
2.46,2.761946678161621,3.1181273460388184,False,f962b3769de914d2,0f874a95161e558be83e26804eb02d78defeaa2cecaa2450bffbc30bc2c3e356,3.1181273460388184,processed,ukr_dialects
3.62,3.276421070098877,3.0751638412475586,False,f0d2b87d5ba3b68e,dfc82f0ac1fc131a9fc07811776b0009731eea71f6321b3681c420e233212ec7,3.276421070098877,normalized_original,ukr_dialects
2.88,2.989678382873535,3.076636552810669,False,f9b84ffab9cfe5dd,418723302ea9cbebe2e8f496bceeb78dea4725ead58bd274beb4cc0945730873,3.076636552810669,processed,ukr_dialects
4.356,2.7559010982513428,2.8745133876800537,False,30942657994cb72e,8af6cbf660cc3694a01a7bf3d9ff6f8d8bc3c59ec29c2c77f0f59abc46673e2d,2.8745133876800537,processed,ukr_dialects
3.199,2.710420846939087,3.116514205932617,False,566c39695cadae26,9df3288c030b2ea55dc5dbdc9bdb4290991a5c882ba9b634e0436f988dfff761,3.116514205932617,processed,ukr_dialects
12.029,2.1099917888641357,2.986191511154175,False,c43b6871fb7abcf7,c2686cb4134f25b8ad35fef1e1a930246eff5b4ca90f58df61c169b776a95a49,2.986191511154175,processed,ukr_dialects
14.9,2.284176826477051,3.753805637359619,True,2c57b228b9d2349e,e129cec5da5be13a1ec22211ae929760ff5ccf499852be1e20d52500f41e5eb9,3.753805637359619,processed,ukr_dialects
4.22,3.4886932373046875,3.615649938583374,True,2a6e18b3e07e2956,de2427a61e34cb5a28fe0ab8f8b0c59515bb726ed13e85cf608ff11a0c239c53,3.615649938583374,processed,ukr_dialects
2.7346666666666666,2.4991848468780518,2.963527202606201,False,64326990b57264c9,0866df735007a72c0ec9fd3fdabd6b001ab24d747e513d09864ff98182ff8777,2.963527202606201,processed,ukr_dialects
7.35,3.1323323249816895,3.495303153991699,False,ab089df50f15fd9b,d8514560babb297586ca60f78be79e295cd5cd7e91b1115c30d58b0b28f8b5f7,3.495303153991699,processed,ukr_dialects
5.568,2.244889259338379,2.2517998218536377,False,258401e9b5844ceb,ec172293aeeba77a34dc0088cf570d94f0e52937a5cc5656b190cd34e1a99bab,2.2517998218536377,processed,ukr_dialects
4.526666666666666,2.4488985538482666,2.793800115585327,False,c1b3bd09e07db289,9eeaf2bcd130b664341f2da09e8190237c61e9febf63ef941be0bb0c37b506ef,2.793800115585327,processed,ukr_dialects
5.8,2.27738356590271,3.3818342685699463,False,316f532261a9d135,87c203cba45329d7deed713b2bc483aadc7e631e14315a62d0d0e4bc72f5c7a5,3.3818342685699463,processed,ukr_dialects
2.74,2.5314857959747314,2.919215202331543,False,3eaea0949e59c63c,b93043df3cc3390d63601c682e35e4d46959b7e8f563e0ea15802999b306ac88,2.919215202331543,processed,ukr_dialects
3.44,2.3652405738830566,2.8174662590026855,False,e825ef3a856b4735,1cac53f518d10bfc54a932275366d8bc490c69a730ba1128872856687ea267c2,2.8174662590026855,processed,ukr_dialects
6.34,3.009469985961914,3.1724541187286377,False,c4bd25a3e37e2f75,af0e7f91ec77d395ca92a7483b54550e85d02539116e018d68de70b555333b54,3.1724541187286377,processed,ukr_dialects
2.16,2.531644344329834,3.1882317066192627,False,626a1b5a7d4f1be6,1409f52cca0321e4ec9dd8c072f1e3a450bf41ad6789f7acb7393f3ff5e52822,3.1882317066192627,processed,ukr_dialects
2.221,2.1223769187927246,3.1799988746643066,False,0778c18cc75cdb00,b1c2cad0b9b92eaf60f9c1010a78aec07e6c2d364d42dfee53601e6c30895cae,3.1799988746643066,processed,ukr_dialects
6.26,1.6803903579711914,3.7287654876708984,True,9586770df2d8998d,7a0a18596268e9843299bdd6b6731e8ab7f222c9ff3cc8a24753a5acc3e66181,3.7287654876708984,processed,ukr_dialects
16.322666666666667,3.8597424030303955,3.4374465942382812,True,bc994a1816813eb6,cbae86e5fdddc7f3b001ec6772a71b74f7850e4466cba5faba3e8c6a31d90097,3.8597424030303955,normalized_original,ukr_dialects
5.601333333333334,2.59279203414917,3.6251697540283203,True,aabdb6483bfd2e33,15ed78807fafa951dde3c5f33bfb2a4c41ff45e4d01380a8049cea330a91b43f,3.6251697540283203,processed,ukr_dialects
7.06,2.601451873779297,3.768773317337036,True,9eb5785631635bcc,0fb44c72ae54bf16ffb21f84a06600cadc531224964e36feeed2c5da52ceb765,3.768773317337036,processed,ukr_dialects
5.76,2.7497596740722656,3.6406216621398926,True,d1aaed43c3f470c7,74cc1b2e7032fd98c816efe4e0400f657b9a4dd0bad17513467d3a8f815b46b7,3.6406216621398926,processed,ukr_dialects
2.931,2.935185432434082,3.2215144634246826,False,6fe0c19b1687d9fd,9c6ffe3cbeb4b6669e65ac1f31d53af9e22e09cf045a5fec08524ea7d47e6932,3.2215144634246826,processed,ukr_dialects
6.144,3.036961078643799,3.2834622859954834,False,ebbb475ae0b3b99d,1f45f0c1562e87908a45acc9546ce5b724aa026ea04d657f7e231b756982ee2a,3.2834622859954834,processed,ukr_dialects
2.88,2.58333158493042,2.6090621948242188,False,0b4b8c379f2776ff,7aec3616a2c142e12f2e56cb77c97acfed95a6567c2ab47399e423e8915b75cd,2.6090621948242188,processed,ukr_dialects
9.84,2.3291797637939453,2.9207358360290527,False,d493e655c444f5ff,c71e6c7a53445292bdfdc70ea19a3d86af68906120d33fb0f04b9efafe369d3d,2.9207358360290527,processed,ukr_dialects
5.0,2.8182947635650635,3.066753625869751,False,ad367fcec6fcb05a,53e35d256585482c51fc54987ec295bcc1c0ac59099a62997920ca4d4019dac2,3.066753625869751,processed,ukr_dialects
11.328,2.7613422870635986,2.9852652549743652,False,ac39b8868249abce,109c92b5a6c23a3cb93e5bd66ebe183d152b37c55ed13c2ba319c3dbe5dc3b7b,2.9852652549743652,processed,ukr_dialects
11.876,2.9128782749176025,3.1340391635894775,False,bc7742c907d24d2f,c8d218810a9c510344c432e4587fc819f2be52cef1a2e232db30ef4c35175dfc,3.1340391635894775,processed,ukr_dialects
6.71,2.3841164112091064,3.4891135692596436,False,4d7035ab3ea935bb,f4c1e00e72585d9db58a245748acee9d5a504a22aa91ee4e03b1436137abdaee,3.4891135692596436,processed,ukr_dialects
2.46,1.4314470291137695,2.898414134979248,False,1dae50f6c705d197,25d8b4b73ec5718e2b36a3583f65049cf2f603ce564629d723d148f1e0135f63,2.898414134979248,processed,ukr_dialects
10.432,2.952888011932373,3.004328966140747,False,549386c09d2fcf4a,e489a80b2c0803d3d7599ffbd7386e9475ae08593a49679c682c79e74b342005,3.004328966140747,processed,ukr_dialects
2.1466666666666665,3.0236313343048096,2.1342592239379883,False,0d5acbee36e35f4b,0d42e99b19e0703012fa597ff3122ff9ff9cdbcb59d2334075c6556f0b043b95,3.0236313343048096,normalized_original,ukr_dialects
5.1,2.758862257003784,2.8475759029388428,False,a6390ea60fa8955f,121f7164ed667a2b2a0b3955470f9622028547c409510970113573ab76704026,2.8475759029388428,processed,ukr_dialects
10.9,3.272108554840088,3.6005213260650635,True,1de226ddd11f1191,a76d850df74562b8c4f5ad2d75ba24d982be5febf088f526ec16b065b6733650,3.6005213260650635,processed,ukr_dialects
6.69,2.0631232261657715,3.422166109085083,False,04413a02ee61f031,acb6a1723df527d1fd7f4a549fde620a2d4e6e173b3a66011fa355c6ca37d5ef,3.422166109085083,processed,ukr_dialects
5.924,3.1614389419555664,3.0165109634399414,False,afb0639f8533a96a,c9eca202e212ed076add2f8f01b3d7ae4bb935e5b0b7dbe84f520c3df5febc90,3.1614389419555664,normalized_original,ukr_dialects
9.529333333333334,3.181126117706299,3.384202480316162,False,7265b848bca4d28e,e72e65272c14b8a882bb199bb4d2b0f3221ebac8ad6312cb3c8adf0e89d50022,3.384202480316162,processed,ukr_dialects
19.822666666666667,3.2535324096679688,2.887667655944824,False,2890141f6247d55f,eae3406aa8dec7b4c76a763ff76b9c389070e9b4f9d0535d3d488aaf0e3ddbbb,3.2535324096679688,normalized_original,ukr_dialects
7.45,3.17702054977417,3.4378092288970947,False,a95bca27330ef230,bd0f335d01ff952e01a19f239a1edd26fff012a643f3309dd7a2e5b32823956a,3.4378092288970947,processed,ukr_dialects
6.699,2.7623820304870605,3.267385959625244,False,858792926bd04b40,344084ca4a229f7e367cc712bddd16dd1ea100adc24626395ba81cc853de6a3b,3.267385959625244,processed,ukr_dialects
5.58,2.891197443008423,3.779881715774536,True,34298b8fbc78f285,cb2bc650bd7f7aa08637a2509f7429dca724e04157641305fa8905f21d64c432,3.779881715774536,processed,ukr_dialects
3.15,2.7071526050567627,3.164644718170166,False,5a9e8cef3dac3395,93b1b9c7af13b86edc51ce92467e5089af854164015e76eec10de7d3895ddc18,3.164644718170166,processed,ukr_dialects
11.012,3.1653056144714355,2.6802027225494385,False,b9787bd603a6f2a2,2e959099da73df7c77a128436713dc888a5252f60aaf3cfe15e5e65ba94bd163,3.1653056144714355,normalized_original,ukr_dialects
